PRT1
688
1728
4 0 5 (8192 6144 -232 ) (8192 6144 -120 ) (8192 6920 -120 ) (8192 6920 -232 ) 
4 0 3 (8192 6144 -120 ) (8192 6144 632 ) (8192 6400 632 ) (8192 6400 -120 ) 
4 0 2 (8192 6400 632 ) (8192 6920 632 ) (8192 6920 -120 ) (8192 6400 -120 ) 
4 0 1 (8192 6144 632 ) (8192 6144 -232 ) (8360 6144 -232 ) (8360 6144 632 ) 
4 1 18 (8360 5120 632 ) (8192 5120 632 ) (8192 5120 -232 ) (8360 5120 -232 ) 
4 1 14 (8192 5120 -232 ) (8192 5120 -120 ) (8192 6144 -120 ) (8192 6144 -232 ) 
4 1 13 (8192 5120 -120 ) (8192 5120 0 ) (8192 6144 0 ) (8192 6144 -120 ) 
4 1 12 (8192 5120 0 ) (8192 5120 632 ) (8192 6144 632 ) (8192 6144 0 ) 
4 2 8 (7168 6920 -120 ) (7168 6400 -120 ) (7168 6400 632 ) (7168 6920 632 ) 
4 2 6 (7168 6480 -120 ) (7168 6920 -120 ) (7976 6920 -120 ) (7976 6480 -120 ) 
4 2 5 (7976 6920 -120 ) (8192 6920 -120 ) (8192 6400 -120 ) (7976 6400 -120 ) 
4 2 4 (7680 6400 0 ) (7680 6400 632 ) (7168 6400 632 ) (7168 6400 0 ) 
4 2 3 (7680 6400 -120 ) (8192 6400 -120 ) (8192 6400 632 ) (7680 6400 632 ) 
4 3 13 (8192 6144 -120 ) (8192 6144 0 ) (7680 6144 0 ) (7680 6144 -120 ) 
4 3 12 (8192 6144 0 ) (8192 6144 632 ) (7680 6144 632 ) (7680 6144 0 ) 
4 3 5 (8192 6144 -120 ) (7976 6144 -120 ) (7976 6400 -120 ) (8192 6400 -120 ) 
4 3 4 (7680 6400 632 ) (7680 6400 0 ) (7680 6144 0 ) (7680 6144 632 ) 
4 4 12 (7680 6144 632 ) (7168 6144 632 ) (7168 6144 0 ) (7680 6144 0 ) 
4 4 9 (7168 6144 0 ) (7168 6144 632 ) (7168 6400 632 ) (7168 6400 0 ) 
4 5 14 (8192 6144 -232 ) (8192 6144 -120 ) (7976 6144 -120 ) (7976 6144 -232 ) 
4 5 7 (7976 6480 -232 ) (7976 6144 -232 ) (7976 6144 -166 ) (7976 6480 -166 ) 
4 5 6 (7976 6920 -120 ) (7976 6920 -232 ) (7976 6480 -232 ) (7976 6480 -120 ) 
4 6 10 (7168 6920 -232 ) (7168 6480 -232 ) (7168 6480 -120 ) (7168 6920 -120 ) 
4 6 7 (7168 6480 -232 ) (7976 6480 -232 ) (7976 6480 -166 ) (7168 6480 -166 ) 
4 7 15 (7168 6144 -166 ) (7168 6144 -232 ) (7976 6144 -232 ) (7976 6144 -166 ) 
4 7 11 (7168 6480 -232 ) (7168 6144 -232 ) (7168 6144 -166 ) (7168 6480 -166 ) 
4 8 46 (6144 6400 632 ) (6144 6920 632 ) (6144 6920 -120 ) (6144 6400 -120 ) 
4 8 10 (7168 6920 -120 ) (7168 6480 -120 ) (6144 6480 -120 ) (6144 6920 -120 ) 
4 8 9 (7168 6400 0 ) (7168 6400 632 ) (6144 6400 632 ) (6144 6400 0 ) 
4 9 47 (6144 6144 0 ) (6144 6144 632 ) (6144 6400 632 ) (6144 6400 0 ) 
4 9 16 (6144 6144 632 ) (6144 6144 0 ) (7168 6144 0 ) (7168 6144 632 ) 
4 10 48 (6144 6480 -120 ) (6144 6920 -120 ) (6144 6920 -232 ) (6144 6480 -232 ) 
4 10 11 (6144 6480 -232 ) (7168 6480 -232 ) (7168 6480 -166 ) (6144 6480 -166 ) 
4 11 49 (6144 6144 -232 ) (6144 6144 -166 ) (6144 6480 -166 ) (6144 6480 -232 ) 
4 11 17 (6144 6144 -166 ) (6144 6144 -232 ) (7168 6144 -232 ) (7168 6144 -166 ) 
4 12 20 (8192 5120 0 ) (8192 5120 632 ) (7168 5120 632 ) (7168 5120 0 ) 
4 12 16 (7168 6144 632 ) (7168 6144 0 ) (7168 5120 0 ) (7168 5120 632 ) 
4 12 13 (7680 6144 0 ) (8192 6144 0 ) (8192 5120 0 ) (7680 5120 0 ) 
4 13 21 (8192 5120 -120 ) (8192 5120 0 ) (7680 5120 0 ) (7680 5120 -120 ) 
4 13 14 (8192 5120 -120 ) (7976 5120 -120 ) (7976 6144 -120 ) (8192 6144 -120 ) 
4 14 22 (8192 5120 -232 ) (8192 5120 -120 ) (7976 5120 -120 ) (7976 5120 -232 ) 
4 14 15 (7976 6144 -232 ) (7976 5120 -232 ) (7976 5120 -166 ) (7976 6144 -166 ) 
4 15 23 (7168 5120 -166 ) (7168 5120 -232 ) (7976 5120 -232 ) (7976 5120 -166 ) 
4 15 17 (7168 6144 -166 ) (7168 6144 -232 ) (7168 5120 -232 ) (7168 5120 -166 ) 
4 16 54 (6144 5120 0 ) (6144 5120 632 ) (6144 6144 632 ) (6144 6144 0 ) 
4 16 24 (7168 5120 0 ) (7168 5120 632 ) (6144 5120 632 ) (6144 5120 0 ) 
4 17 55 (6144 5120 -232 ) (6144 5120 -166 ) (6144 6144 -166 ) (6144 6144 -232 ) 
4 17 25 (7168 5120 -232 ) (7168 5120 -166 ) (6144 5120 -166 ) (6144 5120 -232 ) 
4 18 22 (8192 4096 -232 ) (8192 4096 -120 ) (8192 5120 -120 ) (8192 5120 -232 ) 
4 18 21 (8192 4096 -120 ) (8192 4096 0 ) (8192 5120 0 ) (8192 5120 -120 ) 
4 18 20 (8192 4096 0 ) (8192 4096 632 ) (8192 5120 632 ) (8192 5120 0 ) 
4 18 19 (8360 4096 632 ) (8192 4096 632 ) (8192 4096 -232 ) (8360 4096 -232 ) 
4 19 32 (8360 3072 632 ) (8192 3072 632 ) (8192 3072 -232 ) (8360 3072 -232 ) 
4 19 28 (8192 3072 -232 ) (8192 3072 -120 ) (8192 4096 -120 ) (8192 4096 -232 ) 
4 19 27 (8192 3072 -120 ) (8192 3072 0 ) (8192 4096 0 ) (8192 4096 -120 ) 
4 19 26 (8192 3072 0 ) (8192 3072 632 ) (8192 4096 632 ) (8192 4096 0 ) 
4 20 26 (8192 4096 0 ) (8192 4096 632 ) (7168 4096 632 ) (7168 4096 0 ) 
4 20 24 (7168 4096 0 ) (7168 4096 632 ) (7168 5120 632 ) (7168 5120 0 ) 
4 20 21 (7680 5120 0 ) (8192 5120 0 ) (8192 4096 0 ) (7680 4096 0 ) 
4 21 27 (8192 4096 -120 ) (8192 4096 0 ) (7680 4096 0 ) (7680 4096 -120 ) 
4 21 22 (8192 4096 -120 ) (7976 4096 -120 ) (7976 5120 -120 ) (8192 5120 -120 ) 
4 22 28 (8192 4096 -232 ) (8192 4096 -120 ) (7976 4096 -120 ) (7976 4096 -232 ) 
4 22 23 (7976 5120 -232 ) (7976 4096 -232 ) (7976 4096 -166 ) (7976 5120 -166 ) 
4 23 29 (7168 4096 -166 ) (7168 4096 -232 ) (7976 4096 -232 ) (7976 4096 -166 ) 
4 23 25 (7168 4096 -232 ) (7168 4096 -166 ) (7168 5120 -166 ) (7168 5120 -232 ) 
4 24 76 (6144 4096 0 ) (6144 4096 632 ) (6144 5120 632 ) (6144 5120 0 ) 
4 24 30 (6144 4096 632 ) (6144 4096 0 ) (7168 4096 0 ) (7168 4096 632 ) 
4 25 77 (6144 4096 -232 ) (6144 4096 -166 ) (6144 5120 -166 ) (6144 5120 -232 ) 
4 25 31 (6144 4096 -166 ) (6144 4096 -232 ) (7168 4096 -232 ) (7168 4096 -166 ) 
4 26 34 (8192 3072 0 ) (8192 3072 632 ) (7168 3072 632 ) (7168 3072 0 ) 
4 26 30 (7168 4096 632 ) (7168 4096 0 ) (7168 3072 0 ) (7168 3072 632 ) 
4 26 27 (8192 3072 0 ) (7680 3072 0 ) (7680 4096 0 ) (8192 4096 0 ) 
4 27 35 (8192 3072 -120 ) (8192 3072 0 ) (7680 3072 0 ) (7680 3072 -120 ) 
4 27 28 (7976 4096 -120 ) (8192 4096 -120 ) (8192 3072 -120 ) (7976 3072 -120 ) 
4 28 36 (8192 3072 -232 ) (8192 3072 -120 ) (7976 3072 -120 ) (7976 3072 -232 ) 
4 28 29 (7976 4096 -232 ) (7976 3072 -232 ) (7976 3072 -166 ) (7976 4096 -166 ) 
4 29 37 (7168 3072 -166 ) (7168 3072 -232 ) (7976 3072 -232 ) (7976 3072 -166 ) 
4 29 31 (7168 4096 -166 ) (7168 4096 -232 ) (7168 3072 -232 ) (7168 3072 -166 ) 
4 30 80 (6144 3072 0 ) (6144 3072 632 ) (6144 4096 632 ) (6144 4096 0 ) 
4 30 38 (6144 3072 632 ) (6144 3072 0 ) (7168 3072 0 ) (7168 3072 632 ) 
4 31 81 (6144 3072 -232 ) (6144 3072 -166 ) (6144 4096 -166 ) (6144 4096 -232 ) 
4 31 39 (6144 3072 -166 ) (6144 3072 -232 ) (7168 3072 -232 ) (7168 3072 -166 ) 
4 32 36 (8192 3072 -120 ) (8192 3072 -232 ) (8192 2048 -232 ) (8192 2048 -120 ) 
4 32 35 (8192 3072 0 ) (8192 3072 -120 ) (8192 2048 -120 ) (8192 2048 0 ) 
4 32 34 (8192 3072 632 ) (8192 3072 0 ) (8192 2048 0 ) (8192 2048 632 ) 
4 32 33 (8360 2048 632 ) (8192 2048 632 ) (8192 2048 -232 ) (8360 2048 -232 ) 
4 33 116 (8360 1024 632 ) (8192 1024 632 ) (8192 1024 -232 ) (8360 1024 -232 ) 
4 33 42 (8192 1024 -232 ) (8192 1024 -120 ) (8192 2048 -120 ) (8192 2048 -232 ) 
4 33 41 (8192 1024 -120 ) (8192 1024 0 ) (8192 2048 0 ) (8192 2048 -120 ) 
4 33 40 (8192 1024 0 ) (8192 1024 632 ) (8192 2048 632 ) (8192 2048 0 ) 
4 34 40 (8192 2048 0 ) (8192 2048 632 ) (7168 2048 632 ) (7168 2048 0 ) 
4 34 38 (7168 3072 632 ) (7168 3072 0 ) (7168 2048 0 ) (7168 2048 632 ) 
4 34 35 (7680 3072 0 ) (8192 3072 0 ) (8192 2048 0 ) (7680 2048 0 ) 
4 35 41 (8192 2048 -120 ) (8192 2048 0 ) (7680 2048 0 ) (7680 2048 -120 ) 
4 35 36 (8192 2048 -120 ) (7976 2048 -120 ) (7976 3072 -120 ) (8192 3072 -120 ) 
4 36 42 (8192 2048 -232 ) (8192 2048 -120 ) (7976 2048 -120 ) (7976 2048 -232 ) 
4 36 37 (7976 3072 -232 ) (7976 2048 -232 ) (7976 2048 -166 ) (7976 3072 -166 ) 
4 37 43 (7168 2048 -166 ) (7168 2048 -232 ) (7976 2048 -232 ) (7976 2048 -166 ) 
4 37 39 (7168 3072 -166 ) (7168 3072 -232 ) (7168 2048 -232 ) (7168 2048 -166 ) 
4 38 84 (6144 2048 0 ) (6144 2048 632 ) (6144 3072 632 ) (6144 3072 0 ) 
4 38 44 (6144 2048 632 ) (6144 2048 0 ) (7168 2048 0 ) (7168 2048 632 ) 
4 39 85 (6144 2048 -232 ) (6144 2048 -166 ) (6144 3072 -166 ) (6144 3072 -232 ) 
4 39 45 (6144 2048 -166 ) (6144 2048 -232 ) (7168 2048 -232 ) (7168 2048 -166 ) 
4 40 118 (8192 1024 0 ) (8192 1024 632 ) (7168 1024 632 ) (7168 1024 0 ) 
4 40 44 (7168 2048 632 ) (7168 2048 0 ) (7168 1024 0 ) (7168 1024 632 ) 
4 40 41 (8192 1024 0 ) (7680 1024 0 ) (7680 2048 0 ) (8192 2048 0 ) 
4 41 119 (8192 1024 -120 ) (8192 1024 0 ) (7680 1024 0 ) (7680 1024 -120 ) 
4 41 42 (7976 2048 -120 ) (8192 2048 -120 ) (8192 1024 -120 ) (7976 1024 -120 ) 
4 42 120 (8192 1024 -232 ) (8192 1024 -120 ) (7976 1024 -120 ) (7976 1024 -232 ) 
4 42 43 (7976 2048 -232 ) (7976 1024 -232 ) (7976 1024 -166 ) (7976 2048 -166 ) 
4 43 121 (7168 1024 -166 ) (7168 1024 -232 ) (7976 1024 -232 ) (7976 1024 -166 ) 
4 43 45 (7168 2048 -166 ) (7168 2048 -232 ) (7168 1024 -232 ) (7168 1024 -166 ) 
4 44 122 (7168 1024 0 ) (7168 1024 632 ) (6144 1024 632 ) (6144 1024 0 ) 
4 44 88 (6144 1024 0 ) (6144 1024 632 ) (6144 2048 632 ) (6144 2048 0 ) 
4 45 123 (7168 1024 -232 ) (7168 1024 -166 ) (6144 1024 -166 ) (6144 1024 -232 ) 
4 45 89 (6144 1024 -232 ) (6144 1024 -166 ) (6144 2048 -166 ) (6144 2048 -232 ) 
4 46 50 (5120 6920 -120 ) (5120 6400 -120 ) (5120 6400 632 ) (5120 6920 632 ) 
4 46 48 (5120 6480 -120 ) (5120 6920 -120 ) (6144 6920 -120 ) (6144 6480 -120 ) 
4 46 47 (6144 6400 0 ) (6144 6400 632 ) (5120 6400 632 ) (5120 6400 0 ) 
4 47 54 (6144 6144 0 ) (6144 6144 632 ) (5120 6144 632 ) (5120 6144 0 ) 
4 47 51 (5120 6144 0 ) (5120 6144 632 ) (5120 6400 632 ) (5120 6400 0 ) 
4 48 52 (5120 6920 -232 ) (5120 6480 -232 ) (5120 6480 -120 ) (5120 6920 -120 ) 
4 48 49 (5120 6480 -232 ) (6144 6480 -232 ) (6144 6480 -166 ) (5120 6480 -166 ) 
4 49 55 (6144 6144 -232 ) (6144 6144 -166 ) (5120 6144 -166 ) (5120 6144 -232 ) 
4 49 53 (5120 6480 -232 ) (5120 6144 -232 ) (5120 6144 -166 ) (5120 6480 -166 ) 
4 50 58 (4096 6400 632 ) (4096 6920 632 ) (4096 6920 -120 ) (4096 6400 -120 ) 
4 50 52 (5120 6920 -120 ) (5120 6480 -120 ) (4096 6480 -120 ) (4096 6920 -120 ) 
4 50 51 (5120 6400 0 ) (5120 6400 632 ) (4096 6400 632 ) (4096 6400 0 ) 
4 51 59 (4096 6144 0 ) (4096 6144 632 ) (4096 6400 632 ) (4096 6400 0 ) 
4 51 56 (4096 6144 632 ) (4096 6144 0 ) (5120 6144 0 ) (5120 6144 632 ) 
4 52 60 (4096 6480 -120 ) (4096 6920 -120 ) (4096 6920 -232 ) (4096 6480 -232 ) 
4 52 53 (4096 6480 -232 ) (5120 6480 -232 ) (5120 6480 -166 ) (4096 6480 -166 ) 
4 53 61 (4096 6144 -232 ) (4096 6144 -166 ) (4096 6480 -166 ) (4096 6480 -232 ) 
4 53 57 (4096 6144 -166 ) (4096 6144 -232 ) (5120 6144 -232 ) (5120 6144 -166 ) 
4 54 76 (6144 5120 0 ) (6144 5120 632 ) (5120 5120 632 ) (5120 5120 0 ) 
4 54 56 (5120 6144 632 ) (5120 6144 0 ) (5120 5120 0 ) (5120 5120 632 ) 
4 55 77 (6144 5120 -232 ) (6144 5120 -166 ) (5120 5120 -166 ) (5120 5120 -232 ) 
4 55 57 (5120 6144 -166 ) (5120 6144 -232 ) (5120 5120 -232 ) (5120 5120 -166 ) 
4 56 78 (5120 5120 0 ) (5120 5120 632 ) (4096 5120 632 ) (4096 5120 0 ) 
4 56 62 (4096 5120 0 ) (4096 5120 632 ) (4096 6144 632 ) (4096 6144 0 ) 
4 57 79 (5120 5120 -232 ) (5120 5120 -166 ) (4096 5120 -166 ) (4096 5120 -232 ) 
4 57 63 (4096 5120 -232 ) (4096 5120 -166 ) (4096 6144 -166 ) (4096 6144 -232 ) 
4 58 64 (3072 6400 632 ) (3072 6920 632 ) (3072 6920 -120 ) (3072 6400 -120 ) 
4 58 60 (3072 6480 -120 ) (3072 6920 -120 ) (4096 6920 -120 ) (4096 6480 -120 ) 
4 58 59 (4096 6400 0 ) (4096 6400 632 ) (3072 6400 632 ) (3072 6400 0 ) 
4 59 65 (3072 6144 0 ) (3072 6144 632 ) (3072 6400 632 ) (3072 6400 0 ) 
4 59 62 (4096 6144 0 ) (4096 6144 632 ) (3072 6144 632 ) (3072 6144 0 ) 
4 60 66 (3072 6480 -120 ) (3072 6920 -120 ) (3072 6920 -232 ) (3072 6480 -232 ) 
4 60 61 (3072 6480 -232 ) (4096 6480 -232 ) (4096 6480 -166 ) (3072 6480 -166 ) 
4 61 67 (3072 6144 -232 ) (3072 6144 -166 ) (3072 6480 -166 ) (3072 6480 -232 ) 
4 61 63 (4096 6144 -232 ) (4096 6144 -166 ) (3072 6144 -166 ) (3072 6144 -232 ) 
4 62 92 (4096 5120 0 ) (4096 5120 632 ) (3072 5120 632 ) (3072 5120 0 ) 
4 62 72 (3072 5120 0 ) (3072 5120 632 ) (3072 6144 632 ) (3072 6144 0 ) 
4 63 93 (4096 5120 -232 ) (4096 5120 -166 ) (3072 5120 -166 ) (3072 5120 -232 ) 
4 63 73 (3072 5120 -232 ) (3072 5120 -166 ) (3072 6144 -166 ) (3072 6144 -232 ) 
4 64 68 (2048 6400 632 ) (2048 6920 632 ) (2048 6920 -120 ) (2048 6400 -120 ) 
4 64 66 (2048 6480 -120 ) (2048 6920 -120 ) (3072 6920 -120 ) (3072 6480 -120 ) 
4 64 65 (3072 6400 0 ) (3072 6400 632 ) (2048 6400 632 ) (2048 6400 0 ) 
4 65 72 (3072 6144 0 ) (3072 6144 632 ) (2048 6144 632 ) (2048 6144 0 ) 
4 65 69 (2048 6144 0 ) (2048 6144 632 ) (2048 6400 632 ) (2048 6400 0 ) 
4 66 70 (2048 6480 -120 ) (2048 6920 -120 ) (2048 6920 -232 ) (2048 6480 -232 ) 
4 66 67 (2048 6480 -232 ) (3072 6480 -232 ) (3072 6480 -166 ) (2048 6480 -166 ) 
4 67 73 (3072 6144 -232 ) (3072 6144 -166 ) (2048 6144 -166 ) (2048 6144 -232 ) 
4 67 71 (2048 6144 -232 ) (2048 6144 -166 ) (2048 6480 -166 ) (2048 6480 -232 ) 
4 68 240 (1024 6400 632 ) (1024 6920 632 ) (1024 6920 -120 ) (1024 6400 -120 ) 
4 68 70 (2048 6920 -120 ) (2048 6480 -120 ) (1024 6480 -120 ) (1024 6920 -120 ) 
4 68 69 (2048 6400 0 ) (2048 6400 632 ) (1024 6400 632 ) (1024 6400 0 ) 
4 69 241 (1024 6144 0 ) (1024 6144 632 ) (1024 6400 632 ) (1024 6400 0 ) 
4 69 74 (2048 6144 0 ) (2048 6144 632 ) (1024 6144 632 ) (1024 6144 0 ) 
4 70 242 (1024 6480 -120 ) (1024 6920 -120 ) (1024 6920 -232 ) (1024 6480 -232 ) 
4 70 71 (1024 6480 -232 ) (2048 6480 -232 ) (2048 6480 -166 ) (1024 6480 -166 ) 
4 71 243 (1024 6144 -232 ) (1024 6144 -166 ) (1024 6480 -166 ) (1024 6480 -232 ) 
4 71 75 (2048 6144 -232 ) (2048 6144 -166 ) (1024 6144 -166 ) (1024 6144 -232 ) 
4 72 96 (3072 5120 0 ) (3072 5120 632 ) (2048 5120 632 ) (2048 5120 0 ) 
4 72 74 (2048 6144 632 ) (2048 6144 0 ) (2048 5120 0 ) (2048 5120 632 ) 
4 73 97 (3072 5120 -232 ) (3072 5120 -166 ) (2048 5120 -166 ) (2048 5120 -232 ) 
4 73 75 (2048 6144 -166 ) (2048 6144 -232 ) (2048 5120 -232 ) (2048 5120 -166 ) 
4 74 248 (1024 5120 0 ) (1024 5120 632 ) (1024 6144 632 ) (1024 6144 0 ) 
4 74 98 (2048 5120 0 ) (2048 5120 632 ) (1024 5120 632 ) (1024 5120 0 ) 
4 75 249 (1024 5120 -232 ) (1024 5120 -166 ) (1024 6144 -166 ) (1024 6144 -232 ) 
4 75 99 (2048 5120 -232 ) (2048 5120 -166 ) (1024 5120 -166 ) (1024 5120 -232 ) 
4 76 80 (6144 4096 0 ) (6144 4096 632 ) (5120 4096 632 ) (5120 4096 0 ) 
4 76 78 (5120 4096 0 ) (5120 4096 632 ) (5120 5120 632 ) (5120 5120 0 ) 
4 77 81 (6144 4096 -232 ) (6144 4096 -166 ) (5120 4096 -166 ) (5120 4096 -232 ) 
4 77 79 (5120 4096 -232 ) (5120 4096 -166 ) (5120 5120 -166 ) (5120 5120 -232 ) 
4 78 92 (4096 5120 632 ) (4096 5120 0 ) (4096 4096 0 ) (4096 4096 632 ) 
4 78 82 (4096 4096 632 ) (4096 4096 0 ) (5120 4096 0 ) (5120 4096 632 ) 
4 79 93 (4096 5120 -166 ) (4096 5120 -232 ) (4096 4096 -232 ) (4096 4096 -166 ) 
4 79 83 (4096 4096 -166 ) (4096 4096 -232 ) (5120 4096 -232 ) (5120 4096 -166 ) 
4 80 84 (6144 3072 0 ) (6144 3072 632 ) (5120 3072 632 ) (5120 3072 0 ) 
4 80 82 (5120 4096 632 ) (5120 4096 0 ) (5120 3072 0 ) (5120 3072 632 ) 
4 81 85 (6144 3072 -232 ) (6144 3072 -166 ) (5120 3072 -166 ) (5120 3072 -232 ) 
4 81 83 (5120 4096 -166 ) (5120 4096 -232 ) (5120 3072 -232 ) (5120 3072 -166 ) 
4 82 94 (4096 3072 0 ) (4096 3072 632 ) (4096 4096 632 ) (4096 4096 0 ) 
4 82 86 (5120 3072 0 ) (5120 3072 632 ) (4096 3072 632 ) (4096 3072 0 ) 
4 83 95 (4096 3072 -232 ) (4096 3072 -166 ) (4096 4096 -166 ) (4096 4096 -232 ) 
4 83 87 (5120 3072 -232 ) (5120 3072 -166 ) (4096 3072 -166 ) (4096 3072 -232 ) 
4 84 88 (6144 2048 0 ) (6144 2048 632 ) (5120 2048 632 ) (5120 2048 0 ) 
4 84 86 (5120 2048 0 ) (5120 2048 632 ) (5120 3072 632 ) (5120 3072 0 ) 
4 85 89 (6144 2048 -232 ) (6144 2048 -166 ) (5120 2048 -166 ) (5120 2048 -232 ) 
4 85 87 (5120 2048 -232 ) (5120 2048 -166 ) (5120 3072 -166 ) (5120 3072 -232 ) 
4 86 104 (4096 2048 0 ) (4096 2048 632 ) (4096 3072 632 ) (4096 3072 0 ) 
4 86 90 (4096 2048 632 ) (4096 2048 0 ) (5120 2048 0 ) (5120 2048 632 ) 
4 87 105 (4096 2048 -232 ) (4096 2048 -166 ) (4096 3072 -166 ) (4096 3072 -232 ) 
4 87 91 (4096 2048 -166 ) (4096 2048 -232 ) (5120 2048 -232 ) (5120 2048 -166 ) 
4 88 165 (6144 1024 0 ) (6144 1024 632 ) (5120 1024 632 ) (5120 1024 0 ) 
4 88 90 (5120 2048 632 ) (5120 2048 0 ) (5120 1024 0 ) (5120 1024 632 ) 
4 89 166 (6144 1024 -232 ) (6144 1024 -166 ) (5120 1024 -166 ) (5120 1024 -232 ) 
4 89 91 (5120 2048 -166 ) (5120 2048 -232 ) (5120 1024 -232 ) (5120 1024 -166 ) 
4 90 167 (5120 1024 0 ) (5120 1024 632 ) (4096 1024 632 ) (4096 1024 0 ) 
4 90 106 (4096 1024 0 ) (4096 1024 632 ) (4096 2048 632 ) (4096 2048 0 ) 
4 91 168 (5120 1024 -232 ) (5120 1024 -166 ) (4096 1024 -166 ) (4096 1024 -232 ) 
4 91 107 (4096 1024 -232 ) (4096 1024 -166 ) (4096 2048 -166 ) (4096 2048 -232 ) 
4 92 96 (3072 5120 632 ) (3072 5120 0 ) (3072 4096 0 ) (3072 4096 632 ) 
4 92 94 (4096 4096 0 ) (4096 4096 632 ) (3072 4096 632 ) (3072 4096 0 ) 
4 93 97 (3072 5120 -166 ) (3072 5120 -232 ) (3072 4096 -232 ) (3072 4096 -166 ) 
4 93 95 (4096 4096 -232 ) (4096 4096 -166 ) (3072 4096 -166 ) (3072 4096 -232 ) 
4 94 104 (4096 3072 0 ) (4096 3072 632 ) (3072 3072 632 ) (3072 3072 0 ) 
4 94 100 (3072 3072 0 ) (3072 3072 632 ) (3072 4096 632 ) (3072 4096 0 ) 
4 95 105 (4096 3072 -232 ) (4096 3072 -166 ) (3072 3072 -166 ) (3072 3072 -232 ) 
4 95 101 (3072 3072 -232 ) (3072 3072 -166 ) (3072 4096 -166 ) (3072 4096 -232 ) 
4 96 100 (3072 4096 0 ) (3072 4096 632 ) (2048 4096 632 ) (2048 4096 0 ) 
4 96 98 (2048 5120 632 ) (2048 5120 0 ) (2048 4096 0 ) (2048 4096 632 ) 
4 97 101 (3072 4096 -232 ) (3072 4096 -166 ) (2048 4096 -166 ) (2048 4096 -232 ) 
4 97 99 (2048 5120 -166 ) (2048 5120 -232 ) (2048 4096 -232 ) (2048 4096 -166 ) 
4 98 264 (1024 4096 0 ) (1024 4096 632 ) (1024 5120 632 ) (1024 5120 0 ) 
4 98 102 (2048 4096 0 ) (2048 4096 632 ) (1024 4096 632 ) (1024 4096 0 ) 
4 99 265 (1024 4096 -232 ) (1024 4096 -166 ) (1024 5120 -166 ) (1024 5120 -232 ) 
4 99 103 (2048 4096 -232 ) (2048 4096 -166 ) (1024 4096 -166 ) (1024 4096 -232 ) 
4 100 108 (3072 3072 0 ) (3072 3072 632 ) (2048 3072 632 ) (2048 3072 0 ) 
4 100 102 (2048 4096 632 ) (2048 4096 0 ) (2048 3072 0 ) (2048 3072 632 ) 
4 101 109 (3072 3072 -232 ) (3072 3072 -166 ) (2048 3072 -166 ) (2048 3072 -232 ) 
4 101 103 (2048 4096 -166 ) (2048 4096 -232 ) (2048 3072 -232 ) (2048 3072 -166 ) 
4 102 268 (1024 3072 0 ) (1024 3072 632 ) (1024 4096 632 ) (1024 4096 0 ) 
4 102 110 (2048 3072 0 ) (2048 3072 632 ) (1024 3072 632 ) (1024 3072 0 ) 
4 103 269 (1024 3072 -232 ) (1024 3072 -166 ) (1024 4096 -166 ) (1024 4096 -232 ) 
4 103 111 (2048 3072 -232 ) (2048 3072 -166 ) (1024 3072 -166 ) (1024 3072 -232 ) 
4 104 108 (3072 3072 632 ) (3072 3072 0 ) (3072 2048 0 ) (3072 2048 632 ) 
4 104 106 (4096 2048 0 ) (4096 2048 632 ) (3072 2048 632 ) (3072 2048 0 ) 
4 105 109 (3072 3072 -166 ) (3072 3072 -232 ) (3072 2048 -232 ) (3072 2048 -166 ) 
4 105 107 (4096 2048 -232 ) (4096 2048 -166 ) (3072 2048 -166 ) (3072 2048 -232 ) 
4 106 181 (4096 1024 0 ) (4096 1024 632 ) (3072 1024 632 ) (3072 1024 0 ) 
4 106 112 (3072 1024 0 ) (3072 1024 632 ) (3072 2048 632 ) (3072 2048 0 ) 
4 107 182 (4096 1024 -232 ) (4096 1024 -166 ) (3072 1024 -166 ) (3072 1024 -232 ) 
4 107 113 (3072 1024 -232 ) (3072 1024 -166 ) (3072 2048 -166 ) (3072 2048 -232 ) 
4 108 112 (3072 2048 0 ) (3072 2048 632 ) (2048 2048 632 ) (2048 2048 0 ) 
4 108 110 (2048 3072 632 ) (2048 3072 0 ) (2048 2048 0 ) (2048 2048 632 ) 
4 109 113 (3072 2048 -232 ) (3072 2048 -166 ) (2048 2048 -166 ) (2048 2048 -232 ) 
4 109 111 (2048 3072 -166 ) (2048 3072 -232 ) (2048 2048 -232 ) (2048 2048 -166 ) 
4 110 280 (1024 2048 0 ) (1024 2048 632 ) (1024 3072 632 ) (1024 3072 0 ) 
4 110 114 (2048 2048 0 ) (2048 2048 632 ) (1024 2048 632 ) (1024 2048 0 ) 
4 111 281 (1024 2048 -232 ) (1024 2048 -166 ) (1024 3072 -166 ) (1024 3072 -232 ) 
4 111 115 (2048 2048 -232 ) (2048 2048 -166 ) (1024 2048 -166 ) (1024 2048 -232 ) 
4 112 185 (3072 1024 0 ) (3072 1024 632 ) (2048 1024 632 ) (2048 1024 0 ) 
4 112 114 (2048 2048 632 ) (2048 2048 0 ) (2048 1024 0 ) (2048 1024 632 ) 
4 113 186 (3072 1024 -232 ) (3072 1024 -166 ) (2048 1024 -166 ) (2048 1024 -232 ) 
4 113 115 (2048 2048 -166 ) (2048 2048 -232 ) (2048 1024 -232 ) (2048 1024 -166 ) 
4 114 310 (1024 1024 0 ) (1024 1024 64 ) (1024 2048 64 ) (1024 2048 0 ) 
4 114 300 (1024 1024 64 ) (1024 1024 632 ) (1024 2048 632 ) (1024 2048 64 ) 
4 114 187 (2048 1024 0 ) (2048 1024 632 ) (1024 1024 632 ) (1024 1024 0 ) 
4 115 311 (1024 1024 -232 ) (1024 1024 -166 ) (1024 2048 -166 ) (1024 2048 -232 ) 
4 115 188 (2048 1024 -232 ) (2048 1024 -166 ) (1024 1024 -166 ) (1024 1024 -232 ) 
4 116 120 (8192 0 -232 ) (8192 0 -120 ) (8192 1024 -120 ) (8192 1024 -232 ) 
4 116 119 (8192 0 -120 ) (8192 0 0 ) (8192 1024 0 ) (8192 1024 -120 ) 
4 116 118 (8192 0 0 ) (8192 0 632 ) (8192 1024 632 ) (8192 1024 0 ) 
4 116 117 (8360 0 632 ) (8192 0 632 ) (8192 0 -232 ) (8360 0 -232 ) 
4 117 130 (8360 -1024 632 ) (8192 -1024 632 ) (8192 -1024 -232 ) (8360 -1024 -232 ) 
4 117 126 (8192 -1024 -232 ) (8192 -1024 -120 ) (8192 0 -120 ) (8192 0 -232 ) 
4 117 125 (8192 -1024 -120 ) (8192 -1024 0 ) (8192 0 0 ) (8192 0 -120 ) 
4 117 124 (8192 -1024 0 ) (8192 -1024 632 ) (8192 0 632 ) (8192 0 0 ) 
4 118 124 (8192 0 0 ) (8192 0 632 ) (7168 0 632 ) (7168 0 0 ) 
4 118 122 (7168 0 0 ) (7168 0 632 ) (7168 1024 632 ) (7168 1024 0 ) 
4 118 119 (7680 1024 0 ) (8192 1024 0 ) (8192 0 0 ) (7680 0 0 ) 
4 119 125 (8192 0 -120 ) (8192 0 0 ) (7680 0 0 ) (7680 0 -120 ) 
4 119 120 (8192 0 -120 ) (7976 0 -120 ) (7976 1024 -120 ) (8192 1024 -120 ) 
4 120 126 (8192 0 -232 ) (8192 0 -120 ) (7976 0 -120 ) (7976 0 -232 ) 
4 120 121 (7976 1024 -232 ) (7976 0 -232 ) (7976 0 -166 ) (7976 1024 -166 ) 
4 121 127 (7168 0 -166 ) (7168 0 -232 ) (7976 0 -232 ) (7976 0 -166 ) 
4 121 123 (7168 0 -232 ) (7168 0 -166 ) (7168 1024 -166 ) (7168 1024 -232 ) 
4 122 165 (6144 1024 632 ) (6144 1024 0 ) (6144 0 0 ) (6144 0 632 ) 
4 122 128 (6144 0 632 ) (6144 0 0 ) (7168 0 0 ) (7168 0 632 ) 
4 123 166 (6144 1024 -166 ) (6144 1024 -232 ) (6144 0 -232 ) (6144 0 -166 ) 
4 123 129 (6144 0 -166 ) (6144 0 -232 ) (7168 0 -232 ) (7168 0 -166 ) 
4 124 132 (8192 -1024 0 ) (8192 -1024 632 ) (7168 -1024 632 ) (7168 -1024 0 ) 
4 124 128 (7168 0 632 ) (7168 0 0 ) (7168 -1024 0 ) (7168 -1024 632 ) 
4 124 125 (8192 -1024 0 ) (7680 -1024 0 ) (7680 0 0 ) (8192 0 0 ) 
4 125 133 (8192 -1024 -120 ) (8192 -1024 0 ) (7680 -1024 0 ) (7680 -1024 -120 ) 
4 125 126 (7976 0 -120 ) (8192 0 -120 ) (8192 -1024 -120 ) (7976 -1024 -120 ) 
4 126 134 (8192 -1024 -232 ) (8192 -1024 -120 ) (7976 -1024 -120 ) (7976 -1024 -232 ) 
4 126 127 (7976 0 -232 ) (7976 -1024 -232 ) (7976 -1024 -166 ) (7976 0 -166 ) 
4 127 135 (7168 -1024 -166 ) (7168 -1024 -232 ) (7976 -1024 -232 ) (7976 -1024 -166 ) 
4 127 129 (7168 0 -166 ) (7168 0 -232 ) (7168 -1024 -232 ) (7168 -1024 -166 ) 
4 128 169 (6144 -1024 0 ) (6144 -1024 632 ) (6144 0 632 ) (6144 0 0 ) 
4 128 136 (6144 -1024 632 ) (6144 -1024 0 ) (7168 -1024 0 ) (7168 -1024 632 ) 
4 129 170 (6144 -1024 -232 ) (6144 -1024 -166 ) (6144 0 -166 ) (6144 0 -232 ) 
4 129 137 (6144 -1024 -166 ) (6144 -1024 -232 ) (7168 -1024 -232 ) (7168 -1024 -166 ) 
4 130 134 (8192 -1024 -120 ) (8192 -1024 -232 ) (8192 -2048 -232 ) (8192 -2048 -120 ) 
4 130 133 (8192 -1024 0 ) (8192 -1024 -120 ) (8192 -2048 -120 ) (8192 -2048 0 ) 
4 130 132 (8192 -1024 632 ) (8192 -1024 0 ) (8192 -2048 0 ) (8192 -2048 632 ) 
4 130 131 (8360 -2048 632 ) (8192 -2048 632 ) (8192 -2048 -232 ) (8360 -2048 -232 ) 
4 131 144 (8360 -3072 632 ) (8192 -3072 632 ) (8192 -3072 -232 ) (8360 -3072 -232 ) 
4 131 140 (8192 -3072 -232 ) (8192 -3072 -120 ) (8192 -2048 -120 ) (8192 -2048 -232 ) 
4 131 139 (8192 -3072 -120 ) (8192 -3072 0 ) (8192 -2048 0 ) (8192 -2048 -120 ) 
4 131 138 (8192 -3072 0 ) (8192 -3072 632 ) (8192 -2048 632 ) (8192 -2048 0 ) 
4 132 138 (8192 -2048 0 ) (8192 -2048 632 ) (7168 -2048 632 ) (7168 -2048 0 ) 
4 132 136 (7168 -1024 632 ) (7168 -1024 0 ) (7168 -2048 0 ) (7168 -2048 632 ) 
4 132 133 (7680 -1024 0 ) (8192 -1024 0 ) (8192 -2048 0 ) (7680 -2048 0 ) 
4 133 139 (8192 -2048 -120 ) (8192 -2048 0 ) (7680 -2048 0 ) (7680 -2048 -120 ) 
4 133 134 (8192 -2048 -120 ) (7976 -2048 -120 ) (7976 -1024 -120 ) (8192 -1024 -120 ) 
4 134 140 (8192 -2048 -232 ) (8192 -2048 -120 ) (7976 -2048 -120 ) (7976 -2048 -232 ) 
4 134 135 (7976 -1024 -232 ) (7976 -2048 -232 ) (7976 -2048 -166 ) (7976 -1024 -166 ) 
4 135 141 (7168 -2048 -166 ) (7168 -2048 -232 ) (7976 -2048 -232 ) (7976 -2048 -166 ) 
4 135 137 (7168 -1024 -166 ) (7168 -1024 -232 ) (7168 -2048 -232 ) (7168 -2048 -166 ) 
4 136 173 (6144 -2048 0 ) (6144 -2048 632 ) (6144 -1024 632 ) (6144 -1024 0 ) 
4 136 142 (6144 -2048 632 ) (6144 -2048 0 ) (7168 -2048 0 ) (7168 -2048 632 ) 
4 137 174 (6144 -2048 -232 ) (6144 -2048 -166 ) (6144 -1024 -166 ) (6144 -1024 -232 ) 
4 137 143 (6144 -2048 -166 ) (6144 -2048 -232 ) (7168 -2048 -232 ) (7168 -2048 -166 ) 
4 138 146 (8192 -3072 0 ) (8192 -3072 632 ) (7168 -3072 632 ) (7168 -3072 0 ) 
4 138 142 (7168 -2048 632 ) (7168 -2048 0 ) (7168 -3072 0 ) (7168 -3072 632 ) 
4 138 139 (8192 -3072 0 ) (7680 -3072 0 ) (7680 -2048 0 ) (8192 -2048 0 ) 
4 139 147 (8192 -3072 -120 ) (8192 -3072 0 ) (7680 -3072 0 ) (7680 -3072 -120 ) 
4 139 140 (7976 -2048 -120 ) (8192 -2048 -120 ) (8192 -3072 -120 ) (7976 -3072 -120 ) 
4 140 148 (8192 -3072 -232 ) (8192 -3072 -120 ) (7976 -3072 -120 ) (7976 -3072 -232 ) 
4 140 141 (7976 -2048 -232 ) (7976 -3072 -232 ) (7976 -3072 -166 ) (7976 -2048 -166 ) 
4 141 149 (7168 -3072 -166 ) (7168 -3072 -232 ) (7976 -3072 -232 ) (7976 -3072 -166 ) 
4 141 143 (7168 -2048 -166 ) (7168 -2048 -232 ) (7168 -3072 -232 ) (7168 -3072 -166 ) 
4 142 177 (6144 -3072 0 ) (6144 -3072 632 ) (6144 -2048 632 ) (6144 -2048 0 ) 
4 142 150 (7168 -3072 0 ) (7168 -3072 632 ) (6144 -3072 632 ) (6144 -3072 0 ) 
4 143 178 (6144 -3072 -232 ) (6144 -3072 -166 ) (6144 -2048 -166 ) (6144 -2048 -232 ) 
4 143 151 (7168 -3072 -232 ) (7168 -3072 -166 ) (6144 -3072 -166 ) (6144 -3072 -232 ) 
4 144 148 (8192 -4096 -232 ) (8192 -4096 -120 ) (8192 -3072 -120 ) (8192 -3072 -232 ) 
4 144 147 (8192 -4096 -120 ) (8192 -4096 0 ) (8192 -3072 0 ) (8192 -3072 -120 ) 
4 144 146 (8192 -4096 0 ) (8192 -4096 632 ) (8192 -3072 632 ) (8192 -3072 0 ) 
4 144 145 (8360 -4096 632 ) (8192 -4096 632 ) (8192 -4096 -232 ) (8360 -4096 -232 ) 
4 145 162 (8360 -5120 632 ) (8192 -5120 632 ) (8192 -5120 -232 ) (8360 -5120 -232 ) 
4 145 155 (8192 -5120 -232 ) (8192 -5120 -120 ) (8192 -4096 -120 ) (8192 -4096 -232 ) 
4 145 153 (8192 -5120 -120 ) (8192 -5120 0 ) (8192 -4096 0 ) (8192 -4096 -120 ) 
4 145 152 (8192 -5120 0 ) (8192 -5120 632 ) (8192 -4096 632 ) (8192 -4096 0 ) 
4 146 152 (8192 -4096 0 ) (8192 -4096 632 ) (7168 -4096 632 ) (7168 -4096 0 ) 
4 146 150 (7168 -4096 0 ) (7168 -4096 632 ) (7168 -3072 632 ) (7168 -3072 0 ) 
4 146 147 (7680 -3072 0 ) (8192 -3072 0 ) (8192 -4096 0 ) (7680 -4096 0 ) 
4 147 153 (8192 -4096 -120 ) (8192 -4096 0 ) (7680 -4096 0 ) (7680 -4096 -120 ) 
4 147 148 (8192 -4096 -120 ) (7976 -4096 -120 ) (7976 -3072 -120 ) (8192 -3072 -120 ) 
4 148 155 (8192 -4096 -232 ) (8192 -4096 -120 ) (7976 -4096 -120 ) (7976 -4096 -232 ) 
4 148 149 (7976 -3072 -232 ) (7976 -4096 -232 ) (7976 -4096 -166 ) (7976 -3072 -166 ) 
4 149 156 (7168 -4096 -166 ) (7168 -4096 -232 ) (7976 -4096 -232 ) (7976 -4096 -166 ) 
4 149 151 (7168 -4096 -232 ) (7168 -4096 -166 ) (7168 -3072 -166 ) (7168 -3072 -232 ) 
4 150 205 (6144 -4096 0 ) (6144 -4096 632 ) (6144 -3072 632 ) (6144 -3072 0 ) 
4 150 158 (6144 -4096 632 ) (6144 -4096 0 ) (7168 -4096 0 ) (7168 -4096 632 ) 
4 151 206 (6144 -4096 -232 ) (6144 -4096 -166 ) (6144 -3072 -166 ) (6144 -3072 -232 ) 
4 151 160 (6144 -4096 -166 ) (6144 -4096 -232 ) (7168 -4096 -232 ) (7168 -4096 -166 ) 
4 152 163 (8192 -5120 0 ) (8192 -5120 632 ) (7168 -5120 632 ) (7168 -5120 0 ) 
4 152 158 (7168 -4096 632 ) (7168 -4096 0 ) (7168 -5120 0 ) (7168 -5120 632 ) 
4 152 154 (7680 -5120 0 ) (7168 -5120 0 ) (7168 -4944 0 ) (7680 -4944 0 ) 
4 152 153 (8192 -5120 0 ) (7680 -5120 0 ) (7680 -4096 0 ) (8192 -4096 0 ) 
4 153 163 (8192 -5120 -120 ) (8192 -5120 0 ) (7680 -5120 0 ) (7680 -5120 -120 ) 
4 153 157 (7976 -4944 -120 ) (7976 -5120 -120 ) (7680 -5120 -120 ) (7680 -4944 -120 ) 
4 153 155 (7976 -4096 -120 ) (8192 -4096 -120 ) (8192 -5120 -120 ) (7976 -5120 -120 ) 
4 153 154 (7680 -4944 -120 ) (7680 -5120 -120 ) (7680 -5120 0 ) (7680 -4944 0 ) 
4 154 163 (7680 -5120 0 ) (7168 -5120 0 ) (7168 -5120 -120 ) (7680 -5120 -120 ) 
4 154 159 (7168 -4944 -120 ) (7168 -5120 -120 ) (7168 -5120 0 ) (7168 -4944 0 ) 
4 154 157 (7680 -4944 -120 ) (7680 -5120 -120 ) (7168 -5120 -120 ) (7168 -4944 -120 ) 
4 155 163 (8192 -5120 -232 ) (8192 -5120 -120 ) (7976 -5120 -120 ) (7976 -5120 -232 ) 
4 155 156 (7976 -4096 -232 ) (7976 -4944 -232 ) (7976 -4944 -166 ) (7976 -4096 -166 ) 
4 155 157 (7976 -4944 -232 ) (7976 -5120 -232 ) (7976 -5120 -120 ) (7976 -4944 -120 ) 
4 156 160 (7168 -4096 -166 ) (7168 -4096 -232 ) (7168 -4944 -232 ) (7168 -4944 -166 ) 
4 156 157 (7168 -4944 -232 ) (7976 -4944 -232 ) (7976 -4944 -166 ) (7168 -4944 -166 ) 
4 157 163 (7976 -5120 -120 ) (7168 -5120 -120 ) (7168 -5120 -232 ) (7976 -5120 -232 ) 
4 157 161 (7168 -4944 -232 ) (7168 -5120 -232 ) (7168 -5120 -120 ) (7168 -4944 -120 ) 
4 158 209 (6144 -5120 0 ) (6144 -5120 632 ) (6144 -4096 632 ) (6144 -4096 0 ) 
4 158 164 (6144 -5120 632 ) (6144 -5120 0 ) (7168 -5120 0 ) (7168 -5120 632 ) 
4 158 159 (7168 -5120 0 ) (6144 -5120 0 ) (6144 -4944 0 ) (7168 -4944 0 ) 
4 159 210 (6144 -5120 -120 ) (6144 -5120 0 ) (6144 -4944 0 ) (6144 -4944 -120 ) 
4 159 164 (6144 -5120 0 ) (6144 -5120 -120 ) (7168 -5120 -120 ) (7168 -5120 0 ) 
4 159 161 (7168 -4944 -120 ) (7168 -5120 -120 ) (6144 -5120 -120 ) (6144 -4944 -120 ) 
4 160 211 (6144 -4096 -166 ) (6144 -4096 -232 ) (6144 -4944 -232 ) (6144 -4944 -166 ) 
4 160 161 (6144 -4944 -232 ) (7168 -4944 -232 ) (7168 -4944 -166 ) (6144 -4944 -166 ) 
4 161 212 (6144 -5120 -232 ) (6144 -5120 -120 ) (6144 -4944 -120 ) (6144 -4944 -232 ) 
4 161 164 (6144 -5120 -120 ) (6144 -5120 -232 ) (7168 -5120 -232 ) (7168 -5120 -120 ) 
4 162 163 (8192 -5120 632 ) (8192 -5120 -232 ) (8192 -5336 -232 ) (8192 -5336 632 ) 
4 163 164 (7168 -5120 632 ) (7168 -5120 -232 ) (7168 -5336 -232 ) (7168 -5336 632 ) 
4 164 217 (6144 -5336 632 ) (6144 -5120 632 ) (6144 -5120 -232 ) (6144 -5336 -232 ) 
4 165 169 (6144 0 0 ) (6144 0 632 ) (5120 0 632 ) (5120 0 0 ) 
4 165 167 (5120 0 0 ) (5120 0 632 ) (5120 1024 632 ) (5120 1024 0 ) 
4 166 170 (6144 0 -232 ) (6144 0 -166 ) (5120 0 -166 ) (5120 0 -232 ) 
4 166 168 (5120 0 -232 ) (5120 0 -166 ) (5120 1024 -166 ) (5120 1024 -232 ) 
4 167 181 (4096 1024 632 ) (4096 1024 0 ) (4096 0 0 ) (4096 0 632 ) 
4 167 171 (4096 0 632 ) (4096 0 0 ) (5120 0 0 ) (5120 0 632 ) 
4 168 182 (4096 1024 -166 ) (4096 1024 -232 ) (4096 0 -232 ) (4096 0 -166 ) 
4 168 172 (4096 0 -166 ) (4096 0 -232 ) (5120 0 -232 ) (5120 0 -166 ) 
4 169 173 (6144 -1024 0 ) (6144 -1024 632 ) (5120 -1024 632 ) (5120 -1024 0 ) 
4 169 171 (5120 0 632 ) (5120 0 0 ) (5120 -1024 0 ) (5120 -1024 632 ) 
4 170 174 (6144 -1024 -232 ) (6144 -1024 -166 ) (5120 -1024 -166 ) (5120 -1024 -232 ) 
4 170 172 (5120 0 -166 ) (5120 0 -232 ) (5120 -1024 -232 ) (5120 -1024 -166 ) 
4 171 183 (4096 -1024 0 ) (4096 -1024 632 ) (4096 0 632 ) (4096 0 0 ) 
4 171 175 (5120 -1024 0 ) (5120 -1024 632 ) (4096 -1024 632 ) (4096 -1024 0 ) 
4 172 184 (4096 -1024 -232 ) (4096 -1024 -166 ) (4096 0 -166 ) (4096 0 -232 ) 
4 172 176 (5120 -1024 -232 ) (5120 -1024 -166 ) (4096 -1024 -166 ) (4096 -1024 -232 ) 
4 173 177 (6144 -2048 0 ) (6144 -2048 632 ) (5120 -2048 632 ) (5120 -2048 0 ) 
4 173 175 (5120 -2048 0 ) (5120 -2048 632 ) (5120 -1024 632 ) (5120 -1024 0 ) 
4 174 178 (6144 -2048 -232 ) (6144 -2048 -166 ) (5120 -2048 -166 ) (5120 -2048 -232 ) 
4 174 176 (5120 -2048 -232 ) (5120 -2048 -166 ) (5120 -1024 -166 ) (5120 -1024 -232 ) 
4 175 193 (4096 -2048 0 ) (4096 -2048 632 ) (4096 -1024 632 ) (4096 -1024 0 ) 
4 175 179 (4096 -2048 632 ) (4096 -2048 0 ) (5120 -2048 0 ) (5120 -2048 632 ) 
4 176 194 (4096 -2048 -232 ) (4096 -2048 -166 ) (4096 -1024 -166 ) (4096 -1024 -232 ) 
4 176 180 (4096 -2048 -166 ) (4096 -2048 -232 ) (5120 -2048 -232 ) (5120 -2048 -166 ) 
4 177 205 (6144 -3072 0 ) (6144 -3072 632 ) (5120 -3072 632 ) (5120 -3072 0 ) 
4 177 179 (5120 -2048 632 ) (5120 -2048 0 ) (5120 -3072 0 ) (5120 -3072 632 ) 
4 178 206 (6144 -3072 -232 ) (6144 -3072 -166 ) (5120 -3072 -166 ) (5120 -3072 -232 ) 
4 178 180 (5120 -2048 -166 ) (5120 -2048 -232 ) (5120 -3072 -232 ) (5120 -3072 -166 ) 
4 179 207 (5120 -3072 0 ) (5120 -3072 632 ) (4096 -3072 632 ) (4096 -3072 0 ) 
4 179 195 (4096 -3072 0 ) (4096 -3072 632 ) (4096 -2048 632 ) (4096 -2048 0 ) 
4 180 208 (5120 -3072 -232 ) (5120 -3072 -166 ) (4096 -3072 -166 ) (4096 -3072 -232 ) 
4 180 196 (4096 -3072 -232 ) (4096 -3072 -166 ) (4096 -2048 -166 ) (4096 -2048 -232 ) 
4 181 185 (3072 1024 632 ) (3072 1024 0 ) (3072 0 0 ) (3072 0 632 ) 
4 181 183 (4096 0 0 ) (4096 0 632 ) (3072 0 632 ) (3072 0 0 ) 
4 182 186 (3072 1024 -166 ) (3072 1024 -232 ) (3072 0 -232 ) (3072 0 -166 ) 
4 182 184 (4096 0 -232 ) (4096 0 -166 ) (3072 0 -166 ) (3072 0 -232 ) 
4 183 193 (4096 -1024 0 ) (4096 -1024 632 ) (3072 -1024 632 ) (3072 -1024 0 ) 
4 183 189 (3072 -1024 0 ) (3072 -1024 632 ) (3072 0 632 ) (3072 0 0 ) 
4 184 194 (4096 -1024 -232 ) (4096 -1024 -166 ) (3072 -1024 -166 ) (3072 -1024 -232 ) 
4 184 190 (3072 -1024 -232 ) (3072 -1024 -166 ) (3072 0 -166 ) (3072 0 -232 ) 
4 185 189 (3072 0 0 ) (3072 0 632 ) (2048 0 632 ) (2048 0 0 ) 
4 185 187 (2048 1024 632 ) (2048 1024 0 ) (2048 0 0 ) (2048 0 632 ) 
4 186 190 (3072 0 -232 ) (3072 0 -166 ) (2048 0 -166 ) (2048 0 -232 ) 
4 186 188 (2048 1024 -166 ) (2048 1024 -232 ) (2048 0 -232 ) (2048 0 -166 ) 
4 187 411 (1024 0 0 ) (1024 0 112 ) (1024 1024 112 ) (1024 1024 0 ) 
4 187 404 (1024 0 112 ) (1024 0 632 ) (1024 1024 632 ) (1024 1024 112 ) 
4 187 191 (2048 0 0 ) (2048 0 632 ) (1024 0 632 ) (1024 0 0 ) 
4 188 412 (1024 0 -232 ) (1024 0 -166 ) (1024 1024 -166 ) (1024 1024 -232 ) 
4 188 192 (2048 0 -232 ) (2048 0 -166 ) (1024 0 -166 ) (1024 0 -232 ) 
4 189 197 (3072 -1024 0 ) (3072 -1024 632 ) (2048 -1024 632 ) (2048 -1024 0 ) 
4 189 191 (2048 0 632 ) (2048 0 0 ) (2048 -1024 0 ) (2048 -1024 632 ) 
4 190 198 (3072 -1024 -232 ) (3072 -1024 -166 ) (2048 -1024 -166 ) (2048 -1024 -232 ) 
4 190 192 (2048 0 -166 ) (2048 0 -232 ) (2048 -1024 -232 ) (2048 -1024 -166 ) 
4 191 480 (1024 -1024 0 ) (1024 -1024 20 ) (1024 0 20 ) (1024 0 0 ) 
4 191 471 (1024 -1024 20 ) (1024 -1024 178 ) (1024 -1002 178 ) (1024 -1002 20 ) 
4 191 462 (1024 -1002 178 ) (1024 0 178 ) (1024 0 78 ) (1024 -1002 78 ) 
4 191 470 (1024 0 78 ) (1024 0 20 ) (1024 -1002 20 ) (1024 -1002 78 ) 
4 191 456 (1024 -1024 178 ) (1024 -1024 632 ) (1024 0 632 ) (1024 0 178 ) 
4 191 199 (2048 -1024 0 ) (2048 -1024 632 ) (1024 -1024 632 ) (1024 -1024 0 ) 
4 192 487 (1024 -1024 -232 ) (1024 -1024 -166 ) (1024 0 -166 ) (1024 0 -232 ) 
4 192 200 (2048 -1024 -232 ) (2048 -1024 -166 ) (1024 -1024 -166 ) (1024 -1024 -232 ) 
4 193 197 (3072 -1024 632 ) (3072 -1024 0 ) (3072 -2048 0 ) (3072 -2048 632 ) 
4 193 195 (4096 -2048 0 ) (4096 -2048 632 ) (3072 -2048 632 ) (3072 -2048 0 ) 
4 194 198 (3072 -1024 -166 ) (3072 -1024 -232 ) (3072 -2048 -232 ) (3072 -2048 -166 ) 
4 194 196 (4096 -2048 -232 ) (4096 -2048 -166 ) (3072 -2048 -166 ) (3072 -2048 -232 ) 
4 195 219 (4096 -3072 0 ) (4096 -3072 632 ) (3072 -3072 632 ) (3072 -3072 0 ) 
4 195 201 (3072 -3072 0 ) (3072 -3072 632 ) (3072 -2048 632 ) (3072 -2048 0 ) 
4 196 220 (4096 -3072 -232 ) (4096 -3072 -166 ) (3072 -3072 -166 ) (3072 -3072 -232 ) 
4 196 202 (3072 -3072 -232 ) (3072 -3072 -166 ) (3072 -2048 -166 ) (3072 -2048 -232 ) 
4 197 201 (3072 -2048 0 ) (3072 -2048 632 ) (2048 -2048 632 ) (2048 -2048 0 ) 
4 197 199 (2048 -1024 632 ) (2048 -1024 0 ) (2048 -2048 0 ) (2048 -2048 632 ) 
4 198 202 (3072 -2048 -232 ) (3072 -2048 -166 ) (2048 -2048 -166 ) (2048 -2048 -232 ) 
4 198 200 (2048 -1024 -166 ) (2048 -1024 -232 ) (2048 -2048 -232 ) (2048 -2048 -166 ) 
4 199 580 (1024 -2048 0 ) (1024 -2048 632 ) (1024 -1024 632 ) (1024 -1024 0 ) 
4 199 203 (2048 -2048 0 ) (2048 -2048 632 ) (1024 -2048 632 ) (1024 -2048 0 ) 
4 200 581 (1024 -2048 -232 ) (1024 -2048 -166 ) (1024 -1024 -166 ) (1024 -1024 -232 ) 
4 200 204 (2048 -2048 -232 ) (2048 -2048 -166 ) (1024 -2048 -166 ) (1024 -2048 -232 ) 
4 201 225 (3072 -3072 0 ) (3072 -3072 632 ) (2048 -3072 632 ) (2048 -3072 0 ) 
4 201 203 (2048 -2048 632 ) (2048 -2048 0 ) (2048 -3072 0 ) (2048 -3072 632 ) 
4 202 226 (3072 -3072 -232 ) (3072 -3072 -166 ) (2048 -3072 -166 ) (2048 -3072 -232 ) 
4 202 204 (2048 -2048 -166 ) (2048 -2048 -232 ) (2048 -3072 -232 ) (2048 -3072 -166 ) 
4 203 584 (1024 -3072 0 ) (1024 -3072 632 ) (1024 -2048 632 ) (1024 -2048 0 ) 
4 203 227 (2048 -3072 0 ) (2048 -3072 632 ) (1024 -3072 632 ) (1024 -3072 0 ) 
4 204 585 (1024 -3072 -232 ) (1024 -3072 -166 ) (1024 -2048 -166 ) (1024 -2048 -232 ) 
4 204 228 (2048 -3072 -232 ) (2048 -3072 -166 ) (1024 -3072 -166 ) (1024 -3072 -232 ) 
4 205 209 (6144 -4096 0 ) (6144 -4096 632 ) (5120 -4096 632 ) (5120 -4096 0 ) 
4 205 207 (5120 -4096 0 ) (5120 -4096 632 ) (5120 -3072 632 ) (5120 -3072 0 ) 
4 206 211 (6144 -4096 -232 ) (6144 -4096 -166 ) (5120 -4096 -166 ) (5120 -4096 -232 ) 
4 206 208 (5120 -4096 -232 ) (5120 -4096 -166 ) (5120 -3072 -166 ) (5120 -3072 -232 ) 
4 207 219 (4096 -3072 632 ) (4096 -3072 0 ) (4096 -4096 0 ) (4096 -4096 632 ) 
4 207 213 (4096 -4096 632 ) (4096 -4096 0 ) (5120 -4096 0 ) (5120 -4096 632 ) 
4 208 220 (4096 -3072 -166 ) (4096 -3072 -232 ) (4096 -4096 -232 ) (4096 -4096 -166 ) 
4 208 215 (4096 -4096 -166 ) (4096 -4096 -232 ) (5120 -4096 -232 ) (5120 -4096 -166 ) 
4 209 217 (6144 -5120 0 ) (6144 -5120 632 ) (5120 -5120 632 ) (5120 -5120 0 ) 
4 209 213 (5120 -4096 632 ) (5120 -4096 0 ) (5120 -5120 0 ) (5120 -5120 632 ) 
4 209 210 (6144 -5120 0 ) (5120 -5120 0 ) (5120 -4944 0 ) (6144 -4944 0 ) 
4 210 217 (6144 -5120 -120 ) (6144 -5120 0 ) (5120 -5120 0 ) (5120 -5120 -120 ) 
4 210 214 (5120 -4944 -120 ) (5120 -5120 -120 ) (5120 -5120 0 ) (5120 -4944 0 ) 
4 210 212 (6144 -4944 -120 ) (6144 -5120 -120 ) (5120 -5120 -120 ) (5120 -4944 -120 ) 
4 211 215 (5120 -4096 -166 ) (5120 -4096 -232 ) (5120 -4944 -232 ) (5120 -4944 -166 ) 
4 211 212 (5120 -4944 -232 ) (6144 -4944 -232 ) (6144 -4944 -166 ) (5120 -4944 -166 ) 
4 212 217 (6144 -5120 -232 ) (6144 -5120 -120 ) (5120 -5120 -120 ) (5120 -5120 -232 ) 
4 212 216 (5120 -4944 -232 ) (5120 -5120 -232 ) (5120 -5120 -120 ) (5120 -4944 -120 ) 
4 213 221 (4096 -5120 0 ) (4096 -5120 632 ) (4096 -4096 632 ) (4096 -4096 0 ) 
4 213 218 (5120 -5120 0 ) (5120 -5120 632 ) (4096 -5120 632 ) (4096 -5120 0 ) 
4 213 214 (5120 -5120 0 ) (4096 -5120 0 ) (4096 -4944 0 ) (5120 -4944 0 ) 
4 214 222 (4096 -5120 -120 ) (4096 -5120 0 ) (4096 -4944 0 ) (4096 -4944 -120 ) 
4 214 218 (5120 -5120 -120 ) (5120 -5120 0 ) (4096 -5120 0 ) (4096 -5120 -120 ) 
4 214 216 (4096 -5120 -120 ) (4096 -4944 -120 ) (5120 -4944 -120 ) (5120 -5120 -120 ) 
4 215 223 (4096 -4096 -166 ) (4096 -4096 -232 ) (4096 -4944 -232 ) (4096 -4944 -166 ) 
4 215 216 (4096 -4944 -232 ) (5120 -4944 -232 ) (5120 -4944 -166 ) (4096 -4944 -166 ) 
4 216 224 (4096 -5120 -232 ) (4096 -5120 -120 ) (4096 -4944 -120 ) (4096 -4944 -232 ) 
4 216 218 (5120 -5120 -232 ) (5120 -5120 -120 ) (4096 -5120 -120 ) (4096 -5120 -232 ) 
4 217 218 (5120 -5336 632 ) (5120 -5120 632 ) (5120 -5120 -232 ) (5120 -5336 -232 ) 
4 218 237 (4096 -5336 632 ) (4096 -5120 632 ) (4096 -5120 -232 ) (4096 -5336 -232 ) 
4 219 225 (3072 -3072 632 ) (3072 -3072 0 ) (3072 -4096 0 ) (3072 -4096 632 ) 
4 219 221 (4096 -4096 0 ) (4096 -4096 632 ) (3072 -4096 632 ) (3072 -4096 0 ) 
4 220 226 (3072 -3072 -166 ) (3072 -3072 -232 ) (3072 -4096 -232 ) (3072 -4096 -166 ) 
4 220 223 (4096 -4096 -232 ) (4096 -4096 -166 ) (3072 -4096 -166 ) (3072 -4096 -232 ) 
4 221 237 (4096 -5120 0 ) (4096 -5120 632 ) (3072 -5120 632 ) (3072 -5120 0 ) 
4 221 229 (3072 -5120 0 ) (3072 -5120 632 ) (3072 -4096 632 ) (3072 -4096 0 ) 
4 221 222 (4096 -5120 0 ) (3072 -5120 0 ) (3072 -4944 0 ) (4096 -4944 0 ) 
4 222 237 (4096 -5120 -120 ) (4096 -5120 0 ) (3072 -5120 0 ) (3072 -5120 -120 ) 
4 222 230 (3072 -5120 -120 ) (3072 -5120 0 ) (3072 -4944 0 ) (3072 -4944 -120 ) 
4 222 224 (3072 -5120 -120 ) (3072 -4944 -120 ) (4096 -4944 -120 ) (4096 -5120 -120 ) 
4 223 231 (3072 -4096 -166 ) (3072 -4096 -232 ) (3072 -4944 -232 ) (3072 -4944 -166 ) 
4 223 224 (3072 -4944 -232 ) (4096 -4944 -232 ) (4096 -4944 -166 ) (3072 -4944 -166 ) 
4 224 237 (4096 -5120 -232 ) (4096 -5120 -120 ) (3072 -5120 -120 ) (3072 -5120 -232 ) 
4 224 232 (3072 -5120 -232 ) (3072 -5120 -120 ) (3072 -4944 -120 ) (3072 -4944 -232 ) 
4 225 229 (3072 -4096 0 ) (3072 -4096 632 ) (2048 -4096 632 ) (2048 -4096 0 ) 
4 225 227 (2048 -3072 632 ) (2048 -3072 0 ) (2048 -4096 0 ) (2048 -4096 632 ) 
4 226 231 (3072 -4096 -232 ) (3072 -4096 -166 ) (2048 -4096 -166 ) (2048 -4096 -232 ) 
4 226 228 (2048 -3072 -166 ) (2048 -3072 -232 ) (2048 -4096 -232 ) (2048 -4096 -166 ) 
4 227 596 (1024 -4096 0 ) (1024 -4096 632 ) (1024 -3072 632 ) (1024 -3072 0 ) 
4 227 233 (2048 -4096 0 ) (2048 -4096 632 ) (1024 -4096 632 ) (1024 -4096 0 ) 
4 228 597 (1024 -4096 -232 ) (1024 -4096 -166 ) (1024 -3072 -166 ) (1024 -3072 -232 ) 
4 228 235 (2048 -4096 -232 ) (2048 -4096 -166 ) (1024 -4096 -166 ) (1024 -4096 -232 ) 
4 229 238 (3072 -5120 0 ) (3072 -5120 632 ) (2048 -5120 632 ) (2048 -5120 0 ) 
4 229 233 (2048 -4096 632 ) (2048 -4096 0 ) (2048 -5120 0 ) (2048 -5120 632 ) 
4 229 230 (3072 -5120 0 ) (2048 -5120 0 ) (2048 -4944 0 ) (3072 -4944 0 ) 
4 230 238 (3072 -5120 -120 ) (3072 -5120 0 ) (2048 -5120 0 ) (2048 -5120 -120 ) 
4 230 234 (2048 -4944 -120 ) (2048 -5120 -120 ) (2048 -5120 0 ) (2048 -4944 0 ) 
4 230 232 (3072 -4944 -120 ) (3072 -5120 -120 ) (2048 -5120 -120 ) (2048 -4944 -120 ) 
4 231 235 (2048 -4096 -166 ) (2048 -4096 -232 ) (2048 -4944 -232 ) (2048 -4944 -166 ) 
4 231 232 (2048 -4944 -232 ) (3072 -4944 -232 ) (3072 -4944 -166 ) (2048 -4944 -166 ) 
4 232 238 (3072 -5120 -232 ) (3072 -5120 -120 ) (2048 -5120 -120 ) (2048 -5120 -232 ) 
4 232 236 (2048 -4944 -232 ) (2048 -5120 -232 ) (2048 -5120 -120 ) (2048 -4944 -120 ) 
4 233 600 (1024 -5120 0 ) (1024 -5120 632 ) (1024 -4096 632 ) (1024 -4096 0 ) 
4 233 239 (2048 -5120 0 ) (2048 -5120 632 ) (1024 -5120 632 ) (1024 -5120 0 ) 
4 233 234 (2048 -5120 0 ) (1024 -5120 0 ) (1024 -4944 0 ) (2048 -4944 0 ) 
4 234 601 (1024 -5120 -120 ) (1024 -5120 0 ) (1024 -4944 0 ) (1024 -4944 -120 ) 
4 234 239 (2048 -5120 -120 ) (2048 -5120 0 ) (1024 -5120 0 ) (1024 -5120 -120 ) 
4 234 236 (2048 -4944 -120 ) (2048 -5120 -120 ) (1024 -5120 -120 ) (1024 -4944 -120 ) 
4 235 602 (1024 -4096 -166 ) (1024 -4096 -232 ) (1024 -4944 -232 ) (1024 -4944 -166 ) 
4 235 236 (1024 -4944 -232 ) (2048 -4944 -232 ) (2048 -4944 -166 ) (1024 -4944 -166 ) 
4 236 603 (1024 -5120 -232 ) (1024 -5120 -120 ) (1024 -4944 -120 ) (1024 -4944 -232 ) 
4 236 239 (2048 -5120 -232 ) (2048 -5120 -120 ) (1024 -5120 -120 ) (1024 -5120 -232 ) 
4 237 238 (3072 -5120 632 ) (3072 -5120 -232 ) (3072 -5336 -232 ) (3072 -5336 632 ) 
4 238 239 (2048 -5120 632 ) (2048 -5120 -232 ) (2048 -5336 -232 ) (2048 -5336 632 ) 
4 239 620 (1024 -5336 632 ) (1024 -5120 632 ) (1024 -5120 -232 ) (1024 -5336 -232 ) 
4 240 244 (0 6920 -120 ) (0 6400 -120 ) (0 6400 632 ) (0 6920 632 ) 
4 240 242 (0 6480 -120 ) (0 6920 -120 ) (1024 6920 -120 ) (1024 6480 -120 ) 
4 240 241 (1024 6400 0 ) (1024 6400 632 ) (0 6400 632 ) (0 6400 0 ) 
4 241 248 (1024 6144 0 ) (1024 6144 632 ) (0 6144 632 ) (0 6144 0 ) 
4 241 245 (0 6144 0 ) (0 6144 632 ) (0 6400 632 ) (0 6400 0 ) 
4 242 246 (0 6920 -232 ) (0 6480 -232 ) (0 6480 -120 ) (0 6920 -120 ) 
4 242 243 (0 6480 -232 ) (1024 6480 -232 ) (1024 6480 -166 ) (0 6480 -166 ) 
4 243 249 (1024 6144 -232 ) (1024 6144 -166 ) (0 6144 -166 ) (0 6144 -232 ) 
4 243 247 (0 6480 -232 ) (0 6144 -232 ) (0 6144 -166 ) (0 6480 -166 ) 
4 244 252 (-1024 6400 632 ) (-1024 6920 632 ) (-1024 6920 -120 ) (-1024 6400 -120 ) 
4 244 246 (0 6920 -120 ) (0 6480 -120 ) (-1024 6480 -120 ) (-1024 6920 -120 ) 
4 244 245 (0 6400 0 ) (0 6400 632 ) (-1024 6400 632 ) (-1024 6400 0 ) 
4 245 253 (-1024 6144 0 ) (-1024 6144 632 ) (-1024 6400 632 ) (-1024 6400 0 ) 
4 245 250 (-1024 6144 632 ) (-1024 6144 0 ) (0 6144 0 ) (0 6144 632 ) 
4 246 254 (-1024 6480 -120 ) (-1024 6920 -120 ) (-1024 6920 -232 ) (-1024 6480 -232 ) 
4 246 247 (-1024 6480 -232 ) (0 6480 -232 ) (0 6480 -166 ) (-1024 6480 -166 ) 
4 247 255 (-1024 6144 -232 ) (-1024 6144 -166 ) (-1024 6480 -166 ) (-1024 6480 -232 ) 
4 247 251 (-1024 6144 -166 ) (-1024 6144 -232 ) (0 6144 -232 ) (0 6144 -166 ) 
4 248 264 (1024 5120 0 ) (1024 5120 632 ) (0 5120 632 ) (0 5120 0 ) 
4 248 250 (0 6144 632 ) (0 6144 0 ) (0 5120 0 ) (0 5120 632 ) 
4 249 265 (1024 5120 -232 ) (1024 5120 -166 ) (0 5120 -166 ) (0 5120 -232 ) 
4 249 251 (0 6144 -166 ) (0 6144 -232 ) (0 5120 -232 ) (0 5120 -166 ) 
4 250 266 (0 5120 0 ) (0 5120 632 ) (-1024 5120 632 ) (-1024 5120 0 ) 
4 250 260 (-1024 5120 0 ) (-1024 5120 632 ) (-1024 6144 632 ) (-1024 6144 0 ) 
4 251 267 (0 5120 -232 ) (0 5120 -166 ) (-1024 5120 -166 ) (-1024 5120 -232 ) 
4 251 261 (-1024 5120 -232 ) (-1024 5120 -166 ) (-1024 6144 -166 ) (-1024 6144 -232 ) 
4 252 256 (-2048 6920 -120 ) (-2048 6400 -120 ) (-2048 6400 632 ) (-2048 6920 632 ) 
4 252 254 (-2048 6480 -120 ) (-2048 6920 -120 ) (-1024 6920 -120 ) (-1024 6480 -120 ) 
4 252 253 (-1024 6400 0 ) (-1024 6400 632 ) (-2048 6400 632 ) (-2048 6400 0 ) 
4 253 260 (-1024 6144 0 ) (-1024 6144 632 ) (-2048 6144 632 ) (-2048 6144 0 ) 
4 253 257 (-2048 6144 0 ) (-2048 6144 632 ) (-2048 6400 632 ) (-2048 6400 0 ) 
4 254 258 (-2048 6920 -232 ) (-2048 6480 -232 ) (-2048 6480 -120 ) (-2048 6920 -120 ) 
4 254 255 (-2048 6480 -232 ) (-1024 6480 -232 ) (-1024 6480 -166 ) (-2048 6480 -166 ) 
4 255 261 (-1024 6144 -232 ) (-1024 6144 -166 ) (-2048 6144 -166 ) (-2048 6144 -232 ) 
4 255 259 (-2048 6480 -232 ) (-2048 6144 -232 ) (-2048 6144 -166 ) (-2048 6480 -166 ) 
4 256 344 (-3072 6400 632 ) (-3072 6920 632 ) (-3072 6920 -120 ) (-3072 6400 -120 ) 
4 256 258 (-2048 6920 -120 ) (-2048 6480 -120 ) (-3072 6480 -120 ) (-3072 6920 -120 ) 
4 256 257 (-2048 6400 0 ) (-2048 6400 632 ) (-3072 6400 632 ) (-3072 6400 0 ) 
4 257 345 (-3072 6144 0 ) (-3072 6144 632 ) (-3072 6400 632 ) (-3072 6400 0 ) 
4 257 262 (-3072 6144 632 ) (-3072 6144 0 ) (-2048 6144 0 ) (-2048 6144 632 ) 
4 258 346 (-3072 6480 -120 ) (-3072 6920 -120 ) (-3072 6920 -232 ) (-3072 6480 -232 ) 
4 258 259 (-3072 6480 -232 ) (-2048 6480 -232 ) (-2048 6480 -166 ) (-3072 6480 -166 ) 
4 259 347 (-3072 6144 -232 ) (-3072 6144 -166 ) (-3072 6480 -166 ) (-3072 6480 -232 ) 
4 259 263 (-3072 6144 -166 ) (-3072 6144 -232 ) (-2048 6144 -232 ) (-2048 6144 -166 ) 
4 260 272 (-1024 5120 0 ) (-1024 5120 632 ) (-2048 5120 632 ) (-2048 5120 0 ) 
4 260 262 (-2048 6144 632 ) (-2048 6144 0 ) (-2048 5120 0 ) (-2048 5120 632 ) 
4 261 273 (-1024 5120 -232 ) (-1024 5120 -166 ) (-2048 5120 -166 ) (-2048 5120 -232 ) 
4 261 263 (-2048 6144 -166 ) (-2048 6144 -232 ) (-2048 5120 -232 ) (-2048 5120 -166 ) 
4 262 352 (-3072 5120 0 ) (-3072 5120 632 ) (-3072 6144 632 ) (-3072 6144 0 ) 
4 262 274 (-2048 5120 0 ) (-2048 5120 632 ) (-3072 5120 632 ) (-3072 5120 0 ) 
4 263 353 (-3072 5120 -232 ) (-3072 5120 -166 ) (-3072 6144 -166 ) (-3072 6144 -232 ) 
4 263 275 (-2048 5120 -232 ) (-2048 5120 -166 ) (-3072 5120 -166 ) (-3072 5120 -232 ) 
4 264 268 (1024 4096 0 ) (1024 4096 632 ) (0 4096 632 ) (0 4096 0 ) 
4 264 266 (0 4096 0 ) (0 4096 632 ) (0 5120 632 ) (0 5120 0 ) 
4 265 269 (1024 4096 -232 ) (1024 4096 -166 ) (0 4096 -166 ) (0 4096 -232 ) 
4 265 267 (0 4096 -232 ) (0 4096 -166 ) (0 5120 -166 ) (0 5120 -232 ) 
4 266 272 (-1024 4096 0 ) (-1024 4096 632 ) (-1024 5120 632 ) (-1024 5120 0 ) 
4 266 270 (0 4096 0 ) (0 4096 632 ) (-1024 4096 632 ) (-1024 4096 0 ) 
4 267 273 (-1024 4096 -232 ) (-1024 4096 -166 ) (-1024 5120 -166 ) (-1024 5120 -232 ) 
4 267 271 (0 4096 -232 ) (0 4096 -166 ) (-1024 4096 -166 ) (-1024 4096 -232 ) 
4 268 280 (1024 3072 0 ) (1024 3072 632 ) (0 3072 632 ) (0 3072 0 ) 
4 268 270 (0 4096 632 ) (0 4096 0 ) (0 3072 0 ) (0 3072 632 ) 
4 269 281 (1024 3072 -232 ) (1024 3072 -166 ) (0 3072 -166 ) (0 3072 -232 ) 
4 269 271 (0 4096 -166 ) (0 4096 -232 ) (0 3072 -232 ) (0 3072 -166 ) 
4 270 282 (0 3072 0 ) (0 3072 632 ) (-1024 3072 632 ) (-1024 3072 0 ) 
4 270 276 (-1024 3072 0 ) (-1024 3072 632 ) (-1024 4096 632 ) (-1024 4096 0 ) 
4 271 283 (0 3072 -232 ) (0 3072 -166 ) (-1024 3072 -166 ) (-1024 3072 -232 ) 
4 271 277 (-1024 3072 -232 ) (-1024 3072 -166 ) (-1024 4096 -166 ) (-1024 4096 -232 ) 
4 272 276 (-1024 4096 0 ) (-1024 4096 632 ) (-2048 4096 632 ) (-2048 4096 0 ) 
4 272 274 (-2048 4096 0 ) (-2048 4096 632 ) (-2048 5120 632 ) (-2048 5120 0 ) 
4 273 277 (-1024 4096 -232 ) (-1024 4096 -166 ) (-2048 4096 -166 ) (-2048 4096 -232 ) 
4 273 275 (-2048 4096 -232 ) (-2048 4096 -166 ) (-2048 5120 -166 ) (-2048 5120 -232 ) 
4 274 368 (-3072 4096 0 ) (-3072 4096 632 ) (-3072 5120 632 ) (-3072 5120 0 ) 
4 274 278 (-3072 4096 632 ) (-3072 4096 0 ) (-2048 4096 0 ) (-2048 4096 632 ) 
4 275 369 (-3072 4096 -232 ) (-3072 4096 -166 ) (-3072 5120 -166 ) (-3072 5120 -232 ) 
4 275 279 (-3072 4096 -166 ) (-3072 4096 -232 ) (-2048 4096 -232 ) (-2048 4096 -166 ) 
4 276 335 (-1024 3072 0 ) (-1024 3072 632 ) (-2048 3072 632 ) (-2048 3072 0 ) 
4 276 278 (-2048 4096 632 ) (-2048 4096 0 ) (-2048 3072 0 ) (-2048 3072 632 ) 
4 277 336 (-1024 3072 -232 ) (-1024 3072 -166 ) (-2048 3072 -166 ) (-2048 3072 -232 ) 
4 277 279 (-2048 4096 -166 ) (-2048 4096 -232 ) (-2048 3072 -232 ) (-2048 3072 -166 ) 
4 278 372 (-3072 3072 0 ) (-3072 3072 632 ) (-3072 4096 632 ) (-3072 4096 0 ) 
4 278 338 (-3072 3072 632 ) (-3072 3072 0 ) (-2048 3072 0 ) (-2048 3072 632 ) 
4 279 373 (-3072 3072 -232 ) (-3072 3072 -166 ) (-3072 4096 -166 ) (-3072 4096 -232 ) 
4 279 339 (-3072 3072 -166 ) (-3072 3072 -232 ) (-2048 3072 -232 ) (-2048 3072 -166 ) 
4 280 310 (1024 2048 0 ) (1024 2048 64 ) (0 2048 64 ) (0 2048 0 ) 
4 280 309 (200 2048 632 ) (0 2048 632 ) (0 2048 64 ) (200 2048 64 ) 
4 280 302 (280 2048 632 ) (200 2048 632 ) (200 2048 64 ) (280 2048 64 ) 
4 280 300 (1024 2048 64 ) (1024 2048 632 ) (280 2048 632 ) (280 2048 64 ) 
4 280 282 (0 3072 632 ) (0 3072 0 ) (0 2048 0 ) (0 2048 632 ) 
4 281 311 (1024 2048 -232 ) (1024 2048 -166 ) (0 2048 -166 ) (0 2048 -232 ) 
4 281 283 (0 3072 -166 ) (0 3072 -232 ) (0 2048 -232 ) (0 2048 -166 ) 
4 282 335 (-1024 3072 632 ) (-1024 3072 0 ) (-1024 2048 0 ) (-1024 2048 632 ) 
4 282 312 (0 2048 0 ) (0 2048 632 ) (-1024 2048 632 ) (-1024 2048 0 ) 
4 283 336 (-1024 3072 -166 ) (-1024 3072 -232 ) (-1024 2048 -232 ) (-1024 2048 -166 ) 
4 283 313 (0 2048 -232 ) (0 2048 -166 ) (-1024 2048 -166 ) (-1024 2048 -232 ) 
4 284 314 (-572 2048 -433 ) (-594 2048 -433 ) (-594 2048 -502 ) (-572 2048 -502 ) 
4 284 297 (-572 2048 -502 ) (-594 2048 -502 ) (-594 2059 -502 ) (-572 2059 -502 ) 
4 284 296 (-594 2059 -502 ) (-594 2097 -502 ) (-572 2097 -502 ) (-572 2059 -502 ) 
4 284 286 (-594 2097 -502 ) (-594 2048 -502 ) (-594 2048 -433 ) (-594 2097 -433 ) 
4 285 288 (-616 2747 -502 ) (-616 2197 -502 ) (-616 2197 -423 ) (-616 2747 -423 ) 
4 285 287 (-616 2197 -423 ) (-616 2197 -359 ) (-616 2747 -359 ) (-616 2747 -423 ) 
4 286 314 (-616 2048 -433 ) (-616 2048 -502 ) (-594 2048 -502 ) (-594 2048 -433 ) 
4 286 297 (-594 2059 -502 ) (-594 2048 -502 ) (-616 2048 -502 ) (-616 2059 -502 ) 
4 286 296 (-594 2097 -502 ) (-594 2059 -502 ) (-616 2059 -502 ) (-616 2097 -502 ) 
4 286 289 (-616 2097 -502 ) (-616 2048 -502 ) (-616 2048 -433 ) (-616 2097 -433 ) 
4 287 290 (-661 2747 -359 ) (-661 2747 -423 ) (-661 2197 -423 ) (-661 2197 -359 ) 
4 287 288 (-661 2197 -423 ) (-661 2747 -423 ) (-616 2747 -423 ) (-616 2197 -423 ) 
4 288 291 (-661 2747 -433 ) (-661 2747 -502 ) (-661 2197 -502 ) (-661 2197 -433 ) 
4 288 290 (-661 2747 -423 ) (-661 2747 -433 ) (-661 2197 -433 ) (-661 2197 -423 ) 
4 289 314 (-661 2048 -433 ) (-661 2048 -502 ) (-616 2048 -502 ) (-616 2048 -433 ) 
4 289 297 (-616 2059 -502 ) (-616 2048 -502 ) (-661 2048 -502 ) (-661 2059 -502 ) 
4 289 296 (-616 2097 -502 ) (-616 2059 -502 ) (-661 2059 -502 ) (-661 2097 -502 ) 
4 289 293 (-661 2059 -502 ) (-661 2048 -502 ) (-661 2048 -433 ) (-661 2059 -433 ) 
4 289 292 (-661 2097 -502 ) (-661 2059 -502 ) (-661 2059 -433 ) (-661 2097 -433 ) 
4 290 337 (-1024 2197 -359 ) (-1024 2747 -359 ) (-1024 2747 -433 ) (-1024 2197 -433 ) 
4 290 291 (-1024 2197 -433 ) (-1024 2747 -433 ) (-661 2747 -433 ) (-661 2197 -433 ) 
4 291 337 (-1024 2747 -502 ) (-1024 2197 -502 ) (-1024 2197 -433 ) (-1024 2747 -433 ) 
4 292 296 (-1000 2059 -502 ) (-1000 2097 -502 ) (-661 2097 -502 ) (-661 2059 -502 ) 
4 292 294 (-710.190063 2059 -485 ) (-710.190063 2059 -433 ) (-918.190063 2059 -433 ) (-918.190063 2059 -485 ) 
4 292 293 (-710.190063 2059 -502 ) (-661 2059 -502 ) (-661 2059 -433 ) (-710.190063 2059 -433 ) 
4 292 295 (-1000 2059 -433 ) (-1000 2059 -502 ) (-918.190063 2059 -502 ) (-918.190063 2059 -433 ) 
4 293 314 (-710.190063 2048 -502 ) (-661 2048 -502 ) (-661 2048 -433 ) (-710.190063 2048 -433 ) 
4 293 297 (-661 2048 -502 ) (-710.190063 2048 -502 ) (-710.190063 2059 -502 ) (-661 2059 -502 ) 
4 293 294 (-710.190063 2059 -433 ) (-710.190063 2059 -485 ) (-710.190063 2048 -485 ) (-710.190063 2048 -433 ) 
4 294 315 (-710.190063 2048 -485 ) (-710.190063 2048 -433 ) (-918.190063 2048 -433 ) (-918.190063 2048 -485 ) 
4 294 295 (-918.190063 2059 -433 ) (-918.190063 2059 -485 ) (-918.190063 2048 -485 ) (-918.190063 2048 -433 ) 
4 295 317 (-1000 2048 -502 ) (-918.190063 2048 -502 ) (-918.190063 2048 -433 ) (-1000 2048 -433 ) 
4 295 299 (-918.190063 2048 -502 ) (-1000 2048 -502 ) (-1000 2059 -502 ) (-918.190063 2059 -502 ) 
4 296 298 (-918.190063 2059 -671 ) (-710.190063 2059 -671 ) (-710.190063 2059 -643 ) (-918.190063 2059 -643 ) 
4 296 297 (-710.190063 2059 -671 ) (-572 2059 -671 ) (-572 2059 -502 ) (-710.190063 2059 -502 ) 
4 296 299 (-1000 2059 -502 ) (-1000 2059 -671 ) (-918.190063 2059 -671 ) (-918.190063 2059 -502 ) 
4 297 332 (-710.190063 2048 -655 ) (-710.190063 2048 -671 ) (-593 2048 -671 ) (-593 2048 -655 ) 
4 297 331 (-593 2048 -671 ) (-572 2048 -671 ) (-572 2048 -655 ) (-593 2048 -655 ) 
4 297 314 (-572 2048 -502 ) (-710.190063 2048 -502 ) (-710.190063 2048 -655 ) (-572 2048 -655 ) 
4 297 298 (-710.190063 2059 -643 ) (-710.190063 2059 -671 ) (-710.190063 2048 -671 ) (-710.190063 2048 -643 ) 
4 298 332 (-918.190063 2048 -655 ) (-918.190063 2048 -671 ) (-710.190063 2048 -671 ) (-710.190063 2048 -655 ) 
4 298 316 (-918.190063 2048 -643 ) (-918.190063 2048 -655 ) (-710.190063 2048 -655 ) (-710.190063 2048 -643 ) 
4 298 299 (-918.190063 2059 -643 ) (-918.190063 2059 -671 ) (-918.190063 2048 -671 ) (-918.190063 2048 -643 ) 
4 299 334 (-1000 2048 -655 ) (-1000 2048 -671 ) (-993 2048 -671 ) (-993 2048 -655 ) 
4 299 332 (-993 2048 -671 ) (-918.190063 2048 -671 ) (-918.190063 2048 -655 ) (-993 2048 -655 ) 
4 299 317 (-918.190063 2048 -502 ) (-1000 2048 -502 ) (-1000 2048 -655 ) (-918.190063 2048 -655 ) 
4 300 411 (1024 1024 64 ) (1024 1024 112 ) (280 1024 112 ) (280 1024 64 ) 
4 300 404 (1024 1024 112 ) (1024 1024 632 ) (280 1024 632 ) (280 1024 112 ) 
4 300 310 (280 2048 64 ) (1024 2048 64 ) (1024 1024 64 ) (280 1024 64 ) 
5 300 308 (280 1271.857178 64 ) (280 1024 64 ) (280 1024 632 ) (280 1364 632 ) (280 1364 136.336395 ) 
4 300 307 (280 1364 136.336411 ) (280 1364 632 ) (280 1440 632 ) (280 1440 196 ) 
4 300 306 (280 1440 64 ) (280 1364 64 ) (280 1364 112 ) (280 1440 192.004059 ) 
4 300 305 (280 1548 64 ) (280 1440 64 ) (280 1440 632 ) (280 1548 632 ) 
4 300 304 (280 1548 196 ) (280 1548 632 ) (280 1620 632 ) (280 1620 139.476501 ) 
5 300 302 (280 2048 64 ) (280 1716.142700 64 ) (280 1620 139.476532 ) (280 1620 632 ) (280 2048 632 ) 
4 300 301 (280 1620 64 ) (280 1548 64 ) (280 1548 191.996078 ) (280 1620 111.996117 ) 
4 301 310 (280 1620 64 ) (280 1548 64 ) (200 1548 64 ) (200 1620 64 ) 
4 301 309 (200 1620 64 ) (200 1548 64 ) (200 1548 192 ) (200 1620 112 ) 
4 301 305 (280 1548 64 ) (280 1548 191.996078 ) (200 1548 192 ) (200 1548 64 ) 
4 302 310 (200 2048 64 ) (280 2048 64 ) (280 1716.142700 64 ) (200 1716.137695 64 ) 
5 302 309 (200 2048 632 ) (200 2048 64 ) (200 1716.137695 64 ) (200 1620 139.472580 ) (200 1620 632 ) 
4 302 304 (280 1620 139.476639 ) (280 1620 632 ) (200 1620 632 ) (200 1620 139.472565 ) 
4 302 303 (280 1620 139.476883 ) (200 1620 139.472885 ) (200 1716.138062 64 ) (280 1716.144531 64 ) 
4 304 309 (200 1548 195.995987 ) (200 1548 632 ) (200 1620 632 ) (200 1620 139.472534 ) 
4 304 305 (280 1548 196 ) (280 1548 632 ) (200 1548 632 ) (200 1548 195.996002 ) 
4 305 310 (280 1548 64 ) (280 1440 64 ) (200 1440 64 ) (200 1548 64 ) 
4 305 309 (200 1548 64 ) (200 1440 64 ) (200 1440 632 ) (200 1548 632 ) 
4 305 307 (280 1440 196 ) (280 1440 632 ) (200 1440 632 ) (200 1440 196 ) 
4 305 306 (280 1440 64 ) (280 1440 192.004059 ) (200 1440 192.004059 ) (200 1440 64 ) 
4 306 310 (280 1440 64 ) (280 1364 64 ) (200 1364 64 ) (200 1440 64 ) 
4 306 309 (200 1440 64 ) (200 1364 64 ) (200 1364 112 ) (200 1440 192.004059 ) 
4 307 309 (200 1364 136.336411 ) (200 1364 632 ) (200 1440 632 ) (200 1440 196 ) 
4 307 308 (280 1364 136.336411 ) (280 1364 632 ) (200 1364 632 ) (200 1364 136.336365 ) 
4 308 411 (200 1024 112 ) (200 1024 64 ) (280 1024 64 ) (280 1024 112 ) 
4 308 405 (200 1024 632 ) (200 1024 112 ) (280 1024 112 ) (280 1024 632 ) 
4 308 310 (280 1271.857178 64 ) (280 1024 64 ) (200 1024 64 ) (200 1271.857178 64 ) 
5 308 309 (200 1271.857178 64 ) (200 1024 64 ) (200 1024 632 ) (200 1364 632 ) (200 1364 136.336395 ) 
4 309 411 (0 1024 112 ) (0 1024 64 ) (200 1024 64 ) (200 1024 112 ) 
4 309 410 (0 1024 632 ) (0 1024 112 ) (200 1024 112 ) (200 1024 632 ) 
4 309 312 (0 2048 632 ) (0 2048 64 ) (0 1024 64 ) (0 1024 632 ) 
4 309 310 (0 2048 64 ) (200 2048 64 ) (200 1024 64 ) (0 1024 64 ) 
4 310 411 (1024 1024 0 ) (1024 1024 64 ) (0 1024 64 ) (0 1024 0 ) 
4 310 312 (0 2048 64 ) (0 2048 0 ) (0 1024 0 ) (0 1024 64 ) 
4 311 412 (1024 1024 -232 ) (1024 1024 -166 ) (0 1024 -166 ) (0 1024 -232 ) 
4 311 313 (0 2048 -166 ) (0 2048 -232 ) (0 1024 -232 ) (0 1024 -166 ) 
4 312 413 (0 1024 0 ) (0 1024 632 ) (-1024 1024 632 ) (-1024 1024 0 ) 
4 312 340 (-1024 1024 0 ) (-1024 1024 632 ) (-1024 2048 632 ) (-1024 2048 0 ) 
4 313 414 (0 1024 -232 ) (0 1024 -166 ) (-1024 1024 -166 ) (-1024 1024 -232 ) 
4 313 341 (-1024 1024 -232 ) (-1024 1024 -166 ) (-1024 2048 -166 ) (-1024 2048 -232 ) 
4 314 332 (-593 2043 -655 ) (-710.190063 2043 -655 ) (-710.190063 2048 -655 ) (-593 2048 -655 ) 
4 314 331 (-572 2043 -655 ) (-593 2043 -655 ) (-593 2048 -655 ) (-572 2048 -655 ) 
4 314 321 (-710.190063 2043 -655 ) (-596 2043 -655 ) (-596 2043 -433 ) (-710.190063 2043 -433 ) 
4 314 319 (-596 2043 -655 ) (-592 2043 -655 ) (-592 2043 -433 ) (-596 2043 -433 ) 
4 314 318 (-592 2043 -655 ) (-572 2043 -655 ) (-572 2043 -433 ) (-592 2043 -433 ) 
4 314 315 (-710.190063 2043 -485 ) (-710.190063 2043 -433 ) (-710.190063 2048 -433 ) (-710.190063 2048 -485 ) 
4 314 316 (-710.190063 2048 -655 ) (-710.190063 2043 -655 ) (-710.190063 2043 -643 ) (-710.190063 2048 -643 ) 
4 315 326 (-898.190063 2043 -433 ) (-918.190063 2043 -433 ) (-918.190063 2043 -485 ) (-898.190063 2043 -485 ) 
4 315 325 (-730.190063 2043 -433 ) (-898.190063 2043 -433 ) (-898.190063 2043 -485 ) (-730.190063 2043 -485 ) 
4 315 324 (-710.190063 2043 -485 ) (-710.190063 2043 -433 ) (-730.190063 2043 -433 ) (-730.190063 2043 -485 ) 
4 315 317 (-918.190063 2043 -485 ) (-918.190063 2043 -433 ) (-918.190063 2048 -433 ) (-918.190063 2048 -485 ) 
4 316 332 (-710.190063 2043 -655 ) (-918.190063 2043 -655 ) (-918.190063 2048 -655 ) (-710.190063 2048 -655 ) 
4 316 317 (-918.190063 2048 -655 ) (-918.190063 2043 -655 ) (-918.190063 2043 -643 ) (-918.190063 2048 -643 ) 
4 317 334 (-993 2043 -655 ) (-1000 2043 -655 ) (-1000 2048 -655 ) (-993 2048 -655 ) 
4 317 332 (-918.190063 2043 -655 ) (-993 2043 -655 ) (-993 2048 -655 ) (-918.190063 2048 -655 ) 
4 317 327 (-1000 2043 -433 ) (-1000 2043 -655 ) (-918.190063 2043 -655 ) (-918.190063 2043 -433 ) 
4 318 415 (-572 1024 -433 ) (-592 1024 -433 ) (-592 1024 -655 ) (-572 1024 -655 ) 
4 318 331 (-572 1024 -655 ) (-592 1024 -655 ) (-592 2043 -655 ) (-572 2043 -655 ) 
4 318 320 (-592 1024 -479 ) (-592 1024 -433 ) (-592 1035 -433 ) (-592 1035 -479 ) 
4 318 319 (-592 2043 -433 ) (-592 2043 -655 ) (-592 1035 -655 ) (-592 1035 -433 ) 
4 319 332 (-596 1035 -655 ) (-596 2043 -655 ) (-593 2043 -655 ) (-593 1035 -655 ) 
4 319 331 (-593 2043 -655 ) (-592 2043 -655 ) (-592 1035 -655 ) (-593 1035 -655 ) 
4 319 321 (-596 2043 -433 ) (-596 2043 -655 ) (-596 1035 -655 ) (-596 1035 -433 ) 
4 319 320 (-596 1035 -433 ) (-596 1035 -479 ) (-592 1035 -479 ) (-592 1035 -433 ) 
4 320 416 (-592 1024 -433 ) (-596 1024 -433 ) (-596 1024 -479 ) (-592 1024 -479 ) 
4 320 322 (-596 1031 -433 ) (-596 1035 -433 ) (-596 1035 -475 ) (-596 1031 -475 ) 
4 320 323 (-596 1024 -479 ) (-596 1024 -433 ) (-596 1031 -433 ) (-596 1031 -479 ) 
4 321 332 (-710 1035 -655 ) (-710 2043 -655 ) (-596 2043 -655 ) (-596 1035 -655 ) 
4 321 324 (-710 2043 -433 ) (-710 2043 -485 ) (-710 1035 -485 ) (-710 1035 -433 ) 
4 321 322 (-710 1035 -433 ) (-710 1035 -475 ) (-596 1035 -475 ) (-596 1035 -433 ) 
4 322 324 (-710 1031 -475 ) (-710 1031 -433 ) (-710 1035 -433 ) (-710 1035 -475 ) 
4 322 323 (-710 1031 -433 ) (-710 1031 -475 ) (-596 1031 -475 ) (-596 1031 -433 ) 
4 323 417 (-596 1024 -433 ) (-710 1024 -433 ) (-710 1024 -655 ) (-596 1024 -655 ) 
4 323 324 (-710 1024 -485 ) (-710 1024 -433 ) (-710 1031 -433 ) (-710 1031 -485 ) 
4 324 418 (-710 1024 -433 ) (-730.190063 1024 -433 ) (-730.190063 1024 -485 ) (-710 1024 -485 ) 
4 324 325 (-730.190063 2043 -433 ) (-730.190063 2043 -485 ) (-730.190063 1024 -485 ) (-730.190063 1024 -433 ) 
4 325 420 (-730.190063 1024 -433 ) (-898.190063 1024 -433 ) (-898.190063 1024 -640.117065 ) (-730.190063 1024 -640.117065 ) 
4 325 326 (-898.190063 2043 -433 ) (-898.190063 2043 -485 ) (-898.190063 1024 -485 ) (-898.190063 1024 -433 ) 
4 326 422 (-898.190063 1024 -433 ) (-918 1024 -433 ) (-918 1024 -485 ) (-898.190063 1024 -485 ) 
4 326 329 (-918 1035 -485 ) (-918 1024 -485 ) (-918 1024 -433 ) (-918 1035 -433 ) 
4 326 328 (-918 1035 -475 ) (-918 1035 -433 ) (-918 1039 -433 ) (-918 1039 -475 ) 
4 326 327 (-918 2043 -433 ) (-918 2043 -485 ) (-918 1039 -485 ) (-918 1039 -433 ) 
4 327 334 (-1000 1039 -655 ) (-1000 2043 -655 ) (-993 2043 -655 ) (-993 1039 -655 ) 
4 327 332 (-993 2043 -655 ) (-918 2043 -655 ) (-918 1039 -655 ) (-993 1039 -655 ) 
4 327 328 (-1000 1039 -433 ) (-1000 1039 -475 ) (-918 1039 -475 ) (-918 1039 -433 ) 
4 328 330 (-1000 1035 -433 ) (-1000 1035 -475 ) (-996 1035 -475 ) (-996 1035 -433 ) 
4 328 329 (-996 1035 -475 ) (-918 1035 -475 ) (-918 1035 -433 ) (-996 1035 -433 ) 
4 329 424 (-918 1024 -433 ) (-996 1024 -433 ) (-996 1024 -655 ) (-918 1024 -655 ) 
4 329 334 (-993 1024 -655 ) (-996 1024 -655 ) (-996 1035 -655 ) (-993 1035 -655 ) 
4 329 332 (-993 1031 -655 ) (-993 1035 -655 ) (-918 1035 -655 ) (-918 1031 -655 ) 
4 329 330 (-996 1035 -433 ) (-996 1035 -479 ) (-996 1024 -479 ) (-996 1024 -433 ) 
4 330 425 (-996 1024 -433 ) (-1000 1024 -433 ) (-1000 1024 -479 ) (-996 1024 -479 ) 
4 331 428 (-572 1024 -655 ) (-593 1024 -655 ) (-593 1024 -671 ) (-572 1024 -671 ) 
4 331 333 (-593 1031 -671 ) (-593 1024 -671 ) (-593 1024 -659 ) (-593 1031 -659 ) 
4 331 332 (-593 2048 -671 ) (-593 1031 -671 ) (-593 1031 -655 ) (-593 2048 -655 ) 
4 332 334 (-993 2048 -671 ) (-993 1031 -671 ) (-993 1031 -655 ) (-993 2048 -655 ) 
4 332 333 (-993 1031 -659 ) (-993 1031 -671 ) (-593 1031 -671 ) (-593 1031 -659 ) 
4 333 429 (-993 1024 -659 ) (-993 1024 -671 ) (-593 1024 -671 ) (-593 1024 -659 ) 
4 333 334 (-993 1031 -671 ) (-993 1024 -671 ) (-993 1024 -659 ) (-993 1031 -659 ) 
4 334 430 (-993 1024 -655 ) (-1000 1024 -655 ) (-1000 1024 -671 ) (-993 1024 -671 ) 
4 335 340 (-1024 2048 0 ) (-1024 2048 632 ) (-2048 2048 632 ) (-2048 2048 0 ) 
4 335 338 (-2048 3072 632 ) (-2048 3072 0 ) (-2048 2048 0 ) (-2048 2048 632 ) 
4 336 341 (-1024 2048 -232 ) (-1024 2048 -166 ) (-2048 2048 -166 ) (-2048 2048 -232 ) 
4 336 339 (-2048 3072 -166 ) (-2048 3072 -232 ) (-2048 2048 -232 ) (-2048 2048 -166 ) 
4 338 376 (-3072 2048 0 ) (-3072 2048 632 ) (-3072 3072 632 ) (-3072 3072 0 ) 
4 338 342 (-3072 2048 632 ) (-3072 2048 0 ) (-2048 2048 0 ) (-2048 2048 632 ) 
4 339 377 (-3072 2048 -232 ) (-3072 2048 -166 ) (-3072 3072 -166 ) (-3072 3072 -232 ) 
4 339 343 (-3072 2048 -166 ) (-3072 2048 -232 ) (-2048 2048 -232 ) (-2048 2048 -166 ) 
4 340 529 (-1024 1024 0 ) (-1024 1024 632 ) (-2048 1024 632 ) (-2048 1024 0 ) 
4 340 342 (-2048 2048 632 ) (-2048 2048 0 ) (-2048 1024 0 ) (-2048 1024 632 ) 
4 341 530 (-1024 1024 -232 ) (-1024 1024 -166 ) (-2048 1024 -166 ) (-2048 1024 -232 ) 
4 341 343 (-2048 2048 -166 ) (-2048 2048 -232 ) (-2048 1024 -232 ) (-2048 1024 -166 ) 
4 342 550 (-2048 1024 0 ) (-2048 1024 632 ) (-3072 1024 632 ) (-3072 1024 0 ) 
4 342 380 (-3072 1024 0 ) (-3072 1024 632 ) (-3072 2048 632 ) (-3072 2048 0 ) 
4 343 551 (-2048 1024 -232 ) (-2048 1024 -166 ) (-3072 1024 -166 ) (-3072 1024 -232 ) 
4 343 381 (-3072 1024 -232 ) (-3072 1024 -166 ) (-3072 2048 -166 ) (-3072 2048 -232 ) 
4 344 348 (-4096 6920 -120 ) (-4096 6400 -120 ) (-4096 6400 632 ) (-4096 6920 632 ) 
4 344 346 (-4096 6480 -120 ) (-4096 6920 -120 ) (-3072 6920 -120 ) (-3072 6480 -120 ) 
4 344 345 (-3072 6400 0 ) (-3072 6400 632 ) (-4096 6400 632 ) (-4096 6400 0 ) 
4 345 352 (-3072 6144 0 ) (-3072 6144 632 ) (-4096 6144 632 ) (-4096 6144 0 ) 
4 345 349 (-4096 6144 0 ) (-4096 6144 632 ) (-4096 6400 632 ) (-4096 6400 0 ) 
4 346 350 (-4096 6920 -232 ) (-4096 6480 -232 ) (-4096 6480 -120 ) (-4096 6920 -120 ) 
4 346 347 (-4096 6480 -232 ) (-3072 6480 -232 ) (-3072 6480 -166 ) (-4096 6480 -166 ) 
4 347 353 (-3072 6144 -232 ) (-3072 6144 -166 ) (-4096 6144 -166 ) (-4096 6144 -232 ) 
4 347 351 (-4096 6480 -232 ) (-4096 6144 -232 ) (-4096 6144 -166 ) (-4096 6480 -166 ) 
4 348 356 (-5120 6400 632 ) (-5120 6920 632 ) (-5120 6920 -120 ) (-5120 6400 -120 ) 
4 348 350 (-4096 6920 -120 ) (-4096 6480 -120 ) (-5120 6480 -120 ) (-5120 6920 -120 ) 
4 348 349 (-4096 6400 0 ) (-4096 6400 632 ) (-5120 6400 632 ) (-5120 6400 0 ) 
4 349 357 (-5120 6144 0 ) (-5120 6144 632 ) (-5120 6400 632 ) (-5120 6400 0 ) 
4 349 354 (-5120 6144 632 ) (-5120 6144 0 ) (-4096 6144 0 ) (-4096 6144 632 ) 
4 350 359 (-5120 6480 -120 ) (-5120 6920 -120 ) (-5120 6920 -232 ) (-5120 6480 -232 ) 
4 350 351 (-5120 6480 -232 ) (-4096 6480 -232 ) (-4096 6480 -166 ) (-5120 6480 -166 ) 
4 351 360 (-5120 6144 -232 ) (-5120 6144 -166 ) (-5120 6480 -166 ) (-5120 6480 -232 ) 
4 351 355 (-5120 6144 -166 ) (-5120 6144 -232 ) (-4096 6144 -232 ) (-4096 6144 -166 ) 
4 352 368 (-3072 5120 0 ) (-3072 5120 632 ) (-4096 5120 632 ) (-4096 5120 0 ) 
4 352 354 (-4096 6144 632 ) (-4096 6144 0 ) (-4096 5120 0 ) (-4096 5120 632 ) 
4 353 369 (-3072 5120 -232 ) (-3072 5120 -166 ) (-4096 5120 -166 ) (-4096 5120 -232 ) 
4 353 355 (-4096 6144 -166 ) (-4096 6144 -232 ) (-4096 5120 -232 ) (-4096 5120 -166 ) 
4 354 370 (-4096 5120 0 ) (-4096 5120 632 ) (-5120 5120 632 ) (-5120 5120 0 ) 
4 354 362 (-5120 5120 0 ) (-5120 5120 632 ) (-5120 6144 632 ) (-5120 6144 0 ) 
4 355 371 (-4096 5120 -232 ) (-4096 5120 -166 ) (-5120 5120 -166 ) (-5120 5120 -232 ) 
4 355 364 (-5120 5120 -232 ) (-5120 5120 -166 ) (-5120 6144 -166 ) (-5120 6144 -232 ) 
4 356 366 (-6144 6400 632 ) (-6144 6920 632 ) (-6144 6920 -120 ) (-6144 6400 -120 ) 
4 356 359 (-5928 6920 -120 ) (-5120 6920 -120 ) (-5120 6480 -120 ) (-5928 6480 -120 ) 
4 356 361 (-6144 6400 -120 ) (-6144 6920 -120 ) (-5928 6920 -120 ) (-5928 6400 -120 ) 
4 356 357 (-5120 6400 0 ) (-5120 6400 632 ) (-5632 6400 632 ) (-5632 6400 0 ) 
4 356 358 (-6144 6400 -120 ) (-5632 6400 -120 ) (-5632 6400 632 ) (-6144 6400 632 ) 
4 357 362 (-5120 6144 0 ) (-5120 6144 632 ) (-5632 6144 632 ) (-5632 6144 0 ) 
4 357 358 (-5632 6400 632 ) (-5632 6400 0 ) (-5632 6144 0 ) (-5632 6144 632 ) 
4 358 366 (-6144 6144 -120 ) (-6144 6144 632 ) (-6144 6400 632 ) (-6144 6400 -120 ) 
4 358 363 (-6144 6144 0 ) (-6144 6144 -120 ) (-5632 6144 -120 ) (-5632 6144 0 ) 
4 358 362 (-5632 6144 632 ) (-6144 6144 632 ) (-6144 6144 0 ) (-5632 6144 0 ) 
4 358 361 (-6144 6144 -120 ) (-6144 6400 -120 ) (-5928 6400 -120 ) (-5928 6144 -120 ) 
4 359 360 (-5928 6480 -166 ) (-5928 6480 -232 ) (-5120 6480 -232 ) (-5120 6480 -166 ) 
4 359 361 (-5928 6920 -120 ) (-5928 6920 -232 ) (-5928 6480 -232 ) (-5928 6480 -120 ) 
4 360 364 (-5120 6144 -232 ) (-5120 6144 -166 ) (-5928 6144 -166 ) (-5928 6144 -232 ) 
4 360 361 (-5928 6480 -232 ) (-5928 6144 -232 ) (-5928 6144 -166 ) (-5928 6480 -166 ) 
4 361 366 (-6144 6144 -232 ) (-6144 6144 -120 ) (-6144 6920 -120 ) (-6144 6920 -232 ) 
4 361 365 (-5928 6144 -120 ) (-6144 6144 -120 ) (-6144 6144 -232 ) (-5928 6144 -232 ) 
4 362 384 (-5120 5120 0 ) (-5120 5120 632 ) (-6144 5120 632 ) (-6144 5120 0 ) 
4 362 367 (-6144 5120 0 ) (-6144 5120 632 ) (-6144 6144 632 ) (-6144 6144 0 ) 
4 362 363 (-5632 5120 0 ) (-6144 5120 0 ) (-6144 6144 0 ) (-5632 6144 0 ) 
4 363 385 (-5632 5120 0 ) (-6144 5120 0 ) (-6144 5120 -120 ) (-5632 5120 -120 ) 
4 363 367 (-6144 5120 -120 ) (-6144 5120 0 ) (-6144 6144 0 ) (-6144 6144 -120 ) 
4 363 365 (-5928 5120 -120 ) (-6144 5120 -120 ) (-6144 6144 -120 ) (-5928 6144 -120 ) 
4 364 386 (-5120 5120 -232 ) (-5120 5120 -166 ) (-5928 5120 -166 ) (-5928 5120 -232 ) 
4 364 365 (-5928 6144 -232 ) (-5928 5120 -232 ) (-5928 5120 -166 ) (-5928 6144 -166 ) 
4 365 387 (-5928 5120 -120 ) (-6144 5120 -120 ) (-6144 5120 -232 ) (-5928 5120 -232 ) 
4 365 367 (-6144 5120 -232 ) (-6144 5120 -120 ) (-6144 6144 -120 ) (-6144 6144 -232 ) 
4 366 367 (-6144 6144 -232 ) (-6144 6144 632 ) (-6152 6144 632 ) (-6152 6144 -232 ) 
4 367 392 (-6144 5120 -232 ) (-6144 5120 632 ) (-6152 5120 632 ) (-6152 5120 -232 ) 
4 368 372 (-3072 4096 0 ) (-3072 4096 632 ) (-4096 4096 632 ) (-4096 4096 0 ) 
4 368 370 (-4096 4096 0 ) (-4096 4096 632 ) (-4096 5120 632 ) (-4096 5120 0 ) 
4 369 373 (-3072 4096 -232 ) (-3072 4096 -166 ) (-4096 4096 -166 ) (-4096 4096 -232 ) 
4 369 371 (-4096 4096 -232 ) (-4096 4096 -166 ) (-4096 5120 -166 ) (-4096 5120 -232 ) 
4 370 384 (-5120 5120 632 ) (-5120 5120 0 ) (-5120 4096 0 ) (-5120 4096 632 ) 
4 370 374 (-5120 4096 632 ) (-5120 4096 0 ) (-4096 4096 0 ) (-4096 4096 632 ) 
4 371 386 (-5120 5120 -166 ) (-5120 5120 -232 ) (-5120 4096 -232 ) (-5120 4096 -166 ) 
4 371 375 (-5120 4096 -166 ) (-5120 4096 -232 ) (-4096 4096 -232 ) (-4096 4096 -166 ) 
4 372 376 (-3072 3072 0 ) (-3072 3072 632 ) (-4096 3072 632 ) (-4096 3072 0 ) 
4 372 374 (-4096 4096 632 ) (-4096 4096 0 ) (-4096 3072 0 ) (-4096 3072 632 ) 
4 373 377 (-3072 3072 -232 ) (-3072 3072 -166 ) (-4096 3072 -166 ) (-4096 3072 -232 ) 
4 373 375 (-4096 4096 -166 ) (-4096 4096 -232 ) (-4096 3072 -232 ) (-4096 3072 -166 ) 
4 374 388 (-5120 3072 0 ) (-5120 3072 632 ) (-5120 4096 632 ) (-5120 4096 0 ) 
4 374 378 (-4096 3072 0 ) (-4096 3072 632 ) (-5120 3072 632 ) (-5120 3072 0 ) 
4 375 390 (-5120 3072 -232 ) (-5120 3072 -166 ) (-5120 4096 -166 ) (-5120 4096 -232 ) 
4 375 379 (-4096 3072 -232 ) (-4096 3072 -166 ) (-5120 3072 -166 ) (-5120 3072 -232 ) 
4 376 380 (-3072 2048 0 ) (-3072 2048 632 ) (-4096 2048 632 ) (-4096 2048 0 ) 
4 376 378 (-4096 2048 0 ) (-4096 2048 632 ) (-4096 3072 632 ) (-4096 3072 0 ) 
4 377 381 (-3072 2048 -232 ) (-3072 2048 -166 ) (-4096 2048 -166 ) (-4096 2048 -232 ) 
4 377 379 (-4096 2048 -232 ) (-4096 2048 -166 ) (-4096 3072 -166 ) (-4096 3072 -232 ) 
4 378 394 (-5120 2048 0 ) (-5120 2048 632 ) (-5120 3072 632 ) (-5120 3072 0 ) 
4 378 382 (-5120 2048 632 ) (-5120 2048 0 ) (-4096 2048 0 ) (-4096 2048 632 ) 
4 379 396 (-5120 2048 -232 ) (-5120 2048 -166 ) (-5120 3072 -166 ) (-5120 3072 -232 ) 
4 379 383 (-5120 2048 -166 ) (-5120 2048 -232 ) (-4096 2048 -232 ) (-4096 2048 -166 ) 
4 380 624 (-3072 1024 0 ) (-3072 1024 632 ) (-4096 1024 632 ) (-4096 1024 0 ) 
4 380 382 (-4096 2048 632 ) (-4096 2048 0 ) (-4096 1024 0 ) (-4096 1024 632 ) 
4 381 625 (-3072 1024 -232 ) (-3072 1024 -166 ) (-4096 1024 -166 ) (-4096 1024 -232 ) 
4 381 383 (-4096 2048 -166 ) (-4096 2048 -232 ) (-4096 1024 -232 ) (-4096 1024 -166 ) 
4 382 626 (-4096 1024 0 ) (-4096 1024 632 ) (-5120 1024 632 ) (-5120 1024 0 ) 
4 382 398 (-5120 1024 0 ) (-5120 1024 632 ) (-5120 2048 632 ) (-5120 2048 0 ) 
4 383 627 (-4096 1024 -232 ) (-4096 1024 -166 ) (-5120 1024 -166 ) (-5120 1024 -232 ) 
4 383 400 (-5120 1024 -232 ) (-5120 1024 -166 ) (-5120 2048 -166 ) (-5120 2048 -232 ) 
4 384 392 (-6144 5120 632 ) (-6144 5120 0 ) (-6144 4096 0 ) (-6144 4096 632 ) 
4 384 388 (-5120 4096 0 ) (-5120 4096 632 ) (-6144 4096 632 ) (-6144 4096 0 ) 
4 384 385 (-5632 4096 0 ) (-6144 4096 0 ) (-6144 5120 0 ) (-5632 5120 0 ) 
4 385 392 (-6144 5120 0 ) (-6144 5120 -120 ) (-6144 4096 -120 ) (-6144 4096 0 ) 
4 385 389 (-5632 4096 0 ) (-6144 4096 0 ) (-6144 4096 -120 ) (-5632 4096 -120 ) 
4 385 387 (-6144 4096 -120 ) (-6144 5120 -120 ) (-5928 5120 -120 ) (-5928 4096 -120 ) 
4 386 390 (-5120 4096 -232 ) (-5120 4096 -166 ) (-5928 4096 -166 ) (-5928 4096 -232 ) 
4 386 387 (-5928 5120 -232 ) (-5928 4096 -232 ) (-5928 4096 -166 ) (-5928 5120 -166 ) 
4 387 392 (-6144 5120 -120 ) (-6144 5120 -232 ) (-6144 4096 -232 ) (-6144 4096 -120 ) 
4 387 391 (-5928 4096 -120 ) (-6144 4096 -120 ) (-6144 4096 -232 ) (-5928 4096 -232 ) 
4 388 394 (-5120 3072 0 ) (-5120 3072 632 ) (-6144 3072 632 ) (-6144 3072 0 ) 
4 388 393 (-6144 3072 0 ) (-6144 3072 632 ) (-6144 4096 632 ) (-6144 4096 0 ) 
4 388 389 (-5632 3072 0 ) (-6144 3072 0 ) (-6144 4096 0 ) (-5632 4096 0 ) 
4 389 395 (-5632 3072 0 ) (-6144 3072 0 ) (-6144 3072 -120 ) (-5632 3072 -120 ) 
4 389 393 (-6144 3072 -120 ) (-6144 3072 0 ) (-6144 4096 0 ) (-6144 4096 -120 ) 
4 389 391 (-6144 3072 -120 ) (-6144 4096 -120 ) (-5928 4096 -120 ) (-5928 3072 -120 ) 
4 390 396 (-5120 3072 -232 ) (-5120 3072 -166 ) (-5928 3072 -166 ) (-5928 3072 -232 ) 
4 390 391 (-5928 4096 -232 ) (-5928 3072 -232 ) (-5928 3072 -166 ) (-5928 4096 -166 ) 
4 391 397 (-5928 3072 -120 ) (-6144 3072 -120 ) (-6144 3072 -232 ) (-5928 3072 -232 ) 
4 391 393 (-6144 3072 -232 ) (-6144 3072 -120 ) (-6144 4096 -120 ) (-6144 4096 -232 ) 
4 392 393 (-6144 4096 -232 ) (-6144 4096 632 ) (-6152 4096 632 ) (-6152 4096 -232 ) 
4 393 402 (-6144 3072 -232 ) (-6144 3072 632 ) (-6152 3072 632 ) (-6152 3072 -232 ) 
4 394 402 (-6144 3072 632 ) (-6144 3072 0 ) (-6144 2048 0 ) (-6144 2048 632 ) 
4 394 398 (-5120 2048 0 ) (-5120 2048 632 ) (-6144 2048 632 ) (-6144 2048 0 ) 
4 394 395 (-5632 2048 0 ) (-6144 2048 0 ) (-6144 3072 0 ) (-5632 3072 0 ) 
4 395 402 (-6144 3072 0 ) (-6144 3072 -120 ) (-6144 2048 -120 ) (-6144 2048 0 ) 
4 395 399 (-5632 2048 0 ) (-6144 2048 0 ) (-6144 2048 -120 ) (-5632 2048 -120 ) 
4 395 397 (-6144 2048 -120 ) (-6144 3072 -120 ) (-5928 3072 -120 ) (-5928 2048 -120 ) 
4 396 400 (-5120 2048 -232 ) (-5120 2048 -166 ) (-5928 2048 -166 ) (-5928 2048 -232 ) 
4 396 397 (-5928 3072 -232 ) (-5928 2048 -232 ) (-5928 2048 -166 ) (-5928 3072 -166 ) 
4 397 402 (-6144 3072 -120 ) (-6144 3072 -232 ) (-6144 2048 -232 ) (-6144 2048 -120 ) 
4 397 401 (-5928 2048 -120 ) (-6144 2048 -120 ) (-6144 2048 -232 ) (-5928 2048 -232 ) 
4 398 640 (-5120 1024 0 ) (-5120 1024 632 ) (-6144 1024 632 ) (-6144 1024 0 ) 
4 398 403 (-6144 1024 0 ) (-6144 1024 632 ) (-6144 2048 632 ) (-6144 2048 0 ) 
4 398 399 (-5632 1024 0 ) (-6144 1024 0 ) (-6144 2048 0 ) (-5632 2048 0 ) 
4 399 641 (-5632 1024 0 ) (-6144 1024 0 ) (-6144 1024 -120 ) (-5632 1024 -120 ) 
4 399 403 (-6144 1024 -120 ) (-6144 1024 0 ) (-6144 2048 0 ) (-6144 2048 -120 ) 
4 399 401 (-5928 1024 -120 ) (-6144 1024 -120 ) (-6144 2048 -120 ) (-5928 2048 -120 ) 
4 400 642 (-5120 1024 -232 ) (-5120 1024 -166 ) (-5928 1024 -166 ) (-5928 1024 -232 ) 
4 400 401 (-5928 2048 -232 ) (-5928 1024 -232 ) (-5928 1024 -166 ) (-5928 2048 -166 ) 
4 401 643 (-5928 1024 -120 ) (-6144 1024 -120 ) (-6144 1024 -232 ) (-5928 1024 -232 ) 
4 401 403 (-6144 1024 -232 ) (-6144 1024 -120 ) (-6144 2048 -120 ) (-6144 2048 -232 ) 
4 402 403 (-6144 2048 -232 ) (-6144 2048 632 ) (-6152 2048 632 ) (-6152 2048 -232 ) 
4 403 648 (-6144 1024 -232 ) (-6144 1024 632 ) (-6152 1024 632 ) (-6152 1024 -232 ) 
4 404 463 (500 0 178 ) (280 0 178 ) (280 0 112 ) (500 0 112 ) 
4 404 462 (1024 0 112 ) (1024 0 178 ) (500 0 178 ) (500 0 112 ) 
4 404 457 (500 0 632 ) (404.149994 0 632 ) (404.149994 0 178 ) (500 0 178 ) 
4 404 456 (1024 0 178 ) (1024 0 632 ) (500 0 632 ) (500 0 178 ) 
4 404 461 (404.149994 0 632 ) (280 0 632 ) (280 0 178 ) (404.149994 0 178 ) 
4 404 411 (1024 0 112 ) (280 0 112 ) (280 1024 112 ) (1024 1024 112 ) 
5 404 409 (280 609 112 ) (280 0 112 ) (280 0 632 ) (280 716 632 ) (280 716 196 ) 
3 404 408 (280 716 112 ) (280 640 112 ) (280 716 192 ) 
4 404 407 (280 824 112 ) (280 716 112 ) (280 716 632 ) (280 824 632 ) 
3 404 406 (280 895.995972 112 ) (280 824 112 ) (280 824 191.995972 ) 
5 404 405 (280 1024 112 ) (280 931 112 ) (280 824 196 ) (280 824 632 ) (280 1024 632 ) 
4 405 411 (200 931 112 ) (200 1024 112 ) (280 1024 112 ) (280 931 112 ) 
4 405 407 (200 824 632 ) (200 824 196 ) (280 824 196 ) (280 824 632 ) 
5 405 410 (200 1024 112 ) (200 931 112 ) (200 824 196 ) (200 824 632 ) (200 1024 632 ) 
4 406 411 (200 824 112 ) (200 895.995972 112 ) (280 895.995972 112 ) (280 824 112 ) 
4 406 407 (200 824 191.995972 ) (200 824 112 ) (280 824 112 ) (280 824 191.995972 ) 
3 406 410 (200 895.995972 112 ) (200 824 112 ) (200 824 191.995972 ) 
4 407 411 (200 716 112 ) (200 824 112 ) (280 824 112 ) (280 716 112 ) 
4 407 409 (200 716 632 ) (200 716 196 ) (280 716 196 ) (280 716 632 ) 
4 407 408 (200 716 192 ) (200 716 112 ) (280 716 112 ) (280 716 192 ) 
4 407 410 (200 824 112 ) (200 716 112 ) (200 716 632 ) (200 824 632 ) 
4 408 411 (200 640 112 ) (200 716 112 ) (280 716 112 ) (280 640 112 ) 
3 408 410 (200 716 112 ) (200 640 112 ) (200 716 192 ) 
4 409 476 (224 0 632 ) (200 0 632 ) (200 0 112 ) (224 0 112 ) 
4 409 463 (224 0 178 ) (224 0 112 ) (280 0 112 ) (280 0 178 ) 
4 409 461 (280 0 632 ) (224 0 632 ) (224 0 178 ) (280 0 178 ) 
4 409 411 (280 0 112 ) (200 0 112 ) (200 609 112 ) (280 609 112 ) 
5 409 410 (200 609 112 ) (200 0 112 ) (200 0 632 ) (200 716 632 ) (200 716 196 ) 
4 410 481 (40 0 632 ) (0 0 632 ) (0 0 112 ) (40 0 112 ) 
4 410 476 (200 0 632 ) (122 0 632 ) (122 0 112 ) (200 0 112 ) 
4 410 479 (122 0 632 ) (40 0 632 ) (40 0 112 ) (122 0 112 ) 
4 410 413 (0 0 112 ) (0 0 632 ) (0 1024 632 ) (0 1024 112 ) 
4 410 411 (200 0 112 ) (0 0 112 ) (0 1024 112 ) (200 1024 112 ) 
4 411 486 (0 0 64 ) (0 0 0 ) (40 0 0 ) (40 0 64 ) 
4 411 481 (40 0 112 ) (0 0 112 ) (0 0 64 ) (40 0 64 ) 
4 411 480 (1024 0 0 ) (1024 0 20 ) (40 0 20 ) (40 0 0 ) 
4 411 476 (224 0 112 ) (122 0 112 ) (122 0 20 ) (224 0 20 ) 
4 411 479 (122 0 112 ) (40 0 112 ) (40 0 20 ) (122 0 20 ) 
4 411 463 (500 0 112 ) (224 0 112 ) (224 0 78 ) (500 0 78 ) 
4 411 462 (1024 0 78 ) (1024 0 112 ) (500 0 112 ) (500 0 78 ) 
4 411 470 (1024 0 20 ) (1024 0 78 ) (224 0 78 ) (224 0 20 ) 
4 411 413 (0 0 0 ) (0 0 112 ) (0 1024 112 ) (0 1024 0 ) 
4 412 487 (1024 0 -232 ) (1024 0 -166 ) (0 0 -166 ) (0 0 -232 ) 
4 412 414 (0 0 -232 ) (0 0 -166 ) (0 1024 -166 ) (0 1024 -232 ) 
4 413 529 (-1024 0 0 ) (-1024 0 632 ) (-1024 1024 632 ) (-1024 1024 0 ) 
4 413 495 (-768 0 64 ) (-776 0 64 ) (-776 0 0 ) (-768 0 0 ) 
4 413 494 (0 0 0 ) (0 0 64 ) (-768 0 64 ) (-768 0 0 ) 
4 413 498 (-776 0 64 ) (-1024 0 64 ) (-1024 0 0 ) (-776 0 0 ) 
4 413 493 (-56 0 632 ) (-1024 0 632 ) (-1024 0 64 ) (-56 0 64 ) 
4 413 488 (0 0 64 ) (0 0 632 ) (-56 0 632 ) (-56 0 64 ) 
4 414 530 (-1024 0 -232 ) (-1024 0 -166 ) (-1024 1024 -166 ) (-1024 1024 -232 ) 
4 414 499 (0 0 -232 ) (0 0 -166 ) (-1024 0 -166 ) (-1024 0 -232 ) 
4 415 428 (-592 1024 -655 ) (-572 1024 -655 ) (-572 835 -655 ) (-592 835 -655 ) 
4 415 426 (-592 835 -655 ) (-572 835 -655 ) (-572 835 -433 ) (-592 835 -433 ) 
4 415 416 (-592 835 -479 ) (-592 835 -433 ) (-592 1024 -433 ) (-592 1024 -479 ) 
4 416 427 (-592 835 -479 ) (-592 835 -433 ) (-596 835 -433 ) (-596 835 -479 ) 
4 416 417 (-596 835 -479 ) (-596 835 -433 ) (-596 1024 -433 ) (-596 1024 -479 ) 
4 417 427 (-596 835 -479 ) (-596 835 -433 ) (-710 835 -433 ) (-710 835 -479 ) 
4 417 418 (-710 947 -485 ) (-710 947 -433 ) (-710 1024 -433 ) (-710 1024 -485 ) 
4 417 419 (-710 947 -655 ) (-710 835 -655 ) (-710 835 -433 ) (-710 947 -433 ) 
4 418 420 (-730.190063 947 -485 ) (-730.190063 947 -433 ) (-730.190063 1024 -433 ) (-730.190063 1024 -485 ) 
4 418 419 (-730.190063 947 -433 ) (-730.190063 947 -485 ) (-710 947 -485 ) (-710 947 -433 ) 
4 419 427 (-710 835 -479 ) (-710 835 -433 ) (-730.190063 835 -433 ) (-730.190063 835 -479 ) 
4 419 421 (-730.190063 947 -655 ) (-730.190063 835 -655 ) (-730.190063 835 -433 ) (-730.190063 947 -433 ) 
4 420 422 (-898.190063 947 -485 ) (-898.190063 947 -433 ) (-898.190063 1024 -433 ) (-898.190063 1024 -485 ) 
4 420 421 (-898.190063 947 -433 ) (-898.190063 947 -640.117065 ) (-730.190063 947 -640.117065 ) (-730.190063 947 -433 ) 
4 421 427 (-730.190063 835 -479 ) (-730.190063 835 -433 ) (-898.190063 835 -433 ) (-898.190063 835 -479 ) 
4 421 423 (-898.190063 947 -655 ) (-898.190063 835 -655 ) (-898.190063 835 -433 ) (-898.190063 947 -433 ) 
4 422 424 (-918 947 -485 ) (-918 947 -433 ) (-918 1024 -433 ) (-918 1024 -485 ) 
4 422 423 (-918 947 -433 ) (-918 947 -485 ) (-898.190063 947 -485 ) (-898.190063 947 -433 ) 
4 423 427 (-898.190063 835 -479 ) (-898.190063 835 -433 ) (-918 835 -433 ) (-918 835 -479 ) 
4 423 424 (-918 947 -655 ) (-918 835 -655 ) (-918 835 -433 ) (-918 947 -433 ) 
4 424 430 (-996 1024 -655 ) (-993 1024 -655 ) (-993 835 -655 ) (-996 835 -655 ) 
4 424 427 (-918 835 -479 ) (-918 835 -433 ) (-996 835 -433 ) (-996 835 -479 ) 
4 424 425 (-996 835 -479 ) (-996 835 -433 ) (-996 1024 -433 ) (-996 1024 -479 ) 
4 425 427 (-1000 835 -433 ) (-1000 835 -479 ) (-996 835 -479 ) (-996 835 -433 ) 
4 426 432 (-592 831 -446.980042 ) (-592 831 -655 ) (-572 831 -655 ) (-572 831 -446.980042 ) 
4 426 431 (-572 831 -433 ) (-592 831 -433 ) (-592 831 -446.980042 ) (-572 831 -446.980042 ) 
4 426 428 (-572 831 -655 ) (-592 831 -655 ) (-592 835 -655 ) (-572 835 -655 ) 
4 426 427 (-592 835 -433 ) (-592 835 -479 ) (-592 831 -479 ) (-592 831 -433 ) 
4 427 432 (-1000 831 -446.980042 ) (-1000 831 -479 ) (-592 831 -479 ) (-592 831 -446.980042 ) 
4 427 431 (-592 831 -433 ) (-1000 831 -433 ) (-1000 831 -446.980042 ) (-592 831 -446.980042 ) 
4 428 432 (-572 831 -655 ) (-593 831 -655 ) (-593 831 -671 ) (-572 831 -671 ) 
4 428 429 (-593 1024 -671 ) (-593 831 -671 ) (-593 831 -659 ) (-593 1024 -659 ) 
4 429 432 (-993 831 -659 ) (-993 831 -671 ) (-593 831 -671 ) (-593 831 -659 ) 
4 429 430 (-993 1024 -671 ) (-993 831 -671 ) (-993 831 -659 ) (-993 1024 -659 ) 
4 430 432 (-993 831 -655 ) (-1000 831 -655 ) (-1000 831 -671 ) (-993 831 -671 ) 
4 431 432 (-1000 802 -446.980042 ) (-1000 831 -446.980042 ) (-572 831 -446.980042 ) (-572 802 -446.980042 ) 
4 433 531 (-1024 0 -477 ) (-1024 0 -446.980042 ) (-1024 630.017029 -446.980042 ) (-1024 630.017029 -477 ) 
4 433 500 (-1024 0 -446.980042 ) (-1024 0 -477 ) (-114.176010 0 -477 ) (-114.176010 0 -446.980042 ) 
4 433 447 (-800.947998 442 -477 ) (-698.726990 442 -477 ) (-698.726990 339.779999 -477 ) (-800.947998 339.779999 -477 ) 
4 433 448 (-698.726990 339.779999 -477 ) (-698.726990 0 -477 ) (-800.947998 0 -477 ) (-800.947998 339.779999 -477 ) 
4 433 446 (-698.726990 442 -477 ) (-518.221069 442 -477 ) (-518.221069 0 -477 ) (-698.726990 0 -477 ) 
4 433 449 (-1024 0 -477 ) (-1024 442 -477 ) (-800.947998 442 -477 ) (-800.947998 0 -477 ) 
3 433 445 (-582.272034 503.550201 -477 ) (-518.221069 490.807800 -477 ) (-518.221069 460.720276 -477 ) 
6 433 444 (-1024 442 -477 ) (-1024 506.234009 -477 ) (-835.895447 543.665527 -477 ) (-586.231506 493.983002 -477 ) (-518.221069 448.505463 -477 ) (-518.221069 442 -477 ) 
3 433 443 (-1024 516.581970 -477 ) (-1024 591.428284 -477 ) (-835.916870 554.010742 -477 ) 
5 433 442 (-1024 591.428284 -477 ) (-1024 630.017029 -477 ) (-548.209595 630.017029 -477 ) (-518.221069 585.199585 -477 ) (-518.221069 490.807800 -477 ) 
3 433 441 (-518.221069 585.199585 -477 ) (-367.483643 359.924469 -477 ) (-518.221069 460.720276 -477 ) 
4 433 439 (-518.221069 165.743011 -477 ) (-518.221069 267.960022 -477 ) (-416 267.960022 -477 ) (-416 165.743011 -477 ) 
4 433 438 (-518.221069 267.960022 -477 ) (-518.221069 448.505432 -477 ) (-416 380.151764 -477 ) (-416 267.960022 -477 ) 
4 433 440 (-416 0 -477 ) (-518.221069 0 -477 ) (-518.221069 165.743011 -477 ) (-416 165.743011 -477 ) 
3 433 437 (-223.881195 145.312424 -477 ) (-126.648880 0 -477 ) (-194.967941 0 -477 ) 
5 433 436 (-233.409225 141.169128 -477 ) (-205.321136 0 -477 ) (-416 0 -477 ) (-416 380.151764 -477 ) (-374.783783 352.591095 -477 ) 
4 433 434 (-548.209595 630.017029 -477 ) (-114.176010 630.017029 -477 ) (-114.176010 0 -477 ) (-126.648880 0 -477 ) 
4 434 503 (-126.652893 0 -747.599976 ) (-114.176010 0 -747.599976 ) (-114.176010 0 -477 ) (-126.648880 0 -477 ) 
3 434 454 (-223.888489 145.317398 -747.599976 ) (-367.487671 359.924438 -747.599976 ) (-251.109161 282.103088 -747.599976 ) 
4 434 453 (-367.487671 359.924438 -747.599976 ) (-445.365265 476.311462 -747.599976 ) (-283.342529 444.077881 -747.599976 ) (-251.109161 282.103088 -747.599976 ) 
5 434 452 (-445.365265 476.311462 -747.599976 ) (-537.112061 613.425842 -747.599976 ) (-453.703613 630.017029 -747.599976 ) (-320.344849 630.017029 -747.599976 ) (-283.342529 444.077881 -747.599976 ) 
5 434 451 (-114.176010 0 -747.599976 ) (-126.652832 0 -747.599976 ) (-223.888489 145.317398 -747.599976 ) (-320.344849 630.017029 -747.599976 ) (-114.176010 630.017029 -747.599976 ) 
3 434 450 (-537.112061 613.425842 -747.599976 ) (-548.213623 630.017029 -747.599976 ) (-453.703613 630.017029 -747.599976 ) 
4 434 442 (-518.221069 585.203430 -477 ) (-548.207031 630.017029 -477 ) (-548.210999 630.017029 -747.599976 ) (-518.221069 585.197449 -747.599976 ) 
4 434 441 (-367.479034 359.921387 -477 ) (-518.221069 585.203430 -477 ) (-518.221069 585.197449 -747.599976 ) (-367.486267 359.926208 -747.599976 ) 
4 434 435 (-126.646317 0 -477 ) (-352.687500 337.815643 -477 ) (-352.692322 337.816864 -747.599976 ) (-126.650299 0 -747.599976 ) 
4 435 437 (-223.842606 145.114502 -747.599976 ) (-126.811554 0 -747.599976 ) (-126.812485 0 -477 ) (-223.841064 145.110764 -477 ) 
4 436 507 (-413.410004 0 -747.599976 ) (-311.190002 0 -747.599976 ) (-311.190002 0 -477 ) (-413.410004 0 -477 ) 
4 436 510 (-416 0 -747.599976 ) (-413.410004 0 -747.599976 ) (-413.410004 0 -477 ) (-416 0 -477 ) 
4 436 504 (-311.190002 0 -747.599976 ) (-205.321121 0 -747.599976 ) (-205.321136 0 -477 ) (-311.190002 0 -477 ) 
4 436 439 (-416 165.743011 -732 ) (-416 165.743011 -477 ) (-416 267.960022 -477 ) (-416 267.960022 -732 ) 
4 436 438 (-416 380.152710 -477 ) (-416 380.150696 -747.599976 ) (-416 267.960022 -747.599976 ) (-416 267.960022 -477 ) 
4 436 440 (-416 165.743011 -747.599976 ) (-416 0 -747.599976 ) (-416 0 -477 ) (-416 165.743011 -477 ) 
4 437 503 (-194.968750 0 -747.599976 ) (-126.652893 0 -747.599976 ) (-126.648880 0 -477 ) (-194.967941 0 -477 ) 
3 437 451 (-126.652832 0 -747.599976 ) (-194.968750 0 -747.599976 ) (-223.880646 145.305664 -747.599976 ) 
4 438 446 (-518.221069 442 -747.599976 ) (-518.221069 267.960022 -747.599976 ) (-518.221069 267.960022 -477 ) (-518.221069 442 -477 ) 
4 438 444 (-518.221069 448.503448 -747.599976 ) (-518.221069 442 -747.599976 ) (-518.221069 442 -477 ) (-518.221069 448.505432 -477 ) 
4 438 439 (-518.221069 267.960022 -477 ) (-518.221069 267.960022 -732 ) (-416 267.960022 -732 ) (-416 267.960022 -477 ) 
4 439 446 (-518.221069 165.743011 -732 ) (-518.221069 165.743011 -477 ) (-518.221069 267.960022 -477 ) (-518.221069 267.960022 -732 ) 
4 439 440 (-518.221069 165.743011 -477 ) (-518.221069 165.743011 -732 ) (-416 165.743011 -732 ) (-416 165.743011 -477 ) 
4 440 510 (-518.221069 0 -747.599976 ) (-416 0 -747.599976 ) (-416 0 -477 ) (-518.221069 0 -477 ) 
4 440 446 (-518.221069 165.743011 -747.599976 ) (-518.221069 0 -747.599976 ) (-518.221069 0 -477 ) (-518.221069 165.743011 -477 ) 
4 441 453 (-518.221069 460.720276 -747.599976 ) (-518.221069 490.805756 -747.599976 ) (-445.365234 476.311462 -747.599976 ) (-367.490906 359.929321 -747.599976 ) 
3 441 452 (-518.221069 490.805756 -747.599976 ) (-518.221069 585.193542 -747.599976 ) (-445.365234 476.311462 -747.599976 ) 
4 441 445 (-518.221069 490.807800 -747.599976 ) (-518.221069 460.720276 -747.599976 ) (-518.221069 460.720276 -477 ) (-518.221069 490.807800 -477 ) 
4 441 442 (-518.221069 585.196594 -477 ) (-518.221069 585.190674 -747.599976 ) (-518.221069 490.807800 -747.599976 ) (-518.221069 490.807800 -477 ) 
4 442 532 (-1024 591.428284 -477 ) (-1024 630.017029 -477 ) (-1024 630.017029 -747.599976 ) (-1024 591.428284 -747.599976 ) 
4 442 452 (-537.112000 613.425842 -747.599976 ) (-518.221069 585.193542 -747.599976 ) (-518.221069 490.807800 -747.599976 ) (-835.862427 554 -747.599976 ) 
5 442 450 (-1024 591.428284 -747.599976 ) (-1024 630.017029 -747.599976 ) (-548.213623 630.017029 -747.599976 ) (-537.112000 613.425842 -747.599976 ) (-835.862427 554 -747.599976 ) 
4 442 445 (-518.221069 490.807434 -747.599976 ) (-518.221069 490.807434 -477 ) (-582.271301 503.549683 -477 ) (-582.271301 503.549683 -747.599976 ) 
4 442 443 (-835.917847 554.010559 -477 ) (-1024 591.427917 -477 ) (-1024 591.427917 -747.599976 ) (-835.919189 554.010803 -747.599976 ) 
4 443 535 (-1024 516.581970 -477 ) (-1024 547.442932 -477 ) (-1024 547.446899 -747.599976 ) (-1024 516.582581 -747.599976 ) 
4 443 532 (-1024 547.442932 -477 ) (-1024 591.428284 -477 ) (-1024 591.428284 -747.599976 ) (-1024 547.446899 -747.599976 ) 
3 443 450 (-1024 516.582520 -747.599976 ) (-1024 591.428284 -747.599976 ) (-835.918274 554.010986 -747.599976 ) 
4 444 534 (-1024 442 -477 ) (-1024 506.234009 -477 ) (-1024 506.236023 -747.599976 ) (-1024 442 -747.599976 ) 
4 444 447 (-698.726990 442 -732 ) (-698.726990 442 -477 ) (-800.947998 442 -477 ) (-800.947998 442 -732 ) 
4 444 446 (-698.726990 442 -747.599976 ) (-518.221069 442 -747.599976 ) (-518.221069 442 -477 ) (-698.726990 442 -477 ) 
4 444 449 (-1024 442 -747.599976 ) (-800.947998 442 -747.599976 ) (-800.947998 442 -477 ) (-1024 442 -477 ) 
3 445 453 (-582.272034 503.550201 -747.599976 ) (-518.221069 490.807800 -747.599976 ) (-518.221069 460.720276 -747.599976 ) 
4 446 510 (-698.726990 0 -747.599976 ) (-518.221069 0 -747.599976 ) (-518.221069 0 -477 ) (-698.726990 0 -477 ) 
4 446 447 (-698.726990 442 -477 ) (-698.726990 442 -732 ) (-698.726990 339.779999 -732 ) (-698.726990 339.779999 -477 ) 
4 446 448 (-698.726990 339.779999 -747.599976 ) (-698.726990 0 -747.599976 ) (-698.726990 0 -477 ) (-698.726990 339.779999 -477 ) 
4 447 448 (-800.947998 339.779999 -477 ) (-800.947998 339.779999 -732 ) (-698.726990 339.779999 -732 ) (-698.726990 339.779999 -477 ) 
4 447 449 (-800.947998 442 -477 ) (-800.947998 442 -732 ) (-800.947998 339.779999 -732 ) (-800.947998 339.779999 -477 ) 
4 448 510 (-800.947998 0 -747.599976 ) (-698.726990 0 -747.599976 ) (-698.726990 0 -477 ) (-800.947998 0 -477 ) 
4 448 449 (-800.947998 339.779999 -747.599976 ) (-800.947998 0 -747.599976 ) (-800.947998 0 -477 ) (-800.947998 339.779999 -477 ) 
4 449 540 (-1024 0 -747.599976 ) (-1024 0 -477 ) (-1024 7.880980 -477 ) (-1024 7.880980 -747.599976 ) 
4 449 536 (-1024 7.880980 -477 ) (-1024 293.840027 -477 ) (-1024 293.840027 -747.599976 ) (-1024 7.880980 -747.599976 ) 
4 449 534 (-1024 293.840027 -477 ) (-1024 442 -477 ) (-1024 442 -747.599976 ) (-1024 293.840027 -747.599976 ) 
4 449 517 (-927.108032 0 -747.599976 ) (-824.885986 0 -747.599976 ) (-824.885986 0 -477 ) (-927.108032 0 -477 ) 
4 449 519 (-1024 0 -477 ) (-1024 0 -747.599976 ) (-927.108032 0 -747.599976 ) (-927.108032 0 -477 ) 
4 449 510 (-824.885986 0 -747.599976 ) (-800.947998 0 -747.599976 ) (-800.947998 0 -477 ) (-824.885986 0 -477 ) 
4 450 547 (-1024 516.576538 -747.599976 ) (-1024 547.348633 -747.599976 ) (-1024 547.347900 -757.200073 ) (-1024 516.574951 -757.200073 ) 
4 450 546 (-1024 547.348633 -747.599976 ) (-1024 630.017029 -747.599976 ) (-1024 630.017029 -757.200073 ) (-1024 547.347900 -757.200073 ) 
4 450 452 (-835.861511 553.998901 -757.200073 ) (-453.699219 630.017029 -757.200073 ) (-453.707123 630.017029 -747.599976 ) (-835.866699 554 -747.599976 ) 
3 450 455 (-1024 630.017029 -757.200073 ) (-453.695923 630.017029 -757.200073 ) (-1024 516.574951 -757.200073 ) 
4 451 523 (-151.805817 0 -747.599976 ) (-194.969986 0 -747.599976 ) (-194.970215 0 -757.200073 ) (-151.806015 0 -757.200073 ) 
4 451 522 (-114.176010 0 -747.599976 ) (-151.805817 0 -747.599976 ) (-151.806015 0 -757.200073 ) (-114.176010 0 -757.200073 ) 
4 451 454 (-251.110626 282.107422 -757.200073 ) (-223.850159 145.121704 -757.200073 ) (-223.851288 145.128418 -747.599976 ) (-251.109634 282.103424 -747.599976 ) 
4 451 453 (-283.343201 444.078247 -757.200073 ) (-251.110626 282.107422 -757.200073 ) (-251.109634 282.103424 -747.599976 ) (-283.342957 444.078003 -747.599976 ) 
4 451 452 (-320.345245 630.017029 -747.599976 ) (-320.345459 630.017029 -757.200073 ) (-283.343201 444.078247 -757.200073 ) (-283.342957 444.078003 -747.599976 ) 
4 451 455 (-320.345032 630.017029 -757.200073 ) (-114.176010 630.017029 -757.200073 ) (-114.176010 0 -757.200073 ) (-194.970184 0 -757.200073 ) 
4 452 453 (-582.262085 503.545685 -757.200073 ) (-283.343811 444.077484 -757.200073 ) (-283.343567 444.077240 -747.599976 ) (-582.268860 503.546844 -747.599976 ) 
4 452 455 (-453.695923 630.017029 -757.200073 ) (-320.345032 630.017029 -757.200073 ) (-283.342773 444.078125 -757.200073 ) (-835.860596 553.998718 -757.200073 ) 
4 453 454 (-367.486694 359.929565 -757.200073 ) (-251.109711 282.109039 -757.200073 ) (-251.108704 282.105011 -747.599976 ) (-367.476624 359.919464 -747.599976 ) 
3 453 455 (-283.342773 444.078125 -757.200073 ) (-251.110168 282.107117 -757.200073 ) (-582.264038 503.546967 -757.200073 ) 
3 454 455 (-251.110168 282.107117 -757.200073 ) (-223.849579 145.120850 -757.200073 ) (-367.483795 359.925201 -757.200073 ) 
4 455 549 (-1024 0 -784.020020 ) (-1024 0 -757.200073 ) (-1024 630.017029 -757.200073 ) (-1024 630.017029 -784.020020 ) 
4 455 528 (-1024 0 -757.200073 ) (-1024 0 -784.020020 ) (-114.176010 0 -784.020020 ) (-114.176010 0 -757.200073 ) 
4 456 580 (1024 -1024 178 ) (1024 -1024 632 ) (500 -1024 632 ) (500 -1024 178 ) 
4 456 471 (1024 -1002 178 ) (1024 -1024 178 ) (500 -1024 178 ) (500 -1002 178 ) 
4 456 462 (500 0 178 ) (1024 0 178 ) (1024 -1002 178 ) (500 -1002 178 ) 
4 456 459 (500 -672 178 ) (500 -1004 178 ) (500 -1004 180 ) (500 -672 180 ) 
4 456 458 (500 -1004 180 ) (500 -1004 632 ) (500 -672 632 ) (500 -672 180 ) 
4 456 457 (500 0 178 ) (500 -672 178 ) (500 -672 632 ) (500 0 632 ) 
4 456 460 (500 -1004 178 ) (500 -1024 178 ) (500 -1024 632 ) (500 -1004 632 ) 
4 457 463 (404.149994 0 178 ) (500 0 178 ) (500 -672 178 ) (404.149994 -672 178 ) 
4 457 459 (404.149994 -672 180 ) (404.149994 -672 178 ) (500 -672 178 ) (500 -672 180 ) 
4 457 458 (404.149994 -672 632 ) (404.149994 -672 180 ) (500 -672 180 ) (500 -672 632 ) 
4 457 461 (404.149994 0 178 ) (404.149994 -672 178 ) (404.149994 -672 632 ) (404.149994 0 632 ) 
4 458 461 (404.149994 -1004 180 ) (404.149994 -1004 632 ) (404.149994 -672 632 ) (404.149994 -672 180 ) 
4 458 460 (404.149994 -1004 632 ) (404.149994 -1004 180 ) (500 -1004 180 ) (500 -1004 632 ) 
4 458 459 (500 -1004 180 ) (404.149994 -1004 180 ) (404.149994 -672 180 ) (500 -672 180 ) 
4 459 472 (499.340027 -1004 178 ) (404.149994 -1004 178 ) (404.149994 -1002 178 ) (499.340027 -1002 178 ) 
4 459 471 (500 -1002 178 ) (500 -1004 178 ) (499.340027 -1004 178 ) (499.340027 -1002 178 ) 
4 459 468 (406 -1002 178 ) (404.149994 -1002 178 ) (404.149994 -674 178 ) (406 -674 178 ) 
4 459 467 (496.942993 -1002 178 ) (406 -1002 178 ) (406 -674 178 ) (496.942993 -674 178 ) 
4 459 466 (500 -674 178 ) (500 -1002 178 ) (496.942993 -1002 178 ) (496.942993 -674 178 ) 
4 459 465 (406 -674 178 ) (404.149994 -674 178 ) (404.149994 -672 178 ) (406 -672 178 ) 
4 459 464 (500 -672 178 ) (500 -674 178 ) (406 -674 178 ) (406 -672 178 ) 
4 459 461 (404.149994 -672 178 ) (404.149994 -1004 178 ) (404.149994 -1004 180 ) (404.149994 -672 180 ) 
4 459 460 (404.149994 -1004 180 ) (404.149994 -1004 178 ) (500 -1004 178 ) (500 -1004 180 ) 
4 460 580 (500 -1024 632 ) (404.149994 -1024 632 ) (404.149994 -1024 178 ) (500 -1024 178 ) 
4 460 474 (499.340027 -1024 178 ) (404.149994 -1024 178 ) (404.149994 -1004 178 ) (499.340027 -1004 178 ) 
4 460 471 (500 -1004 178 ) (500 -1024 178 ) (499.340027 -1024 178 ) (499.340027 -1004 178 ) 
4 460 461 (404.149994 -1004 178 ) (404.149994 -1024 178 ) (404.149994 -1024 632 ) (404.149994 -1004 632 ) 
4 461 580 (404.149994 -1024 632 ) (224 -1024 632 ) (224 -1024 178 ) (404.149994 -1024 178 ) 
4 461 477 (224 -504 632 ) (224 -498 632 ) (224 -498 178 ) (224 -504 178 ) 
4 461 476 (224 -498 632 ) (224 0 632 ) (224 0 178 ) (224 -498 178 ) 
4 461 478 (224 -1024 178 ) (224 -1024 632 ) (224 -504 632 ) (224 -504 178 ) 
4 461 475 (224 -1024 178 ) (224 -1002 178 ) (404.149994 -1002 178 ) (404.149994 -1024 178 ) 
4 461 469 (224 -1002 178 ) (224 -672 178 ) (404.149994 -672 178 ) (404.149994 -1002 178 ) 
4 461 463 (224 -672 178 ) (224 0 178 ) (404.149994 0 178 ) (404.149994 -672 178 ) 
4 462 471 (1024 -1002 178 ) (500 -1002 178 ) (500 -1002 78 ) (1024 -1002 78 ) 
4 462 466 (500 -674 78 ) (500 -1002 78 ) (500 -1002 178 ) (500 -674 178 ) 
4 462 464 (500 -672 78 ) (500 -674 78 ) (500 -674 178 ) (500 -672 178 ) 
4 462 463 (500 0 78 ) (500 -672 78 ) (500 -672 178 ) (500 0 178 ) 
4 462 470 (1024 -1002 78 ) (500 -1002 78 ) (500 0 78 ) (1024 0 78 ) 
4 463 477 (224 -504 178 ) (224 -498 178 ) (224 -498 132 ) (224 -504 132 ) 
4 463 476 (224 -498 178 ) (224 0 178 ) (224 0 78 ) (224 -498 78 ) 
4 463 478 (224 -672 178 ) (224 -504 178 ) (224 -504 78 ) (224 -672 78 ) 
4 463 465 (404 -672 78 ) (406 -672 78 ) (406 -672 178 ) (404 -672 178 ) 
4 463 464 (406 -672 78 ) (500 -672 78 ) (500 -672 178 ) (406 -672 178 ) 
4 463 469 (224 -672 78 ) (404 -672 78 ) (404 -672 178 ) (224 -672 178 ) 
4 463 470 (224 -672 78 ) (224 0 78 ) (500 0 78 ) (500 -672 78 ) 
4 464 467 (406 -674 78 ) (496.942993 -674 78 ) (496.942993 -674 178 ) (406 -674 178 ) 
4 464 466 (496.942993 -674 78 ) (500 -674 78 ) (500 -674 178 ) (496.942993 -674 178 ) 
4 464 470 (406 -672 78 ) (500 -672 78 ) (500 -674 78 ) (406 -674 78 ) 
4 464 465 (406 -672 178 ) (406 -672 78 ) (406 -674 78 ) (406 -674 178 ) 
4 465 468 (404 -674 178 ) (404 -674 78 ) (406 -674 78 ) (406 -674 178 ) 
4 465 470 (404 -674 78 ) (404 -672 78 ) (406 -672 78 ) (406 -674 78 ) 
4 465 469 (404 -672 178 ) (404 -672 78 ) (404 -674 78 ) (404 -674 178 ) 
4 466 472 (499.340027 -1002 178 ) (496.942993 -1002 178 ) (496.942993 -1002 78 ) (499.340027 -1002 78 ) 
4 466 471 (500 -1002 178 ) (499.340027 -1002 178 ) (499.340027 -1002 78 ) (500 -1002 78 ) 
4 466 467 (496.942993 -674 178 ) (496.942993 -674 78 ) (496.942993 -1002 78 ) (496.942993 -1002 178 ) 
4 466 470 (500 -1002 78 ) (496.942993 -1002 78 ) (496.942993 -674 78 ) (500 -674 78 ) 
4 467 472 (496.942993 -1002 178 ) (406 -1002 178 ) (406 -1002 78 ) (496.942993 -1002 78 ) 
4 467 470 (496.942993 -1002 78 ) (406 -1002 78 ) (406 -674 78 ) (496.942993 -674 78 ) 
4 467 468 (406 -674 178 ) (406 -674 78 ) (406 -1002 78 ) (406 -1002 178 ) 
4 468 472 (406 -1002 178 ) (404 -1002 178 ) (404 -1002 78 ) (406 -1002 78 ) 
4 468 469 (404 -674 78 ) (404 -1002 78 ) (404 -1002 178 ) (404 -674 178 ) 
4 468 470 (406 -1002 78 ) (404 -1002 78 ) (404 -674 78 ) (406 -674 78 ) 
4 469 478 (224 -1002 78 ) (224 -1002 178 ) (224 -672 178 ) (224 -672 78 ) 
4 469 475 (404 -1002 178 ) (224 -1002 178 ) (224 -1002 78 ) (404 -1002 78 ) 
4 469 470 (404 -1002 78 ) (224 -1002 78 ) (224 -672 78 ) (404 -672 78 ) 
4 470 480 (224 -1002 20 ) (224 0 20 ) (1024 0 20 ) (1024 -1002 20 ) 
4 470 476 (224 0 20 ) (224 -498 20 ) (224 -498 78 ) (224 0 78 ) 
4 470 478 (224 -504 20 ) (224 -1002 20 ) (224 -1002 78 ) (224 -504 78 ) 
4 470 473 (404 -1002 20 ) (499.340027 -1002 20 ) (499.340027 -1002 76 ) (404 -1002 76 ) 
4 470 472 (499.340027 -1002 76 ) (499.340027 -1002 78 ) (404 -1002 78 ) (404 -1002 76 ) 
4 470 471 (499.340027 -1002 20 ) (1024 -1002 20 ) (1024 -1002 78 ) (499.340027 -1002 78 ) 
4 470 475 (224 -1002 78 ) (224 -1002 20 ) (404 -1002 20 ) (404 -1002 78 ) 
4 471 580 (1024 -1024 20 ) (1024 -1024 178 ) (499.340027 -1024 178 ) (499.340027 -1024 20 ) 
4 471 480 (1024 -1024 20 ) (499.340027 -1024 20 ) (499.340027 -1002 20 ) (1024 -1002 20 ) 
4 471 473 (499.340027 -1002 76 ) (499.340027 -1002 20 ) (499.340027 -1004 20 ) (499.340027 -1004 76 ) 
4 471 472 (499.340027 -1002 178 ) (499.340027 -1002 76 ) (499.340027 -1004 76 ) (499.340027 -1004 178 ) 
4 471 474 (499.340027 -1004 20 ) (499.340027 -1024 20 ) (499.340027 -1024 178 ) (499.340027 -1004 178 ) 
4 472 474 (404 -1004 178 ) (404 -1004 76 ) (499.340027 -1004 76 ) (499.340027 -1004 178 ) 
4 472 475 (404 -1002 178 ) (404 -1002 76 ) (404 -1004 76 ) (404 -1004 178 ) 
4 472 473 (499.340027 -1004 76 ) (404 -1004 76 ) (404 -1002 76 ) (499.340027 -1002 76 ) 
4 473 480 (404 -1004 20 ) (404 -1002 20 ) (499.340027 -1002 20 ) (499.340027 -1004 20 ) 
4 473 474 (404 -1004 76 ) (404 -1004 20 ) (499.340027 -1004 20 ) (499.340027 -1004 76 ) 
4 473 475 (404 -1002 76 ) (404 -1002 20 ) (404 -1004 20 ) (404 -1004 76 ) 
4 474 580 (499.340027 -1024 178 ) (404 -1024 178 ) (404 -1024 20 ) (499.340027 -1024 20 ) 
4 474 480 (499.340027 -1024 20 ) (404 -1024 20 ) (404 -1004 20 ) (499.340027 -1004 20 ) 
4 474 475 (404 -1004 20 ) (404 -1024 20 ) (404 -1024 178 ) (404 -1004 178 ) 
4 475 580 (404 -1024 178 ) (224 -1024 178 ) (224 -1024 20 ) (404 -1024 20 ) 
4 475 480 (404 -1024 20 ) (224 -1024 20 ) (224 -1002 20 ) (404 -1002 20 ) 
4 475 478 (224 -1002 20 ) (224 -1024 20 ) (224 -1024 178 ) (224 -1002 178 ) 
4 476 480 (122 -498 20 ) (122 0 20 ) (224 0 20 ) (224 -498 20 ) 
4 476 477 (122 -498 632 ) (122 -498 132 ) (224 -498 132 ) (224 -498 632 ) 
4 476 479 (122 0 20 ) (122 -498 20 ) (122 -498 632 ) (122 0 632 ) 
4 477 479 (122 -504 132 ) (122 -504 632 ) (122 -498 632 ) (122 -498 132 ) 
4 477 478 (122 -504 632 ) (122 -504 132 ) (224 -504 132 ) (224 -504 632 ) 
4 478 580 (224 -1024 632 ) (122 -1024 632 ) (122 -1024 20 ) (224 -1024 20 ) 
4 478 480 (224 -1024 20 ) (122 -1024 20 ) (122 -504 20 ) (224 -504 20 ) 
4 478 479 (122 -504 20 ) (122 -1024 20 ) (122 -1024 632 ) (122 -504 632 ) 
4 479 580 (122 -1024 632 ) (40 -1024 632 ) (40 -1024 20 ) (122 -1024 20 ) 
4 479 486 (40 0 64 ) (40 0 20 ) (40 -1024 20 ) (40 -1024 64 ) 
4 479 485 (40 -752 64 ) (40 -1024 64 ) (40 -1024 68 ) (40 -752 68 ) 
4 479 484 (40 -1024 68 ) (40 -1024 632 ) (40 -746.670044 632 ) (40 -746.670044 68 ) 
4 479 483 (40 -746.670044 72 ) (40 -746.670044 632 ) (40 -741.330017 632 ) (40 -741.330017 72 ) 
4 479 482 (40 -741.330017 76 ) (40 -741.330017 632 ) (40 -736 632 ) (40 -736 76 ) 
4 479 481 (40 0 632 ) (40 0 64 ) (40 -736 64 ) (40 -736 632 ) 
4 479 480 (122 -1024 20 ) (40 -1024 20 ) (40 0 20 ) (122 0 20 ) 
4 480 580 (1024 -1024 0 ) (1024 -1024 20 ) (40 -1024 20 ) (40 -1024 0 ) 
4 480 486 (40 0 20 ) (40 0 0 ) (40 -1024 0 ) (40 -1024 20 ) 
4 481 488 (0 0 632 ) (0 0 64 ) (0 -736 64 ) (0 -736 632 ) 
4 481 486 (0 0 64 ) (40 0 64 ) (40 -736 64 ) (0 -736 64 ) 
4 481 482 (40 -736 76 ) (40 -736 632 ) (0 -736 632 ) (0 -736 76 ) 
4 482 489 (0 -741.330017 76 ) (0 -741.330017 632 ) (0 -736 632 ) (0 -736 76 ) 
4 482 483 (40 -741.330017 76 ) (40 -741.330017 632 ) (0 -741.330017 632 ) (0 -741.330017 76 ) 
4 483 490 (0 -746.670044 72 ) (0 -746.670044 632 ) (0 -741.330017 632 ) (0 -741.330017 72 ) 
4 483 484 (0 -746.670044 632 ) (0 -746.670044 72 ) (40 -746.670044 72 ) (40 -746.670044 632 ) 
4 484 580 (0 -1024 632 ) (0 -1024 68 ) (40 -1024 68 ) (40 -1024 632 ) 
4 484 491 (0 -1024 68 ) (0 -1024 632 ) (0 -746.670044 632 ) (0 -746.670044 68 ) 
4 484 485 (40 -752 68 ) (40 -1024 68 ) (0 -1024 68 ) (0 -752 68 ) 
4 485 580 (0 -1024 68 ) (0 -1024 64 ) (40 -1024 64 ) (40 -1024 68 ) 
4 485 492 (0 -752 64 ) (0 -1024 64 ) (0 -1024 68 ) (0 -752 68 ) 
4 485 486 (40 -752 64 ) (40 -1024 64 ) (0 -1024 64 ) (0 -752 64 ) 
4 486 580 (0 -1024 64 ) (0 -1024 0 ) (40 -1024 0 ) (40 -1024 64 ) 
4 486 494 (0 0 64 ) (0 0 0 ) (0 -1024 0 ) (0 -1024 64 ) 
4 487 581 (1024 -1024 -232 ) (1024 -1024 -166 ) (0 -1024 -166 ) (0 -1024 -232 ) 
4 487 499 (0 0 -166 ) (0 0 -232 ) (0 -1024 -232 ) (0 -1024 -166 ) 
4 488 494 (0 0 64 ) (0 -736 64 ) (-56 -736 64 ) (-56 0 64 ) 
4 488 493 (-56 0 632 ) (-56 0 64 ) (-56 -736 64 ) (-56 -736 632 ) 
4 488 489 (0 -736 632 ) (-56 -736 632 ) (-56 -736 76 ) (0 -736 76 ) 
4 489 493 (-56 -741.330017 76 ) (-56 -741.330017 632 ) (-56 -736 632 ) (-56 -736 76 ) 
4 489 490 (-56 -741.330017 632 ) (-56 -741.330017 76 ) (0 -741.330017 76 ) (0 -741.330017 632 ) 
4 490 493 (-56 -746.670044 72 ) (-56 -746.670044 632 ) (-56 -741.330017 632 ) (-56 -741.330017 72 ) 
4 490 491 (-56 -746.670044 632 ) (-56 -746.670044 72 ) (0 -746.670044 72 ) (0 -746.670044 632 ) 
4 491 582 (0 -1024 68 ) (0 -1024 632 ) (-56 -1024 632 ) (-56 -1024 68 ) 
4 491 493 (-56 -1024 68 ) (-56 -1024 632 ) (-56 -746.670044 632 ) (-56 -746.670044 68 ) 
4 491 492 (0 -1024 68 ) (-56 -1024 68 ) (-56 -752 68 ) (0 -752 68 ) 
4 492 582 (0 -1024 64 ) (0 -1024 68 ) (-56 -1024 68 ) (-56 -1024 64 ) 
4 492 494 (0 -752 64 ) (0 -1024 64 ) (-56 -1024 64 ) (-56 -752 64 ) 
4 492 493 (-56 -752 64 ) (-56 -1024 64 ) (-56 -1024 68 ) (-56 -752 68 ) 
4 493 582 (-1024 -1024 632 ) (-1024 -1024 64 ) (-56 -1024 64 ) (-56 -1024 632 ) 
4 493 552 (-1024 -1024 64 ) (-1024 -1024 632 ) (-1024 0 632 ) (-1024 0 64 ) 
4 493 496 (-776 -480 64 ) (-776 -472 64 ) (-768 -472 64 ) (-768 -480 64 ) 
4 493 495 (-776 -472 64 ) (-776 0 64 ) (-768 0 64 ) (-768 -472 64 ) 
4 493 497 (-768 -1024 64 ) (-776 -1024 64 ) (-776 -480 64 ) (-768 -480 64 ) 
4 493 494 (-56 -1024 64 ) (-768 -1024 64 ) (-768 0 64 ) (-56 0 64 ) 
4 493 498 (-776 -1024 64 ) (-1024 -1024 64 ) (-1024 0 64 ) (-776 0 64 ) 
4 494 582 (0 -1024 0 ) (0 -1024 64 ) (-768 -1024 64 ) (-768 -1024 0 ) 
4 494 496 (-768 -480 56 ) (-768 -480 64 ) (-768 -472 64 ) (-768 -472 56 ) 
4 494 495 (-768 0 0 ) (-768 -472 0 ) (-768 -472 64 ) (-768 0 64 ) 
4 494 497 (-768 -480 0 ) (-768 -1024 0 ) (-768 -1024 64 ) (-768 -480 64 ) 
4 495 496 (-776 -472 64 ) (-776 -472 56 ) (-768 -472 56 ) (-768 -472 64 ) 
4 495 498 (-776 0 0 ) (-776 -472 0 ) (-776 -472 64 ) (-776 0 64 ) 
4 496 498 (-776 -480 56 ) (-776 -480 64 ) (-776 -472 64 ) (-776 -472 56 ) 
4 496 497 (-776 -480 64 ) (-776 -480 56 ) (-768 -480 56 ) (-768 -480 64 ) 
4 497 582 (-768 -1024 64 ) (-776 -1024 64 ) (-776 -1024 0 ) (-768 -1024 0 ) 
4 497 498 (-776 -480 0 ) (-776 -1024 0 ) (-776 -1024 64 ) (-776 -480 64 ) 
4 498 582 (-776 -1024 64 ) (-1024 -1024 64 ) (-1024 -1024 0 ) (-776 -1024 0 ) 
4 498 552 (-1024 -1024 0 ) (-1024 -1024 64 ) (-1024 0 64 ) (-1024 0 0 ) 
4 499 583 (0 -1024 -232 ) (0 -1024 -166 ) (-1024 -1024 -166 ) (-1024 -1024 -232 ) 
4 499 553 (-1024 -1024 -232 ) (-1024 -1024 -166 ) (-1024 0 -166 ) (-1024 0 -232 ) 
4 500 554 (-1024 -838.018982 -446.980042 ) (-1024 0 -446.980042 ) (-1024 0 -477 ) (-1024 -838.018982 -477 ) 
5 500 521 (-1024 -723.199036 -477 ) (-1024 -587.333008 -477 ) (-824.885986 -587.333008 -477 ) (-824.885986 -758.450256 -477 ) (-835.859253 -760.633728 -477 ) 
3 500 520 (-1024 -808.416199 -477 ) (-1024 -733.571899 -477 ) (-835.885437 -770.986694 -477 ) 
4 500 518 (-824.885986 -485.112000 -477 ) (-824.885986 -587.333008 -477 ) (-927.108032 -587.333008 -477 ) (-927.108032 -485.112000 -477 ) 
4 500 517 (-927.108032 0 -477 ) (-824.885986 0 -477 ) (-824.885986 -485.112000 -477 ) (-927.108032 -485.112000 -477 ) 
4 500 519 (-1024 -587.333008 -477 ) (-1024 0 -477 ) (-927.108032 0 -477 ) (-927.108032 -587.333008 -477 ) 
5 500 516 (-824.885986 -758.450256 -477 ) (-824.885986 -487.053040 -477 ) (-319.616974 -487.053040 -477 ) (-374.800018 -569.575134 -477 ) (-586.242004 -710.965027 -477 ) 
3 500 515 (-445.296753 -693.270386 -477 ) (-582.179626 -720.506287 -477 ) (-367.481201 -576.894775 -477 ) 
4 500 513 (-568.684998 -384.830994 -477 ) (-466.463013 -384.830994 -477 ) (-466.463013 -487.053040 -477 ) (-568.684998 -487.053040 -477 ) 
4 500 514 (-824.885986 -487.053040 -477 ) (-824.885986 -384.830994 -477 ) (-568.684998 -384.830994 -477 ) (-568.684998 -487.053040 -477 ) 
4 500 512 (-466.463013 -384.830994 -477 ) (-251.260452 -384.830994 -477 ) (-319.616974 -487.053040 -477 ) (-466.463013 -487.053040 -477 ) 
4 500 511 (-114.176010 -384.830994 -477 ) (-114.176010 -627.386597 -477 ) (-445.296753 -693.270386 -477 ) (-239.056030 -384.830994 -477 ) 
4 500 508 (-311.190002 -61.345001 -477 ) (-311.190002 -163.566010 -477 ) (-413.410004 -163.566010 -477 ) (-413.410004 -61.345001 -477 ) 
4 500 507 (-413.410004 0 -477 ) (-311.190002 0 -477 ) (-311.190002 -61.345001 -477 ) (-413.410004 -61.345001 -477 ) 
4 500 509 (-311.190002 -163.566010 -477 ) (-311.190002 -384.830994 -477 ) (-413.410004 -384.830994 -477 ) (-413.410004 -163.566010 -477 ) 
4 500 510 (-824.885986 0 -477 ) (-413.410004 0 -477 ) (-413.410004 -384.830994 -477 ) (-824.885986 -384.830994 -477 ) 
4 500 506 (-148.864746 -231.705902 -477 ) (-146.062164 -245.791138 -477 ) (-223.850708 -362.096497 -477 ) (-218.679306 -336.108337 -477 ) 
3 500 505 (-173.380997 -108.491913 -477 ) (-148.864746 -231.705902 -477 ) (-218.727905 -336.181030 -477 ) 
6 500 504 (-311.190002 0 -477 ) (-205.321136 0 -477 ) (-183.736481 -108.483269 -477 ) (-233.415146 -358.144684 -477 ) (-251.260452 -384.830994 -477 ) (-311.190002 -384.830994 -477 ) 
4 500 503 (-194.967957 0 -477 ) (-114.176010 0 -477 ) (-114.176010 -198.116638 -477 ) (-146.062164 -245.791138 -477 ) 
3 500 502 (-114.176010 -198.116638 -477 ) (-114.176010 -384.830994 -477 ) (-239.056213 -384.830994 -477 ) 
4 500 501 (-1024 -838.018982 -477 ) (-1024 -808.416199 -477 ) (-114.176010 -627.386597 -477 ) (-114.176010 -838.018982 -477 ) 
4 501 555 (-1024 -838.018982 -477 ) (-1024 -808.416260 -477 ) (-1024 -808.414673 -747.599976 ) (-1024 -838.018982 -747.599976 ) 
4 501 524 (-1024 -838.018982 -747.599976 ) (-1024 -808.414673 -747.599976 ) (-283.334106 -661.042786 -747.599976 ) (-318.547302 -838.018982 -747.599976 ) 
4 501 522 (-283.334106 -661.042786 -747.599976 ) (-114.176010 -627.385010 -747.599976 ) (-114.176010 -838.018982 -747.599976 ) (-318.547302 -838.018982 -747.599976 ) 
4 501 520 (-835.889648 -770.985718 -747.599976 ) (-1024 -808.414429 -747.599976 ) (-1024 -808.416016 -477 ) (-835.886108 -770.986572 -477 ) 
4 501 515 (-445.294556 -693.268188 -747.599976 ) (-582.180054 -720.504578 -747.599976 ) (-582.179077 -720.505920 -477 ) (-445.296600 -693.270142 -477 ) 
4 501 511 (-114.176010 -627.386414 -477 ) (-114.176010 -627.384827 -747.599976 ) (-445.294556 -693.268188 -747.599976 ) (-445.296600 -693.270142 -477 ) 
3 502 526 (-228.376007 -384.830994 -747.599976 ) (-239.055511 -384.830994 -747.599976 ) (-223.853561 -362.101837 -747.599976 ) 
4 502 522 (-114.176010 -198.117645 -747.599976 ) (-114.176010 -384.830994 -747.599976 ) (-228.376007 -384.830994 -747.599976 ) (-223.853561 -362.101837 -747.599976 ) 
4 502 511 (-239.055542 -384.830994 -747.599976 ) (-114.176010 -384.830994 -747.599976 ) (-114.176010 -384.830994 -477 ) (-239.056213 -384.830994 -477 ) 
4 502 506 (-146.063065 -245.790710 -747.599976 ) (-223.849701 -362.093536 -747.599976 ) (-223.850006 -362.093018 -477 ) (-146.062592 -245.789017 -477 ) 
4 502 503 (-114.176010 -198.113739 -477 ) (-114.176010 -198.114731 -747.599976 ) (-146.063065 -245.790710 -747.599976 ) (-146.062592 -245.789017 -477 ) 
3 503 523 (-194.968750 0 -747.599976 ) (-151.805817 0 -747.599976 ) (-173.387177 -108.464890 -747.599976 ) 
5 503 522 (-151.805817 0 -747.599976 ) (-114.176010 0 -747.599976 ) (-114.176010 -198.117645 -747.599976 ) (-146.062637 -245.792862 -747.599976 ) (-173.387177 -108.464890 -747.599976 ) 
4 503 506 (-148.865936 -231.704163 -747.599976 ) (-146.063278 -245.789841 -747.599976 ) (-146.062820 -245.788147 -477 ) (-148.864792 -231.705963 -477 ) 
4 503 505 (-173.380585 -108.497955 -747.599976 ) (-148.865936 -231.704163 -747.599976 ) (-148.864792 -231.705963 -477 ) (-173.380997 -108.491943 -477 ) 
4 504 512 (-311.190002 -384.830994 -747.599976 ) (-251.262802 -384.830994 -747.599976 ) (-251.260452 -384.830994 -477 ) (-311.190002 -384.830994 -477 ) 
4 504 508 (-311.190002 -163.566010 -732 ) (-311.190002 -163.566010 -477 ) (-311.190002 -61.345001 -477 ) (-311.190002 -61.345001 -732 ) 
4 504 507 (-311.190002 0 -747.599976 ) (-311.190002 -61.345001 -747.599976 ) (-311.190002 -61.345001 -477 ) (-311.190002 0 -477 ) 
4 504 509 (-311.190002 -163.566010 -747.599976 ) (-311.190002 -384.830994 -747.599976 ) (-311.190002 -384.830994 -477 ) (-311.190002 -163.566010 -477 ) 
3 505 522 (-173.380600 -108.498001 -747.599976 ) (-148.865906 -231.704132 -747.599976 ) (-218.724655 -336.172668 -747.599976 ) 
4 505 506 (-218.724594 -336.172394 -747.599976 ) (-148.866440 -231.704056 -747.599976 ) (-148.865295 -231.705841 -477 ) (-218.727875 -336.180786 -477 ) 
4 506 522 (-148.865906 -231.704132 -747.599976 ) (-146.062637 -245.792862 -747.599976 ) (-223.850418 -362.097137 -747.599976 ) (-218.677750 -336.102509 -747.599976 ) 
4 507 508 (-413.410004 -61.345001 -477 ) (-413.410004 -61.345001 -732 ) (-311.190002 -61.345001 -732 ) (-311.190002 -61.345001 -477 ) 
4 507 510 (-413.410004 0 -747.599976 ) (-413.410004 -61.345001 -747.599976 ) (-413.410004 -61.345001 -477 ) (-413.410004 0 -477 ) 
4 508 510 (-413.410004 -163.566010 -732 ) (-413.410004 -163.566010 -477 ) (-413.410004 -61.345001 -477 ) (-413.410004 -61.345001 -732 ) 
4 508 509 (-413.410004 -163.566010 -477 ) (-413.410004 -163.566010 -732 ) (-311.190002 -163.566010 -732 ) (-311.190002 -163.566010 -477 ) 
4 509 512 (-413.410004 -384.830994 -747.599976 ) (-311.190002 -384.830994 -747.599976 ) (-311.190002 -384.830994 -477 ) (-413.410004 -384.830994 -477 ) 
4 509 510 (-413.410004 -163.566010 -747.599976 ) (-413.410004 -384.830994 -747.599976 ) (-413.410004 -384.830994 -477 ) (-413.410004 -163.566010 -477 ) 
4 510 517 (-824.885986 0 -747.599976 ) (-824.885986 -384.830994 -747.599976 ) (-824.885986 -384.830994 -477 ) (-824.885986 0 -477 ) 
4 510 513 (-466.463013 -384.830994 -732 ) (-466.463013 -384.830994 -477 ) (-568.684998 -384.830994 -477 ) (-568.684998 -384.830994 -732 ) 
4 510 514 (-824.885986 -384.830994 -477 ) (-824.885986 -384.830994 -747.599976 ) (-568.684998 -384.830994 -747.599976 ) (-568.684998 -384.830994 -477 ) 
4 510 512 (-466.463013 -384.830994 -747.599976 ) (-413.410004 -384.830994 -747.599976 ) (-413.410004 -384.830994 -477 ) (-466.463013 -384.830994 -477 ) 
4 511 526 (-283.334106 -661.042786 -747.599976 ) (-445.294739 -693.268433 -747.599976 ) (-239.055420 -384.830994 -747.599976 ) (-228.376007 -384.830994 -747.599976 ) 
4 511 522 (-114.176010 -384.830994 -747.599976 ) (-114.176010 -627.385010 -747.599976 ) (-283.334106 -661.042786 -747.599976 ) (-228.376007 -384.830994 -747.599976 ) 
4 511 515 (-367.479767 -576.891846 -747.599976 ) (-445.296051 -693.268738 -747.599976 ) (-445.298035 -693.270691 -477 ) (-367.483337 -576.896179 -477 ) 
4 512 516 (-466.463013 -487.053040 -747.599976 ) (-319.619324 -487.053040 -747.599976 ) (-319.616974 -487.053040 -477 ) (-466.463013 -487.053040 -477 ) 
4 512 513 (-466.463013 -384.830994 -477 ) (-466.463013 -384.830994 -732 ) (-466.463013 -487.053040 -732 ) (-466.463013 -487.053040 -477 ) 
4 513 516 (-466.463013 -487.053040 -732 ) (-466.463013 -487.053040 -477 ) (-568.684998 -487.053040 -477 ) (-568.684998 -487.053040 -732 ) 
4 513 514 (-568.684998 -384.830994 -477 ) (-568.684998 -384.830994 -732 ) (-568.684998 -487.053040 -732 ) (-568.684998 -487.053040 -477 ) 
4 514 518 (-824.885986 -487.053040 -732 ) (-824.885986 -487.053040 -477 ) (-824.885986 -485.112000 -477 ) (-824.885986 -485.112000 -732 ) 
4 514 517 (-824.885986 -384.830994 -747.599976 ) (-824.885986 -485.112000 -747.599976 ) (-824.885986 -485.112000 -477 ) (-824.885986 -384.830994 -477 ) 
4 514 516 (-824.885986 -487.053040 -477 ) (-824.885986 -487.053040 -747.599976 ) (-568.684998 -487.053040 -747.599976 ) (-568.684998 -487.053040 -477 ) 
3 515 527 (-445.294739 -693.268433 -747.599976 ) (-582.180420 -720.504883 -747.599976 ) (-367.477600 -576.890442 -747.599976 ) 
4 516 521 (-824.885986 -587.333008 -747.599976 ) (-824.885986 -758.450317 -747.599976 ) (-824.885986 -758.450317 -477 ) (-824.885986 -587.333008 -477 ) 
4 516 518 (-824.885986 -587.333008 -732 ) (-824.885986 -587.333008 -477 ) (-824.885986 -487.053040 -477 ) (-824.885986 -487.053040 -732 ) 
4 517 518 (-927.108032 -485.112000 -477 ) (-927.108032 -485.112000 -732 ) (-824.885986 -485.112000 -732 ) (-824.885986 -485.112000 -477 ) 
4 517 519 (-927.108032 0 -747.599976 ) (-927.108032 -485.112000 -747.599976 ) (-927.108032 -485.112000 -477 ) (-927.108032 0 -477 ) 
4 518 521 (-824.885986 -587.333008 -732 ) (-824.885986 -587.333008 -477 ) (-927.108032 -587.333008 -477 ) (-927.108032 -587.333008 -732 ) 
4 518 519 (-927.108032 -587.333008 -732 ) (-927.108032 -587.333008 -477 ) (-927.108032 -485.112000 -477 ) (-927.108032 -485.112000 -732 ) 
4 519 559 (-1024 -587.333008 -477 ) (-1024 -410.062988 -477 ) (-1024 -410.062988 -747.599976 ) (-1024 -587.333008 -747.599976 ) 
4 519 556 (-1024 -410.062988 -477 ) (-1024 0 -477 ) (-1024 0 -747.599976 ) (-1024 -410.062988 -747.599976 ) 
4 519 521 (-1024 -587.333008 -747.599976 ) (-927.108032 -587.333008 -747.599976 ) (-927.108032 -587.333008 -477 ) (-1024 -587.333008 -477 ) 
4 520 555 (-1024 -808.416260 -477 ) (-1024 -733.571899 -477 ) (-1024 -733.571777 -747.599976 ) (-1024 -808.414673 -747.599976 ) 
3 520 525 (-1024 -808.414673 -747.599976 ) (-1024 -733.571777 -747.599976 ) (-835.889038 -770.985840 -747.599976 ) 
4 521 559 (-1024 -723.199036 -477 ) (-1024 -587.333008 -477 ) (-1024 -587.333008 -747.599976 ) (-1024 -723.198975 -747.599976 ) 
4 522 526 (-223.852280 -362.096924 -757.200073 ) (-283.333740 -661.042603 -757.200073 ) (-283.333557 -661.042603 -747.599976 ) (-223.850739 -362.090088 -747.599976 ) 
4 522 524 (-283.333740 -661.042603 -757.200073 ) (-318.546875 -838.018982 -757.200073 ) (-318.546692 -838.018982 -747.599976 ) (-283.333557 -661.042603 -747.599976 ) 
4 522 523 (-151.805573 0 -757.200073 ) (-173.386169 -108.461136 -757.200073 ) (-173.385986 -108.461121 -747.599976 ) (-151.805389 0 -747.599976 ) 
4 522 528 (-114.176010 -838.018982 -757.200073 ) (-318.547485 -838.018982 -757.200073 ) (-151.806030 0 -757.200073 ) (-114.176010 0 -757.200073 ) 
3 523 528 (-194.970215 0 -757.200073 ) (-151.806030 0 -757.200073 ) (-173.386398 -108.459900 -757.200073 ) 
4 524 572 (-1024 -838.018982 -747.599976 ) (-1024 -808.414673 -747.599976 ) (-1024 -808.414551 -757.200073 ) (-1024 -838.018982 -757.200073 ) 
4 524 527 (-445.294800 -693.267822 -757.200073 ) (-582.268066 -720.521729 -757.200073 ) (-582.277405 -720.523560 -747.599976 ) (-445.298309 -693.268555 -747.599976 ) 
4 524 526 (-283.334991 -661.042358 -747.599976 ) (-283.335175 -661.042358 -757.200073 ) (-445.294800 -693.267822 -757.200073 ) (-445.298309 -693.268555 -747.599976 ) 
4 524 525 (-835.890869 -770.985596 -757.200073 ) (-1024 -808.414063 -757.200073 ) (-1024 -808.414124 -747.599976 ) (-835.894165 -770.986267 -747.599976 ) 
4 524 528 (-318.547485 -838.018982 -757.200073 ) (-1024 -838.018982 -757.200073 ) (-1024 -808.414612 -757.200073 ) (-283.334351 -661.042786 -757.200073 ) 
4 525 572 (-1024 -808.414673 -747.599976 ) (-1024 -733.555115 -747.599976 ) (-1024 -733.553772 -757.200073 ) (-1024 -808.414551 -757.200073 ) 
3 525 528 (-1024 -808.414612 -757.200073 ) (-1024 -733.553772 -757.200073 ) (-835.889465 -770.985840 -757.200073 ) 
4 526 527 (-367.483337 -576.901917 -757.200073 ) (-445.293182 -693.267700 -757.200073 ) (-445.296722 -693.268433 -747.599976 ) (-367.483582 -576.897705 -747.599976 ) 
3 526 528 (-223.853027 -362.098022 -757.200073 ) (-283.334351 -661.042786 -757.200073 ) (-445.295197 -693.268494 -757.200073 ) 
3 527 528 (-367.486206 -576.903809 -757.200073 ) (-445.295197 -693.268494 -757.200073 ) (-582.269226 -720.522522 -757.200073 ) 
4 528 577 (-1024 0 -757.200073 ) (-1024 0 -784.020020 ) (-1024 -838.018982 -784.020020 ) (-1024 -838.018982 -757.200073 ) 
4 529 552 (-1024 0 0 ) (-1024 0 632 ) (-2048 0 632 ) (-2048 0 0 ) 
4 529 550 (-2048 0 0 ) (-2048 0 632 ) (-2048 1024 632 ) (-2048 1024 0 ) 
4 530 553 (-1024 0 -232 ) (-1024 0 -166 ) (-2048 0 -166 ) (-2048 0 -232 ) 
4 530 551 (-2048 0 -232 ) (-2048 0 -166 ) (-2048 1024 -166 ) (-2048 1024 -232 ) 
4 531 554 (-1024 0 -477 ) (-1024 0 -446.980042 ) (-1573.820068 0 -446.980042 ) (-1573.820068 0 -477 ) 
4 531 544 (-1351.434692 630.017029 -477 ) (-1341.111206 630.017029 -477 ) (-1433.193481 167.154816 -477 ) (-1447.918213 145.129791 -477 ) 
4 531 543 (-1573.820068 0 -477 ) (-1573.820068 630.017029 -477 ) (-1351.434692 630.017029 -477 ) (-1476.796387 0 -477 ) 
4 531 541 (-1233.770020 0 -477 ) (-1336 0 -477 ) (-1336 7.880980 -477 ) (-1233.770020 7.880980 -477 ) 
4 531 540 (-1024 7.880980 -477 ) (-1024 0 -477 ) (-1233.770020 0 -477 ) (-1233.770020 7.880980 -477 ) 
4 531 542 (-1336 0 -477 ) (-1466.447388 0 -477 ) (-1464.879517 7.880980 -477 ) (-1336 7.880980 -477 ) 
5 531 539 (-1164.550049 7.880980 -477 ) (-1464.879517 7.880980 -477 ) (-1438.370361 141.132401 -477 ) (-1336.257324 293.840027 -477 ) (-1164.550049 293.840027 -477 ) 
4 531 537 (-1164.550049 191.621994 -477 ) (-1164.550049 293.840027 -477 ) (-1062.329956 293.840027 -477 ) (-1062.329956 191.621994 -477 ) 
4 531 538 (-1062.329956 7.880980 -477 ) (-1164.550049 7.880980 -477 ) (-1164.550049 191.621994 -477 ) (-1062.329956 191.621994 -477 ) 
4 531 536 (-1024 293.840027 -477 ) (-1024 7.880980 -477 ) (-1062.329956 7.880980 -477 ) (-1062.329956 293.840027 -477 ) 
3 531 535 (-1024 547.442810 -477 ) (-1024 516.579468 -477 ) (-1089.650757 503.520050 -477 ) 
5 531 534 (-1024 506.234039 -477 ) (-1024 293.840027 -477 ) (-1336.257324 293.840027 -477 ) (-1296.955566 352.614624 -477 ) (-1085.536011 493.988800 -477 ) 
3 531 533 (-1433.195557 167.144470 -477 ) (-1408.748047 290.032471 -477 ) (-1304.276855 359.927460 -477 ) 
4 531 532 (-1341.111206 630.017029 -477 ) (-1024 630.017029 -477 ) (-1024 547.442810 -477 ) (-1408.748047 290.032471 -477 ) 
4 532 546 (-1123.691895 630.017029 -747.599976 ) (-1024 630.017029 -747.599976 ) (-1024 547.446777 -747.599976 ) (-1304.306030 359.911896 -747.599976 ) 
4 532 545 (-1408.746094 290.037720 -747.599976 ) (-1341.110352 630.017029 -747.599976 ) (-1123.691895 630.017029 -747.599976 ) (-1304.306030 359.911896 -747.599976 ) 
4 532 544 (-1341.111328 630.017029 -477 ) (-1341.110474 630.017029 -747.599976 ) (-1408.746216 290.037720 -747.599976 ) (-1408.748047 290.032501 -477 ) 
4 532 535 (-1089.655884 503.519043 -747.599976 ) (-1024 547.445190 -747.599976 ) (-1024 547.441162 -477 ) (-1089.647339 503.520721 -477 ) 
4 532 533 (-1408.750000 290.029541 -477 ) (-1408.748169 290.034760 -747.599976 ) (-1304.272827 359.932556 -747.599976 ) (-1304.278809 359.924530 -477 ) 
3 533 545 (-1433.194580 167.144928 -747.599976 ) (-1408.746094 290.037720 -747.599976 ) (-1304.270996 359.935364 -747.599976 ) 
4 533 544 (-1408.746216 290.037720 -747.599976 ) (-1433.194580 167.144928 -747.599976 ) (-1433.195435 167.144485 -477 ) (-1408.748047 290.032501 -477 ) 
4 534 539 (-1336.252563 293.840027 -747.599976 ) (-1164.550049 293.840027 -747.599976 ) (-1164.550049 293.840027 -477 ) (-1336.257324 293.840027 -477 ) 
4 534 537 (-1062.329956 293.840027 -732 ) (-1062.329956 293.840027 -477 ) (-1164.550049 293.840027 -477 ) (-1164.550049 293.840027 -732 ) 
4 534 536 (-1062.329956 293.840027 -747.599976 ) (-1024 293.840027 -747.599976 ) (-1024 293.840027 -477 ) (-1062.329956 293.840027 -477 ) 
3 535 547 (-1089.659302 503.518372 -747.599976 ) (-1024 547.446777 -747.599976 ) (-1024 516.579468 -747.599976 ) 
4 536 540 (-1062.329956 7.880980 -747.599976 ) (-1024 7.880980 -747.599976 ) (-1024 7.880980 -477 ) (-1062.329956 7.880980 -477 ) 
4 536 537 (-1062.329956 293.840027 -477 ) (-1062.329956 293.840027 -732 ) (-1062.329956 191.621994 -732 ) (-1062.329956 191.621994 -477 ) 
4 536 538 (-1062.329956 191.621994 -747.599976 ) (-1062.329956 7.880980 -747.599976 ) (-1062.329956 7.880980 -477 ) (-1062.329956 191.621994 -477 ) 
4 537 539 (-1164.550049 293.840027 -477 ) (-1164.550049 293.840027 -732 ) (-1164.550049 191.621994 -732 ) (-1164.550049 191.621994 -477 ) 
4 537 538 (-1164.550049 191.621994 -477 ) (-1164.550049 191.621994 -732 ) (-1062.329956 191.621994 -732 ) (-1062.329956 191.621994 -477 ) 
4 538 540 (-1164.550049 7.880980 -747.599976 ) (-1062.329956 7.880980 -747.599976 ) (-1062.329956 7.880980 -477 ) (-1164.550049 7.880980 -477 ) 
4 538 539 (-1164.550049 191.621994 -747.599976 ) (-1164.550049 7.880980 -747.599976 ) (-1164.550049 7.880980 -477 ) (-1164.550049 191.621994 -477 ) 
4 539 541 (-1233.770020 7.880980 -732 ) (-1233.770020 7.880980 -477 ) (-1336 7.880980 -477 ) (-1336 7.880980 -732 ) 
4 539 540 (-1233.770020 7.880980 -747.599976 ) (-1164.550049 7.880980 -747.599976 ) (-1164.550049 7.880980 -477 ) (-1233.770020 7.880980 -477 ) 
4 539 542 (-1464.877563 7.880980 -477 ) (-1464.876831 7.880980 -747.599976 ) (-1336 7.880980 -747.599976 ) (-1336 7.880980 -477 ) 
4 540 562 (-1232.479980 0 -477 ) (-1233.770020 0 -477 ) (-1233.770020 0 -747.599976 ) (-1232.479980 0 -747.599976 ) 
4 540 557 (-1130.260010 0 -477 ) (-1232.479980 0 -477 ) (-1232.479980 0 -747.599976 ) (-1130.260010 0 -747.599976 ) 
4 540 556 (-1024 0 -747.599976 ) (-1024 0 -477 ) (-1130.260010 0 -477 ) (-1130.260010 0 -747.599976 ) 
4 540 541 (-1233.770020 7.880980 -477 ) (-1233.770020 7.880980 -732 ) (-1233.770020 0 -732 ) (-1233.770020 0 -477 ) 
4 541 563 (-1233.770020 0 -477 ) (-1336 0 -477 ) (-1336 0 -732 ) (-1233.770020 0 -732 ) 
4 541 542 (-1336 7.880980 -477 ) (-1336 7.880980 -732 ) (-1336 0 -732 ) (-1336 0 -477 ) 
4 542 568 (-1336 0 -477 ) (-1466.447388 0 -477 ) (-1466.446533 0 -747.599976 ) (-1336 0 -747.599976 ) 
4 543 570 (-1509.620728 0 -477 ) (-1519.970947 0 -477 ) (-1519.968994 0 -747.599976 ) (-1509.620361 0 -747.599976 ) 
4 543 569 (-1519.970947 0 -477 ) (-1573.820068 0 -477 ) (-1573.820068 0 -747.599976 ) (-1519.968994 0 -747.599976 ) 
4 543 567 (-1476.796387 0 -477 ) (-1509.620728 0 -477 ) (-1509.620361 0 -747.599976 ) (-1476.798706 0 -747.599976 ) 
3 543 548 (-1476.798706 0 -747.599976 ) (-1544.972290 0 -747.599976 ) (-1447.917969 145.143158 -747.599976 ) 
5 543 545 (-1544.972290 0 -747.599976 ) (-1573.820068 0 -747.599976 ) (-1573.820068 630.017029 -747.599976 ) (-1351.437012 630.017029 -747.599976 ) (-1447.917969 145.143158 -747.599976 ) 
4 543 544 (-1351.437744 630.017029 -747.599976 ) (-1351.435547 630.017029 -477 ) (-1447.919434 145.127930 -477 ) (-1447.920044 145.136047 -747.599976 ) 
4 544 545 (-1447.919067 145.137604 -747.599976 ) (-1351.437012 630.017029 -747.599976 ) (-1341.110352 630.017029 -747.599976 ) (-1433.189697 167.169525 -747.599976 ) 
4 545 573 (-1544.972290 0 -747.599976 ) (-1573.820068 0 -747.599976 ) (-1573.820068 0 -757.200073 ) (-1544.960449 0 -757.200073 ) 
4 545 548 (-1544.964844 0 -757.200073 ) (-1447.917480 145.132202 -757.200073 ) (-1447.917480 145.149933 -747.599976 ) (-1544.976685 0 -747.599976 ) 
4 545 546 (-1304.306030 359.900024 -757.200073 ) (-1123.683594 630.017029 -757.200073 ) (-1123.695435 630.017029 -747.599976 ) (-1304.326660 359.886993 -747.599976 ) 
4 545 549 (-1544.960449 0 -757.200073 ) (-1573.820068 0 -757.200073 ) (-1573.820068 630.017029 -757.200073 ) (-1123.679932 630.017029 -757.200073 ) 
4 546 547 (-1089.500977 503.545807 -757.200073 ) (-1024 547.348022 -757.200073 ) (-1024 547.348755 -747.599976 ) (-1089.499268 503.547668 -747.599976 ) 
4 546 549 (-1304.298950 359.904724 -757.200073 ) (-1123.679932 630.017029 -757.200073 ) (-1024 630.017029 -757.200073 ) (-1024 547.347900 -757.200073 ) 
3 547 549 (-1089.500732 503.545868 -757.200073 ) (-1024 547.347900 -757.200073 ) (-1024 516.574951 -757.200073 ) 
4 548 574 (-1476.802368 0 -747.599976 ) (-1519.972290 0 -747.599976 ) (-1519.978516 0 -757.200073 ) (-1476.798828 0 -757.200073 ) 
4 548 573 (-1519.972290 0 -747.599976 ) (-1544.972290 0 -747.599976 ) (-1544.960449 0 -757.200073 ) (-1519.978516 0 -757.200073 ) 
3 548 549 (-1476.798828 0 -757.200073 ) (-1544.960449 0 -757.200073 ) (-1447.919189 145.123306 -757.200073 ) 
4 549 577 (-1024 0 -784.020020 ) (-1024 0 -757.200073 ) (-1573.820068 0 -757.200073 ) (-1573.820068 0 -784.020020 ) 
4 550 624 (-3072 1024 632 ) (-3072 1024 0 ) (-3072 0 0 ) (-3072 0 632 ) 
4 550 578 (-3072 0 632 ) (-3072 0 0 ) (-2048 0 0 ) (-2048 0 632 ) 
4 551 625 (-3072 1024 -166 ) (-3072 1024 -232 ) (-3072 0 -232 ) (-3072 0 -166 ) 
4 551 579 (-3072 0 -166 ) (-3072 0 -232 ) (-2048 0 -232 ) (-2048 0 -166 ) 
4 552 588 (-1024 -1024 0 ) (-1024 -1024 632 ) (-2048 -1024 632 ) (-2048 -1024 0 ) 
4 552 578 (-2048 0 632 ) (-2048 0 0 ) (-2048 -1024 0 ) (-2048 -1024 632 ) 
4 553 589 (-1024 -1024 -232 ) (-1024 -1024 -166 ) (-2048 -1024 -166 ) (-2048 -1024 -232 ) 
4 553 579 (-2048 0 -166 ) (-2048 0 -232 ) (-2048 -1024 -232 ) (-2048 -1024 -166 ) 
4 554 571 (-1573.820068 -173.801666 -477 ) (-1573.820068 -155.581848 -477 ) (-1453.099365 -336.106689 -477 ) (-1447.919312 -362.091064 -477 ) 
4 554 570 (-1519.970947 0 -477 ) (-1509.620728 0 -477 ) (-1493.210449 -82.475952 -477 ) (-1498.390625 -108.466248 -477 ) 
4 554 569 (-1573.820068 -155.581848 -477 ) (-1573.820068 0 -477 ) (-1519.970947 0 -477 ) (-1453.099365 -336.106720 -477 ) 
5 554 568 (-1466.447510 0 -477 ) (-1336 0 -477 ) (-1336 -511.216553 -477 ) (-1438.359863 -358.148132 -477 ) (-1488.032471 -108.499771 -477 ) 
3 554 567 (-1509.620728 0 -477 ) (-1476.796387 0 -477 ) (-1493.208984 -82.483215 -477 ) 
4 554 566 (-1573.820068 -396.671997 -477 ) (-1573.820068 -173.801666 -477 ) (-1336 -529.470642 -477 ) (-1336 -555.692810 -477 ) 
3 554 565 (-1304.302368 -576.887756 -477 ) (-1336 -555.692810 -477 ) (-1336 -529.465759 -477 ) 
5 554 564 (-1233.770020 -94.339996 -477 ) (-1233.770020 -611.837646 -477 ) (-1296.977173 -569.571167 -477 ) (-1336 -511.216553 -477 ) (-1336 -94.339996 -477 ) 
4 554 563 (-1336 0 -477 ) (-1233.770020 0 -477 ) (-1233.770020 -94.339996 -477 ) (-1336 -94.339996 -477 ) 
4 554 562 (-1233.770020 0 -477 ) (-1232.479980 0 -477 ) (-1232.479980 -612.700378 -477 ) (-1233.770020 -611.837585 -477 ) 
4 554 561 (-1573.820068 -624.146423 -477 ) (-1573.820068 -396.671997 -477 ) (-1232.479980 -624.912537 -477 ) (-1232.479980 -692.069519 -477 ) 
3 554 560 (-1089.492920 -720.522400 -477 ) (-1232.479980 -692.069519 -477 ) (-1232.479980 -624.912598 -477 ) 
5 554 559 (-1024 -410.062988 -477 ) (-1024 -723.198975 -477 ) (-1085.549927 -710.952271 -477 ) (-1232.479980 -612.700378 -477 ) (-1232.479980 -410.062988 -477 ) 
4 554 558 (-1130.260010 -307.841003 -477 ) (-1130.260010 -410.062988 -477 ) (-1232.479980 -410.062988 -477 ) (-1232.479980 -307.841003 -477 ) 
4 554 557 (-1232.479980 0 -477 ) (-1130.260010 0 -477 ) (-1130.260010 -307.841003 -477 ) (-1232.479980 -307.841003 -477 ) 
4 554 556 (-1130.260010 0 -477 ) (-1024 0 -477 ) (-1024 -410.062988 -477 ) (-1130.260010 -410.062988 -477 ) 
4 554 555 (-1573.820068 -838.018982 -477 ) (-1573.820068 -624.146423 -477 ) (-1024 -733.554810 -477 ) (-1024 -838.018982 -477 ) 
4 555 572 (-1024 -733.555786 -747.599976 ) (-1024 -838.018982 -747.599976 ) (-1573.820068 -838.018982 -747.599976 ) (-1573.820068 -624.147461 -747.599976 ) 
4 555 561 (-1232.479980 -692.070374 -747.599976 ) (-1573.820068 -624.147156 -747.599976 ) (-1573.820068 -624.146240 -477 ) (-1232.479980 -692.069458 -477 ) 
4 555 560 (-1089.496216 -720.522705 -747.599976 ) (-1232.479980 -692.070374 -747.599976 ) (-1232.479980 -692.069458 -477 ) (-1089.492676 -720.522522 -477 ) 
4 556 559 (-1130.260010 -410.062988 -747.599976 ) (-1024 -410.062988 -747.599976 ) (-1024 -410.062988 -477 ) (-1130.260010 -410.062988 -477 ) 
4 556 558 (-1130.260010 -410.062988 -732 ) (-1130.260010 -410.062988 -477 ) (-1130.260010 -307.841003 -477 ) (-1130.260010 -307.841003 -732 ) 
4 556 557 (-1130.260010 0 -747.599976 ) (-1130.260010 -307.841003 -747.599976 ) (-1130.260010 -307.841003 -477 ) (-1130.260010 0 -477 ) 
4 557 562 (-1232.479980 0 -747.599976 ) (-1232.479980 -307.841003 -747.599976 ) (-1232.479980 -307.841003 -477 ) (-1232.479980 0 -477 ) 
4 557 558 (-1232.479980 -307.841003 -477 ) (-1232.479980 -307.841003 -732 ) (-1130.260010 -307.841003 -732 ) (-1130.260010 -307.841003 -477 ) 
4 558 562 (-1232.479980 -410.062988 -732 ) (-1232.479980 -410.062988 -477 ) (-1232.479980 -307.841003 -477 ) (-1232.479980 -307.841003 -732 ) 
4 558 559 (-1232.479980 -410.062988 -477 ) (-1232.479980 -410.062988 -732 ) (-1130.260010 -410.062988 -732 ) (-1130.260010 -410.062988 -477 ) 
4 559 562 (-1232.479980 -410.062988 -747.599976 ) (-1232.479980 -612.693604 -747.599976 ) (-1232.479980 -612.700317 -477 ) (-1232.479980 -410.062988 -477 ) 
3 560 575 (-1089.496338 -720.522705 -747.599976 ) (-1232.479980 -692.070496 -747.599976 ) (-1232.479980 -624.915161 -747.599976 ) 
4 560 561 (-1232.479980 -624.915222 -747.599976 ) (-1232.479980 -692.067017 -747.599976 ) (-1232.479980 -692.066101 -477 ) (-1232.479980 -624.912537 -477 ) 
4 561 575 (-1232.479980 -624.915161 -747.599976 ) (-1232.479980 -692.070496 -747.599976 ) (-1388.454346 -661.033264 -747.599976 ) (-1420.677246 -499.075165 -747.599976 ) 
4 561 573 (-1388.454346 -661.033264 -747.599976 ) (-1573.820068 -624.147461 -747.599976 ) (-1573.820068 -396.674622 -747.599976 ) (-1420.677246 -499.075165 -747.599976 ) 
4 561 566 (-1336 -555.696350 -747.599976 ) (-1573.820068 -396.676300 -747.599976 ) (-1573.820068 -396.673584 -477 ) (-1336 -555.693604 -477 ) 
4 561 565 (-1304.288330 -576.900574 -747.599976 ) (-1336 -555.696350 -747.599976 ) (-1336 -555.693604 -477 ) (-1304.301514 -576.889038 -477 ) 
4 562 564 (-1233.770020 -94.339996 -747.599976 ) (-1233.770020 -611.830994 -747.599976 ) (-1233.770020 -611.837646 -477 ) (-1233.770020 -94.339996 -477 ) 
4 562 563 (-1233.770020 -94.339996 -732 ) (-1233.770020 -94.339996 -477 ) (-1233.770020 0 -477 ) (-1233.770020 0 -732 ) 
4 563 568 (-1336 -94.339996 -732 ) (-1336 -94.339996 -477 ) (-1336 0 -477 ) (-1336 0 -732 ) 
4 563 564 (-1336 -94.339996 -477 ) (-1336 -94.339996 -732 ) (-1233.770020 -94.339996 -732 ) (-1233.770020 -94.339996 -477 ) 
4 564 568 (-1336 -94.339996 -747.599976 ) (-1336 -511.212646 -747.599976 ) (-1336 -511.216492 -477 ) (-1336 -94.339996 -477 ) 
3 565 576 (-1304.289307 -576.899109 -747.599976 ) (-1336 -555.695435 -747.599976 ) (-1336 -529.457642 -747.599976 ) 
4 565 566 (-1336 -529.457703 -747.599976 ) (-1336 -555.693054 -747.599976 ) (-1336 -555.690308 -477 ) (-1336 -529.465759 -477 ) 
4 566 576 (-1336 -529.474609 -747.599976 ) (-1336 -555.695435 -747.599976 ) (-1420.677246 -499.075134 -747.599976 ) (-1447.935303 -362.071014 -747.599976 ) 
4 566 573 (-1420.677246 -499.075134 -747.599976 ) (-1573.820068 -396.674622 -747.599976 ) (-1573.820068 -173.805634 -747.599976 ) (-1447.935303 -362.071014 -747.599976 ) 
4 566 571 (-1447.917480 -362.097168 -747.599976 ) (-1573.820068 -173.805389 -747.599976 ) (-1573.820068 -173.801422 -477 ) (-1447.919556 -362.090271 -477 ) 
3 567 574 (-1509.620361 0 -747.599976 ) (-1476.798584 0 -747.599976 ) (-1493.209961 -82.476685 -747.599976 ) 
4 567 570 (-1509.619873 0 -747.599976 ) (-1493.209717 -82.475441 -747.599976 ) (-1493.208740 -82.482025 -477 ) (-1509.620239 0 -477 ) 
4 569 573 (-1573.820068 0 -747.599976 ) (-1519.968994 0 -747.599976 ) (-1453.097656 -336.105438 -747.599976 ) (-1573.820068 -155.577911 -747.599976 ) 
4 569 571 (-1573.820068 -155.580795 -477 ) (-1573.820068 -155.576813 -747.599976 ) (-1453.098145 -336.103027 -747.599976 ) (-1453.099976 -336.104187 -477 ) 
4 569 570 (-1498.390259 -108.458252 -747.599976 ) (-1519.968994 0 -747.599976 ) (-1519.970947 0 -477 ) (-1498.390625 -108.466415 -477 ) 
4 570 574 (-1519.968994 0 -747.599976 ) (-1509.620361 0 -747.599976 ) (-1493.210938 -82.471947 -747.599976 ) (-1498.390259 -108.458115 -747.599976 ) 
4 571 573 (-1447.917358 -362.097839 -747.599976 ) (-1573.820068 -173.805634 -747.599976 ) (-1573.820068 -155.577911 -747.599976 ) (-1453.099854 -336.102234 -747.599976 ) 
4 572 575 (-1089.511719 -720.517883 -757.200073 ) (-1388.461182 -661.029968 -757.200073 ) (-1388.454468 -661.032715 -747.599976 ) (-1089.498901 -720.521790 -747.599976 ) 
4 572 573 (-1388.461182 -661.029968 -757.200073 ) (-1573.820068 -624.145447 -757.200073 ) (-1573.820068 -624.146851 -747.599976 ) (-1388.454468 -661.032715 -747.599976 ) 
4 572 577 (-1024 -838.018982 -757.200073 ) (-1573.820068 -838.018982 -757.200073 ) (-1573.820068 -624.145081 -757.200073 ) (-1024 -733.553772 -757.200073 ) 
4 573 576 (-1420.684814 -499.067749 -757.200073 ) (-1447.940186 -362.077393 -757.200073 ) (-1447.930054 -362.097809 -747.599976 ) (-1420.678955 -499.067078 -747.599976 ) 
4 573 575 (-1388.453979 -661.035400 -747.599976 ) (-1388.460571 -661.032715 -757.200073 ) (-1420.684814 -499.067749 -757.200073 ) (-1420.678955 -499.067078 -747.599976 ) 
4 573 574 (-1498.390869 -108.502930 -757.200073 ) (-1519.978394 0 -757.200073 ) (-1519.972290 0 -747.599976 ) (-1498.389648 -108.478622 -747.599976 ) 
4 573 577 (-1573.820068 -624.145081 -757.200073 ) (-1573.820068 0 -757.200073 ) (-1519.978394 0 -757.200073 ) (-1388.461182 -661.029663 -757.200073 ) 
3 574 577 (-1519.978394 0 -757.200073 ) (-1476.798706 0 -757.200073 ) (-1498.390869 -108.502930 -757.200073 ) 
4 575 576 (-1304.307373 -576.886841 -757.200073 ) (-1420.684692 -499.067383 -757.200073 ) (-1420.678711 -499.066711 -747.599976 ) (-1304.319458 -576.874084 -747.599976 ) 
3 575 577 (-1089.512329 -720.517456 -757.200073 ) (-1388.461182 -661.029663 -757.200073 ) (-1420.684814 -499.067749 -757.200073 ) 
3 576 577 (-1304.306519 -576.888062 -757.200073 ) (-1420.684814 -499.067749 -757.200073 ) (-1447.940186 -362.077393 -757.200073 ) 
4 578 628 (-3072 -1024 0 ) (-3072 -1024 632 ) (-3072 0 632 ) (-3072 0 0 ) 
4 578 590 (-3072 -1024 632 ) (-3072 -1024 0 ) (-2048 -1024 0 ) (-2048 -1024 632 ) 
4 579 629 (-3072 -1024 -232 ) (-3072 -1024 -166 ) (-3072 0 -166 ) (-3072 0 -232 ) 
4 579 591 (-3072 -1024 -166 ) (-3072 -1024 -232 ) (-2048 -1024 -232 ) (-2048 -1024 -166 ) 
4 580 584 (1024 -2048 0 ) (1024 -2048 632 ) (0 -2048 632 ) (0 -2048 0 ) 
4 580 582 (0 -1024 632 ) (0 -1024 0 ) (0 -2048 0 ) (0 -2048 632 ) 
4 581 585 (1024 -2048 -232 ) (1024 -2048 -166 ) (0 -2048 -166 ) (0 -2048 -232 ) 
4 581 583 (0 -1024 -166 ) (0 -1024 -232 ) (0 -2048 -232 ) (0 -2048 -166 ) 
4 582 588 (-1024 -1024 632 ) (-1024 -1024 0 ) (-1024 -2048 0 ) (-1024 -2048 632 ) 
4 582 586 (0 -2048 0 ) (0 -2048 632 ) (-1024 -2048 632 ) (-1024 -2048 0 ) 
4 583 589 (-1024 -1024 -166 ) (-1024 -1024 -232 ) (-1024 -2048 -232 ) (-1024 -2048 -166 ) 
4 583 587 (0 -2048 -232 ) (0 -2048 -166 ) (-1024 -2048 -166 ) (-1024 -2048 -232 ) 
4 584 596 (1024 -3072 0 ) (1024 -3072 632 ) (0 -3072 632 ) (0 -3072 0 ) 
4 584 586 (0 -2048 632 ) (0 -2048 0 ) (0 -3072 0 ) (0 -3072 632 ) 
4 585 597 (1024 -3072 -232 ) (1024 -3072 -166 ) (0 -3072 -166 ) (0 -3072 -232 ) 
4 585 587 (0 -2048 -166 ) (0 -2048 -232 ) (0 -3072 -232 ) (0 -3072 -166 ) 
4 586 598 (0 -3072 0 ) (0 -3072 632 ) (-1024 -3072 632 ) (-1024 -3072 0 ) 
4 586 592 (-1024 -3072 0 ) (-1024 -3072 632 ) (-1024 -2048 632 ) (-1024 -2048 0 ) 
4 587 599 (0 -3072 -232 ) (0 -3072 -166 ) (-1024 -3072 -166 ) (-1024 -3072 -232 ) 
4 587 593 (-1024 -3072 -232 ) (-1024 -3072 -166 ) (-1024 -2048 -166 ) (-1024 -2048 -232 ) 
4 588 592 (-1024 -2048 0 ) (-1024 -2048 632 ) (-2048 -2048 632 ) (-2048 -2048 0 ) 
4 588 590 (-2048 -1024 632 ) (-2048 -1024 0 ) (-2048 -2048 0 ) (-2048 -2048 632 ) 
4 589 593 (-1024 -2048 -232 ) (-1024 -2048 -166 ) (-2048 -2048 -166 ) (-2048 -2048 -232 ) 
4 589 591 (-2048 -1024 -166 ) (-2048 -1024 -232 ) (-2048 -2048 -232 ) (-2048 -2048 -166 ) 
4 590 632 (-3072 -2048 0 ) (-3072 -2048 632 ) (-3072 -1024 632 ) (-3072 -1024 0 ) 
4 590 594 (-3072 -2048 632 ) (-3072 -2048 0 ) (-2048 -2048 0 ) (-2048 -2048 632 ) 
4 591 633 (-3072 -2048 -232 ) (-3072 -2048 -166 ) (-3072 -1024 -166 ) (-3072 -1024 -232 ) 
4 591 595 (-3072 -2048 -166 ) (-3072 -2048 -232 ) (-2048 -2048 -232 ) (-2048 -2048 -166 ) 
4 592 608 (-1024 -3072 0 ) (-1024 -3072 632 ) (-2048 -3072 632 ) (-2048 -3072 0 ) 
4 592 594 (-2048 -2048 632 ) (-2048 -2048 0 ) (-2048 -3072 0 ) (-2048 -3072 632 ) 
4 593 609 (-1024 -3072 -232 ) (-1024 -3072 -166 ) (-2048 -3072 -166 ) (-2048 -3072 -232 ) 
4 593 595 (-2048 -2048 -166 ) (-2048 -2048 -232 ) (-2048 -3072 -232 ) (-2048 -3072 -166 ) 
4 594 636 (-3072 -3072 0 ) (-3072 -3072 632 ) (-3072 -2048 632 ) (-3072 -2048 0 ) 
4 594 610 (-2048 -3072 0 ) (-2048 -3072 632 ) (-3072 -3072 632 ) (-3072 -3072 0 ) 
4 595 637 (-3072 -3072 -232 ) (-3072 -3072 -166 ) (-3072 -2048 -166 ) (-3072 -2048 -232 ) 
4 595 611 (-2048 -3072 -232 ) (-2048 -3072 -166 ) (-3072 -3072 -166 ) (-3072 -3072 -232 ) 
4 596 600 (1024 -4096 0 ) (1024 -4096 632 ) (0 -4096 632 ) (0 -4096 0 ) 
4 596 598 (0 -4096 0 ) (0 -4096 632 ) (0 -3072 632 ) (0 -3072 0 ) 
4 597 602 (1024 -4096 -232 ) (1024 -4096 -166 ) (0 -4096 -166 ) (0 -4096 -232 ) 
4 597 599 (0 -4096 -232 ) (0 -4096 -166 ) (0 -3072 -166 ) (0 -3072 -232 ) 
4 598 608 (-1024 -4096 0 ) (-1024 -4096 632 ) (-1024 -3072 632 ) (-1024 -3072 0 ) 
4 598 604 (0 -4096 0 ) (0 -4096 632 ) (-1024 -4096 632 ) (-1024 -4096 0 ) 
4 599 609 (-1024 -4096 -232 ) (-1024 -4096 -166 ) (-1024 -3072 -166 ) (-1024 -3072 -232 ) 
4 599 606 (0 -4096 -232 ) (0 -4096 -166 ) (-1024 -4096 -166 ) (-1024 -4096 -232 ) 
4 600 620 (1024 -5120 0 ) (1024 -5120 632 ) (0 -5120 632 ) (0 -5120 0 ) 
4 600 604 (0 -4096 632 ) (0 -4096 0 ) (0 -5120 0 ) (0 -5120 632 ) 
4 600 601 (0 -5120 0 ) (0 -4944 0 ) (1024 -4944 0 ) (1024 -5120 0 ) 
4 601 620 (1024 -5120 -120 ) (1024 -5120 0 ) (0 -5120 0 ) (0 -5120 -120 ) 
4 601 605 (0 -4944 -120 ) (0 -5120 -120 ) (0 -5120 0 ) (0 -4944 0 ) 
4 601 603 (1024 -5120 -120 ) (0 -5120 -120 ) (0 -4944 -120 ) (1024 -4944 -120 ) 
4 602 606 (0 -4096 -166 ) (0 -4096 -232 ) (0 -4944 -232 ) (0 -4944 -166 ) 
4 602 603 (0 -4944 -232 ) (1024 -4944 -232 ) (1024 -4944 -166 ) (0 -4944 -166 ) 
4 603 620 (1024 -5120 -232 ) (1024 -5120 -120 ) (0 -5120 -120 ) (0 -5120 -232 ) 
4 603 607 (0 -4944 -232 ) (0 -5120 -232 ) (0 -5120 -120 ) (0 -4944 -120 ) 
4 604 621 (0 -5120 0 ) (0 -5120 632 ) (-1024 -5120 632 ) (-1024 -5120 0 ) 
4 604 612 (-1024 -5120 0 ) (-1024 -5120 632 ) (-1024 -4096 632 ) (-1024 -4096 0 ) 
4 604 605 (0 -5120 0 ) (-1024 -5120 0 ) (-1024 -4944 0 ) (0 -4944 0 ) 
4 605 621 (0 -5120 -120 ) (0 -5120 0 ) (-1024 -5120 0 ) (-1024 -5120 -120 ) 
4 605 613 (-1024 -5120 -120 ) (-1024 -5120 0 ) (-1024 -4944 0 ) (-1024 -4944 -120 ) 
4 605 607 (0 -4944 -120 ) (0 -5120 -120 ) (-1024 -5120 -120 ) (-1024 -4944 -120 ) 
4 606 614 (-1024 -4096 -166 ) (-1024 -4096 -232 ) (-1024 -4944 -232 ) (-1024 -4944 -166 ) 
4 606 607 (-1024 -4944 -232 ) (0 -4944 -232 ) (0 -4944 -166 ) (-1024 -4944 -166 ) 
4 607 621 (0 -5120 -232 ) (0 -5120 -120 ) (-1024 -5120 -120 ) (-1024 -5120 -232 ) 
4 607 615 (-1024 -5120 -232 ) (-1024 -5120 -120 ) (-1024 -4944 -120 ) (-1024 -4944 -232 ) 
4 608 612 (-1024 -4096 0 ) (-1024 -4096 632 ) (-2048 -4096 632 ) (-2048 -4096 0 ) 
4 608 610 (-2048 -4096 0 ) (-2048 -4096 632 ) (-2048 -3072 632 ) (-2048 -3072 0 ) 
4 609 614 (-1024 -4096 -232 ) (-1024 -4096 -166 ) (-2048 -4096 -166 ) (-2048 -4096 -232 ) 
4 609 611 (-2048 -4096 -232 ) (-2048 -4096 -166 ) (-2048 -3072 -166 ) (-2048 -3072 -232 ) 
4 610 660 (-3072 -4096 0 ) (-3072 -4096 632 ) (-3072 -3072 632 ) (-3072 -3072 0 ) 
4 610 616 (-3072 -4096 632 ) (-3072 -4096 0 ) (-2048 -4096 0 ) (-2048 -4096 632 ) 
4 611 661 (-3072 -4096 -232 ) (-3072 -4096 -166 ) (-3072 -3072 -166 ) (-3072 -3072 -232 ) 
4 611 618 (-3072 -4096 -166 ) (-3072 -4096 -232 ) (-2048 -4096 -232 ) (-2048 -4096 -166 ) 
4 612 622 (-1024 -5120 0 ) (-1024 -5120 632 ) (-2048 -5120 632 ) (-2048 -5120 0 ) 
4 612 616 (-2048 -4096 632 ) (-2048 -4096 0 ) (-2048 -5120 0 ) (-2048 -5120 632 ) 
4 612 613 (-1024 -5120 0 ) (-2048 -5120 0 ) (-2048 -4944 0 ) (-1024 -4944 0 ) 
4 613 622 (-1024 -5120 -120 ) (-1024 -5120 0 ) (-2048 -5120 0 ) (-2048 -5120 -120 ) 
4 613 617 (-2048 -4944 -120 ) (-2048 -5120 -120 ) (-2048 -5120 0 ) (-2048 -4944 0 ) 
4 613 615 (-1024 -4944 -120 ) (-1024 -5120 -120 ) (-2048 -5120 -120 ) (-2048 -4944 -120 ) 
4 614 618 (-2048 -4096 -166 ) (-2048 -4096 -232 ) (-2048 -4944 -232 ) (-2048 -4944 -166 ) 
4 614 615 (-2048 -4944 -232 ) (-1024 -4944 -232 ) (-1024 -4944 -166 ) (-2048 -4944 -166 ) 
4 615 622 (-1024 -5120 -232 ) (-1024 -5120 -120 ) (-2048 -5120 -120 ) (-2048 -5120 -232 ) 
4 615 619 (-2048 -4944 -232 ) (-2048 -5120 -232 ) (-2048 -5120 -120 ) (-2048 -4944 -120 ) 
4 616 664 (-3072 -5120 0 ) (-3072 -5120 632 ) (-3072 -4096 632 ) (-3072 -4096 0 ) 
4 616 623 (-3072 -5120 632 ) (-3072 -5120 0 ) (-2048 -5120 0 ) (-2048 -5120 632 ) 
4 616 617 (-2048 -5120 0 ) (-3072 -5120 0 ) (-3072 -4944 0 ) (-2048 -4944 0 ) 
4 617 665 (-3072 -5120 -120 ) (-3072 -5120 0 ) (-3072 -4944 0 ) (-3072 -4944 -120 ) 
4 617 623 (-3072 -5120 0 ) (-3072 -5120 -120 ) (-2048 -5120 -120 ) (-2048 -5120 0 ) 
4 617 619 (-2048 -4944 -120 ) (-2048 -5120 -120 ) (-3072 -5120 -120 ) (-3072 -4944 -120 ) 
4 618 666 (-3072 -4096 -166 ) (-3072 -4096 -232 ) (-3072 -4944 -232 ) (-3072 -4944 -166 ) 
4 618 619 (-3072 -4944 -232 ) (-2048 -4944 -232 ) (-2048 -4944 -166 ) (-3072 -4944 -166 ) 
4 619 667 (-3072 -5120 -232 ) (-3072 -5120 -120 ) (-3072 -4944 -120 ) (-3072 -4944 -232 ) 
4 619 623 (-3072 -5120 -120 ) (-3072 -5120 -232 ) (-2048 -5120 -232 ) (-2048 -5120 -120 ) 
4 620 621 (0 -5120 632 ) (0 -5120 -232 ) (0 -5336 -232 ) (0 -5336 632 ) 
4 621 622 (-1024 -5120 632 ) (-1024 -5120 -232 ) (-1024 -5336 -232 ) (-1024 -5336 632 ) 
4 622 623 (-2048 -5120 632 ) (-2048 -5120 -232 ) (-2048 -5336 -232 ) (-2048 -5336 632 ) 
4 623 672 (-3072 -5336 632 ) (-3072 -5120 632 ) (-3072 -5120 -232 ) (-3072 -5336 -232 ) 
4 624 628 (-3072 0 0 ) (-3072 0 632 ) (-4096 0 632 ) (-4096 0 0 ) 
4 624 626 (-4096 0 0 ) (-4096 0 632 ) (-4096 1024 632 ) (-4096 1024 0 ) 
4 625 629 (-3072 0 -232 ) (-3072 0 -166 ) (-4096 0 -166 ) (-4096 0 -232 ) 
4 625 627 (-4096 0 -232 ) (-4096 0 -166 ) (-4096 1024 -166 ) (-4096 1024 -232 ) 
4 626 640 (-5120 1024 632 ) (-5120 1024 0 ) (-5120 0 0 ) (-5120 0 632 ) 
4 626 630 (-5120 0 632 ) (-5120 0 0 ) (-4096 0 0 ) (-4096 0 632 ) 
4 627 642 (-5120 1024 -166 ) (-5120 1024 -232 ) (-5120 0 -232 ) (-5120 0 -166 ) 
4 627 631 (-5120 0 -166 ) (-5120 0 -232 ) (-4096 0 -232 ) (-4096 0 -166 ) 
4 628 632 (-3072 -1024 0 ) (-3072 -1024 632 ) (-4096 -1024 632 ) (-4096 -1024 0 ) 
4 628 630 (-4096 0 632 ) (-4096 0 0 ) (-4096 -1024 0 ) (-4096 -1024 632 ) 
4 629 633 (-3072 -1024 -232 ) (-3072 -1024 -166 ) (-4096 -1024 -166 ) (-4096 -1024 -232 ) 
4 629 631 (-4096 0 -166 ) (-4096 0 -232 ) (-4096 -1024 -232 ) (-4096 -1024 -166 ) 
4 630 644 (-5120 -1024 0 ) (-5120 -1024 632 ) (-5120 0 632 ) (-5120 0 0 ) 
4 630 634 (-4096 -1024 0 ) (-4096 -1024 632 ) (-5120 -1024 632 ) (-5120 -1024 0 ) 
4 631 646 (-5120 -1024 -232 ) (-5120 -1024 -166 ) (-5120 0 -166 ) (-5120 0 -232 ) 
4 631 635 (-4096 -1024 -232 ) (-4096 -1024 -166 ) (-5120 -1024 -166 ) (-5120 -1024 -232 ) 
4 632 636 (-3072 -2048 0 ) (-3072 -2048 632 ) (-4096 -2048 632 ) (-4096 -2048 0 ) 
4 632 634 (-4096 -2048 0 ) (-4096 -2048 632 ) (-4096 -1024 632 ) (-4096 -1024 0 ) 
4 633 637 (-3072 -2048 -232 ) (-3072 -2048 -166 ) (-4096 -2048 -166 ) (-4096 -2048 -232 ) 
4 633 635 (-4096 -2048 -232 ) (-4096 -2048 -166 ) (-4096 -1024 -166 ) (-4096 -1024 -232 ) 
4 634 650 (-5120 -2048 0 ) (-5120 -2048 632 ) (-5120 -1024 632 ) (-5120 -1024 0 ) 
4 634 638 (-5120 -2048 632 ) (-5120 -2048 0 ) (-4096 -2048 0 ) (-4096 -2048 632 ) 
4 635 652 (-5120 -2048 -232 ) (-5120 -2048 -166 ) (-5120 -1024 -166 ) (-5120 -1024 -232 ) 
4 635 639 (-5120 -2048 -166 ) (-5120 -2048 -232 ) (-4096 -2048 -232 ) (-4096 -2048 -166 ) 
4 636 660 (-3072 -3072 0 ) (-3072 -3072 632 ) (-4096 -3072 632 ) (-4096 -3072 0 ) 
4 636 638 (-4096 -2048 632 ) (-4096 -2048 0 ) (-4096 -3072 0 ) (-4096 -3072 632 ) 
4 637 661 (-3072 -3072 -232 ) (-3072 -3072 -166 ) (-4096 -3072 -166 ) (-4096 -3072 -232 ) 
4 637 639 (-4096 -2048 -166 ) (-4096 -2048 -232 ) (-4096 -3072 -232 ) (-4096 -3072 -166 ) 
4 638 662 (-4096 -3072 0 ) (-4096 -3072 632 ) (-5120 -3072 632 ) (-5120 -3072 0 ) 
4 638 654 (-5120 -3072 0 ) (-5120 -3072 632 ) (-5120 -2048 632 ) (-5120 -2048 0 ) 
4 639 663 (-4096 -3072 -232 ) (-4096 -3072 -166 ) (-5120 -3072 -166 ) (-5120 -3072 -232 ) 
4 639 656 (-5120 -3072 -232 ) (-5120 -3072 -166 ) (-5120 -2048 -166 ) (-5120 -2048 -232 ) 
4 640 648 (-6144 1024 632 ) (-6144 1024 0 ) (-6144 0 0 ) (-6144 0 632 ) 
4 640 644 (-5120 0 0 ) (-5120 0 632 ) (-6144 0 632 ) (-6144 0 0 ) 
4 640 641 (-5632 0 0 ) (-6144 0 0 ) (-6144 1024 0 ) (-5632 1024 0 ) 
4 641 648 (-6144 1024 0 ) (-6144 1024 -120 ) (-6144 0 -120 ) (-6144 0 0 ) 
4 641 645 (-5632 0 0 ) (-6144 0 0 ) (-6144 0 -120 ) (-5632 0 -120 ) 
4 641 643 (-6144 0 -120 ) (-6144 1024 -120 ) (-5928 1024 -120 ) (-5928 0 -120 ) 
4 642 646 (-5120 0 -232 ) (-5120 0 -166 ) (-5928 0 -166 ) (-5928 0 -232 ) 
4 642 643 (-5928 1024 -232 ) (-5928 0 -232 ) (-5928 0 -166 ) (-5928 1024 -166 ) 
4 643 648 (-6144 1024 -120 ) (-6144 1024 -232 ) (-6144 0 -232 ) (-6144 0 -120 ) 
4 643 647 (-5928 0 -120 ) (-6144 0 -120 ) (-6144 0 -232 ) (-5928 0 -232 ) 
4 644 650 (-5120 -1024 0 ) (-5120 -1024 632 ) (-6144 -1024 632 ) (-6144 -1024 0 ) 
4 644 649 (-6144 -1024 0 ) (-6144 -1024 632 ) (-6144 0 632 ) (-6144 0 0 ) 
4 644 645 (-5632 -1024 0 ) (-6144 -1024 0 ) (-6144 0 0 ) (-5632 0 0 ) 
4 645 651 (-5632 -1024 0 ) (-6144 -1024 0 ) (-6144 -1024 -120 ) (-5632 -1024 -120 ) 
4 645 649 (-6144 -1024 -120 ) (-6144 -1024 0 ) (-6144 0 0 ) (-6144 0 -120 ) 
4 645 647 (-6144 -1024 -120 ) (-6144 0 -120 ) (-5928 0 -120 ) (-5928 -1024 -120 ) 
4 646 652 (-5120 -1024 -232 ) (-5120 -1024 -166 ) (-5928 -1024 -166 ) (-5928 -1024 -232 ) 
4 646 647 (-5928 0 -232 ) (-5928 -1024 -232 ) (-5928 -1024 -166 ) (-5928 0 -166 ) 
4 647 653 (-5928 -1024 -120 ) (-6144 -1024 -120 ) (-6144 -1024 -232 ) (-5928 -1024 -232 ) 
4 647 649 (-6144 -1024 -232 ) (-6144 -1024 -120 ) (-6144 0 -120 ) (-6144 0 -232 ) 
4 648 649 (-6144 0 -232 ) (-6144 0 632 ) (-6152 0 632 ) (-6152 0 -232 ) 
4 649 658 (-6144 -1024 -232 ) (-6144 -1024 632 ) (-6152 -1024 632 ) (-6152 -1024 -232 ) 
4 650 658 (-6144 -1024 632 ) (-6144 -1024 0 ) (-6144 -2048 0 ) (-6144 -2048 632 ) 
4 650 654 (-5120 -2048 0 ) (-5120 -2048 632 ) (-6144 -2048 632 ) (-6144 -2048 0 ) 
4 650 651 (-5632 -2048 0 ) (-6144 -2048 0 ) (-6144 -1024 0 ) (-5632 -1024 0 ) 
4 651 658 (-6144 -1024 0 ) (-6144 -1024 -120 ) (-6144 -2048 -120 ) (-6144 -2048 0 ) 
4 651 655 (-5632 -2048 0 ) (-6144 -2048 0 ) (-6144 -2048 -120 ) (-5632 -2048 -120 ) 
4 651 653 (-6144 -2048 -120 ) (-6144 -1024 -120 ) (-5928 -1024 -120 ) (-5928 -2048 -120 ) 
4 652 656 (-5120 -2048 -232 ) (-5120 -2048 -166 ) (-5928 -2048 -166 ) (-5928 -2048 -232 ) 
4 652 653 (-5928 -1024 -232 ) (-5928 -2048 -232 ) (-5928 -2048 -166 ) (-5928 -1024 -166 ) 
4 653 658 (-6144 -1024 -120 ) (-6144 -1024 -232 ) (-6144 -2048 -232 ) (-6144 -2048 -120 ) 
4 653 657 (-5928 -2048 -120 ) (-6144 -2048 -120 ) (-6144 -2048 -232 ) (-5928 -2048 -232 ) 
4 654 674 (-5120 -3072 0 ) (-5120 -3072 632 ) (-6144 -3072 632 ) (-6144 -3072 0 ) 
4 654 659 (-6144 -3072 0 ) (-6144 -3072 632 ) (-6144 -2048 632 ) (-6144 -2048 0 ) 
4 654 655 (-5632 -3072 0 ) (-6144 -3072 0 ) (-6144 -2048 0 ) (-5632 -2048 0 ) 
4 655 675 (-5632 -3072 0 ) (-6144 -3072 0 ) (-6144 -3072 -120 ) (-5632 -3072 -120 ) 
4 655 659 (-6144 -3072 -120 ) (-6144 -3072 0 ) (-6144 -2048 0 ) (-6144 -2048 -120 ) 
4 655 657 (-5928 -3072 -120 ) (-6144 -3072 -120 ) (-6144 -2048 -120 ) (-5928 -2048 -120 ) 
4 656 676 (-5120 -3072 -232 ) (-5120 -3072 -166 ) (-5928 -3072 -166 ) (-5928 -3072 -232 ) 
4 656 657 (-5928 -2048 -232 ) (-5928 -3072 -232 ) (-5928 -3072 -166 ) (-5928 -2048 -166 ) 
4 657 677 (-5928 -3072 -120 ) (-6144 -3072 -120 ) (-6144 -3072 -232 ) (-5928 -3072 -232 ) 
4 657 659 (-6144 -3072 -232 ) (-6144 -3072 -120 ) (-6144 -2048 -120 ) (-6144 -2048 -232 ) 
4 658 659 (-6144 -2048 -232 ) (-6144 -2048 632 ) (-6152 -2048 632 ) (-6152 -2048 -232 ) 
4 659 684 (-6144 -3072 -232 ) (-6144 -3072 632 ) (-6152 -3072 632 ) (-6152 -3072 -232 ) 
4 660 664 (-3072 -4096 0 ) (-3072 -4096 632 ) (-4096 -4096 632 ) (-4096 -4096 0 ) 
4 660 662 (-4096 -4096 0 ) (-4096 -4096 632 ) (-4096 -3072 632 ) (-4096 -3072 0 ) 
4 661 666 (-3072 -4096 -232 ) (-3072 -4096 -166 ) (-4096 -4096 -166 ) (-4096 -4096 -232 ) 
4 661 663 (-4096 -4096 -232 ) (-4096 -4096 -166 ) (-4096 -3072 -166 ) (-4096 -3072 -232 ) 
4 662 674 (-5120 -3072 632 ) (-5120 -3072 0 ) (-5120 -4096 0 ) (-5120 -4096 632 ) 
4 662 668 (-5120 -4096 632 ) (-5120 -4096 0 ) (-4096 -4096 0 ) (-4096 -4096 632 ) 
4 663 676 (-5120 -3072 -166 ) (-5120 -3072 -232 ) (-5120 -4096 -232 ) (-5120 -4096 -166 ) 
4 663 670 (-5120 -4096 -166 ) (-5120 -4096 -232 ) (-4096 -4096 -232 ) (-4096 -4096 -166 ) 
4 664 672 (-3072 -5120 0 ) (-3072 -5120 632 ) (-4096 -5120 632 ) (-4096 -5120 0 ) 
4 664 668 (-4096 -4096 632 ) (-4096 -4096 0 ) (-4096 -5120 0 ) (-4096 -5120 632 ) 
4 664 665 (-3072 -5120 0 ) (-4096 -5120 0 ) (-4096 -4944 0 ) (-3072 -4944 0 ) 
4 665 672 (-3072 -5120 -120 ) (-3072 -5120 0 ) (-4096 -5120 0 ) (-4096 -5120 -120 ) 
4 665 669 (-4096 -4944 -120 ) (-4096 -5120 -120 ) (-4096 -5120 0 ) (-4096 -4944 0 ) 
4 665 667 (-3072 -4944 -120 ) (-3072 -5120 -120 ) (-4096 -5120 -120 ) (-4096 -4944 -120 ) 
4 666 670 (-4096 -4096 -166 ) (-4096 -4096 -232 ) (-4096 -4944 -232 ) (-4096 -4944 -166 ) 
4 666 667 (-4096 -4944 -232 ) (-3072 -4944 -232 ) (-3072 -4944 -166 ) (-4096 -4944 -166 ) 
4 667 672 (-3072 -5120 -232 ) (-3072 -5120 -120 ) (-4096 -5120 -120 ) (-4096 -5120 -232 ) 
4 667 671 (-4096 -4944 -232 ) (-4096 -5120 -232 ) (-4096 -5120 -120 ) (-4096 -4944 -120 ) 
4 668 678 (-5120 -5120 0 ) (-5120 -5120 632 ) (-5120 -4096 632 ) (-5120 -4096 0 ) 
4 668 673 (-4096 -5120 0 ) (-4096 -5120 632 ) (-5120 -5120 632 ) (-5120 -5120 0 ) 
4 668 669 (-4096 -5120 0 ) (-5120 -5120 0 ) (-5120 -4944 0 ) (-4096 -4944 0 ) 
4 669 679 (-5120 -5120 -120 ) (-5120 -5120 0 ) (-5120 -4944 0 ) (-5120 -4944 -120 ) 
4 669 673 (-4096 -5120 -120 ) (-4096 -5120 0 ) (-5120 -5120 0 ) (-5120 -5120 -120 ) 
4 669 671 (-5120 -5120 -120 ) (-5120 -4944 -120 ) (-4096 -4944 -120 ) (-4096 -5120 -120 ) 
4 670 681 (-5120 -4096 -166 ) (-5120 -4096 -232 ) (-5120 -4944 -232 ) (-5120 -4944 -166 ) 
4 670 671 (-5120 -4944 -232 ) (-4096 -4944 -232 ) (-4096 -4944 -166 ) (-5120 -4944 -166 ) 
4 671 682 (-5120 -5120 -232 ) (-5120 -5120 -120 ) (-5120 -4944 -120 ) (-5120 -4944 -232 ) 
4 671 673 (-4096 -5120 -232 ) (-4096 -5120 -120 ) (-5120 -5120 -120 ) (-5120 -5120 -232 ) 
4 672 673 (-4096 -5336 632 ) (-4096 -5120 632 ) (-4096 -5120 -232 ) (-4096 -5336 -232 ) 
4 673 686 (-5120 -5336 632 ) (-5120 -5120 632 ) (-5120 -5120 -232 ) (-5120 -5336 -232 ) 
4 674 684 (-6144 -3072 632 ) (-6144 -3072 0 ) (-6144 -4096 0 ) (-6144 -4096 632 ) 
4 674 678 (-5120 -4096 0 ) (-5120 -4096 632 ) (-6144 -4096 632 ) (-6144 -4096 0 ) 
4 674 675 (-5632 -4096 0 ) (-6144 -4096 0 ) (-6144 -3072 0 ) (-5632 -3072 0 ) 
4 675 684 (-6144 -3072 0 ) (-6144 -3072 -120 ) (-6144 -4096 -120 ) (-6144 -4096 0 ) 
4 675 680 (-5632 -4096 0 ) (-6144 -4096 0 ) (-6144 -4096 -120 ) (-5632 -4096 -120 ) 
4 675 677 (-6144 -4096 -120 ) (-6144 -3072 -120 ) (-5928 -3072 -120 ) (-5928 -4096 -120 ) 
4 676 681 (-5120 -4096 -232 ) (-5120 -4096 -166 ) (-5928 -4096 -166 ) (-5928 -4096 -232 ) 
4 676 677 (-5928 -3072 -232 ) (-5928 -4096 -232 ) (-5928 -4096 -166 ) (-5928 -3072 -166 ) 
4 677 684 (-6144 -3072 -120 ) (-6144 -3072 -232 ) (-6144 -4096 -232 ) (-6144 -4096 -120 ) 
4 677 683 (-5928 -4096 -120 ) (-6144 -4096 -120 ) (-6144 -4096 -232 ) (-5928 -4096 -232 ) 
4 678 686 (-5120 -5120 0 ) (-5120 -5120 632 ) (-6144 -5120 632 ) (-6144 -5120 0 ) 
4 678 685 (-6144 -5120 0 ) (-6144 -5120 632 ) (-6144 -4096 632 ) (-6144 -4096 0 ) 
4 678 679 (-5120 -5120 0 ) (-5632 -5120 0 ) (-5632 -4944 0 ) (-5120 -4944 0 ) 
4 678 680 (-5632 -5120 0 ) (-6144 -5120 0 ) (-6144 -4096 0 ) (-5632 -4096 0 ) 
4 679 686 (-5120 -5120 -120 ) (-5120 -5120 0 ) (-5632 -5120 0 ) (-5632 -5120 -120 ) 
4 679 682 (-5120 -4944 -120 ) (-5120 -5120 -120 ) (-5632 -5120 -120 ) (-5632 -4944 -120 ) 
4 679 680 (-5632 -4944 -120 ) (-5632 -5120 -120 ) (-5632 -5120 0 ) (-5632 -4944 0 ) 
4 680 686 (-5632 -5120 0 ) (-6144 -5120 0 ) (-6144 -5120 -120 ) (-5632 -5120 -120 ) 
4 680 685 (-6144 -5120 -120 ) (-6144 -5120 0 ) (-6144 -4096 0 ) (-6144 -4096 -120 ) 
4 680 682 (-5632 -4944 -120 ) (-5632 -5120 -120 ) (-5928 -5120 -120 ) (-5928 -4944 -120 ) 
4 680 683 (-6144 -5120 -120 ) (-6144 -4096 -120 ) (-5928 -4096 -120 ) (-5928 -5120 -120 ) 
4 681 682 (-5928 -4944 -166 ) (-5928 -4944 -232 ) (-5120 -4944 -232 ) (-5120 -4944 -166 ) 
4 681 683 (-5928 -4096 -232 ) (-5928 -4944 -232 ) (-5928 -4944 -166 ) (-5928 -4096 -166 ) 
4 682 686 (-5120 -5120 -232 ) (-5120 -5120 -120 ) (-5928 -5120 -120 ) (-5928 -5120 -232 ) 
4 682 683 (-5928 -4944 -232 ) (-5928 -5120 -232 ) (-5928 -5120 -120 ) (-5928 -4944 -120 ) 
4 683 686 (-5928 -5120 -120 ) (-6144 -5120 -120 ) (-6144 -5120 -232 ) (-5928 -5120 -232 ) 
4 683 685 (-6144 -5120 -232 ) (-6144 -5120 -120 ) (-6144 -4096 -120 ) (-6144 -4096 -232 ) 
4 684 685 (-6144 -4096 -232 ) (-6144 -4096 632 ) (-6152 -4096 632 ) (-6152 -4096 -232 ) 
4 685 687 (-6144 -5120 -232 ) (-6144 -5120 632 ) (-6152 -5120 632 ) (-6152 -5120 -232 ) 
4 686 687 (-6144 -5120 632 ) (-6144 -5120 -232 ) (-6144 -5336 -232 ) (-6144 -5336 632 ) 
