


materialPath: E:\Steam\steamapps\common\Team Fortress 2\tf\materials
Loading E:\Dropbox\Dropbox\Public\Coding\vmf\td_styria_a1.vmf
Error: displacement found on a(n) func_detail entity - not supported (entity 5, brush 0)



4 threads
reading e:\dropbox\dropbox\public\coding\vmf\td_styria_a1.bsp
Error opening e:\dropbox\dropbox\public\coding\vmf\td_styria_a1.bsp


[Reading texlights from 'lights.rad']
[34 texlights parsed from 'lights.rad']

Loading e:\dropbox\dropbox\public\coding\vmf\td_styria_a1.bsp
Error opening e:\dropbox\dropbox\public\coding\vmf\td_styria_a1.bsp


materialPath: E:\Steam\steamapps\common\Team Fortress 2\tf\materials
Loading E:\Dropbox\Dropbox\Public\Coding\vmf\td_styria_a1.vmf
Error: displacement found on a(n) func_detail entity - not supported (entity 5, brush 0)



4 threads
reading e:\dropbox\dropbox\public\coding\vmf\td_styria_a1.bsp
Error opening e:\dropbox\dropbox\public\coding\vmf\td_styria_a1.bsp


[Reading texlights from 'lights.rad']
[34 texlights parsed from 'lights.rad']

Loading e:\dropbox\dropbox\public\coding\vmf\td_styria_a1.bsp
Error opening e:\dropbox\dropbox\public\coding\vmf\td_styria_a1.bsp


materialPath: E:\Steam\steamapps\common\Team Fortress 2\tf\materials
Loading E:\Dropbox\Dropbox\Public\Coding\vmf\td_styria_a1.vmf
Error: displacement found on a(n) func_detail entity - not supported (entity 5, brush 0)



4 threads
reading e:\dropbox\dropbox\public\coding\vmf\td_styria_a1.bsp
Error opening e:\dropbox\dropbox\public\coding\vmf\td_styria_a1.bsp


[Reading texlights from 'lights.rad']
[34 texlights parsed from 'lights.rad']

Loading e:\dropbox\dropbox\public\coding\vmf\td_styria_a1.bsp
Error opening e:\dropbox\dropbox\public\coding\vmf\td_styria_a1.bsp


materialPath: e:\steam\steamapps\mani_the_master444\team fortress 2\tf\materials
Loading E:\Dropbox\Dropbox\Public\Coding\vmf\td_styria_a1.vmf
Error: displacement found on a(n) func_detail entity - not supported (entity 5, brush 0)



4 threads
reading e:\dropbox\dropbox\public\coding\vmf\td_styria_a1.bsp
Error opening e:\dropbox\dropbox\public\coding\vmf\td_styria_a1.bsp


[Reading texlights from 'lights.rad']
[34 texlights parsed from 'lights.rad']

Loading e:\dropbox\dropbox\public\coding\vmf\td_styria_a1.bsp
Error opening e:\dropbox\dropbox\public\coding\vmf\td_styria_a1.bsp


materialPath: e:\steam\steamapps\mani_the_master444\team fortress 2\tf\materials
Loading E:\Dropbox\Dropbox\Public\Coding\vmf\td_styria_a1.vmf
Error: displacement found on a(n) func_detail entity - not supported (entity 5, brush 0)



4 threads
reading e:\dropbox\dropbox\public\coding\vmf\td_styria_a1.bsp
Error opening e:\dropbox\dropbox\public\coding\vmf\td_styria_a1.bsp


[Reading texlights from 'lights.rad']
[34 texlights parsed from 'lights.rad']

Loading e:\dropbox\dropbox\public\coding\vmf\td_styria_a1.bsp
Error opening e:\dropbox\dropbox\public\coding\vmf\td_styria_a1.bsp


materialPath: e:\steam\steamapps\mani_the_master444\team fortress 2\tf\materials
Loading E:\Dropbox\Dropbox\Public\Coding\vmf\td_styria_a1.vmf
Error: displacement found on a(n) func_detail entity - not supported (entity 5, brush 0)



4 threads
reading e:\dropbox\dropbox\public\coding\vmf\td_styria_a1.bsp
Error opening e:\dropbox\dropbox\public\coding\vmf\td_styria_a1.bsp


[Reading texlights from 'lights.rad']
[34 texlights parsed from 'lights.rad']

Loading e:\dropbox\dropbox\public\coding\vmf\td_styria_a1.bsp
Error opening e:\dropbox\dropbox\public\coding\vmf\td_styria_a1.bsp


materialPath: E:\Steam\steamapps\common\Team Fortress 2\tf\materials
Loading E:\Dropbox\Dropbox\Public\Coding\vmf\td_styria_a1.vmf
Error: displacement found on a(n) func_detail entity - not supported (entity 5, brush 0)



4 threads
reading e:\dropbox\dropbox\public\coding\vmf\td_styria_a1.bsp
Error opening e:\dropbox\dropbox\public\coding\vmf\td_styria_a1.bsp


[Reading texlights from 'lights.rad']
[34 texlights parsed from 'lights.rad']

Loading e:\dropbox\dropbox\public\coding\vmf\td_styria_a1.bsp
Error opening e:\dropbox\dropbox\public\coding\vmf\td_styria_a1.bsp


materialPath: E:\Steam\steamapps\common\Team Fortress 2\tf\materials
Loading E:\Dropbox\Dropbox\Public\Coding\vmf\td_styria_a1.vmf
Error: displacement found on a(n) func_detail entity - not supported (entity 5, brush 0)



4 threads
reading e:\dropbox\dropbox\public\coding\vmf\td_styria_a1.bsp
Error opening e:\dropbox\dropbox\public\coding\vmf\td_styria_a1.bsp


[Reading texlights from 'lights.rad']
[34 texlights parsed from 'lights.rad']

Loading e:\dropbox\dropbox\public\coding\vmf\td_styria_a1.bsp
Error opening e:\dropbox\dropbox\public\coding\vmf\td_styria_a1.bsp


materialPath: E:\Steam\steamapps\common\Team Fortress 2\tf\materials
Loading E:\Dropbox\Dropbox\Public\Coding\vmf\td_styria_a1.vmf
fixing up env_cubemap materials on brush sides...
0...1...2...3...4...5...6...7...8...9...100...1...2...3...4...5...6...7...8...9...10Processing areas...done (0)
Building Faces...done (0)
Chop Details...done (0)
Find Visible Detail Sides...done (0)
Merging details...done (0)
FixTjuncs...
PruneNodes...
WriteBSP...
done (0)
writing E:\Dropbox\Dropbox\Public\Coding\vmf\td_styria_a1.prt...Building visibility clusters...
done (0)
Creating default LDR cubemaps for env_cubemap using skybox materials:
   skybox/sky_day01_01*.vmt
 ! Run buildcubemaps in the engine to get the correct cube maps.
Creating default HDR cubemaps for env_cubemap using skybox materials:
   skybox/sky_day01_01*.vmt
 ! Run buildcubemaps in the engine to get the correct cube maps.
Finding displacement neighbors...
Finding lightmap sample positions...
Displacement Alpha : 0...1...2...3...4...5...6...7...8...9...10
Building Physics collision data...
done (0) (8071 bytes)
Placing detail props : 0...1...2...3...4...5...6...7...8...9...10
Compacting texture/material tables...
Reduced 13 texinfos to 11
Reduced 3 texdatas to 3 (88 bytes to 88)
Writing E:\Dropbox\Dropbox\Public\Coding\vmf\td_styria_a1.bsp
0 seconds elapsed



4 threads
reading e:\dropbox\dropbox\public\coding\vmf\td_styria_a1.bsp
reading e:\dropbox\dropbox\public\coding\vmf\td_styria_a1.prt
 112 portalclusters
 299 numportals
0...1...2...3...4...5...6...7...8...9...100...1...2...3...4...5...6...7...8...9...10Optimized: 0 visible clusters (0.00%)
Total clusters visible: 10718
Average clusters visible: 95
Building PAS...
Average clusters audible: 112
visdatasize:4051  compressed from 3584
writing e:\dropbox\dropbox\public\coding\vmf\td_styria_a1.bsp
0 seconds elapsed



[Reading texlights from 'lights.rad']
[34 texlights parsed from 'lights.rad']

Loading e:\dropbox\dropbox\public\coding\vmf\td_styria_a1.bsp
575 faces
951676 square feet [137041376.00 square inches]
0 Displacements
0 Square Feet [0.00 Square Inches]
575 patches before subdivision
22795 patches after subdivision
0 direct lights
0...1...2...3...4...5...6...7...8...9...100...1...2...3...4...5...6...7...8...9...10transfers 529237, max 363
transfer lists:   4.0 megs
0...1...2...3...4...5...6...7...8...9...10	Bounce #1 added RGB(0, 0, 0)
Build Patch/Sample Hash Table(s).....Done<0.0114 sec>
0...1...2...3...4...5...6...7...8...9...10FinalLightFace Done
0 of 0 (0% of) surface lights went in leaf ambient cubes.
0...1...2...3...4...5...6...7...8...9...10Writing leaf ambient...done
Ready to Finish

Object names       Objects/Maxobjs  Memory / Maxmem  Fullness 
------------       ---------------  ---------------  -------- 
models                   1/1024           48/49152    ( 0.1%) 
brushes                 21/8192          252/98304    ( 0.3%) 
brushsides             138/65536        1104/524288   ( 0.2%) 
planes                 138/65536        2760/1310720  ( 0.2%) 
vertexes               739/65536        8868/786432   ( 1.1%) 
nodes                  287/65536        9184/2097152  ( 0.4%) 
texinfos                11/12288         792/884736   ( 0.1%) 
texdata                  3/2048           96/65536    ( 0.1%) 
dispinfos                0/0               0/0        ( 0.0%) 
disp_verts               0/0               0/0        ( 0.0%) 
disp_tris                0/0               0/0        ( 0.0%) 
disp_lmsamples           0/0               0/0        ( 0.0%) 
faces                  575/65536       32200/3670016  ( 0.9%) 
hdr faces                0/65536           0/3670016  ( 0.0%) 
origfaces               70/65536        3920/3670016  ( 0.1%) 
leaves                 289/65536        9248/2097152  ( 0.4%) 
leaffaces              687/65536        1374/131072   ( 1.0%) 
leafbrushes            167/65536         334/131072   ( 0.3%) 
areas                    2/256            16/2048     ( 0.8%) 
surfedges             2864/512000      11456/2048000  ( 0.6%) 
edges                 1471/256000       5884/1024000  ( 0.6%) 
LDR worldlights          0/8192            0/720896   ( 0.0%) 
HDR worldlights          0/8192            0/720896   ( 0.0%) 
leafwaterdata            0/32768           0/393216   ( 0.0%) 
waterstrips             59/32768         590/327680   ( 0.2%) 
waterverts               0/65536           0/786432   ( 0.0%) 
waterindices           732/65536        1464/131072   ( 1.1%) 
cubemapsamples           0/1024            0/16384    ( 0.0%) 
overlays                 0/512             0/180224   ( 0.0%) 
LDR lightdata         [variable]      670300/0        ( 0.0%) 
HDR lightdata         [variable]           0/0        ( 0.0%) 
visdata               [variable]        4051/16777216 ( 0.0%) 
entdata               [variable]         693/393216   ( 0.2%) 
LDR ambient table      289/65536        1156/262144   ( 0.4%) 
HDR ambient table      289/65536        1156/262144   ( 0.4%) 
LDR leaf ambient       112/65536        3136/1835008  ( 0.2%) 
HDR leaf ambient       289/65536        8092/1835008  ( 0.4%) 
occluders                0/0               0/0        ( 0.0%) 
occluder polygons        0/0               0/0        ( 0.0%) 
occluder vert ind        0/0               0/0        ( 0.0%) 
detail props          [variable]           1/12       ( 8.3%) 
static props          [variable]           1/12       ( 8.3%) 
pakfile               [variable]      105679/0        ( 0.0%) 
physics               [variable]        8071/4194304  ( 0.2%) 
physics terrain       [variable]           2/1048576  ( 0.0%) 

Level flags = 0

Total triangle count: 1430
Writing e:\dropbox\dropbox\public\coding\vmf\td_styria_a1.bsp
1 second elapsed



materialPath: E:\Steam\steamapps\common\Team Fortress 2\tf\materials
Loading E:\Dropbox\Dropbox\Public\Coding\vmf\td_styria_a1.vmf
fixing up env_cubemap materials on brush sides...
0...1...2...3...4...5...6...7...8...9...100...1...2...3...4...5...6...7...8...9...10Processing areas...done (0)
Building Faces...done (0)
FixTjuncs...
PruneNodes...
WriteBSP...
done (0)
writing E:\Dropbox\Dropbox\Public\Coding\vmf\td_styria_a1.prt...Building visibility clusters...
done (0)
Creating default LDR cubemaps for env_cubemap using skybox materials:
   skybox/sky_day01_01*.vmt
 ! Run buildcubemaps in the engine to get the correct cube maps.
Creating default HDR cubemaps for env_cubemap using skybox materials:
   skybox/sky_day01_01*.vmt
 ! Run buildcubemaps in the engine to get the correct cube maps.
Finding displacement neighbors...
Finding lightmap sample positions...
Displacement Alpha : 0...1...2...3...4...5...6...7...8...9...10
Building Physics collision data...
Displacement 2 has bad geometry near -4140.00 -2048.00 -198.80
Can't compile displacement physics, exiting.  Texture is CUSTOMDEV/DEV_MEASUREGENERIC01BLU



4 threads
reading e:\dropbox\dropbox\public\coding\vmf\td_styria_a1.bsp
reading e:\dropbox\dropbox\public\coding\vmf\td_styria_a1.prt
 112 portalclusters
 299 numportals
0...1...2...3...4...5...6...7...8...9...100...1...2...3...4...5...6...7...8...9...10Optimized: 0 visible clusters (0.00%)
Total clusters visible: 10718
Average clusters visible: 95
Building PAS...
Average clusters audible: 112
visdatasize:4051  compressed from 3584
writing e:\dropbox\dropbox\public\coding\vmf\td_styria_a1.bsp
0 seconds elapsed



[Reading texlights from 'lights.rad']
[34 texlights parsed from 'lights.rad']

Loading e:\dropbox\dropbox\public\coding\vmf\td_styria_a1.bsp
575 faces
951676 square feet [137041376.00 square inches]
0 Displacements
0 Square Feet [0.00 Square Inches]
575 patches before subdivision
22795 patches after subdivision
0 direct lights
0...1...2...3...4...5...6...7...8...9...100...1...2...3...4...5...6...7...8...9...10transfers 529237, max 363
transfer lists:   4.0 megs
0...1...2...3...4...5...6...7...8...9...10	Bounce #1 added RGB(0, 0, 0)
Build Patch/Sample Hash Table(s).....Done<0.0135 sec>
0...1...2...3...4...5...6...7...8...9...10FinalLightFace Done
0 of 0 (0% of) surface lights went in leaf ambient cubes.
0...1...2...3...4...5...6...7...8...9...10Writing leaf ambient...done
Ready to Finish

Object names       Objects/Maxobjs  Memory / Maxmem  Fullness 
------------       ---------------  ---------------  -------- 
models                   1/1024           48/49152    ( 0.1%) 
brushes                 21/8192          252/98304    ( 0.3%) 
brushsides             138/65536        1104/524288   ( 0.2%) 
planes                 138/65536        2760/1310720  ( 0.2%) 
vertexes               739/65536        8868/786432   ( 1.1%) 
nodes                  287/65536        9184/2097152  ( 0.4%) 
texinfos                11/12288         792/884736   ( 0.1%) 
texdata                  3/2048           96/65536    ( 0.1%) 
dispinfos                0/0               0/0        ( 0.0%) 
disp_verts               0/0               0/0        ( 0.0%) 
disp_tris                0/0               0/0        ( 0.0%) 
disp_lmsamples           0/0               0/0        ( 0.0%) 
faces                  575/65536       32200/3670016  ( 0.9%) 
hdr faces                0/65536           0/3670016  ( 0.0%) 
origfaces               70/65536        3920/3670016  ( 0.1%) 
leaves                 289/65536        9248/2097152  ( 0.4%) 
leaffaces              687/65536        1374/131072   ( 1.0%) 
leafbrushes            167/65536         334/131072   ( 0.3%) 
areas                    2/256            16/2048     ( 0.8%) 
surfedges             2864/512000      11456/2048000  ( 0.6%) 
edges                 1471/256000       5884/1024000  ( 0.6%) 
LDR worldlights          0/8192            0/720896   ( 0.0%) 
HDR worldlights          0/8192            0/720896   ( 0.0%) 
leafwaterdata            0/32768           0/393216   ( 0.0%) 
waterstrips             59/32768         590/327680   ( 0.2%) 
waterverts               0/65536           0/786432   ( 0.0%) 
waterindices           732/65536        1464/131072   ( 1.1%) 
cubemapsamples           0/1024            0/16384    ( 0.0%) 
overlays                 0/512             0/180224   ( 0.0%) 
LDR lightdata         [variable]      670300/0        ( 0.0%) 
HDR lightdata         [variable]           0/0        ( 0.0%) 
visdata               [variable]        4051/16777216 ( 0.0%) 
entdata               [variable]         693/393216   ( 0.2%) 
LDR ambient table      289/65536        1156/262144   ( 0.4%) 
HDR ambient table      289/65536        1156/262144   ( 0.4%) 
LDR leaf ambient       112/65536        3136/1835008  ( 0.2%) 
HDR leaf ambient       289/65536        8092/1835008  ( 0.4%) 
occluders                0/0               0/0        ( 0.0%) 
occluder polygons        0/0               0/0        ( 0.0%) 
occluder vert ind        0/0               0/0        ( 0.0%) 
detail props          [variable]           1/12       ( 8.3%) 
static props          [variable]           1/12       ( 8.3%) 
pakfile               [variable]      105679/0        ( 0.0%) 
physics               [variable]        8071/4194304  ( 0.2%) 
physics terrain       [variable]           2/1048576  ( 0.0%) 

Level flags = 0

Total triangle count: 1430
Writing e:\dropbox\dropbox\public\coding\vmf\td_styria_a1.bsp
1 second elapsed



materialPath: E:\Steam\steamapps\common\Team Fortress 2\tf\materials
Loading E:\Dropbox\Dropbox\Public\Coding\vmf\td_styria_a1.vmf
fixing up env_cubemap materials on brush sides...
0...1...2...3...4...5...6...7...8...9...100...1...2...3...4...5...6...7...8...9...10Processing areas...done (0)
Building Faces...done (0)
FixTjuncs...
PruneNodes...
WriteBSP...
done (0)
writing E:\Dropbox\Dropbox\Public\Coding\vmf\td_styria_a1.prt...Building visibility clusters...
done (0)
Creating default LDR cubemaps for env_cubemap using skybox materials:
   skybox/sky_day01_01*.vmt
 ! Run buildcubemaps in the engine to get the correct cube maps.
Creating default HDR cubemaps for env_cubemap using skybox materials:
   skybox/sky_day01_01*.vmt
 ! Run buildcubemaps in the engine to get the correct cube maps.
Finding displacement neighbors...
Finding lightmap sample positions...
Displacement Alpha : 0...1...2...3...4...5...6...7...8...9...10
Building Physics collision data...
Displacement 2 has bad geometry near -4140.00 -2048.00 -198.80
Can't compile displacement physics, exiting.  Texture is CUSTOMDEV/DEV_MEASUREGENERIC01BLU



4 threads
reading e:\dropbox\dropbox\public\coding\vmf\td_styria_a1.bsp
reading e:\dropbox\dropbox\public\coding\vmf\td_styria_a1.prt
 112 portalclusters
 299 numportals
0...1...2...3...4...5...6...7...8...9...100...1...2...3...4...5...6...7...8...9...10Optimized: 0 visible clusters (0.00%)
Total clusters visible: 10718
Average clusters visible: 95
Building PAS...
Average clusters audible: 112
visdatasize:4051  compressed from 3584
writing e:\dropbox\dropbox\public\coding\vmf\td_styria_a1.bsp
0 seconds elapsed



[Reading texlights from 'lights.rad']
[34 texlights parsed from 'lights.rad']

Loading e:\dropbox\dropbox\public\coding\vmf\td_styria_a1.bsp
575 faces
951676 square feet [137041376.00 square inches]
0 Displacements
0 Square Feet [0.00 Square Inches]
575 patches before subdivision
22795 patches after subdivision
0 direct lights
0...1...2...3...4...5...6...7...8...9...100...1...2...3...4...5...6...7...8...9...10transfers 529237, max 363
transfer lists:   4.0 megs
0...1...2...3...4...5...6...7...8...9...10	Bounce #1 added RGB(0, 0, 0)
Build Patch/Sample Hash Table(s).....Done<0.0133 sec>
0...1...2...3...4...5...6...7...8...9...10FinalLightFace Done
0 of 0 (0% of) surface lights went in leaf ambient cubes.
0...1...2...3...4...5...6...7...8...9...10Writing leaf ambient...done
Ready to Finish

Object names       Objects/Maxobjs  Memory / Maxmem  Fullness 
------------       ---------------  ---------------  -------- 
models                   1/1024           48/49152    ( 0.1%) 
brushes                 21/8192          252/98304    ( 0.3%) 
brushsides             138/65536        1104/524288   ( 0.2%) 
planes                 138/65536        2760/1310720  ( 0.2%) 
vertexes               739/65536        8868/786432   ( 1.1%) 
nodes                  287/65536        9184/2097152  ( 0.4%) 
texinfos                11/12288         792/884736   ( 0.1%) 
texdata                  3/2048           96/65536    ( 0.1%) 
dispinfos                0/0               0/0        ( 0.0%) 
disp_verts               0/0               0/0        ( 0.0%) 
disp_tris                0/0               0/0        ( 0.0%) 
disp_lmsamples           0/0               0/0        ( 0.0%) 
faces                  575/65536       32200/3670016  ( 0.9%) 
hdr faces                0/65536           0/3670016  ( 0.0%) 
origfaces               70/65536        3920/3670016  ( 0.1%) 
leaves                 289/65536        9248/2097152  ( 0.4%) 
leaffaces              687/65536        1374/131072   ( 1.0%) 
leafbrushes            167/65536         334/131072   ( 0.3%) 
areas                    2/256            16/2048     ( 0.8%) 
surfedges             2864/512000      11456/2048000  ( 0.6%) 
edges                 1471/256000       5884/1024000  ( 0.6%) 
LDR worldlights          0/8192            0/720896   ( 0.0%) 
HDR worldlights          0/8192            0/720896   ( 0.0%) 
leafwaterdata            0/32768           0/393216   ( 0.0%) 
waterstrips             59/32768         590/327680   ( 0.2%) 
waterverts               0/65536           0/786432   ( 0.0%) 
waterindices           732/65536        1464/131072   ( 1.1%) 
cubemapsamples           0/1024            0/16384    ( 0.0%) 
overlays                 0/512             0/180224   ( 0.0%) 
LDR lightdata         [variable]      670300/0        ( 0.0%) 
HDR lightdata         [variable]           0/0        ( 0.0%) 
visdata               [variable]        4051/16777216 ( 0.0%) 
entdata               [variable]         693/393216   ( 0.2%) 
LDR ambient table      289/65536        1156/262144   ( 0.4%) 
HDR ambient table      289/65536        1156/262144   ( 0.4%) 
LDR leaf ambient       112/65536        3136/1835008  ( 0.2%) 
HDR leaf ambient       289/65536        8092/1835008  ( 0.4%) 
occluders                0/0               0/0        ( 0.0%) 
occluder polygons        0/0               0/0        ( 0.0%) 
occluder vert ind        0/0               0/0        ( 0.0%) 
detail props          [variable]           1/12       ( 8.3%) 
static props          [variable]           1/12       ( 8.3%) 
pakfile               [variable]      105679/0        ( 0.0%) 
physics               [variable]        8071/4194304  ( 0.2%) 
physics terrain       [variable]           2/1048576  ( 0.0%) 

Level flags = 0

Total triangle count: 1430
Writing e:\dropbox\dropbox\public\coding\vmf\td_styria_a1.bsp
2 seconds elapsed



materialPath: E:\Steam\steamapps\common\Team Fortress 2\tf\materials
Loading E:\Dropbox\Dropbox\Public\Coding\vmf\td_styria_a1.vmf
fixing up env_cubemap materials on brush sides...
0...1...2...3...4...5...6...7...8...9...100...1...2...3...4...5...6...7...8...9...10Processing areas...done (0)
Building Faces...done (0)
FixTjuncs...
PruneNodes...
WriteBSP...
done (0)
writing E:\Dropbox\Dropbox\Public\Coding\vmf\td_styria_a1.prt...Building visibility clusters...
done (0)
Creating default LDR cubemaps for env_cubemap using skybox materials:
   skybox/sky_day01_01*.vmt
 ! Run buildcubemaps in the engine to get the correct cube maps.
Creating default HDR cubemaps for env_cubemap using skybox materials:
   skybox/sky_day01_01*.vmt
 ! Run buildcubemaps in the engine to get the correct cube maps.
Finding displacement neighbors...
Finding lightmap sample positions...
Displacement Alpha : 0...1...2...3...4...5...6...7...8...9...10
Building Physics collision data...
Displacement 2 has bad geometry near -4140.00 -2048.00 -198.80
Can't compile displacement physics, exiting.  Texture is CUSTOMDEV/DEV_MEASUREGENERIC01BLU



4 threads
reading e:\dropbox\dropbox\public\coding\vmf\td_styria_a1.bsp
reading e:\dropbox\dropbox\public\coding\vmf\td_styria_a1.prt
 112 portalclusters
 299 numportals
0...1...2...3...4...5...6...7...8...9...100...1...2...3...4...5...6...7...8...9...10Optimized: 0 visible clusters (0.00%)
Total clusters visible: 10718
Average clusters visible: 95
Building PAS...
Average clusters audible: 112
visdatasize:4051  compressed from 3584
writing e:\dropbox\dropbox\public\coding\vmf\td_styria_a1.bsp
0 seconds elapsed



[Reading texlights from 'lights.rad']
[34 texlights parsed from 'lights.rad']

Loading e:\dropbox\dropbox\public\coding\vmf\td_styria_a1.bsp
575 faces
951676 square feet [137041376.00 square inches]
0 Displacements
0 Square Feet [0.00 Square Inches]
575 patches before subdivision
22795 patches after subdivision
0 direct lights
0...1...2...3...4...5...6...7...8...9...100...1...2...3...4...5...6...7...8...9...10transfers 529237, max 363
transfer lists:   4.0 megs
0...1...2...3...4...5...6...7...8...9...10	Bounce #1 added RGB(0, 0, 0)
Build Patch/Sample Hash Table(s).....Done<0.0167 sec>
0...1...2...3...4...5...6...7...8...9...10FinalLightFace Done
0 of 0 (0% of) surface lights went in leaf ambient cubes.
0...1...2...3...4...5...6...7...8...9...10Writing leaf ambient...done
Ready to Finish

Object names       Objects/Maxobjs  Memory / Maxmem  Fullness 
------------       ---------------  ---------------  -------- 
models                   1/1024           48/49152    ( 0.1%) 
brushes                 21/8192          252/98304    ( 0.3%) 
brushsides             138/65536        1104/524288   ( 0.2%) 
planes                 138/65536        2760/1310720  ( 0.2%) 
vertexes               739/65536        8868/786432   ( 1.1%) 
nodes                  287/65536        9184/2097152  ( 0.4%) 
texinfos                11/12288         792/884736   ( 0.1%) 
texdata                  3/2048           96/65536    ( 0.1%) 
dispinfos                0/0               0/0        ( 0.0%) 
disp_verts               0/0               0/0        ( 0.0%) 
disp_tris                0/0               0/0        ( 0.0%) 
disp_lmsamples           0/0               0/0        ( 0.0%) 
faces                  575/65536       32200/3670016  ( 0.9%) 
hdr faces                0/65536           0/3670016  ( 0.0%) 
origfaces               70/65536        3920/3670016  ( 0.1%) 
leaves                 289/65536        9248/2097152  ( 0.4%) 
leaffaces              687/65536        1374/131072   ( 1.0%) 
leafbrushes            167/65536         334/131072   ( 0.3%) 
areas                    2/256            16/2048     ( 0.8%) 
surfedges             2864/512000      11456/2048000  ( 0.6%) 
edges                 1471/256000       5884/1024000  ( 0.6%) 
LDR worldlights          0/8192            0/720896   ( 0.0%) 
HDR worldlights          0/8192            0/720896   ( 0.0%) 
leafwaterdata            0/32768           0/393216   ( 0.0%) 
waterstrips             59/32768         590/327680   ( 0.2%) 
waterverts               0/65536           0/786432   ( 0.0%) 
waterindices           732/65536        1464/131072   ( 1.1%) 
cubemapsamples           0/1024            0/16384    ( 0.0%) 
overlays                 0/512             0/180224   ( 0.0%) 
LDR lightdata         [variable]      670300/0        ( 0.0%) 
HDR lightdata         [variable]           0/0        ( 0.0%) 
visdata               [variable]        4051/16777216 ( 0.0%) 
entdata               [variable]         693/393216   ( 0.2%) 
LDR ambient table      289/65536        1156/262144   ( 0.4%) 
HDR ambient table      289/65536        1156/262144   ( 0.4%) 
LDR leaf ambient       112/65536        3136/1835008  ( 0.2%) 
HDR leaf ambient       289/65536        8092/1835008  ( 0.4%) 
occluders                0/0               0/0        ( 0.0%) 
occluder polygons        0/0               0/0        ( 0.0%) 
occluder vert ind        0/0               0/0        ( 0.0%) 
detail props          [variable]           1/12       ( 8.3%) 
static props          [variable]           1/12       ( 8.3%) 
pakfile               [variable]      105679/0        ( 0.0%) 
physics               [variable]        8071/4194304  ( 0.2%) 
physics terrain       [variable]           2/1048576  ( 0.0%) 

Level flags = 0

Total triangle count: 1430
Writing e:\dropbox\dropbox\public\coding\vmf\td_styria_a1.bsp
2 seconds elapsed



materialPath: E:\Steam\steamapps\common\Team Fortress 2\tf\materials
Loading E:\Dropbox\Dropbox\Public\Coding\vmf\td_styria_a1.vmf
fixing up env_cubemap materials on brush sides...
0...1...2...3...4...5...6...7...8...9...100...1...2...3...4...5...6...7...8...9...10Processing areas...done (0)
Building Faces...done (0)
FixTjuncs...
PruneNodes...
WriteBSP...
done (0)
writing E:\Dropbox\Dropbox\Public\Coding\vmf\td_styria_a1.prt...Building visibility clusters...
done (0)
Creating default LDR cubemaps for env_cubemap using skybox materials:
   skybox/sky_day01_01*.vmt
 ! Run buildcubemaps in the engine to get the correct cube maps.
Creating default HDR cubemaps for env_cubemap using skybox materials:
   skybox/sky_day01_01*.vmt
 ! Run buildcubemaps in the engine to get the correct cube maps.
Finding displacement neighbors...
Finding lightmap sample positions...
Displacement Alpha : 0...1...2...3...4...5...6...7...8...9...10
Building Physics collision data...
Displacement 2 has bad geometry near -4140.00 -2048.00 -198.80
Can't compile displacement physics, exiting.  Texture is CUSTOMDEV/DEV_MEASUREGENERIC01BLU



4 threads
reading e:\dropbox\dropbox\public\coding\vmf\td_styria_a1.bsp
reading e:\dropbox\dropbox\public\coding\vmf\td_styria_a1.prt
 112 portalclusters
 299 numportals
0...1...2...3...4...5...6...7...8...9...100...1...2...3...4...5...6...7...8...9...10Optimized: 0 visible clusters (0.00%)
Total clusters visible: 10718
Average clusters visible: 95
Building PAS...
Average clusters audible: 112
visdatasize:4051  compressed from 3584
writing e:\dropbox\dropbox\public\coding\vmf\td_styria_a1.bsp
0 seconds elapsed



[Reading texlights from 'lights.rad']
[34 texlights parsed from 'lights.rad']

Loading e:\dropbox\dropbox\public\coding\vmf\td_styria_a1.bsp
575 faces
951676 square feet [137041376.00 square inches]
0 Displacements
0 Square Feet [0.00 Square Inches]
575 patches before subdivision
22795 patches after subdivision
0 direct lights
0...1...2...3...4...5...6...7...8...9...100...1...2...3...4...5...6...7...8...9...10transfers 529237, max 363
transfer lists:   4.0 megs
0...1...2...3...4...5...6...7...8...9...10	Bounce #1 added RGB(0, 0, 0)
Build Patch/Sample Hash Table(s).....Done<0.0147 sec>
0...1...2...3...4...5...6...7...8...9...10FinalLightFace Done
0 of 0 (0% of) surface lights went in leaf ambient cubes.
0...1...2...3...4...5...6...7...8...9...10Writing leaf ambient...done
Ready to Finish

Object names       Objects/Maxobjs  Memory / Maxmem  Fullness 
------------       ---------------  ---------------  -------- 
models                   1/1024           48/49152    ( 0.1%) 
brushes                 21/8192          252/98304    ( 0.3%) 
brushsides             138/65536        1104/524288   ( 0.2%) 
planes                 138/65536        2760/1310720  ( 0.2%) 
vertexes               739/65536        8868/786432   ( 1.1%) 
nodes                  287/65536        9184/2097152  ( 0.4%) 
texinfos                11/12288         792/884736   ( 0.1%) 
texdata                  3/2048           96/65536    ( 0.1%) 
dispinfos                0/0               0/0        ( 0.0%) 
disp_verts               0/0               0/0        ( 0.0%) 
disp_tris                0/0               0/0        ( 0.0%) 
disp_lmsamples           0/0               0/0        ( 0.0%) 
faces                  575/65536       32200/3670016  ( 0.9%) 
hdr faces                0/65536           0/3670016  ( 0.0%) 
origfaces               70/65536        3920/3670016  ( 0.1%) 
leaves                 289/65536        9248/2097152  ( 0.4%) 
leaffaces              687/65536        1374/131072   ( 1.0%) 
leafbrushes            167/65536         334/131072   ( 0.3%) 
areas                    2/256            16/2048     ( 0.8%) 
surfedges             2864/512000      11456/2048000  ( 0.6%) 
edges                 1471/256000       5884/1024000  ( 0.6%) 
LDR worldlights          0/8192            0/720896   ( 0.0%) 
HDR worldlights          0/8192            0/720896   ( 0.0%) 
leafwaterdata            0/32768           0/393216   ( 0.0%) 
waterstrips             59/32768         590/327680   ( 0.2%) 
waterverts               0/65536           0/786432   ( 0.0%) 
waterindices           732/65536        1464/131072   ( 1.1%) 
cubemapsamples           0/1024            0/16384    ( 0.0%) 
overlays                 0/512             0/180224   ( 0.0%) 
LDR lightdata         [variable]      670300/0        ( 0.0%) 
HDR lightdata         [variable]           0/0        ( 0.0%) 
visdata               [variable]        4051/16777216 ( 0.0%) 
entdata               [variable]         693/393216   ( 0.2%) 
LDR ambient table      289/65536        1156/262144   ( 0.4%) 
HDR ambient table      289/65536        1156/262144   ( 0.4%) 
LDR leaf ambient       112/65536        3136/1835008  ( 0.2%) 
HDR leaf ambient       289/65536        8092/1835008  ( 0.4%) 
occluders                0/0               0/0        ( 0.0%) 
occluder polygons        0/0               0/0        ( 0.0%) 
occluder vert ind        0/0               0/0        ( 0.0%) 
detail props          [variable]           1/12       ( 8.3%) 
static props          [variable]           1/12       ( 8.3%) 
pakfile               [variable]      105679/0        ( 0.0%) 
physics               [variable]        8071/4194304  ( 0.2%) 
physics terrain       [variable]           2/1048576  ( 0.0%) 

Level flags = 0

Total triangle count: 1430
Writing e:\dropbox\dropbox\public\coding\vmf\td_styria_a1.bsp
2 seconds elapsed



materialPath: E:\Steam\steamapps\common\Team Fortress 2\tf\materials
Loading E:\Dropbox\Dropbox\Public\Coding\vmf\td_styria_a1.vmf
fixing up env_cubemap materials on brush sides...
0...1...2...3...4...5...6...7...8...9...100...1...2...3...4...5...6...7...8...9...10Processing areas...done (0)
Building Faces...done (0)
FixTjuncs...
PruneNodes...
WriteBSP...
done (0)
writing E:\Dropbox\Dropbox\Public\Coding\vmf\td_styria_a1.prt...Building visibility clusters...
done (0)
Creating default LDR cubemaps for env_cubemap using skybox materials:
   skybox/sky_day01_01*.vmt
 ! Run buildcubemaps in the engine to get the correct cube maps.
Creating default HDR cubemaps for env_cubemap using skybox materials:
   skybox/sky_day01_01*.vmt
 ! Run buildcubemaps in the engine to get the correct cube maps.
Finding displacement neighbors...
Finding lightmap sample positions...
Displacement Alpha : 0...1...2...3...4...5...6...7...8...9...10
Building Physics collision data...
Displacement 2 has bad geometry near -4140.00 -2048.00 -198.80
Can't compile displacement physics, exiting.  Texture is CUSTOMDEV/DEV_MEASUREGENERIC01BLU



4 threads
reading e:\dropbox\dropbox\public\coding\vmf\td_styria_a1.bsp
reading e:\dropbox\dropbox\public\coding\vmf\td_styria_a1.prt
 112 portalclusters
 299 numportals
0...1...2...3...4...5...6...7...8...9...100...1...2...3...4...5...6...7...8...9...10Optimized: 0 visible clusters (0.00%)
Total clusters visible: 10718
Average clusters visible: 95
Building PAS...
Average clusters audible: 112
visdatasize:4051  compressed from 3584
writing e:\dropbox\dropbox\public\coding\vmf\td_styria_a1.bsp
0 seconds elapsed



[Reading texlights from 'lights.rad']
[34 texlights parsed from 'lights.rad']

Loading e:\dropbox\dropbox\public\coding\vmf\td_styria_a1.bsp
575 faces
951676 square feet [137041376.00 square inches]
0 Displacements
0 Square Feet [0.00 Square Inches]
575 patches before subdivision
22795 patches after subdivision
0 direct lights
0...1...2...3...4...5...6...7...8...9...100...1...2...3...4...5...6...7...8...9...10transfers 529237, max 363
transfer lists:   4.0 megs
0...1...2...3...4...5...6...7...8...9...10	Bounce #1 added RGB(0, 0, 0)
Build Patch/Sample Hash Table(s).....Done<0.0129 sec>
0...1...2...3...4...5...6...7...8...9...10FinalLightFace Done
0 of 0 (0% of) surface lights went in leaf ambient cubes.
0...1...2...3...4...5...6...7...8...9...10Writing leaf ambient...done
Ready to Finish

Object names       Objects/Maxobjs  Memory / Maxmem  Fullness 
------------       ---------------  ---------------  -------- 
models                   1/1024           48/49152    ( 0.1%) 
brushes                 21/8192          252/98304    ( 0.3%) 
brushsides             138/65536        1104/524288   ( 0.2%) 
planes                 138/65536        2760/1310720  ( 0.2%) 
vertexes               739/65536        8868/786432   ( 1.1%) 
nodes                  287/65536        9184/2097152  ( 0.4%) 
texinfos                11/12288         792/884736   ( 0.1%) 
texdata                  3/2048           96/65536    ( 0.1%) 
dispinfos                0/0               0/0        ( 0.0%) 
disp_verts               0/0               0/0        ( 0.0%) 
disp_tris                0/0               0/0        ( 0.0%) 
disp_lmsamples           0/0               0/0        ( 0.0%) 
faces                  575/65536       32200/3670016  ( 0.9%) 
hdr faces                0/65536           0/3670016  ( 0.0%) 
origfaces               70/65536        3920/3670016  ( 0.1%) 
leaves                 289/65536        9248/2097152  ( 0.4%) 
leaffaces              687/65536        1374/131072   ( 1.0%) 
leafbrushes            167/65536         334/131072   ( 0.3%) 
areas                    2/256            16/2048     ( 0.8%) 
surfedges             2864/512000      11456/2048000  ( 0.6%) 
edges                 1471/256000       5884/1024000  ( 0.6%) 
LDR worldlights          0/8192            0/720896   ( 0.0%) 
HDR worldlights          0/8192            0/720896   ( 0.0%) 
leafwaterdata            0/32768           0/393216   ( 0.0%) 
waterstrips             59/32768         590/327680   ( 0.2%) 
waterverts               0/65536           0/786432   ( 0.0%) 
waterindices           732/65536        1464/131072   ( 1.1%) 
cubemapsamples           0/1024            0/16384    ( 0.0%) 
overlays                 0/512             0/180224   ( 0.0%) 
LDR lightdata         [variable]      670300/0        ( 0.0%) 
HDR lightdata         [variable]           0/0        ( 0.0%) 
visdata               [variable]        4051/16777216 ( 0.0%) 
entdata               [variable]         693/393216   ( 0.2%) 
LDR ambient table      289/65536        1156/262144   ( 0.4%) 
HDR ambient table      289/65536        1156/262144   ( 0.4%) 
LDR leaf ambient       112/65536        3136/1835008  ( 0.2%) 
HDR leaf ambient       289/65536        8092/1835008  ( 0.4%) 
occluders                0/0               0/0        ( 0.0%) 
occluder polygons        0/0               0/0        ( 0.0%) 
occluder vert ind        0/0               0/0        ( 0.0%) 
detail props          [variable]           1/12       ( 8.3%) 
static props          [variable]           1/12       ( 8.3%) 
pakfile               [variable]      105679/0        ( 0.0%) 
physics               [variable]        8071/4194304  ( 0.2%) 
physics terrain       [variable]           2/1048576  ( 0.0%) 

Level flags = 0

Total triangle count: 1430
Writing e:\dropbox\dropbox\public\coding\vmf\td_styria_a1.bsp
2 seconds elapsed



materialPath: E:\Steam\steamapps\common\Team Fortress 2\tf\materials
Loading E:\Dropbox\Dropbox\Public\Coding\vmf\td_styria_a1.vmf
fixing up env_cubemap materials on brush sides...
0...1...2...3...4...5...6...7...8...9...100...1...2...3...4...5...6...7...8...9...10Processing areas...done (0)
Building Faces...done (0)
FixTjuncs...
PruneNodes...
WriteBSP...
done (0)
writing E:\Dropbox\Dropbox\Public\Coding\vmf\td_styria_a1.prt...Building visibility clusters...
done (0)
Creating default LDR cubemaps for env_cubemap using skybox materials:
   skybox/sky_day01_01*.vmt
 ! Run buildcubemaps in the engine to get the correct cube maps.
Creating default HDR cubemaps for env_cubemap using skybox materials:
   skybox/sky_day01_01*.vmt
 ! Run buildcubemaps in the engine to get the correct cube maps.
Finding displacement neighbors...
Finding lightmap sample positions...
Displacement Alpha : 0...1...2...3...4...5...6...7...8...9...10
Building Physics collision data...
Displacement 2 has bad geometry near -4140.00 -2048.00 -198.80
Can't compile displacement physics, exiting.  Texture is CUSTOMDEV/DEV_MEASUREGENERIC01BLU



4 threads
reading e:\dropbox\dropbox\public\coding\vmf\td_styria_a1.bsp
reading e:\dropbox\dropbox\public\coding\vmf\td_styria_a1.prt
 112 portalclusters
 299 numportals
0...1...2...3...4...5...6...7...8...9...100...1...2...3...4...5...6...7...8...9...10Optimized: 0 visible clusters (0.00%)
Total clusters visible: 10718
Average clusters visible: 95
Building PAS...
Average clusters audible: 112
visdatasize:4051  compressed from 3584
writing e:\dropbox\dropbox\public\coding\vmf\td_styria_a1.bsp
0 seconds elapsed



[Reading texlights from 'lights.rad']
[34 texlights parsed from 'lights.rad']

Loading e:\dropbox\dropbox\public\coding\vmf\td_styria_a1.bsp
575 faces
951676 square feet [137041376.00 square inches]
0 Displacements
0 Square Feet [0.00 Square Inches]
575 patches before subdivision
22795 patches after subdivision
0 direct lights
0...1...2...3...4...5...6...7...8...9...100...1...2...3...4...5...6...7...8...9...10transfers 529237, max 363
transfer lists:   4.0 megs
0...1...2...3...4...5...6...7...8...9...10	Bounce #1 added RGB(0, 0, 0)
Build Patch/Sample Hash Table(s).....Done<0.0101 sec>
0...1...2...3...4...5...6...7...8...9...10FinalLightFace Done
0 of 0 (0% of) surface lights went in leaf ambient cubes.
0...1...2...3...4...5...6...7...8...9...10Writing leaf ambient...done
Ready to Finish

Object names       Objects/Maxobjs  Memory / Maxmem  Fullness 
------------       ---------------  ---------------  -------- 
models                   1/1024           48/49152    ( 0.1%) 
brushes                 21/8192          252/98304    ( 0.3%) 
brushsides             138/65536        1104/524288   ( 0.2%) 
planes                 138/65536        2760/1310720  ( 0.2%) 
vertexes               739/65536        8868/786432   ( 1.1%) 
nodes                  287/65536        9184/2097152  ( 0.4%) 
texinfos                11/12288         792/884736   ( 0.1%) 
texdata                  3/2048           96/65536    ( 0.1%) 
dispinfos                0/0               0/0        ( 0.0%) 
disp_verts               0/0               0/0        ( 0.0%) 
disp_tris                0/0               0/0        ( 0.0%) 
disp_lmsamples           0/0               0/0        ( 0.0%) 
faces                  575/65536       32200/3670016  ( 0.9%) 
hdr faces                0/65536           0/3670016  ( 0.0%) 
origfaces               70/65536        3920/3670016  ( 0.1%) 
leaves                 289/65536        9248/2097152  ( 0.4%) 
leaffaces              687/65536        1374/131072   ( 1.0%) 
leafbrushes            167/65536         334/131072   ( 0.3%) 
areas                    2/256            16/2048     ( 0.8%) 
surfedges             2864/512000      11456/2048000  ( 0.6%) 
edges                 1471/256000       5884/1024000  ( 0.6%) 
LDR worldlights          0/8192            0/720896   ( 0.0%) 
HDR worldlights          0/8192            0/720896   ( 0.0%) 
leafwaterdata            0/32768           0/393216   ( 0.0%) 
waterstrips             59/32768         590/327680   ( 0.2%) 
waterverts               0/65536           0/786432   ( 0.0%) 
waterindices           732/65536        1464/131072   ( 1.1%) 
cubemapsamples           0/1024            0/16384    ( 0.0%) 
overlays                 0/512             0/180224   ( 0.0%) 
LDR lightdata         [variable]      670300/0        ( 0.0%) 
HDR lightdata         [variable]           0/0        ( 0.0%) 
visdata               [variable]        4051/16777216 ( 0.0%) 
entdata               [variable]         693/393216   ( 0.2%) 
LDR ambient table      289/65536        1156/262144   ( 0.4%) 
HDR ambient table      289/65536        1156/262144   ( 0.4%) 
LDR leaf ambient       112/65536        3136/1835008  ( 0.2%) 
HDR leaf ambient       289/65536        8092/1835008  ( 0.4%) 
occluders                0/0               0/0        ( 0.0%) 
occluder polygons        0/0               0/0        ( 0.0%) 
occluder vert ind        0/0               0/0        ( 0.0%) 
detail props          [variable]           1/12       ( 8.3%) 
static props          [variable]           1/12       ( 8.3%) 
pakfile               [variable]      105679/0        ( 0.0%) 
physics               [variable]        8071/4194304  ( 0.2%) 
physics terrain       [variable]           2/1048576  ( 0.0%) 

Level flags = 0

Total triangle count: 1430
Writing e:\dropbox\dropbox\public\coding\vmf\td_styria_a1.bsp
1 second elapsed



materialPath: E:\Games\Steam\SteamApps\common\Team Fortress 2\tf\materials
Loading C:\Users\Jürgen\Dropbox\Public\Coding\vmf\td_styria_a1.vmf
fixing up env_cubemap materials on brush sides...
0...1...2...3...4...5...6...7...8...9...100...1...2...3...4...5...6...7...8...9...10Processing areas...done (0)
Building Faces...done (0)
FixTjuncs...
PruneNodes...
WriteBSP...
done (0)
writing C:\Users\Jürgen\Dropbox\Public\Coding\vmf\td_styria_a1.prt...Building visibility clusters...
done (0)
Creating default LDR cubemaps for env_cubemap using skybox materials:
   skybox/sky_day01_01*.vmt
 ! Run buildcubemaps in the engine to get the correct cube maps.
Creating default HDR cubemaps for env_cubemap using skybox materials:
   skybox/sky_day01_01*.vmt
 ! Run buildcubemaps in the engine to get the correct cube maps.
Finding displacement neighbors...
Finding lightmap sample positions...
Displacement Alpha : 0...1...2...3...4...5...6...7...8...9...10
Building Physics collision data...
Displacement 2 has bad geometry near -4140.00 -2048.00 -198.80
Can't compile displacement physics, exiting.  Texture is CUSTOMDEV/DEV_MEASUREGENERIC01BLU



8 threads
reading c:\users\jürgen\dropbox\public\coding\vmf\td_styria_a1.bsp
reading c:\users\jürgen\dropbox\public\coding\vmf\td_styria_a1.prt
 112 portalclusters
 299 numportals
0...1...2...3...4...5...6...7...8...9...10Optimized: 103 visible clusters (0.90%)
Total clusters visible: 11403
Average clusters visible: 101
Building PAS...
Average clusters audible: 112
visdatasize:4050  compressed from 3584
writing c:\users\jürgen\dropbox\public\coding\vmf\td_styria_a1.bsp
0 seconds elapsed



[Reading texlights from 'lights.rad']
[34 texlights parsed from 'lights.rad']

Loading c:\users\jürgen\dropbox\public\coding\vmf\td_styria_a1.bsp
575 faces
951676 square feet [137041376.00 square inches]
0 Displacements
0 Square Feet [0.00 Square Inches]
575 patches before subdivision
22795 patches after subdivision
0 direct lights
0...1...2...3...4...5...6...7...8...9...100...1...2...3...4...5...6...7...8...9...10transfers 529230, max 363
transfer lists:   4.0 megs
0...1...2...3...4...5...6...7...8...9...10	Bounce #1 added RGB(0, 0, 0)
Build Patch/Sample Hash Table(s).....Done<0.0160 sec>
0...1...2...3...4...5...6...7...8...9...10FinalLightFace Done
0 of 0 (0% of) surface lights went in leaf ambient cubes.
0...1...2...3...4...5...6...7...8...9...10Writing leaf ambient...done
Ready to Finish

Object names       Objects/Maxobjs  Memory / Maxmem  Fullness 
------------       ---------------  ---------------  -------- 
models                   1/1024           48/49152    ( 0.1%) 
brushes                 21/8192          252/98304    ( 0.3%) 
brushsides             138/65536        1104/524288   ( 0.2%) 
planes                 138/65536        2760/1310720  ( 0.2%) 
vertexes               739/65536        8868/786432   ( 1.1%) 
nodes                  287/65536        9184/2097152  ( 0.4%) 
texinfos                11/12288         792/884736   ( 0.1%) 
texdata                  3/2048           96/65536    ( 0.1%) 
dispinfos                0/0               0/0        ( 0.0%) 
disp_verts               0/0               0/0        ( 0.0%) 
disp_tris                0/0               0/0        ( 0.0%) 
disp_lmsamples           0/0               0/0        ( 0.0%) 
faces                  575/65536       32200/3670016  ( 0.9%) 
hdr faces                0/65536           0/3670016  ( 0.0%) 
origfaces               70/65536        3920/3670016  ( 0.1%) 
leaves                 289/65536        9248/2097152  ( 0.4%) 
leaffaces              687/65536        1374/131072   ( 1.0%) 
leafbrushes            167/65536         334/131072   ( 0.3%) 
areas                    2/256            16/2048     ( 0.8%) 
surfedges             2864/512000      11456/2048000  ( 0.6%) 
edges                 1471/256000       5884/1024000  ( 0.6%) 
LDR worldlights          0/8192            0/720896   ( 0.0%) 
HDR worldlights          0/8192            0/720896   ( 0.0%) 
leafwaterdata            0/32768           0/393216   ( 0.0%) 
waterstrips             59/32768         590/327680   ( 0.2%) 
waterverts               0/65536           0/786432   ( 0.0%) 
waterindices           732/65536        1464/131072   ( 1.1%) 
cubemapsamples           0/1024            0/16384    ( 0.0%) 
overlays                 0/512             0/180224   ( 0.0%) 
LDR lightdata         [variable]      670300/0        ( 0.0%) 
HDR lightdata         [variable]           0/0        ( 0.0%) 
visdata               [variable]        4050/16777216 ( 0.0%) 
entdata               [variable]         693/393216   ( 0.2%) 
LDR ambient table      289/65536        1156/262144   ( 0.4%) 
HDR ambient table      289/65536        1156/262144   ( 0.4%) 
LDR leaf ambient       112/65536        3136/1835008  ( 0.2%) 
HDR leaf ambient       289/65536        8092/1835008  ( 0.4%) 
occluders                0/0               0/0        ( 0.0%) 
occluder polygons        0/0               0/0        ( 0.0%) 
occluder vert ind        0/0               0/0        ( 0.0%) 
detail props          [variable]           1/12       ( 8.3%) 
static props          [variable]           1/12       ( 8.3%) 
pakfile               [variable]      105679/0        ( 0.0%) 
physics               [variable]        8071/4194304  ( 0.2%) 
physics terrain       [variable]           2/1048576  ( 0.0%) 

Level flags = 0

Total triangle count: 1430
Writing c:\users\jürgen\dropbox\public\coding\vmf\td_styria_a1.bsp
4 seconds elapsed



materialPath: E:\Steam\steamapps\common\Team Fortress 2\tf\materials
Loading E:\Dropbox\Dropbox\Public\Coding\vmf\td_styria_a1.vmf
fixing up env_cubemap materials on brush sides...
0...1...2...3...4...5...6...7...8...9...100...1...2...3...4...5...6...7...8...9...10Processing areas...done (0)
Building Faces...done (0)
Chop Details...done (0)
Find Visible Detail Sides...done (0)
Merging details...done (0)
FixTjuncs...
PruneNodes...
WriteBSP...
done (0)
writing E:\Dropbox\Dropbox\Public\Coding\vmf\td_styria_a1.prt...Building visibility clusters...
done (0)
Creating default LDR cubemaps for env_cubemap using skybox materials:
   skybox/sky_day01_01*.vmt
 ! Run buildcubemaps in the engine to get the correct cube maps.
Creating default HDR cubemaps for env_cubemap using skybox materials:
   skybox/sky_day01_01*.vmt
 ! Run buildcubemaps in the engine to get the correct cube maps.
Finding displacement neighbors...
Finding lightmap sample positions...
Displacement Alpha : 0...1...2...3...4...5...6...7...8...9...10
Building Physics collision data...
Displacement 2 has bad geometry near -4140.00 -2048.00 -198.80
Can't compile displacement physics, exiting.  Texture is CUSTOMDEV/DEV_MEASUREGENERIC01BLU



4 threads
reading e:\dropbox\dropbox\public\coding\vmf\td_styria_a1.bsp
reading e:\dropbox\dropbox\public\coding\vmf\td_styria_a1.prt
 121 portalclusters
 320 numportals
0...1...2...3...4...5...6...7...8...9...10Optimized: 179 visible clusters (1.37%)
Total clusters visible: 13088
Average clusters visible: 108
Building PAS...
Average clusters audible: 121
visdatasize:4844  compressed from 3872
writing e:\dropbox\dropbox\public\coding\vmf\td_styria_a1.bsp
0 seconds elapsed



[Reading texlights from 'lights.rad']
[34 texlights parsed from 'lights.rad']

Loading e:\dropbox\dropbox\public\coding\vmf\td_styria_a1.bsp
575 faces
951676 square feet [137041376.00 square inches]
0 Displacements
0 Square Feet [0.00 Square Inches]
575 patches before subdivision
22795 patches after subdivision
0 direct lights
0...1...2...3...4...5...6...7...8...9...100...1...2...3...4...5...6...7...8...9...10transfers 474608, max 333
transfer lists:   3.6 megs
0...1...2...3...4...5...6...7...8...9...10	Bounce #1 added RGB(0, 0, 0)
Build Patch/Sample Hash Table(s).....Done<0.0130 sec>
0...1...2...3...4...5...6...7...8...9...10FinalLightFace Done
0 of 0 (0% of) surface lights went in leaf ambient cubes.
0...1...2...3...4...5...6...7...8...9...10Writing leaf ambient...done
Ready to Finish

Object names       Objects/Maxobjs  Memory / Maxmem  Fullness 
------------       ---------------  ---------------  -------- 
models                   1/1024           48/49152    ( 0.1%) 
brushes                 21/8192          252/98304    ( 0.3%) 
brushsides             138/65536        1104/524288   ( 0.2%) 
planes                 138/65536        2760/1310720  ( 0.2%) 
vertexes               739/65536        8868/786432   ( 1.1%) 
nodes                  287/65536        9184/2097152  ( 0.4%) 
texinfos                11/12288         792/884736   ( 0.1%) 
texdata                  3/2048           96/65536    ( 0.1%) 
dispinfos                0/0               0/0        ( 0.0%) 
disp_verts               0/0               0/0        ( 0.0%) 
disp_tris                0/0               0/0        ( 0.0%) 
disp_lmsamples           0/0               0/0        ( 0.0%) 
faces                  575/65536       32200/3670016  ( 0.9%) 
hdr faces                0/65536           0/3670016  ( 0.0%) 
origfaces               70/65536        3920/3670016  ( 0.1%) 
leaves                 289/65536        9248/2097152  ( 0.4%) 
leaffaces              687/65536        1374/131072   ( 1.0%) 
leafbrushes            167/65536         334/131072   ( 0.3%) 
areas                    2/256            16/2048     ( 0.8%) 
surfedges             2864/512000      11456/2048000  ( 0.6%) 
edges                 1471/256000       5884/1024000  ( 0.6%) 
LDR worldlights          0/8192            0/720896   ( 0.0%) 
HDR worldlights          0/8192            0/720896   ( 0.0%) 
leafwaterdata            0/32768           0/393216   ( 0.0%) 
waterstrips             59/32768         590/327680   ( 0.2%) 
waterverts               0/65536           0/786432   ( 0.0%) 
waterindices           732/65536        1464/131072   ( 1.1%) 
cubemapsamples           0/1024            0/16384    ( 0.0%) 
overlays                 0/512             0/180224   ( 0.0%) 
LDR lightdata         [variable]      670300/0        ( 0.0%) 
HDR lightdata         [variable]           0/0        ( 0.0%) 
visdata               [variable]        4844/16777216 ( 0.0%) 
entdata               [variable]         693/393216   ( 0.2%) 
LDR ambient table      289/65536        1156/262144   ( 0.4%) 
HDR ambient table      289/65536        1156/262144   ( 0.4%) 
LDR leaf ambient       112/65536        3136/1835008  ( 0.2%) 
HDR leaf ambient       289/65536        8092/1835008  ( 0.4%) 
occluders                0/0               0/0        ( 0.0%) 
occluder polygons        0/0               0/0        ( 0.0%) 
occluder vert ind        0/0               0/0        ( 0.0%) 
detail props          [variable]           1/12       ( 8.3%) 
static props          [variable]           1/12       ( 8.3%) 
pakfile               [variable]      105679/0        ( 0.0%) 
physics               [variable]        8071/4194304  ( 0.2%) 
physics terrain       [variable]           2/1048576  ( 0.0%) 

Level flags = 0

Total triangle count: 1430
Writing e:\dropbox\dropbox\public\coding\vmf\td_styria_a1.bsp
2 seconds elapsed



materialPath: E:\Steam\steamapps\common\Team Fortress 2\tf\materials
Loading E:\Dropbox\Dropbox\Public\Coding\vmf\td_styria_a1.vmf
fixing up env_cubemap materials on brush sides...
0...1...2...3...4...5...6...7...8...9...100...1...2...3...4...5...6...7...8...9...10Processing areas...done (0)
Building Faces...done (0)
Chop Details...done (0)
Find Visible Detail Sides...done (0)
Merging details...done (0)
FixTjuncs...
PruneNodes...
WriteBSP...
done (0)
writing E:\Dropbox\Dropbox\Public\Coding\vmf\td_styria_a1.prt...Building visibility clusters...
done (0)
Creating default LDR cubemaps for env_cubemap using skybox materials:
   skybox/sky_day01_01*.vmt
 ! Run buildcubemaps in the engine to get the correct cube maps.
Creating default HDR cubemaps for env_cubemap using skybox materials:
   skybox/sky_day01_01*.vmt
 ! Run buildcubemaps in the engine to get the correct cube maps.
Finding displacement neighbors...
Finding lightmap sample positions...
Displacement Alpha : 0...1...2...3...4...5...6...7...8...9...10
Building Physics collision data...
Displacement 2 has bad geometry near -4140.00 -2048.00 -198.80
Can't compile displacement physics, exiting.  Texture is CUSTOMDEV/DEV_MEASUREGENERIC01BLU



4 threads
reading e:\dropbox\dropbox\public\coding\vmf\td_styria_a1.bsp
reading e:\dropbox\dropbox\public\coding\vmf\td_styria_a1.prt
 121 portalclusters
 320 numportals
0...1...2...3...4...5...6...7...8...9...10Optimized: 179 visible clusters (1.37%)
Total clusters visible: 13088
Average clusters visible: 108
Building PAS...
Average clusters audible: 121
visdatasize:4844  compressed from 3872
writing e:\dropbox\dropbox\public\coding\vmf\td_styria_a1.bsp
0 seconds elapsed



[Reading texlights from 'lights.rad']
[34 texlights parsed from 'lights.rad']

Loading e:\dropbox\dropbox\public\coding\vmf\td_styria_a1.bsp
575 faces
951676 square feet [137041376.00 square inches]
0 Displacements
0 Square Feet [0.00 Square Inches]
575 patches before subdivision
22795 patches after subdivision
0 direct lights
0...1...2...3...4...5...6...7...8...9...100...1...2...3...4...5...6...7...8...9...10transfers 474608, max 333
transfer lists:   3.6 megs
0...1...2...3...4...5...6...7...8...9...10	Bounce #1 added RGB(0, 0, 0)
Build Patch/Sample Hash Table(s).....Done<0.0130 sec>
0...1...2...3...4...5...6...7...8...9...10FinalLightFace Done
0 of 0 (0% of) surface lights went in leaf ambient cubes.
0...1...2...3...4...5...6...7...8...9...10Writing leaf ambient...done
Ready to Finish

Object names       Objects/Maxobjs  Memory / Maxmem  Fullness 
------------       ---------------  ---------------  -------- 
models                   1/1024           48/49152    ( 0.1%) 
brushes                 21/8192          252/98304    ( 0.3%) 
brushsides             138/65536        1104/524288   ( 0.2%) 
planes                 138/65536        2760/1310720  ( 0.2%) 
vertexes               739/65536        8868/786432   ( 1.1%) 
nodes                  287/65536        9184/2097152  ( 0.4%) 
texinfos                11/12288         792/884736   ( 0.1%) 
texdata                  3/2048           96/65536    ( 0.1%) 
dispinfos                0/0               0/0        ( 0.0%) 
disp_verts               0/0               0/0        ( 0.0%) 
disp_tris                0/0               0/0        ( 0.0%) 
disp_lmsamples           0/0               0/0        ( 0.0%) 
faces                  575/65536       32200/3670016  ( 0.9%) 
hdr faces                0/65536           0/3670016  ( 0.0%) 
origfaces               70/65536        3920/3670016  ( 0.1%) 
leaves                 289/65536        9248/2097152  ( 0.4%) 
leaffaces              687/65536        1374/131072   ( 1.0%) 
leafbrushes            167/65536         334/131072   ( 0.3%) 
areas                    2/256            16/2048     ( 0.8%) 
surfedges             2864/512000      11456/2048000  ( 0.6%) 
edges                 1471/256000       5884/1024000  ( 0.6%) 
LDR worldlights          0/8192            0/720896   ( 0.0%) 
HDR worldlights          0/8192            0/720896   ( 0.0%) 
leafwaterdata            0/32768           0/393216   ( 0.0%) 
waterstrips             59/32768         590/327680   ( 0.2%) 
waterverts               0/65536           0/786432   ( 0.0%) 
waterindices           732/65536        1464/131072   ( 1.1%) 
cubemapsamples           0/1024            0/16384    ( 0.0%) 
overlays                 0/512             0/180224   ( 0.0%) 
LDR lightdata         [variable]      670300/0        ( 0.0%) 
HDR lightdata         [variable]           0/0        ( 0.0%) 
visdata               [variable]        4844/16777216 ( 0.0%) 
entdata               [variable]         693/393216   ( 0.2%) 
LDR ambient table      289/65536        1156/262144   ( 0.4%) 
HDR ambient table      289/65536        1156/262144   ( 0.4%) 
LDR leaf ambient       112/65536        3136/1835008  ( 0.2%) 
HDR leaf ambient       289/65536        8092/1835008  ( 0.4%) 
occluders                0/0               0/0        ( 0.0%) 
occluder polygons        0/0               0/0        ( 0.0%) 
occluder vert ind        0/0               0/0        ( 0.0%) 
detail props          [variable]           1/12       ( 8.3%) 
static props          [variable]           1/12       ( 8.3%) 
pakfile               [variable]      105679/0        ( 0.0%) 
physics               [variable]        8071/4194304  ( 0.2%) 
physics terrain       [variable]           2/1048576  ( 0.0%) 

Level flags = 0

Total triangle count: 1430
Writing e:\dropbox\dropbox\public\coding\vmf\td_styria_a1.bsp
2 seconds elapsed



materialPath: E:\Steam\steamapps\common\Team Fortress 2\tf\materials
Loading E:\Dropbox\Dropbox\Public\Coding\vmf\td_styria_a1.vmf
fixing up env_cubemap materials on brush sides...
0...1...2...3...4...5...6...7...8...9...100...1...2...3...4...5...6...7...8...9...10Processing areas...done (0)
Building Faces...done (0)
Chop Details...done (0)
Find Visible Detail Sides...done (0)
Merging details...done (0)
FixTjuncs...
PruneNodes...
WriteBSP...
done (0)
writing E:\Dropbox\Dropbox\Public\Coding\vmf\td_styria_a1.prt...Building visibility clusters...
done (0)
Creating default LDR cubemaps for env_cubemap using skybox materials:
   skybox/sky_day01_01*.vmt
 ! Run buildcubemaps in the engine to get the correct cube maps.
Creating default HDR cubemaps for env_cubemap using skybox materials:
   skybox/sky_day01_01*.vmt
 ! Run buildcubemaps in the engine to get the correct cube maps.
Finding displacement neighbors...
Finding lightmap sample positions...
Displacement Alpha : 0...1...2...3...4...5...6...7...8...9...10
Building Physics collision data...
Displacement 2 has bad geometry near -4140.00 -2048.00 -198.80
Can't compile displacement physics, exiting.  Texture is CUSTOMDEV/DEV_MEASUREGENERIC01BLU



4 threads
reading e:\dropbox\dropbox\public\coding\vmf\td_styria_a1.bsp
reading e:\dropbox\dropbox\public\coding\vmf\td_styria_a1.prt
 121 portalclusters
 320 numportals
0...1...2...3...4...5...6...7...8...9...10Optimized: 179 visible clusters (1.37%)
Total clusters visible: 13088
Average clusters visible: 108
Building PAS...
Average clusters audible: 121
visdatasize:4844  compressed from 3872
writing e:\dropbox\dropbox\public\coding\vmf\td_styria_a1.bsp
0 seconds elapsed



[Reading texlights from 'lights.rad']
[34 texlights parsed from 'lights.rad']

Loading e:\dropbox\dropbox\public\coding\vmf\td_styria_a1.bsp
575 faces
951676 square feet [137041376.00 square inches]
0 Displacements
0 Square Feet [0.00 Square Inches]
575 patches before subdivision
22795 patches after subdivision
0 direct lights
0...1...2...3...4...5...6...7...8...9...100...1...2...3...4...5...6...7...8...9...10transfers 474608, max 333
transfer lists:   3.6 megs
0...1...2...3...4...5...6...7...8...9...10	Bounce #1 added RGB(0, 0, 0)
Build Patch/Sample Hash Table(s).....Done<0.0083 sec>
0...1...2...3...4...5...6...7...8...9...10FinalLightFace Done
0 of 0 (0% of) surface lights went in leaf ambient cubes.
0...1...2...3...4...5...6...7...8...9...10Writing leaf ambient...done
Ready to Finish

Object names       Objects/Maxobjs  Memory / Maxmem  Fullness 
------------       ---------------  ---------------  -------- 
models                   1/1024           48/49152    ( 0.1%) 
brushes                 21/8192          252/98304    ( 0.3%) 
brushsides             138/65536        1104/524288   ( 0.2%) 
planes                 138/65536        2760/1310720  ( 0.2%) 
vertexes               739/65536        8868/786432   ( 1.1%) 
nodes                  287/65536        9184/2097152  ( 0.4%) 
texinfos                11/12288         792/884736   ( 0.1%) 
texdata                  3/2048           96/65536    ( 0.1%) 
dispinfos                0/0               0/0        ( 0.0%) 
disp_verts               0/0               0/0        ( 0.0%) 
disp_tris                0/0               0/0        ( 0.0%) 
disp_lmsamples           0/0               0/0        ( 0.0%) 
faces                  575/65536       32200/3670016  ( 0.9%) 
hdr faces                0/65536           0/3670016  ( 0.0%) 
origfaces               70/65536        3920/3670016  ( 0.1%) 
leaves                 289/65536        9248/2097152  ( 0.4%) 
leaffaces              687/65536        1374/131072   ( 1.0%) 
leafbrushes            167/65536         334/131072   ( 0.3%) 
areas                    2/256            16/2048     ( 0.8%) 
surfedges             2864/512000      11456/2048000  ( 0.6%) 
edges                 1471/256000       5884/1024000  ( 0.6%) 
LDR worldlights          0/8192            0/720896   ( 0.0%) 
HDR worldlights          0/8192            0/720896   ( 0.0%) 
leafwaterdata            0/32768           0/393216   ( 0.0%) 
waterstrips             59/32768         590/327680   ( 0.2%) 
waterverts               0/65536           0/786432   ( 0.0%) 
waterindices           732/65536        1464/131072   ( 1.1%) 
cubemapsamples           0/1024            0/16384    ( 0.0%) 
overlays                 0/512             0/180224   ( 0.0%) 
LDR lightdata         [variable]      670300/0        ( 0.0%) 
HDR lightdata         [variable]           0/0        ( 0.0%) 
visdata               [variable]        4844/16777216 ( 0.0%) 
entdata               [variable]         693/393216   ( 0.2%) 
LDR ambient table      289/65536        1156/262144   ( 0.4%) 
HDR ambient table      289/65536        1156/262144   ( 0.4%) 
LDR leaf ambient       112/65536        3136/1835008  ( 0.2%) 
HDR leaf ambient       289/65536        8092/1835008  ( 0.4%) 
occluders                0/0               0/0        ( 0.0%) 
occluder polygons        0/0               0/0        ( 0.0%) 
occluder vert ind        0/0               0/0        ( 0.0%) 
detail props          [variable]           1/12       ( 8.3%) 
static props          [variable]           1/12       ( 8.3%) 
pakfile               [variable]      105679/0        ( 0.0%) 
physics               [variable]        8071/4194304  ( 0.2%) 
physics terrain       [variable]           2/1048576  ( 0.0%) 

Level flags = 0

Total triangle count: 1430
Writing e:\dropbox\dropbox\public\coding\vmf\td_styria_a1.bsp
1 second elapsed



materialPath: E:\Steam\steamapps\common\Team Fortress 2\tf\materials
Loading E:\Dropbox\Dropbox\Public\Coding\vmf\td_styria_a1.vmf
fixing up env_cubemap materials on brush sides...
0...1...2...3...4...5...6...7...8...9...100...1...2...3...4...5...6...7...8...9...10Processing areas...done (0)
Building Faces...done (0)
Chop Details...done (0)
Find Visible Detail Sides...done (0)
Merging details...done (0)
FixTjuncs...
PruneNodes...
WriteBSP...
done (0)
writing E:\Dropbox\Dropbox\Public\Coding\vmf\td_styria_a1.prt...Building visibility clusters...
done (0)
Creating default LDR cubemaps for env_cubemap using skybox materials:
   skybox/sky_day01_01*.vmt
 ! Run buildcubemaps in the engine to get the correct cube maps.
Creating default HDR cubemaps for env_cubemap using skybox materials:
   skybox/sky_day01_01*.vmt
 ! Run buildcubemaps in the engine to get the correct cube maps.
Finding displacement neighbors...
Finding lightmap sample positions...
Displacement Alpha : 0...1...2...3...4...5...6...7...8...9...10
Building Physics collision data...
Displacement 2 has bad geometry near -4140.00 -2048.00 -198.80
Can't compile displacement physics, exiting.  Texture is CUSTOMDEV/DEV_MEASUREGENERIC01BLU



4 threads
reading e:\dropbox\dropbox\public\coding\vmf\td_styria_a1.bsp
reading e:\dropbox\dropbox\public\coding\vmf\td_styria_a1.prt
 121 portalclusters
 320 numportals
0...1...2...3...4...5...6...7...8...9...10Optimized: 179 visible clusters (1.37%)
Total clusters visible: 13088
Average clusters visible: 108
Building PAS...
Average clusters audible: 121
visdatasize:4844  compressed from 3872
writing e:\dropbox\dropbox\public\coding\vmf\td_styria_a1.bsp
0 seconds elapsed



[Reading texlights from 'lights.rad']
[34 texlights parsed from 'lights.rad']

Loading e:\dropbox\dropbox\public\coding\vmf\td_styria_a1.bsp
575 faces
951676 square feet [137041376.00 square inches]
0 Displacements
0 Square Feet [0.00 Square Inches]
575 patches before subdivision
22795 patches after subdivision
0 direct lights
0...1...2...3...4...5...6...7...8...9...100...1...2...3...4...5...6...7...8...9...10transfers 474608, max 333
transfer lists:   3.6 megs
0...1...2...3...4...5...6...7...8...9...10	Bounce #1 added RGB(0, 0, 0)
Build Patch/Sample Hash Table(s).....Done<0.0144 sec>
0...1...2...3...4...5...6...7...8...9...10FinalLightFace Done
0 of 0 (0% of) surface lights went in leaf ambient cubes.
0...1...2...3...4...5...6...7...8...9...10Writing leaf ambient...done
Ready to Finish

Object names       Objects/Maxobjs  Memory / Maxmem  Fullness 
------------       ---------------  ---------------  -------- 
models                   1/1024           48/49152    ( 0.1%) 
brushes                 21/8192          252/98304    ( 0.3%) 
brushsides             138/65536        1104/524288   ( 0.2%) 
planes                 138/65536        2760/1310720  ( 0.2%) 
vertexes               739/65536        8868/786432   ( 1.1%) 
nodes                  287/65536        9184/2097152  ( 0.4%) 
texinfos                11/12288         792/884736   ( 0.1%) 
texdata                  3/2048           96/65536    ( 0.1%) 
dispinfos                0/0               0/0        ( 0.0%) 
disp_verts               0/0               0/0        ( 0.0%) 
disp_tris                0/0               0/0        ( 0.0%) 
disp_lmsamples           0/0               0/0        ( 0.0%) 
faces                  575/65536       32200/3670016  ( 0.9%) 
hdr faces                0/65536           0/3670016  ( 0.0%) 
origfaces               70/65536        3920/3670016  ( 0.1%) 
leaves                 289/65536        9248/2097152  ( 0.4%) 
leaffaces              687/65536        1374/131072   ( 1.0%) 
leafbrushes            167/65536         334/131072   ( 0.3%) 
areas                    2/256            16/2048     ( 0.8%) 
surfedges             2864/512000      11456/2048000  ( 0.6%) 
edges                 1471/256000       5884/1024000  ( 0.6%) 
LDR worldlights          0/8192            0/720896   ( 0.0%) 
HDR worldlights          0/8192            0/720896   ( 0.0%) 
leafwaterdata            0/32768           0/393216   ( 0.0%) 
waterstrips             59/32768         590/327680   ( 0.2%) 
waterverts               0/65536           0/786432   ( 0.0%) 
waterindices           732/65536        1464/131072   ( 1.1%) 
cubemapsamples           0/1024            0/16384    ( 0.0%) 
overlays                 0/512             0/180224   ( 0.0%) 
LDR lightdata         [variable]      670300/0        ( 0.0%) 
HDR lightdata         [variable]           0/0        ( 0.0%) 
visdata               [variable]        4844/16777216 ( 0.0%) 
entdata               [variable]         693/393216   ( 0.2%) 
LDR ambient table      289/65536        1156/262144   ( 0.4%) 
HDR ambient table      289/65536        1156/262144   ( 0.4%) 
LDR leaf ambient       112/65536        3136/1835008  ( 0.2%) 
HDR leaf ambient       289/65536        8092/1835008  ( 0.4%) 
occluders                0/0               0/0        ( 0.0%) 
occluder polygons        0/0               0/0        ( 0.0%) 
occluder vert ind        0/0               0/0        ( 0.0%) 
detail props          [variable]           1/12       ( 8.3%) 
static props          [variable]           1/12       ( 8.3%) 
pakfile               [variable]      105679/0        ( 0.0%) 
physics               [variable]        8071/4194304  ( 0.2%) 
physics terrain       [variable]           2/1048576  ( 0.0%) 

Level flags = 0

Total triangle count: 1430
Writing e:\dropbox\dropbox\public\coding\vmf\td_styria_a1.bsp
2 seconds elapsed



materialPath: E:\Games\Steam\SteamApps\common\Team Fortress 2\tf\materials
Loading C:\Users\Jürgen\Dropbox\Public\Coding\vmf\td_styria_a1.vmf
fixing up env_cubemap materials on brush sides...
0...1...2...3...4...5...6...7...8...9...100...1...2...3...4...5...6...7...8...9...10Processing areas...done (0)
Building Faces...done (0)
Chop Details...done (0)
Find Visible Detail Sides...done (0)
Merging details...done (0)
FixTjuncs...
PruneNodes...
WriteBSP...
done (0)
writing C:\Users\Jürgen\Dropbox\Public\Coding\vmf\td_styria_a1.prt...Building visibility clusters...
done (0)
Creating default LDR cubemaps for env_cubemap using skybox materials:
   skybox/sky_day01_01*.vmt
 ! Run buildcubemaps in the engine to get the correct cube maps.
Creating default HDR cubemaps for env_cubemap using skybox materials:
   skybox/sky_day01_01*.vmt
 ! Run buildcubemaps in the engine to get the correct cube maps.
Finding displacement neighbors...
Finding lightmap sample positions...
Displacement Alpha : 0...1...2...3...4...5...6...7...8...9...10
Building Physics collision data...
Displacement 2 has bad geometry near -4140.00 -2048.00 -198.80
Can't compile displacement physics, exiting.  Texture is CUSTOMDEV/DEV_MEASUREGENERIC01BLU



8 threads
reading c:\users\jürgen\dropbox\public\coding\vmf\td_styria_a1.bsp
reading c:\users\jürgen\dropbox\public\coding\vmf\td_styria_a1.prt
 121 portalclusters
 320 numportals
0...1...2...3...4...5...6...7...8...9...10Optimized: 178 visible clusters (1.36%)
Total clusters visible: 13087
Average clusters visible: 108
Building PAS...
Average clusters audible: 121
visdatasize:4844  compressed from 3872
writing c:\users\jürgen\dropbox\public\coding\vmf\td_styria_a1.bsp
0 seconds elapsed



[Reading texlights from 'lights.rad']
[34 texlights parsed from 'lights.rad']

Loading c:\users\jürgen\dropbox\public\coding\vmf\td_styria_a1.bsp
575 faces
951676 square feet [137041376.00 square inches]
0 Displacements
0 Square Feet [0.00 Square Inches]
575 patches before subdivision
22795 patches after subdivision
0 direct lights
0...1...2...3...4...5...6...7...8...9...100...1...2...3...4...5...6...7...8...9...10transfers 474601, max 333
transfer lists:   3.6 megs
0...1...2...3...4...5...6...7...8...9...10	Bounce #1 added RGB(0, 0, 0)
Build Patch/Sample Hash Table(s).....Done<0.0153 sec>
0...1...2...3...4...5...6...7...8...9...10FinalLightFace Done
0 of 0 (0% of) surface lights went in leaf ambient cubes.
0...1...2...3...4...5...6...7...8...9...10Writing leaf ambient...done
Ready to Finish

Object names       Objects/Maxobjs  Memory / Maxmem  Fullness 
------------       ---------------  ---------------  -------- 
models                   1/1024           48/49152    ( 0.1%) 
brushes                 21/8192          252/98304    ( 0.3%) 
brushsides             138/65536        1104/524288   ( 0.2%) 
planes                 138/65536        2760/1310720  ( 0.2%) 
vertexes               739/65536        8868/786432   ( 1.1%) 
nodes                  287/65536        9184/2097152  ( 0.4%) 
texinfos                11/12288         792/884736   ( 0.1%) 
texdata                  3/2048           96/65536    ( 0.1%) 
dispinfos                0/0               0/0        ( 0.0%) 
disp_verts               0/0               0/0        ( 0.0%) 
disp_tris                0/0               0/0        ( 0.0%) 
disp_lmsamples           0/0               0/0        ( 0.0%) 
faces                  575/65536       32200/3670016  ( 0.9%) 
hdr faces                0/65536           0/3670016  ( 0.0%) 
origfaces               70/65536        3920/3670016  ( 0.1%) 
leaves                 289/65536        9248/2097152  ( 0.4%) 
leaffaces              687/65536        1374/131072   ( 1.0%) 
leafbrushes            167/65536         334/131072   ( 0.3%) 
areas                    2/256            16/2048     ( 0.8%) 
surfedges             2864/512000      11456/2048000  ( 0.6%) 
edges                 1471/256000       5884/1024000  ( 0.6%) 
LDR worldlights          0/8192            0/720896   ( 0.0%) 
HDR worldlights          0/8192            0/720896   ( 0.0%) 
leafwaterdata            0/32768           0/393216   ( 0.0%) 
waterstrips             59/32768         590/327680   ( 0.2%) 
waterverts               0/65536           0/786432   ( 0.0%) 
waterindices           732/65536        1464/131072   ( 1.1%) 
cubemapsamples           0/1024            0/16384    ( 0.0%) 
overlays                 0/512             0/180224   ( 0.0%) 
LDR lightdata         [variable]      670300/0        ( 0.0%) 
HDR lightdata         [variable]           0/0        ( 0.0%) 
visdata               [variable]        4844/16777216 ( 0.0%) 
entdata               [variable]         693/393216   ( 0.2%) 
LDR ambient table      289/65536        1156/262144   ( 0.4%) 
HDR ambient table      289/65536        1156/262144   ( 0.4%) 
LDR leaf ambient       112/65536        3136/1835008  ( 0.2%) 
HDR leaf ambient       289/65536        8092/1835008  ( 0.4%) 
occluders                0/0               0/0        ( 0.0%) 
occluder polygons        0/0               0/0        ( 0.0%) 
occluder vert ind        0/0               0/0        ( 0.0%) 
detail props          [variable]           1/12       ( 8.3%) 
static props          [variable]           1/12       ( 8.3%) 
pakfile               [variable]      105679/0        ( 0.0%) 
physics               [variable]        8071/4194304  ( 0.2%) 
physics terrain       [variable]           2/1048576  ( 0.0%) 

Level flags = 0

Total triangle count: 1430
Writing c:\users\jürgen\dropbox\public\coding\vmf\td_styria_a1.bsp
4 seconds elapsed



materialPath: E:\Steam\steamapps\common\Team Fortress 2\tf\materials
Loading E:\Dropbox\Dropbox\Public\Coding\vmf\td_styria_a1.vmf
fixing up env_cubemap materials on brush sides...
0...1...2...3...4...5...6...7...8...9...100...1...2...3...4...5...6...7...8...9...10Processing areas...done (0)
Building Faces...done (0)
Chop Details...done (0)
Find Visible Detail Sides...done (0)
Merging details...done (0)
FixTjuncs...
PruneNodes...
WriteBSP...
done (0)
writing E:\Dropbox\Dropbox\Public\Coding\vmf\td_styria_a1.prt...Building visibility clusters...
done (0)
Creating default LDR cubemaps for env_cubemap using skybox materials:
   skybox/sky_day01_01*.vmt
 ! Run buildcubemaps in the engine to get the correct cube maps.
Creating default HDR cubemaps for env_cubemap using skybox materials:
   skybox/sky_day01_01*.vmt
 ! Run buildcubemaps in the engine to get the correct cube maps.
Finding displacement neighbors...
Finding lightmap sample positions...
Displacement Alpha : 0...1...2...3...4...5...6...7...8...9...10
Building Physics collision data...
done (0) (12108 bytes)
Placing detail props : 0...1...2...3...4...5...6...7...8...9...10
Compacting texture/material tables...
Reduced 28 texinfos to 20
Reduced 5 texdatas to 5 (129 bytes to 129)
Writing E:\Dropbox\Dropbox\Public\Coding\vmf\td_styria_a1.bsp
0 seconds elapsed



4 threads
reading e:\dropbox\dropbox\public\coding\vmf\td_styria_a1.bsp
reading e:\dropbox\dropbox\public\coding\vmf\td_styria_a1.prt
 137 portalclusters
 338 numportals
0...1...2...3...4...5...6...7...8...9...10Optimized: 25 visible clusters (0.17%)
Total clusters visible: 14718
Average clusters visible: 107
Building PAS...
Average clusters audible: 137
visdatasize:6032  compressed from 6576
writing e:\dropbox\dropbox\public\coding\vmf\td_styria_a1.bsp
0 seconds elapsed



[Reading texlights from 'lights.rad']
[34 texlights parsed from 'lights.rad']

Loading e:\dropbox\dropbox\public\coding\vmf\td_styria_a1.bsp
627 faces
976613 square feet [140632384.00 square inches]
0 Displacements
0 Square Feet [0.00 Square Inches]
627 patches before subdivision
25005 patches after subdivision
0 direct lights
0...1...2...3...4...5...6...7...8...9...100...1...2...3...4...5...6...7...8...9...10transfers 639433, max 373
transfer lists:   4.9 megs
0...1...2...3...4...5...6...7...8...9...10	Bounce #1 added RGB(0, 0, 0)
Build Patch/Sample Hash Table(s).....Done<0.0177 sec>
0...1...2...3...4...5...6...7...8...9...10FinalLightFace Done
0 of 0 (0% of) surface lights went in leaf ambient cubes.
0...1...2...3...4...5...6...7...8...9...10Writing leaf ambient...done
Ready to Finish

Object names       Objects/Maxobjs  Memory / Maxmem  Fullness 
------------       ---------------  ---------------  -------- 
models                   4/1024          192/49152    ( 0.4%) 
brushes                 30/8192          360/98304    ( 0.4%) 
brushsides             192/65536        1536/524288   ( 0.3%) 
planes                 186/65536        3720/1310720  ( 0.3%) 
vertexes               781/65536        9372/786432   ( 1.2%) 
nodes                  347/65536       11104/2097152  ( 0.5%) 
texinfos                20/12288        1440/884736   ( 0.2%) 
texdata                  5/2048          160/65536    ( 0.2%) 
dispinfos                0/0               0/0        ( 0.0%) 
disp_verts               0/0               0/0        ( 0.0%) 
disp_tris                0/0               0/0        ( 0.0%) 
disp_lmsamples           0/0               0/0        ( 0.0%) 
faces                  627/65536       35112/3670016  ( 1.0%) 
hdr faces                0/65536           0/3670016  ( 0.0%) 
origfaces               85/65536        4760/3670016  ( 0.1%) 
leaves                 352/65536       11264/2097152  ( 0.5%) 
leaffaces              711/65536        1422/131072   ( 1.1%) 
leafbrushes            196/65536         392/131072   ( 0.3%) 
areas                    2/256            16/2048     ( 0.8%) 
surfedges             3100/512000      12400/2048000  ( 0.6%) 
edges                 1593/256000       6372/1024000  ( 0.6%) 
LDR worldlights          0/8192            0/720896   ( 0.0%) 
HDR worldlights          0/8192            0/720896   ( 0.0%) 
leafwaterdata            0/32768           0/393216   ( 0.0%) 
waterstrips             43/32768         430/327680   ( 0.1%) 
waterverts               0/65536           0/786432   ( 0.0%) 
waterindices           546/65536        1092/131072   ( 0.8%) 
cubemapsamples           0/1024            0/16384    ( 0.0%) 
overlays                 0/512             0/180224   ( 0.0%) 
LDR lightdata         [variable]      703256/0        ( 0.0%) 
HDR lightdata         [variable]           0/0        ( 0.0%) 
visdata               [variable]        6032/16777216 ( 0.0%) 
entdata               [variable]        1228/393216   ( 0.3%) 
LDR ambient table      352/65536        1408/262144   ( 0.5%) 
HDR ambient table      352/65536        1408/262144   ( 0.5%) 
LDR leaf ambient       155/65536        4340/1835008  ( 0.2%) 
HDR leaf ambient       352/65536        9856/1835008  ( 0.5%) 
occluders                0/0               0/0        ( 0.0%) 
occluder polygons        0/0               0/0        ( 0.0%) 
occluder vert ind        0/0               0/0        ( 0.0%) 
detail props          [variable]           1/12       ( 8.3%) 
static props          [variable]           1/12       ( 8.3%) 
pakfile               [variable]      105679/0        ( 0.0%) 
physics               [variable]       12108/4194304  ( 0.3%) 
physics terrain       [variable]           2/1048576  ( 0.0%) 

Level flags = 0

Total triangle count: 1502
Writing e:\dropbox\dropbox\public\coding\vmf\td_styria_a1.bsp
2 seconds elapsed



materialPath: E:\Steam\steamapps\common\Team Fortress 2\tf\materials
Loading E:\Dropbox\Dropbox\Public\Coding\vmf\td_styria_a1.vmf
fixing up env_cubemap materials on brush sides...
0...1...2...3...4...5...6...7...8...9...100...1...2...3...4...5...6...7...8...9...10Processing areas...done (0)
Building Faces...done (0)
Chop Details...done (0)
Find Visible Detail Sides...done (0)
Merging details...done (0)
FixTjuncs...
PruneNodes...
WriteBSP...
done (0)
writing E:\Dropbox\Dropbox\Public\Coding\vmf\td_styria_a1.prt...Building visibility clusters...
done (0)
Creating default LDR cubemaps for env_cubemap using skybox materials:
   skybox/sky_day01_01*.vmt
 ! Run buildcubemaps in the engine to get the correct cube maps.
Creating default HDR cubemaps for env_cubemap using skybox materials:
   skybox/sky_day01_01*.vmt
 ! Run buildcubemaps in the engine to get the correct cube maps.
Finding displacement neighbors...
Finding lightmap sample positions...
Displacement Alpha : 0...1...2...3...4...5...6...7...8...9...10
Building Physics collision data...
done (0) (12108 bytes)
Placing detail props : 0...1...2...3...4...5...6...7...8...9...10
Compacting texture/material tables...
Reduced 28 texinfos to 20
Reduced 5 texdatas to 5 (129 bytes to 129)
Writing E:\Dropbox\Dropbox\Public\Coding\vmf\td_styria_a1.bsp
0 seconds elapsed



4 threads
reading e:\dropbox\dropbox\public\coding\vmf\td_styria_a1.bsp
reading e:\dropbox\dropbox\public\coding\vmf\td_styria_a1.prt
 137 portalclusters
 338 numportals
0...1...2...3...4...5...6...7...8...9...10Optimized: 25 visible clusters (0.17%)
Total clusters visible: 14718
Average clusters visible: 107
Building PAS...
Average clusters audible: 137
visdatasize:6032  compressed from 6576
writing e:\dropbox\dropbox\public\coding\vmf\td_styria_a1.bsp
0 seconds elapsed



[Reading texlights from 'lights.rad']
[34 texlights parsed from 'lights.rad']

Loading e:\dropbox\dropbox\public\coding\vmf\td_styria_a1.bsp
627 faces
976613 square feet [140632384.00 square inches]
0 Displacements
0 Square Feet [0.00 Square Inches]
627 patches before subdivision
25005 patches after subdivision
0 direct lights
0...1...2...3...4...5...6...7...8...9...100...1...2...3...4...5...6...7...8...9...10transfers 639433, max 373
transfer lists:   4.9 megs
0...1...2...3...4...5...6...7...8...9...10	Bounce #1 added RGB(0, 0, 0)
Build Patch/Sample Hash Table(s).....Done<0.0150 sec>
0...1...2...3...4...5...6...7...8...9...10FinalLightFace Done
0 of 0 (0% of) surface lights went in leaf ambient cubes.
0...1...2...3...4...5...6...7...8...9...10Writing leaf ambient...done
Ready to Finish

Object names       Objects/Maxobjs  Memory / Maxmem  Fullness 
------------       ---------------  ---------------  -------- 
models                   4/1024          192/49152    ( 0.4%) 
brushes                 30/8192          360/98304    ( 0.4%) 
brushsides             192/65536        1536/524288   ( 0.3%) 
planes                 186/65536        3720/1310720  ( 0.3%) 
vertexes               781/65536        9372/786432   ( 1.2%) 
nodes                  347/65536       11104/2097152  ( 0.5%) 
texinfos                20/12288        1440/884736   ( 0.2%) 
texdata                  5/2048          160/65536    ( 0.2%) 
dispinfos                0/0               0/0        ( 0.0%) 
disp_verts               0/0               0/0        ( 0.0%) 
disp_tris                0/0               0/0        ( 0.0%) 
disp_lmsamples           0/0               0/0        ( 0.0%) 
faces                  627/65536       35112/3670016  ( 1.0%) 
hdr faces                0/65536           0/3670016  ( 0.0%) 
origfaces               85/65536        4760/3670016  ( 0.1%) 
leaves                 352/65536       11264/2097152  ( 0.5%) 
leaffaces              711/65536        1422/131072   ( 1.1%) 
leafbrushes            196/65536         392/131072   ( 0.3%) 
areas                    2/256            16/2048     ( 0.8%) 
surfedges             3100/512000      12400/2048000  ( 0.6%) 
edges                 1593/256000       6372/1024000  ( 0.6%) 
LDR worldlights          0/8192            0/720896   ( 0.0%) 
HDR worldlights          0/8192            0/720896   ( 0.0%) 
leafwaterdata            0/32768           0/393216   ( 0.0%) 
waterstrips             43/32768         430/327680   ( 0.1%) 
waterverts               0/65536           0/786432   ( 0.0%) 
waterindices           546/65536        1092/131072   ( 0.8%) 
cubemapsamples           0/1024            0/16384    ( 0.0%) 
overlays                 0/512             0/180224   ( 0.0%) 
LDR lightdata         [variable]      703256/0        ( 0.0%) 
HDR lightdata         [variable]           0/0        ( 0.0%) 
visdata               [variable]        6032/16777216 ( 0.0%) 
entdata               [variable]        1228/393216   ( 0.3%) 
LDR ambient table      352/65536        1408/262144   ( 0.5%) 
HDR ambient table      352/65536        1408/262144   ( 0.5%) 
LDR leaf ambient       155/65536        4340/1835008  ( 0.2%) 
HDR leaf ambient       352/65536        9856/1835008  ( 0.5%) 
occluders                0/0               0/0        ( 0.0%) 
occluder polygons        0/0               0/0        ( 0.0%) 
occluder vert ind        0/0               0/0        ( 0.0%) 
detail props          [variable]           1/12       ( 8.3%) 
static props          [variable]           1/12       ( 8.3%) 
pakfile               [variable]      105679/0        ( 0.0%) 
physics               [variable]       12108/4194304  ( 0.3%) 
physics terrain       [variable]           2/1048576  ( 0.0%) 

Level flags = 0

Total triangle count: 1502
Writing e:\dropbox\dropbox\public\coding\vmf\td_styria_a1.bsp
2 seconds elapsed



materialPath: E:\Steam\steamapps\common\Team Fortress 2\tf\materials
Loading E:\Dropbox\Dropbox\Public\Coding\vmf\td_styria_a1.vmf
fixing up env_cubemap materials on brush sides...
0...1...2...3...4...5...6...7...8...9...100...1...2...3...4...5...6...7...8...9...10Processing areas...done (0)
Building Faces...done (0)
Chop Details...done (0)
Find Visible Detail Sides...done (0)
Merging details...done (0)
FixTjuncs...
PruneNodes...
WriteBSP...
done (0)
writing E:\Dropbox\Dropbox\Public\Coding\vmf\td_styria_a1.prt...Building visibility clusters...
done (0)
Creating default LDR cubemaps for env_cubemap using skybox materials:
   skybox/sky_day01_01*.vmt
 ! Run buildcubemaps in the engine to get the correct cube maps.
Creating default HDR cubemaps for env_cubemap using skybox materials:
   skybox/sky_day01_01*.vmt
 ! Run buildcubemaps in the engine to get the correct cube maps.
Finding displacement neighbors...
Finding lightmap sample positions...
Displacement Alpha : 0...1...2...3...4...5...6...7...8...9...10
Building Physics collision data...
done (0) (12108 bytes)
Placing detail props : 0...1...2...3...4...5...6...7...8...9...10
Compacting texture/material tables...
Reduced 28 texinfos to 20
Reduced 5 texdatas to 5 (129 bytes to 129)
Writing E:\Dropbox\Dropbox\Public\Coding\vmf\td_styria_a1.bsp
0 seconds elapsed



4 threads
reading e:\dropbox\dropbox\public\coding\vmf\td_styria_a1.bsp
reading e:\dropbox\dropbox\public\coding\vmf\td_styria_a1.prt
 137 portalclusters
 338 numportals
0...1...2...3...4...5...6...7...8...9...10Optimized: 25 visible clusters (0.17%)
Total clusters visible: 14718
Average clusters visible: 107
Building PAS...
Average clusters audible: 137
visdatasize:6032  compressed from 6576
writing e:\dropbox\dropbox\public\coding\vmf\td_styria_a1.bsp
0 seconds elapsed



[Reading texlights from 'lights.rad']
[34 texlights parsed from 'lights.rad']

Loading e:\dropbox\dropbox\public\coding\vmf\td_styria_a1.bsp
627 faces
976613 square feet [140632384.00 square inches]
0 Displacements
0 Square Feet [0.00 Square Inches]
627 patches before subdivision
25005 patches after subdivision
0 direct lights
0...1...2...3...4...5...6...7...8...9...100...1...2...3...4...5...6...7...8...9...10transfers 639433, max 373
transfer lists:   4.9 megs
0...1...2...3...4...5...6...7...8...9...10	Bounce #1 added RGB(0, 0, 0)
Build Patch/Sample Hash Table(s).....Done<0.0145 sec>
0...1...2...3...4...5...6...7...8...9...10FinalLightFace Done
0 of 0 (0% of) surface lights went in leaf ambient cubes.
0...1...2...3...4...5...6...7...8...9...10Writing leaf ambient...done
Ready to Finish

Object names       Objects/Maxobjs  Memory / Maxmem  Fullness 
------------       ---------------  ---------------  -------- 
models                   4/1024          192/49152    ( 0.4%) 
brushes                 30/8192          360/98304    ( 0.4%) 
brushsides             192/65536        1536/524288   ( 0.3%) 
planes                 186/65536        3720/1310720  ( 0.3%) 
vertexes               781/65536        9372/786432   ( 1.2%) 
nodes                  347/65536       11104/2097152  ( 0.5%) 
texinfos                20/12288        1440/884736   ( 0.2%) 
texdata                  5/2048          160/65536    ( 0.2%) 
dispinfos                0/0               0/0        ( 0.0%) 
disp_verts               0/0               0/0        ( 0.0%) 
disp_tris                0/0               0/0        ( 0.0%) 
disp_lmsamples           0/0               0/0        ( 0.0%) 
faces                  627/65536       35112/3670016  ( 1.0%) 
hdr faces                0/65536           0/3670016  ( 0.0%) 
origfaces               85/65536        4760/3670016  ( 0.1%) 
leaves                 352/65536       11264/2097152  ( 0.5%) 
leaffaces              711/65536        1422/131072   ( 1.1%) 
leafbrushes            196/65536         392/131072   ( 0.3%) 
areas                    2/256            16/2048     ( 0.8%) 
surfedges             3100/512000      12400/2048000  ( 0.6%) 
edges                 1593/256000       6372/1024000  ( 0.6%) 
LDR worldlights          0/8192            0/720896   ( 0.0%) 
HDR worldlights          0/8192            0/720896   ( 0.0%) 
leafwaterdata            0/32768           0/393216   ( 0.0%) 
waterstrips             43/32768         430/327680   ( 0.1%) 
waterverts               0/65536           0/786432   ( 0.0%) 
waterindices           546/65536        1092/131072   ( 0.8%) 
cubemapsamples           0/1024            0/16384    ( 0.0%) 
overlays                 0/512             0/180224   ( 0.0%) 
LDR lightdata         [variable]      703256/0        ( 0.0%) 
HDR lightdata         [variable]           0/0        ( 0.0%) 
visdata               [variable]        6032/16777216 ( 0.0%) 
entdata               [variable]        1234/393216   ( 0.3%) 
LDR ambient table      352/65536        1408/262144   ( 0.5%) 
HDR ambient table      352/65536        1408/262144   ( 0.5%) 
LDR leaf ambient       155/65536        4340/1835008  ( 0.2%) 
HDR leaf ambient       352/65536        9856/1835008  ( 0.5%) 
occluders                0/0               0/0        ( 0.0%) 
occluder polygons        0/0               0/0        ( 0.0%) 
occluder vert ind        0/0               0/0        ( 0.0%) 
detail props          [variable]           1/12       ( 8.3%) 
static props          [variable]           1/12       ( 8.3%) 
pakfile               [variable]      105679/0        ( 0.0%) 
physics               [variable]       12108/4194304  ( 0.3%) 
physics terrain       [variable]           2/1048576  ( 0.0%) 

Level flags = 0

Total triangle count: 1502
Writing e:\dropbox\dropbox\public\coding\vmf\td_styria_a1.bsp
2 seconds elapsed



materialPath: E:\Steam\steamapps\common\Team Fortress 2\tf\materials
Loading E:\Dropbox\Dropbox\Public\Coding\vmf\td_styria_a1.vmf
fixing up env_cubemap materials on brush sides...
0...1...2...3...4...5...6...7...8...9...100...1...2...3...4...5...6...7...8...9...10Processing areas...done (0)
Building Faces...done (0)
Chop Details...done (0)
Find Visible Detail Sides...done (0)
Merging details...done (0)
FixTjuncs...
PruneNodes...
WriteBSP...
done (0)
writing E:\Dropbox\Dropbox\Public\Coding\vmf\td_styria_a1.prt...Building visibility clusters...
done (0)
Creating default LDR cubemaps for env_cubemap using skybox materials:
   skybox/sky_day01_01*.vmt
 ! Run buildcubemaps in the engine to get the correct cube maps.
Creating default HDR cubemaps for env_cubemap using skybox materials:
   skybox/sky_day01_01*.vmt
 ! Run buildcubemaps in the engine to get the correct cube maps.
Finding displacement neighbors...
Finding lightmap sample positions...
Displacement Alpha : 0...1...2...3...4...5...6...7...8...9...10
Building Physics collision data...
done (0) (12108 bytes)
Placing detail props : 0...1...2...3...4...5...6...7...8...9...10
Compacting texture/material tables...
Reduced 28 texinfos to 20
Reduced 5 texdatas to 5 (129 bytes to 129)
Writing E:\Dropbox\Dropbox\Public\Coding\vmf\td_styria_a1.bsp
0 seconds elapsed



4 threads
reading e:\dropbox\dropbox\public\coding\vmf\td_styria_a1.bsp
reading e:\dropbox\dropbox\public\coding\vmf\td_styria_a1.prt
 137 portalclusters
 338 numportals
0...1...2...3...4...5...6...7...8...9...10Optimized: 25 visible clusters (0.17%)
Total clusters visible: 14718
Average clusters visible: 107
Building PAS...
Average clusters audible: 137
visdatasize:6032  compressed from 6576
writing e:\dropbox\dropbox\public\coding\vmf\td_styria_a1.bsp
0 seconds elapsed



[Reading texlights from 'lights.rad']
[34 texlights parsed from 'lights.rad']

Loading e:\dropbox\dropbox\public\coding\vmf\td_styria_a1.bsp
627 faces
977074 square feet [140698688.00 square inches]
0 Displacements
0 Square Feet [0.00 Square Inches]
627 patches before subdivision
25005 patches after subdivision
0 direct lights
0...1...2...3...4...5...6...7...8...9...100...1...2...3...4...5...6...7...8...9...10transfers 639424, max 373
transfer lists:   4.9 megs
0...1...2...3...4...5...6...7...8...9...10	Bounce #1 added RGB(0, 0, 0)
Build Patch/Sample Hash Table(s).....Done<0.0189 sec>
0...1...2...3...4...5...6...7...8...9...10FinalLightFace Done
0 of 0 (0% of) surface lights went in leaf ambient cubes.
0...1...2...3...4...5...6...7...8...9...10Writing leaf ambient...done
Ready to Finish

Object names       Objects/Maxobjs  Memory / Maxmem  Fullness 
------------       ---------------  ---------------  -------- 
models                   4/1024          192/49152    ( 0.4%) 
brushes                 30/8192          360/98304    ( 0.4%) 
brushsides             192/65536        1536/524288   ( 0.3%) 
planes                 190/65536        3800/1310720  ( 0.3%) 
vertexes               781/65536        9372/786432   ( 1.2%) 
nodes                  347/65536       11104/2097152  ( 0.5%) 
texinfos                20/12288        1440/884736   ( 0.2%) 
texdata                  5/2048          160/65536    ( 0.2%) 
dispinfos                0/0               0/0        ( 0.0%) 
disp_verts               0/0               0/0        ( 0.0%) 
disp_tris                0/0               0/0        ( 0.0%) 
disp_lmsamples           0/0               0/0        ( 0.0%) 
faces                  627/65536       35112/3670016  ( 1.0%) 
hdr faces                0/65536           0/3670016  ( 0.0%) 
origfaces               85/65536        4760/3670016  ( 0.1%) 
leaves                 352/65536       11264/2097152  ( 0.5%) 
leaffaces              711/65536        1422/131072   ( 1.1%) 
leafbrushes            196/65536         392/131072   ( 0.3%) 
areas                    2/256            16/2048     ( 0.8%) 
surfedges             3100/512000      12400/2048000  ( 0.6%) 
edges                 1593/256000       6372/1024000  ( 0.6%) 
LDR worldlights          0/8192            0/720896   ( 0.0%) 
HDR worldlights          0/8192            0/720896   ( 0.0%) 
leafwaterdata            0/32768           0/393216   ( 0.0%) 
waterstrips             43/32768         430/327680   ( 0.1%) 
waterverts               0/65536           0/786432   ( 0.0%) 
waterindices           546/65536        1092/131072   ( 0.8%) 
cubemapsamples           0/1024            0/16384    ( 0.0%) 
overlays                 0/512             0/180224   ( 0.0%) 
LDR lightdata         [variable]      703256/0        ( 0.0%) 
HDR lightdata         [variable]           0/0        ( 0.0%) 
visdata               [variable]        6032/16777216 ( 0.0%) 
entdata               [variable]        1235/393216   ( 0.3%) 
LDR ambient table      352/65536        1408/262144   ( 0.5%) 
HDR ambient table      352/65536        1408/262144   ( 0.5%) 
LDR leaf ambient       155/65536        4340/1835008  ( 0.2%) 
HDR leaf ambient       352/65536        9856/1835008  ( 0.5%) 
occluders                0/0               0/0        ( 0.0%) 
occluder polygons        0/0               0/0        ( 0.0%) 
occluder vert ind        0/0               0/0        ( 0.0%) 
detail props          [variable]           1/12       ( 8.3%) 
static props          [variable]           1/12       ( 8.3%) 
pakfile               [variable]      105679/0        ( 0.0%) 
physics               [variable]       12108/4194304  ( 0.3%) 
physics terrain       [variable]           2/1048576  ( 0.0%) 

Level flags = 0

Total triangle count: 1502
Writing e:\dropbox\dropbox\public\coding\vmf\td_styria_a1.bsp
2 seconds elapsed



materialPath: E:\Steam\steamapps\common\Team Fortress 2\tf\materials
Loading E:\Dropbox\Dropbox\Public\Coding\vmf\td_styria_a1.vmf
fixing up env_cubemap materials on brush sides...
0...1...2...3...4...5...6...7...8...9...100...1...2...3...4...5...6...7...8...9...10Processing areas...done (0)
Building Faces...done (0)
Chop Details...done (0)
Find Visible Detail Sides...done (0)
Merging details...done (0)
FixTjuncs...
PruneNodes...
WriteBSP...
done (0)
writing E:\Dropbox\Dropbox\Public\Coding\vmf\td_styria_a1.prt...Building visibility clusters...
done (0)
Creating default LDR cubemaps for env_cubemap using skybox materials:
   skybox/sky_day01_01*.vmt
 ! Run buildcubemaps in the engine to get the correct cube maps.
Creating default HDR cubemaps for env_cubemap using skybox materials:
   skybox/sky_day01_01*.vmt
 ! Run buildcubemaps in the engine to get the correct cube maps.
Finding displacement neighbors...
Finding lightmap sample positions...
Displacement Alpha : 0...1...2...3...4...5...6...7...8...9...10
Building Physics collision data...
done (0) (12108 bytes)
Placing detail props : 0...1...2...3...4...5...6...7...8...9...10
Compacting texture/material tables...
Reduced 28 texinfos to 20
Reduced 5 texdatas to 5 (129 bytes to 129)
Writing E:\Dropbox\Dropbox\Public\Coding\vmf\td_styria_a1.bsp
0 seconds elapsed



4 threads
reading e:\dropbox\dropbox\public\coding\vmf\td_styria_a1.bsp
reading e:\dropbox\dropbox\public\coding\vmf\td_styria_a1.prt
 137 portalclusters
 338 numportals
0...1...2...3...4...5...6...7...8...9...10Optimized: 25 visible clusters (0.17%)
Total clusters visible: 14718
Average clusters visible: 107
Building PAS...
Average clusters audible: 137
visdatasize:6032  compressed from 6576
writing e:\dropbox\dropbox\public\coding\vmf\td_styria_a1.bsp
0 seconds elapsed



[Reading texlights from 'lights.rad']
[34 texlights parsed from 'lights.rad']

Loading e:\dropbox\dropbox\public\coding\vmf\td_styria_a1.bsp
627 faces
976684 square feet [140642496.00 square inches]
0 Displacements
0 Square Feet [0.00 Square Inches]
627 patches before subdivision
25005 patches after subdivision
0 direct lights
0...1...2...3...4...5...6...7...8...9...100...1...2...3...4...5...6...7...8...9...10transfers 639412, max 373
transfer lists:   4.9 megs
0...1...2...3...4...5...6...7...8...9...10	Bounce #1 added RGB(0, 0, 0)
Build Patch/Sample Hash Table(s).....Done<0.0169 sec>
0...1...2...3...4...5...6...7...8...9...10FinalLightFace Done
0 of 0 (0% of) surface lights went in leaf ambient cubes.
0...1...2...3...4...5...6...7...8...9...10Writing leaf ambient...done
Ready to Finish

Object names       Objects/Maxobjs  Memory / Maxmem  Fullness 
------------       ---------------  ---------------  -------- 
models                   4/1024          192/49152    ( 0.4%) 
brushes                 30/8192          360/98304    ( 0.4%) 
brushsides             192/65536        1536/524288   ( 0.3%) 
planes                 192/65536        3840/1310720  ( 0.3%) 
vertexes               781/65536        9372/786432   ( 1.2%) 
nodes                  347/65536       11104/2097152  ( 0.5%) 
texinfos                20/12288        1440/884736   ( 0.2%) 
texdata                  5/2048          160/65536    ( 0.2%) 
dispinfos                0/0               0/0        ( 0.0%) 
disp_verts               0/0               0/0        ( 0.0%) 
disp_tris                0/0               0/0        ( 0.0%) 
disp_lmsamples           0/0               0/0        ( 0.0%) 
faces                  627/65536       35112/3670016  ( 1.0%) 
hdr faces                0/65536           0/3670016  ( 0.0%) 
origfaces               85/65536        4760/3670016  ( 0.1%) 
leaves                 352/65536       11264/2097152  ( 0.5%) 
leaffaces              711/65536        1422/131072   ( 1.1%) 
leafbrushes            196/65536         392/131072   ( 0.3%) 
areas                    2/256            16/2048     ( 0.8%) 
surfedges             3100/512000      12400/2048000  ( 0.6%) 
edges                 1593/256000       6372/1024000  ( 0.6%) 
LDR worldlights          0/8192            0/720896   ( 0.0%) 
HDR worldlights          0/8192            0/720896   ( 0.0%) 
leafwaterdata            0/32768           0/393216   ( 0.0%) 
waterstrips             43/32768         430/327680   ( 0.1%) 
waterverts               0/65536           0/786432   ( 0.0%) 
waterindices           546/65536        1092/131072   ( 0.8%) 
cubemapsamples           0/1024            0/16384    ( 0.0%) 
overlays                 0/512             0/180224   ( 0.0%) 
LDR lightdata         [variable]      703256/0        ( 0.0%) 
HDR lightdata         [variable]           0/0        ( 0.0%) 
visdata               [variable]        6032/16777216 ( 0.0%) 
entdata               [variable]        1235/393216   ( 0.3%) 
LDR ambient table      352/65536        1408/262144   ( 0.5%) 
HDR ambient table      352/65536        1408/262144   ( 0.5%) 
LDR leaf ambient       155/65536        4340/1835008  ( 0.2%) 
HDR leaf ambient       352/65536        9856/1835008  ( 0.5%) 
occluders                0/0               0/0        ( 0.0%) 
occluder polygons        0/0               0/0        ( 0.0%) 
occluder vert ind        0/0               0/0        ( 0.0%) 
detail props          [variable]           1/12       ( 8.3%) 
static props          [variable]           1/12       ( 8.3%) 
pakfile               [variable]      105679/0        ( 0.0%) 
physics               [variable]       12108/4194304  ( 0.3%) 
physics terrain       [variable]           2/1048576  ( 0.0%) 

Level flags = 0

Total triangle count: 1502
Writing e:\dropbox\dropbox\public\coding\vmf\td_styria_a1.bsp
2 seconds elapsed



materialPath: E:\Steam\steamapps\common\Team Fortress 2\tf\materials
Loading E:\Dropbox\Dropbox\Public\Coding\vmf\td_styria_a1.vmf
fixing up env_cubemap materials on brush sides...
0...1...2...3...4...5...6...7...8...9...100...1...2...3...4...5...6...7...8...9...10Processing areas...done (0)
Building Faces...done (0)
Chop Details...done (0)
Find Visible Detail Sides...done (0)
Merging details...done (0)
FixTjuncs...
PruneNodes...
WriteBSP...
done (0)
writing E:\Dropbox\Dropbox\Public\Coding\vmf\td_styria_a1.prt...Building visibility clusters...
done (0)
Creating default LDR cubemaps for env_cubemap using skybox materials:
   skybox/sky_day01_01*.vmt
 ! Run buildcubemaps in the engine to get the correct cube maps.
Creating default HDR cubemaps for env_cubemap using skybox materials:
   skybox/sky_day01_01*.vmt
 ! Run buildcubemaps in the engine to get the correct cube maps.
Finding displacement neighbors...
Finding lightmap sample positions...
Displacement Alpha : 0...1...2...3...4...5...6...7...8...9...10
Building Physics collision data...
done (0) (12108 bytes)
Placing detail props : 0...1...2...3...4...5...6...7...8...9...10
Compacting texture/material tables...
Reduced 28 texinfos to 20
Reduced 5 texdatas to 5 (129 bytes to 129)
Writing E:\Dropbox\Dropbox\Public\Coding\vmf\td_styria_a1.bsp
0 seconds elapsed



4 threads
reading e:\dropbox\dropbox\public\coding\vmf\td_styria_a1.bsp
reading e:\dropbox\dropbox\public\coding\vmf\td_styria_a1.prt
 137 portalclusters
 338 numportals
0...1...2...3...4...5...6...7...8...9...10Optimized: 25 visible clusters (0.17%)
Total clusters visible: 14718
Average clusters visible: 107
Building PAS...
Average clusters audible: 137
visdatasize:6032  compressed from 6576
writing e:\dropbox\dropbox\public\coding\vmf\td_styria_a1.bsp
0 seconds elapsed



[Reading texlights from 'lights.rad']
[34 texlights parsed from 'lights.rad']

Loading e:\dropbox\dropbox\public\coding\vmf\td_styria_a1.bsp
627 faces
977041 square feet [140693952.00 square inches]
0 Displacements
0 Square Feet [0.00 Square Inches]
627 patches before subdivision
25005 patches after subdivision
0 direct lights
0...1...2...3...4...5...6...7...8...9...100...1...2...3...4...5...6...7...8...9...10transfers 639420, max 373
transfer lists:   4.9 megs
0...1...2...3...4...5...6...7...8...9...10	Bounce #1 added RGB(0, 0, 0)
Build Patch/Sample Hash Table(s).....Done<0.0147 sec>
0...1...2...3...4...5...6...7...8...9...10FinalLightFace Done
0 of 0 (0% of) surface lights went in leaf ambient cubes.
0...1...2...3...4...5...6...7...8...9...10Writing leaf ambient...done
Ready to Finish

Object names       Objects/Maxobjs  Memory / Maxmem  Fullness 
------------       ---------------  ---------------  -------- 
models                   4/1024          192/49152    ( 0.4%) 
brushes                 30/8192          360/98304    ( 0.4%) 
brushsides             192/65536        1536/524288   ( 0.3%) 
planes                 188/65536        3760/1310720  ( 0.3%) 
vertexes               781/65536        9372/786432   ( 1.2%) 
nodes                  347/65536       11104/2097152  ( 0.5%) 
texinfos                20/12288        1440/884736   ( 0.2%) 
texdata                  5/2048          160/65536    ( 0.2%) 
dispinfos                0/0               0/0        ( 0.0%) 
disp_verts               0/0               0/0        ( 0.0%) 
disp_tris                0/0               0/0        ( 0.0%) 
disp_lmsamples           0/0               0/0        ( 0.0%) 
faces                  627/65536       35112/3670016  ( 1.0%) 
hdr faces                0/65536           0/3670016  ( 0.0%) 
origfaces               85/65536        4760/3670016  ( 0.1%) 
leaves                 352/65536       11264/2097152  ( 0.5%) 
leaffaces              711/65536        1422/131072   ( 1.1%) 
leafbrushes            196/65536         392/131072   ( 0.3%) 
areas                    2/256            16/2048     ( 0.8%) 
surfedges             3100/512000      12400/2048000  ( 0.6%) 
edges                 1593/256000       6372/1024000  ( 0.6%) 
LDR worldlights          0/8192            0/720896   ( 0.0%) 
HDR worldlights          0/8192            0/720896   ( 0.0%) 
leafwaterdata            0/32768           0/393216   ( 0.0%) 
waterstrips             43/32768         430/327680   ( 0.1%) 
waterverts               0/65536           0/786432   ( 0.0%) 
waterindices           546/65536        1092/131072   ( 0.8%) 
cubemapsamples           0/1024            0/16384    ( 0.0%) 
overlays                 0/512             0/180224   ( 0.0%) 
LDR lightdata         [variable]      703256/0        ( 0.0%) 
HDR lightdata         [variable]           0/0        ( 0.0%) 
visdata               [variable]        6032/16777216 ( 0.0%) 
entdata               [variable]        1235/393216   ( 0.3%) 
LDR ambient table      352/65536        1408/262144   ( 0.5%) 
HDR ambient table      352/65536        1408/262144   ( 0.5%) 
LDR leaf ambient       155/65536        4340/1835008  ( 0.2%) 
HDR leaf ambient       352/65536        9856/1835008  ( 0.5%) 
occluders                0/0               0/0        ( 0.0%) 
occluder polygons        0/0               0/0        ( 0.0%) 
occluder vert ind        0/0               0/0        ( 0.0%) 
detail props          [variable]           1/12       ( 8.3%) 
static props          [variable]           1/12       ( 8.3%) 
pakfile               [variable]      105679/0        ( 0.0%) 
physics               [variable]       12108/4194304  ( 0.3%) 
physics terrain       [variable]           2/1048576  ( 0.0%) 

Level flags = 0

Total triangle count: 1502
Writing e:\dropbox\dropbox\public\coding\vmf\td_styria_a1.bsp
2 seconds elapsed



materialPath: E:\Steam\steamapps\common\Team Fortress 2\tf\materials
Loading E:\Dropbox\Dropbox\Public\Coding\vmf\td_styria_a1.vmf
fixing up env_cubemap materials on brush sides...
0...1...2...3...4...5...6...7...8...9...100...1...2...3...4...5...6...7...8...9...10Processing areas...done (0)
Building Faces...done (0)
Chop Details...done (0)
Find Visible Detail Sides...done (0)
Merging details...done (0)
FixTjuncs...
PruneNodes...
WriteBSP...
done (0)
writing E:\Dropbox\Dropbox\Public\Coding\vmf\td_styria_a1.prt...Building visibility clusters...
done (0)
Creating default LDR cubemaps for env_cubemap using skybox materials:
   skybox/sky_day01_01*.vmt
 ! Run buildcubemaps in the engine to get the correct cube maps.
Creating default HDR cubemaps for env_cubemap using skybox materials:
   skybox/sky_day01_01*.vmt
 ! Run buildcubemaps in the engine to get the correct cube maps.
Finding displacement neighbors...
Finding lightmap sample positions...
Displacement Alpha : 0...1...2...3...4...5...6...7...8...9...10
Building Physics collision data...
done (0) (12108 bytes)
Placing detail props : 0...1...2...3...4...5...6...7...8...9...10
Compacting texture/material tables...
Reduced 28 texinfos to 20
Reduced 5 texdatas to 5 (129 bytes to 129)
Writing E:\Dropbox\Dropbox\Public\Coding\vmf\td_styria_a1.bsp
0 seconds elapsed



4 threads
reading e:\dropbox\dropbox\public\coding\vmf\td_styria_a1.bsp
reading e:\dropbox\dropbox\public\coding\vmf\td_styria_a1.prt
 137 portalclusters
 338 numportals
0...1...2...3...4...5...6...7...8...9...10Optimized: 25 visible clusters (0.17%)
Total clusters visible: 14718
Average clusters visible: 107
Building PAS...
Average clusters audible: 137
visdatasize:6032  compressed from 6576
writing e:\dropbox\dropbox\public\coding\vmf\td_styria_a1.bsp
0 seconds elapsed



[Reading texlights from 'lights.rad']
[34 texlights parsed from 'lights.rad']

Loading e:\dropbox\dropbox\public\coding\vmf\td_styria_a1.bsp
627 faces
977079 square feet [140699456.00 square inches]
0 Displacements
0 Square Feet [0.00 Square Inches]
627 patches before subdivision
25005 patches after subdivision
0 direct lights
0...1...2...3...4...5...6...7...8...9...100...1...2...3...4...5...6...7...8...9...10transfers 639414, max 373
transfer lists:   4.9 megs
0...1...2...3...4...5...6...7...8...9...10	Bounce #1 added RGB(0, 0, 0)
Build Patch/Sample Hash Table(s).....Done<0.0179 sec>
0...1...2...3...4...5...6...7...8...9...10FinalLightFace Done
0 of 0 (0% of) surface lights went in leaf ambient cubes.
0...1...2...3...4...5...6...7...8...9...10Writing leaf ambient...done
Ready to Finish

Object names       Objects/Maxobjs  Memory / Maxmem  Fullness 
------------       ---------------  ---------------  -------- 
models                   4/1024          192/49152    ( 0.4%) 
brushes                 30/8192          360/98304    ( 0.4%) 
brushsides             192/65536        1536/524288   ( 0.3%) 
planes                 190/65536        3800/1310720  ( 0.3%) 
vertexes               781/65536        9372/786432   ( 1.2%) 
nodes                  347/65536       11104/2097152  ( 0.5%) 
texinfos                20/12288        1440/884736   ( 0.2%) 
texdata                  5/2048          160/65536    ( 0.2%) 
dispinfos                0/0               0/0        ( 0.0%) 
disp_verts               0/0               0/0        ( 0.0%) 
disp_tris                0/0               0/0        ( 0.0%) 
disp_lmsamples           0/0               0/0        ( 0.0%) 
faces                  627/65536       35112/3670016  ( 1.0%) 
hdr faces                0/65536           0/3670016  ( 0.0%) 
origfaces               85/65536        4760/3670016  ( 0.1%) 
leaves                 352/65536       11264/2097152  ( 0.5%) 
leaffaces              711/65536        1422/131072   ( 1.1%) 
leafbrushes            196/65536         392/131072   ( 0.3%) 
areas                    2/256            16/2048     ( 0.8%) 
surfedges             3100/512000      12400/2048000  ( 0.6%) 
edges                 1593/256000       6372/1024000  ( 0.6%) 
LDR worldlights          0/8192            0/720896   ( 0.0%) 
HDR worldlights          0/8192            0/720896   ( 0.0%) 
leafwaterdata            0/32768           0/393216   ( 0.0%) 
waterstrips             43/32768         430/327680   ( 0.1%) 
waterverts               0/65536           0/786432   ( 0.0%) 
waterindices           546/65536        1092/131072   ( 0.8%) 
cubemapsamples           0/1024            0/16384    ( 0.0%) 
overlays                 0/512             0/180224   ( 0.0%) 
LDR lightdata         [variable]      703256/0        ( 0.0%) 
HDR lightdata         [variable]           0/0        ( 0.0%) 
visdata               [variable]        6032/16777216 ( 0.0%) 
entdata               [variable]        1235/393216   ( 0.3%) 
LDR ambient table      352/65536        1408/262144   ( 0.5%) 
HDR ambient table      352/65536        1408/262144   ( 0.5%) 
LDR leaf ambient       155/65536        4340/1835008  ( 0.2%) 
HDR leaf ambient       352/65536        9856/1835008  ( 0.5%) 
occluders                0/0               0/0        ( 0.0%) 
occluder polygons        0/0               0/0        ( 0.0%) 
occluder vert ind        0/0               0/0        ( 0.0%) 
detail props          [variable]           1/12       ( 8.3%) 
static props          [variable]           1/12       ( 8.3%) 
pakfile               [variable]      105679/0        ( 0.0%) 
physics               [variable]       12108/4194304  ( 0.3%) 
physics terrain       [variable]           2/1048576  ( 0.0%) 

Level flags = 0

Total triangle count: 1502
Writing e:\dropbox\dropbox\public\coding\vmf\td_styria_a1.bsp
2 seconds elapsed



materialPath: E:\Steam\steamapps\common\Team Fortress 2\tf\materials
Loading E:\Dropbox\Dropbox\Public\Coding\vmf\td_styria_a1.vmf
fixing up env_cubemap materials on brush sides...
0...1...2...3...4...5...6...7...8...9...100...1...2...3...4...5...6...7...8...9...10Processing areas...done (0)
Building Faces...done (0)
Chop Details...done (0)
Find Visible Detail Sides...done (0)
Merging details...done (0)
FixTjuncs...
PruneNodes...
WriteBSP...
done (0)
writing E:\Dropbox\Dropbox\Public\Coding\vmf\td_styria_a1.prt...Building visibility clusters...
done (0)
Creating default LDR cubemaps for env_cubemap using skybox materials:
   skybox/sky_day01_01*.vmt
 ! Run buildcubemaps in the engine to get the correct cube maps.
Creating default HDR cubemaps for env_cubemap using skybox materials:
   skybox/sky_day01_01*.vmt
 ! Run buildcubemaps in the engine to get the correct cube maps.
Finding displacement neighbors...
Finding lightmap sample positions...
Displacement Alpha : 0...1...2...3...4...5...6...7...8...9...10
Building Physics collision data...
done (0) (12108 bytes)
Placing detail props : 0...1...2...3...4...5...6...7...8...9...10
Compacting texture/material tables...
Reduced 28 texinfos to 20
Reduced 5 texdatas to 5 (129 bytes to 129)
Writing E:\Dropbox\Dropbox\Public\Coding\vmf\td_styria_a1.bsp
0 seconds elapsed



4 threads
reading e:\dropbox\dropbox\public\coding\vmf\td_styria_a1.bsp
reading e:\dropbox\dropbox\public\coding\vmf\td_styria_a1.prt
 137 portalclusters
 338 numportals
0...1...2...3...4...5...6...7...8...9...10Optimized: 25 visible clusters (0.17%)
Total clusters visible: 14718
Average clusters visible: 107
Building PAS...
Average clusters audible: 137
visdatasize:6032  compressed from 6576
writing e:\dropbox\dropbox\public\coding\vmf\td_styria_a1.bsp
0 seconds elapsed



[Reading texlights from 'lights.rad']
[34 texlights parsed from 'lights.rad']

Loading e:\dropbox\dropbox\public\coding\vmf\td_styria_a1.bsp
627 faces
976942 square feet [140679744.00 square inches]
0 Displacements
0 Square Feet [0.00 Square Inches]
627 patches before subdivision
25005 patches after subdivision
0 direct lights
0...1...2...3...4...5...6...7...8...9...100...1...2...3...4...5...6...7...8...9...10transfers 639427, max 373
transfer lists:   4.9 megs
0...1...2...3...4...5...6...7...8...9...10	Bounce #1 added RGB(0, 0, 0)
Build Patch/Sample Hash Table(s).....Done<0.0165 sec>
0...1...2...3...4...5...6...7...8...9...10FinalLightFace Done
0 of 0 (0% of) surface lights went in leaf ambient cubes.
0...1...2...3...4...5...6...7...8...9...10Writing leaf ambient...done
Ready to Finish

Object names       Objects/Maxobjs  Memory / Maxmem  Fullness 
------------       ---------------  ---------------  -------- 
models                   4/1024          192/49152    ( 0.4%) 
brushes                 30/8192          360/98304    ( 0.4%) 
brushsides             192/65536        1536/524288   ( 0.3%) 
planes                 190/65536        3800/1310720  ( 0.3%) 
vertexes               781/65536        9372/786432   ( 1.2%) 
nodes                  347/65536       11104/2097152  ( 0.5%) 
texinfos                20/12288        1440/884736   ( 0.2%) 
texdata                  5/2048          160/65536    ( 0.2%) 
dispinfos                0/0               0/0        ( 0.0%) 
disp_verts               0/0               0/0        ( 0.0%) 
disp_tris                0/0               0/0        ( 0.0%) 
disp_lmsamples           0/0               0/0        ( 0.0%) 
faces                  627/65536       35112/3670016  ( 1.0%) 
hdr faces                0/65536           0/3670016  ( 0.0%) 
origfaces               85/65536        4760/3670016  ( 0.1%) 
leaves                 352/65536       11264/2097152  ( 0.5%) 
leaffaces              711/65536        1422/131072   ( 1.1%) 
leafbrushes            196/65536         392/131072   ( 0.3%) 
areas                    2/256            16/2048     ( 0.8%) 
surfedges             3100/512000      12400/2048000  ( 0.6%) 
edges                 1593/256000       6372/1024000  ( 0.6%) 
LDR worldlights          0/8192            0/720896   ( 0.0%) 
HDR worldlights          0/8192            0/720896   ( 0.0%) 
leafwaterdata            0/32768           0/393216   ( 0.0%) 
waterstrips             43/32768         430/327680   ( 0.1%) 
waterverts               0/65536           0/786432   ( 0.0%) 
waterindices           546/65536        1092/131072   ( 0.8%) 
cubemapsamples           0/1024            0/16384    ( 0.0%) 
overlays                 0/512             0/180224   ( 0.0%) 
LDR lightdata         [variable]      703256/0        ( 0.0%) 
HDR lightdata         [variable]           0/0        ( 0.0%) 
visdata               [variable]        6032/16777216 ( 0.0%) 
entdata               [variable]        1235/393216   ( 0.3%) 
LDR ambient table      352/65536        1408/262144   ( 0.5%) 
HDR ambient table      352/65536        1408/262144   ( 0.5%) 
LDR leaf ambient       155/65536        4340/1835008  ( 0.2%) 
HDR leaf ambient       352/65536        9856/1835008  ( 0.5%) 
occluders                0/0               0/0        ( 0.0%) 
occluder polygons        0/0               0/0        ( 0.0%) 
occluder vert ind        0/0               0/0        ( 0.0%) 
detail props          [variable]           1/12       ( 8.3%) 
static props          [variable]           1/12       ( 8.3%) 
pakfile               [variable]      105679/0        ( 0.0%) 
physics               [variable]       12108/4194304  ( 0.3%) 
physics terrain       [variable]           2/1048576  ( 0.0%) 

Level flags = 0

Total triangle count: 1502
Writing e:\dropbox\dropbox\public\coding\vmf\td_styria_a1.bsp
2 seconds elapsed



materialPath: E:\Steam\steamapps\common\Team Fortress 2\tf\materials
Loading E:\Dropbox\Dropbox\Public\Coding\vmf\td_styria_a1.vmf
fixing up env_cubemap materials on brush sides...
0...1...2...3...4...5...6...7...8...9...100...1...2...3...4...5...6...7...8...9...10Processing areas...done (0)
Building Faces...done (0)
Chop Details...done (0)
Find Visible Detail Sides...done (0)
Merging details...done (0)
FixTjuncs...
PruneNodes...
WriteBSP...
done (0)
writing E:\Dropbox\Dropbox\Public\Coding\vmf\td_styria_a1.prt...Building visibility clusters...
done (0)
Creating default LDR cubemaps for env_cubemap using skybox materials:
   skybox/sky_day01_01*.vmt
 ! Run buildcubemaps in the engine to get the correct cube maps.
Creating default HDR cubemaps for env_cubemap using skybox materials:
   skybox/sky_day01_01*.vmt
 ! Run buildcubemaps in the engine to get the correct cube maps.
Finding displacement neighbors...
Finding lightmap sample positions...
Displacement Alpha : 0...1...2...3...4...5...6...7...8...9...10
Building Physics collision data...
done (0) (12139 bytes)
Placing detail props : 0...1...2...3...4...5...6...7...8...9...10
Compacting texture/material tables...
Reduced 30 texinfos to 20
Reduced 5 texdatas to 5 (129 bytes to 129)
Writing E:\Dropbox\Dropbox\Public\Coding\vmf\td_styria_a1.bsp
0 seconds elapsed



4 threads
reading e:\dropbox\dropbox\public\coding\vmf\td_styria_a1.bsp
reading e:\dropbox\dropbox\public\coding\vmf\td_styria_a1.prt
 137 portalclusters
 338 numportals
0...1...2...3...4...5...6...7...8...9...10Optimized: 25 visible clusters (0.17%)
Total clusters visible: 14718
Average clusters visible: 107
Building PAS...
Average clusters audible: 137
visdatasize:6032  compressed from 6576
writing e:\dropbox\dropbox\public\coding\vmf\td_styria_a1.bsp
0 seconds elapsed



[Reading texlights from 'lights.rad']
[34 texlights parsed from 'lights.rad']

Loading e:\dropbox\dropbox\public\coding\vmf\td_styria_a1.bsp
627 faces
976081 square feet [140555680.00 square inches]
0 Displacements
0 Square Feet [0.00 Square Inches]
627 patches before subdivision
25005 patches after subdivision
0 direct lights
0...1...2...3...4...5...6...7...8...9...100...1...2...3...4...5...6...7...8...9...10transfers 639408, max 373
transfer lists:   4.9 megs
0...1...2...3...4...5...6...7...8...9...10	Bounce #1 added RGB(0, 0, 0)
Build Patch/Sample Hash Table(s).....Done<0.0135 sec>
0...1...2...3...4...5...6...7...8...9...10FinalLightFace Done
0 of 0 (0% of) surface lights went in leaf ambient cubes.
0...1...2...3...4...5...6...7...8...9...10Writing leaf ambient...done
Ready to Finish

Object names       Objects/Maxobjs  Memory / Maxmem  Fullness 
------------       ---------------  ---------------  -------- 
models                   4/1024          192/49152    ( 0.4%) 
brushes                 30/8192          360/98304    ( 0.4%) 
brushsides             192/65536        1536/524288   ( 0.3%) 
planes                 206/65536        4120/1310720  ( 0.3%) 
vertexes               781/65536        9372/786432   ( 1.2%) 
nodes                  347/65536       11104/2097152  ( 0.5%) 
texinfos                20/12288        1440/884736   ( 0.2%) 
texdata                  5/2048          160/65536    ( 0.2%) 
dispinfos                0/0               0/0        ( 0.0%) 
disp_verts               0/0               0/0        ( 0.0%) 
disp_tris                0/0               0/0        ( 0.0%) 
disp_lmsamples           0/0               0/0        ( 0.0%) 
faces                  627/65536       35112/3670016  ( 1.0%) 
hdr faces                0/65536           0/3670016  ( 0.0%) 
origfaces               85/65536        4760/3670016  ( 0.1%) 
leaves                 352/65536       11264/2097152  ( 0.5%) 
leaffaces              711/65536        1422/131072   ( 1.1%) 
leafbrushes            198/65536         396/131072   ( 0.3%) 
areas                    2/256            16/2048     ( 0.8%) 
surfedges             3100/512000      12400/2048000  ( 0.6%) 
edges                 1593/256000       6372/1024000  ( 0.6%) 
LDR worldlights          0/8192            0/720896   ( 0.0%) 
HDR worldlights          0/8192            0/720896   ( 0.0%) 
leafwaterdata            0/32768           0/393216   ( 0.0%) 
waterstrips             43/32768         430/327680   ( 0.1%) 
waterverts               0/65536           0/786432   ( 0.0%) 
waterindices           546/65536        1092/131072   ( 0.8%) 
cubemapsamples           0/1024            0/16384    ( 0.0%) 
overlays                 0/512             0/180224   ( 0.0%) 
LDR lightdata         [variable]      703256/0        ( 0.0%) 
HDR lightdata         [variable]           0/0        ( 0.0%) 
visdata               [variable]        6032/16777216 ( 0.0%) 
entdata               [variable]        1237/393216   ( 0.3%) 
LDR ambient table      352/65536        1408/262144   ( 0.5%) 
HDR ambient table      352/65536        1408/262144   ( 0.5%) 
LDR leaf ambient       155/65536        4340/1835008  ( 0.2%) 
HDR leaf ambient       352/65536        9856/1835008  ( 0.5%) 
occluders                0/0               0/0        ( 0.0%) 
occluder polygons        0/0               0/0        ( 0.0%) 
occluder vert ind        0/0               0/0        ( 0.0%) 
detail props          [variable]           1/12       ( 8.3%) 
static props          [variable]           1/12       ( 8.3%) 
pakfile               [variable]      105679/0        ( 0.0%) 
physics               [variable]       12139/4194304  ( 0.3%) 
physics terrain       [variable]           2/1048576  ( 0.0%) 

Level flags = 0

Total triangle count: 1502
Writing e:\dropbox\dropbox\public\coding\vmf\td_styria_a1.bsp
2 seconds elapsed
