PRT1
334
1111
4 0 6 (8825.599609 1024 3296 ) (8192 1024 3296 ) (8192 1024 -416 ) (8825.599609 1024 -416 ) 
4 0 3 (8192 1024 -416 ) (8192 1024 3296 ) (8192 1785.599976 3296 ) (8192 1785.599976 -416 ) 
4 0 1 (8825.599609 1024 -416 ) (8192 1024 -416 ) (8192 1785.599976 -416 ) (8825.599609 1785.599976 -416 ) 
4 1 7 (8825.599609 1024 -416 ) (8192 1024 -416 ) (8192 1024 -736 ) (8825.599609 1024 -736 ) 
4 1 4 (8192 1024 -736 ) (8192 1024 -416 ) (8192 1785.599976 -416 ) (8192 1785.599976 -736 ) 
4 1 2 (8192 1785.599976 -736 ) (8825.599609 1785.599976 -736 ) (8825.599609 1024 -736 ) (8192 1024 -736 ) 
4 2 8 (8192 1024 -736 ) (8192 1024 -800 ) (8825.599609 1024 -800 ) (8825.599609 1024 -736 ) 
4 2 5 (8192 1024 -800 ) (8192 1024 -736 ) (8192 1785.599976 -736 ) (8192 1785.599976 -800 ) 
4 3 12 (7168 1024 -416 ) (7168 1024 3296 ) (7168 1785.599976 3296 ) (7168 1785.599976 -416 ) 
4 3 9 (8192 1024 -416 ) (8192 1024 3296 ) (7168 1024 3296 ) (7168 1024 -416 ) 
4 3 4 (8192 1785.599976 -416 ) (8192 1024 -416 ) (7168 1024 -416 ) (7168 1785.599976 -416 ) 
4 4 13 (7168 1024 -736 ) (7168 1024 -416 ) (7168 1785.599976 -416 ) (7168 1785.599976 -736 ) 
4 4 10 (8192 1024 -736 ) (8192 1024 -416 ) (7168 1024 -416 ) (7168 1024 -736 ) 
4 4 5 (8192 1024 -736 ) (7168 1024 -736 ) (7168 1785.599976 -736 ) (8192 1785.599976 -736 ) 
4 5 14 (7168 1024 -800 ) (7168 1024 -736 ) (7168 1785.599976 -736 ) (7168 1785.599976 -800 ) 
4 5 11 (8192 1024 -800 ) (8192 1024 -736 ) (7168 1024 -736 ) (7168 1024 -800 ) 
4 6 30 (8825.599609 0 3296 ) (8192 0 3296 ) (8192 0 -416 ) (8825.599609 0 -416 ) 
4 6 9 (8192 1024 3296 ) (8192 1024 -416 ) (8192 0 -416 ) (8192 0 3296 ) 
4 6 7 (8825.599609 0 -416 ) (8192 0 -416 ) (8192 1024 -416 ) (8825.599609 1024 -416 ) 
4 7 31 (8825.599609 0 -416 ) (8192 0 -416 ) (8192 0 -736 ) (8825.599609 0 -736 ) 
4 7 10 (8192 1024 -416 ) (8192 1024 -736 ) (8192 0 -736 ) (8192 0 -416 ) 
4 7 8 (8192 0 -736 ) (8192 1024 -736 ) (8825.599609 1024 -736 ) (8825.599609 0 -736 ) 
4 8 32 (8192 0 -736 ) (8192 0 -800 ) (8825.599609 0 -800 ) (8825.599609 0 -736 ) 
4 8 11 (8192 1024 -736 ) (8192 1024 -800 ) (8192 0 -800 ) (8192 0 -736 ) 
4 9 33 (8192 0 -416 ) (8192 0 3296 ) (7168 0 3296 ) (7168 0 -416 ) 
4 9 18 (7168 0 -416 ) (7168 0 3296 ) (7168 1024 3296 ) (7168 1024 -416 ) 
4 9 10 (8192 1024 -416 ) (8192 0 -416 ) (7168 0 -416 ) (7168 1024 -416 ) 
4 10 34 (8192 0 -736 ) (8192 0 -416 ) (7168 0 -416 ) (7168 0 -736 ) 
4 10 19 (7168 0 -736 ) (7168 0 -416 ) (7168 1024 -416 ) (7168 1024 -736 ) 
4 10 11 (8192 1024 -736 ) (8192 0 -736 ) (7168 0 -736 ) (7168 1024 -736 ) 
4 11 35 (8192 0 -800 ) (8192 0 -736 ) (7168 0 -736 ) (7168 0 -800 ) 
4 11 20 (7168 0 -800 ) (7168 0 -736 ) (7168 1024 -736 ) (7168 1024 -800 ) 
4 12 18 (7168 1024 -416 ) (7168 1024 3296 ) (6144 1024 3296 ) (6144 1024 -416 ) 
4 12 15 (6144 1785.599976 -416 ) (6144 1024 -416 ) (6144 1024 3296 ) (6144 1785.599976 3296 ) 
4 12 13 (7168 1024 -416 ) (6144 1024 -416 ) (6144 1785.599976 -416 ) (7168 1785.599976 -416 ) 
4 13 19 (7168 1024 -736 ) (7168 1024 -416 ) (6144 1024 -416 ) (6144 1024 -736 ) 
4 13 16 (6144 1024 -736 ) (6144 1024 -416 ) (6144 1785.599976 -416 ) (6144 1785.599976 -736 ) 
4 13 14 (6144 1024 -736 ) (6144 1785.599976 -736 ) (7168 1785.599976 -736 ) (7168 1024 -736 ) 
4 14 20 (7168 1024 -800 ) (7168 1024 -736 ) (6144 1024 -736 ) (6144 1024 -800 ) 
4 14 17 (6144 1785.599976 -800 ) (6144 1024 -800 ) (6144 1024 -736 ) (6144 1785.599976 -736 ) 
4 15 24 (5120 1024 -416 ) (5120 1024 3296 ) (5120 1785.599976 3296 ) (5120 1785.599976 -416 ) 
4 15 21 (5120 1024 3296 ) (5120 1024 -416 ) (6144 1024 -416 ) (6144 1024 3296 ) 
4 15 16 (6144 1785.599976 -416 ) (6144 1024 -416 ) (5120 1024 -416 ) (5120 1785.599976 -416 ) 
4 16 25 (5120 1024 -736 ) (5120 1024 -416 ) (5120 1785.599976 -416 ) (5120 1785.599976 -736 ) 
4 16 22 (5120 1024 -416 ) (5120 1024 -736 ) (6144 1024 -736 ) (6144 1024 -416 ) 
4 16 17 (6144 1024 -736 ) (5120 1024 -736 ) (5120 1785.599976 -736 ) (6144 1785.599976 -736 ) 
4 17 26 (5120 1024 -800 ) (5120 1024 -736 ) (5120 1785.599976 -736 ) (5120 1785.599976 -800 ) 
4 17 23 (5120 1024 -736 ) (5120 1024 -800 ) (6144 1024 -800 ) (6144 1024 -736 ) 
4 18 48 (7168 0 -416 ) (7168 0 3296 ) (6144 0 3296 ) (6144 0 -416 ) 
4 18 21 (6144 1024 3296 ) (6144 1024 -416 ) (6144 0 -416 ) (6144 0 3296 ) 
4 18 19 (6144 1024 -416 ) (7168 1024 -416 ) (7168 0 -416 ) (6144 0 -416 ) 
4 19 49 (7168 0 -736 ) (7168 0 -416 ) (6144 0 -416 ) (6144 0 -736 ) 
4 19 22 (6144 1024 -416 ) (6144 1024 -736 ) (6144 0 -736 ) (6144 0 -416 ) 
4 19 20 (6144 1024 -736 ) (7168 1024 -736 ) (7168 0 -736 ) (6144 0 -736 ) 
4 20 50 (7168 0 -800 ) (7168 0 -736 ) (6144 0 -736 ) (6144 0 -800 ) 
4 20 23 (6144 1024 -736 ) (6144 1024 -800 ) (6144 0 -800 ) (6144 0 -736 ) 
4 21 51 (6144 0 -416 ) (6144 0 3296 ) (5120 0 3296 ) (5120 0 -416 ) 
4 21 27 (5120 0 -416 ) (5120 0 3296 ) (5120 1024 3296 ) (5120 1024 -416 ) 
4 21 22 (5120 0 -416 ) (5120 1024 -416 ) (6144 1024 -416 ) (6144 0 -416 ) 
4 22 52 (6144 0 -736 ) (6144 0 -416 ) (5120 0 -416 ) (5120 0 -736 ) 
4 22 28 (5120 0 -736 ) (5120 0 -416 ) (5120 1024 -416 ) (5120 1024 -736 ) 
4 22 23 (5120 0 -736 ) (5120 1024 -736 ) (6144 1024 -736 ) (6144 0 -736 ) 
4 23 53 (6144 0 -800 ) (6144 0 -736 ) (5120 0 -736 ) (5120 0 -800 ) 
4 23 29 (5120 0 -800 ) (5120 0 -736 ) (5120 1024 -736 ) (5120 1024 -800 ) 
4 24 27 (5120 1024 -416 ) (5120 1024 3296 ) (4729.600586 1024 3296 ) (4729.600586 1024 -416 ) 
4 24 25 (5120 1024 -416 ) (4729.600586 1024 -416 ) (4729.600586 1785.599976 -416 ) (5120 1785.599976 -416 ) 
4 25 28 (5120 1024 -736 ) (5120 1024 -416 ) (4729.600586 1024 -416 ) (4729.600586 1024 -736 ) 
4 25 26 (5120 1024 -736 ) (4729.600586 1024 -736 ) (4729.600586 1785.599976 -736 ) (5120 1785.599976 -736 ) 
4 26 29 (5120 1024 -800 ) (5120 1024 -736 ) (4729.600586 1024 -736 ) (4729.600586 1024 -800 ) 
4 27 60 (5120 0 -416 ) (5120 0 3296 ) (4729.600586 0 3296 ) (4729.600586 0 -416 ) 
4 27 28 (5120 0 -416 ) (4729.600586 0 -416 ) (4729.600586 1024 -416 ) (5120 1024 -416 ) 
4 28 61 (5120 0 -736 ) (5120 0 -416 ) (4729.600586 0 -416 ) (4729.600586 0 -736 ) 
4 28 29 (4729.600586 0 -736 ) (4729.600586 1024 -736 ) (5120 1024 -736 ) (5120 0 -736 ) 
4 29 62 (5120 0 -800 ) (5120 0 -736 ) (4729.600586 0 -736 ) (4729.600586 0 -800 ) 
4 30 36 (8825.599609 -1024 3296 ) (8192 -1024 3296 ) (8192 -1024 -416 ) (8825.599609 -1024 -416 ) 
4 30 33 (8192 0 3296 ) (8192 0 -416 ) (8192 -1024 -416 ) (8192 -1024 3296 ) 
4 30 31 (8825.599609 -1024 -416 ) (8192 -1024 -416 ) (8192 0 -416 ) (8825.599609 0 -416 ) 
4 31 37 (8825.599609 -1024 -416 ) (8192 -1024 -416 ) (8192 -1024 -736 ) (8825.599609 -1024 -736 ) 
4 31 34 (8192 0 -416 ) (8192 0 -736 ) (8192 -1024 -736 ) (8192 -1024 -416 ) 
4 31 32 (8192 -1024 -736 ) (8192 0 -736 ) (8825.599609 0 -736 ) (8825.599609 -1024 -736 ) 
4 32 38 (8192 -1024 -736 ) (8192 -1024 -800 ) (8825.599609 -1024 -800 ) (8825.599609 -1024 -736 ) 
4 32 35 (8192 0 -736 ) (8192 0 -800 ) (8192 -1024 -800 ) (8192 -1024 -736 ) 
4 33 48 (7168 0 3296 ) (7168 0 -416 ) (7168 -1024 -416 ) (7168 -1024 3296 ) 
4 33 39 (8192 -1024 -416 ) (8192 -1024 3296 ) (7168 -1024 3296 ) (7168 -1024 -416 ) 
4 33 34 (7168 0 -416 ) (8192 0 -416 ) (8192 -1024 -416 ) (7168 -1024 -416 ) 
4 34 49 (7168 0 -416 ) (7168 0 -736 ) (7168 -1024 -736 ) (7168 -1024 -416 ) 
4 34 40 (8192 -1024 -736 ) (8192 -1024 -416 ) (7168 -1024 -416 ) (7168 -1024 -736 ) 
4 34 35 (7168 0 -736 ) (8192 0 -736 ) (8192 -1024 -736 ) (7168 -1024 -736 ) 
4 35 50 (7168 0 -736 ) (7168 0 -800 ) (7168 -1024 -800 ) (7168 -1024 -736 ) 
4 35 41 (8192 -1024 -800 ) (8192 -1024 -736 ) (7168 -1024 -736 ) (7168 -1024 -800 ) 
4 36 42 (8825.599609 -2048 3296 ) (8192 -2048 3296 ) (8192 -2048 -416 ) (8825.599609 -2048 -416 ) 
4 36 39 (8192 -1024 3296 ) (8192 -1024 -416 ) (8192 -2048 -416 ) (8192 -2048 3296 ) 
4 36 37 (8825.599609 -2048 -416 ) (8192 -2048 -416 ) (8192 -1024 -416 ) (8825.599609 -1024 -416 ) 
4 37 43 (8825.599609 -2048 -416 ) (8192 -2048 -416 ) (8192 -2048 -736 ) (8825.599609 -2048 -736 ) 
4 37 40 (8192 -1024 -416 ) (8192 -1024 -736 ) (8192 -2048 -736 ) (8192 -2048 -416 ) 
4 37 38 (8192 -2048 -736 ) (8192 -1024 -736 ) (8825.599609 -1024 -736 ) (8825.599609 -2048 -736 ) 
4 38 44 (8192 -2048 -736 ) (8192 -2048 -800 ) (8825.599609 -2048 -800 ) (8825.599609 -2048 -736 ) 
4 38 41 (8192 -1024 -736 ) (8192 -1024 -800 ) (8192 -2048 -800 ) (8192 -2048 -736 ) 
4 39 54 (7168 -2048 -416 ) (7168 -2048 3296 ) (7168 -1024 3296 ) (7168 -1024 -416 ) 
4 39 45 (8192 -2048 -416 ) (8192 -2048 3296 ) (7168 -2048 3296 ) (7168 -2048 -416 ) 
4 39 40 (8192 -1024 -416 ) (8192 -2048 -416 ) (7168 -2048 -416 ) (7168 -1024 -416 ) 
4 40 55 (7168 -2048 -736 ) (7168 -2048 -416 ) (7168 -1024 -416 ) (7168 -1024 -736 ) 
4 40 46 (8192 -2048 -736 ) (8192 -2048 -416 ) (7168 -2048 -416 ) (7168 -2048 -736 ) 
4 40 41 (8192 -1024 -736 ) (8192 -2048 -736 ) (7168 -2048 -736 ) (7168 -1024 -736 ) 
4 41 56 (7168 -2048 -800 ) (7168 -2048 -736 ) (7168 -1024 -736 ) (7168 -1024 -800 ) 
4 41 47 (8192 -2048 -800 ) (8192 -2048 -736 ) (7168 -2048 -736 ) (7168 -2048 -800 ) 
4 42 45 (8192 -2048 3296 ) (8192 -2048 -416 ) (8192 -2310.399902 -416 ) (8192 -2310.399902 3296 ) 
4 42 43 (8192 -2310.399902 -416 ) (8192 -2048 -416 ) (8825.599609 -2048 -416 ) (8825.599609 -2310.399902 -416 ) 
4 43 46 (8192 -2048 -416 ) (8192 -2048 -736 ) (8192 -2310.399902 -736 ) (8192 -2310.399902 -416 ) 
4 43 44 (8825.599609 -2310.399902 -736 ) (8192 -2310.399902 -736 ) (8192 -2048 -736 ) (8825.599609 -2048 -736 ) 
4 44 47 (8192 -2048 -736 ) (8192 -2048 -800 ) (8192 -2310.399902 -800 ) (8192 -2310.399902 -736 ) 
4 45 66 (7168 -2310.399902 3296 ) (7168 -2048 3296 ) (7168 -2048 -416 ) (7168 -2310.399902 -416 ) 
4 45 46 (8192 -2048 -416 ) (8192 -2310.399902 -416 ) (7168 -2310.399902 -416 ) (7168 -2048 -416 ) 
4 46 67 (7168 -2310.399902 -416 ) (7168 -2048 -416 ) (7168 -2048 -736 ) (7168 -2310.399902 -736 ) 
4 46 47 (8192 -2310.399902 -736 ) (7168 -2310.399902 -736 ) (7168 -2048 -736 ) (8192 -2048 -736 ) 
4 47 68 (7168 -2048 -736 ) (7168 -2048 -800 ) (7168 -2310.399902 -800 ) (7168 -2310.399902 -736 ) 
4 48 54 (7168 -1024 -416 ) (7168 -1024 3296 ) (6144 -1024 3296 ) (6144 -1024 -416 ) 
4 48 51 (6144 0 3296 ) (6144 0 -416 ) (6144 -1024 -416 ) (6144 -1024 3296 ) 
4 48 49 (7168 -1024 -416 ) (6144 -1024 -416 ) (6144 0 -416 ) (7168 0 -416 ) 
4 49 55 (7168 -1024 -736 ) (7168 -1024 -416 ) (6144 -1024 -416 ) (6144 -1024 -736 ) 
4 49 52 (6144 0 -416 ) (6144 0 -736 ) (6144 -1024 -736 ) (6144 -1024 -416 ) 
4 49 50 (7168 -1024 -736 ) (6144 -1024 -736 ) (6144 0 -736 ) (7168 0 -736 ) 
4 50 56 (7168 -1024 -800 ) (7168 -1024 -736 ) (6144 -1024 -736 ) (6144 -1024 -800 ) 
4 50 53 (6144 0 -736 ) (6144 0 -800 ) (6144 -1024 -800 ) (6144 -1024 -736 ) 
4 51 60 (5120 0 3296 ) (5120 0 -416 ) (5120 -1024 -416 ) (5120 -1024 3296 ) 
4 51 57 (6144 -1024 -416 ) (6144 -1024 3296 ) (5120 -1024 3296 ) (5120 -1024 -416 ) 
4 51 52 (5120 0 -416 ) (6144 0 -416 ) (6144 -1024 -416 ) (5120 -1024 -416 ) 
4 52 61 (5120 0 -416 ) (5120 0 -736 ) (5120 -1024 -736 ) (5120 -1024 -416 ) 
4 52 58 (6144 -1024 -736 ) (6144 -1024 -416 ) (5120 -1024 -416 ) (5120 -1024 -736 ) 
4 52 53 (5120 0 -736 ) (6144 0 -736 ) (6144 -1024 -736 ) (5120 -1024 -736 ) 
4 53 62 (5120 0 -736 ) (5120 0 -800 ) (5120 -1024 -800 ) (5120 -1024 -736 ) 
4 53 59 (6144 -1024 -800 ) (6144 -1024 -736 ) (5120 -1024 -736 ) (5120 -1024 -800 ) 
4 54 66 (7168 -2048 -416 ) (7168 -2048 3296 ) (6144 -2048 3296 ) (6144 -2048 -416 ) 
4 54 57 (6144 -1024 3296 ) (6144 -1024 -416 ) (6144 -2048 -416 ) (6144 -2048 3296 ) 
4 54 55 (7168 -2048 -416 ) (6144 -2048 -416 ) (6144 -1024 -416 ) (7168 -1024 -416 ) 
4 55 67 (7168 -2048 -736 ) (7168 -2048 -416 ) (6144 -2048 -416 ) (6144 -2048 -736 ) 
4 55 58 (6144 -1024 -416 ) (6144 -1024 -736 ) (6144 -2048 -736 ) (6144 -2048 -416 ) 
4 55 56 (7168 -2048 -736 ) (6144 -2048 -736 ) (6144 -1024 -736 ) (7168 -1024 -736 ) 
4 56 68 (7168 -2048 -800 ) (7168 -2048 -736 ) (6144 -2048 -736 ) (6144 -2048 -800 ) 
4 56 59 (6144 -1024 -736 ) (6144 -1024 -800 ) (6144 -2048 -800 ) (6144 -2048 -736 ) 
4 57 69 (6144 -2048 -416 ) (6144 -2048 3296 ) (5120 -2048 3296 ) (5120 -2048 -416 ) 
4 57 63 (5120 -2048 -416 ) (5120 -2048 3296 ) (5120 -1024 3296 ) (5120 -1024 -416 ) 
4 57 58 (6144 -1024 -416 ) (6144 -2048 -416 ) (5120 -2048 -416 ) (5120 -1024 -416 ) 
4 58 70 (6144 -2048 -736 ) (6144 -2048 -416 ) (5120 -2048 -416 ) (5120 -2048 -736 ) 
4 58 64 (5120 -2048 -736 ) (5120 -2048 -416 ) (5120 -1024 -416 ) (5120 -1024 -736 ) 
4 58 59 (6144 -1024 -736 ) (6144 -2048 -736 ) (5120 -2048 -736 ) (5120 -1024 -736 ) 
4 59 71 (6144 -2048 -800 ) (6144 -2048 -736 ) (5120 -2048 -736 ) (5120 -2048 -800 ) 
4 59 65 (5120 -2048 -800 ) (5120 -2048 -736 ) (5120 -1024 -736 ) (5120 -1024 -800 ) 
4 60 63 (5120 -1024 -416 ) (5120 -1024 3296 ) (4729.600586 -1024 3296 ) (4729.600586 -1024 -416 ) 
4 60 61 (5120 -1024 -416 ) (4729.600586 -1024 -416 ) (4729.600586 0 -416 ) (5120 0 -416 ) 
4 61 64 (5120 -1024 -736 ) (5120 -1024 -416 ) (4729.600586 -1024 -416 ) (4729.600586 -1024 -736 ) 
4 61 62 (4729.600586 -1024 -736 ) (4729.600586 0 -736 ) (5120 0 -736 ) (5120 -1024 -736 ) 
4 62 65 (5120 -1024 -800 ) (5120 -1024 -736 ) (4729.600586 -1024 -736 ) (4729.600586 -1024 -800 ) 
4 63 72 (5120 -2048 -416 ) (5120 -2048 3296 ) (4729.600586 -2048 3296 ) (4729.600586 -2048 -416 ) 
4 63 64 (4729.600586 -1024 -416 ) (5120 -1024 -416 ) (5120 -2048 -416 ) (4729.600586 -2048 -416 ) 
4 64 73 (5120 -2048 -736 ) (5120 -2048 -416 ) (4729.600586 -2048 -416 ) (4729.600586 -2048 -736 ) 
4 64 65 (5120 -2048 -736 ) (4729.600586 -2048 -736 ) (4729.600586 -1024 -736 ) (5120 -1024 -736 ) 
4 65 74 (5120 -2048 -800 ) (5120 -2048 -736 ) (4729.600586 -2048 -736 ) (4729.600586 -2048 -800 ) 
4 66 69 (6144 -2048 3296 ) (6144 -2048 -416 ) (6144 -2310.399902 -416 ) (6144 -2310.399902 3296 ) 
4 66 67 (6144 -2310.399902 -416 ) (6144 -2048 -416 ) (7168 -2048 -416 ) (7168 -2310.399902 -416 ) 
4 67 70 (6144 -2048 -416 ) (6144 -2048 -736 ) (6144 -2310.399902 -736 ) (6144 -2310.399902 -416 ) 
4 67 68 (7168 -2310.399902 -736 ) (6144 -2310.399902 -736 ) (6144 -2048 -736 ) (7168 -2048 -736 ) 
4 68 71 (6144 -2048 -736 ) (6144 -2048 -800 ) (6144 -2310.399902 -800 ) (6144 -2310.399902 -736 ) 
4 69 72 (5120 -2048 3296 ) (5120 -2048 -416 ) (5120 -2310.399902 -416 ) (5120 -2310.399902 3296 ) 
4 69 70 (5120 -2048 -416 ) (6144 -2048 -416 ) (6144 -2310.399902 -416 ) (5120 -2310.399902 -416 ) 
4 70 73 (5120 -2048 -416 ) (5120 -2048 -736 ) (5120 -2310.399902 -736 ) (5120 -2310.399902 -416 ) 
4 70 71 (6144 -2310.399902 -736 ) (5120 -2310.399902 -736 ) (5120 -2048 -736 ) (6144 -2048 -736 ) 
4 71 74 (5120 -2048 -736 ) (5120 -2048 -800 ) (5120 -2310.399902 -800 ) (5120 -2310.399902 -736 ) 
4 72 73 (4729.600586 -2310.399902 -416 ) (4729.600586 -2048 -416 ) (5120 -2048 -416 ) (5120 -2310.399902 -416 ) 
4 73 74 (5120 -2310.399902 -736 ) (4729.600586 -2310.399902 -736 ) (4729.600586 -2048 -736 ) (5120 -2048 -736 ) 
4 75 100 (2048 1024 -768 ) (2048 1024 -376 ) (2048 1440 -376 ) (2048 1440 -768 ) 
4 75 99 (2048 1440 -376 ) (2048 1612.800171 -376 ) (2048 1612.800171 -768 ) (2048 1440 -768 ) 
4 75 93 (2048 1024 -376 ) (2048 1024 -220 ) (2048 1056 -220 ) (2048 1056 -376 ) 
4 75 86 (2048 1056 -220 ) (2048 1124 -220 ) (2048 1124 -376 ) (2048 1056 -376 ) 
4 75 83 (2048 1124 -220 ) (2048 1612.800171 -220 ) (2048 1612.800171 -376 ) (2048 1124 -376 ) 
5 75 80 (2048 1024 -102.929428 ) (2048 1024 768 ) (2048 1612.800171 768 ) (2048 1612.800171 -220 ) (2048 1120.232056 -220 ) 
3 75 77 (2048 1024 -220 ) (2048 1024 -102.929428 ) (2048 1120.232056 -220 ) 
4 75 76 (2150.399902 1024 768 ) (2048 1024 768 ) (2048 1024 -768 ) (2150.399902 1024 -768 ) 
4 76 249 (2150.399902 0 768 ) (2048 0 768 ) (2048 0 -768 ) (2150.399902 0 -768 ) 
4 76 148 (2048 0 -768 ) (2048 0 -480 ) (2048 1024 -480 ) (2048 1024 -768 ) 
4 76 146 (2048 0 -480 ) (2048 0 -444 ) (2048 352 -444 ) (2048 352 -480 ) 
4 76 144 (2048 352 -444 ) (2048 512 -444 ) (2048 512 -480 ) (2048 352 -480 ) 
4 76 142 (2048 512 -444 ) (2048 1024 -444 ) (2048 1024 -480 ) (2048 512 -480 ) 
4 76 141 (2048 0 -444 ) (2048 0 -376 ) (2048 1024 -376 ) (2048 1024 -444 ) 
4 76 131 (2048 0 -376 ) (2048 0 -220 ) (2048 868 -220 ) (2048 868 -376 ) 
4 76 125 (2048 868 -220 ) (2048 876 -220 ) (2048 876 -376 ) (2048 868 -376 ) 
4 76 123 (2048 876 -220 ) (2048 1024 -220 ) (2048 1024 -376 ) (2048 876 -376 ) 
3 76 120 (2048 992 -64 ) (2048 1024 -64 ) (2048 1024 -102.929398 ) 
5 76 114 (2048 0 -220 ) (2048 0 -64 ) (2048 992 -64 ) (2048 1024 -102.929398 ) (2048 1024 -220 ) 
4 76 113 (2048 0 -64 ) (2048 0 768 ) (2048 1024 768 ) (2048 1024 -64 ) 
4 77 116 (1512 1024 -102.929443 ) (1504 1024 -102.929443 ) (1504 1024 -220 ) (1512 1024 -220 ) 
4 77 114 (2048 1024 -220 ) (2048 1024 -102.929436 ) (1512 1024 -102.929443 ) (1512 1024 -220 ) 
4 77 93 (2048 1056 -220 ) (2048 1024 -220 ) (1504 1024 -220 ) (1504 1056 -220 ) 
4 77 87 (1504 1120.232056 -220 ) (1512 1120.232056 -220 ) (1512 1056 -220 ) (1504 1056 -220 ) 
4 77 86 (1512 1120.232056 -220 ) (2048 1120.231934 -220 ) (2048 1056 -220 ) (1512 1056 -220 ) 
4 77 80 (2048 1120.234375 -220 ) (1512 1120.234375 -220 ) (1512 1024 -102.926132 ) (2048 1024 -102.926125 ) 
4 78 117 (1496 1024 -102.929443 ) (1296 1024 -102.929443 ) (1296 1024 -220 ) (1496 1024 -220 ) 
4 78 94 (1496 1056 -220 ) (1496 1024 -220 ) (1296 1024 -220 ) (1296 1056 -220 ) 
4 78 89 (1496 1116 -220 ) (1496 1056 -220 ) (1296 1056 -220 ) (1296 1116 -220 ) 
4 79 118 (1288 1024 -102.929443 ) (1280 1024 -102.929443 ) (1280 1024 -220 ) (1288 1024 -220 ) 
4 79 119 (1280 1024 -102.929443 ) (1024 1024 -102.929443 ) (1024 1024 -220 ) (1280 1024 -220 ) 
3 79 109 (1024 1024 -220 ) (1024 1024 -102.929436 ) (1024 1120.231934 -220 ) 
4 79 98 (1024 1024 -220 ) (1024 1056 -220 ) (1288 1056 -220 ) (1288 1024 -220 ) 
4 79 90 (1280 1120.232056 -220 ) (1288 1120.232056 -220 ) (1288 1056 -220 ) (1280 1056 -220 ) 
4 79 92 (1024 1056 -220 ) (1024 1120.232056 -220 ) (1280 1120.232056 -220 ) (1280 1056 -220 ) 
4 79 82 (1280 1120.234375 -220 ) (1024 1120.234375 -220 ) (1024 1024 -102.926132 ) (1280 1024 -102.926132 ) 
4 80 120 (2048 1024 -102.929436 ) (2048 1024 -64 ) (1512 1024 -64 ) (1512 1024 -102.929443 ) 
4 80 113 (2048 1024 -64 ) (2048 1024 768 ) (1512 1024 768 ) (1512 1024 -64 ) 
4 80 86 (2048 1124 -220 ) (2048 1120.231934 -220 ) (1512 1120.232056 -220 ) (1512 1124 -220 ) 
4 80 83 (1512 1612.800171 -220 ) (2048 1612.800171 -220 ) (2048 1124 -220 ) (1512 1124 -220 ) 
5 80 81 (1512 1612.800171 768 ) (1512 1612.800171 -220 ) (1512 1128.711914 -220 ) (1512 1024 -92.613113 ) (1512 1024 768 ) 
4 81 121 (1280 1024 -64 ) (1280 1024 -92.613159 ) (1512 1024 -92.613205 ) (1512 1024 -64 ) 
4 81 113 (1512 1024 768 ) (1280 1024 768 ) (1280 1024 -64 ) (1512 1024 -64 ) 
4 81 84 (1280 1612.800171 -220 ) (1512 1612.800171 -220 ) (1512 1128.712036 -220 ) (1280 1128.712036 -220 ) 
5 81 82 (1280 1612.800171 768 ) (1280 1612.800171 -220 ) (1280 1128.711914 -220 ) (1280 1024 -92.613113 ) (1280 1024 768 ) 
4 82 122 (1024 1024 -64 ) (1024 1024 -102.929443 ) (1280 1024 -102.929443 ) (1280 1024 -64 ) 
4 82 113 (1280 1024 768 ) (1024 1024 768 ) (1024 1024 -64 ) (1280 1024 -64 ) 
5 82 109 (1024 1024 -102.929436 ) (1024 1024 768 ) (1024 1280 768 ) (1024 1280 -220 ) (1024 1120.231934 -220 ) 
4 82 107 (1024 1280 768 ) (1024 1440 768 ) (1024 1440 -220 ) (1024 1280 -220 ) 
4 82 106 (1024 1440 768 ) (1024 1612.800171 768 ) (1024 1612.800171 -220 ) (1024 1440 -220 ) 
4 82 92 (1024 1120.232056 -220 ) (1024 1612.800171 -220 ) (1280 1612.800171 -220 ) (1280 1120.232056 -220 ) 
4 83 103 (1512 1280 -376 ) (1512 1440 -376 ) (1792 1440 -376 ) (1792 1280 -376 ) 
4 83 105 (1792 1124 -376 ) (1512 1124 -376 ) (1512 1280 -376 ) (1792 1280 -376 ) 
4 83 101 (1952 1124 -376 ) (1792 1124 -376 ) (1792 1440 -376 ) (1952 1440 -376 ) 
4 83 100 (2048 1440 -376 ) (2048 1124 -376 ) (1952 1124 -376 ) (1952 1440 -376 ) 
4 83 99 (1512 1612.800171 -376 ) (2048 1612.800171 -376 ) (2048 1440 -376 ) (1512 1440 -376 ) 
4 83 86 (1512 1124 -376 ) (2048 1124 -376 ) (2048 1124 -220 ) (1512 1124 -220 ) 
4 83 84 (1512 1612.800171 -220 ) (1512 1612.800171 -224 ) (1512 1132 -224 ) (1512 1128.711914 -220 ) 
4 83 85 (1512 1612.800171 -224 ) (1512 1612.800171 -376 ) (1512 1124 -376 ) (1512 1124 -224 ) 
4 84 85 (1512 1612.800171 -224 ) (1512 1132 -224 ) (1280 1132 -224 ) (1280 1612.800171 -224 ) 
4 84 92 (1280 1612.800171 -220 ) (1280 1612.800171 -224 ) (1280 1132 -224 ) (1280 1128.711914 -220 ) 
4 85 103 (1512 1440 -376 ) (1512 1280 -376 ) (1280 1280 -376 ) (1280 1440 -376 ) 
4 85 105 (1512 1280 -376 ) (1512 1124 -376 ) (1280 1124 -376 ) (1280 1280 -376 ) 
4 85 99 (1280 1612.800171 -376 ) (1512 1612.800171 -376 ) (1512 1440 -376 ) (1280 1440 -376 ) 
4 85 91 (1280 1124 -224 ) (1280 1124 -376 ) (1288 1124 -376 ) (1288 1124 -224 ) 
4 85 88 (1504 1124 -376 ) (1512 1124 -376 ) (1512 1124 -224 ) (1504 1124 -224 ) 
4 85 92 (1280 1612.800171 -224 ) (1280 1612.800171 -376 ) (1280 1124 -376 ) (1280 1124 -224 ) 
4 86 105 (1792 1056 -376 ) (1512 1056 -376 ) (1512 1124 -376 ) (1792 1124 -376 ) 
4 86 101 (1952 1056 -376 ) (1792 1056 -376 ) (1792 1124 -376 ) (1952 1124 -376 ) 
4 86 100 (2048 1124 -376 ) (2048 1056 -376 ) (1952 1056 -376 ) (1952 1124 -376 ) 
4 86 93 (1512 1056 -376 ) (2048 1056 -376 ) (2048 1056 -220 ) (1512 1056 -220 ) 
4 86 88 (1512 1124 -224 ) (1512 1124 -376 ) (1512 1056 -376 ) (1512 1056 -224 ) 
4 86 87 (1512 1123.520020 -224 ) (1512 1056 -224 ) (1512 1056 -220 ) (1512 1120.231934 -220 ) 
4 87 93 (1512 1056 -224 ) (1512 1056 -220 ) (1504 1056 -220 ) (1504 1056 -224 ) 
4 87 88 (1512 1123.520020 -224 ) (1512 1056 -224 ) (1504 1056 -224 ) (1504 1123.520020 -224 ) 
4 88 105 (1512 1056 -376 ) (1504 1056 -376 ) (1504 1124 -376 ) (1512 1124 -376 ) 
4 88 93 (1504 1056 -376 ) (1512 1056 -376 ) (1512 1056 -224 ) (1504 1056 -224 ) 
4 89 105 (1496 1056 -376 ) (1296 1056 -376 ) (1296 1116 -376 ) (1496 1116 -376 ) 
4 89 97 (1296 1056 -376 ) (1496 1056 -376 ) (1496 1056 -320 ) (1296 1056 -320 ) 
4 89 95 (1496 1056 -320 ) (1496 1056 -256 ) (1296 1056 -256 ) (1296 1056 -320 ) 
4 89 94 (1496 1056 -256 ) (1496 1056 -220 ) (1296 1056 -220 ) (1296 1056 -256 ) 
4 90 98 (1288 1056 -220 ) (1280 1056 -220 ) (1280 1056 -224 ) (1288 1056 -224 ) 
4 90 91 (1280 1056 -224 ) (1280 1123.520020 -224 ) (1288 1123.520020 -224 ) (1288 1056 -224 ) 
4 90 92 (1280 1056 -224 ) (1280 1056 -220 ) (1280 1120.231934 -220 ) (1280 1123.520020 -224 ) 
4 91 105 (1288 1056 -376 ) (1280 1056 -376 ) (1280 1124 -376 ) (1288 1124 -376 ) 
4 91 98 (1280 1056 -376 ) (1288 1056 -376 ) (1288 1056 -224 ) (1280 1056 -224 ) 
4 91 92 (1280 1124 -376 ) (1280 1056 -376 ) (1280 1056 -224 ) (1280 1124 -224 ) 
4 92 109 (1024 1056 -220 ) (1024 1280 -220 ) (1024 1280 -376 ) (1024 1056 -376 ) 
4 92 107 (1024 1280 -220 ) (1024 1440 -220 ) (1024 1440 -376 ) (1024 1280 -376 ) 
4 92 106 (1024 1440 -220 ) (1024 1612.800171 -220 ) (1024 1612.800171 -376 ) (1024 1440 -376 ) 
4 92 103 (1024 1280 -376 ) (1024 1440 -376 ) (1280 1440 -376 ) (1280 1280 -376 ) 
4 92 105 (1024 1056 -376 ) (1024 1280 -376 ) (1280 1280 -376 ) (1280 1056 -376 ) 
4 92 99 (1024 1440 -376 ) (1024 1612.800171 -376 ) (1280 1612.800171 -376 ) (1280 1440 -376 ) 
4 92 98 (1024 1056 -376 ) (1280 1056 -376 ) (1280 1056 -220 ) (1024 1056 -220 ) 
4 93 123 (2048 1024 -376 ) (2048 1024 -220 ) (1504 1024 -220 ) (1504 1024 -376 ) 
4 93 105 (1792 1024 -376 ) (1504 1024 -376 ) (1504 1056 -376 ) (1792 1056 -376 ) 
4 93 101 (1952 1024 -376 ) (1792 1024 -376 ) (1792 1056 -376 ) (1952 1056 -376 ) 
4 93 100 (2048 1024 -376 ) (1952 1024 -376 ) (1952 1056 -376 ) (2048 1056 -376 ) 
4 94 124 (1496 1024 -220 ) (1296 1024 -220 ) (1296 1024 -256 ) (1496 1024 -256 ) 
4 94 95 (1296 1056 -256 ) (1496 1056 -256 ) (1496 1024 -256 ) (1296 1024 -256 ) 
4 95 124 (1296 1024 -320 ) (1496 1024 -320 ) (1496 1024 -256 ) (1296 1024 -256 ) 
4 95 97 (1296 1056 -320 ) (1496 1056 -320 ) (1496 1024 -320 ) (1296 1024 -320 ) 
4 95 96 (1296 1056 -320 ) (1296 1024 -320 ) (1296 1024 -256 ) (1296 1056 -256 ) 
4 96 134 (1288 1024 -256 ) (1288 1024 -320 ) (1296 1024 -320 ) (1296 1024 -256 ) 
4 96 98 (1288 1056 -256 ) (1288 1056 -320 ) (1288 1024 -320 ) (1288 1024 -256 ) 
4 97 124 (1296 1024 -376 ) (1496 1024 -376 ) (1496 1024 -320 ) (1296 1024 -320 ) 
4 97 105 (1496 1024 -376 ) (1296 1024 -376 ) (1296 1056 -376 ) (1496 1056 -376 ) 
4 98 135 (1288 1024 -220 ) (1024 1024 -220 ) (1024 1024 -376 ) (1288 1024 -376 ) 
4 98 109 (1024 1024 -376 ) (1024 1024 -220 ) (1024 1056 -220 ) (1024 1056 -376 ) 
4 98 105 (1288 1024 -376 ) (1024 1024 -376 ) (1024 1056 -376 ) (1288 1056 -376 ) 
4 99 112 (1024 1612.800171 -480 ) (1024 1612.800171 -768 ) (1024 1440 -768 ) (1024 1440 -480 ) 
4 99 106 (1024 1440 -376 ) (1024 1612.800171 -376 ) (1024 1612.800171 -480 ) (1024 1440 -480 ) 
4 99 103 (1792 1440 -444 ) (1792 1440 -376 ) (1024 1440 -376 ) (1024 1440 -444 ) 
4 99 104 (1024 1440 -768 ) (1792 1440 -768 ) (1792 1440 -480 ) (1024 1440 -480 ) 
4 99 101 (1952 1440 -444 ) (1952 1440 -376 ) (1792 1440 -376 ) (1792 1440 -444 ) 
4 99 102 (1792 1440 -768 ) (1952 1440 -768 ) (1952 1440 -480 ) (1792 1440 -480 ) 
4 99 100 (1952 1440 -768 ) (2048 1440 -768 ) (2048 1440 -376 ) (1952 1440 -376 ) 
4 100 148 (2048 1024 -768 ) (2048 1024 -480 ) (1952 1024 -480 ) (1952 1024 -768 ) 
4 100 142 (2048 1024 -480 ) (2048 1024 -444 ) (1952 1024 -444 ) (1952 1024 -480 ) 
4 100 141 (2048 1024 -444 ) (2048 1024 -376 ) (1952 1024 -376 ) (1952 1024 -444 ) 
4 100 101 (1952 1440 -376 ) (1952 1440 -444 ) (1952 1024 -444 ) (1952 1024 -376 ) 
4 100 102 (1952 1440 -480 ) (1952 1440 -768 ) (1952 1024 -768 ) (1952 1024 -480 ) 
4 101 141 (1952 1024 -376 ) (1792 1024 -376 ) (1792 1024 -444 ) (1952 1024 -444 ) 
4 101 103 (1792 1440 -376 ) (1792 1440 -444 ) (1792 1280 -444 ) (1792 1280 -376 ) 
4 101 105 (1792 1280 -444 ) (1792 1024 -444 ) (1792 1024 -376 ) (1792 1280 -376 ) 
4 102 148 (1792 1024 -480 ) (1792 1024 -768 ) (1952 1024 -768 ) (1952 1024 -480 ) 
4 102 104 (1792 1440 -480 ) (1792 1440 -768 ) (1792 1280 -768 ) (1792 1280 -480 ) 
4 102 105 (1792 1280 -768 ) (1792 1024 -768 ) (1792 1024 -480 ) (1792 1280 -480 ) 
4 103 107 (1024 1280 -376 ) (1024 1440 -376 ) (1024 1440 -444 ) (1024 1280 -444 ) 
4 103 105 (1792 1280 -444 ) (1792 1280 -376 ) (1024 1280 -376 ) (1024 1280 -444 ) 
4 104 112 (1024 1440 -480 ) (1024 1440 -768 ) (1024 1280 -768 ) (1024 1280 -480 ) 
4 104 105 (1024 1280 -768 ) (1792 1280 -768 ) (1792 1280 -480 ) (1024 1280 -480 ) 
4 105 148 (1024 1024 -480 ) (1024 1024 -768 ) (1792 1024 -768 ) (1792 1024 -480 ) 
4 105 143 (1024 1024 -444 ) (1024 1024 -480 ) (1792 1024 -480 ) (1792 1024 -444 ) 
4 105 141 (1792 1024 -376 ) (1024 1024 -376 ) (1024 1024 -444 ) (1792 1024 -444 ) 
4 105 112 (1024 1024 -768 ) (1024 1024 -480 ) (1024 1280 -480 ) (1024 1280 -768 ) 
4 105 109 (1024 1024 -444 ) (1024 1024 -376 ) (1024 1280 -376 ) (1024 1280 -444 ) 
4 106 179 (0 1612.800171 -480 ) (0 1440 -480 ) (0 1440 768 ) (0 1612.800171 768 ) 
4 106 112 (1024 1612.800171 -480 ) (1024 1440 -480 ) (0 1440 -480 ) (0 1612.800171 -480 ) 
4 106 108 (512 1440 -480 ) (864 1440 -480 ) (864 1440 -444 ) (512 1440 -444 ) 
4 106 107 (1024 1440 -444 ) (1024 1440 768 ) (0 1440 768 ) (0 1440 -444 ) 
4 107 180 (0 1280 -444 ) (0 1280 768 ) (0 1440 768 ) (0 1440 -444 ) 
4 107 109 (0 1280 768 ) (0 1280 -444 ) (1024 1280 -444 ) (1024 1280 768 ) 
4 107 108 (864 1280 -444 ) (512 1280 -444 ) (512 1440 -444 ) (864 1440 -444 ) 
4 108 112 (864 1280 -480 ) (512 1280 -480 ) (512 1440 -480 ) (864 1440 -480 ) 
4 108 110 (512 1280 -480 ) (864 1280 -480 ) (864 1280 -444 ) (512 1280 -444 ) 
4 109 183 (0 1024 -444 ) (0 1024 768 ) (0 1280 768 ) (0 1280 -444 ) 
4 109 149 (1024 1024 -444 ) (1024 1024 768 ) (0 1024 768 ) (0 1024 -444 ) 
4 109 110 (512 1280 -444 ) (864 1280 -444 ) (864 1024 -444 ) (512 1024 -444 ) 
4 109 111 (0 1280 -444 ) (352 1280 -444 ) (352 1024 -444 ) (0 1024 -444 ) 
4 110 169 (512 1024 -474.239990 ) (512 1024 -480 ) (864 1024 -480 ) (864 1024 -474.239990 ) 
4 110 150 (864 1024 -444 ) (512 1024 -444 ) (512 1024 -474.239990 ) (864 1024 -474.239990 ) 
4 110 112 (864 1024 -480 ) (512 1024 -480 ) (512 1280 -480 ) (864 1280 -480 ) 
4 111 183 (0 1024 -480 ) (0 1024 -444 ) (0 1280 -444 ) (0 1280 -480 ) 
4 111 171 (0 1024 -474.239990 ) (0 1024 -480 ) (352 1024 -480 ) (352 1024 -474.239990 ) 
4 111 151 (352 1024 -444 ) (0 1024 -444 ) (0 1024 -474.239990 ) (352 1024 -474.239990 ) 
4 111 112 (352 1024 -480 ) (0 1024 -480 ) (0 1280 -480 ) (352 1280 -480 ) 
4 112 183 (0 1024 -768 ) (0 1024 -480 ) (0 1280 -480 ) (0 1280 -768 ) 
4 112 181 (0 1280 -480 ) (0 1440 -480 ) (0 1440 -768 ) (0 1280 -768 ) 
4 112 179 (0 1440 -480 ) (0 1612.800171 -480 ) (0 1612.800171 -768 ) (0 1440 -768 ) 
4 112 178 (1024 1024 -768 ) (1024 1024 -741.760010 ) (0 1024 -741.760010 ) (0 1024 -768 ) 
4 112 176 (1011.200073 1024 -480 ) (0 1024 -480 ) (0 1024 -741.760010 ) (1011.200073 1024 -741.760010 ) 
4 112 175 (1024 1024 -741.760010 ) (1024 1024 -480 ) (1011.200073 1024 -480 ) (1011.200073 1024 -741.760010 ) 
4 113 251 (2048 0 -64 ) (2048 0 768 ) (1024 0 768 ) (1024 0 -64 ) 
4 113 153 (1024 768 -64 ) (1024 0 -64 ) (1024 0 768 ) (1024 768 768 ) 
4 113 149 (1024 1024 768 ) (1024 1024 -64 ) (1024 768 -64 ) (1024 768 768 ) 
4 113 121 (1280 1024 -64 ) (1512 1024 -64 ) (1512 1000.479980 -64 ) (1280 1000.479980 -64 ) 
4 113 120 (1512 1024 -64 ) (2048 1024 -64 ) (2048 992 -64 ) (1512 992 -64 ) 
4 113 122 (1024 992 -64 ) (1024 1024 -64 ) (1280 1024 -64 ) (1280 992 -64 ) 
4 113 115 (1512 0 -64 ) (1280 0 -64 ) (1280 983.742004 -64 ) (1512 983.742004 -64 ) 
4 113 114 (2048 0 -64 ) (1512 0 -64 ) (1512 992 -64 ) (2048 992 -64 ) 
4 113 119 (1280 0 -64 ) (1024 0 -64 ) (1024 992 -64 ) (1280 992 -64 ) 
4 114 251 (2048 0 -220 ) (2048 0 -64 ) (1512 0 -64 ) (1512 0 -220 ) 
4 114 131 (2048 868 -220 ) (2048 0 -220 ) (1512 0 -220 ) (1512 868 -220 ) 
4 114 125 (2048 876 -220 ) (2048 868 -220 ) (1512 868 -220 ) (1512 876 -220 ) 
4 114 123 (1512 1024 -220 ) (2048 1024 -220 ) (2048 876 -220 ) (1512 876 -220 ) 
4 114 120 (1512 992 -64 ) (2048 992 -64 ) (2048 1024 -102.929688 ) (1512 1024 -102.929688 ) 
4 114 116 (1512 992 -64 ) (1512 1024 -102.929428 ) (1512 1024 -220 ) (1512 875.251526 -220 ) 
4 114 115 (1512 866.993591 -220 ) (1512 0 -220 ) (1512 0 -64 ) (1512 983.741943 -64 ) 
4 115 251 (1512 0 -64 ) (1280 0 -64 ) (1280 0 -220 ) (1512 0 -220 ) 
4 115 138 (1296 0 -220 ) (1280 0 -220 ) (1280 866.993591 -220 ) (1296 866.993591 -220 ) 
4 115 132 (1512 866.993591 -220 ) (1512 0 -220 ) (1296 0 -220 ) (1296 866.993591 -220 ) 
4 115 119 (1280 866.993591 -220 ) (1280 0 -220 ) (1280 0 -64 ) (1280 983.741943 -64 ) 
4 116 126 (1512 876 -220 ) (1512 875.251526 -220 ) (1504 875.251526 -220 ) (1504 876 -220 ) 
4 116 123 (1504 1024 -220 ) (1512 1024 -220 ) (1512 876 -220 ) (1504 876 -220 ) 
4 117 124 (1296 1024 -220 ) (1496 1024 -220 ) (1496 876 -220 ) (1296 876 -220 ) 
4 118 136 (1288 928 -220 ) (1288 875.251526 -220 ) (1280 875.251526 -220 ) (1280 928 -220 ) 
4 118 135 (1280 1024 -220 ) (1288 1024 -220 ) (1288 928 -220 ) (1280 928 -220 ) 
4 118 119 (1280 992 -64 ) (1280 1024 -102.929428 ) (1280 1024 -220 ) (1280 875.251526 -220 ) 
4 119 251 (1280 0 -64 ) (1024 0 -64 ) (1024 0 -220 ) (1280 0 -220 ) 
4 119 153 (1024 768 -220 ) (1024 0 -220 ) (1024 0 -64 ) (1024 768 -64 ) 
5 119 149 (1024 1024 -102.929398 ) (1024 1024 -220 ) (1024 768 -220 ) (1024 768 -64 ) (1024 992 -64 ) 
4 119 140 (1280 928 -220 ) (1280 0 -220 ) (1024 0 -220 ) (1024 928 -220 ) 
4 119 135 (1024 1024 -220 ) (1280 1024 -220 ) (1280 928 -220 ) (1024 928 -220 ) 
4 119 122 (1024 992 -64 ) (1280 992 -64 ) (1280 1024 -102.929688 ) (1024 1024 -102.929688 ) 
3 120 121 (1512 1000.479980 -64 ) (1512 1024 -64 ) (1512 1024 -92.613144 ) 
3 121 122 (1280 1000.479980 -64 ) (1280 1024 -64 ) (1280 1024 -92.613144 ) 
3 122 149 (1024 1024 -64 ) (1024 1024 -102.929398 ) (1024 992 -64 ) 
4 123 141 (1504 1024 -376 ) (2048 1024 -376 ) (2048 876 -376 ) (1504 876 -376 ) 
4 123 127 (1504 876 -376 ) (1512 876 -376 ) (1512 876 -224 ) (1504 876 -224 ) 
4 123 126 (1512 876 -224 ) (1512 876 -220 ) (1504 876 -220 ) (1504 876 -224 ) 
4 123 125 (1512 876 -376 ) (2048 876 -376 ) (2048 876 -220 ) (1512 876 -220 ) 
4 124 141 (1296 876 -376 ) (1296 1024 -376 ) (1496 1024 -376 ) (1496 876 -376 ) 
4 124 134 (1296 928 -320 ) (1296 928 -256 ) (1296 1024 -256 ) (1296 1024 -320 ) 
4 124 129 (1360 876 -372 ) (1430 876 -372 ) (1430 876 -252 ) (1360 876 -252 ) 
4 124 130 (1296 876 -372 ) (1296 876 -376 ) (1430 876 -376 ) (1430 876 -372 ) 
4 124 128 (1430 876 -376 ) (1496 876 -376 ) (1496 876 -372 ) (1430 876 -372 ) 
4 125 141 (1512 876 -376 ) (2048 876 -376 ) (2048 868 -376 ) (1512 868 -376 ) 
4 125 131 (1512 868 -376 ) (2048 868 -376 ) (2048 868 -220 ) (1512 868 -220 ) 
4 125 127 (1512 876 -224 ) (1512 876 -376 ) (1512 868 -376 ) (1512 868 -224 ) 
4 125 126 (1512 876 -220 ) (1512 876 -224 ) (1512 872.257996 -224 ) (1512 875.251526 -220 ) 
4 126 127 (1504 876 -224 ) (1512 876 -224 ) (1512 872.257996 -224 ) (1504 872.257996 -224 ) 
4 127 141 (1504 876 -376 ) (1512 876 -376 ) (1512 868 -376 ) (1504 868 -376 ) 
4 127 133 (1504 868 -376 ) (1512 868 -376 ) (1512 868 -224 ) (1504 868 -224 ) 
4 128 141 (1430 876 -376 ) (1496 876 -376 ) (1496 868 -376 ) (1430 868 -376 ) 
4 128 133 (1430 868 -376 ) (1496 868 -376 ) (1496 868 -372 ) (1430 868 -372 ) 
4 128 130 (1430 876 -372 ) (1430 876 -376 ) (1430 868 -376 ) (1430 868 -372 ) 
4 129 133 (1360 868 -372 ) (1430 868 -372 ) (1430 868 -252 ) (1360 868 -252 ) 
4 129 130 (1360 876 -372 ) (1430 876 -372 ) (1430 868 -372 ) (1360 868 -372 ) 
4 130 141 (1296 868 -376 ) (1296 876 -376 ) (1430 876 -376 ) (1430 868 -376 ) 
4 130 133 (1296 868 -372 ) (1296 868 -376 ) (1430 868 -376 ) (1430 868 -372 ) 
4 131 253 (1948 0 -258 ) (1932 0 -258 ) (1932 0 -376 ) (1948 0 -376 ) 
4 131 252 (2048 0 -376 ) (2048 0 -258 ) (1948 0 -258 ) (1948 0 -376 ) 
4 131 255 (1932 0 -258 ) (1512 0 -258 ) (1512 0 -376 ) (1932 0 -376 ) 
4 131 251 (2048 0 -258 ) (2048 0 -220 ) (1512 0 -220 ) (1512 0 -258 ) 
4 131 141 (2048 0 -376 ) (1512 0 -376 ) (1512 868 -376 ) (2048 868 -376 ) 
4 131 132 (1512 864 -224 ) (1512 0 -224 ) (1512 0 -220 ) (1512 866.993591 -220 ) 
4 131 133 (1512 868 -224 ) (1512 868 -376 ) (1512 0 -376 ) (1512 0 -224 ) 
4 132 251 (1512 0 -220 ) (1296 0 -220 ) (1296 0 -224 ) (1512 0 -224 ) 
4 132 138 (1296 0 -224 ) (1296 0 -220 ) (1296 866.993591 -220 ) (1296 864 -224 ) 
4 132 133 (1296 0 -224 ) (1296 864 -224 ) (1512 864 -224 ) (1512 0 -224 ) 
4 133 255 (1296 0 -258 ) (1296 0 -376 ) (1512 0 -376 ) (1512 0 -258 ) 
4 133 251 (1296 0 -224 ) (1296 0 -258 ) (1512 0 -258 ) (1512 0 -224 ) 
4 133 141 (1512 0 -376 ) (1296 0 -376 ) (1296 868 -376 ) (1512 868 -376 ) 
4 133 139 (1296 868 -376 ) (1296 0 -376 ) (1296 0 -224 ) (1296 868 -224 ) 
4 134 135 (1288 928 -320 ) (1288 928 -256 ) (1288 1024 -256 ) (1288 1024 -320 ) 
4 135 149 (1024 1024 -220 ) (1024 1024 -376 ) (1024 928 -376 ) (1024 928 -220 ) 
4 135 141 (1024 928 -376 ) (1024 1024 -376 ) (1288 1024 -376 ) (1288 928 -376 ) 
4 135 137 (1280 928 -376 ) (1288 928 -376 ) (1288 928 -224 ) (1280 928 -224 ) 
4 135 136 (1288 928 -224 ) (1288 928 -220 ) (1280 928 -220 ) (1280 928 -224 ) 
4 135 140 (1024 928 -376 ) (1280 928 -376 ) (1280 928 -220 ) (1024 928 -220 ) 
4 136 137 (1280 872.257996 -224 ) (1280 928 -224 ) (1288 928 -224 ) (1288 872.258057 -224 ) 
4 136 140 (1280 928 -220 ) (1280 928 -224 ) (1280 872.258057 -224 ) (1280 875.251587 -220 ) 
4 137 141 (1280 868 -376 ) (1280 928 -376 ) (1288 928 -376 ) (1288 868 -376 ) 
4 137 139 (1280 868 -224 ) (1280 868 -376 ) (1288 868 -376 ) (1288 868 -224 ) 
4 137 140 (1280 928 -224 ) (1280 928 -376 ) (1280 868 -376 ) (1280 868 -224 ) 
4 138 251 (1296 0 -220 ) (1280 0 -220 ) (1280 0 -224 ) (1296 0 -224 ) 
4 138 139 (1280 0 -224 ) (1280 864 -224 ) (1296 864 -224 ) (1296 0 -224 ) 
4 138 140 (1280 0 -224 ) (1280 0 -220 ) (1280 866.993591 -220 ) (1280 864 -224 ) 
4 139 255 (1280 0 -258 ) (1280 0 -376 ) (1296 0 -376 ) (1296 0 -258 ) 
4 139 251 (1280 0 -224 ) (1280 0 -258 ) (1296 0 -258 ) (1296 0 -224 ) 
4 139 141 (1296 0 -376 ) (1280 0 -376 ) (1280 868 -376 ) (1296 868 -376 ) 
4 139 140 (1280 868 -376 ) (1280 0 -376 ) (1280 0 -224 ) (1280 868 -224 ) 
4 140 255 (1024 0 -258 ) (1024 0 -376 ) (1280 0 -376 ) (1280 0 -258 ) 
4 140 251 (1280 0 -220 ) (1024 0 -220 ) (1024 0 -258 ) (1280 0 -258 ) 
4 140 163 (1024 336 -376 ) (1024 0 -376 ) (1024 0 -276 ) (1024 336 -276 ) 
3 140 160 (1024 768 -376 ) (1024 463.200867 -376 ) (1024 768 -351.938995 ) 
5 140 157 (1024 463.200867 -376 ) (1024 336 -376 ) (1024 336 -276 ) (1024 768 -276 ) (1024 768 -351.938995 ) 
4 140 154 (1024 0 -276 ) (1024 0 -252 ) (1024 768 -252 ) (1024 768 -276 ) 
4 140 153 (1024 0 -252 ) (1024 0 -220 ) (1024 768 -220 ) (1024 768 -252 ) 
4 140 149 (1024 928 -376 ) (1024 768 -376 ) (1024 768 -220 ) (1024 928 -220 ) 
4 140 141 (1280 0 -376 ) (1024 0 -376 ) (1024 928 -376 ) (1280 928 -376 ) 
4 141 257 (1440 0 -418 ) (1280 0 -418 ) (1280 0 -444 ) (1440 0 -444 ) 
4 141 256 (2048 0 -444 ) (2048 0 -418 ) (1440 0 -418 ) (1440 0 -444 ) 
4 141 258 (1280 0 -418 ) (1024 0 -418 ) (1024 0 -444 ) (1280 0 -444 ) 
4 141 253 (1948 0 -376 ) (1932 0 -376 ) (1932 0 -418 ) (1948 0 -418 ) 
4 141 252 (2048 0 -418 ) (2048 0 -376 ) (1948 0 -376 ) (1948 0 -418 ) 
4 141 255 (1932 0 -376 ) (1024 0 -376 ) (1024 0 -418 ) (1932 0 -418 ) 
4 141 166 (1024 336 -444 ) (1024 0 -444 ) (1024 0 -428 ) (1024 336 -428 ) 
4 141 163 (1024 0 -428 ) (1024 0 -376 ) (1024 336 -376 ) (1024 336 -428 ) 
6 141 160 (1024 418.094147 -444 ) (1024 336 -444 ) (1024 336 -386.041290 ) (1024 463.200897 -376 ) (1024 768 -376 ) (1024 768 -416.383148 ) 
3 141 158 (1024 768 -444 ) (1024 418.094147 -444 ) (1024 768 -416.383148 ) 
3 141 157 (1024 336 -386.041290 ) (1024 336 -376 ) (1024 463.200897 -376 ) 
4 141 149 (1024 1024 -376 ) (1024 1024 -444 ) (1024 768 -444 ) (1024 768 -376 ) 
4 141 146 (2048 0 -444 ) (1440 0 -444 ) (1440 352 -444 ) (2048 352 -444 ) 
4 141 147 (1280 0 -444 ) (1024 0 -444 ) (1024 352 -444 ) (1280 352 -444 ) 
4 141 144 (1952 512 -444 ) (2048 512 -444 ) (2048 352 -444 ) (1952 352 -444 ) 
4 141 145 (1024 352 -444 ) (1024 512 -444 ) (1280 512 -444 ) (1280 352 -444 ) 
4 141 142 (1952 1024 -444 ) (2048 1024 -444 ) (2048 512 -444 ) (1952 512 -444 ) 
4 141 143 (1024 512 -444 ) (1024 1024 -444 ) (1792 1024 -444 ) (1792 512 -444 ) 
4 142 148 (1952 1024 -480 ) (2048 1024 -480 ) (2048 512 -480 ) (1952 512 -480 ) 
4 142 144 (1952 512 -480 ) (2048 512 -480 ) (2048 512 -444 ) (1952 512 -444 ) 
4 143 173 (1024 768 -480 ) (1024 512 -480 ) (1024 512 -474.239990 ) (1024 768 -474.239990 ) 
4 143 158 (1024 768 -474.239990 ) (1024 512 -474.239990 ) (1024 512 -444 ) (1024 768 -444 ) 
4 143 148 (1024 1024 -480 ) (1792 1024 -480 ) (1792 512 -480 ) (1024 512 -480 ) 
4 143 145 (1024 512 -480 ) (1280 512 -480 ) (1280 512 -444 ) (1024 512 -444 ) 
4 144 148 (2048 512 -480 ) (2048 352 -480 ) (1952 352 -480 ) (1952 512 -480 ) 
4 144 146 (1952 352 -480 ) (2048 352 -480 ) (2048 352 -444 ) (1952 352 -444 ) 
4 145 173 (1024 512 -480 ) (1024 352 -480 ) (1024 352 -474.239990 ) (1024 512 -474.239990 ) 
3 145 160 (1024 352 -449.216553 ) (1024 352 -444 ) (1024 418.093842 -444 ) 
5 145 158 (1024 352 -474.239990 ) (1024 352 -449.216553 ) (1024 418.093842 -444 ) (1024 512 -444 ) (1024 512 -474.239990 ) 
4 145 148 (1280 352 -480 ) (1024 352 -480 ) (1024 512 -480 ) (1280 512 -480 ) 
4 145 147 (1024 352 -480 ) (1280 352 -480 ) (1280 352 -444 ) (1024 352 -444 ) 
4 146 256 (2048 0 -480 ) (2048 0 -444 ) (1440 0 -444 ) (1440 0 -480 ) 
4 146 148 (2048 352 -480 ) (2048 0 -480 ) (1440 0 -480 ) (1440 352 -480 ) 
4 147 258 (1280 0 -444 ) (1024 0 -444 ) (1024 0 -480 ) (1280 0 -480 ) 
4 147 173 (1024 352 -480 ) (1024 0 -480 ) (1024 0 -474.239990 ) (1024 352 -474.239990 ) 
4 147 166 (1024 0 -474.239990 ) (1024 0 -444 ) (1024 336 -444 ) (1024 336 -474.239990 ) 
4 147 160 (1024 336 -444 ) (1024 352 -444 ) (1024 352 -449.216553 ) (1024 336 -450.479401 ) 
4 147 158 (1024 352 -449.216553 ) (1024 352 -474.239990 ) (1024 336 -474.239990 ) (1024 336 -450.479401 ) 
4 147 148 (1280 0 -480 ) (1024 0 -480 ) (1024 352 -480 ) (1280 352 -480 ) 
4 148 259 (2048 0 -768 ) (2048 0 -480 ) (1024 0 -480 ) (1024 0 -768 ) 
4 148 178 (1024 1024 -741.760010 ) (1024 1024 -768 ) (1024 0 -768 ) (1024 0 -741.760010 ) 
4 148 175 (1024 1024 -480 ) (1024 1024 -741.760010 ) (1024 0 -741.760010 ) (1024 0 -480 ) 
4 149 214 (0 1024 768 ) (0 1024 -444 ) (0 768 -444 ) (0 768 768 ) 
4 149 161 (696.522461 768 -444 ) (706.464294 768 -444 ) (704.587524 768 -379.887299 ) (694.671082 768 -380.754974 ) 
5 149 160 (706.464294 768 -444 ) (708.386963 768 -444 ) (1024 768 -416.383179 ) (1024 768 -351.938965 ) (704.587524 768 -379.887299 ) 
4 149 159 (0 768 -441.538086 ) (0 768 -444 ) (696.522461 768 -444 ) (694.671082 768 -380.754974 ) 
3 149 158 (708.386963 768 -444 ) (1024 768 -444 ) (1024 768 -416.383179 ) 
4 149 157 (0 768 -276 ) (0 768 -441.538086 ) (1024 768 -351.938965 ) (1024 768 -276 ) 
4 149 156 (904 768 -276 ) (980 768 -276 ) (943.234009 768 -252 ) (936.765991 768 -252 ) 
4 149 155 (0 768 -252 ) (0 768 -276 ) (904 768 -276 ) (936.765991 768 -252 ) 
4 149 154 (980 768 -276 ) (1024 768 -276 ) (1024 768 -252 ) (943.234009 768 -252 ) 
4 149 153 (0 768 768 ) (0 768 -252 ) (1024 768 -252 ) (1024 768 768 ) 
4 149 151 (352 768 -444 ) (0 768 -444 ) (0 1024 -444 ) (352 1024 -444 ) 
4 149 150 (512 928 -444 ) (512 1024 -444 ) (864 1024 -444 ) (864 928 -444 ) 
4 150 170 (512 928 -474.239990 ) (512 929.280029 -474.239990 ) (864 929.280029 -474.239990 ) (864 928 -474.239990 ) 
4 150 169 (512 929.280029 -474.239990 ) (512 1024 -474.239990 ) (864 1024 -474.239990 ) (864 929.280029 -474.239990 ) 
4 151 214 (0 1024 -444 ) (0 1024 -474.239990 ) (0 768 -474.239990 ) (0 768 -444 ) 
4 151 172 (352 768 -474.239990 ) (0 768 -474.239990 ) (0 929.280029 -474.239990 ) (352 929.280029 -474.239990 ) 
4 151 171 (0 929.280029 -474.239990 ) (0 1024 -474.239990 ) (352 1024 -474.239990 ) (352 929.280029 -474.239990 ) 
4 151 159 (0 768 -444 ) (0 768 -474.239990 ) (352 768 -474.239990 ) (352 768 -444 ) 
4 153 260 (1024 0 -252 ) (1024 0 768 ) (0 0 768 ) (0 0 -252 ) 
4 153 214 (0 0 -252 ) (0 0 768 ) (0 768 768 ) (0 768 -252 ) 
4 153 156 (936.765991 768 -252 ) (943.233948 768 -252 ) (943.234009 296 -252 ) (936.765991 296 -252 ) 
4 153 155 (0 768 -252 ) (936.765991 768 -252 ) (936.765991 0 -252 ) (0 0 -252 ) 
4 153 154 (943.233948 768 -252 ) (1024 768 -252 ) (1024 0 -252 ) (943.234009 0 -252 ) 
4 154 261 (1024 0 -276 ) (1024 0 -252 ) (943.234009 0 -252 ) (980 0 -276 ) 
4 154 163 (1024 336 -276 ) (1024 0 -276 ) (980 0 -276 ) (980 336 -276 ) 
4 154 157 (980 768 -276 ) (1024 768 -276 ) (1024 336 -276 ) (980 336 -276 ) 
4 154 156 (943.234375 296 -252 ) (943.234375 768 -252 ) (980 768 -276 ) (980 336 -276 ) 
4 155 262 (936.765991 0 -252 ) (0 0 -252 ) (0 0 -276 ) (904 0 -276 ) 
4 155 214 (0 0 -276 ) (0 0 -252 ) (0 768 -252 ) (0 768 -276 ) 
4 155 164 (904 336 -276 ) (904 0 -276 ) (892 0 -276 ) (892 336 -276 ) 
4 155 165 (892 0 -276 ) (0 0 -276 ) (0 336 -276 ) (892 336 -276 ) 
4 155 157 (0 768 -276 ) (904 768 -276 ) (904 336 -276 ) (0 336 -276 ) 
4 155 156 (904.001953 336 -276 ) (904.001953 768 -276 ) (936.767761 768 -252 ) (936.767761 296 -252 ) 
4 156 157 (904 768 -276 ) (980 768 -276 ) (980 336 -276 ) (904 336 -276 ) 
5 157 214 (0 336 -276 ) (0 768 -276 ) (0 768 -441.538086 ) (0 353.740326 -474.239990 ) (0 336 -474.239990 ) 
3 157 174 (16.005127 336 -474.239990 ) (0 336 -474.239990 ) (0 353.740326 -474.239990 ) 
4 157 167 (270.178986 336 -452 ) (544.467468 336 -428 ) (0 336 -428 ) (0 336 -452 ) 
4 157 168 (0 336 -474.239990 ) (16.005104 336 -474.239990 ) (270.178986 336 -452 ) (0 336 -452 ) 
4 157 164 (892 336 -397.591217 ) (972 336 -390.591278 ) (972 336 -276 ) (892 336 -276 ) 
4 157 163 (972 336 -390.591278 ) (1024 336 -386.041321 ) (1024 336 -276 ) (972 336 -276 ) 
5 157 165 (544.467468 336 -428 ) (892 336 -397.591217 ) (892 336 -276 ) (0 336 -276 ) (0 336 -428 ) 
4 157 162 (388.083252 336 -441.682892 ) (378.170898 336 -442.550201 ) (552.876465 574.460571 -408.439301 ) (559.315430 569.716553 -408.250397 ) 
4 157 161 (557.573425 580.871582 -407.522217 ) (694.671021 768 -380.754211 ) (704.587463 768 -379.886536 ) (564.012451 576.127625 -407.333313 ) 
4 157 160 (1024 336 -386.040741 ) (388.083252 336 -441.682892 ) (704.587463 768 -379.886536 ) (1024 768 -351.938232 ) 
5 157 159 (378.170898 336 -442.550201 ) (15.998291 336 -474.239990 ) (0 353.732635 -474.239990 ) (0 768 -441.537231 ) (694.671021 768 -380.754211 ) 
4 158 174 (1011.200073 336 -474.239990 ) (752.456787 336 -474.239990 ) (362.795868 768 -474.239990 ) (1011.200073 768 -474.239990 ) 
4 158 173 (1024 768 -474.239990 ) (1024 336 -474.239990 ) (1011.200073 336 -474.239990 ) (1011.200073 768 -474.239990 ) 
3 158 168 (752.456848 336 -474.239990 ) (972 336 -474.239990 ) (972 336 -455.029480 ) 
4 158 166 (972 336 -474.239990 ) (1024 336 -474.239990 ) (1024 336 -450.479370 ) (972 336 -455.029480 ) 
4 158 162 (558.437012 579.481995 -472 ) (546.961060 563.818176 -474.239990 ) (552.431824 557.752869 -474.239990 ) (564.875977 574.738037 -471.810547 ) 
4 158 161 (706.469238 768 -444.167511 ) (696.552734 768 -445.035217 ) (563.133972 585.893005 -471.082550 ) (569.572937 581.148987 -470.893555 ) 
5 158 160 (752.449219 336 -474.239990 ) (1024 336 -450.478729 ) (1024 768 -416.382874 ) (706.469238 768 -444.167511 ) (552.431824 557.752869 -474.239990 ) 
3 158 159 (696.552734 768 -445.035217 ) (362.792480 768 -474.239990 ) (546.961060 563.818176 -474.239990 ) 
3 159 214 (0 768 -441.538086 ) (0 768 -474.239990 ) (0 353.740326 -474.239990 ) 
6 159 174 (379.098541 336 -474.239990 ) (16.005127 336 -474.239990 ) (0 353.740326 -474.239990 ) (0 768 -474.239990 ) (362.795868 768 -474.239990 ) (546.963501 563.821411 -474.239990 ) 
3 159 167 (378.447510 336 -452 ) (378.170898 336 -442.550812 ) (270.179047 336 -452 ) 
4 159 168 (16.005104 336 -474.239990 ) (379.098572 336 -474.239990 ) (378.447510 336 -452 ) (270.179047 336 -452 ) 
5 159 162 (546.989136 563.858765 -474.239990 ) (558.436279 579.483276 -472.005157 ) (552.874939 574.461975 -408.440735 ) (378.167969 336 -442.551758 ) (379.096130 336 -474.239990 ) 
4 159 161 (563.133240 585.894287 -471.088165 ) (696.551086 768 -445.040863 ) (694.668762 768 -380.755951 ) (557.571899 580.872925 -407.523682 ) 
3 160 174 (752.456787 336 -474.239990 ) (389.036316 336 -474.239990 ) (552.434265 557.756165 -474.239990 ) 
5 160 167 (908 336 -428 ) (544.467651 336 -428 ) (388.083252 336 -441.683502 ) (388.385254 336 -452 ) (940 336 -452 ) 
5 160 168 (389.036316 336 -474.239990 ) (752.456848 336 -474.239990 ) (972 336 -455.029480 ) (972 336 -452 ) (388.385254 336 -452 ) 
4 160 166 (972 336 -455.029480 ) (1024 336 -450.479370 ) (1024 336 -428 ) (972 336 -428 ) 
4 160 164 (972 336 -390.591278 ) (892 336 -397.591217 ) (892 336 -420 ) (972 336 -420 ) 
4 160 163 (1024 336 -428 ) (1024 336 -386.041321 ) (972 336 -390.591278 ) (972 336 -428 ) 
3 160 165 (892 336 -397.591217 ) (544.467651 336 -428 ) (892 336 -428 ) 
5 160 162 (564.873718 574.739807 -471.812317 ) (552.438782 557.767273 -474.239990 ) (389.033691 336 -474.239990 ) (388.082031 336 -441.684570 ) (559.314697 569.717285 -408.252075 ) 
4 160 161 (706.465820 768 -444.169373 ) (569.570740 581.150818 -470.895325 ) (564.011780 576.128357 -407.334991 ) (704.586304 768 -379.888397 ) 
4 162 174 (389.036316 336 -474.239990 ) (379.098541 336 -474.239990 ) (546.963501 563.821411 -474.239990 ) (552.434265 557.756165 -474.239990 ) 
4 162 167 (388.385254 336 -452 ) (388.083252 336 -441.683502 ) (378.170898 336 -442.550812 ) (378.447510 336 -452 ) 
4 162 168 (379.098572 336 -474.239990 ) (389.036316 336 -474.239990 ) (388.385254 336 -452 ) (378.447510 336 -452 ) 
4 163 265 (1024 0 -428 ) (1024 0 -420 ) (972 0 -420 ) (972 0 -428 ) 
4 163 264 (1024 0 -420 ) (1024 0 -276 ) (972 0 -276 ) (972 0 -420 ) 
4 163 166 (972 336 -428 ) (1024 336 -428 ) (1024 0 -428 ) (972 0 -428 ) 
4 163 164 (972 336 -276 ) (972 336 -420 ) (972 0 -420 ) (972 0 -276 ) 
4 164 264 (972 0 -276 ) (892 0 -276 ) (892 0 -420 ) (972 0 -420 ) 
4 164 165 (892 336 -276 ) (892 336 -420 ) (892 0 -420 ) (892 0 -276 ) 
4 165 267 (0 0 -420 ) (0 0 -428 ) (892 0 -428 ) (892 0 -420 ) 
4 165 264 (892 0 -276 ) (0 0 -276 ) (0 0 -420 ) (892 0 -420 ) 
4 165 214 (0 0 -428 ) (0 0 -276 ) (0 336 -276 ) (0 336 -428 ) 
4 165 167 (0 336 -428 ) (892 336 -428 ) (892 0 -428 ) (0 0 -428 ) 
4 166 268 (1024 0 -474.239990 ) (1024 0 -428 ) (972 0 -428 ) (972 0 -474.239990 ) 
4 166 174 (1011.200073 0 -474.239990 ) (972 0 -474.239990 ) (972 336 -474.239990 ) (1011.200073 336 -474.239990 ) 
4 166 173 (1024 336 -474.239990 ) (1024 0 -474.239990 ) (1011.200073 0 -474.239990 ) (1011.200073 336 -474.239990 ) 
4 166 168 (972 336 -452 ) (972 336 -474.239990 ) (972 0 -474.239990 ) (972 0 -452 ) 
4 167 269 (908 0 -428 ) (0 0 -428 ) (0 0 -452 ) (940 0 -452 ) 
4 167 214 (0 0 -452 ) (0 0 -428 ) (0 336 -428 ) (0 336 -452 ) 
4 167 168 (0 336 -452 ) (940 336 -452 ) (940 0 -452 ) (0 0 -452 ) 
4 168 270 (0 0 -452 ) (0 0 -474.239990 ) (972 0 -474.239990 ) (972 0 -452 ) 
4 168 214 (0 0 -474.239990 ) (0 0 -452 ) (0 336 -452 ) (0 336 -474.239990 ) 
4 168 174 (972 0 -474.239990 ) (0 0 -474.239990 ) (0 336 -474.239990 ) (972 336 -474.239990 ) 
4 169 176 (512 1024 -480 ) (864 1024 -480 ) (864 929.280029 -480 ) (512 929.280029 -480 ) 
4 169 170 (512 929.280029 -474.239990 ) (512 929.280029 -480 ) (864 929.280029 -480 ) (864 929.280029 -474.239990 ) 
4 170 177 (864 929.280029 -480 ) (864 928 -480 ) (512 928 -480 ) (512 929.280029 -480 ) 
4 171 221 (0 929.280029 -474.239990 ) (0 1024 -474.239990 ) (0 1024 -480 ) (0 929.280029 -480 ) 
4 171 176 (0 929.280029 -480 ) (0 1024 -480 ) (352 1024 -480 ) (352 929.280029 -480 ) 
4 171 172 (0 929.280029 -480 ) (352 929.280029 -480 ) (352 929.280029 -474.239990 ) (0 929.280029 -474.239990 ) 
4 172 225 (0 768 -474.239990 ) (0 929.280029 -474.239990 ) (0 929.280029 -480 ) (0 768 -480 ) 
4 172 177 (0 768 -480 ) (0 929.280029 -480 ) (352 929.280029 -480 ) (352 768 -480 ) 
4 172 174 (0 768 -480 ) (352 768 -480 ) (352 768 -474.239990 ) (0 768 -474.239990 ) 
4 173 272 (1024 0 -480 ) (1024 0 -474.239990 ) (1011.200073 0 -474.239990 ) (1011.200073 0 -480 ) 
4 173 175 (1024 0 -480 ) (1011.200073 0 -480 ) (1011.200073 768 -480 ) (1024 768 -480 ) 
4 173 174 (1011.200073 768 -474.239990 ) (1011.200073 768 -480 ) (1011.200073 0 -480 ) (1011.200073 0 -474.239990 ) 
4 174 273 (1011.200073 0 -474.239990 ) (0 0 -474.239990 ) (0 0 -480 ) (1011.200073 0 -480 ) 
4 174 225 (0 0 -480 ) (0 0 -474.239990 ) (0 768 -474.239990 ) (0 768 -480 ) 
4 174 177 (1011.200073 0 -480 ) (0 0 -480 ) (0 768 -480 ) (1011.200073 768 -480 ) 
4 175 272 (1024 0 -741.760010 ) (1024 0 -480 ) (1011.200073 0 -480 ) (1011.200073 0 -741.760010 ) 
4 175 178 (1024 1024 -741.760010 ) (1024 0 -741.760010 ) (1011.200073 0 -741.760010 ) (1011.200073 1024 -741.760010 ) 
4 175 177 (1011.200073 929.280029 -741.760010 ) (1011.200073 0 -741.760010 ) (1011.200073 0 -480 ) (1011.200073 929.280029 -480 ) 
4 175 176 (1011.200073 1024 -741.760010 ) (1011.200073 929.280029 -741.760010 ) (1011.200073 929.280029 -480 ) (1011.200073 1024 -480 ) 
4 176 221 (0 929.280029 -480 ) (0 1024 -480 ) (0 1024 -741.760010 ) (0 929.280029 -741.760010 ) 
4 176 178 (0 929.280029 -741.760010 ) (0 1024 -741.760010 ) (1011.200073 1024 -741.760010 ) (1011.200073 929.280029 -741.760010 ) 
4 176 177 (0 929.280029 -741.760010 ) (1011.200073 929.280029 -741.760010 ) (1011.200073 929.280029 -480 ) (0 929.280029 -480 ) 
4 177 273 (1011.200073 0 -480 ) (0 0 -480 ) (0 0 -741.760010 ) (1011.200073 0 -741.760010 ) 
4 177 225 (0 0 -741.760010 ) (0 0 -480 ) (0 929.280029 -480 ) (0 929.280029 -741.760010 ) 
4 177 178 (1011.200073 0 -741.760010 ) (0 0 -741.760010 ) (0 929.280029 -741.760010 ) (1011.200073 929.280029 -741.760010 ) 
4 178 274 (1011.200073 0 -741.760010 ) (0 0 -741.760010 ) (0 0 -768 ) (1011.200073 0 -768 ) 
4 178 272 (1024 0 -768 ) (1024 0 -741.760010 ) (1011.200073 0 -741.760010 ) (1011.200073 0 -768 ) 
4 178 226 (0 0 -768 ) (0 0 -741.760010 ) (0 929.280029 -741.760010 ) (0 929.280029 -768 ) 
4 178 221 (0 929.280029 -741.760010 ) (0 1024 -741.760010 ) (0 1024 -768 ) (0 929.280029 -768 ) 
4 179 180 (-704 1440 768 ) (-704 1440 -444 ) (0 1440 -444 ) (0 1440 768 ) 
4 179 181 (-704 1440 -480 ) (-704 1440 -768 ) (0 1440 -768 ) (0 1440 -480 ) 
4 179 182 (-704 1612.800171 768 ) (-704 1612.800171 -768 ) (-704 1440 -768 ) (-704 1440 768 ) 
4 180 184 (-544 1280 768 ) (-704 1280 768 ) (-704 1280 -444 ) (-544 1280 -444 ) 
4 180 183 (0 1280 -444 ) (0 1280 768 ) (-544 1280 768 ) (-544 1280 -444 ) 
4 180 182 (-704 1280 -444 ) (-704 1280 768 ) (-704 1440 768 ) (-704 1440 -444 ) 
4 181 185 (-704 1280 -768 ) (-544 1280 -768 ) (-544 1280 -480 ) (-704 1280 -480 ) 
4 181 183 (-544 1280 -768 ) (0 1280 -768 ) (0 1280 -480 ) (-544 1280 -480 ) 
4 181 182 (-704 1440 -768 ) (-704 1280 -768 ) (-704 1280 -480 ) (-704 1440 -480 ) 
4 182 192 (-1024 1584 -768 ) (-1024 1280 -768 ) (-1024 1280 768 ) (-1024 1584 768 ) 
4 182 187 (-1024 1612.800171 -768 ) (-1024 1584 -768 ) (-1024 1584 768 ) (-1024 1612.800171 768 ) 
4 182 186 (-1024 1280 -768 ) (-704 1280 -768 ) (-704 1280 768 ) (-1024 1280 768 ) 
4 183 221 (0 1024 -768 ) (0 1024 -474.239990 ) (-544 1024 -474.239990 ) (-544 1024 -768 ) 
4 183 214 (0 1024 -474.239990 ) (0 1024 768 ) (-544 1024 768 ) (-544 1024 -474.239990 ) 
4 183 184 (-544 1280 768 ) (-544 1280 -444 ) (-544 1024 -444 ) (-544 1024 768 ) 
4 183 185 (-544 1280 -480 ) (-544 1280 -768 ) (-544 1024 -768 ) (-544 1024 -480 ) 
4 184 218 (-704 1024 -416 ) (-704 1024 -444 ) (-544 1024 -444 ) (-544 1024 -416 ) 
4 184 215 (-544 1024 768 ) (-704 1024 768 ) (-704 1024 -416 ) (-544 1024 -416 ) 
4 184 186 (-704 1280 768 ) (-704 1280 -444 ) (-704 1024 -444 ) (-704 1024 768 ) 
4 185 223 (-704 1024 -480 ) (-704 1024 -768 ) (-544 1024 -768 ) (-544 1024 -480 ) 
4 185 186 (-704 1280 -480 ) (-704 1280 -768 ) (-704 1024 -768 ) (-704 1024 -480 ) 
4 186 224 (-1024 1024 -474.239990 ) (-1024 1024 -768 ) (-704 1024 -768 ) (-704 1024 -474.239990 ) 
4 186 220 (-704 1024 768 ) (-1024 1024 768 ) (-1024 1024 -474.239990 ) (-704 1024 -474.239990 ) 
4 186 202 (-1024 1024 -480 ) (-1024 1024 -444 ) (-1024 1264 -444 ) (-1024 1264 -480 ) 
4 186 197 (-1024 1024 -444 ) (-1024 1024 768 ) (-1024 1264 768 ) (-1024 1264 -444 ) 
4 186 213 (-1024 1264 -768 ) (-1024 1024 -768 ) (-1024 1024 -480 ) (-1024 1264 -480 ) 
4 186 192 (-1024 1280 -768 ) (-1024 1264 -768 ) (-1024 1264 768 ) (-1024 1280 768 ) 
4 187 192 (-1216 1584 -768 ) (-1024 1584 -768 ) (-1024 1584 768 ) (-1216 1584 768 ) 
4 187 189 (-1216 1584 -336 ) (-1216 1584 768 ) (-1216 1600 768 ) (-1216 1600 -336 ) 
4 187 190 (-1216 1600 -768 ) (-1216 1584 -768 ) (-1216 1584 -544 ) (-1216 1600 -544 ) 
4 187 188 (-1216 1612.800171 768 ) (-1216 1612.800171 -768 ) (-1216 1600 -768 ) (-1216 1600 768 ) 
4 188 189 (-1808 1600 768 ) (-1808 1600 -336 ) (-1216 1600 -336 ) (-1216 1600 768 ) 
4 188 190 (-1808 1600 -544 ) (-1808 1600 -768 ) (-1216 1600 -768 ) (-1216 1600 -544 ) 
4 188 191 (-1808 1612.800171 768 ) (-1808 1612.800171 -768 ) (-1808 1600 -768 ) (-1808 1600 768 ) 
4 189 193 (-1392 1584 768 ) (-1552 1584 768 ) (-1552 1584 -336 ) (-1392 1584 -336 ) 
4 189 192 (-1216 1584 -336 ) (-1216 1584 768 ) (-1392 1584 768 ) (-1392 1584 -336 ) 
4 189 196 (-1552 1584 768 ) (-1808 1584 768 ) (-1808 1584 -336 ) (-1552 1584 -336 ) 
4 189 191 (-1808 1584 -336 ) (-1808 1584 768 ) (-1808 1600 768 ) (-1808 1600 -336 ) 
4 190 193 (-1552 1584 -768 ) (-1392 1584 -768 ) (-1392 1584 -544 ) (-1552 1584 -544 ) 
4 190 192 (-1392 1584 -768 ) (-1216 1584 -768 ) (-1216 1584 -544 ) (-1392 1584 -544 ) 
4 190 196 (-1808 1584 -768 ) (-1552 1584 -768 ) (-1552 1584 -544 ) (-1808 1584 -544 ) 
4 190 191 (-1808 1600 -768 ) (-1808 1584 -768 ) (-1808 1584 -544 ) (-1808 1600 -544 ) 
4 191 247 (-2048 1584 768 ) (-2048 1612.800171 768 ) (-2048 1612.800171 -768 ) (-2048 1584 -768 ) 
4 191 196 (-2048 1584 -768 ) (-1808 1584 -768 ) (-1808 1584 768 ) (-2048 1584 768 ) 
4 192 203 (-1174 1264 -444 ) (-1392 1264 -444 ) (-1392 1264 -480 ) (-1174 1264 -480 ) 
4 192 202 (-1024 1264 -480 ) (-1024 1264 -444 ) (-1174 1264 -444 ) (-1174 1264 -480 ) 
4 192 198 (-1174 1264 768 ) (-1392 1264 768 ) (-1392 1264 -444 ) (-1174 1264 -444 ) 
4 192 197 (-1024 1264 -444 ) (-1024 1264 768 ) (-1174 1264 768 ) (-1174 1264 -444 ) 
4 192 213 (-1392 1264 -768 ) (-1024 1264 -768 ) (-1024 1264 -480 ) (-1392 1264 -480 ) 
4 192 195 (-1392 1264 -444 ) (-1392 1264 768 ) (-1392 1504 768 ) (-1392 1504 -488 ) 
4 192 194 (-1392 1504 -768 ) (-1392 1264 -768 ) (-1392 1264 -468 ) (-1392 1504 -512 ) 
4 192 193 (-1392 1584 768 ) (-1392 1584 -768 ) (-1392 1504 -768 ) (-1392 1504 768 ) 
4 193 195 (-1552 1504 768 ) (-1552 1504 -488 ) (-1392 1504 -488 ) (-1392 1504 768 ) 
4 193 194 (-1552 1504 -512 ) (-1552 1504 -768 ) (-1392 1504 -768 ) (-1392 1504 -512 ) 
4 193 196 (-1552 1584 768 ) (-1552 1584 -768 ) (-1552 1504 -768 ) (-1552 1504 768 ) 
4 194 213 (-1552 1264 -768 ) (-1392 1264 -768 ) (-1392 1264 -480 ) (-1552 1264 -480 ) 
4 194 196 (-1552 1504 -768 ) (-1552 1264 -768 ) (-1552 1264 -468 ) (-1552 1504 -512 ) 
4 195 198 (-1392 1264 -444 ) (-1392 1264 768 ) (-1552 1264 768 ) (-1552 1264 -444 ) 
4 195 196 (-1552 1264 -444 ) (-1552 1264 768 ) (-1552 1504 768 ) (-1552 1504 -488 ) 
4 196 247 (-2048 1264 768 ) (-2048 1584 768 ) (-2048 1584 -768 ) (-2048 1264 -768 ) 
4 196 207 (-1552 1264 -480 ) (-1552 1264 768 ) (-1726 1264 768 ) (-1726 1264 -480 ) 
4 196 212 (-1726 1264 768 ) (-2048 1264 768 ) (-2048 1264 -480 ) (-1726 1264 -480 ) 
4 196 213 (-2048 1264 -768 ) (-1552 1264 -768 ) (-1552 1264 -480 ) (-2048 1264 -480 ) 
4 197 227 (-1024 1024 -444 ) (-1024 1024 768 ) (-1174 1024 768 ) (-1174 1024 -444 ) 
4 197 202 (-1024 1024 -444 ) (-1174 1024 -444 ) (-1174 1264 -444 ) (-1024 1264 -444 ) 
4 197 200 (-1174 1244 -444 ) (-1174 1226 -444 ) (-1174 1226 -304 ) (-1174 1244 -304 ) 
4 197 199 (-1174 1226 -304 ) (-1174 1226 768 ) (-1174 1244 768 ) (-1174 1244 -304 ) 
4 197 198 (-1174 1264 768 ) (-1174 1264 -444 ) (-1174 1244 -444 ) (-1174 1244 768 ) 
4 197 201 (-1174 1226 -444 ) (-1174 1024 -444 ) (-1174 1024 768 ) (-1174 1226 768 ) 
4 198 207 (-1552 1264 768 ) (-1552 1264 -444 ) (-1552 1244 -444 ) (-1552 1244 768 ) 
4 198 203 (-1392 1264 -444 ) (-1174 1264 -444 ) (-1174 1244 -444 ) (-1392 1244 -444 ) 
4 198 200 (-1552 1244 -304 ) (-1552 1244 -444 ) (-1174 1244 -444 ) (-1174 1244 -304 ) 
4 198 199 (-1552 1244 768 ) (-1552 1244 -304 ) (-1174 1244 -304 ) (-1174 1244 768 ) 
4 199 208 (-1552 1226 -304 ) (-1552 1226 768 ) (-1552 1244 768 ) (-1552 1244 -304 ) 
4 199 201 (-1552 1226 768 ) (-1552 1226 -304 ) (-1174 1226 -304 ) (-1174 1226 768 ) 
4 199 200 (-1174 1226 -304 ) (-1552 1226 -304 ) (-1552 1244 -304 ) (-1174 1244 -304 ) 
4 200 209 (-1552 1244 -444 ) (-1552 1226 -444 ) (-1552 1226 -304 ) (-1552 1244 -304 ) 
4 200 204 (-1392 1244 -444 ) (-1174 1244 -444 ) (-1174 1226 -444 ) (-1392 1226 -444 ) 
4 200 201 (-1552 1226 -304 ) (-1552 1226 -444 ) (-1174 1226 -444 ) (-1174 1226 -304 ) 
4 201 227 (-1174 1024 768 ) (-1552 1024 768 ) (-1552 1024 -444 ) (-1174 1024 -444 ) 
4 201 211 (-1552 1226 -444 ) (-1552 1024 -444 ) (-1552 1024 768 ) (-1552 1226 768 ) 
4 201 206 (-1174 1024 -444 ) (-1392 1024 -444 ) (-1392 1226 -444 ) (-1174 1226 -444 ) 
4 202 234 (-1174 1024 -480 ) (-1024 1024 -480 ) (-1024 1024 -474.239990 ) (-1174 1024 -474.239990 ) 
4 202 228 (-1024 1024 -474.239990 ) (-1024 1024 -444 ) (-1174 1024 -444 ) (-1174 1024 -474.239990 ) 
4 202 205 (-1174 1244 -480 ) (-1174 1226 -480 ) (-1174 1226 -472 ) (-1174 1244 -472 ) 
4 202 204 (-1174 1226 -472 ) (-1174 1226 -444 ) (-1174 1244 -444 ) (-1174 1244 -472 ) 
4 202 203 (-1174 1264 -480 ) (-1174 1244 -480 ) (-1174 1244 -444 ) (-1174 1264 -444 ) 
4 202 206 (-1174 1226 -480 ) (-1174 1024 -480 ) (-1174 1024 -444 ) (-1174 1226 -444 ) 
4 202 213 (-1024 1024 -480 ) (-1174 1024 -480 ) (-1174 1264 -480 ) (-1024 1264 -480 ) 
4 203 205 (-1392 1244 -472 ) (-1392 1244 -480 ) (-1174 1244 -480 ) (-1174 1244 -472 ) 
4 203 204 (-1392 1244 -444 ) (-1392 1244 -472 ) (-1174 1244 -472 ) (-1174 1244 -444 ) 
4 203 213 (-1392 1244 -480 ) (-1392 1264 -480 ) (-1174 1264 -480 ) (-1174 1244 -480 ) 
4 204 206 (-1392 1226 -444 ) (-1392 1226 -472 ) (-1174 1226 -472 ) (-1174 1226 -444 ) 
4 204 205 (-1174 1226 -472 ) (-1392 1226 -472 ) (-1392 1244 -472 ) (-1174 1244 -472 ) 
4 205 213 (-1392 1226 -480 ) (-1392 1244 -480 ) (-1174 1244 -480 ) (-1174 1226 -480 ) 
4 205 206 (-1392 1226 -472 ) (-1392 1226 -480 ) (-1174 1226 -480 ) (-1174 1226 -472 ) 
4 206 234 (-1392 1024 -480 ) (-1174 1024 -480 ) (-1174 1024 -474.239990 ) (-1392 1024 -474.239990 ) 
4 206 228 (-1174 1024 -474.239990 ) (-1174 1024 -444 ) (-1392 1024 -444 ) (-1392 1024 -474.239990 ) 
4 206 213 (-1174 1024 -480 ) (-1392 1024 -480 ) (-1392 1226 -480 ) (-1174 1226 -480 ) 
4 207 209 (-1726 1244 -304 ) (-1726 1244 -472 ) (-1552 1244 -472 ) (-1552 1244 -304 ) 
4 207 208 (-1726 1244 768 ) (-1726 1244 -304 ) (-1552 1244 -304 ) (-1552 1244 768 ) 
4 207 210 (-1726 1244 -472 ) (-1726 1244 -480 ) (-1552 1244 -480 ) (-1552 1244 -472 ) 
4 207 213 (-1726 1244 -480 ) (-1726 1264 -480 ) (-1552 1264 -480 ) (-1552 1244 -480 ) 
4 207 212 (-1726 1264 768 ) (-1726 1264 -480 ) (-1726 1244 -480 ) (-1726 1244 768 ) 
4 208 211 (-1726 1226 768 ) (-1726 1226 -304 ) (-1552 1226 -304 ) (-1552 1226 768 ) 
4 208 212 (-1726 1226 -304 ) (-1726 1226 768 ) (-1726 1244 768 ) (-1726 1244 -304 ) 
4 208 209 (-1552 1226 -304 ) (-1726 1226 -304 ) (-1726 1244 -304 ) (-1552 1244 -304 ) 
4 209 210 (-1552 1226 -472 ) (-1726 1226 -472 ) (-1726 1244 -472 ) (-1552 1244 -472 ) 
4 209 211 (-1726 1226 -304 ) (-1726 1226 -472 ) (-1552 1226 -472 ) (-1552 1226 -304 ) 
4 209 212 (-1726 1226 -472 ) (-1726 1226 -304 ) (-1726 1244 -304 ) (-1726 1244 -472 ) 
4 210 212 (-1726 1244 -480 ) (-1726 1226 -480 ) (-1726 1226 -472 ) (-1726 1244 -472 ) 
4 210 213 (-1726 1226 -480 ) (-1726 1244 -480 ) (-1552 1244 -480 ) (-1552 1226 -480 ) 
4 210 211 (-1726 1226 -472 ) (-1726 1226 -480 ) (-1552 1226 -480 ) (-1552 1226 -472 ) 
4 211 242 (-1726 1024 -480 ) (-1552 1024 -480 ) (-1552 1024 -474.239990 ) (-1726 1024 -474.239990 ) 
4 211 230 (-1552 1024 -474.239990 ) (-1552 1024 -444 ) (-1726 1024 -444 ) (-1726 1024 -474.239990 ) 
4 211 227 (-1552 1024 -444 ) (-1552 1024 768 ) (-1726 1024 768 ) (-1726 1024 -444 ) 
4 211 212 (-1726 1226 -480 ) (-1726 1024 -480 ) (-1726 1024 768 ) (-1726 1226 768 ) 
4 211 213 (-1552 1024 -480 ) (-1726 1024 -480 ) (-1726 1226 -480 ) (-1552 1226 -480 ) 
4 212 247 (-2048 1024 -480 ) (-2048 1024 768 ) (-2048 1264 768 ) (-2048 1264 -480 ) 
4 212 242 (-1920 1024 -480 ) (-1726 1024 -480 ) (-1726 1024 -474.239990 ) (-1920 1024 -474.239990 ) 
4 212 243 (-2048 1024 -474.239990 ) (-2048 1024 -480 ) (-1920 1024 -480 ) (-1920 1024 -474.239990 ) 
4 212 230 (-1920 1024 -474.239990 ) (-1726 1024 -474.239990 ) (-1726 1024 -444 ) (-1920 1024 -444 ) 
4 212 231 (-2048 1024 -444 ) (-2048 1024 -474.239990 ) (-1920 1024 -474.239990 ) (-1920 1024 -444 ) 
4 212 227 (-2048 1024 768 ) (-2048 1024 -444 ) (-1726 1024 -444 ) (-1726 1024 768 ) 
4 212 213 (-1726 1024 -480 ) (-2048 1024 -480 ) (-2048 1264 -480 ) (-1726 1264 -480 ) 
4 213 247 (-2048 1024 -768 ) (-2048 1024 -480 ) (-2048 1264 -480 ) (-2048 1264 -768 ) 
4 213 246 (-2048 1024 -480 ) (-2048 1024 -768 ) (-1552 1024 -768 ) (-1552 1024 -480 ) 
4 213 241 (-1552 1024 -768 ) (-1024 1024 -768 ) (-1024 1024 -741.760010 ) (-1552 1024 -741.760010 ) 
4 213 236 (-1392 1024 -480 ) (-1523.199951 1024 -480 ) (-1523.199951 1024 -741.760010 ) (-1392 1024 -741.760010 ) 
4 213 238 (-1523.199951 1024 -480 ) (-1552 1024 -480 ) (-1552 1024 -741.760010 ) (-1523.199951 1024 -741.760010 ) 
4 213 234 (-1024 1024 -741.760010 ) (-1024 1024 -480 ) (-1392 1024 -480 ) (-1392 1024 -741.760010 ) 
4 214 292 (0 0 -474.239990 ) (0 0 768 ) (-544 0 768 ) (-544 0 -474.239990 ) 
4 214 225 (0 929.280029 -474.239990 ) (0 0 -474.239990 ) (-544 0 -474.239990 ) (-544 929.280029 -474.239990 ) 
4 214 221 (-544 1024 -474.239990 ) (0 1024 -474.239990 ) (0 929.280029 -474.239990 ) (-544 929.280029 -474.239990 ) 
4 214 219 (-544 936.959961 -474.239990 ) (-544 0 -474.239990 ) (-544 0 -444 ) (-544 816 -444 ) 
4 214 218 (-544 797.090881 -416 ) (-544 1024 -416 ) (-544 1024 -444 ) (-544 960 -444 ) 
4 214 217 (-544 0 -444 ) (-544 0 -416 ) (-544 704 -416 ) (-544 816 -444 ) 
3 214 216 (-544 0 -400 ) (-544 0 -279 ) (-544 704 -400 ) 
5 214 215 (-544 0 -279 ) (-544 0 768 ) (-544 1024 768 ) (-544 1024 -416 ) (-544 797.090942 -416 ) 
4 215 293 (-704 0 768 ) (-704 0 -279 ) (-544 0 -279 ) (-544 0 768 ) 
5 215 220 (-704 0 -279 ) (-704 0 768 ) (-704 1024 768 ) (-704 1024 -416 ) (-704 797.090942 -416 ) 
4 215 218 (-704 797.090942 -416 ) (-704 1024 -416 ) (-544 1024 -416 ) (-544 797.090942 -416 ) 
4 215 216 (-704 0 -279 ) (-704 704 -400 ) (-544 704 -400 ) (-544 0 -279 ) 
4 216 294 (-704 0 -290 ) (-704 0 -400 ) (-544 0 -400 ) (-544 0 -290 ) 
4 216 293 (-704 0 -279 ) (-704 0 -290 ) (-544 0 -290 ) (-544 0 -279 ) 
3 216 220 (-704 0 -400 ) (-704 0 -279 ) (-704 704 -400 ) 
4 217 295 (-704 0 -416 ) (-704 0 -444 ) (-544 0 -444 ) (-544 0 -416 ) 
4 217 220 (-704 0 -444 ) (-704 0 -416 ) (-704 704 -416 ) (-704 816 -444 ) 
4 217 219 (-704 0 -444 ) (-704 816 -444 ) (-544 816 -444 ) (-544 0 -444 ) 
4 218 220 (-704 797.090881 -416 ) (-704 1024 -416 ) (-704 1024 -444 ) (-704 960 -444 ) 
4 219 295 (-704 0 -444 ) (-704 0 -474.239990 ) (-544 0 -474.239990 ) (-544 0 -444 ) 
4 219 225 (-544 929.280029 -474.239990 ) (-544 0 -474.239990 ) (-704 0 -474.239990 ) (-704 929.280029 -474.239990 ) 
4 219 222 (-544 936.959961 -474.239990 ) (-544 929.280029 -474.239990 ) (-704 929.280029 -474.239990 ) (-704 936.959961 -474.239990 ) 
4 219 220 (-704 936.959961 -474.239990 ) (-704 0 -474.239990 ) (-704 0 -444 ) (-704 816 -444 ) 
4 220 297 (-1024 0 768 ) (-1024 0 -474.239990 ) (-704 0 -474.239990 ) (-704 0 768 ) 
4 220 228 (-1024 1024 -444 ) (-1024 1024 -474.239990 ) (-1024 0 -474.239990 ) (-1024 0 -444 ) 
4 220 227 (-1024 1024 768 ) (-1024 1024 -444 ) (-1024 0 -444 ) (-1024 0 768 ) 
4 220 225 (-704 929.280029 -474.239990 ) (-704 0 -474.239990 ) (-1024 0 -474.239990 ) (-1024 929.280029 -474.239990 ) 
4 220 224 (-1024 1024 -474.239990 ) (-704 1024 -474.239990 ) (-704 929.280029 -474.239990 ) (-1024 929.280029 -474.239990 ) 
4 221 226 (-544 929.280029 -768 ) (0 929.280029 -768 ) (0 929.280029 -741.760010 ) (-544 929.280029 -741.760010 ) 
4 221 225 (0 929.280029 -741.760010 ) (0 929.280029 -474.239990 ) (-544 929.280029 -474.239990 ) (-544 929.280029 -741.760010 ) 
4 221 222 (-544 929.280029 -480 ) (-544 929.280029 -474.239990 ) (-544 936.959961 -474.239990 ) (-544 960 -480 ) 
4 221 223 (-544 1024 -768 ) (-544 929.280029 -768 ) (-544 929.280029 -480 ) (-544 1024 -480 ) 
4 222 225 (-544 929.280029 -480 ) (-544 929.280029 -474.239990 ) (-704 929.280029 -474.239990 ) (-704 929.280029 -480 ) 
4 222 223 (-704 929.280029 -480 ) (-704 960 -480 ) (-544 960 -480 ) (-544 929.280029 -480 ) 
4 222 224 (-704 929.280029 -480 ) (-704 929.280029 -474.239990 ) (-704 936.959961 -474.239990 ) (-704 960 -480 ) 
4 223 226 (-704 929.280029 -768 ) (-544 929.280029 -768 ) (-544 929.280029 -741.760010 ) (-704 929.280029 -741.760010 ) 
4 223 225 (-544 929.280029 -741.760010 ) (-544 929.280029 -480 ) (-704 929.280029 -480 ) (-704 929.280029 -741.760010 ) 
4 223 224 (-704 1024 -768 ) (-704 929.280029 -768 ) (-704 929.280029 -480 ) (-704 1024 -480 ) 
4 224 241 (-1024 1024 -741.760010 ) (-1024 1024 -768 ) (-1024 929.280029 -768 ) (-1024 929.280029 -741.760010 ) 
4 224 234 (-1024 1024 -474.239990 ) (-1024 1024 -741.760010 ) (-1024 929.280029 -741.760010 ) (-1024 929.280029 -474.239990 ) 
4 224 226 (-1024 929.280029 -768 ) (-704 929.280029 -768 ) (-704 929.280029 -741.760010 ) (-1024 929.280029 -741.760010 ) 
4 224 225 (-704 929.280029 -741.760010 ) (-704 929.280029 -474.239990 ) (-1024 929.280029 -474.239990 ) (-1024 929.280029 -741.760010 ) 
4 225 300 (-544 0 -474.239990 ) (-704 0 -474.239990 ) (-704 0 -741.760010 ) (-544 0 -741.760010 ) 
4 225 299 (0 0 -741.760010 ) (0 0 -474.239990 ) (-544 0 -474.239990 ) (-544 0 -741.760010 ) 
4 225 301 (-704 0 -474.239990 ) (-1024 0 -474.239990 ) (-1024 0 -741.760010 ) (-704 0 -741.760010 ) 
4 225 235 (-1024 0 -741.760010 ) (-1024 0 -474.239990 ) (-1024 929.280029 -474.239990 ) (-1024 929.280029 -741.760010 ) 
4 225 226 (0 0 -741.760010 ) (-1024 0 -741.760010 ) (-1024 929.280029 -741.760010 ) (0 929.280029 -741.760010 ) 
4 226 302 (0 0 -768 ) (0 0 -741.760010 ) (-1024 0 -741.760010 ) (-1024 0 -768 ) 
4 226 241 (-1024 929.280029 -768 ) (-1024 0 -768 ) (-1024 0 -741.760010 ) (-1024 929.280029 -741.760010 ) 
4 227 308 (-1024 0 -444 ) (-1024 0 768 ) (-2048 0 768 ) (-2048 0 -444 ) 
4 227 248 (-2048 0 -444 ) (-2048 0 768 ) (-2048 1024 768 ) (-2048 1024 -444 ) 
4 227 232 (-1552 0 -444 ) (-1760 0 -444 ) (-1760 352 -444 ) (-1552 352 -444 ) 
4 227 233 (-1920 0 -444 ) (-2048 0 -444 ) (-2048 352 -444 ) (-1920 352 -444 ) 
4 227 230 (-1920 1024 -444 ) (-1552 1024 -444 ) (-1552 512 -444 ) (-1920 512 -444 ) 
4 227 231 (-2048 352 -444 ) (-2048 1024 -444 ) (-1920 1024 -444 ) (-1920 352 -444 ) 
4 227 229 (-1392 0 -444 ) (-1552 0 -444 ) (-1552 352 -444 ) (-1392 352 -444 ) 
4 227 228 (-1024 0 -444 ) (-1392 0 -444 ) (-1392 1024 -444 ) (-1024 1024 -444 ) 
4 228 309 (-1024 0 -474.239990 ) (-1024 0 -444 ) (-1392 0 -444 ) (-1392 0 -474.239990 ) 
4 228 235 (-1024 929.280029 -474.239990 ) (-1024 0 -474.239990 ) (-1392 0 -474.239990 ) (-1392 929.280029 -474.239990 ) 
4 228 234 (-1392 1024 -474.239990 ) (-1024 1024 -474.239990 ) (-1024 929.280029 -474.239990 ) (-1392 929.280029 -474.239990 ) 
4 228 229 (-1392 352 -474.239990 ) (-1392 0 -474.239990 ) (-1392 0 -444 ) (-1392 352 -444 ) 
4 229 309 (-1392 0 -444 ) (-1552 0 -444 ) (-1552 0 -474.239990 ) (-1392 0 -474.239990 ) 
4 229 240 (-1523.199951 0 -474.239990 ) (-1552 0 -474.239990 ) (-1552 352 -474.239990 ) (-1523.199951 352 -474.239990 ) 
4 229 239 (-1392 352 -474.239990 ) (-1392 0 -474.239990 ) (-1523.199951 0 -474.239990 ) (-1523.199951 352 -474.239990 ) 
4 229 232 (-1552 352 -474.239990 ) (-1552 0 -474.239990 ) (-1552 0 -444 ) (-1552 352 -444 ) 
4 230 242 (-1920 1024 -474.239990 ) (-1552 1024 -474.239990 ) (-1552 512 -474.239990 ) (-1920 512 -474.239990 ) 
4 230 231 (-1920 1024 -474.239990 ) (-1920 512 -474.239990 ) (-1920 512 -444 ) (-1920 1024 -444 ) 
4 231 248 (-2048 352 -444 ) (-2048 1024 -444 ) (-2048 1024 -474.239990 ) (-2048 352 -474.239990 ) 
4 231 243 (-2048 352 -474.239990 ) (-2048 1024 -474.239990 ) (-1920 1024 -474.239990 ) (-1920 352 -474.239990 ) 
4 231 233 (-2048 352 -474.239990 ) (-1920 352 -474.239990 ) (-1920 352 -444 ) (-2048 352 -444 ) 
4 232 309 (-1552 0 -444 ) (-1760 0 -444 ) (-1760 0 -474.239990 ) (-1552 0 -474.239990 ) 
4 232 244 (-1760 352 -474.239990 ) (-1552 352 -474.239990 ) (-1552 0 -474.239990 ) (-1760 0 -474.239990 ) 
4 233 310 (-1920 0 -444 ) (-2048 0 -444 ) (-2048 0 -474.239990 ) (-1920 0 -474.239990 ) 
4 233 248 (-2048 0 -474.239990 ) (-2048 0 -444 ) (-2048 352 -444 ) (-2048 352 -474.239990 ) 
4 233 245 (-2048 0 -474.239990 ) (-2048 352 -474.239990 ) (-1920 352 -474.239990 ) (-1920 0 -474.239990 ) 
4 234 241 (-1392 1024 -741.760010 ) (-1024 1024 -741.760010 ) (-1024 929.280029 -741.760010 ) (-1392 929.280029 -741.760010 ) 
4 234 236 (-1392 1024 -741.760010 ) (-1392 929.280029 -741.760010 ) (-1392 929.280029 -480 ) (-1392 1024 -480 ) 
4 234 235 (-1392 929.280029 -474.239990 ) (-1392 929.280029 -741.760010 ) (-1024 929.280029 -741.760010 ) (-1024 929.280029 -474.239990 ) 
4 235 315 (-1024 0 -741.760010 ) (-1024 0 -480 ) (-1392 0 -480 ) (-1392 0 -741.760010 ) 
4 235 312 (-1024 0 -480 ) (-1024 0 -474.239990 ) (-1392 0 -474.239990 ) (-1392 0 -480 ) 
4 235 241 (-1024 929.280029 -741.760010 ) (-1024 0 -741.760010 ) (-1392 0 -741.760010 ) (-1392 929.280029 -741.760010 ) 
4 235 239 (-1392 352 -741.760010 ) (-1392 0 -741.760010 ) (-1392 0 -474.239990 ) (-1392 352 -474.239990 ) 
4 235 237 (-1392 929.280029 -741.760010 ) (-1392 352 -741.760010 ) (-1392 352 -480 ) (-1392 929.280029 -480 ) 
4 236 241 (-1523.199951 1024 -741.760010 ) (-1392 1024 -741.760010 ) (-1392 929.280029 -741.760010 ) (-1523.199951 929.280029 -741.760010 ) 
4 236 238 (-1523.199951 1024 -741.760010 ) (-1523.199951 929.280029 -741.760010 ) (-1523.199951 929.280029 -480 ) (-1523.199951 1024 -480 ) 
4 236 237 (-1523.199951 929.280029 -480 ) (-1523.199951 929.280029 -741.760010 ) (-1392 929.280029 -741.760010 ) (-1392 929.280029 -480 ) 
4 237 241 (-1392 929.280029 -741.760010 ) (-1392 352 -741.760010 ) (-1523.199951 352 -741.760010 ) (-1523.199951 929.280029 -741.760010 ) 
4 237 239 (-1523.199951 352 -741.760010 ) (-1392 352 -741.760010 ) (-1392 352 -480 ) (-1523.199951 352 -480 ) 
4 237 238 (-1523.199951 929.280029 -741.760010 ) (-1523.199951 352 -741.760010 ) (-1523.199951 352 -480 ) (-1523.199951 929.280029 -480 ) 
4 238 246 (-1552 1024 -480 ) (-1552 1024 -741.760010 ) (-1552 352 -741.760010 ) (-1552 352 -480 ) 
4 238 241 (-1552 352 -741.760010 ) (-1552 1024 -741.760010 ) (-1523.199951 1024 -741.760010 ) (-1523.199951 352 -741.760010 ) 
4 238 240 (-1552 352 -480 ) (-1552 352 -741.760010 ) (-1523.199951 352 -741.760010 ) (-1523.199951 352 -480 ) 
4 239 315 (-1523.199951 0 -480 ) (-1523.199951 0 -741.760010 ) (-1392 0 -741.760010 ) (-1392 0 -480 ) 
4 239 312 (-1392 0 -474.239990 ) (-1523.199951 0 -474.239990 ) (-1523.199951 0 -480 ) (-1392 0 -480 ) 
4 239 241 (-1523.199951 352 -741.760010 ) (-1392 352 -741.760010 ) (-1392 0 -741.760010 ) (-1523.199951 0 -741.760010 ) 
4 239 240 (-1523.199951 352 -474.239990 ) (-1523.199951 352 -741.760010 ) (-1523.199951 0 -741.760010 ) (-1523.199951 0 -474.239990 ) 
4 240 317 (-1552 0 -480 ) (-1552 0 -741.760010 ) (-1523.199951 0 -741.760010 ) (-1523.199951 0 -480 ) 
4 240 313 (-1523.199951 0 -474.239990 ) (-1552 0 -474.239990 ) (-1552 0 -480 ) (-1523.199951 0 -480 ) 
4 240 246 (-1552 352 -480 ) (-1552 352 -741.760010 ) (-1552 0 -741.760010 ) (-1552 0 -480 ) 
4 240 244 (-1552 0 -474.239990 ) (-1552 352 -474.239990 ) (-1552 352 -480 ) (-1552 0 -480 ) 
4 240 241 (-1552 0 -741.760010 ) (-1552 352 -741.760010 ) (-1523.199951 352 -741.760010 ) (-1523.199951 0 -741.760010 ) 
4 241 318 (-1024 0 -768 ) (-1024 0 -741.760010 ) (-1552 0 -741.760010 ) (-1552 0 -768 ) 
4 241 246 (-1552 1024 -741.760010 ) (-1552 1024 -768 ) (-1552 0 -768 ) (-1552 0 -741.760010 ) 
4 242 246 (-1920 1024 -480 ) (-1552 1024 -480 ) (-1552 512 -480 ) (-1920 512 -480 ) 
4 242 243 (-1920 1024 -480 ) (-1920 512 -480 ) (-1920 512 -474.239990 ) (-1920 1024 -474.239990 ) 
4 243 248 (-2048 352 -474.239990 ) (-2048 1024 -474.239990 ) (-2048 1024 -480 ) (-2048 352 -480 ) 
4 243 246 (-2048 352 -480 ) (-2048 1024 -480 ) (-1920 1024 -480 ) (-1920 352 -480 ) 
4 243 245 (-2048 352 -480 ) (-1920 352 -480 ) (-1920 352 -474.239990 ) (-2048 352 -474.239990 ) 
4 244 313 (-1552 0 -480 ) (-1552 0 -474.239990 ) (-1760 0 -474.239990 ) (-1760 0 -480 ) 
4 244 246 (-1760 352 -480 ) (-1552 352 -480 ) (-1552 0 -480 ) (-1760 0 -480 ) 
4 245 314 (-1920 0 -474.239990 ) (-2048 0 -474.239990 ) (-2048 0 -480 ) (-1920 0 -480 ) 
4 245 248 (-2048 0 -480 ) (-2048 0 -474.239990 ) (-2048 352 -474.239990 ) (-2048 352 -480 ) 
4 245 246 (-2048 0 -480 ) (-2048 352 -480 ) (-1920 352 -480 ) (-1920 0 -480 ) 
4 246 318 (-1552 0 -768 ) (-1552 0 -741.760010 ) (-2048 0 -741.760010 ) (-2048 0 -768 ) 
4 246 317 (-1552 0 -741.760010 ) (-1552 0 -480 ) (-2048 0 -480 ) (-2048 0 -741.760010 ) 
4 246 248 (-2048 0 -768 ) (-2048 0 -480 ) (-2048 1024 -480 ) (-2048 1024 -768 ) 
4 247 248 (-2048 1024 -768 ) (-2048 1024 768 ) (-2150.399902 1024 768 ) (-2150.399902 1024 -768 ) 
4 248 332 (-2048 0 -768 ) (-2048 0 768 ) (-2150.399902 0 768 ) (-2150.399902 0 -768 ) 
4 249 259 (2048 0 -480 ) (2048 0 -768 ) (2048 -1024 -768 ) (2048 -1024 -480 ) 
4 249 256 (2048 0 -418 ) (2048 0 -480 ) (2048 -1024 -480 ) (2048 -1024 -418 ) 
4 249 252 (2048 0 -258 ) (2048 0 -418 ) (2048 -1024 -418 ) (2048 -1024 -258 ) 
4 249 251 (2048 0 768 ) (2048 0 -258 ) (2048 -1024 -258 ) (2048 -1024 768 ) 
4 249 250 (2150.399902 -1024 768 ) (2048 -1024 768 ) (2048 -1024 -768 ) (2150.399902 -1024 -768 ) 
4 250 284 (2048 -1612.800171 768 ) (2048 -1280 768 ) (2048 -1280 -768 ) (2048 -1612.800171 -768 ) 
4 250 276 (2048 -1280 768 ) (2048 -1024 768 ) (2048 -1024 -768 ) (2048 -1280 -768 ) 
4 251 281 (1440 -1024 768 ) (1280 -1024 768 ) (1280 -1024 -258 ) (1440 -1024 -258 ) 
4 251 280 (1932 -1024 768 ) (1440 -1024 768 ) (1440 -1024 -258 ) (1932 -1024 -258 ) 
4 251 283 (1280 -1024 768 ) (1024 -1024 768 ) (1024 -1024 -258 ) (1280 -1024 -258 ) 
4 251 277 (1948 -1024 768 ) (1932 -1024 768 ) (1932 -1024 -258 ) (1948 -1024 -258 ) 
4 251 276 (2048 -1024 -258 ) (2048 -1024 768 ) (1948 -1024 768 ) (1948 -1024 -258 ) 
4 251 261 (1024 0 -252 ) (1024 0 -258 ) (1024 -1024 -258 ) (1024 -1024 -252 ) 
4 251 260 (1024 0 768 ) (1024 0 -252 ) (1024 -1024 -252 ) (1024 -1024 768 ) 
4 251 253 (1932 -616 -258 ) (1932 0 -258 ) (1948 0 -258 ) (1948 -616 -258 ) 
4 251 254 (1932 -880 -258 ) (1932 -856 -258 ) (1948 -856 -258 ) (1948 -880 -258 ) 
4 251 252 (2048 -1024 -258 ) (1948 -1024 -258 ) (1948 0 -258 ) (2048 0 -258 ) 
4 251 255 (1932 -1024 -258 ) (1024 -1024 -258 ) (1024 0 -258 ) (1932 0 -258 ) 
4 252 276 (2048 -1024 -418 ) (2048 -1024 -258 ) (1948 -1024 -258 ) (1948 -1024 -418 ) 
4 252 256 (1948 0 -418 ) (2048 0 -418 ) (2048 -1024 -418 ) (1948 -1024 -418 ) 
4 252 253 (1948 0 -418 ) (1948 -616 -418 ) (1948 -616 -258 ) (1948 0 -258 ) 
4 252 254 (1948 -856 -418 ) (1948 -880 -418 ) (1948 -880 -258 ) (1948 -856 -258 ) 
4 253 256 (1932 0 -418 ) (1948 0 -418 ) (1948 -616 -418 ) (1932 -616 -418 ) 
4 253 255 (1932 0 -418 ) (1932 -616 -418 ) (1932 -616 -258 ) (1932 0 -258 ) 
4 254 256 (1948 -856 -418 ) (1948 -880 -418 ) (1932 -880 -418 ) (1932 -856 -418 ) 
4 254 255 (1932 -856 -418 ) (1932 -880 -418 ) (1932 -880 -258 ) (1932 -856 -258 ) 
4 255 281 (1440 -1024 -258 ) (1280 -1024 -258 ) (1280 -1024 -418 ) (1440 -1024 -418 ) 
4 255 280 (1932 -1024 -258 ) (1440 -1024 -258 ) (1440 -1024 -418 ) (1932 -1024 -418 ) 
4 255 283 (1280 -1024 -258 ) (1024 -1024 -258 ) (1024 -1024 -418 ) (1280 -1024 -418 ) 
4 255 261 (1024 0 -258 ) (1024 0 -276 ) (1024 -1024 -276 ) (1024 -1024 -258 ) 
4 255 264 (1024 0 -276 ) (1024 0 -418 ) (1024 -1024 -418 ) (1024 -1024 -276 ) 
4 255 257 (1280 0 -418 ) (1440 0 -418 ) (1440 -1024 -418 ) (1280 -1024 -418 ) 
4 255 256 (1440 0 -418 ) (1932 0 -418 ) (1932 -1024 -418 ) (1440 -1024 -418 ) 
4 255 258 (1024 -1024 -418 ) (1024 0 -418 ) (1280 0 -418 ) (1280 -1024 -418 ) 
4 256 280 (1932 -1024 -418 ) (1440 -1024 -418 ) (1440 -1024 -480 ) (1932 -1024 -480 ) 
4 256 278 (1948 -1024 -418 ) (1932 -1024 -418 ) (1932 -1024 -480 ) (1948 -1024 -480 ) 
4 256 276 (2048 -1024 -480 ) (2048 -1024 -418 ) (1948 -1024 -418 ) (1948 -1024 -480 ) 
4 256 259 (2048 -1024 -480 ) (1440 -1024 -480 ) (1440 0 -480 ) (2048 0 -480 ) 
4 256 257 (1440 -1024 -444 ) (1440 -1024 -418 ) (1440 0 -418 ) (1440 0 -444 ) 
4 257 281 (1440 -1024 -418 ) (1280 -1024 -418 ) (1280 -1024 -444 ) (1440 -1024 -444 ) 
4 257 258 (1280 -1024 -444 ) (1280 -1024 -418 ) (1280 0 -418 ) (1280 0 -444 ) 
4 258 283 (1280 -1024 -418 ) (1024 -1024 -418 ) (1024 -1024 -480 ) (1280 -1024 -480 ) 
4 258 272 (1024 0 -474.239990 ) (1024 0 -480 ) (1024 -1024 -480 ) (1024 -1024 -474.239990 ) 
4 258 268 (1024 0 -428 ) (1024 0 -474.239990 ) (1024 -1024 -474.239990 ) (1024 -1024 -428 ) 
4 258 265 (1024 0 -420 ) (1024 0 -428 ) (1024 -1024 -428 ) (1024 -1024 -420 ) 
4 258 264 (1024 0 -418 ) (1024 0 -420 ) (1024 -1024 -420 ) (1024 -1024 -418 ) 
4 258 259 (1280 -1024 -480 ) (1024 -1024 -480 ) (1024 0 -480 ) (1280 0 -480 ) 
4 259 282 (1440 -1024 -480 ) (1280 -1024 -480 ) (1280 -1024 -768 ) (1440 -1024 -768 ) 
4 259 280 (1932 -1024 -480 ) (1440 -1024 -480 ) (1440 -1024 -768 ) (1932 -1024 -768 ) 
4 259 283 (1280 -1024 -480 ) (1024 -1024 -480 ) (1024 -1024 -768 ) (1280 -1024 -768 ) 
4 259 278 (1948 -1024 -480 ) (1932 -1024 -480 ) (1932 -1024 -768 ) (1948 -1024 -768 ) 
4 259 276 (2048 -1024 -768 ) (2048 -1024 -480 ) (1948 -1024 -480 ) (1948 -1024 -768 ) 
4 259 272 (1024 0 -480 ) (1024 0 -768 ) (1024 -1024 -768 ) (1024 -1024 -480 ) 
4 260 292 (0 0 768 ) (0 0 -252 ) (0 -1024 -252 ) (0 -1024 768 ) 
4 260 288 (1024 -1024 -252 ) (1024 -1024 768 ) (0 -1024 768 ) (0 -1024 -252 ) 
4 260 263 (943.233948 -32 -252 ) (943.234009 -1024 -252 ) (936.765991 -1024 -252 ) (936.765991 -32 -252 ) 
4 260 262 (0 0 -252 ) (936.765991 0 -252 ) (936.765991 -1024 -252 ) (0 -1024 -252 ) 
4 260 261 (943.233948 0 -252 ) (1024 0 -252 ) (1024 -1024 -252 ) (943.234009 -1024 -252 ) 
4 261 288 (1024 -1024 -276 ) (1024 -1024 -252 ) (943.234009 -1024 -252 ) (980 -1024 -276 ) 
4 261 263 (943.234375 -1024 -252 ) (943.234375 -32 -252 ) (980 -72 -276 ) (980 -1024 -276 ) 
4 261 264 (1024 -1024 -276 ) (980 -1024 -276 ) (980 0 -276 ) (1024 0 -276 ) 
4 262 292 (0 0 -252 ) (0 0 -276 ) (0 -1024 -276 ) (0 -1024 -252 ) 
4 262 288 (936.765991 -1024 -252 ) (0 -1024 -252 ) (0 -1024 -276 ) (904 -1024 -276 ) 
4 262 263 (904.001892 -1024 -276 ) (904.001953 -72 -276 ) (936.767700 -32 -252 ) (936.767700 -1024 -252 ) 
4 262 264 (904 -1024 -276 ) (0 -1024 -276 ) (0 0 -276 ) (904 0 -276 ) 
4 263 288 (943.234009 -1024 -252 ) (936.765991 -1024 -252 ) (904 -1024 -276 ) (980 -1024 -276 ) 
4 263 264 (980 -1024 -276 ) (904 -1024 -276 ) (904 -72 -276 ) (980 -72 -276 ) 
4 264 292 (0 0 -276 ) (0 0 -420 ) (0 -1024 -420 ) (0 -1024 -276 ) 
4 264 288 (1024 -1024 -420 ) (1024 -1024 -276 ) (0 -1024 -276 ) (0 -1024 -420 ) 
4 264 266 (972 -72 -420 ) (972 -1024 -420 ) (892 -1024 -420 ) (892 -72 -420 ) 
4 264 265 (972 0 -420 ) (1024 0 -420 ) (1024 -1024 -420 ) (972 -1024 -420 ) 
4 264 267 (0 0 -420 ) (892 0 -420 ) (892 -1024 -420 ) (0 -1024 -420 ) 
4 265 288 (1024 -1024 -428 ) (1024 -1024 -420 ) (972 -1024 -420 ) (972 -1024 -428 ) 
4 265 268 (972 0 -428 ) (1024 0 -428 ) (1024 -1024 -428 ) (972 -1024 -428 ) 
4 265 266 (972 -72 -428 ) (972 -1024 -428 ) (972 -1024 -420 ) (972 -72 -420 ) 
4 266 288 (972 -1024 -420 ) (892 -1024 -420 ) (892 -1024 -428 ) (972 -1024 -428 ) 
4 266 271 (972 -72 -428 ) (972 -1024 -428 ) (892 -1024 -428 ) (892 -72 -428 ) 
4 266 267 (892 -72 -428 ) (892 -1024 -428 ) (892 -1024 -420 ) (892 -72 -420 ) 
4 267 292 (0 0 -420 ) (0 0 -428 ) (0 -1024 -428 ) (0 -1024 -420 ) 
4 267 288 (892 -1024 -420 ) (0 -1024 -420 ) (0 -1024 -428 ) (892 -1024 -428 ) 
4 267 269 (0 0 -428 ) (892 0 -428 ) (892 -72 -428 ) (0 -72 -428 ) 
4 267 271 (892 -72 -428 ) (892 -1024 -428 ) (0 -1024 -428 ) (0 -72 -428 ) 
4 268 288 (1024 -1024 -474.239990 ) (1024 -1024 -428 ) (972 -1024 -428 ) (972 -1024 -474.239990 ) 
4 268 273 (972 0 -474.239990 ) (1011.200073 0 -474.239990 ) (1011.200073 -929.280029 -474.239990 ) (972 -929.280029 -474.239990 ) 
4 268 275 (1011.200073 -929.280029 -474.239990 ) (1011.200073 -1024 -474.239990 ) (972 -1024 -474.239990 ) (972 -929.280029 -474.239990 ) 
4 268 272 (1011.200073 0 -474.239990 ) (1024 0 -474.239990 ) (1024 -1024 -474.239990 ) (1011.200073 -1024 -474.239990 ) 
4 268 270 (972 0 -474.239990 ) (972 -72 -474.239990 ) (972 -72 -452 ) (972 0 -452 ) 
4 268 271 (972 -72 -474.239990 ) (972 -1024 -474.239990 ) (972 -1024 -428 ) (972 -72 -428 ) 
4 269 292 (0 0 -428 ) (0 0 -452 ) (0 -72 -452 ) (0 -72 -428 ) 
4 269 270 (940 -72 -452 ) (0 -72 -452 ) (0 0 -452 ) (940 0 -452 ) 
4 269 271 (908 -72 -428 ) (0 -72 -428 ) (0 -72 -452 ) (940 -72 -452 ) 
4 270 292 (0 0 -452 ) (0 0 -474.239990 ) (0 -72 -474.239990 ) (0 -72 -452 ) 
4 270 273 (0 0 -474.239990 ) (972 0 -474.239990 ) (972 -72 -474.239990 ) (0 -72 -474.239990 ) 
4 270 271 (0 -72 -474.239990 ) (972 -72 -474.239990 ) (972 -72 -452 ) (0 -72 -452 ) 
4 271 292 (0 -72 -474.239990 ) (0 -1024 -474.239990 ) (0 -1024 -428 ) (0 -72 -428 ) 
4 271 288 (972 -1024 -428 ) (0 -1024 -428 ) (0 -1024 -474.239990 ) (972 -1024 -474.239990 ) 
4 271 273 (972 -72 -474.239990 ) (972 -929.280029 -474.239990 ) (0 -929.280029 -474.239990 ) (0 -72 -474.239990 ) 
4 271 275 (972 -929.280029 -474.239990 ) (972 -1024 -474.239990 ) (0 -1024 -474.239990 ) (0 -929.280029 -474.239990 ) 
4 272 288 (1024 -1024 -768 ) (1024 -1024 -474.239990 ) (1011.200073 -1024 -474.239990 ) (1011.200073 -1024 -768 ) 
4 272 274 (1011.200073 0 -768 ) (1011.200073 -929.280029 -768 ) (1011.200073 -929.280029 -741.760010 ) (1011.200073 0 -741.760010 ) 
4 272 273 (1011.200073 -929.280029 -741.760010 ) (1011.200073 -929.280029 -474.239990 ) (1011.200073 0 -474.239990 ) (1011.200073 0 -741.760010 ) 
4 272 275 (1011.200073 -929.280029 -768 ) (1011.200073 -1024 -768 ) (1011.200073 -1024 -474.239990 ) (1011.200073 -929.280029 -474.239990 ) 
4 273 303 (0 -896 -741.760010 ) (0 -929.280029 -741.760010 ) (0 -929.280029 -474.239990 ) (0 -896 -474.239990 ) 
4 273 299 (0 0 -474.239990 ) (0 0 -741.760010 ) (0 -896 -741.760010 ) (0 -896 -474.239990 ) 
4 273 275 (1011.200073 -929.280029 -741.760010 ) (1011.200073 -929.280029 -474.239990 ) (0 -929.280029 -474.239990 ) (0 -929.280029 -741.760010 ) 
4 273 274 (1011.200073 -929.280029 -741.760010 ) (0 -929.280029 -741.760010 ) (0 0 -741.760010 ) (1011.200073 0 -741.760010 ) 
4 274 307 (0 -896 -768 ) (0 -929.280029 -768 ) (0 -929.280029 -741.760010 ) (0 -896 -741.760010 ) 
4 274 302 (0 0 -741.760010 ) (0 0 -768 ) (0 -896 -768 ) (0 -896 -741.760010 ) 
4 274 275 (0 -929.280029 -768 ) (1011.200073 -929.280029 -768 ) (1011.200073 -929.280029 -741.760010 ) (0 -929.280029 -741.760010 ) 
4 275 304 (0 -1024 -741.760010 ) (0 -1024 -474.239990 ) (0 -929.280029 -474.239990 ) (0 -929.280029 -741.760010 ) 
4 275 307 (0 -929.280029 -768 ) (0 -1024 -768 ) (0 -1024 -741.760010 ) (0 -929.280029 -741.760010 ) 
4 275 288 (1011.200073 -1024 -474.239990 ) (0 -1024 -474.239990 ) (0 -1024 -768 ) (1011.200073 -1024 -768 ) 
4 276 284 (1948 -1280 -768 ) (2048 -1280 -768 ) (2048 -1280 768 ) (1948 -1280 768 ) 
4 276 277 (1948 -1120 -258 ) (1948 -1120 768 ) (1948 -1024 768 ) (1948 -1024 -258 ) 
4 276 278 (1948 -1024 -768 ) (1948 -1120 -768 ) (1948 -1120 -418 ) (1948 -1024 -418 ) 
4 276 279 (1948 -1120 -768 ) (1948 -1280 -768 ) (1948 -1280 768 ) (1948 -1120 768 ) 
4 277 280 (1932 -1120 -258 ) (1932 -1120 768 ) (1932 -1024 768 ) (1932 -1024 -258 ) 
4 277 279 (1932 -1120 768 ) (1932 -1120 -258 ) (1948 -1120 -258 ) (1948 -1120 768 ) 
4 278 280 (1932 -1024 -768 ) (1932 -1120 -768 ) (1932 -1120 -418 ) (1932 -1024 -418 ) 
4 278 279 (1932 -1120 -418 ) (1932 -1120 -768 ) (1948 -1120 -768 ) (1948 -1120 -418 ) 
4 279 284 (1932 -1280 -768 ) (1948 -1280 -768 ) (1948 -1280 768 ) (1932 -1280 768 ) 
4 279 280 (1932 -1120 -768 ) (1932 -1280 -768 ) (1932 -1280 768 ) (1932 -1120 768 ) 
4 280 284 (1440 -1280 -768 ) (1932 -1280 -768 ) (1932 -1280 768 ) (1440 -1280 768 ) 
4 280 281 (1440 -1280 -444 ) (1440 -1280 768 ) (1440 -1024 768 ) (1440 -1024 -444 ) 
4 280 282 (1440 -1024 -768 ) (1440 -1280 -768 ) (1440 -1280 -480 ) (1440 -1024 -480 ) 
4 281 285 (1440 -1280 -444 ) (1440 -1280 768 ) (1280 -1280 768 ) (1280 -1280 -444 ) 
4 281 283 (1280 -1280 -444 ) (1280 -1280 768 ) (1280 -1024 768 ) (1280 -1024 -444 ) 
4 282 286 (1280 -1280 -768 ) (1440 -1280 -768 ) (1440 -1280 -480 ) (1280 -1280 -480 ) 
4 282 283 (1280 -1024 -768 ) (1280 -1280 -768 ) (1280 -1280 -480 ) (1280 -1024 -480 ) 
4 283 288 (1024 -1024 768 ) (1024 -1024 -768 ) (1024 -1280 -768 ) (1024 -1280 768 ) 
4 283 285 (1280 -1280 -444 ) (1280 -1280 768 ) (1024 -1280 768 ) (1024 -1280 -444 ) 
4 283 286 (1024 -1280 -768 ) (1280 -1280 -768 ) (1280 -1280 -480 ) (1024 -1280 -480 ) 
4 284 285 (1440 -1280 768 ) (1440 -1280 -444 ) (1440 -1440 -444 ) (1440 -1440 768 ) 
4 284 286 (1440 -1280 -480 ) (1440 -1280 -768 ) (1440 -1440 -768 ) (1440 -1440 -480 ) 
4 284 287 (1440 -1440 -768 ) (1440 -1612.800171 -768 ) (1440 -1612.800171 768 ) (1440 -1440 768 ) 
4 285 289 (1024 -1440 -444 ) (1024 -1440 768 ) (1024 -1280 768 ) (1024 -1280 -444 ) 
4 285 287 (1440 -1440 -444 ) (1440 -1440 768 ) (1024 -1440 768 ) (1024 -1440 -444 ) 
4 286 290 (1024 -1280 -768 ) (1024 -1440 -768 ) (1024 -1440 -480 ) (1024 -1280 -480 ) 
4 286 287 (1024 -1440 -768 ) (1440 -1440 -768 ) (1440 -1440 -480 ) (1024 -1440 -480 ) 
4 287 291 (1024 -1440 -768 ) (1024 -1612.800171 -768 ) (1024 -1612.800171 768 ) (1024 -1440 768 ) 
4 288 325 (0 -1024 -480 ) (0 -1024 -768 ) (0 -1280 -768 ) (0 -1280 -480 ) 
4 288 321 (0 -1056 -480 ) (0 -1280 -480 ) (0 -1280 -444 ) (0 -1056 -444 ) 
4 288 320 (0 -1024 -444 ) (0 -1024 -480 ) (0 -1056 -480 ) (0 -1056 -444 ) 
4 288 319 (0 -1280 768 ) (0 -1024 768 ) (0 -1024 -444 ) (0 -1280 -444 ) 
4 288 289 (1024 -1280 -444 ) (1024 -1280 768 ) (0 -1280 768 ) (0 -1280 -444 ) 
4 288 290 (0 -1280 -768 ) (1024 -1280 -768 ) (1024 -1280 -480 ) (0 -1280 -480 ) 
4 289 319 (0 -1440 768 ) (0 -1280 768 ) (0 -1280 -444 ) (0 -1440 -444 ) 
4 289 291 (1024 -1440 -444 ) (1024 -1440 768 ) (0 -1440 768 ) (0 -1440 -444 ) 
4 290 325 (0 -1280 -480 ) (0 -1280 -768 ) (0 -1440 -768 ) (0 -1440 -480 ) 
4 290 291 (0 -1440 -768 ) (1024 -1440 -768 ) (1024 -1440 -480 ) (0 -1440 -480 ) 
4 291 325 (0 -1440 -480 ) (0 -1440 -768 ) (0 -1612.800171 -768 ) (0 -1612.800171 -480 ) 
4 291 322 (0 -1440 -444 ) (0 -1440 -480 ) (0 -1612.800171 -480 ) (0 -1612.800171 -444 ) 
4 291 319 (0 -1612.800171 768 ) (0 -1440 768 ) (0 -1440 -444 ) (0 -1612.800171 -444 ) 
4 292 320 (0 -1024 -474.239990 ) (0 -1024 -444 ) (-544 -1024 -444 ) (-544 -1024 -474.239990 ) 
4 292 319 (0 -1024 -444 ) (0 -1024 768 ) (-544 -1024 768 ) (-544 -1024 -444 ) 
4 292 304 (0 -1024 -474.239990 ) (-544 -1024 -474.239990 ) (-544 -929.280029 -474.239990 ) (0 -929.280029 -474.239990 ) 
4 292 303 (-544 -929.280029 -474.239990 ) (-544 -896 -474.239990 ) (0 -896 -474.239990 ) (0 -929.280029 -474.239990 ) 
4 292 299 (-544 -896 -474.239990 ) (-544 0 -474.239990 ) (0 0 -474.239990 ) (0 -896 -474.239990 ) 
4 292 298 (-544 -1024 -444 ) (-544 -1024 768 ) (-544 -896 768 ) (-544 -896 -444 ) 
3 292 296 (-544 -896 -444 ) (-544 -896 -416 ) (-544 -733.090942 -416 ) 
4 292 295 (-544 0 -474.239990 ) (-544 -872.959961 -474.239990 ) (-544 -640 -416 ) (-544 0 -416 ) 
3 292 294 (-544 0 -290 ) (-544 0 -400 ) (-544 -640 -400 ) 
5 292 293 (-544 -896 -416 ) (-544 -896 768 ) (-544 0 768 ) (-544 0 -290 ) (-544 -733.090881 -416 ) 
4 293 298 (-544 -896 -416 ) (-544 -896 768 ) (-704 -896 768 ) (-704 -896 -416 ) 
4 293 296 (-544 -896 -416 ) (-704 -896 -416 ) (-704 -733.090942 -416 ) (-544 -733.090881 -416 ) 
4 293 294 (-704 -640 -400 ) (-704 0 -290 ) (-544 0 -290 ) (-544 -640 -400 ) 
5 293 297 (-704 -896 -416 ) (-704 -896 768 ) (-704 0 768 ) (-704 0 -290 ) (-704 -733.090881 -416 ) 
3 294 297 (-704 0 -290 ) (-704 0 -400 ) (-704 -640 -400 ) 
4 295 300 (-704 0 -474.239990 ) (-544 0 -474.239990 ) (-544 -872.959961 -474.239990 ) (-704 -872.959961 -474.239990 ) 
4 295 297 (-704 0 -474.239990 ) (-704 -872.959961 -474.239990 ) (-704 -640 -416 ) (-704 0 -416 ) 
4 296 298 (-544 -896 -444 ) (-544 -896 -416 ) (-704 -896 -416 ) (-704 -896 -444 ) 
3 296 297 (-704 -896 -444 ) (-704 -896 -416 ) (-704 -733.090942 -416 ) 
4 297 309 (-1024 0 -444 ) (-1024 0 -474.239990 ) (-1024 -896 -474.239990 ) (-1024 -896 -444 ) 
4 297 308 (-1024 0 768 ) (-1024 0 -444 ) (-1024 -896 -444 ) (-1024 -896 768 ) 
4 297 301 (-1024 -896 -474.239990 ) (-1024 0 -474.239990 ) (-704 0 -474.239990 ) (-704 -896 -474.239990 ) 
4 297 298 (-704 -896 -444 ) (-704 -896 768 ) (-1024 -896 768 ) (-1024 -896 -444 ) 
4 298 319 (-1024 -1024 768 ) (-1024 -1024 -444 ) (-544 -1024 -444 ) (-544 -1024 768 ) 
4 298 308 (-1024 -1024 -444 ) (-1024 -1024 768 ) (-1024 -896 768 ) (-1024 -896 -444 ) 
4 299 303 (0 -896 -741.760010 ) (0 -896 -474.239990 ) (-544 -896 -474.239990 ) (-544 -896 -741.760010 ) 
5 299 300 (-544 0 -741.760010 ) (-544 -896 -741.760010 ) (-544 -896 -480 ) (-544 -872.959961 -474.239990 ) (-544 0 -474.239990 ) 
4 299 302 (0 -896 -741.760010 ) (-544 -896 -741.760010 ) (-544 0 -741.760010 ) (0 0 -741.760010 ) 
4 300 305 (-704 -896 -480 ) (-704 -896 -741.760010 ) (-544 -896 -741.760010 ) (-544 -896 -480 ) 
4 300 302 (-544 -896 -741.760010 ) (-704 -896 -741.760010 ) (-704 0 -741.760010 ) (-544 0 -741.760010 ) 
5 300 301 (-704 0 -741.760010 ) (-704 -896 -741.760010 ) (-704 -896 -480 ) (-704 -872.959961 -474.239990 ) (-704 0 -474.239990 ) 
4 301 315 (-1024 0 -480 ) (-1024 0 -741.760010 ) (-1024 -896 -741.760010 ) (-1024 -896 -480 ) 
4 301 312 (-1024 0 -474.239990 ) (-1024 0 -480 ) (-1024 -896 -480 ) (-1024 -896 -474.239990 ) 
4 301 305 (-1024 -896 -480 ) (-1024 -896 -741.760010 ) (-704 -896 -741.760010 ) (-704 -896 -480 ) 
4 301 302 (-704 -896 -741.760010 ) (-1024 -896 -741.760010 ) (-1024 0 -741.760010 ) (-704 0 -741.760010 ) 
4 302 318 (-1024 0 -741.760010 ) (-1024 0 -768 ) (-1024 -896 -768 ) (-1024 -896 -741.760010 ) 
4 302 307 (-1024 -896 -768 ) (0 -896 -768 ) (0 -896 -741.760010 ) (-1024 -896 -741.760010 ) 
4 303 305 (-544 -896 -480 ) (-544 -896 -741.760010 ) (-544 -929.280029 -741.760010 ) (-544 -929.280029 -480 ) 
4 303 307 (-544 -896 -741.760010 ) (0 -896 -741.760010 ) (0 -929.280029 -741.760010 ) (-544 -929.280029 -741.760010 ) 
4 303 304 (-544 -929.280029 -474.239990 ) (-544 -929.280029 -741.760010 ) (0 -929.280029 -741.760010 ) (0 -929.280029 -474.239990 ) 
4 304 325 (0 -1024 -741.760010 ) (0 -1024 -480 ) (-544 -1024 -480 ) (-544 -1024 -741.760010 ) 
4 304 320 (0 -1024 -480 ) (0 -1024 -474.239990 ) (-544 -1024 -474.239990 ) (-544 -1024 -480 ) 
4 304 306 (-544 -929.280029 -741.760010 ) (-544 -1024 -741.760010 ) (-544 -1024 -480 ) (-544 -929.280029 -480 ) 
4 304 307 (0 -929.280029 -741.760010 ) (0 -1024 -741.760010 ) (-544 -1024 -741.760010 ) (-544 -929.280029 -741.760010 ) 
4 305 315 (-1024 -929.280029 -480 ) (-1024 -896 -480 ) (-1024 -896 -741.760010 ) (-1024 -929.280029 -741.760010 ) 
4 305 307 (-1024 -929.280029 -741.760010 ) (-1024 -896 -741.760010 ) (-544 -896 -741.760010 ) (-544 -929.280029 -741.760010 ) 
4 305 306 (-1024 -929.280029 -741.760010 ) (-544 -929.280029 -741.760010 ) (-544 -929.280029 -480 ) (-1024 -929.280029 -480 ) 
4 306 325 (-1024 -1024 -480 ) (-1024 -1024 -741.760010 ) (-544 -1024 -741.760010 ) (-544 -1024 -480 ) 
4 306 316 (-1024 -1024 -741.760010 ) (-1024 -1024 -480 ) (-1024 -929.280029 -480 ) (-1024 -929.280029 -741.760010 ) 
4 306 307 (-1024 -1024 -741.760010 ) (-1024 -929.280029 -741.760010 ) (-544 -929.280029 -741.760010 ) (-544 -1024 -741.760010 ) 
4 307 325 (0 -1024 -768 ) (0 -1024 -741.760010 ) (-1024 -1024 -741.760010 ) (-1024 -1024 -768 ) 
4 307 318 (-1024 -896 -768 ) (-1024 -1024 -768 ) (-1024 -1024 -741.760010 ) (-1024 -896 -741.760010 ) 
4 308 332 (-2048 0 768 ) (-2048 0 -444 ) (-2048 -1024 -444 ) (-2048 -1024 768 ) 
4 308 326 (-1024 -1024 -444 ) (-1024 -1024 768 ) (-2048 -1024 768 ) (-2048 -1024 -444 ) 
4 308 311 (-1920 -1024 -444 ) (-2048 -1024 -444 ) (-2048 -896 -444 ) (-1920 -896 -444 ) 
4 308 309 (-1760 0 -444 ) (-1024 0 -444 ) (-1024 -896 -444 ) (-1760 -896 -444 ) 
4 308 310 (-2048 -896 -444 ) (-2048 0 -444 ) (-1920 0 -444 ) (-1920 -896 -444 ) 
4 309 313 (-1760 0 -474.239990 ) (-1523.199951 0 -474.239990 ) (-1523.199951 -896 -474.239990 ) (-1760 -896 -474.239990 ) 
4 309 312 (-1523.199951 0 -474.239990 ) (-1024 0 -474.239990 ) (-1024 -896 -474.239990 ) (-1523.199951 -896 -474.239990 ) 
4 310 332 (-2048 0 -444 ) (-2048 0 -474.239990 ) (-2048 -896 -474.239990 ) (-2048 -896 -444 ) 
4 310 314 (-2048 0 -474.239990 ) (-1920 0 -474.239990 ) (-1920 -896 -474.239990 ) (-2048 -896 -474.239990 ) 
4 310 311 (-2048 -896 -474.239990 ) (-1920 -896 -474.239990 ) (-1920 -896 -444 ) (-2048 -896 -444 ) 
4 311 332 (-2048 -896 -474.239990 ) (-2048 -1024 -474.239990 ) (-2048 -1024 -444 ) (-2048 -896 -444 ) 
4 311 327 (-1920 -1024 -444 ) (-2048 -1024 -444 ) (-2048 -1024 -474.239990 ) (-1920 -1024 -474.239990 ) 
4 311 314 (-1920 -1024 -474.239990 ) (-2048 -1024 -474.239990 ) (-2048 -896 -474.239990 ) (-1920 -896 -474.239990 ) 
4 312 315 (-1523.199951 0 -480 ) (-1024 0 -480 ) (-1024 -896 -480 ) (-1523.199951 -896 -480 ) 
4 312 313 (-1523.199951 0 -480 ) (-1523.199951 -896 -480 ) (-1523.199951 -896 -474.239990 ) (-1523.199951 0 -474.239990 ) 
4 313 317 (-1760 0 -480 ) (-1523.199951 0 -480 ) (-1523.199951 -896 -480 ) (-1760 -896 -480 ) 
4 314 332 (-2048 0 -474.239990 ) (-2048 0 -480 ) (-2048 -1024 -480 ) (-2048 -1024 -474.239990 ) 
4 314 327 (-1920 -1024 -474.239990 ) (-2048 -1024 -474.239990 ) (-2048 -1024 -480 ) (-1920 -1024 -480 ) 
4 314 317 (-1920 -1024 -480 ) (-2048 -1024 -480 ) (-2048 0 -480 ) (-1920 0 -480 ) 
4 315 318 (-1523.199951 0 -741.760010 ) (-1024 0 -741.760010 ) (-1024 -929.280029 -741.760010 ) (-1523.199951 -929.280029 -741.760010 ) 
4 315 317 (-1523.199951 0 -741.760010 ) (-1523.199951 -929.280029 -741.760010 ) (-1523.199951 -929.280029 -480 ) (-1523.199951 0 -480 ) 
4 315 316 (-1523.199951 -929.280029 -480 ) (-1523.199951 -929.280029 -741.760010 ) (-1024 -929.280029 -741.760010 ) (-1024 -929.280029 -480 ) 
4 316 331 (-1024 -1024 -741.760010 ) (-1024 -1024 -480 ) (-1523.199951 -1024 -480 ) (-1523.199951 -1024 -741.760010 ) 
4 316 318 (-1024 -929.280029 -741.760010 ) (-1024 -1024 -741.760010 ) (-1523.199951 -1024 -741.760010 ) (-1523.199951 -929.280029 -741.760010 ) 
4 316 317 (-1523.199951 -929.280029 -741.760010 ) (-1523.199951 -1024 -741.760010 ) (-1523.199951 -1024 -480 ) (-1523.199951 -929.280029 -480 ) 
4 317 332 (-2048 0 -480 ) (-2048 0 -741.760010 ) (-2048 -1024 -741.760010 ) (-2048 -1024 -480 ) 
4 317 331 (-1523.199951 -1024 -480 ) (-2048 -1024 -480 ) (-2048 -1024 -741.760010 ) (-1523.199951 -1024 -741.760010 ) 
4 317 318 (-2048 0 -741.760010 ) (-1523.199951 0 -741.760010 ) (-1523.199951 -1024 -741.760010 ) (-2048 -1024 -741.760010 ) 
4 318 332 (-2048 0 -741.760010 ) (-2048 0 -768 ) (-2048 -1024 -768 ) (-2048 -1024 -741.760010 ) 
4 318 331 (-1024 -1024 -768 ) (-1024 -1024 -741.760010 ) (-2048 -1024 -741.760010 ) (-2048 -1024 -768 ) 
4 319 326 (-1024 -1024 768 ) (-1024 -1024 -444 ) (-1024 -1612.800171 -444 ) (-1024 -1612.800171 768 ) 
4 319 324 (-1024 -1612.800171 -444 ) (-1024 -1504 -444 ) (-768 -1504 -444 ) (-768 -1612.800171 -444 ) 
4 319 323 (-1024 -1184 -444 ) (-1024 -1056 -444 ) (-768 -1056 -444 ) (-768 -1184 -444 ) 
4 319 322 (0 -1440 -444 ) (0 -1612.800171 -444 ) (-768 -1612.800171 -444 ) (-768 -1440 -444 ) 
4 319 321 (-768 -1056 -444 ) (0 -1056 -444 ) (0 -1280 -444 ) (-768 -1280 -444 ) 
4 319 320 (-544 -1024 -444 ) (0 -1024 -444 ) (0 -1056 -444 ) (-544 -1056 -444 ) 
4 320 325 (-544 -1024 -480 ) (0 -1024 -480 ) (0 -1056 -480 ) (-544 -1056 -480 ) 
4 320 321 (-544 -1056 -480 ) (0 -1056 -480 ) (0 -1056 -444 ) (-544 -1056 -444 ) 
4 321 325 (-768 -1280 -480 ) (-768 -1056 -480 ) (0 -1056 -480 ) (0 -1280 -480 ) 
4 321 323 (-768 -1056 -444 ) (-768 -1056 -480 ) (-768 -1184 -480 ) (-768 -1184 -444 ) 
4 322 325 (-768 -1612.800171 -480 ) (-768 -1440 -480 ) (0 -1440 -480 ) (0 -1612.800171 -480 ) 
4 322 324 (-768 -1504 -480 ) (-768 -1612.800171 -480 ) (-768 -1612.800171 -444 ) (-768 -1504 -444 ) 
4 323 328 (-1024 -1056 -480 ) (-1024 -1184 -480 ) (-1024 -1184 -444 ) (-1024 -1056 -444 ) 
4 323 325 (-1024 -1184 -480 ) (-1024 -1056 -480 ) (-768 -1056 -480 ) (-768 -1184 -480 ) 
4 324 329 (-1024 -1504 -480 ) (-1024 -1612.800171 -480 ) (-1024 -1612.800171 -444 ) (-1024 -1504 -444 ) 
4 324 325 (-1024 -1612.800171 -480 ) (-1024 -1504 -480 ) (-768 -1504 -480 ) (-768 -1612.800171 -480 ) 
4 325 331 (-1024 -1024 -480 ) (-1024 -1024 -768 ) (-1024 -1612.800171 -768 ) (-1024 -1612.800171 -480 ) 
4 326 333 (-2048 -1612.800171 768 ) (-2048 -1024 768 ) (-2048 -1024 -444 ) (-2048 -1612.800171 -444 ) 
4 326 328 (-1088 -1056 -444 ) (-1024 -1056 -444 ) (-1024 -1184 -444 ) (-1088 -1184 -444 ) 
4 326 329 (-1024 -1504 -444 ) (-1024 -1612.800171 -444 ) (-1088 -1612.800171 -444 ) (-1088 -1504 -444 ) 
4 326 330 (-2048 -1612.800171 -444 ) (-2048 -1056 -444 ) (-1088 -1056 -444 ) (-1088 -1612.800171 -444 ) 
4 326 327 (-2048 -1056 -444 ) (-2048 -1024 -444 ) (-1920 -1024 -444 ) (-1920 -1056 -444 ) 
4 327 333 (-2048 -1056 -444 ) (-2048 -1024 -444 ) (-2048 -1024 -480 ) (-2048 -1056 -480 ) 
4 327 331 (-1920 -1056 -480 ) (-2048 -1056 -480 ) (-2048 -1024 -480 ) (-1920 -1024 -480 ) 
4 327 330 (-2048 -1056 -480 ) (-1920 -1056 -480 ) (-1920 -1056 -444 ) (-2048 -1056 -444 ) 
4 328 331 (-1024 -1056 -480 ) (-1024 -1184 -480 ) (-1088 -1184 -480 ) (-1088 -1056 -480 ) 
4 328 330 (-1088 -1056 -444 ) (-1088 -1056 -480 ) (-1088 -1184 -480 ) (-1088 -1184 -444 ) 
4 329 331 (-1024 -1504 -480 ) (-1024 -1612.800171 -480 ) (-1088 -1612.800171 -480 ) (-1088 -1504 -480 ) 
4 329 330 (-1088 -1504 -480 ) (-1088 -1612.800171 -480 ) (-1088 -1612.800171 -444 ) (-1088 -1504 -444 ) 
4 330 333 (-2048 -1612.800171 -444 ) (-2048 -1056 -444 ) (-2048 -1056 -480 ) (-2048 -1612.800171 -480 ) 
4 330 331 (-1088 -1612.800171 -480 ) (-2048 -1612.800171 -480 ) (-2048 -1056 -480 ) (-1088 -1056 -480 ) 
4 331 333 (-2048 -1612.800171 -480 ) (-2048 -1024 -480 ) (-2048 -1024 -768 ) (-2048 -1612.800171 -768 ) 
4 332 333 (-2048 -1024 -768 ) (-2048 -1024 768 ) (-2150.399902 -1024 768 ) (-2150.399902 -1024 -768 ) 
