


materialPath: F:\Steam\SteamApps\common\Team Fortress 2\tf\materials
Loading d:\maps\td_rats_a1.vmf
material "maritime/wood/door001" not found.
Material not found!: MARITIME/WOOD/DOOR001
ConVarRef mat_reduceparticles doesn't point to an existing ConVar
Error! Variable "$ssbump" is multiply defined in material "pascal/rats/behang"!
Error! Variable "$ssbump" is multiply defined in material "pascal/rats/wood2"!
Error! Variable "$ssbump" is multiply defined in material "pascal/rats/wood1"!
Error! Variable "$ssbump" is multiply defined in material "pascal/rats/wood tile"!
Error! Variable "$ssbump" is multiply defined in material "pascal/rats/wood plank"!
Error! Variable "$ssbump" is multiply defined in material "pascal/rats/verst"!
Error! Variable "$ssbump" is multiply defined in material "pascal/rats/spieker"!
Error! Variable "$ssbump" is multiply defined in material "pascal/rats/toet"!
material "minecraft_original/wood" not found.
Material not found!: MINECRAFT_ORIGINAL/WOOD
Patching WVT material: maps/td_rats_a1/egypt/sand_grass_blend_01_wvt_patch
Patching WVT material: maps/td_rats_a1/dev/dev_blendmeasure_wvt_patch
Patching WVT material: maps/td_rats_a1/nature/blendconcretetograss001_wvt_patch
fixing up env_cubemap materials on brush sides...
0...1...2...3...4...5...6...7...8...9...100...1...2...3...4...5...6...7...8...9...10Processing areas...done (0)
Building Faces...done (0)
Chop Details...done (0)
Find Visible Detail Sides...
Merged 180 detail faces...done (1)
Merging details...done (0)
FixTjuncs...
PruneNodes...
WriteBSP...
NODRAW on terrain surface!
NODRAW on terrain surface!
done (0)
writing d:\maps\td_rats_a1.prt...Building visibility clusters...
done (0)
*** Error: Skybox vtf files for skybox/sky_goldrush_01 weren't compiled with the same size texture and/or same flags!
Can't load skybox file skybox/sky_goldrush_01 to build the default cubemap!
*** Error: Skybox vtf files for skybox/sky_goldrush_01 weren't compiled with the same size texture and/or same flags!
Can't load skybox file skybox/sky_goldrush_01 to build the default cubemap!
Finding displacement neighbors...
Finding lightmap sample positions...
Displacement Alpha : 0...1...2...3...4...5...6...7...8...9...10
Building Physics collision data...
done (0) (242392 bytes)
Placing detail props : 0...1...2...3...4...5...6...7...8...Material NATURE/BLENDCONCRETETOGRASS001 uses unknown detail object type tf_forest_grass!
Material NATURE/BLENDCONCRETETOGRASS001 uses unknown detail object type tf_forest_grass!
Material NATURE/BLENDCONCRETETOGRASS001 uses unknown detail object type tf_forest_grass!
Material NATURE/BLENDCONCRETETOGRASS001 uses unknown detail object type tf_forest_grass!
9...10
Water found with no water_lod_control entity, creating a default one.
Compacting texture/material tables...
Reduced 1403 texinfos to 743
Reduced 110 texdatas to 91 (3700 bytes to 2982)
Writing d:\maps\td_rats_a1.bsp
8 seconds elapsed



2 threads
reading d:\maps\td_rats_a1.bsp
reading d:\maps\td_rats_a1.prt
 281 portalclusters
 797 numportals
0...1...2...3...4...5...6...7...8...9...10Optimized: 1268 visible clusters (2.09%)
Total clusters visible: 60667
Average clusters visible: 215
Building PAS...
Average clusters audible: 279
visdatasize:22086  compressed from 22480
writing d:\maps\td_rats_a1.bsp
0 seconds elapsed



[Reading texlights from 'lights.rad']
[34 texlights parsed from 'lights.rad']

Loading d:\maps\td_rats_a1.bsp
2644 faces
1197962 square feet [172506656.00 square inches]
7 Displacements
19773 Square Feet [2847398.00 Square Inches]
2644 patches before subdivision
50108 patches after subdivision
light has _fifty_percent_distance of 200.000000 but _zero_percent_distance of 100.000000
light has _fifty_percent_distance of 200.000000 but _zero_percent_distance of 100.000000
light has _fifty_percent_distance of 200.000000 but _zero_percent_distance of 100.000000
247 direct lights
0...1...2...3...4...5...6...7...8...9...100...1...2...3...4...5...6...7...8...9...10transfers 8544435, max 975
transfer lists:  65.2 megs
0...1...2...3...4...5...6...7...8...9...10	Bounce #1 added RGB(341694, 209163, 103016)
0...1...2...3...4...5...6...7...8...9...10	Bounce #2 added RGB(118658, 57134, 26433)
Build Patch/Sample Hash Table(s).....Done<0.0271 sec>
0...1...2...3...4...5...6...7...8...9...10FinalLightFace Done
167 of 167 (100% of) surface lights went in leaf ambient cubes.
0...1...2...3...4...5...6...7...8...9...10Writing leaf ambient...done
Ready to Finish

Object names       Objects/Maxobjs  Memory / Maxmem  Fullness 
------------       ---------------  ---------------  -------- 
models                  51/1024         2448/49152    ( 5.0%) 
brushes                666/8192         7992/98304    ( 8.1%) 
brushsides            5666/65536       45328/524288   ( 8.6%) 
planes                5372/65536      107440/1310720  ( 8.2%) 
vertexes              4142/65536       49704/786432   ( 6.3%) 
nodes                  909/65536       29088/2097152  ( 1.4%) 
texinfos               743/12288       53496/884736   ( 6.0%) 
texdata                 91/2048         2912/65536    ( 4.4%) 
dispinfos                7/0            1232/0        ( 0.0%) 
disp_verts             231/0            4620/0        ( 0.0%) 
disp_tris              320/0             640/0        ( 0.0%) 
disp_lmsamples       25920/0           25920/0        ( 0.0%) 
faces                 2644/65536      148064/3670016  ( 4.0%) 
hdr faces                0/65536           0/3670016  ( 0.0%) 
origfaces             1806/65536      101136/3670016  ( 2.8%) 
leaves                 961/65536       30752/2097152  ( 1.5%) 
leaffaces             3242/65536        6484/131072   ( 4.9%) 
leafbrushes           1258/65536        2516/131072   ( 1.9%) 
areas                    3/256            24/2048     ( 1.2%) 
surfedges            18788/512000      75152/2048000  ( 3.7%) 
edges                10944/256000      43776/1024000  ( 4.3%) 
LDR worldlights        247/8192        21736/720896   ( 3.0%) 
HDR worldlights          0/8192            0/720896   ( 0.0%) 
leafwaterdata            1/32768          12/393216   ( 0.0%) 
waterstrips            154/32768        1540/327680   ( 0.5%) 
waterverts               0/65536           0/786432   ( 0.0%) 
waterindices          2487/65536        4974/131072   ( 3.8%) 
cubemapsamples          18/1024          288/16384    ( 1.8%) 
overlays                21/512          7392/180224   ( 4.1%) 
LDR lightdata         [variable]     3645808/0        ( 0.0%) 
HDR lightdata         [variable]           0/0        ( 0.0%) 
visdata               [variable]       22086/16777216 ( 0.1%) 
entdata               [variable]       42222/393216   (10.7%) 
LDR ambient table      961/65536        3844/262144   ( 1.5%) 
HDR ambient table      961/65536        3844/262144   ( 1.5%) 
LDR leaf ambient      5930/65536      166040/1835008  ( 9.0%) 
HDR leaf ambient       961/65536       26908/1835008  ( 1.5%) 
occluders                0/0               0/0        ( 0.0%) 
occluder polygons        0/0               0/0        ( 0.0%) 
occluder vert ind        0/0               0/0        ( 0.0%) 
detail props          [variable]           1/12       ( 8.3%) 
static props          [variable]           1/8242     ( 0.0%) 
pakfile               [variable]       15925/0        ( 0.0%) 
physics               [variable]      242392/4194304  ( 5.8%) 
physics terrain       [variable]        1115/1048576  ( 0.1%) 

Level flags = 0

Total triangle count: 6413
Writing d:\maps\td_rats_a1.bsp
35 seconds elapsed



materialPath: F:\Steam\SteamApps\common\Team Fortress 2\tf\materials
Loading d:\maps\td_rats_a1.vmf
material "maritime/wood/door001" not found.
Material not found!: MARITIME/WOOD/DOOR001
ConVarRef mat_reduceparticles doesn't point to an existing ConVar
Error! Variable "$ssbump" is multiply defined in material "pascal/rats/behang"!
Error! Variable "$ssbump" is multiply defined in material "pascal/rats/wood2"!
Error! Variable "$ssbump" is multiply defined in material "pascal/rats/wood1"!
Error! Variable "$ssbump" is multiply defined in material "pascal/rats/wood tile"!
Error! Variable "$ssbump" is multiply defined in material "pascal/rats/wood plank"!
Error! Variable "$ssbump" is multiply defined in material "pascal/rats/verst"!
Error! Variable "$ssbump" is multiply defined in material "pascal/rats/spieker"!
Error! Variable "$ssbump" is multiply defined in material "pascal/rats/toet"!
material "minecraft_original/wood" not found.
Material not found!: MINECRAFT_ORIGINAL/WOOD
Patching WVT material: maps/td_rats_a1/egypt/sand_grass_blend_01_wvt_patch
Patching WVT material: maps/td_rats_a1/dev/dev_blendmeasure_wvt_patch
Patching WVT material: maps/td_rats_a1/nature/blendconcretetograss001_wvt_patch
fixing up env_cubemap materials on brush sides...
0...1...2...3...4...5...6...7...8...9...100...1...2...3...4...5...6...7...8...9...10Processing areas...done (0)
Building Faces...done (0)
Chop Details...done (0)
Find Visible Detail Sides...
Merged 182 detail faces...done (0)
Merging details...done (0)
FixTjuncs...
PruneNodes...
WriteBSP...
NODRAW on terrain surface!
NODRAW on terrain surface!
done (0)
writing d:\maps\td_rats_a1.prt...Building visibility clusters...
done (0)
*** Error: Skybox vtf files for skybox/sky_goldrush_01 weren't compiled with the same size texture and/or same flags!
Can't load skybox file skybox/sky_goldrush_01 to build the default cubemap!
*** Error: Skybox vtf files for skybox/sky_goldrush_01 weren't compiled with the same size texture and/or same flags!
Can't load skybox file skybox/sky_goldrush_01 to build the default cubemap!
Finding displacement neighbors...
Finding lightmap sample positions...
Displacement Alpha : 0...1...2...3...4...5...6...7...8...9...10
Building Physics collision data...
done (0) (242328 bytes)
Placing detail props : 0...1...2...3...4...5...6...7...8...Material NATURE/BLENDCONCRETETOGRASS001 uses unknown detail object type tf_forest_grass!
Material NATURE/BLENDCONCRETETOGRASS001 uses unknown detail object type tf_forest_grass!
Material NATURE/BLENDCONCRETETOGRASS001 uses unknown detail object type tf_forest_grass!
Material NATURE/BLENDCONCRETETOGRASS001 uses unknown detail object type tf_forest_grass!
9...10
Water found with no water_lod_control entity, creating a default one.
Compacting texture/material tables...
Reduced 1405 texinfos to 743
Reduced 110 texdatas to 91 (3700 bytes to 2982)
Writing d:\maps\td_rats_a1.bsp
10 seconds elapsed



2 threads
reading d:\maps\td_rats_a1.bsp
reading d:\maps\td_rats_a1.prt
 262 portalclusters
 732 numportals
0...1...2...3...4...5...6...7...8...9...100...1...2...3...4...5...6...7...8...9...10Optimized: 54 visible clusters (0.14%)
Total clusters visible: 37578
Average clusters visible: 143
Building PAS...
Average clusters audible: 254
visdatasize:18259  compressed from 20960
writing d:\maps\td_rats_a1.bsp
2 seconds elapsed



[Reading texlights from 'lights.rad']
[34 texlights parsed from 'lights.rad']

Loading d:\maps\td_rats_a1.bsp
2625 faces
1197655 square feet [172462336.00 square inches]
7 Displacements
19773 Square Feet [2847398.00 Square Inches]
2625 patches before subdivision
51379 patches after subdivision
light has _fifty_percent_distance of 200.000000 but _zero_percent_distance of 100.000000
light has _fifty_percent_distance of 200.000000 but _zero_percent_distance of 100.000000
light has _fifty_percent_distance of 200.000000 but _zero_percent_distance of 100.000000
247 direct lights
0...1...2...3...4...5...6...7...8...9...100...1...2...3...4...5...6...7...8...9...10transfers 8757771, max 994
transfer lists:  66.8 megs
0...1...2...3...4...5...6...7...8...9...10	Bounce #1 added RGB(326902, 198976, 96318)
0...1...2...3...4...5...6...7...8...9...10	Bounce #2 added RGB(118156, 56932, 25777)
0...1...2...3...4...5...6...7...8...9...10	Bounce #3 added RGB(45180, 16384, 7395)
0...1...2...3...4...5...6...7...8...9...10	Bounce #4 added RGB(19453, 5459, 2247)
0...1...2...3...4...5...6...7...8...9...10	Bounce #5 added RGB(8372, 1817, 696)
0...1...2...3...4...5...6...7...8...9...10	Bounce #6 added RGB(3694, 632, 221)
0...1...2...3...4...5...6...7...8...9...10	Bounce #7 added RGB(1632, 222, 71)
0...1...2...3...4...5...6...7...8...9...10	Bounce #8 added RGB(730, 80, 24)
0...1...2...3...4...5...6...7...8...9...10	Bounce #9 added RGB(327, 29, 8)
0...1...2...3...4...5...6...7...8...9...10	Bounce #10 added RGB(147, 11, 3)
0...1...2...3...4...5...6...7...8...9...10	Bounce #11 added RGB(67, 4, 1)
0...1...2...3...4...5...6...7...8...9...10	Bounce #12 added RGB(30, 1, 0)
0...1...2...3...4...5...6...7...8...9...10	Bounce #13 added RGB(14, 1, 0)
0...1...2...3...4...5...6...7...8...9...10	Bounce #14 added RGB(6, 0, 0)
0...1...2...3...4...5...6...7...8...9...10	Bounce #15 added RGB(3, 0, 0)
0...1...2...3...4...5...6...7...8...9...10	Bounce #16 added RGB(1, 0, 0)
0...1...2...3...4...5...6...7...8...9...10	Bounce #17 added RGB(1, 0, 0)
Build Patch/Sample Hash Table(s).....Done<0.0299 sec>
0...1...2...3...4...5...6...7...8...9...10FinalLightFace Done
167 of 167 (100% of) surface lights went in leaf ambient cubes.
0...1...2...3...4...5...6...7...8...9...10Writing leaf ambient...done
Computing static prop lighting : 00...1...2...3...4...5...6...7...8...9...10
Ready to Finish

Object names       Objects/Maxobjs  Memory / Maxmem  Fullness 
------------       ---------------  ---------------  -------- 
models                  51/1024         2448/49152    ( 5.0%) 
brushes                666/8192         7992/98304    ( 8.1%) 
brushsides            5689/65536       45512/524288   ( 8.7%) 
planes                5440/65536      108800/1310720  ( 8.3%) 
vertexes              4144/65536       49728/786432   ( 6.3%) 
nodes                  880/65536       28160/2097152  ( 1.3%) 
texinfos               743/12288       53496/884736   ( 6.0%) 
texdata                 91/2048         2912/65536    ( 4.4%) 
dispinfos                7/0            1232/0        ( 0.0%) 
disp_verts             231/0            4620/0        ( 0.0%) 
disp_tris              320/0             640/0        ( 0.0%) 
disp_lmsamples       25920/0           25920/0        ( 0.0%) 
faces                 2625/65536      147000/3670016  ( 4.0%) 
hdr faces                0/65536           0/3670016  ( 0.0%) 
origfaces             1804/65536      101024/3670016  ( 2.8%) 
leaves                 932/65536       29824/2097152  ( 1.4%) 
leaffaces             3240/65536        6480/131072   ( 4.9%) 
leafbrushes           1246/65536        2492/131072   ( 1.9%) 
areas                    3/256            24/2048     ( 1.2%) 
surfedges            18704/512000      74816/2048000  ( 3.7%) 
edges                10930/256000      43720/1024000  ( 4.3%) 
LDR worldlights        247/8192        21736/720896   ( 3.0%) 
HDR worldlights          0/8192            0/720896   ( 0.0%) 
leafwaterdata            1/32768          12/393216   ( 0.0%) 
waterstrips            147/32768        1470/327680   ( 0.4%) 
waterverts               0/65536           0/786432   ( 0.0%) 
waterindices          2466/65536        4932/131072   ( 3.8%) 
cubemapsamples          18/1024          288/16384    ( 1.8%) 
overlays                21/512          7392/180224   ( 4.1%) 
LDR lightdata         [variable]     3686084/0        ( 0.0%) 
HDR lightdata         [variable]           0/0        ( 0.0%) 
visdata               [variable]       18259/16777216 ( 0.1%) 
entdata               [variable]       42222/393216   (10.7%) 
LDR ambient table      932/65536        3728/262144   ( 1.4%) 
HDR ambient table      932/65536        3728/262144   ( 1.4%) 
LDR leaf ambient      5623/65536      157444/1835008  ( 8.6%) 
HDR leaf ambient       932/65536       26096/1835008  ( 1.4%) 
occluders                0/0               0/0        ( 0.0%) 
occluder polygons        0/0               0/0        ( 0.0%) 
occluder vert ind        0/0               0/0        ( 0.0%) 
detail props          [variable]           1/12       ( 8.3%) 
static props          [variable]           1/8226     ( 0.0%) 
pakfile               [variable]      611191/0        ( 0.0%) 
physics               [variable]      242328/4194304  ( 5.8%) 
physics terrain       [variable]        1115/1048576  ( 0.1%) 

Level flags = 1

Total triangle count: 6375
Writing d:\maps\td_rats_a1.bsp
3 minutes, 14 seconds elapsed



[Reading texlights from 'lights.rad']
[34 texlights parsed from 'lights.rad']

Loading d:\maps\td_rats_a1.bsp
2625 faces
1197655 square feet [172462336.00 square inches]
7 Displacements
19773 Square Feet [2847398.00 Square Inches]
2625 patches before subdivision
51379 patches after subdivision
light has _fifty_percent_distance of 200.000000 but _zero_percent_distance of 100.000000
light has _fifty_percent_distance of 200.000000 but _zero_percent_distance of 100.000000
light has _fifty_percent_distance of 200.000000 but _zero_percent_distance of 100.000000
247 direct lights
0...1...2...3...4...5...6...7...8...9...100...1...2...3...4...5...6...7...8...9...10transfers 8757771, max 994
transfer lists:  66.8 megs
0...1...2...3...4...5...6...7...8...9...10	Bounce #1 added RGB(200406, 128877, 91135)
0...1...2...3...4...5...6...7...8...9...10	Bounce #2 added RGB(71029, 37133, 24584)
0...1...2...3...4...5...6...7...8...9...10	Bounce #3 added RGB(28048, 11247, 7180)
0...1...2...3...4...5...6...7...8...9...10	Bounce #4 added RGB(11987, 3707, 2186)
0...1...2...3...4...5...6...7...8...9...10	Bounce #5 added RGB(5189, 1241, 680)
0...1...2...3...4...5...6...7...8...9...10	Bounce #6 added RGB(2286, 430, 216)
0...1...2...3...4...5...6...7...8...9...10	Bounce #7 added RGB(1011, 151, 70)
0...1...2...3...4...5...6...7...8...9...10	Bounce #8 added RGB(451, 54, 23)
0...1...2...3...4...5...6...7...8...9...10	Bounce #9 added RGB(202, 20, 8)
0...1...2...3...4...5...6...7...8...9...10	Bounce #10 added RGB(91, 7, 3)
0...1...2...3...4...5...6...7...8...9...10	Bounce #11 added RGB(41, 3, 1)
0...1...2...3...4...5...6...7...8...9...10	Bounce #12 added RGB(19, 1, 0)
0...1...2...3...4...5...6...7...8...9...10	Bounce #13 added RGB(8, 0, 0)
0...1...2...3...4...5...6...7...8...9...10	Bounce #14 added RGB(4, 0, 0)
0...1...2...3...4...5...6...7...8...9...10	Bounce #15 added RGB(2, 0, 0)
0...1...2...3...4...5...6...7...8...9...10	Bounce #16 added RGB(1, 0, 0)
Build Patch/Sample Hash Table(s).....Done<0.0311 sec>
0...1...2...3...4...5...6...7...8...9...10FinalLightFace Done
167 of 167 (100% of) surface lights went in leaf ambient cubes.
0...1...2...3...4...5...6...7...8...9...10Writing leaf ambient...done
Computing static prop lighting : 00...1...2...3...4...5...6...7...8...9...10
Ready to Finish

Object names       Objects/Maxobjs  Memory / Maxmem  Fullness 
------------       ---------------  ---------------  -------- 
models                  51/1024         2448/49152    ( 5.0%) 
brushes                666/8192         7992/98304    ( 8.1%) 
brushsides            5689/65536       45512/524288   ( 8.7%) 
planes                5440/65536      108800/1310720  ( 8.3%) 
vertexes              4144/65536       49728/786432   ( 6.3%) 
nodes                  880/65536       28160/2097152  ( 1.3%) 
texinfos               743/12288       53496/884736   ( 6.0%) 
texdata                 91/2048         2912/65536    ( 4.4%) 
dispinfos                7/0            1232/0        ( 0.0%) 
disp_verts             231/0            4620/0        ( 0.0%) 
disp_tris              320/0             640/0        ( 0.0%) 
disp_lmsamples       25920/0           25920/0        ( 0.0%) 
faces                 2625/65536      147000/3670016  ( 4.0%) 
hdr faces             2625/65536      147000/3670016  ( 4.0%) 
origfaces             1804/65536      101024/3670016  ( 2.8%) 
leaves                 932/65536       29824/2097152  ( 1.4%) 
leaffaces             3240/65536        6480/131072   ( 4.9%) 
leafbrushes           1246/65536        2492/131072   ( 1.9%) 
areas                    3/256            24/2048     ( 1.2%) 
surfedges            18704/512000      74816/2048000  ( 3.7%) 
edges                10930/256000      43720/1024000  ( 4.3%) 
LDR worldlights        247/8192        21736/720896   ( 3.0%) 
HDR worldlights        247/8192        21736/720896   ( 3.0%) 
leafwaterdata            1/32768          12/393216   ( 0.0%) 
waterstrips            147/32768        1470/327680   ( 0.4%) 
waterverts               0/65536           0/786432   ( 0.0%) 
waterindices          2466/65536        4932/131072   ( 3.8%) 
cubemapsamples          18/1024          288/16384    ( 1.8%) 
overlays                21/512          7392/180224   ( 4.1%) 
LDR lightdata         [variable]     3686084/0        ( 0.0%) 
HDR lightdata         [variable]     3686084/0        ( 0.0%) 
visdata               [variable]       18259/16777216 ( 0.1%) 
entdata               [variable]       42222/393216   (10.7%) 
LDR ambient table      932/65536        3728/262144   ( 1.4%) 
HDR ambient table      932/65536        3728/262144   ( 1.4%) 
LDR leaf ambient      5623/65536      157444/1835008  ( 8.6%) 
HDR leaf ambient      5604/65536      156912/1835008  ( 8.6%) 
occluders                0/0               0/0        ( 0.0%) 
occluder polygons        0/0               0/0        ( 0.0%) 
occluder vert ind        0/0               0/0        ( 0.0%) 
detail props          [variable]           1/12       ( 8.3%) 
static props          [variable]           1/8226     ( 0.0%) 
pakfile               [variable]     1207009/0        ( 0.0%) 
physics               [variable]      242328/4194304  ( 5.8%) 
physics terrain       [variable]        1115/1048576  ( 0.1%) 

Level flags = 3

Total triangle count: 6375
Writing d:\maps\td_rats_a1.bsp
3 minutes, 13 seconds elapsed



materialPath: F:\Steam\SteamApps\common\Team Fortress 2\tf\materials
Loading d:\maps\td_rats_a1.vmf
material "maritime/wood/door001" not found.
Material not found!: MARITIME/WOOD/DOOR001
ConVarRef mat_reduceparticles doesn't point to an existing ConVar
Error! Variable "$ssbump" is multiply defined in material "pascal/rats/behang"!
Error! Variable "$ssbump" is multiply defined in material "pascal/rats/wood2"!
Error! Variable "$ssbump" is multiply defined in material "pascal/rats/wood1"!
Error! Variable "$ssbump" is multiply defined in material "pascal/rats/wood tile"!
Error! Variable "$ssbump" is multiply defined in material "pascal/rats/wood plank"!
Error! Variable "$ssbump" is multiply defined in material "pascal/rats/verst"!
Error! Variable "$ssbump" is multiply defined in material "pascal/rats/spieker"!
Error! Variable "$ssbump" is multiply defined in material "pascal/rats/toet"!
material "minecraft_original/wood" not found.
Material not found!: MINECRAFT_ORIGINAL/WOOD
Patching WVT material: maps/td_rats_a1/egypt/sand_grass_blend_01_wvt_patch
Patching WVT material: maps/td_rats_a1/dev/dev_blendmeasure_wvt_patch
Patching WVT material: maps/td_rats_a1/nature/blendconcretetograss001_wvt_patch
fixing up env_cubemap materials on brush sides...
0...1...2...3...4...5...6...7...8...9...100...1...2...3...4...5...6...7...8...9...10Processing areas...done (0)
Building Faces...done (0)
Chop Details...done (0)
Find Visible Detail Sides...
Merged 184 detail faces...done (0)
Merging details...done (0)
FixTjuncs...
PruneNodes...
WriteBSP...
NODRAW on terrain surface!
NODRAW on terrain surface!
done (0)
writing d:\maps\td_rats_a1.prt...Building visibility clusters...
done (0)
*** Error: Skybox vtf files for skybox/sky_goldrush_01 weren't compiled with the same size texture and/or same flags!
Can't load skybox file skybox/sky_goldrush_01 to build the default cubemap!
*** Error: Skybox vtf files for skybox/sky_goldrush_01 weren't compiled with the same size texture and/or same flags!
Can't load skybox file skybox/sky_goldrush_01 to build the default cubemap!
Finding displacement neighbors...
Finding lightmap sample positions...
Displacement Alpha : 0...1...2...3...4...5...6...7...8...9...10
Building Physics collision data...
done (0) (240654 bytes)
Placing detail props : 0...1...2...3...4...5...6...7...8...Material NATURE/BLENDCONCRETETOGRASS001 uses unknown detail object type tf_forest_grass!
Material NATURE/BLENDCONCRETETOGRASS001 uses unknown detail object type tf_forest_grass!
Material NATURE/BLENDCONCRETETOGRASS001 uses unknown detail object type tf_forest_grass!
Material NATURE/BLENDCONCRETETOGRASS001 uses unknown detail object type tf_forest_grass!
9...10
Water found with no water_lod_control entity, creating a default one.
Compacting texture/material tables...
Reduced 1385 texinfos to 735
Reduced 110 texdatas to 91 (3700 bytes to 2982)
Writing d:\maps\td_rats_a1.bsp
17 seconds elapsed



2 threads
reading d:\maps\td_rats_a1.bsp
reading d:\maps\td_rats_a1.prt
 266 portalclusters
 753 numportals
0...1...2...3...4...5...6...7...8...9...10Optimized: 937 visible clusters (1.74%)
Total clusters visible: 53873
Average clusters visible: 202
Building PAS...
Average clusters audible: 264
visdatasize:19931  compressed from 21280
writing d:\maps\td_rats_a1.bsp
0 seconds elapsed



[Reading texlights from 'lights.rad']
[34 texlights parsed from 'lights.rad']

Loading d:\maps\td_rats_a1.bsp
2608 faces
1194154 square feet [171958208.00 square inches]
7 Displacements
19773 Square Feet [2847398.00 Square Inches]
2608 patches before subdivision
51436 patches after subdivision
light has _fifty_percent_distance of 200.000000 but _zero_percent_distance of 100.000000
light has _fifty_percent_distance of 200.000000 but _zero_percent_distance of 100.000000
light has _fifty_percent_distance of 200.000000 but _zero_percent_distance of 100.000000
222 direct lights
0...1...2...3...4...5...6...7...8...9...100...1...2...3...4...5...6...7...8...9...10transfers 8815612, max 974
transfer lists:  67.3 megs
0...1...2...3...4...5...6...7...8...9...10	Bounce #1 added RGB(347511, 211837, 102232)
0...1...2...3...4...5...6...7...8...9...10	Bounce #2 added RGB(127728, 60896, 26669)
Build Patch/Sample Hash Table(s).....Done<0.0277 sec>
0...1...2...3...4...5...6...7...8...9...10FinalLightFace Done
143 of 143 (100% of) surface lights went in leaf ambient cubes.
0...1...2...3...4...5...6...7...8...9...10Writing leaf ambient...done
Ready to Finish

Object names       Objects/Maxobjs  Memory / Maxmem  Fullness 
------------       ---------------  ---------------  -------- 
models                  49/1024         2352/49152    ( 4.8%) 
brushes                662/8192         7944/98304    ( 8.1%) 
brushsides            5658/65536       45264/524288   ( 8.6%) 
planes                5396/65536      107920/1310720  ( 8.2%) 
vertexes              4096/65536       49152/786432   ( 6.3%) 
nodes                  874/65536       27968/2097152  ( 1.3%) 
texinfos               735/12288       52920/884736   ( 6.0%) 
texdata                 91/2048         2912/65536    ( 4.4%) 
dispinfos                7/0            1232/0        ( 0.0%) 
disp_verts             231/0            4620/0        ( 0.0%) 
disp_tris              320/0             640/0        ( 0.0%) 
disp_lmsamples       25920/0           25920/0        ( 0.0%) 
faces                 2608/65536      146048/3670016  ( 4.0%) 
hdr faces                0/65536           0/3670016  ( 0.0%) 
origfaces             1783/65536       99848/3670016  ( 2.7%) 
leaves                 924/65536       29568/2097152  ( 1.4%) 
leaffaces             3248/65536        6496/131072   ( 5.0%) 
leafbrushes           1264/65536        2528/131072   ( 1.9%) 
areas                    3/256            24/2048     ( 1.2%) 
surfedges            18541/512000      74164/2048000  ( 3.6%) 
edges                10822/256000      43288/1024000  ( 4.2%) 
LDR worldlights        222/8192        19536/720896   ( 2.7%) 
HDR worldlights          0/8192            0/720896   ( 0.0%) 
leafwaterdata            1/32768          12/393216   ( 0.0%) 
waterstrips            150/32768        1500/327680   ( 0.5%) 
waterverts               0/65536           0/786432   ( 0.0%) 
waterindices          2478/65536        4956/131072   ( 3.8%) 
cubemapsamples          18/1024          288/16384    ( 1.8%) 
overlays                21/512          7392/180224   ( 4.1%) 
LDR lightdata         [variable]     3674484/0        ( 0.0%) 
HDR lightdata         [variable]           0/0        ( 0.0%) 
visdata               [variable]       19931/16777216 ( 0.1%) 
entdata               [variable]       41632/393216   (10.6%) 
LDR ambient table      924/65536        3696/262144   ( 1.4%) 
HDR ambient table      924/65536        3696/262144   ( 1.4%) 
LDR leaf ambient      5535/65536      154980/1835008  ( 8.4%) 
HDR leaf ambient       924/65536       25872/1835008  ( 1.4%) 
occluders                0/0               0/0        ( 0.0%) 
occluder polygons        0/0               0/0        ( 0.0%) 
occluder vert ind        0/0               0/0        ( 0.0%) 
detail props          [variable]           1/12       ( 8.3%) 
static props          [variable]           1/8236     ( 0.0%) 
pakfile               [variable]       15925/0        ( 0.0%) 
physics               [variable]      240654/4194304  ( 5.7%) 
physics terrain       [variable]        1115/1048576  ( 0.1%) 

Level flags = 0

Total triangle count: 6328
Writing d:\maps\td_rats_a1.bsp
38 seconds elapsed



materialPath: F:\Steam\SteamApps\common\Team Fortress 2\tf\materials
Loading d:\maps\td_rats_a1.vmf
material "maritime/wood/door001" not found.
Material not found!: MARITIME/WOOD/DOOR001
ConVarRef mat_reduceparticles doesn't point to an existing ConVar
Error! Variable "$ssbump" is multiply defined in material "pascal/rats/behang"!
Error! Variable "$ssbump" is multiply defined in material "pascal/rats/wood2"!
Error! Variable "$ssbump" is multiply defined in material "pascal/rats/wood1"!
Error! Variable "$ssbump" is multiply defined in material "pascal/rats/wood tile"!
Error! Variable "$ssbump" is multiply defined in material "pascal/rats/wood plank"!
Error! Variable "$ssbump" is multiply defined in material "pascal/rats/verst"!
Error! Variable "$ssbump" is multiply defined in material "pascal/rats/spieker"!
Error! Variable "$ssbump" is multiply defined in material "pascal/rats/toet"!
material "minecraft_original/wood" not found.
Material not found!: MINECRAFT_ORIGINAL/WOOD
Patching WVT material: maps/td_rats_a1/egypt/sand_grass_blend_01_wvt_patch
Patching WVT material: maps/td_rats_a1/dev/dev_blendmeasure_wvt_patch
Patching WVT material: maps/td_rats_a1/nature/blendconcretetograss001_wvt_patch
fixing up env_cubemap materials on brush sides...
0...1...2...3...4...5...6...7...8...9...100...1...2...3...4...5...6...7...8...9...10Processing areas...done (0)
Building Faces...done (0)
Chop Details...done (0)
Find Visible Detail Sides...
Merged 170 detail faces...done (0)
Merging details...done (0)
FixTjuncs...
PruneNodes...
WriteBSP...
NODRAW on terrain surface!
NODRAW on terrain surface!
done (0)
writing d:\maps\td_rats_a1.prt...Building visibility clusters...
done (0)
*** Error: Skybox vtf files for skybox/sky_goldrush_01 weren't compiled with the same size texture and/or same flags!
Can't load skybox file skybox/sky_goldrush_01 to build the default cubemap!
*** Error: Skybox vtf files for skybox/sky_goldrush_01 weren't compiled with the same size texture and/or same flags!
Can't load skybox file skybox/sky_goldrush_01 to build the default cubemap!
Finding displacement neighbors...
Finding lightmap sample positions...
Displacement Alpha : 0...1...2...3...4...5...6...7...8...9...10
Building Physics collision data...
done (0) (256716 bytes)
Placing detail props : 0...1...2...3...4...5...6...7...8...Material NATURE/BLENDCONCRETETOGRASS001 uses unknown detail object type tf_forest_grass!
Material NATURE/BLENDCONCRETETOGRASS001 uses unknown detail object type tf_forest_grass!
9Material NATURE/BLENDCONCRETETOGRASS001 uses unknown detail object type tf_forest_grass!
Material NATURE/BLENDCONCRETETOGRASS001 uses unknown detail object type tf_forest_grass!
...10
Water found with no water_lod_control entity, creating a default one.
Compacting texture/material tables...
Reduced 1391 texinfos to 767
Reduced 110 texdatas to 91 (3700 bytes to 2982)
Writing d:\maps\td_rats_a1.bsp
10 seconds elapsed



2 threads
reading d:\maps\td_rats_a1.bsp
reading d:\maps\td_rats_a1.prt
 318 portalclusters
 956 numportals
0...1...2...3...4...5...6...7...8...9...10Optimized: 1500 visible clusters (1.90%)
Total clusters visible: 78776
Average clusters visible: 247
Building PAS...
Average clusters audible: 317
visdatasize:27458  compressed from 25440
writing d:\maps\td_rats_a1.bsp
0 seconds elapsed



[Reading texlights from 'lights.rad']
[34 texlights parsed from 'lights.rad']

Loading d:\maps\td_rats_a1.bsp
2919 faces
1198065 square feet [172521360.00 square inches]
7 Displacements
19773 Square Feet [2847398.00 Square Inches]
2919 patches before subdivision
53235 patches after subdivision
light has _fifty_percent_distance of 200.000000 but _zero_percent_distance of 100.000000
light has _fifty_percent_distance of 200.000000 but _zero_percent_distance of 100.000000
light has _fifty_percent_distance of 200.000000 but _zero_percent_distance of 100.000000
208 direct lights
0...1...2...3...4...5...6...7...8...9...100...1...2...3...4...5...6...7...8...9...10transfers 9874448, max 1114
transfer lists:  75.3 megs
0...1...2...3...4...5...6...7...8...9...10	Bounce #1 added RGB(357437, 218366, 105668)
0...1...2...3...4...5...6...7...8...9...10	Bounce #2 added RGB(132226, 63300, 27571)
Build Patch/Sample Hash Table(s).....Done<0.0282 sec>
0...1...2...3...4...5...6...7...8...9...10FinalLightFace Done
129 of 129 (100% of) surface lights went in leaf ambient cubes.
0...1...2...3...4...5...6...7...8...9...10Writing leaf ambient...done
Ready to Finish

Object names       Objects/Maxobjs  Memory / Maxmem  Fullness 
------------       ---------------  ---------------  -------- 
models                  48/1024         2304/49152    ( 4.7%) 
brushes                705/8192         8460/98304    ( 8.6%) 
brushsides            6368/65536       50944/524288   ( 9.7%) 
planes                6218/65536      124360/1310720  ( 9.5%) 
vertexes              4448/65536       53376/786432   ( 6.8%) 
nodes                  955/65536       30560/2097152  ( 1.5%) 
texinfos               767/12288       55224/884736   ( 6.2%) 
texdata                 91/2048         2912/65536    ( 4.4%) 
dispinfos                7/0            1232/0        ( 0.0%) 
disp_verts             231/0            4620/0        ( 0.0%) 
disp_tris              320/0             640/0        ( 0.0%) 
disp_lmsamples       25920/0           25920/0        ( 0.0%) 
faces                 2919/65536      163464/3670016  ( 4.5%) 
hdr faces                0/65536           0/3670016  ( 0.0%) 
origfaces             2032/65536      113792/3670016  ( 3.1%) 
leaves                1004/65536       32128/2097152  ( 1.5%) 
leaffaces             3760/65536        7520/131072   ( 5.7%) 
leafbrushes           1396/65536        2792/131072   ( 2.1%) 
areas                    3/256            24/2048     ( 1.2%) 
surfedges            20876/512000      83504/2048000  ( 4.1%) 
edges                12103/256000      48412/1024000  ( 4.7%) 
LDR worldlights        208/8192        18304/720896   ( 2.5%) 
HDR worldlights          0/8192            0/720896   ( 0.0%) 
leafwaterdata            1/32768          12/393216   ( 0.0%) 
waterstrips            165/32768        1650/327680   ( 0.5%) 
waterverts               0/65536           0/786432   ( 0.0%) 
waterindices          2700/65536        5400/131072   ( 4.1%) 
cubemapsamples          18/1024          288/16384    ( 1.8%) 
overlays                21/512          7392/180224   ( 4.1%) 
LDR lightdata         [variable]     3712604/0        ( 0.0%) 
HDR lightdata         [variable]           0/0        ( 0.0%) 
visdata               [variable]       27458/16777216 ( 0.2%) 
entdata               [variable]       45013/393216   (11.4%) 
LDR ambient table     1004/65536        4016/262144   ( 1.5%) 
HDR ambient table     1004/65536        4016/262144   ( 1.5%) 
LDR leaf ambient      5975/65536      167300/1835008  ( 9.1%) 
HDR leaf ambient      1004/65536       28112/1835008  ( 1.5%) 
occluders                0/0               0/0        ( 0.0%) 
occluder polygons        0/0               0/0        ( 0.0%) 
occluder vert ind        0/0               0/0        ( 0.0%) 
detail props          [variable]           1/12       ( 8.3%) 
static props          [variable]           1/8272     ( 0.0%) 
pakfile               [variable]       15925/0        ( 0.0%) 
physics               [variable]      256716/4194304  ( 6.1%) 
physics terrain       [variable]        1115/1048576  ( 0.1%) 

Level flags = 0

Total triangle count: 7044
Writing d:\maps\td_rats_a1.bsp
38 seconds elapsed



materialPath: F:\Steam\SteamApps\common\Team Fortress 2\tf\materials
Loading d:\maps\td_rats_a1.vmf
material "maritime/wood/door001" not found.
Material not found!: MARITIME/WOOD/DOOR001
ConVarRef mat_reduceparticles doesn't point to an existing ConVar
Error! Variable "$ssbump" is multiply defined in material "pascal/rats/behang"!
Error! Variable "$ssbump" is multiply defined in material "pascal/rats/wood2"!
Error! Variable "$ssbump" is multiply defined in material "pascal/rats/wood1"!
Error! Variable "$ssbump" is multiply defined in material "pascal/rats/wood tile"!
Error! Variable "$ssbump" is multiply defined in material "pascal/rats/wood plank"!
Error! Variable "$ssbump" is multiply defined in material "pascal/rats/verst"!
Error! Variable "$ssbump" is multiply defined in material "pascal/rats/spieker"!
Error! Variable "$ssbump" is multiply defined in material "pascal/rats/toet"!
material "minecraft_original/wood" not found.
Material not found!: MINECRAFT_ORIGINAL/WOOD
Patching WVT material: maps/td_rats_a1/egypt/sand_grass_blend_01_wvt_patch
Patching WVT material: maps/td_rats_a1/dev/dev_blendmeasure_wvt_patch
Patching WVT material: maps/td_rats_a1/nature/blendconcretetograss001_wvt_patch
fixing up env_cubemap materials on brush sides...
0...1...2...3...4...5...6...7...8...9...100...1...2...3...4...5...6...7...8...9...10Processing areas...done (0)
Building Faces...done (0)
Chop Details...done (1)
Find Visible Detail Sides...
Merged 172 detail faces...done (1)
Merging details...done (0)
FixTjuncs...
PruneNodes...
WriteBSP...
NODRAW on terrain surface!
NODRAW on terrain surface!
done (0)
writing d:\maps\td_rats_a1.prt...Building visibility clusters...
done (0)
*** Error: Skybox vtf files for skybox/sky_goldrush_01 weren't compiled with the same size texture and/or same flags!
Can't load skybox file skybox/sky_goldrush_01 to build the default cubemap!
*** Error: Skybox vtf files for skybox/sky_goldrush_01 weren't compiled with the same size texture and/or same flags!
Can't load skybox file skybox/sky_goldrush_01 to build the default cubemap!
Finding displacement neighbors...
Finding lightmap sample positions...
Displacement Alpha : 0...1...2...3...4...5...6...7...8...9...10
Building Physics collision data...
done (0) (274970 bytes)
Placing detail props : 0...1...2...3...4...5...6...7...8.Material NATURE/BLENDCONCRETETOGRASS001 uses unknown detail object type tf_forest_grass!
Material NATURE/BLENDCONCRETETOGRASS001 uses unknown detail object type tf_forest_grass!
Material NATURE/BLENDCONCRETETOGRASS001 uses unknown detail object type tf_forest_grass!
Material NATURE/BLENDCONCRETETOGRASS001 uses unknown detail object type tf_forest_grass!
..9...10
Water found with no water_lod_control entity, creating a default one.
Compacting texture/material tables...
Reduced 1402 texinfos to 795
Reduced 110 texdatas to 91 (3700 bytes to 2982)
Writing d:\maps\td_rats_a1.bsp
1 second elapsed



2 threads
reading d:\maps\td_rats_a1.bsp
reading d:\maps\td_rats_a1.prt
 271 portalclusters
 778 numportals
0...1...2...3...4...5...6...7...8...9...100...1...2...3...4...5...6...7...8...9...10Optimized: 77 visible clusters (0.19%)
Total clusters visible: 39934
Average clusters visible: 147
Building PAS...
Average clusters audible: 263
visdatasize:19407  compressed from 21680
writing d:\maps\td_rats_a1.bsp
3 seconds elapsed



[Reading texlights from 'lights.rad']
[34 texlights parsed from 'lights.rad']

Loading d:\maps\td_rats_a1.bsp
3031 faces
1204750 square feet [173484048.00 square inches]
7 Displacements
19773 Square Feet [2847398.00 Square Inches]
3031 patches before subdivision
49499 patches after subdivision
light has _fifty_percent_distance of 200.000000 but _zero_percent_distance of 100.000000
light has _fifty_percent_distance of 200.000000 but _zero_percent_distance of 100.000000
light has _fifty_percent_distance of 200.000000 but _zero_percent_distance of 100.000000
208 direct lights
0...1...2...3...4...5...6...7...8...9...100...1...2...3...4...5...6...7...8...9...10transfers 10824694, max 1196
transfer lists:  82.6 megs
0...1...2...3...4...5...6...7...8...9...10	Bounce #1 added RGB(900919, 498272, 129528)
0...1...2...3...4...5...6...7...8...9...10	Bounce #2 added RGB(367706, 156956, 35873)
0...1...2...3...4...5...6...7...8...9...10	Bounce #3 added RGB(154525, 48691, 10249)
0...1...2...3...4...5...6...7...8...9...10	Bounce #4 added RGB(70115, 17083, 3167)
0...1...2...3...4...5...6...7...8...9...10	Bounce #5 added RGB(31434, 5890, 992)
0...1...2...3...4...5...6...7...8...9...10	Bounce #6 added RGB(14397, 2106, 318)
0...1...2...3...4...5...6...7...8...9...10	Bounce #7 added RGB(6564, 753, 104)
0...1...2...3...4...5...6...7...8...9...10	Bounce #8 added RGB(3024, 274, 34)
0...1...2...3...4...5...6...7...8...9...10	Bounce #9 added RGB(1391, 100, 12)
0...1...2...3...4...5...6...7...8...9...10	Bounce #10 added RGB(644, 37, 4)
0...1...2...3...4...5...6...7...8...9...10	Bounce #11 added RGB(298, 14, 1)
0...1...2...3...4...5...6...7...8...9...10	Bounce #12 added RGB(138, 5, 0)
0...1...2...3...4...5...6...7...8...9...10	Bounce #13 added RGB(64, 2, 0)
0...1...2...3...4...5...6...7...8...9...10	Bounce #14 added RGB(30, 1, 0)
0...1...2...3...4...5...6...7...8...9...10	Bounce #15 added RGB(14, 0, 0)
0...1...2...3...4...5...6...7...8...9...10	Bounce #16 added RGB(7, 0, 0)
0...1...2...3...4...5...6...7...8...9...10	Bounce #17 added RGB(3, 0, 0)
0...1...2...3...4...5...6...7...8...9...10	Bounce #18 added RGB(1, 0, 0)
0...1...2...3...4...5...6...7...8...9...10	Bounce #19 added RGB(1, 0, 0)
Build Patch/Sample Hash Table(s).....Done<0.0268 sec>
0...1...2...3...4...5...6...7...8...9...10FinalLightFace Done
129 of 129 (100% of) surface lights went in leaf ambient cubes.
0...1...2...3...4...5...6...7...8...9...10Writing leaf ambient...done
Ready to Finish

Object names       Objects/Maxobjs  Memory / Maxmem  Fullness 
------------       ---------------  ---------------  -------- 
models                  62/1024         2976/49152    ( 6.1%) 
brushes                733/8192         8796/98304    ( 8.9%) 
brushsides            6537/65536       52296/524288   (10.0%) 
planes                6322/65536      126440/1310720  ( 9.6%) 
vertexes              4645/65536       55740/786432   ( 7.1%) 
nodes                 1029/65536       32928/2097152  ( 1.6%) 
texinfos               795/12288       57240/884736   ( 6.5%) 
texdata                 91/2048         2912/65536    ( 4.4%) 
dispinfos                7/0            1232/0        ( 0.0%) 
disp_verts             231/0            4620/0        ( 0.0%) 
disp_tris              320/0             640/0        ( 0.0%) 
disp_lmsamples       25920/0           25920/0        ( 0.0%) 
faces                 3031/65536      169736/3670016  ( 4.6%) 
hdr faces                0/65536           0/3670016  ( 0.0%) 
origfaces             2158/65536      120848/3670016  ( 3.3%) 
leaves                1092/65536       34944/2097152  ( 1.7%) 
leaffaces             3754/65536        7508/131072   ( 5.7%) 
leafbrushes           1361/65536        2722/131072   ( 2.1%) 
areas                    3/256            24/2048     ( 1.2%) 
surfedges            21983/512000      87932/2048000  ( 4.3%) 
edges                12780/256000      51120/1024000  ( 5.0%) 
LDR worldlights        208/8192        18304/720896   ( 2.5%) 
HDR worldlights          0/8192            0/720896   ( 0.0%) 
leafwaterdata            1/32768          12/393216   ( 0.0%) 
waterstrips            210/32768        2100/327680   ( 0.6%) 
waterverts               0/65536           0/786432   ( 0.0%) 
waterindices          3486/65536        6972/131072   ( 5.3%) 
cubemapsamples          18/1024          288/16384    ( 1.8%) 
overlays                21/512          7392/180224   ( 4.1%) 
LDR lightdata         [variable]     3514184/0        ( 0.0%) 
HDR lightdata         [variable]           0/0        ( 0.0%) 
visdata               [variable]       19407/16777216 ( 0.1%) 
entdata               [variable]       45438/393216   (11.6%) 
LDR ambient table     1092/65536        4368/262144   ( 1.7%) 
HDR ambient table     1092/65536        4368/262144   ( 1.7%) 
LDR leaf ambient      5808/65536      162624/1835008  ( 8.9%) 
HDR leaf ambient      1092/65536       30576/1835008  ( 1.7%) 
occluders                0/0               0/0        ( 0.0%) 
occluder polygons        0/0               0/0        ( 0.0%) 
occluder vert ind        0/0               0/0        ( 0.0%) 
detail props          [variable]           1/12       ( 8.3%) 
static props          [variable]           1/12       ( 8.3%) 
pakfile               [variable]       15925/0        ( 0.0%) 
physics               [variable]      274970/4194304  ( 6.6%) 
physics terrain       [variable]        1115/1048576  ( 0.1%) 

Level flags = 1

Total triangle count: 7423
Writing d:\maps\td_rats_a1.bsp
2 minutes, 6 seconds elapsed



[Reading texlights from 'lights.rad']
[34 texlights parsed from 'lights.rad']

Loading d:\maps\td_rats_a1.bsp
3031 faces
1204750 square feet [173484048.00 square inches]
7 Displacements
19773 Square Feet [2847398.00 Square Inches]
3031 patches before subdivision
49499 patches after subdivision
light has _fifty_percent_distance of 200.000000 but _zero_percent_distance of 100.000000
light has _fifty_percent_distance of 200.000000 but _zero_percent_distance of 100.000000
light has _fifty_percent_distance of 200.000000 but _zero_percent_distance of 100.000000
208 direct lights
0...1...2...3...4...5...6...7...8...9...100...1...2...3...4...5...6...7...8...9...10transfers 10824694, max 1196
transfer lists:  82.6 megs
0...1...2...3...4...5...6...7...8...9...10	Bounce #1 added RGB(912782, 504739, 131792)
0...1...2...3...4...5...6...7...8...9...10	Bounce #2 added RGB(373379, 159437, 36543)
0...1...2...3...4...5...6...7...8...9...10	Bounce #3 added RGB(156886, 49498, 10428)
0...1...2...3...4...5...6...7...8...9...10	Bounce #4 added RGB(71199, 17377, 3220)
0...1...2...3...4...5...6...7...8...9...10	Bounce #5 added RGB(31914, 5994, 1008)
0...1...2...3...4...5...6...7...8...9...10	Bounce #6 added RGB(14616, 2144, 323)
0...1...2...3...4...5...6...7...8...9...10	Bounce #7 added RGB(6664, 767, 105)
0...1...2...3...4...5...6...7...8...9...10	Bounce #8 added RGB(3070, 279, 35)
0...1...2...3...4...5...6...7...8...9...10	Bounce #9 added RGB(1412, 102, 12)
0...1...2...3...4...5...6...7...8...9...10	Bounce #10 added RGB(654, 38, 4)
0...1...2...3...4...5...6...7...8...9...10	Bounce #11 added RGB(303, 14, 1)
0...1...2...3...4...5...6...7...8...9...10	Bounce #12 added RGB(141, 5, 0)
0...1...2...3...4...5...6...7...8...9...10	Bounce #13 added RGB(65, 2, 0)
0...1...2...3...4...5...6...7...8...9...10	Bounce #14 added RGB(30, 1, 0)
0...1...2...3...4...5...6...7...8...9...10	Bounce #15 added RGB(14, 0, 0)
0...1...2...3...4...5...6...7...8...9...10	Bounce #16 added RGB(7, 0, 0)
0...1...2...3...4...5...6...7...8...9...10	Bounce #17 added RGB(3, 0, 0)
0...1...2...3...4...5...6...7...8...9...10	Bounce #18 added RGB(1, 0, 0)
0...1...2...3...4...5...6...7...8...9...10	Bounce #19 added RGB(1, 0, 0)
Build Patch/Sample Hash Table(s).....Done<0.0280 sec>
0...1...2...3...4...5...6...7...8...9...10FinalLightFace Done
129 of 129 (100% of) surface lights went in leaf ambient cubes.
0...1...2...3...4...5...6...7...8...9...10Writing leaf ambient...done
Ready to Finish

Object names       Objects/Maxobjs  Memory / Maxmem  Fullness 
------------       ---------------  ---------------  -------- 
models                  62/1024         2976/49152    ( 6.1%) 
brushes                733/8192         8796/98304    ( 8.9%) 
brushsides            6537/65536       52296/524288   (10.0%) 
planes                6322/65536      126440/1310720  ( 9.6%) 
vertexes              4645/65536       55740/786432   ( 7.1%) 
nodes                 1029/65536       32928/2097152  ( 1.6%) 
texinfos               795/12288       57240/884736   ( 6.5%) 
texdata                 91/2048         2912/65536    ( 4.4%) 
dispinfos                7/0            1232/0        ( 0.0%) 
disp_verts             231/0            4620/0        ( 0.0%) 
disp_tris              320/0             640/0        ( 0.0%) 
disp_lmsamples       25920/0           25920/0        ( 0.0%) 
faces                 3031/65536      169736/3670016  ( 4.6%) 
hdr faces             3031/65536      169736/3670016  ( 4.6%) 
origfaces             2158/65536      120848/3670016  ( 3.3%) 
leaves                1092/65536       34944/2097152  ( 1.7%) 
leaffaces             3754/65536        7508/131072   ( 5.7%) 
leafbrushes           1361/65536        2722/131072   ( 2.1%) 
areas                    3/256            24/2048     ( 1.2%) 
surfedges            21983/512000      87932/2048000  ( 4.3%) 
edges                12780/256000      51120/1024000  ( 5.0%) 
LDR worldlights        208/8192        18304/720896   ( 2.5%) 
HDR worldlights        208/8192        18304/720896   ( 2.5%) 
leafwaterdata            1/32768          12/393216   ( 0.0%) 
waterstrips            210/32768        2100/327680   ( 0.6%) 
waterverts               0/65536           0/786432   ( 0.0%) 
waterindices          3486/65536        6972/131072   ( 5.3%) 
cubemapsamples          18/1024          288/16384    ( 1.8%) 
overlays                21/512          7392/180224   ( 4.1%) 
LDR lightdata         [variable]     3514184/0        ( 0.0%) 
HDR lightdata         [variable]     3514184/0        ( 0.0%) 
visdata               [variable]       19407/16777216 ( 0.1%) 
entdata               [variable]       45438/393216   (11.6%) 
LDR ambient table     1092/65536        4368/262144   ( 1.7%) 
HDR ambient table     1092/65536        4368/262144   ( 1.7%) 
LDR leaf ambient      5808/65536      162624/1835008  ( 8.9%) 
HDR leaf ambient      5779/65536      161812/1835008  ( 8.8%) 
occluders                0/0               0/0        ( 0.0%) 
occluder polygons        0/0               0/0        ( 0.0%) 
occluder vert ind        0/0               0/0        ( 0.0%) 
detail props          [variable]           1/12       ( 8.3%) 
static props          [variable]           1/12       ( 8.3%) 
pakfile               [variable]       15925/0        ( 0.0%) 
physics               [variable]      274970/4194304  ( 6.6%) 
physics terrain       [variable]        1115/1048576  ( 0.1%) 

Level flags = 3

Total triangle count: 7423
Writing d:\maps\td_rats_a1.bsp
2 minutes, 4 seconds elapsed



materialPath: F:\Steam\SteamApps\common\Team Fortress 2\tf\materials
Loading d:\maps\td_rats_a1.vmf
material "maritime/wood/door001" not found.
Material not found!: MARITIME/WOOD/DOOR001
ConVarRef mat_reduceparticles doesn't point to an existing ConVar
Error! Variable "$ssbump" is multiply defined in material "pascal/rats/behang"!
Error! Variable "$ssbump" is multiply defined in material "pascal/rats/wood2"!
Error! Variable "$ssbump" is multiply defined in material "pascal/rats/wood1"!
Error! Variable "$ssbump" is multiply defined in material "pascal/rats/wood tile"!
Error! Variable "$ssbump" is multiply defined in material "pascal/rats/wood plank"!
Error! Variable "$ssbump" is multiply defined in material "pascal/rats/verst"!
Error! Variable "$ssbump" is multiply defined in material "pascal/rats/spieker"!
Error! Variable "$ssbump" is multiply defined in material "pascal/rats/toet"!
material "minecraft_original/wood" not found.
Material not found!: MINECRAFT_ORIGINAL/WOOD
Patching WVT material: maps/td_rats_a1/egypt/sand_grass_blend_01_wvt_patch
Patching WVT material: maps/td_rats_a1/dev/dev_blendmeasure_wvt_patch
Patching WVT material: maps/td_rats_a1/nature/blendconcretetograss001_wvt_patch
fixing up env_cubemap materials on brush sides...
0...1...2...3...4...5...6...7...8...9...100...1...2...3...4...5...6...7...8...9...10Processing areas...done (0)
Building Faces...done (0)
Chop Details...done (0)
Find Visible Detail Sides...
Merged 172 detail faces...done (0)
Merging details...done (0)
FixTjuncs...
PruneNodes...
WriteBSP...
NODRAW on terrain surface!
NODRAW on terrain surface!
done (0)
writing d:\maps\td_rats_a1.prt...Building visibility clusters...
done (0)
*** Error: Skybox vtf files for skybox/sky_goldrush_01 weren't compiled with the same size texture and/or same flags!
Can't load skybox file skybox/sky_goldrush_01 to build the default cubemap!
*** Error: Skybox vtf files for skybox/sky_goldrush_01 weren't compiled with the same size texture and/or same flags!
Can't load skybox file skybox/sky_goldrush_01 to build the default cubemap!
Finding displacement neighbors...
Finding lightmap sample positions...
Displacement Alpha : 0...1...2...3...4...5...6...7...8...9...10
Building Physics collision data...
done (1) (274970 bytes)
Placing detail props : 0...1...2...3...4...5...6...7...8.Material NATURE/BLENDCONCRETETOGRASS001 uses unknown detail object type tf_forest_grass!
Material NATURE/BLENDCONCRETETOGRASS001 uses unknown detail object type tf_forest_grass!
Material NATURE/BLENDCONCRETETOGRASS001 uses unknown detail object type tf_forest_grass!
Material NATURE/BLENDCONCRETETOGRASS001 uses unknown detail object type tf_forest_grass!
..9...10
Water found with no water_lod_control entity, creating a default one.
Compacting texture/material tables...
Reduced 1402 texinfos to 795
Reduced 110 texdatas to 91 (3700 bytes to 2982)
Writing d:\maps\td_rats_a1.bsp
8 seconds elapsed



2 threads
reading d:\maps\td_rats_a1.bsp
reading d:\maps\td_rats_a1.prt
 271 portalclusters
 778 numportals
0...1...2...3...4...5...6...7...8...9...10Optimized: 971 visible clusters (1.73%)
Total clusters visible: 56186
Average clusters visible: 207
Building PAS...
Average clusters audible: 269
visdatasize:20332  compressed from 21680
writing d:\maps\td_rats_a1.bsp
0 seconds elapsed



[Reading texlights from 'lights.rad']
[34 texlights parsed from 'lights.rad']

Loading d:\maps\td_rats_a1.bsp
3031 faces
1204750 square feet [173484048.00 square inches]
7 Displacements
19773 Square Feet [2847398.00 Square Inches]
3031 patches before subdivision
49499 patches after subdivision
light has _fifty_percent_distance of 200.000000 but _zero_percent_distance of 100.000000
light has _fifty_percent_distance of 200.000000 but _zero_percent_distance of 100.000000
light has _fifty_percent_distance of 200.000000 but _zero_percent_distance of 100.000000
208 direct lights
0...1...2...3...4...5...6...7...8...9...100...1...2...3...4...5...6...7...8...9...10transfers 8225114, max 1047
transfer lists:  62.8 megs
0...1...2...3...4...5...6...7...8...9...10	Bounce #1 added RGB(319721, 196019, 92848)
0...1...2...3...4...5...6...7...8...9...10	Bounce #2 added RGB(110361, 53756, 24034)
Build Patch/Sample Hash Table(s).....Done<0.0284 sec>
0...1...2...3...4...5...6...7...8...9...10FinalLightFace Done
129 of 129 (100% of) surface lights went in leaf ambient cubes.
0...1...2...3...4...5...6...7...8...9...10Writing leaf ambient...done
Ready to Finish

Object names       Objects/Maxobjs  Memory / Maxmem  Fullness 
------------       ---------------  ---------------  -------- 
models                  62/1024         2976/49152    ( 6.1%) 
brushes                733/8192         8796/98304    ( 8.9%) 
brushsides            6537/65536       52296/524288   (10.0%) 
planes                6322/65536      126440/1310720  ( 9.6%) 
vertexes              4645/65536       55740/786432   ( 7.1%) 
nodes                 1029/65536       32928/2097152  ( 1.6%) 
texinfos               795/12288       57240/884736   ( 6.5%) 
texdata                 91/2048         2912/65536    ( 4.4%) 
dispinfos                7/0            1232/0        ( 0.0%) 
disp_verts             231/0            4620/0        ( 0.0%) 
disp_tris              320/0             640/0        ( 0.0%) 
disp_lmsamples       25920/0           25920/0        ( 0.0%) 
faces                 3031/65536      169736/3670016  ( 4.6%) 
hdr faces                0/65536           0/3670016  ( 0.0%) 
origfaces             2158/65536      120848/3670016  ( 3.3%) 
leaves                1092/65536       34944/2097152  ( 1.7%) 
leaffaces             3754/65536        7508/131072   ( 5.7%) 
leafbrushes           1361/65536        2722/131072   ( 2.1%) 
areas                    3/256            24/2048     ( 1.2%) 
surfedges            21983/512000      87932/2048000  ( 4.3%) 
edges                12780/256000      51120/1024000  ( 5.0%) 
LDR worldlights        208/8192        18304/720896   ( 2.5%) 
HDR worldlights          0/8192            0/720896   ( 0.0%) 
leafwaterdata            1/32768          12/393216   ( 0.0%) 
waterstrips            210/32768        2100/327680   ( 0.6%) 
waterverts               0/65536           0/786432   ( 0.0%) 
waterindices          3486/65536        6972/131072   ( 5.3%) 
cubemapsamples          18/1024          288/16384    ( 1.8%) 
overlays                21/512          7392/180224   ( 4.1%) 
LDR lightdata         [variable]     3514184/0        ( 0.0%) 
HDR lightdata         [variable]           0/0        ( 0.0%) 
visdata               [variable]       20332/16777216 ( 0.1%) 
entdata               [variable]       46039/393216   (11.7%) 
LDR ambient table     1092/65536        4368/262144   ( 1.7%) 
HDR ambient table     1092/65536        4368/262144   ( 1.7%) 
LDR leaf ambient      5791/65536      162148/1835008  ( 8.8%) 
HDR leaf ambient      1092/65536       30576/1835008  ( 1.7%) 
occluders                0/0               0/0        ( 0.0%) 
occluder polygons        0/0               0/0        ( 0.0%) 
occluder vert ind        0/0               0/0        ( 0.0%) 
detail props          [variable]           1/12       ( 8.3%) 
static props          [variable]           1/11020    ( 0.0%) 
pakfile               [variable]       15925/0        ( 0.0%) 
physics               [variable]      274970/4194304  ( 6.6%) 
physics terrain       [variable]        1115/1048576  ( 0.1%) 

Level flags = 0

Total triangle count: 7423
Writing d:\maps\td_rats_a1.bsp
36 seconds elapsed



materialPath: F:\Steam\SteamApps\common\Team Fortress 2\tf\materials
Loading d:\maps\td_rats_a1.vmf
material "maritime/wood/door001" not found.
Material not found!: MARITIME/WOOD/DOOR001
ConVarRef mat_reduceparticles doesn't point to an existing ConVar
Error! Variable "$ssbump" is multiply defined in material "pascal/rats/behang"!
Error! Variable "$ssbump" is multiply defined in material "pascal/rats/wood2"!
Error! Variable "$ssbump" is multiply defined in material "pascal/rats/wood1"!
Error! Variable "$ssbump" is multiply defined in material "pascal/rats/wood tile"!
Error! Variable "$ssbump" is multiply defined in material "pascal/rats/wood plank"!
Error! Variable "$ssbump" is multiply defined in material "pascal/rats/verst"!
Error! Variable "$ssbump" is multiply defined in material "pascal/rats/spieker"!
Error! Variable "$ssbump" is multiply defined in material "pascal/rats/toet"!
material "minecraft_original/wood" not found.
Material not found!: MINECRAFT_ORIGINAL/WOOD
Patching WVT material: maps/td_rats_a1/egypt/sand_grass_blend_01_wvt_patch
Patching WVT material: maps/td_rats_a1/dev/dev_blendmeasure_wvt_patch
Patching WVT material: maps/td_rats_a1/nature/blendconcretetograss001_wvt_patch
fixing up env_cubemap materials on brush sides...
0...1...2...3...4...5...6...7...8...9...100...1...2...3...4...5...6...7...8...9...10Processing areas...done (0)
Building Faces...done (0)
Chop Details...done (0)
Find Visible Detail Sides...
Merged 174 detail faces...done (0)
Merging details...done (0)
FixTjuncs...
PruneNodes...
WriteBSP...
NODRAW on terrain surface!
NODRAW on terrain surface!
done (0)
writing d:\maps\td_rats_a1.prt...Building visibility clusters...
done (0)
*** Error: Skybox vtf files for skybox/sky_goldrush_01 weren't compiled with the same size texture and/or same flags!
Can't load skybox file skybox/sky_goldrush_01 to build the default cubemap!
*** Error: Skybox vtf files for skybox/sky_goldrush_01 weren't compiled with the same size texture and/or same flags!
Can't load skybox file skybox/sky_goldrush_01 to build the default cubemap!
Finding displacement neighbors...
Finding lightmap sample positions...
Displacement Alpha : 0...1...2...3...4...5...6...7...8...9...10
Building Physics collision data...
done (0) (280335 bytes)
Placing detail props : 0...1...2...3...4...5...6...7...8.Material NATURE/BLENDCONCRETETOGRASS001 uses unknown detail object type tf_forest_grass!
Material NATURE/BLENDCONCRETETOGRASS001 uses unknown detail object type tf_forest_grass!
Material NATURE/BLENDCONCRETETOGRASS001 uses unknown detail object type tf_forest_grass!
Material NATURE/BLENDCONCRETETOGRASS001 uses unknown detail object type tf_forest_grass!
..9...10
Water found with no water_lod_control entity, creating a default one.
Compacting texture/material tables...
Reduced 1414 texinfos to 802
Reduced 112 texdatas to 91 (3881 bytes to 3058)
Writing d:\maps\td_rats_a1.bsp
10 seconds elapsed



2 threads
reading d:\maps\td_rats_a1.bsp
reading d:\maps\td_rats_a1.prt
 274 portalclusters
 798 numportals
0...1...2...3...4...5...6...7...8...9...100...1...2...3...4...5...6...7...8...9...10Optimized: 85 visible clusters (0.22%)
Total clusters visible: 38969
Average clusters visible: 142
Building PAS...
Average clusters audible: 261
visdatasize:19880  compressed from 21920
writing d:\maps\td_rats_a1.bsp
2 seconds elapsed



[Reading texlights from 'lights.rad']
[34 texlights parsed from 'lights.rad']

Loading d:\maps\td_rats_a1.bsp
3063 faces
1205067 square feet [173529712.00 square inches]
7 Displacements
19773 Square Feet [2847398.00 Square Inches]
3063 patches before subdivision
48879 patches after subdivision
light has _fifty_percent_distance of 200.000000 but _zero_percent_distance of 100.000000
light has _fifty_percent_distance of 200.000000 but _zero_percent_distance of 100.000000
light has _fifty_percent_distance of 200.000000 but _zero_percent_distance of 100.000000
213 direct lights
0...1...2...3...4...5...6...7...8...9...100...1...2...3...4...5...6...7...8...9...10transfers 7962510, max 1027
transfer lists:  60.7 megs
0...1...2...3...4...5...6...7...8...9...10	Bounce #1 added RGB(304803, 187078, 87632)
0...1...2...3...4...5...6...7...8...9...10	Bounce #2 added RGB(105403, 51499, 22882)
0...1...2...3...4...5...6...7...8...9...10	Bounce #3 added RGB(40228, 14632, 6452)
0...1...2...3...4...5...6...7...8...9...10	Bounce #4 added RGB(16993, 4735, 1918)
0...1...2...3...4...5...6...7...8...9...10	Bounce #5 added RGB(7193, 1538, 584)
0...1...2...3...4...5...6...7...8...9...10	Bounce #6 added RGB(3119, 519, 182)
0...1...2...3...4...5...6...7...8...9...10	Bounce #7 added RGB(1357, 177, 58)
0...1...2...3...4...5...6...7...8...9...10	Bounce #8 added RGB(597, 62, 19)
0...1...2...3...4...5...6...7...8...9...10	Bounce #9 added RGB(263, 22, 6)
0...1...2...3...4...5...6...7...8...9...10	Bounce #10 added RGB(117, 8, 2)
0...1...2...3...4...5...6...7...8...9...10	Bounce #11 added RGB(52, 3, 1)
0...1...2...3...4...5...6...7...8...9...10	Bounce #12 added RGB(23, 1, 0)
0...1...2...3...4...5...6...7...8...9...10	Bounce #13 added RGB(10, 0, 0)
0...1...2...3...4...5...6...7...8...9...10	Bounce #14 added RGB(5, 0, 0)
0...1...2...3...4...5...6...7...8...9...10	Bounce #15 added RGB(2, 0, 0)
0...1...2...3...4...5...6...7...8...9...10	Bounce #16 added RGB(1, 0, 0)
Build Patch/Sample Hash Table(s).....Done<0.0290 sec>
0...1...2...3...4...5...6...7...8...9...10FinalLightFace Done
134 of 134 (100% of) surface lights went in leaf ambient cubes.
0...1...2...3...4...5...6...7...8...9...10Writing leaf ambient...done
Ready to Finish

Object names       Objects/Maxobjs  Memory / Maxmem  Fullness 
------------       ---------------  ---------------  -------- 
models                  63/1024         3024/49152    ( 6.2%) 
brushes                749/8192         8988/98304    ( 9.1%) 
brushsides            6703/65536       53624/524288   (10.2%) 
planes                6460/65536      129200/1310720  ( 9.9%) 
vertexes              4665/65536       55980/786432   ( 7.1%) 
nodes                 1049/65536       33568/2097152  ( 1.6%) 
texinfos               802/12288       57744/884736   ( 6.5%) 
texdata                 91/2048         2912/65536    ( 4.4%) 
dispinfos                7/0            1232/0        ( 0.0%) 
disp_verts             231/0            4620/0        ( 0.0%) 
disp_tris              320/0             640/0        ( 0.0%) 
disp_lmsamples       25920/0           25920/0        ( 0.0%) 
faces                 3063/65536      171528/3670016  ( 4.7%) 
hdr faces                0/65536           0/3670016  ( 0.0%) 
origfaces             2192/65536      122752/3670016  ( 3.3%) 
leaves                1113/65536       35616/2097152  ( 1.7%) 
leaffaces             3769/65536        7538/131072   ( 5.8%) 
leafbrushes           1405/65536        2810/131072   ( 2.1%) 
areas                    2/256            16/2048     ( 0.8%) 
surfedges            22293/512000      89172/2048000  ( 4.4%) 
edges                12949/256000      51796/1024000  ( 5.1%) 
LDR worldlights        213/8192        18744/720896   ( 2.6%) 
HDR worldlights          0/8192            0/720896   ( 0.0%) 
leafwaterdata            1/32768          12/393216   ( 0.0%) 
waterstrips            214/32768        2140/327680   ( 0.7%) 
waterverts               0/65536           0/786432   ( 0.0%) 
waterindices          3684/65536        7368/131072   ( 5.6%) 
cubemapsamples          18/1024          288/16384    ( 1.8%) 
overlays                21/512          7392/180224   ( 4.1%) 
LDR lightdata         [variable]     3498828/0        ( 0.0%) 
HDR lightdata         [variable]           0/0        ( 0.0%) 
visdata               [variable]       19880/16777216 ( 0.1%) 
entdata               [variable]       43962/393216   (11.2%) 
LDR ambient table     1113/65536        4452/262144   ( 1.7%) 
HDR ambient table     1113/65536        4452/262144   ( 1.7%) 
LDR leaf ambient      5706/65536      159768/1835008  ( 8.7%) 
HDR leaf ambient      1113/65536       31164/1835008  ( 1.7%) 
occluders                0/0               0/0        ( 0.0%) 
occluder polygons        0/0               0/0        ( 0.0%) 
occluder vert ind        0/0               0/0        ( 0.0%) 
detail props          [variable]           1/12       ( 8.3%) 
static props          [variable]           1/12742    ( 0.0%) 
pakfile               [variable]       17284/0        ( 0.0%) 
physics               [variable]      280335/4194304  ( 6.7%) 
physics terrain       [variable]        1115/1048576  ( 0.1%) 

Level flags = 0

Total triangle count: 7550
Writing d:\maps\td_rats_a1.bsp
3 minutes, 13 seconds elapsed



[Reading texlights from 'lights.rad']
[34 texlights parsed from 'lights.rad']

Loading d:\maps\td_rats_a1.bsp
3063 faces
1205067 square feet [173529712.00 square inches]
7 Displacements
19773 Square Feet [2847398.00 Square Inches]
3063 patches before subdivision
48879 patches after subdivision
light has _fifty_percent_distance of 200.000000 but _zero_percent_distance of 100.000000
light has _fifty_percent_distance of 200.000000 but _zero_percent_distance of 100.000000
light has _fifty_percent_distance of 200.000000 but _zero_percent_distance of 100.000000
213 direct lights
0...1...2...3...4...5...6...7...8...9...100...1...2...3...4...5...6...7...8...9...10transfers 7962510, max 1027
transfer lists:  60.7 megs
0...1...2...3...4...5...6...7...8...9...10	Bounce #1 added RGB(313399, 191961, 89494)
0...1...2...3...4...5...6...7...8...9...10	Bounce #2 added RGB(109138, 53182, 23378)
0...1...2...3...4...5...6...7...8...9...10	Bounce #3 added RGB(41668, 15153, 6582)
0...1...2...3...4...5...6...7...8...9...10	Bounce #4 added RGB(17607, 4915, 1955)
0...1...2...3...4...5...6...7...8...9...10	Bounce #5 added RGB(7448, 1599, 596)
0...1...2...3...4...5...6...7...8...9...10	Bounce #6 added RGB(3229, 540, 185)
0...1...2...3...4...5...6...7...8...9...10	Bounce #7 added RGB(1404, 184, 59)
0...1...2...3...4...5...6...7...8...9...10	Bounce #8 added RGB(617, 64, 19)
0...1...2...3...4...5...6...7...8...9...10	Bounce #9 added RGB(272, 23, 6)
0...1...2...3...4...5...6...7...8...9...10	Bounce #10 added RGB(121, 8, 2)
0...1...2...3...4...5...6...7...8...9...10	Bounce #11 added RGB(54, 3, 1)
0...1...2...3...4...5...6...7...8...9...10	Bounce #12 added RGB(24, 1, 0)
0...1...2...3...4...5...6...7...8...9...10	Bounce #13 added RGB(11, 0, 0)
0...1...2...3...4...5...6...7...8...9...10	Bounce #14 added RGB(5, 0, 0)
0...1...2...3...4...5...6...7...8...9...10	Bounce #15 added RGB(2, 0, 0)
0...1...2...3...4...5...6...7...8...9...10	Bounce #16 added RGB(1, 0, 0)
0...1...2...3...4...5...6...7...8...9...10	Bounce #17 added RGB(0, 0, 0)
Build Patch/Sample Hash Table(s).....Done<0.0284 sec>
0...1...2...3...4...5...6...7...8...9...10FinalLightFace Done
134 of 134 (100% of) surface lights went in leaf ambient cubes.
0...1...2...3...4...5...6...7...8...9...10Writing leaf ambient...done
Ready to Finish

Object names       Objects/Maxobjs  Memory / Maxmem  Fullness 
------------       ---------------  ---------------  -------- 
models                  63/1024         3024/49152    ( 6.2%) 
brushes                749/8192         8988/98304    ( 9.1%) 
brushsides            6703/65536       53624/524288   (10.2%) 
planes                6460/65536      129200/1310720  ( 9.9%) 
vertexes              4665/65536       55980/786432   ( 7.1%) 
nodes                 1049/65536       33568/2097152  ( 1.6%) 
texinfos               802/12288       57744/884736   ( 6.5%) 
texdata                 91/2048         2912/65536    ( 4.4%) 
dispinfos                7/0            1232/0        ( 0.0%) 
disp_verts             231/0            4620/0        ( 0.0%) 
disp_tris              320/0             640/0        ( 0.0%) 
disp_lmsamples       25920/0           25920/0        ( 0.0%) 
faces                 3063/65536      171528/3670016  ( 4.7%) 
hdr faces             3063/65536      171528/3670016  ( 4.7%) 
origfaces             2192/65536      122752/3670016  ( 3.3%) 
leaves                1113/65536       35616/2097152  ( 1.7%) 
leaffaces             3769/65536        7538/131072   ( 5.8%) 
leafbrushes           1405/65536        2810/131072   ( 2.1%) 
areas                    2/256            16/2048     ( 0.8%) 
surfedges            22293/512000      89172/2048000  ( 4.4%) 
edges                12949/256000      51796/1024000  ( 5.1%) 
LDR worldlights        213/8192        18744/720896   ( 2.6%) 
HDR worldlights        213/8192        18744/720896   ( 2.6%) 
leafwaterdata            1/32768          12/393216   ( 0.0%) 
waterstrips            214/32768        2140/327680   ( 0.7%) 
waterverts               0/65536           0/786432   ( 0.0%) 
waterindices          3684/65536        7368/131072   ( 5.6%) 
cubemapsamples          18/1024          288/16384    ( 1.8%) 
overlays                21/512          7392/180224   ( 4.1%) 
LDR lightdata         [variable]     3498828/0        ( 0.0%) 
HDR lightdata         [variable]     3498828/0        ( 0.0%) 
visdata               [variable]       19880/16777216 ( 0.1%) 
entdata               [variable]       43962/393216   (11.2%) 
LDR ambient table     1113/65536        4452/262144   ( 1.7%) 
HDR ambient table     1113/65536        4452/262144   ( 1.7%) 
LDR leaf ambient      5706/65536      159768/1835008  ( 8.7%) 
HDR leaf ambient      5696/65536      159488/1835008  ( 8.7%) 
occluders                0/0               0/0        ( 0.0%) 
occluder polygons        0/0               0/0        ( 0.0%) 
occluder vert ind        0/0               0/0        ( 0.0%) 
detail props          [variable]           1/12       ( 8.3%) 
static props          [variable]           1/12742    ( 0.0%) 
pakfile               [variable]       17284/0        ( 0.0%) 
physics               [variable]      280335/4194304  ( 6.7%) 
physics terrain       [variable]        1115/1048576  ( 0.1%) 

Level flags = 0

Total triangle count: 7550
Writing d:\maps\td_rats_a1.bsp
3 minutes, 20 seconds elapsed



materialPath: F:\Steam\SteamApps\common\Team Fortress 2\tf\materials
Loading d:\maps\td_rats_a1.vmf
material "maritime/wood/door001" not found.
Material not found!: MARITIME/WOOD/DOOR001
ConVarRef mat_reduceparticles doesn't point to an existing ConVar
Error! Variable "$ssbump" is multiply defined in material "pascal/rats/behang"!
Error! Variable "$ssbump" is multiply defined in material "pascal/rats/wood2"!
Error! Variable "$ssbump" is multiply defined in material "pascal/rats/wood1"!
Error! Variable "$ssbump" is multiply defined in material "pascal/rats/wood tile"!
Error! Variable "$ssbump" is multiply defined in material "pascal/rats/wood plank"!
Error! Variable "$ssbump" is multiply defined in material "pascal/rats/verst"!
Error! Variable "$ssbump" is multiply defined in material "pascal/rats/spieker"!
Error! Variable "$ssbump" is multiply defined in material "pascal/rats/toet"!
material "minecraft_original/wood" not found.
Material not found!: MINECRAFT_ORIGINAL/WOOD
Patching WVT material: maps/td_rats_a1/egypt/sand_grass_blend_01_wvt_patch
Patching WVT material: maps/td_rats_a1/dev/dev_blendmeasure_wvt_patch
Patching WVT material: maps/td_rats_a1/nature/blendconcretetograss001_wvt_patch
fixing up env_cubemap materials on brush sides...
0...1...2...3...4...5...6...7...8...9...100...1...2...3...4...5...6...7...8...9...10Processing areas...done (0)
Building Faces...done (0)
Chop Details...done (0)
Find Visible Detail Sides...
Merged 174 detail faces...done (0)
Merging details...done (0)
FixTjuncs...
PruneNodes...
WriteBSP...
NODRAW on terrain surface!
NODRAW on terrain surface!
done (0)
writing d:\maps\td_rats_a1.prt...Building visibility clusters...
done (0)
*** Error: Skybox vtf files for skybox/sky_goldrush_01 weren't compiled with the same size texture and/or same flags!
Can't load skybox file skybox/sky_goldrush_01 to build the default cubemap!
*** Error: Skybox vtf files for skybox/sky_goldrush_01 weren't compiled with the same size texture and/or same flags!
Can't load skybox file skybox/sky_goldrush_01 to build the default cubemap!
Finding displacement neighbors...
Finding lightmap sample positions...
Displacement Alpha : 0...1...2...3...4...5...6...7...8...9...10
Building Physics collision data...
done (0) (280335 bytes)
Placing detail props : 0...1...2...3...4...5...6...7...8.Material NATURE/BLENDCONCRETETOGRASS001 uses unknown detail object type tf_forest_grass!
Material NATURE/BLENDCONCRETETOGRASS001 uses unknown detail object type tf_forest_grass!
Material NATURE/BLENDCONCRETETOGRASS001 uses unknown detail object type tf_forest_grass!
Material NATURE/BLENDCONCRETETOGRASS001 uses unknown detail object type tf_forest_grass!
..9...10
Water found with no water_lod_control entity, creating a default one.
Compacting texture/material tables...
Reduced 1414 texinfos to 802
Reduced 112 texdatas to 91 (3881 bytes to 3058)
Writing d:\maps\td_rats_a1.bsp
10 seconds elapsed



2 threads
reading d:\maps\td_rats_a1.bsp
reading d:\maps\td_rats_a1.prt
 274 portalclusters
 798 numportals
0...1...2...3...4...5...6...7...8...9...10Optimized: 1210 visible clusters (2.17%)
Total clusters visible: 55688
Average clusters visible: 203
Building PAS...
Average clusters audible: 272
visdatasize:21000  compressed from 21920
writing d:\maps\td_rats_a1.bsp
0 seconds elapsed



[Reading texlights from 'lights.rad']
[34 texlights parsed from 'lights.rad']

Loading d:\maps\td_rats_a1.bsp
3063 faces
1205095 square feet [173533744.00 square inches]
7 Displacements
19773 Square Feet [2847398.00 Square Inches]
3063 patches before subdivision
48879 patches after subdivision
light has _fifty_percent_distance of 300.000000 but _zero_percent_distance of 100.000000
light has _fifty_percent_distance of 200.000000 but _zero_percent_distance of 100.000000
light has _fifty_percent_distance of 200.000000 but _zero_percent_distance of 100.000000
light has _fifty_percent_distance of 200.000000 but _zero_percent_distance of 100.000000
light has _fifty_percent_distance of 320.000000 but _zero_percent_distance of 150.000000
light has _fifty_percent_distance of 320.000000 but _zero_percent_distance of 150.000000
light has _fifty_percent_distance of 320.000000 but _zero_percent_distance of 150.000000
light has _fifty_percent_distance of 320.000000 but _zero_percent_distance of 150.000000
light has _fifty_percent_distance of 320.000000 but _zero_percent_distance of 150.000000
light has _fifty_percent_distance of 320.000000 but _zero_percent_distance of 150.000000
light has _fifty_percent_distance of 320.000000 but _zero_percent_distance of 150.000000
light has _fifty_percent_distance of 320.000000 but _zero_percent_distance of 150.000000
light has _fifty_percent_distance of 300.000000 but _zero_percent_distance of 100.000000
light has _fifty_percent_distance of 320.000000 but _zero_percent_distance of 150.000000
light has _fifty_percent_distance of 320.000000 but _zero_percent_distance of 150.000000
light has _fifty_percent_distance of 320.000000 but _zero_percent_distance of 150.000000
224 direct lights
0...1...2...3...4...5...6...7...8...9...100...1...2...3...4...5...6...7...8...9...10transfers 7837607, max 1024
transfer lists:  59.8 megs
0...1...2...3...4...5...6...7...8...9...10	Bounce #1 added RGB(409866, 264950, 143008)
0...1...2...3...4...5...6...7...8...9...10	Bounce #2 added RGB(144275, 72470, 33373)
Build Patch/Sample Hash Table(s).....Done<0.0261 sec>
0...1...2...3...4...5...6...7...8...9...10FinalLightFace Done
134 of 134 (100% of) surface lights went in leaf ambient cubes.
0...1...2...3...4...5...6...7...8...9...10Writing leaf ambient...done
Ready to Finish

Object names       Objects/Maxobjs  Memory / Maxmem  Fullness 
------------       ---------------  ---------------  -------- 
models                  63/1024         3024/49152    ( 6.2%) 
brushes                749/8192         8988/98304    ( 9.1%) 
brushsides            6703/65536       53624/524288   (10.2%) 
planes                6450/65536      129000/1310720  ( 9.8%) 
vertexes              4663/65536       55956/786432   ( 7.1%) 
nodes                 1049/65536       33568/2097152  ( 1.6%) 
texinfos               802/12288       57744/884736   ( 6.5%) 
texdata                 91/2048         2912/65536    ( 4.4%) 
dispinfos                7/0            1232/0        ( 0.0%) 
disp_verts             231/0            4620/0        ( 0.0%) 
disp_tris              320/0             640/0        ( 0.0%) 
disp_lmsamples       25920/0           25920/0        ( 0.0%) 
faces                 3063/65536      171528/3670016  ( 4.7%) 
hdr faces                0/65536           0/3670016  ( 0.0%) 
origfaces             2192/65536      122752/3670016  ( 3.3%) 
leaves                1113/65536       35616/2097152  ( 1.7%) 
leaffaces             3769/65536        7538/131072   ( 5.8%) 
leafbrushes           1405/65536        2810/131072   ( 2.1%) 
areas                    2/256            16/2048     ( 0.8%) 
surfedges            22290/512000      89160/2048000  ( 4.4%) 
edges                12942/256000      51768/1024000  ( 5.1%) 
LDR worldlights        224/8192        19712/720896   ( 2.7%) 
HDR worldlights          0/8192            0/720896   ( 0.0%) 
leafwaterdata            1/32768          12/393216   ( 0.0%) 
waterstrips            214/32768        2140/327680   ( 0.7%) 
waterverts               0/65536           0/786432   ( 0.0%) 
waterindices          3684/65536        7368/131072   ( 5.6%) 
cubemapsamples          18/1024          288/16384    ( 1.8%) 
overlays                21/512          7392/180224   ( 4.1%) 
LDR lightdata         [variable]     3498828/0        ( 0.0%) 
HDR lightdata         [variable]           0/0        ( 0.0%) 
visdata               [variable]       21000/16777216 ( 0.1%) 
entdata               [variable]       46308/393216   (11.8%) 
LDR ambient table     1113/65536        4452/262144   ( 1.7%) 
HDR ambient table     1113/65536        4452/262144   ( 1.7%) 
LDR leaf ambient      5746/65536      160888/1835008  ( 8.8%) 
HDR leaf ambient      1113/65536       31164/1835008  ( 1.7%) 
occluders                0/0               0/0        ( 0.0%) 
occluder polygons        0/0               0/0        ( 0.0%) 
occluder vert ind        0/0               0/0        ( 0.0%) 
detail props          [variable]           1/12       ( 8.3%) 
static props          [variable]           1/13470    ( 0.0%) 
pakfile               [variable]       17284/0        ( 0.0%) 
physics               [variable]      280335/4194304  ( 6.7%) 
physics terrain       [variable]        1115/1048576  ( 0.1%) 

Level flags = 0

Total triangle count: 7547
Writing d:\maps\td_rats_a1.bsp
36 seconds elapsed



materialPath: F:\Steam\SteamApps\common\Team Fortress 2\tf\materials
Loading d:\maps\td_rats_a1.vmf
material "maritime/wood/door001" not found.
Material not found!: MARITIME/WOOD/DOOR001
ConVarRef mat_reduceparticles doesn't point to an existing ConVar
Error! Variable "$ssbump" is multiply defined in material "pascal/rats/behang"!
Error! Variable "$ssbump" is multiply defined in material "pascal/rats/wood2"!
Error! Variable "$ssbump" is multiply defined in material "pascal/rats/wood1"!
Error! Variable "$ssbump" is multiply defined in material "pascal/rats/wood tile"!
Error! Variable "$ssbump" is multiply defined in material "pascal/rats/wood plank"!
Error! Variable "$ssbump" is multiply defined in material "pascal/rats/verst"!
Error! Variable "$ssbump" is multiply defined in material "pascal/rats/spieker"!
Error! Variable "$ssbump" is multiply defined in material "pascal/rats/toet"!
material "minecraft_original/wood" not found.
Material not found!: MINECRAFT_ORIGINAL/WOOD
Patching WVT material: maps/td_rats_a1/egypt/sand_grass_blend_01_wvt_patch
Patching WVT material: maps/td_rats_a1/dev/dev_blendmeasure_wvt_patch
Patching WVT material: maps/td_rats_a1/nature/blendconcretetograss001_wvt_patch
fixing up env_cubemap materials on brush sides...
0...1...2...3...4...5...6...7...8...9...100...1...2...3...4...5...6...7...8...9...10Processing areas...done (0)
Building Faces...done (0)
Chop Details...done (0)
Find Visible Detail Sides...
Merged 174 detail faces...done (0)
Merging details...done (0)
FixTjuncs...
PruneNodes...
WriteBSP...
NODRAW on terrain surface!
NODRAW on terrain surface!
done (0)
writing d:\maps\td_rats_a1.prt...Building visibility clusters...
done (0)
*** Error: Skybox vtf files for skybox/sky_goldrush_01 weren't compiled with the same size texture and/or same flags!
Can't load skybox file skybox/sky_goldrush_01 to build the default cubemap!
*** Error: Skybox vtf files for skybox/sky_goldrush_01 weren't compiled with the same size texture and/or same flags!
Can't load skybox file skybox/sky_goldrush_01 to build the default cubemap!
Finding displacement neighbors...
Finding lightmap sample positions...
Displacement Alpha : 0...1...2...3...4...5...6...7...8...9...10
Building Physics collision data...
done (1) (280335 bytes)
Placing detail props : 0...1...2...3...4...5...6...7...8.Material NATURE/BLENDCONCRETETOGRASS001 uses unknown detail object type tf_forest_grass!
Material NATURE/BLENDCONCRETETOGRASS001 uses unknown detail object type tf_forest_grass!
Material NATURE/BLENDCONCRETETOGRASS001 uses unknown detail object type tf_forest_grass!
Material NATURE/BLENDCONCRETETOGRASS001 uses unknown detail object type tf_forest_grass!
..9...10
Water found with no water_lod_control entity, creating a default one.
Compacting texture/material tables...
Reduced 1414 texinfos to 802
Reduced 112 texdatas to 91 (3881 bytes to 3058)
Writing d:\maps\td_rats_a1.bsp
9 seconds elapsed



2 threads
reading d:\maps\td_rats_a1.bsp
reading d:\maps\td_rats_a1.prt
 274 portalclusters
 798 numportals
0...1...2...3...4...5...6...7...8...9...10Optimized: 1210 visible clusters (2.17%)
Total clusters visible: 55688
Average clusters visible: 203
Building PAS...
Average clusters audible: 272
visdatasize:21000  compressed from 21920
writing d:\maps\td_rats_a1.bsp
0 seconds elapsed



[Reading texlights from 'lights.rad']
[34 texlights parsed from 'lights.rad']

Loading d:\maps\td_rats_a1.bsp
3056 faces
1205095 square feet [173533744.00 square inches]
7 Displacements
19773 Square Feet [2847398.00 Square Inches]
3056 patches before subdivision
48614 patches after subdivision
light has _fifty_percent_distance of 300.000000 but _zero_percent_distance of 100.000000
light has _fifty_percent_distance of 200.000000 but _zero_percent_distance of 100.000000
light has _fifty_percent_distance of 200.000000 but _zero_percent_distance of 100.000000
light has _fifty_percent_distance of 200.000000 but _zero_percent_distance of 100.000000
light has _fifty_percent_distance of 255.000000 but _zero_percent_distance of 100.000000
light has _fifty_percent_distance of 255.000000 but _zero_percent_distance of 100.000000
light has _fifty_percent_distance of 255.000000 but _zero_percent_distance of 100.000000
light has _fifty_percent_distance of 255.000000 but _zero_percent_distance of 100.000000
light has _fifty_percent_distance of 255.000000 but _zero_percent_distance of 100.000000
light has _fifty_percent_distance of 320.000000 but _zero_percent_distance of 150.000000
light has _fifty_percent_distance of 320.000000 but _zero_percent_distance of 150.000000
light has _fifty_percent_distance of 300.000000 but _zero_percent_distance of 100.000000
light has _fifty_percent_distance of 320.000000 but _zero_percent_distance of 150.000000
light has _fifty_percent_distance of 320.000000 but _zero_percent_distance of 150.000000
light has _fifty_percent_distance of 255.000000 but _zero_percent_distance of 150.000000
light has _fifty_percent_distance of 255.000000 but _zero_percent_distance of 150.000000
light has _fifty_percent_distance of 255.000000 but _zero_percent_distance of 150.000000
light has _fifty_percent_distance of 255.000000 but _zero_percent_distance of 150.000000
light has _fifty_percent_distance of 100.000000 but _zero_percent_distance of 55.000000
light has _fifty_percent_distance of 100.000000 but _zero_percent_distance of 55.000000
light has _fifty_percent_distance of 100.000000 but _zero_percent_distance of 55.000000
light has _fifty_percent_distance of 100.000000 but _zero_percent_distance of 55.000000
light has _fifty_percent_distance of 100.000000 but _zero_percent_distance of 55.000000
light has _fifty_percent_distance of 100.000000 but _zero_percent_distance of 55.000000
light has _fifty_percent_distance of 100.000000 but _zero_percent_distance of 55.000000
233 direct lights
0...1...2...3...4...5...6...7...8...9...100...1...2...3...4...5...6...7...8...9...10transfers 7793098, max 1023
transfer lists:  59.5 megs
0...1...2...3...4...5...6...7...8...9...10	Bounce #1 added RGB(407739, 261231, 144503)
0...1...2...3...4...5...6...7...8...9...10	Bounce #2 added RGB(141563, 71220, 35131)
Build Patch/Sample Hash Table(s).....Done<0.0285 sec>
0...1...2...3...4...5...6...7...8...9...10FinalLightFace Done
134 of 134 (100% of) surface lights went in leaf ambient cubes.
0...1...2...3...4...5...6...7...8...9...10Writing leaf ambient...done
Ready to Finish

Object names       Objects/Maxobjs  Memory / Maxmem  Fullness 
------------       ---------------  ---------------  -------- 
models                  63/1024         3024/49152    ( 6.2%) 
brushes                749/8192         8988/98304    ( 9.1%) 
brushsides            6703/65536       53624/524288   (10.2%) 
planes                6450/65536      129000/1310720  ( 9.8%) 
vertexes              4654/65536       55848/786432   ( 7.1%) 
nodes                 1049/65536       33568/2097152  ( 1.6%) 
texinfos               802/12288       57744/884736   ( 6.5%) 
texdata                 91/2048         2912/65536    ( 4.4%) 
dispinfos                7/0            1232/0        ( 0.0%) 
disp_verts             231/0            4620/0        ( 0.0%) 
disp_tris              320/0             640/0        ( 0.0%) 
disp_lmsamples       25920/0           25920/0        ( 0.0%) 
faces                 3056/65536      171136/3670016  ( 4.7%) 
hdr faces                0/65536           0/3670016  ( 0.0%) 
origfaces             2192/65536      122752/3670016  ( 3.3%) 
leaves                1113/65536       35616/2097152  ( 1.7%) 
leaffaces             3762/65536        7524/131072   ( 5.7%) 
leafbrushes           1405/65536        2810/131072   ( 2.1%) 
areas                    2/256            16/2048     ( 0.8%) 
surfedges            22255/512000      89020/2048000  ( 4.3%) 
edges                12923/256000      51692/1024000  ( 5.0%) 
LDR worldlights        233/8192        20504/720896   ( 2.8%) 
HDR worldlights          0/8192            0/720896   ( 0.0%) 
leafwaterdata            1/32768          12/393216   ( 0.0%) 
waterstrips            214/32768        2140/327680   ( 0.7%) 
waterverts               0/65536           0/786432   ( 0.0%) 
waterindices          3681/65536        7362/131072   ( 5.6%) 
cubemapsamples          18/1024          288/16384    ( 1.8%) 
overlays                21/512          7392/180224   ( 4.1%) 
LDR lightdata         [variable]     3485464/0        ( 0.0%) 
HDR lightdata         [variable]           0/0        ( 0.0%) 
visdata               [variable]       21000/16777216 ( 0.1%) 
entdata               [variable]       48469/393216   (12.3%) 
LDR ambient table     1113/65536        4452/262144   ( 1.7%) 
HDR ambient table     1113/65536        4452/262144   ( 1.7%) 
LDR leaf ambient      5702/65536      159656/1835008  ( 8.7%) 
HDR leaf ambient      1113/65536       31164/1835008  ( 1.7%) 
occluders                0/0               0/0        ( 0.0%) 
occluder polygons        0/0               0/0        ( 0.0%) 
occluder vert ind        0/0               0/0        ( 0.0%) 
detail props          [variable]           1/12       ( 8.3%) 
static props          [variable]           1/13470    ( 0.0%) 
pakfile               [variable]       17284/0        ( 0.0%) 
physics               [variable]      280335/4194304  ( 6.7%) 
physics terrain       [variable]        1115/1048576  ( 0.1%) 

Level flags = 0

Total triangle count: 7526
Writing d:\maps\td_rats_a1.bsp
37 seconds elapsed



materialPath: F:\Steam\SteamApps\common\Team Fortress 2\tf\materials
Loading d:\maps\td_rats_a1.vmf
material "maritime/wood/door001" not found.
Material not found!: MARITIME/WOOD/DOOR001
ConVarRef mat_reduceparticles doesn't point to an existing ConVar
Error! Variable "$ssbump" is multiply defined in material "pascal/rats/behang"!
Error! Variable "$ssbump" is multiply defined in material "pascal/rats/wood2"!
Error! Variable "$ssbump" is multiply defined in material "pascal/rats/wood1"!
Error! Variable "$ssbump" is multiply defined in material "pascal/rats/wood tile"!
Error! Variable "$ssbump" is multiply defined in material "pascal/rats/wood plank"!
Error! Variable "$ssbump" is multiply defined in material "pascal/rats/verst"!
Error! Variable "$ssbump" is multiply defined in material "pascal/rats/spieker"!
Error! Variable "$ssbump" is multiply defined in material "pascal/rats/toet"!
Patching WVT material: maps/td_rats_a1/egypt/sand_grass_blend_01_wvt_patch
Patching WVT material: maps/td_rats_a1/dev/dev_blendmeasure_wvt_patch
Patching WVT material: maps/td_rats_a1/nature/blendconcretetograss001_wvt_patch
fixing up env_cubemap materials on brush sides...
0...1...2...3...4...5...6...7...8...9...100...1...2...3...4...5...6...7...8...9...10Processing areas...done (0)
Building Faces...done (0)
Chop Details...done (0)
Find Visible Detail Sides...
Merged 174 detail faces...done (0)
Merging details...done (0)
FixTjuncs...
PruneNodes...
WriteBSP...
NODRAW on terrain surface!
NODRAW on terrain surface!
done (0)
writing d:\maps\td_rats_a1.prt...Building visibility clusters...
done (0)
*** Error: Skybox vtf files for skybox/sky_goldrush_01 weren't compiled with the same size texture and/or same flags!
Can't load skybox file skybox/sky_goldrush_01 to build the default cubemap!
*** Error: Skybox vtf files for skybox/sky_goldrush_01 weren't compiled with the same size texture and/or same flags!
Can't load skybox file skybox/sky_goldrush_01 to build the default cubemap!
Finding displacement neighbors...
Finding lightmap sample positions...
Displacement Alpha : 0...1...2...3...4...5...6...7...8...9...10
Building Physics collision data...
done (0) (261009 bytes)
Placing detail props : 0...1...2...3...4...5...6...7...8..Material NATURE/BLENDCONCRETETOGRASS001 uses unknown detail object type tf_forest_grass!
Material NATURE/BLENDCONCRETETOGRASS001 uses unknown detail object type tf_forest_grass!
Material NATURE/BLENDCONCRETETOGRASS001 uses unknown detail object type tf_forest_grass!
Material NATURE/BLENDCONCRETETOGRASS001 uses unknown detail object type tf_forest_grass!
.9...10
Water found with no water_lod_control entity, creating a default one.
Compacting texture/material tables...
Reduced 1317 texinfos to 776
Reduced 111 texdatas to 92 (3761 bytes to 3043)
Writing d:\maps\td_rats_a1.bsp
10 seconds elapsed



2 threads
reading d:\maps\td_rats_a1.bsp
reading d:\maps\td_rats_a1.prt
 286 portalclusters
 820 numportals
0...1...2...3...4...5...6...7...8...9...100...1...2...3...4...5...6...7...8...9...10Optimized: 107 visible clusters (0.26%)
Total clusters visible: 40911
Average clusters visible: 143
Building PAS...
Average clusters audible: 270
visdatasize:21069  compressed from 22880
writing d:\maps\td_rats_a1.bsp
3 seconds elapsed



[Reading texlights from 'lights.rad']
[34 texlights parsed from 'lights.rad']

Loading d:\maps\td_rats_a1.bsp
2997 faces
1197811 square feet [172484816.00 square inches]
7 Displacements
19778 Square Feet [2848133.00 Square Inches]
2997 patches before subdivision
48585 patches after subdivision
light has _fifty_percent_distance of 300.000000 but _zero_percent_distance of 100.000000
light has _fifty_percent_distance of 200.000000 but _zero_percent_distance of 100.000000
light has _fifty_percent_distance of 200.000000 but _zero_percent_distance of 100.000000
light has _fifty_percent_distance of 200.000000 but _zero_percent_distance of 100.000000
light has _fifty_percent_distance of 255.000000 but _zero_percent_distance of 100.000000
light has _fifty_percent_distance of 255.000000 but _zero_percent_distance of 100.000000
light has _fifty_percent_distance of 255.000000 but _zero_percent_distance of 100.000000
light has _fifty_percent_distance of 255.000000 but _zero_percent_distance of 100.000000
light has _fifty_percent_distance of 255.000000 but _zero_percent_distance of 100.000000
light has _fifty_percent_distance of 320.000000 but _zero_percent_distance of 150.000000
light has _fifty_percent_distance of 320.000000 but _zero_percent_distance of 150.000000
light has _fifty_percent_distance of 300.000000 but _zero_percent_distance of 100.000000
light has _fifty_percent_distance of 320.000000 but _zero_percent_distance of 150.000000
light has _fifty_percent_distance of 320.000000 but _zero_percent_distance of 150.000000
light has _fifty_percent_distance of 255.000000 but _zero_percent_distance of 150.000000
light has _fifty_percent_distance of 255.000000 but _zero_percent_distance of 150.000000
light has _fifty_percent_distance of 255.000000 but _zero_percent_distance of 150.000000
light has _fifty_percent_distance of 255.000000 but _zero_percent_distance of 150.000000
light has _fifty_percent_distance of 100.000000 but _zero_percent_distance of 55.000000
light has _fifty_percent_distance of 100.000000 but _zero_percent_distance of 55.000000
light has _fifty_percent_distance of 100.000000 but _zero_percent_distance of 55.000000
light has _fifty_percent_distance of 100.000000 but _zero_percent_distance of 55.000000
light has _fifty_percent_distance of 100.000000 but _zero_percent_distance of 55.000000
light has _fifty_percent_distance of 100.000000 but _zero_percent_distance of 55.000000
light has _fifty_percent_distance of 100.000000 but _zero_percent_distance of 55.000000
232 direct lights
0...1...2...3...4...5...6...7...8...9...100...1...2...3...4...5...6...7...8...9...10transfers 7795638, max 1022
transfer lists:  59.5 megs
0...1...2...3...4...5...6...7...8...9...10	Bounce #1 added RGB(398445, 255643, 141249)
0...1...2...3...4...5...6...7...8...9...10	Bounce #2 added RGB(138577, 69896, 34521)
0...1...2...3...4...5...6...7...8...9...10	Bounce #3 added RGB(53176, 20533, 9801)
0...1...2...3...4...5...6...7...8...9...10	Bounce #4 added RGB(22005, 6628, 2950)
0...1...2...3...4...5...6...7...8...9...10	Bounce #5 added RGB(9193, 2186, 929)
0...1...2...3...4...5...6...7...8...9...10	Bounce #6 added RGB(3915, 742, 300)
0...1...2...3...4...5...6...7...8...9...10	Bounce #7 added RGB(1678, 257, 100)
0...1...2...3...4...5...6...7...8...9...10	Bounce #8 added RGB(726, 90, 34)
0...1...2...3...4...5...6...7...8...9...10	Bounce #9 added RGB(316, 32, 12)
0...1...2...3...4...5...6...7...8...9...10	Bounce #10 added RGB(138, 12, 4)
0...1...2...3...4...5...6...7...8...9...10	Bounce #11 added RGB(61, 4, 1)
0...1...2...3...4...5...6...7...8...9...10	Bounce #12 added RGB(27, 2, 1)
0...1...2...3...4...5...6...7...8...9...10	Bounce #13 added RGB(12, 1, 0)
0...1...2...3...4...5...6...7...8...9...10	Bounce #14 added RGB(5, 0, 0)
0...1...2...3...4...5...6...7...8...9...10	Bounce #15 added RGB(2, 0, 0)
0...1...2...3...4...5...6...7...8...9...10	Bounce #16 added RGB(1, 0, 0)
0...1...2...3...4...5...6...7...8...9...10	Bounce #17 added RGB(0, 0, 0)
Build Patch/Sample Hash Table(s).....Done<0.0264 sec>
0...1...2...3...4...5...6...7...8...9...10FinalLightFace Done
134 of 134 (100% of) surface lights went in leaf ambient cubes.
0...1...2...3...4...5...6...7...8...9...10Writing leaf ambient...done
Ready to Finish

Object names       Objects/Maxobjs  Memory / Maxmem  Fullness 
------------       ---------------  ---------------  -------- 
models                  55/1024         2640/49152    ( 5.4%) 
brushes                704/8192         8448/98304    ( 8.6%) 
brushsides            6435/65536       51480/524288   ( 9.8%) 
planes                6298/65536      125960/1310720  ( 9.6%) 
vertexes              4566/65536       54792/786432   ( 7.0%) 
nodes                 1010/65536       32320/2097152  ( 1.5%) 
texinfos               776/12288       55872/884736   ( 6.3%) 
texdata                 92/2048         2944/65536    ( 4.5%) 
dispinfos                7/0            1232/0        ( 0.0%) 
disp_verts             231/0            4620/0        ( 0.0%) 
disp_tris              320/0             640/0        ( 0.0%) 
disp_lmsamples       25920/0           25920/0        ( 0.0%) 
faces                 2997/65536      167832/3670016  ( 4.6%) 
hdr faces                0/65536           0/3670016  ( 0.0%) 
origfaces             2126/65536      119056/3670016  ( 3.2%) 
leaves                1066/65536       34112/2097152  ( 1.6%) 
leaffaces             3754/65536        7508/131072   ( 5.7%) 
leafbrushes           1362/65536        2724/131072   ( 2.1%) 
areas                    3/256            24/2048     ( 1.2%) 
surfedges            21743/512000      86972/2048000  ( 4.2%) 
edges                12657/256000      50628/1024000  ( 4.9%) 
LDR worldlights        232/8192        20416/720896   ( 2.8%) 
HDR worldlights          0/8192            0/720896   ( 0.0%) 
leafwaterdata            1/32768          12/393216   ( 0.0%) 
waterstrips            214/32768        2140/327680   ( 0.7%) 
waterverts               0/65536           0/786432   ( 0.0%) 
waterindices          3672/65536        7344/131072   ( 5.6%) 
cubemapsamples          19/1024          304/16384    ( 1.9%) 
overlays                21/512          7392/180224   ( 4.1%) 
LDR lightdata         [variable]     3478652/0        ( 0.0%) 
HDR lightdata         [variable]           0/0        ( 0.0%) 
visdata               [variable]       21069/16777216 ( 0.1%) 
entdata               [variable]       46944/393216   (11.9%) 
LDR ambient table     1066/65536        4264/262144   ( 1.6%) 
HDR ambient table     1066/65536        4264/262144   ( 1.6%) 
LDR leaf ambient      5522/65536      154616/1835008  ( 8.4%) 
HDR leaf ambient      1066/65536       29848/1835008  ( 1.6%) 
occluders                0/0               0/0        ( 0.0%) 
occluder polygons        0/0               0/0        ( 0.0%) 
occluder vert ind        0/0               0/0        ( 0.0%) 
detail props          [variable]           1/12       ( 8.3%) 
static props          [variable]           1/13490    ( 0.0%) 
pakfile               [variable]       16285/0        ( 0.0%) 
physics               [variable]      261009/4194304  ( 6.2%) 
physics terrain       [variable]        1129/1048576  ( 0.1%) 

Level flags = 0

Total triangle count: 7396
Writing d:\maps\td_rats_a1.bsp
3 minutes, 27 seconds elapsed



[Reading texlights from 'lights.rad']
[34 texlights parsed from 'lights.rad']

Loading d:\maps\td_rats_a1.bsp
2997 faces
1197811 square feet [172484816.00 square inches]
7 Displacements
19778 Square Feet [2848133.00 Square Inches]
2997 patches before subdivision
48585 patches after subdivision
light has _fifty_percent_distance of 300.000000 but _zero_percent_distance of 100.000000
light has _fifty_percent_distance of 200.000000 but _zero_percent_distance of 100.000000
light has _fifty_percent_distance of 200.000000 but _zero_percent_distance of 100.000000
light has _fifty_percent_distance of 200.000000 but _zero_percent_distance of 100.000000
light has _fifty_percent_distance of 255.000000 but _zero_percent_distance of 100.000000
light has _fifty_percent_distance of 255.000000 but _zero_percent_distance of 100.000000
light has _fifty_percent_distance of 255.000000 but _zero_percent_distance of 100.000000
light has _fifty_percent_distance of 255.000000 but _zero_percent_distance of 100.000000
light has _fifty_percent_distance of 255.000000 but _zero_percent_distance of 100.000000
light has _fifty_percent_distance of 320.000000 but _zero_percent_distance of 150.000000
light has _fifty_percent_distance of 320.000000 but _zero_percent_distance of 150.000000
light has _fifty_percent_distance of 300.000000 but _zero_percent_distance of 100.000000
light has _fifty_percent_distance of 320.000000 but _zero_percent_distance of 150.000000
light has _fifty_percent_distance of 320.000000 but _zero_percent_distance of 150.000000
light has _fifty_percent_distance of 255.000000 but _zero_percent_distance of 150.000000
light has _fifty_percent_distance of 255.000000 but _zero_percent_distance of 150.000000
light has _fifty_percent_distance of 255.000000 but _zero_percent_distance of 150.000000
light has _fifty_percent_distance of 255.000000 but _zero_percent_distance of 150.000000
light has _fifty_percent_distance of 100.000000 but _zero_percent_distance of 55.000000
light has _fifty_percent_distance of 100.000000 but _zero_percent_distance of 55.000000
light has _fifty_percent_distance of 100.000000 but _zero_percent_distance of 55.000000
light has _fifty_percent_distance of 100.000000 but _zero_percent_distance of 55.000000
light has _fifty_percent_distance of 100.000000 but _zero_percent_distance of 55.000000
light has _fifty_percent_distance of 100.000000 but _zero_percent_distance of 55.000000
light has _fifty_percent_distance of 100.000000 but _zero_percent_distance of 55.000000
232 direct lights
0...1...2...3...4...5...6...7...8...9...100...1...2...3...4...5...6...7...8...9...10transfers 7795638, max 1022
transfer lists:  59.5 megs
0...1...2...3...4...5...6...7...8...9...10	Bounce #1 added RGB(406457, 260115, 142949)
0...1...2...3...4...5...6...7...8...9...10	Bounce #2 added RGB(141960, 71349, 34939)
0...1...2...3...4...5...6...7...8...9...10	Bounce #3 added RGB(54453, 20966, 9907)
0...1...2...3...4...5...6...7...8...9...10	Bounce #4 added RGB(22540, 6771, 2979)
0...1...2...3...4...5...6...7...8...9...10	Bounce #5 added RGB(9413, 2233, 937)
0...1...2...3...4...5...6...7...8...9...10	Bounce #6 added RGB(4008, 758, 302)
0...1...2...3...4...5...6...7...8...9...10	Bounce #7 added RGB(1718, 262, 100)
0...1...2...3...4...5...6...7...8...9...10	Bounce #8 added RGB(743, 92, 34)
0...1...2...3...4...5...6...7...8...9...10	Bounce #9 added RGB(324, 33, 12)
0...1...2...3...4...5...6...7...8...9...10	Bounce #10 added RGB(142, 12, 4)
0...1...2...3...4...5...6...7...8...9...10	Bounce #11 added RGB(62, 4, 1)
0...1...2...3...4...5...6...7...8...9...10	Bounce #12 added RGB(28, 2, 1)
0...1...2...3...4...5...6...7...8...9...10	Bounce #13 added RGB(12, 1, 0)
0...1...2...3...4...5...6...7...8...9...10	Bounce #14 added RGB(5, 0, 0)
0...1...2...3...4...5...6...7...8...9...10	Bounce #15 added RGB(2, 0, 0)
0...1...2...3...4...5...6...7...8...9...10	Bounce #16 added RGB(1, 0, 0)
0...1...2...3...4...5...6...7...8...9...10	Bounce #17 added RGB(0, 0, 0)
Build Patch/Sample Hash Table(s).....Done<0.0303 sec>
0...1...2...3...4...5...6...7...8...9...10FinalLightFace Done
134 of 134 (100% of) surface lights went in leaf ambient cubes.
0...1...2...3...4...5...6...7...8...9...10Writing leaf ambient...done
Ready to Finish

Object names       Objects/Maxobjs  Memory / Maxmem  Fullness 
------------       ---------------  ---------------  -------- 
models                  55/1024         2640/49152    ( 5.4%) 
brushes                704/8192         8448/98304    ( 8.6%) 
brushsides            6435/65536       51480/524288   ( 9.8%) 
planes                6298/65536      125960/1310720  ( 9.6%) 
vertexes              4566/65536       54792/786432   ( 7.0%) 
nodes                 1010/65536       32320/2097152  ( 1.5%) 
texinfos               776/12288       55872/884736   ( 6.3%) 
texdata                 92/2048         2944/65536    ( 4.5%) 
dispinfos                7/0            1232/0        ( 0.0%) 
disp_verts             231/0            4620/0        ( 0.0%) 
disp_tris              320/0             640/0        ( 0.0%) 
disp_lmsamples       25920/0           25920/0        ( 0.0%) 
faces                 2997/65536      167832/3670016  ( 4.6%) 
hdr faces             2997/65536      167832/3670016  ( 4.6%) 
origfaces             2126/65536      119056/3670016  ( 3.2%) 
leaves                1066/65536       34112/2097152  ( 1.6%) 
leaffaces             3754/65536        7508/131072   ( 5.7%) 
leafbrushes           1362/65536        2724/131072   ( 2.1%) 
areas                    3/256            24/2048     ( 1.2%) 
surfedges            21743/512000      86972/2048000  ( 4.2%) 
edges                12657/256000      50628/1024000  ( 4.9%) 
LDR worldlights        232/8192        20416/720896   ( 2.8%) 
HDR worldlights        232/8192        20416/720896   ( 2.8%) 
leafwaterdata            1/32768          12/393216   ( 0.0%) 
waterstrips            214/32768        2140/327680   ( 0.7%) 
waterverts               0/65536           0/786432   ( 0.0%) 
waterindices          3672/65536        7344/131072   ( 5.6%) 
cubemapsamples          19/1024          304/16384    ( 1.9%) 
overlays                21/512          7392/180224   ( 4.1%) 
LDR lightdata         [variable]     3478652/0        ( 0.0%) 
HDR lightdata         [variable]     3478652/0        ( 0.0%) 
visdata               [variable]       21069/16777216 ( 0.1%) 
entdata               [variable]       46944/393216   (11.9%) 
LDR ambient table     1066/65536        4264/262144   ( 1.6%) 
HDR ambient table     1066/65536        4264/262144   ( 1.6%) 
LDR leaf ambient      5522/65536      154616/1835008  ( 8.4%) 
HDR leaf ambient      5498/65536      153944/1835008  ( 8.4%) 
occluders                0/0               0/0        ( 0.0%) 
occluder polygons        0/0               0/0        ( 0.0%) 
occluder vert ind        0/0               0/0        ( 0.0%) 
detail props          [variable]           1/12       ( 8.3%) 
static props          [variable]           1/13490    ( 0.0%) 
pakfile               [variable]       16285/0        ( 0.0%) 
physics               [variable]      261009/4194304  ( 6.2%) 
physics terrain       [variable]        1129/1048576  ( 0.1%) 

Level flags = 0

Total triangle count: 7396
Writing d:\maps\td_rats_a1.bsp
3 minutes, 35 seconds elapsed



materialPath: F:\Steam\SteamApps\common\Team Fortress 2\tf\materials
Loading d:\maps\td_rats_a1.vmf
material "maritime/wood/door001" not found.
Material not found!: MARITIME/WOOD/DOOR001
ConVarRef mat_reduceparticles doesn't point to an existing ConVar
Error! Variable "$ssbump" is multiply defined in material "pascal/rats/behang"!
Error! Variable "$ssbump" is multiply defined in material "pascal/rats/wood2"!
Error! Variable "$ssbump" is multiply defined in material "pascal/rats/wood1"!
Error! Variable "$ssbump" is multiply defined in material "pascal/rats/wood tile"!
Error! Variable "$ssbump" is multiply defined in material "pascal/rats/wood plank"!
Error! Variable "$ssbump" is multiply defined in material "pascal/rats/verst"!
Error! Variable "$ssbump" is multiply defined in material "pascal/rats/spieker"!
Error! Variable "$ssbump" is multiply defined in material "pascal/rats/toet"!
Patching WVT material: maps/td_rats_a1/egypt/sand_grass_blend_01_wvt_patch
Patching WVT material: maps/td_rats_a1/dev/dev_blendmeasure_wvt_patch
Patching WVT material: maps/td_rats_a1/nature/blendconcretetograss001_wvt_patch
fixing up env_cubemap materials on brush sides...
0...1...2...3...4...5...6...7...8...9...100...1...2...3...4...5...6...7...8...9...10Processing areas...done (0)
Building Faces...done (0)
Chop Details...done (0)
Find Visible Detail Sides...
Merged 174 detail faces...done (0)
Merging details...done (0)
FixTjuncs...
PruneNodes...
WriteBSP...
NODRAW on terrain surface!
NODRAW on terrain surface!
done (0)
writing d:\maps\td_rats_a1.prt...Building visibility clusters...
done (0)
*** Error: Skybox vtf files for skybox/sky_goldrush_01 weren't compiled with the same size texture and/or same flags!
Can't load skybox file skybox/sky_goldrush_01 to build the default cubemap!
*** Error: Skybox vtf files for skybox/sky_goldrush_01 weren't compiled with the same size texture and/or same flags!
Can't load skybox file skybox/sky_goldrush_01 to build the default cubemap!
Finding displacement neighbors...
Finding lightmap sample positions...
Displacement Alpha : 0...1...2...3...4...5...6...7...8...9...10
Building Physics collision data...
done (1) (261009 bytes)
Placing detail props : 0...1...2...3...4...5...6...7...8..Material NATURE/BLENDCONCRETETOGRASS001 uses unknown detail object type tf_forest_grass!
Material NATURE/BLENDCONCRETETOGRASS001 uses unknown detail object type tf_forest_grass!
Material NATURE/BLENDCONCRETETOGRASS001 uses unknown detail object type tf_forest_grass!
Material NATURE/BLENDCONCRETETOGRASS001 uses unknown detail object type tf_forest_grass!
.9...10
Water found with no water_lod_control entity, creating a default one.
Compacting texture/material tables...
Reduced 1317 texinfos to 776
Reduced 111 texdatas to 92 (3761 bytes to 3043)
Writing d:\maps\td_rats_a1.bsp
8 seconds elapsed



2 threads
reading d:\maps\td_rats_a1.bsp
reading d:\maps\td_rats_a1.prt
 286 portalclusters
 820 numportals
0...1...2...3...4...5...6...7...8...9...10Optimized: 1713 visible clusters (2.90%)
Total clusters visible: 59169
Average clusters visible: 206
Building PAS...
Average clusters audible: 284
visdatasize:22338  compressed from 22880
writing d:\maps\td_rats_a1.bsp
0 seconds elapsed



[Reading texlights from 'lights.rad']
[34 texlights parsed from 'lights.rad']

Loading d:\maps\td_rats_a1.bsp
2997 faces
1197811 square feet [172484816.00 square inches]
7 Displacements
19778 Square Feet [2848133.00 Square Inches]
2997 patches before subdivision
48585 patches after subdivision
light has _fifty_percent_distance of 300.000000 but _zero_percent_distance of 100.000000
light has _fifty_percent_distance of 200.000000 but _zero_percent_distance of 100.000000
light has _fifty_percent_distance of 200.000000 but _zero_percent_distance of 100.000000
light has _fifty_percent_distance of 200.000000 but _zero_percent_distance of 100.000000
light has _fifty_percent_distance of 255.000000 but _zero_percent_distance of 100.000000
light has _fifty_percent_distance of 255.000000 but _zero_percent_distance of 100.000000
light has _fifty_percent_distance of 255.000000 but _zero_percent_distance of 100.000000
light has _fifty_percent_distance of 255.000000 but _zero_percent_distance of 100.000000
light has _fifty_percent_distance of 255.000000 but _zero_percent_distance of 100.000000
light has _fifty_percent_distance of 320.000000 but _zero_percent_distance of 150.000000
light has _fifty_percent_distance of 320.000000 but _zero_percent_distance of 150.000000
light has _fifty_percent_distance of 300.000000 but _zero_percent_distance of 100.000000
light has _fifty_percent_distance of 320.000000 but _zero_percent_distance of 150.000000
light has _fifty_percent_distance of 320.000000 but _zero_percent_distance of 150.000000
light has _fifty_percent_distance of 255.000000 but _zero_percent_distance of 150.000000
light has _fifty_percent_distance of 255.000000 but _zero_percent_distance of 150.000000
light has _fifty_percent_distance of 255.000000 but _zero_percent_distance of 150.000000
light has _fifty_percent_distance of 255.000000 but _zero_percent_distance of 150.000000
light has _fifty_percent_distance of 100.000000 but _zero_percent_distance of 55.000000
light has _fifty_percent_distance of 100.000000 but _zero_percent_distance of 55.000000
light has _fifty_percent_distance of 100.000000 but _zero_percent_distance of 55.000000
light has _fifty_percent_distance of 100.000000 but _zero_percent_distance of 55.000000
light has _fifty_percent_distance of 100.000000 but _zero_percent_distance of 55.000000
light has _fifty_percent_distance of 100.000000 but _zero_percent_distance of 55.000000
light has _fifty_percent_distance of 100.000000 but _zero_percent_distance of 55.000000
232 direct lights
0...1...2...3...4...5...6...7...8...9...100...1...2...3...4...5...6...7...8...9...10transfers 7795638, max 1022
transfer lists:  59.5 megs
0...1...2...3...4...5...6...7...8...9...10	Bounce #1 added RGB(408549, 262488, 145956)
0...1...2...3...4...5...6...7...8...9...10	Bounce #2 added RGB(141573, 71367, 35345)
Build Patch/Sample Hash Table(s).....Done<0.0259 sec>
0...1...2...3...4...5...6...7...8...9...10FinalLightFace Done
134 of 134 (100% of) surface lights went in leaf ambient cubes.
0...1...2...3...4...5...6...7...8...9...10Writing leaf ambient...done
Ready to Finish

Object names       Objects/Maxobjs  Memory / Maxmem  Fullness 
------------       ---------------  ---------------  -------- 
models                  55/1024         2640/49152    ( 5.4%) 
brushes                704/8192         8448/98304    ( 8.6%) 
brushsides            6435/65536       51480/524288   ( 9.8%) 
planes                6298/65536      125960/1310720  ( 9.6%) 
vertexes              4566/65536       54792/786432   ( 7.0%) 
nodes                 1010/65536       32320/2097152  ( 1.5%) 
texinfos               776/12288       55872/884736   ( 6.3%) 
texdata                 92/2048         2944/65536    ( 4.5%) 
dispinfos                7/0            1232/0        ( 0.0%) 
disp_verts             231/0            4620/0        ( 0.0%) 
disp_tris              320/0             640/0        ( 0.0%) 
disp_lmsamples       25920/0           25920/0        ( 0.0%) 
faces                 2997/65536      167832/3670016  ( 4.6%) 
hdr faces                0/65536           0/3670016  ( 0.0%) 
origfaces             2126/65536      119056/3670016  ( 3.2%) 
leaves                1066/65536       34112/2097152  ( 1.6%) 
leaffaces             3754/65536        7508/131072   ( 5.7%) 
leafbrushes           1362/65536        2724/131072   ( 2.1%) 
areas                    3/256            24/2048     ( 1.2%) 
surfedges            21743/512000      86972/2048000  ( 4.2%) 
edges                12657/256000      50628/1024000  ( 4.9%) 
LDR worldlights        232/8192        20416/720896   ( 2.8%) 
HDR worldlights          0/8192            0/720896   ( 0.0%) 
leafwaterdata            1/32768          12/393216   ( 0.0%) 
waterstrips            214/32768        2140/327680   ( 0.7%) 
waterverts               0/65536           0/786432   ( 0.0%) 
waterindices          3672/65536        7344/131072   ( 5.6%) 
cubemapsamples          19/1024          304/16384    ( 1.9%) 
overlays                21/512          7392/180224   ( 4.1%) 
LDR lightdata         [variable]     3478652/0        ( 0.0%) 
HDR lightdata         [variable]           0/0        ( 0.0%) 
visdata               [variable]       22338/16777216 ( 0.1%) 
entdata               [variable]       46943/393216   (11.9%) 
LDR ambient table     1066/65536        4264/262144   ( 1.6%) 
HDR ambient table     1066/65536        4264/262144   ( 1.6%) 
LDR leaf ambient      5501/65536      154028/1835008  ( 8.4%) 
HDR leaf ambient      1066/65536       29848/1835008  ( 1.6%) 
occluders                0/0               0/0        ( 0.0%) 
occluder polygons        0/0               0/0        ( 0.0%) 
occluder vert ind        0/0               0/0        ( 0.0%) 
detail props          [variable]           1/12       ( 8.3%) 
static props          [variable]           1/13490    ( 0.0%) 
pakfile               [variable]       16285/0        ( 0.0%) 
physics               [variable]      261009/4194304  ( 6.2%) 
physics terrain       [variable]        1129/1048576  ( 0.1%) 

Level flags = 0

Total triangle count: 7396
Writing d:\maps\td_rats_a1.bsp
35 seconds elapsed



materialPath: F:\Steam\SteamApps\common\Team Fortress 2\tf\materials
Loading d:\maps\td_rats_a1.vmf
material "maritime/wood/door001" not found.
Material not found!: MARITIME/WOOD/DOOR001
ConVarRef mat_reduceparticles doesn't point to an existing ConVar
Error! Variable "$ssbump" is multiply defined in material "pascal/rats/behang"!
Error! Variable "$ssbump" is multiply defined in material "pascal/rats/wood2"!
Error! Variable "$ssbump" is multiply defined in material "pascal/rats/wood1"!
Error! Variable "$ssbump" is multiply defined in material "pascal/rats/wood tile"!
Error! Variable "$ssbump" is multiply defined in material "pascal/rats/wood plank"!
Error! Variable "$ssbump" is multiply defined in material "pascal/rats/verst"!
Error! Variable "$ssbump" is multiply defined in material "pascal/rats/spieker"!
Error! Variable "$ssbump" is multiply defined in material "pascal/rats/toet"!
Patching WVT material: maps/td_rats_a1/egypt/sand_grass_blend_01_wvt_patch
Patching WVT material: maps/td_rats_a1/dev/dev_blendmeasure_wvt_patch
Patching WVT material: maps/td_rats_a1/nature/blendconcretetograss001_wvt_patch
fixing up env_cubemap materials on brush sides...
0...1...2...3...4...5...6...7...8...9...100...1...2...3...4...5...6...7...8...9...10Processing areas...done (0)
Building Faces...done (0)
Chop Details...done (0)
Find Visible Detail Sides...
Merged 174 detail faces...done (0)
Merging details...done (0)
FixTjuncs...
PruneNodes...
WriteBSP...
NODRAW on terrain surface!
NODRAW on terrain surface!
done (0)
writing d:\maps\td_rats_a1.prt...Building visibility clusters...
done (0)
*** Error: Skybox vtf files for skybox/sky_goldrush_01 weren't compiled with the same size texture and/or same flags!
Can't load skybox file skybox/sky_goldrush_01 to build the default cubemap!
*** Error: Skybox vtf files for skybox/sky_goldrush_01 weren't compiled with the same size texture and/or same flags!
Can't load skybox file skybox/sky_goldrush_01 to build the default cubemap!
Finding displacement neighbors...
Finding lightmap sample positions...
Displacement Alpha : 0...1...2...3...4...5...6...7...8...9...10
Building Physics collision data...
done (0) (262449 bytes)
Placing detail props : 0...1...2...3...4...5...6...7...8..Material NATURE/BLENDCONCRETETOGRASS001 uses unknown detail object type tf_forest_grass!
Material NATURE/BLENDCONCRETETOGRASS001 uses unknown detail object type tf_forest_grass!
Material NATURE/BLENDCONCRETETOGRASS001 uses unknown detail object type tf_forest_grass!
Material NATURE/BLENDCONCRETETOGRASS001 uses unknown detail object type tf_forest_grass!
.9...10
Water found with no water_lod_control entity, creating a default one.
Compacting texture/material tables...
Reduced 1328 texinfos to 778
Reduced 113 texdatas to 93 (3837 bytes to 3067)
Writing d:\maps\td_rats_a1.bsp
23 seconds elapsed



2 threads
reading d:\maps\td_rats_a1.bsp
reading d:\maps\td_rats_a1.prt
 290 portalclusters
 832 numportals
0...1...2...3...4...5...6...7...8...9...100...1...2...3...4...5...6...7...8...9...10Optimized: 89 visible clusters (0.21%)
Total clusters visible: 42423
Average clusters visible: 146
Building PAS...
Average clusters audible: 274
visdatasize:21957  compressed from 23200
writing d:\maps\td_rats_a1.bsp
3 seconds elapsed



[Reading texlights from 'lights.rad']
[34 texlights parsed from 'lights.rad']

Loading d:\maps\td_rats_a1.bsp
3001 faces
1197795 square feet [172482608.00 square inches]
7 Displacements
19778 Square Feet [2848133.00 Square Inches]
3001 patches before subdivision
48583 patches after subdivision
light has _fifty_percent_distance of 300.000000 but _zero_percent_distance of 100.000000
light has _fifty_percent_distance of 200.000000 but _zero_percent_distance of 100.000000
light has _fifty_percent_distance of 200.000000 but _zero_percent_distance of 100.000000
light has _fifty_percent_distance of 200.000000 but _zero_percent_distance of 100.000000
light has _fifty_percent_distance of 255.000000 but _zero_percent_distance of 100.000000
light has _fifty_percent_distance of 255.000000 but _zero_percent_distance of 100.000000
light has _fifty_percent_distance of 255.000000 but _zero_percent_distance of 100.000000
light has _fifty_percent_distance of 255.000000 but _zero_percent_distance of 100.000000
light has _fifty_percent_distance of 255.000000 but _zero_percent_distance of 100.000000
light has _fifty_percent_distance of 320.000000 but _zero_percent_distance of 150.000000
light has _fifty_percent_distance of 320.000000 but _zero_percent_distance of 150.000000
light has _fifty_percent_distance of 300.000000 but _zero_percent_distance of 100.000000
light has _fifty_percent_distance of 320.000000 but _zero_percent_distance of 150.000000
light has _fifty_percent_distance of 320.000000 but _zero_percent_distance of 150.000000
light has _fifty_percent_distance of 100.000000 but _zero_percent_distance of 55.000000
light has _fifty_percent_distance of 100.000000 but _zero_percent_distance of 55.000000
light has _fifty_percent_distance of 100.000000 but _zero_percent_distance of 55.000000
light has _fifty_percent_distance of 100.000000 but _zero_percent_distance of 55.000000
light has _fifty_percent_distance of 100.000000 but _zero_percent_distance of 55.000000
light has _fifty_percent_distance of 100.000000 but _zero_percent_distance of 55.000000
light has _fifty_percent_distance of 100.000000 but _zero_percent_distance of 55.000000
230 direct lights
0...1...2...3...4...5...6...7...8...9...100...1...2...3...4...5...6...7...8...9...10transfers 7864489, max 1044
transfer lists:  60.0 megs
0...1...2...3...4...5...6...7...8...9...10	Bounce #1 added RGB(381791, 238450, 121710)
0...1...2...3...4...5...6...7...8...9...10	Bounce #2 added RGB(130795, 63520, 28575)
0...1...2...3...4...5...6...7...8...9...10	Bounce #3 added RGB(49897, 18137, 7832)
0...1...2...3...4...5...6...7...8...9...10	Bounce #4 added RGB(20629, 5722, 2278)
0...1...2...3...4...5...6...7...8...9...10	Bounce #5 added RGB(8608, 1836, 692)
0...1...2...3...4...5...6...7...8...9...10	Bounce #6 added RGB(3664, 607, 215)
0...1...2...3...4...5...6...7...8...9...10	Bounce #7 added RGB(1570, 204, 69)
0...1...2...3...4...5...6...7...8...9...10	Bounce #8 added RGB(679, 70, 22)
0...1...2...3...4...5...6...7...8...9...10	Bounce #9 added RGB(296, 24, 7)
0...1...2...3...4...5...6...7...8...9...10	Bounce #10 added RGB(129, 9, 3)
0...1...2...3...4...5...6...7...8...9...10	Bounce #11 added RGB(57, 3, 1)
0...1...2...3...4...5...6...7...8...9...10	Bounce #12 added RGB(25, 1, 0)
0...1...2...3...4...5...6...7...8...9...10	Bounce #13 added RGB(11, 0, 0)
0...1...2...3...4...5...6...7...8...9...10	Bounce #14 added RGB(5, 0, 0)
0...1...2...3...4...5...6...7...8...9...10	Bounce #15 added RGB(2, 0, 0)
0...1...2...3...4...5...6...7...8...9...10	Bounce #16 added RGB(1, 0, 0)
0...1...2...3...4...5...6...7...8...9...10	Bounce #17 added RGB(0, 0, 0)
Build Patch/Sample Hash Table(s).....Done<0.0263 sec>
0...1...2...3...4...5...6...7...8...9...10FinalLightFace Done
134 of 134 (100% of) surface lights went in leaf ambient cubes.
0...1...2...3...4...5...6...7...8...9...10Writing leaf ambient...done
Computing static prop lighting : 00...1...2...3...4...5...6...7...8...9...10
Ready to Finish

Object names       Objects/Maxobjs  Memory / Maxmem  Fullness 
------------       ---------------  ---------------  -------- 
models                  55/1024         2640/49152    ( 5.4%) 
brushes                708/8192         8496/98304    ( 8.6%) 
brushsides            6459/65536       51672/524288   ( 9.9%) 
planes                6306/65536      126120/1310720  ( 9.6%) 
vertexes              4582/65536       54984/786432   ( 7.0%) 
nodes                 1013/65536       32416/2097152  ( 1.5%) 
texinfos               778/12288       56016/884736   ( 6.3%) 
texdata                 93/2048         2976/65536    ( 4.5%) 
dispinfos                7/0            1232/0        ( 0.0%) 
disp_verts             231/0            4620/0        ( 0.0%) 
disp_tris              320/0             640/0        ( 0.0%) 
disp_lmsamples       25920/0           25920/0        ( 0.0%) 
faces                 3001/65536      168056/3670016  ( 4.6%) 
hdr faces                0/65536           0/3670016  ( 0.0%) 
origfaces             2125/65536      119000/3670016  ( 3.2%) 
leaves                1069/65536       34208/2097152  ( 1.6%) 
leaffaces             3762/65536        7524/131072   ( 5.7%) 
leafbrushes           1380/65536        2760/131072   ( 2.1%) 
areas                    3/256            24/2048     ( 1.2%) 
surfedges            21777/512000      87108/2048000  ( 4.3%) 
edges                12684/256000      50736/1024000  ( 5.0%) 
LDR worldlights        230/8192        20240/720896   ( 2.8%) 
HDR worldlights          0/8192            0/720896   ( 0.0%) 
leafwaterdata            1/32768          12/393216   ( 0.0%) 
waterstrips            217/32768        2170/327680   ( 0.7%) 
waterverts               0/65536           0/786432   ( 0.0%) 
waterindices          3726/65536        7452/131072   ( 5.7%) 
cubemapsamples          19/1024          304/16384    ( 1.9%) 
overlays                21/512          7392/180224   ( 4.1%) 
LDR lightdata         [variable]     3480272/0        ( 0.0%) 
HDR lightdata         [variable]           0/0        ( 0.0%) 
visdata               [variable]       21957/16777216 ( 0.1%) 
entdata               [variable]       47742/393216   (12.1%) 
LDR ambient table     1069/65536        4276/262144   ( 1.6%) 
HDR ambient table     1069/65536        4276/262144   ( 1.6%) 
LDR leaf ambient      5500/65536      154000/1835008  ( 8.4%) 
HDR leaf ambient      1069/65536       29932/1835008  ( 1.6%) 
occluders                0/0               0/0        ( 0.0%) 
occluder polygons        0/0               0/0        ( 0.0%) 
occluder vert ind        0/0               0/0        ( 0.0%) 
detail props          [variable]           1/12       ( 8.3%) 
static props          [variable]           1/13564    ( 0.0%) 
pakfile               [variable]      785876/0        ( 0.0%) 
physics               [variable]      262449/4194304  ( 6.3%) 
physics terrain       [variable]        1129/1048576  ( 0.1%) 

Level flags = 1

Total triangle count: 7426
Writing d:\maps\td_rats_a1.bsp
3 minutes, 46 seconds elapsed



materialPath: F:\Steam\SteamApps\common\Team Fortress 2\tf\materials
Loading d:\maps\td_rats_a1.vmf
material "maritime/wood/door001" not found.
Material not found!: MARITIME/WOOD/DOOR001
ConVarRef mat_reduceparticles doesn't point to an existing ConVar
Error! Variable "$ssbump" is multiply defined in material "pascal/rats/behang"!
Error! Variable "$ssbump" is multiply defined in material "pascal/rats/wood2"!
Error! Variable "$ssbump" is multiply defined in material "pascal/rats/wood1"!
Error! Variable "$ssbump" is multiply defined in material "pascal/rats/wood tile"!
Error! Variable "$ssbump" is multiply defined in material "pascal/rats/wood plank"!
Error! Variable "$ssbump" is multiply defined in material "pascal/rats/verst"!
Error! Variable "$ssbump" is multiply defined in material "pascal/rats/spieker"!
Error! Variable "$ssbump" is multiply defined in material "pascal/rats/toet"!
Patching WVT material: maps/td_rats_a1/egypt/sand_grass_blend_01_wvt_patch
Patching WVT material: maps/td_rats_a1/dev/dev_blendmeasure_wvt_patch
Patching WVT material: maps/td_rats_a1/nature/blendconcretetograss001_wvt_patch
fixing up env_cubemap materials on brush sides...
0...1...2...3...4...5...6...7...8...9...100...1...2...3...4...5...6...7...8...9...10Processing areas...done (0)
Building Faces...done (0)
Chop Details...done (0)
Find Visible Detail Sides...
Merged 174 detail faces...done (0)
Merging details...done (0)
FixTjuncs...
PruneNodes...
WriteBSP...
NODRAW on terrain surface!
NODRAW on terrain surface!
done (0)
writing d:\maps\td_rats_a1.prt...Building visibility clusters...
done (0)
*** Error: Skybox vtf files for skybox/sky_goldrush_01 weren't compiled with the same size texture and/or same flags!
Can't load skybox file skybox/sky_goldrush_01 to build the default cubemap!
*** Error: Skybox vtf files for skybox/sky_goldrush_01 weren't compiled with the same size texture and/or same flags!
Can't load skybox file skybox/sky_goldrush_01 to build the default cubemap!
Finding displacement neighbors...
Finding lightmap sample positions...
Displacement Alpha : 0...1...2...3...4...5...6...7...8...9...10
Building Physics collision data...
done (0) (276334 bytes)
Placing detail props : 0...1...2...3...4...5...6...7...8Material NATURE/BLENDCONCRETETOGRASS001 uses unknown detail object type tf_forest_grass!
Material NATURE/BLENDCONCRETETOGRASS001 uses unknown detail object type tf_forest_grass!
Material NATURE/BLENDCONCRETETOGRASS001 uses unknown detail object type tf_forest_grass!
Material NATURE/BLENDCONCRETETOGRASS001 uses unknown detail object type tf_forest_grass!
...9...10
Water found with no water_lod_control entity, creating a default one.
Compacting texture/material tables...
Reduced 1357 texinfos to 803
Reduced 113 texdatas to 93 (3837 bytes to 3067)
Writing d:\maps\td_rats_a1.bsp
9 seconds elapsed



2 threads
reading d:\maps\td_rats_a1.bsp
reading d:\maps\td_rats_a1.prt
 290 portalclusters
 832 numportals
0...1...2...3...4...5...6...7...8...9...100...1...2...3...4...5...6...7...8...9...10Optimized: 87 visible clusters (0.21%)
Total clusters visible: 42425
Average clusters visible: 146
Building PAS...
Average clusters audible: 274
visdatasize:21957  compressed from 23200
writing d:\maps\td_rats_a1.bsp
3 seconds elapsed



[Reading texlights from 'lights.rad']
[34 texlights parsed from 'lights.rad']

Loading d:\maps\td_rats_a1.bsp
3150 faces
1263628 square feet [181962480.00 square inches]
7 Displacements
20951 Square Feet [3017034.25 Square Inches]
3150 patches before subdivision
48732 patches after subdivision
light has _fifty_percent_distance of 300.000000 but _zero_percent_distance of 100.000000
light has _fifty_percent_distance of 200.000000 but _zero_percent_distance of 100.000000
light has _fifty_percent_distance of 200.000000 but _zero_percent_distance of 100.000000
light has _fifty_percent_distance of 200.000000 but _zero_percent_distance of 100.000000
light has _fifty_percent_distance of 320.000000 but _zero_percent_distance of 150.000000
light has _fifty_percent_distance of 320.000000 but _zero_percent_distance of 150.000000
light has _fifty_percent_distance of 300.000000 but _zero_percent_distance of 100.000000
light has _fifty_percent_distance of 320.000000 but _zero_percent_distance of 150.000000
light has _fifty_percent_distance of 320.000000 but _zero_percent_distance of 150.000000
light has _fifty_percent_distance of 100.000000 but _zero_percent_distance of 55.000000
light has _fifty_percent_distance of 100.000000 but _zero_percent_distance of 55.000000
light has _fifty_percent_distance of 100.000000 but _zero_percent_distance of 55.000000
light has _fifty_percent_distance of 100.000000 but _zero_percent_distance of 55.000000
light has _fifty_percent_distance of 100.000000 but _zero_percent_distance of 55.000000
light has _fifty_percent_distance of 100.000000 but _zero_percent_distance of 55.000000
light has _fifty_percent_distance of 100.000000 but _zero_percent_distance of 55.000000
229 direct lights
0...1...2...3...4...5...6...7...8...9...100...1...2...3...4...5...6...7...8...9...10transfers 7900257, max 1043
transfer lists:  60.3 megs
0...1...2...3...4...5...6...7...8...9...10	Bounce #1 added RGB(356447, 218067, 107199)
0...1...2...3...4...5...6...7...8...9...10	Bounce #2 added RGB(119445, 57008, 25882)
0...1...2...3...4...5...6...7...8...9...10	Bounce #3 added RGB(45016, 15970, 7178)
0...1...2...3...4...5...6...7...8...9...10	Bounce #4 added RGB(18587, 5029, 2113)
0...1...2...3...4...5...6...7...8...9...10	Bounce #5 added RGB(7740, 1603, 642)
0...1...2...3...4...5...6...7...8...9...10	Bounce #6 added RGB(3300, 530, 200)
0...1...2...3...4...5...6...7...8...9...10	Bounce #7 added RGB(1415, 178, 64)
0...1...2...3...4...5...6...7...8...9...10	Bounce #8 added RGB(614, 61, 21)
0...1...2...3...4...5...6...7...8...9...10	Bounce #9 added RGB(268, 21, 7)
0...1...2...3...4...5...6...7...8...9...10	Bounce #10 added RGB(118, 8, 2)
0...1...2...3...4...5...6...7...8...9...10	Bounce #11 added RGB(52, 3, 1)
0...1...2...3...4...5...6...7...8...9...10	Bounce #12 added RGB(23, 1, 0)
0...1...2...3...4...5...6...7...8...9...10	Bounce #13 added RGB(10, 0, 0)
0...1...2...3...4...5...6...7...8...9...10	Bounce #14 added RGB(5, 0, 0)
0...1...2...3...4...5...6...7...8...9...10	Bounce #15 added RGB(2, 0, 0)
0...1...2...3...4...5...6...7...8...9...10	Bounce #16 added RGB(1, 0, 0)
Build Patch/Sample Hash Table(s).....Done<0.0304 sec>
0...1...2...3...4...5...6...7...8...9...10FinalLightFace Done
134 of 134 (100% of) surface lights went in leaf ambient cubes.
0...1...2...3...4...5...6...7...8...9...10Writing leaf ambient...done
Computing static prop lighting : 00...1...2...3...4...5...6...7...8...9...10
Ready to Finish

Object names       Objects/Maxobjs  Memory / Maxmem  Fullness 
------------       ---------------  ---------------  -------- 
models                  80/1024         3840/49152    ( 7.8%) 
brushes                733/8192         8796/98304    ( 8.9%) 
brushsides            6635/65536       53080/524288   (10.1%) 
planes                6400/65536      128000/1310720  ( 9.8%) 
vertexes              4782/65536       57384/786432   ( 7.3%) 
nodes                 1163/65536       37216/2097152  ( 1.8%) 
texinfos               803/12288       57816/884736   ( 6.5%) 
texdata                 93/2048         2976/65536    ( 4.5%) 
dispinfos                7/0            1232/0        ( 0.0%) 
disp_verts             231/0            4620/0        ( 0.0%) 
disp_tris              320/0             640/0        ( 0.0%) 
disp_lmsamples       27056/0           27056/0        ( 0.0%) 
faces                 3150/65536      176400/3670016  ( 4.8%) 
hdr faces                0/65536           0/3670016  ( 0.0%) 
origfaces             2274/65536      127344/3670016  ( 3.5%) 
leaves                1244/65536       39808/2097152  ( 1.9%) 
leaffaces             3911/65536        7822/131072   ( 6.0%) 
leafbrushes           1405/65536        2810/131072   ( 2.1%) 
areas                    3/256            24/2048     ( 1.2%) 
surfedges            22967/512000      91868/2048000  ( 4.5%) 
edges                13280/256000      53120/1024000  ( 5.2%) 
LDR worldlights        229/8192        20152/720896   ( 2.8%) 
HDR worldlights          0/8192            0/720896   ( 0.0%) 
leafwaterdata            1/32768          12/393216   ( 0.0%) 
waterstrips            217/32768        2170/327680   ( 0.7%) 
waterverts               0/65536           0/786432   ( 0.0%) 
waterindices          3732/65536        7464/131072   ( 5.7%) 
cubemapsamples          19/1024          304/16384    ( 1.9%) 
overlays                21/512          7392/180224   ( 4.1%) 
LDR lightdata         [variable]     3481876/0        ( 0.0%) 
HDR lightdata         [variable]           0/0        ( 0.0%) 
visdata               [variable]       21957/16777216 ( 0.1%) 
entdata               [variable]       51506/393216   (13.1%) 
LDR ambient table     1244/65536        4976/262144   ( 1.9%) 
HDR ambient table     1244/65536        4976/262144   ( 1.9%) 
LDR leaf ambient      6290/65536      176120/1835008  ( 9.6%) 
HDR leaf ambient      1244/65536       34832/1835008  ( 1.9%) 
occluders                0/0               0/0        ( 0.0%) 
occluder polygons        0/0               0/0        ( 0.0%) 
occluder vert ind        0/0               0/0        ( 0.0%) 
detail props          [variable]           1/12       ( 8.3%) 
static props          [variable]           1/13564    ( 0.0%) 
pakfile               [variable]      785876/0        ( 0.0%) 
physics               [variable]      276334/4194304  ( 6.6%) 
physics terrain       [variable]        1199/1048576  ( 0.1%) 

Level flags = 1

Total triangle count: 7722
Writing d:\maps\td_rats_a1.bsp
3 minutes, 46 seconds elapsed



materialPath: F:\Steam\SteamApps\common\Team Fortress 2\tf\materials
Loading d:\maps\td_rats_a1.vmf
material "maritime/wood/door001" not found.
Material not found!: MARITIME/WOOD/DOOR001
ConVarRef mat_reduceparticles doesn't point to an existing ConVar
Error! Variable "$ssbump" is multiply defined in material "pascal/rats/behang"!
Error! Variable "$ssbump" is multiply defined in material "pascal/rats/wood2"!
Error! Variable "$ssbump" is multiply defined in material "pascal/rats/wood1"!
Error! Variable "$ssbump" is multiply defined in material "pascal/rats/wood tile"!
Error! Variable "$ssbump" is multiply defined in material "pascal/rats/wood plank"!
Error! Variable "$ssbump" is multiply defined in material "pascal/rats/verst"!
Error! Variable "$ssbump" is multiply defined in material "pascal/rats/spieker"!
Error! Variable "$ssbump" is multiply defined in material "pascal/rats/toet"!
Patching WVT material: maps/td_rats_a1/egypt/sand_grass_blend_01_wvt_patch
Patching WVT material: maps/td_rats_a1/dev/dev_blendmeasure_wvt_patch
Patching WVT material: maps/td_rats_a1/nature/blendconcretetograss001_wvt_patch
fixing up env_cubemap materials on brush sides...
0...1...2...3...4...5...6...7...8...9...100...1...2...3...4...5...6...7...8...9...10Processing areas...done (0)
Building Faces...done (0)
Chop Details...done (0)
Find Visible Detail Sides...
Merged 174 detail faces...done (0)
Merging details...done (0)
FixTjuncs...
PruneNodes...
WriteBSP...
NODRAW on terrain surface!
NODRAW on terrain surface!
done (0)
writing d:\maps\td_rats_a1.prt...Building visibility clusters...
done (0)
*** Error: Skybox vtf files for skybox/sky_goldrush_01 weren't compiled with the same size texture and/or same flags!
Can't load skybox file skybox/sky_goldrush_01 to build the default cubemap!
*** Error: Skybox vtf files for skybox/sky_goldrush_01 weren't compiled with the same size texture and/or same flags!
Can't load skybox file skybox/sky_goldrush_01 to build the default cubemap!
Finding displacement neighbors...
Finding lightmap sample positions...
Displacement Alpha : 0...1...2...3...4...5...6...7...8...9...10
Building Physics collision data...
done (1) (290714 bytes)
Placing detail props : 0...1...2...3...4...5...6...7...8.Material NATURE/BLENDCONCRETETOGRASS001 uses unknown detail object type tf_forest_grass!
Material NATURE/BLENDCONCRETETOGRASS001 uses unknown detail object type tf_forest_grass!
Material NATURE/BLENDCONCRETETOGRASS001 uses unknown detail object type tf_forest_grass!
Material NATURE/BLENDCONCRETETOGRASS001 uses unknown detail object type tf_forest_grass!
..9...10
Water found with no water_lod_control entity, creating a default one.
Compacting texture/material tables...
Reduced 1435 texinfos to 851
Reduced 113 texdatas to 93 (3837 bytes to 3067)
Writing d:\maps\td_rats_a1.bsp
15 seconds elapsed



2 threads
reading d:\maps\td_rats_a1.bsp
reading d:\maps\td_rats_a1.prt
 627 portalclusters
2725 numportals
0...1...2...3...4...5...6...7...8...9...100...1...2...3...4...5..


[Reading texlights from 'lights.rad']
[34 texlights parsed from 'lights.rad']

Loading d:\maps\td_rats_a1.bsp
No vis information, direct lighting only.
3670 faces
1291452 square feet [185969136.00 square inches]
7 Displacements
20951 Square Feet [3017034.25 Square Inches]
light has _fifty_percent_distance of 300.000000 but _zero_percent_distance of 100.000000
light has _fifty_percent_distance of 200.000000 but _zero_percent_distance of 100.000000
light has _fifty_percent_distance of 200.000000 but _zero_percent_distance of 100.000000
light has _fifty_percent_distance of 200.000000 but _zero_percent_distance of 100.000000
light has _fifty_percent_distance of 320.000000 but _zero_percent_distance of 150.000000
light has _fifty_percent_distance of 320.000000 but _zero_percent_distance of 150.000000
light has _fifty_percent_distance of 300.000000 but _zero_percent_distance of 100.000000
light has _fifty_percent_distance of 320.000000 but _zero_percent_distance of 150.000000
light has _fifty_percent_distance of 320.000000 but _zero_percent_distance of 150.000000
light has _fifty_percent_distance of 100.000000 but _zero_percent_distance of 55.000000
light has _fifty_percent_distance of 100.000000 but _zero_percent_distance of 55.000000
light has _fifty_percent_distance of 100.000000 but _zero_percent_distance of 55.000000
light has _fifty_percent_distance of 100.000000 but _zero_percent_distance of 55.000000
light has _fifty_percent_distance of 100.000000 but _zero_percent_distance of 55.000000
light has _fifty_percent_distance of 100.000000 but _zero_percent_distance of 55.000000
light has _fifty_percent_distance of 100.000000 but _zero_percent_distance of 55.000000
173 direct lights
0...1...2...3...4...5...6...7...8...9...10Build Patch/Sample Hash Table(s).....Done<0.0206 sec>
0...1...2...3...4...5...6...7...8...9...10FinalLightFace Done
60 of 78 (76% of) surface lights went in leaf ambient cubes.
0...1...2...3...4...5...6...7...8...9...10Writing leaf ambient...done
Computing static prop lighting : 00...1...2...3...4...5...6...7...8...9...10
Ready to Finish

Object names       Objects/Maxobjs  Memory / Maxmem  Fullness 
------------       ---------------  ---------------  -------- 
models                  81/1024         3888/49152    ( 7.9%) 
brushes                751/8192         9012/98304    ( 9.2%) 
brushsides            7229/65536       57832/524288   (11.0%) 
planes                7464/65536      149280/1310720  (11.4%) 
vertexes              5632/65536       67584/786432   ( 8.6%) 
nodes                 1578/65536       50496/2097152  ( 2.4%) 
texinfos               851/12288       61272/884736   ( 6.9%) 
texdata                 93/2048         2976/65536    ( 4.5%) 
dispinfos                7/0            1232/0        ( 0.0%) 
disp_verts             231/0            4620/0        ( 0.0%) 
disp_tris              320/0             640/0        ( 0.0%) 
disp_lmsamples       27056/0           27056/0        ( 0.0%) 
faces                 3670/65536      205520/3670016  ( 5.6%) 
hdr faces                0/65536           0/3670016  ( 0.0%) 
origfaces             2615/65536      146440/3670016  ( 4.0%) 
leaves                1660/65536       53120/2097152  ( 2.5%) 
leaffaces             4820/65536        9640/131072   ( 7.4%) 
leafbrushes           1577/65536        3154/131072   ( 2.4%) 
areas                    3/256            24/2048     ( 1.2%) 
surfedges            27370/512000     109480/2048000  ( 5.3%) 
edges                15559/256000      62236/1024000  ( 6.1%) 
LDR worldlights        173/8192        15224/720896   ( 2.1%) 
HDR worldlights          0/8192            0/720896   ( 0.0%) 
leafwaterdata            1/32768          12/393216   ( 0.0%) 
waterstrips            249/32768        2490/327680   ( 0.8%) 
waterverts               0/65536           0/786432   ( 0.0%) 
waterindices          4179/65536        8358/131072   ( 6.4%) 
cubemapsamples          19/1024          304/16384    ( 1.9%) 
overlays                21/512          7392/180224   ( 4.1%) 
LDR lightdata         [variable]     3588040/0        ( 0.0%) 
HDR lightdata         [variable]           0/0        ( 0.0%) 
visdata               [variable]           0/16777216 ( 0.0%) 
entdata               [variable]       51716/393216   (13.2%) 
LDR ambient table     1660/65536        6640/262144   ( 2.5%) 
HDR ambient table     1660/65536        6640/262144   ( 2.5%) 
LDR leaf ambient     10956/65536      306768/1835008  (16.7%) 
HDR leaf ambient      1660/65536       46480/1835008  ( 2.5%) 
occluders                0/0               0/0        ( 0.0%) 
occluder polygons        0/0               0/0        ( 0.0%) 
occluder vert ind        0/0               0/0        ( 0.0%) 
detail props          [variable]           1/12       ( 8.3%) 
static props          [variable]           1/13824    ( 0.0%) 
pakfile               [variable]      785876/0        ( 0.0%) 
physics               [variable]      290714/4194304  ( 6.9%) 
physics terrain       [variable]        1199/1048576  ( 0.1%) 

Level flags = 1

Total triangle count: 9369
Writing d:\maps\td_rats_a1.bsp
3 minutes, 13 seconds elapsed



materialPath: F:\Steam\SteamApps\common\Team Fortress 2\tf\materials
Loading d:\maps\td_rats_a1.vmf
material "maritime/wood/door001" not found.
Material not found!: MARITIME/WOOD/DOOR001
ConVarRef mat_reduceparticles doesn't point to an existing ConVar
Error! Variable "$ssbump" is multiply defined in material "pascal/rats/behang"!
Error! Variable "$ssbump" is multiply defined in material "pascal/rats/wood2"!
Error! Variable "$ssbump" is multiply defined in material "pascal/rats/wood1"!
Error! Variable "$ssbump" is multiply defined in material "pascal/rats/wood tile"!
Error! Variable "$ssbump" is multiply defined in material "pascal/rats/wood plank"!
Error! Variable "$ssbump" is multiply defined in material "pascal/rats/verst"!
Error! Variable "$ssbump" is multiply defined in material "pascal/rats/spieker"!
Error! Variable "$ssbump" is multiply defined in material "pascal/rats/toet"!
Patching WVT material: maps/td_rats_a1/egypt/sand_grass_blend_01_wvt_patch
Patching WVT material: maps/td_rats_a1/dev/dev_blendmeasure_wvt_patch
Patching WVT material: maps/td_rats_a1/nature/blendconcretetograss001_wvt_patch
fixing up env_cubemap materials on brush sides...
0...1...2...3...4...5...6...7...8...9...100...1...2...3...4...5...6...7...8...9...10Processing areas...done (0)
Building Faces...done (0)
Chop Details...done (0)
Find Visible Detail Sides...
Merged 170 detail faces...done (0)
Merging details...done (0)
FixTjuncs...
PruneNodes...
WriteBSP...
NODRAW on terrain surface!
NODRAW on terrain surface!
done (0)
writing d:\maps\td_rats_a1.prt...Building visibility clusters...
done (0)
*** Error: Skybox vtf files for skybox/sky_goldrush_01 weren't compiled with the same size texture and/or same flags!
Can't load skybox file skybox/sky_goldrush_01 to build the default cubemap!
*** Error: Skybox vtf files for skybox/sky_goldrush_01 weren't compiled with the same size texture and/or same flags!
Can't load skybox file skybox/sky_goldrush_01 to build the default cubemap!
Finding displacement neighbors...
Finding lightmap sample positions...
Displacement Alpha : 0...1...2...3...4...5...6...7...8...9...10
Building Physics collision data...
done (0) (282249 bytes)
Placing detail props : 0...1...2...3...4...5...6...7...8Material NATURE/BLENDCONCRETETOGRASS001 uses unknown detail object type tf_forest_grass!
Material NATURE/BLENDCONCRETETOGRASS001 uses unknown detail object type tf_forest_grass!
Material NATURE/BLENDCONCRETETOGRASS001 uses unknown detail object type tf_forest_grass!
Material NATURE/BLENDCONCRETETOGRASS001 uses unknown detail object type tf_forest_grass!
...9...10
Water found with no water_lod_control entity, creating a default one.
Compacting texture/material tables...
Reduced 1419 texinfos to 845
Reduced 113 texdatas to 93 (3837 bytes to 3067)
Writing d:\maps\td_rats_a1.bsp
11 seconds elapsed



2 threads
reading d:\maps\td_rats_a1.bsp
reading d:\maps\td_rats_a1.prt
 290 portalclusters
 832 numportals
0...1...2...3...4...5...6...7...8...9...100...1...2...3...4...5...6...7...8...9...10Optimized: 87 visible clusters (0.21%)
Total clusters visible: 42425
Average clusters visible: 146
Building PAS...
Average clusters audible: 274
visdatasize:21957  compressed from 23200
writing d:\maps\td_rats_a1.bsp
3 seconds elapsed



[Reading texlights from 'lights.rad']
[34 texlights parsed from 'lights.rad']

Loading d:\maps\td_rats_a1.bsp
3240 faces
1271576 square feet [183106960.00 square inches]
7 Displacements
20951 Square Feet [3017034.25 Square Inches]
3240 patches before subdivision
50576 patches after subdivision
light has _fifty_percent_distance of 300.000000 but _zero_percent_distance of 100.000000
light has _fifty_percent_distance of 200.000000 but _zero_percent_distance of 100.000000
light has _fifty_percent_distance of 200.000000 but _zero_percent_distance of 100.000000
light has _fifty_percent_distance of 200.000000 but _zero_percent_distance of 100.000000
light has _fifty_percent_distance of 320.000000 but _zero_percent_distance of 150.000000
light has _fifty_percent_distance of 320.000000 but _zero_percent_distance of 150.000000
light has _fifty_percent_distance of 300.000000 but _zero_percent_distance of 100.000000
light has _fifty_percent_distance of 320.000000 but _zero_percent_distance of 150.000000
light has _fifty_percent_distance of 320.000000 but _zero_percent_distance of 150.000000
light has _fifty_percent_distance of 100.000000 but _zero_percent_distance of 55.000000
light has _fifty_percent_distance of 100.000000 but _zero_percent_distance of 55.000000
light has _fifty_percent_distance of 100.000000 but _zero_percent_distance of 55.000000
light has _fifty_percent_distance of 100.000000 but _zero_percent_distance of 55.000000
light has _fifty_percent_distance of 100.000000 but _zero_percent_distance of 55.000000
light has _fifty_percent_distance of 100.000000 but _zero_percent_distance of 55.000000
light has _fifty_percent_distance of 100.000000 but _zero_percent_distance of 55.000000
224 direct lights
0...1...2...3...4...5...6...7...8...9...100...1...2...3...4...5...6...7...8...9...10transfers 8367433, max 1049
transfer lists:  63.8 megs
0...1...2...3...4...5...6...7...8...9...10	Bounce #1 added RGB(360857, 220603, 108720)
0...1...2...3...4...5...6...7...8...9...10	Bounce #2 added RGB(127369, 60035, 26209)
0...1...2...3...4...5...6...7...8...9...10	Bounce #3 added RGB(46390, 16321, 7186)
0...1...2...3...4...5...6...7...8...9...10	Bounce #4 added RGB(19123, 5125, 2105)
0...1...2...3...4...5...6...7...8...9...10	Bounce #5 added RGB(7905, 1617, 637)
0...1...2...3...4...5...6...7...8...9...10	Bounce #6 added RGB(3362, 531, 197)
0...1...2...3...4...5...6...7...8...9...10	Bounce #7 added RGB(1436, 177, 63)
0...1...2...3...4...5...6...7...8...9...10	Bounce #8 added RGB(622, 60, 20)
0...1...2...3...4...5...6...7...8...9...10	Bounce #9 added RGB(270, 21, 7)
0...1...2...3...4...5...6...7...8...9...10	Bounce #10 added RGB(119, 7, 2)
0...1...2...3...4...5...6...7...8...9...10	Bounce #11 added RGB(52, 3, 1)
0...1...2...3...4...5...6...7...8...9...10	Bounce #12 added RGB(23, 1, 0)
0...1...2...3...4...5...6...7...8...9...10	Bounce #13 added RGB(10, 0, 0)
0...1...2...3...4...5...6...7...8...9...10	Bounce #14 added RGB(5, 0, 0)
0...1...2...3...4...5...6...7...8...9...10	Bounce #15 added RGB(2, 0, 0)
0...1...2...3...4...5...6...7...8...9...10	Bounce #16 added RGB(1, 0, 0)
Build Patch/Sample Hash Table(s).....Done<0.0280 sec>
0...1...2...3...4...5...6...7...8...9...10FinalLightFace Done
129 of 129 (100% of) surface lights went in leaf ambient cubes.
0...1...2...3...4...5...6...7...8...9...10Writing leaf ambient...done
Computing static prop lighting : 00...1...2...3...4...5...6...7...8...9...10
Ready to Finish

Object names       Objects/Maxobjs  Memory / Maxmem  Fullness 
------------       ---------------  ---------------  -------- 
models                  81/1024         3888/49152    ( 7.9%) 
brushes                747/8192         8964/98304    ( 9.1%) 
brushsides            6784/65536       54272/524288   (10.4%) 
planes                6596/65536      131920/1310720  (10.1%) 
vertexes              4907/65536       58884/786432   ( 7.5%) 
nodes                 1170/65536       37440/2097152  ( 1.8%) 
texinfos               845/12288       60840/884736   ( 6.9%) 
texdata                 93/2048         2976/65536    ( 4.5%) 
dispinfos                7/0            1232/0        ( 0.0%) 
disp_verts             231/0            4620/0        ( 0.0%) 
disp_tris              320/0             640/0        ( 0.0%) 
disp_lmsamples       27056/0           27056/0        ( 0.0%) 
faces                 3240/65536      181440/3670016  ( 4.9%) 
hdr faces                0/65536           0/3670016  ( 0.0%) 
origfaces             2348/65536      131488/3670016  ( 3.6%) 
leaves                1252/65536       40064/2097152  ( 1.9%) 
leaffaces             3989/65536        7978/131072   ( 6.1%) 
leafbrushes           1415/65536        2830/131072   ( 2.2%) 
areas                    3/256            24/2048     ( 1.2%) 
surfedges            23640/512000      94560/2048000  ( 4.6%) 
edges                13671/256000      54684/1024000  ( 5.3%) 
LDR worldlights        224/8192        19712/720896   ( 2.7%) 
HDR worldlights          0/8192            0/720896   ( 0.0%) 
leafwaterdata            1/32768          12/393216   ( 0.0%) 
waterstrips            216/32768        2160/327680   ( 0.7%) 
waterverts               0/65536           0/786432   ( 0.0%) 
waterindices          3732/65536        7464/131072   ( 5.7%) 
cubemapsamples          19/1024          304/16384    ( 1.9%) 
overlays                21/512          7392/180224   ( 4.1%) 
LDR lightdata         [variable]     3550672/0        ( 0.0%) 
HDR lightdata         [variable]           0/0        ( 0.0%) 
visdata               [variable]       21957/16777216 ( 0.1%) 
entdata               [variable]       52840/393216   (13.4%) 
LDR ambient table     1252/65536        5008/262144   ( 1.9%) 
HDR ambient table     1252/65536        5008/262144   ( 1.9%) 
LDR leaf ambient      6396/65536      179088/1835008  ( 9.8%) 
HDR leaf ambient      1252/65536       35056/1835008  ( 1.9%) 
occluders                0/0               0/0        ( 0.0%) 
occluder polygons        0/0               0/0        ( 0.0%) 
occluder vert ind        0/0               0/0        ( 0.0%) 
detail props          [variable]           1/12       ( 8.3%) 
static props          [variable]           1/13564    ( 0.0%) 
pakfile               [variable]      785876/0        ( 0.0%) 
physics               [variable]      282249/4194304  ( 6.7%) 
physics terrain       [variable]        1199/1048576  ( 0.1%) 

Level flags = 1

Total triangle count: 7917
Writing d:\maps\td_rats_a1.bsp
3 minutes, 41 seconds elapsed



materialPath: F:\Steam\SteamApps\common\Team Fortress 2\tf\materials
Loading d:\maps\td_rats_a1.vmf
material "maritime/wood/door001" not found.
Material not found!: MARITIME/WOOD/DOOR001
ConVarRef mat_reduceparticles doesn't point to an existing ConVar
Error! Variable "$ssbump" is multiply defined in material "pascal/rats/behang"!
Error! Variable "$ssbump" is multiply defined in material "pascal/rats/wood2"!
Error! Variable "$ssbump" is multiply defined in material "pascal/rats/wood1"!
Error! Variable "$ssbump" is multiply defined in material "pascal/rats/wood tile"!
Error! Variable "$ssbump" is multiply defined in material "pascal/rats/wood plank"!
Error! Variable "$ssbump" is multiply defined in material "pascal/rats/verst"!
Error! Variable "$ssbump" is multiply defined in material "pascal/rats/spieker"!
Error! Variable "$ssbump" is multiply defined in material "pascal/rats/toet"!
Patching WVT material: maps/td_rats_a1/egypt/sand_grass_blend_01_wvt_patch
Patching WVT material: maps/td_rats_a1/dev/dev_blendmeasure_wvt_patch
Patching WVT material: maps/td_rats_a1/nature/blendconcretetograss001_wvt_patch
fixing up env_cubemap materials on brush sides...
0...1...2...3...4...5...6...7...8...9...100...1...2...3...4...5...6...7...8...9...10Processing areas...done (0)
Building Faces...done (0)
Chop Details...done (0)
Find Visible Detail Sides...
Merged 170 detail faces...done (0)
Merging details...done (0)
FixTjuncs...
PruneNodes...
WriteBSP...
NODRAW on terrain surface!
NODRAW on terrain surface!
done (0)
writing d:\maps\td_rats_a1.prt...Building visibility clusters...
done (0)
*** Error: Skybox vtf files for skybox/sky_goldrush_01 weren't compiled with the same size texture and/or same flags!
Can't load skybox file skybox/sky_goldrush_01 to build the default cubemap!
*** Error: Skybox vtf files for skybox/sky_goldrush_01 weren't compiled with the same size texture and/or same flags!
Can't load skybox file skybox/sky_goldrush_01 to build the default cubemap!
Finding displacement neighbors...
Finding lightmap sample positions...
Displacement Alpha : 0...1...2...3...4...5...6...7...8...9...10
Building Physics collision data...
done (0) (282249 bytes)
Placing detail props : 0...1...2...3...4...5...6...7...8Material NATURE/BLENDCONCRETETOGRASS001 uses unknown detail object type tf_forest_grass!
Material NATURE/BLENDCONCRETETOGRASS001 uses unknown detail object type tf_forest_grass!
Material NATURE/BLENDCONCRETETOGRASS001 uses unknown detail object type tf_forest_grass!
Material NATURE/BLENDCONCRETETOGRASS001 uses unknown detail object type tf_forest_grass!
...9...10
Water found with no water_lod_control entity, creating a default one.
Compacting texture/material tables...
Reduced 1424 texinfos to 845
Reduced 114 texdatas to 93 (3859 bytes to 3067)
Writing d:\maps\td_rats_a1.bsp
9 seconds elapsed



2 threads
reading d:\maps\td_rats_a1.bsp
reading d:\maps\td_rats_a1.prt
 290 portalclusters
 832 numportals
0...1...2...3...4...5...6...7...8...9...100...1...2...3...4...5...6...7...8...9...10Optimized: 87 visible clusters (0.21%)
Total clusters visible: 42425
Average clusters visible: 146
Building PAS...
Average clusters audible: 274
visdatasize:21957  compressed from 23200
writing d:\maps\td_rats_a1.bsp
3 seconds elapsed



[Reading texlights from 'lights.rad']
[34 texlights parsed from 'lights.rad']

Loading d:\maps\td_rats_a1.bsp
3240 faces
1271576 square feet [183106960.00 square inches]
7 Displacements
20951 Square Feet [3017034.25 Square Inches]
3240 patches before subdivision
50576 patches after subdivision
light has _fifty_percent_distance of 300.000000 but _zero_percent_distance of 100.000000
light has _fifty_percent_distance of 200.000000 but _zero_percent_distance of 100.000000
light has _fifty_percent_distance of 200.000000 but _zero_percent_distance of 100.000000
light has _fifty_percent_distance of 200.000000 but _zero_percent_distance of 100.000000
light has _fifty_percent_distance of 320.000000 but _zero_percent_distance of 150.000000
light has _fifty_percent_distance of 320.000000 but _zero_percent_distance of 150.000000
light has _fifty_percent_distance of 300.000000 but _zero_percent_distance of 100.000000
light has _fifty_percent_distance of 320.000000 but _zero_percent_distance of 150.000000
light has _fifty_percent_distance of 320.000000 but _zero_percent_distance of 150.000000
light has _fifty_percent_distance of 100.000000 but _zero_percent_distance of 55.000000
light has _fifty_percent_distance of 100.000000 but _zero_percent_distance of 55.000000
light has _fifty_percent_distance of 100.000000 but _zero_percent_distance of 55.000000
light has _fifty_percent_distance of 100.000000 but _zero_percent_distance of 55.000000
light has _fifty_percent_distance of 100.000000 but _zero_percent_distance of 55.000000
light has _fifty_percent_distance of 100.000000 but _zero_percent_distance of 55.000000
light has _fifty_percent_distance of 100.000000 but _zero_percent_distance of 55.000000
234 direct lights
0...1...2...3...4...5...6...7...8...9...100...1...2...3...4...5...6...7...8...9...10transfers 8366495, max 1049
transfer lists:  63.8 megs
0...1...2...3...4...5...6...7...8...9...10	Bounce #1 added RGB(369841, 228967, 115566)
0...1...2...3...4...5...6...7...8...9...10	Bounce #2 added RGB(131174, 63274, 28406)
0...1...2...3...4...5...6...7...8...9...10	Bounce #3 added RGB(47901, 17541, 7918)
0...1...2...3...4...5...6...7...8...9...10	Bounce #4 added RGB(19758, 5608, 2364)
0...1...2...3...4...5...6...7...8...9...10	Bounce #5 added RGB(8168, 1806, 730)
0...1...2...3...4...5...6...7...8...9...10	Bounce #6 added RGB(3472, 606, 231)
0...1...2...3...4...5...6...7...8...9...10	Bounce #7 added RGB(1482, 206, 75)
0...1...2...3...4...5...6...7...8...9...10	Bounce #8 added RGB(641, 72, 25)
0...1...2...3...4...5...6...7...8...9...10	Bounce #9 added RGB(279, 25, 8)
0...1...2...3...4...5...6...7...8...9...10	Bounce #10 added RGB(122, 9, 3)
0...1...2...3...4...5...6...7...8...9...10	Bounce #11 added RGB(54, 3, 1)
0...1...2...3...4...5...6...7...8...9...10	Bounce #12 added RGB(24, 1, 0)
0...1...2...3...4...5...6...7...8...9...10	Bounce #13 added RGB(11, 0, 0)
0...1...2...3...4...5...6...7...8...9...10	Bounce #14 added RGB(5, 0, 0)
0...1...2...3...4...5...6...7...8...9...10	Bounce #15 added RGB(2, 0, 0)
0...1...2...3...4...5...6...7...8...9...10	Bounce #16 added RGB(1, 0, 0)
Build Patch/Sample Hash Table(s).....Done<0.0279 sec>
0...1...2...3...4...5...6...7...8...9...10FinalLightFace Done
129 of 129 (100% of) surface lights went in leaf ambient cubes.
0...1...2...3...4...5...6...7...8...9...10Writing leaf ambient...done
Computing static prop lighting : 00...1...2...3...4...5...6...7...8...9...10
Ready to Finish

Object names       Objects/Maxobjs  Memory / Maxmem  Fullness 
------------       ---------------  ---------------  -------- 
models                  81/1024         3888/49152    ( 7.9%) 
brushes                749/8192         8988/98304    ( 9.1%) 
brushsides            6837/65536       54696/524288   (10.4%) 
planes                6694/65536      133880/1310720  (10.2%) 
vertexes              4971/65536       59652/786432   ( 7.6%) 
nodes                 1170/65536       37440/2097152  ( 1.8%) 
texinfos               845/12288       60840/884736   ( 6.9%) 
texdata                 93/2048         2976/65536    ( 4.5%) 
dispinfos                7/0            1232/0        ( 0.0%) 
disp_verts             231/0            4620/0        ( 0.0%) 
disp_tris              320/0             640/0        ( 0.0%) 
disp_lmsamples       27056/0           27056/0        ( 0.0%) 
faces                 3240/65536      181440/3670016  ( 4.9%) 
hdr faces                0/65536           0/3670016  ( 0.0%) 
origfaces             2348/65536      131488/3670016  ( 3.6%) 
leaves                1252/65536       40064/2097152  ( 1.9%) 
leaffaces             3989/65536        7978/131072   ( 6.1%) 
leafbrushes           1417/65536        2834/131072   ( 2.2%) 
areas                    3/256            24/2048     ( 1.2%) 
surfedges            23640/512000      94560/2048000  ( 4.6%) 
edges                13671/256000      54684/1024000  ( 5.3%) 
LDR worldlights        234/8192        20592/720896   ( 2.9%) 
HDR worldlights          0/8192            0/720896   ( 0.0%) 
leafwaterdata            1/32768          12/393216   ( 0.0%) 
waterstrips            216/32768        2160/327680   ( 0.7%) 
waterverts               0/65536           0/786432   ( 0.0%) 
waterindices          3732/65536        7464/131072   ( 5.7%) 
cubemapsamples          19/1024          304/16384    ( 1.9%) 
overlays                21/512          7392/180224   ( 4.1%) 
LDR lightdata         [variable]     3550672/0        ( 0.0%) 
HDR lightdata         [variable]           0/0        ( 0.0%) 
visdata               [variable]       21957/16777216 ( 0.1%) 
entdata               [variable]       59844/393216   (15.2%) 
LDR ambient table     1252/65536        5008/262144   ( 1.9%) 
HDR ambient table     1252/65536        5008/262144   ( 1.9%) 
LDR leaf ambient      6415/65536      179620/1835008  ( 9.8%) 
HDR leaf ambient      1252/65536       35056/1835008  ( 1.9%) 
occluders                0/0               0/0        ( 0.0%) 
occluder polygons        0/0               0/0        ( 0.0%) 
occluder vert ind        0/0               0/0        ( 0.0%) 
detail props          [variable]           1/12       ( 8.3%) 
static props          [variable]           1/14354    ( 0.0%) 
pakfile               [variable]      829844/0        ( 0.0%) 
physics               [variable]      282249/4194304  ( 6.7%) 
physics terrain       [variable]        1199/1048576  ( 0.1%) 

Level flags = 1

Total triangle count: 7917
Writing d:\maps\td_rats_a1.bsp
3 minutes, 35 seconds elapsed



materialPath: F:\Steam\SteamApps\common\Team Fortress 2\tf\materials
Loading d:\maps\td_rats_a1.vmf
material "maritime/wood/door001" not found.
Material not found!: MARITIME/WOOD/DOOR001
ConVarRef mat_reduceparticles doesn't point to an existing ConVar
Error! Variable "$ssbump" is multiply defined in material "pascal/rats/behang"!
Error! Variable "$ssbump" is multiply defined in material "pascal/rats/wood2"!
Error! Variable "$ssbump" is multiply defined in material "pascal/rats/wood1"!
Error! Variable "$ssbump" is multiply defined in material "pascal/rats/wood tile"!
Error! Variable "$ssbump" is multiply defined in material "pascal/rats/wood plank"!
Error! Variable "$ssbump" is multiply defined in material "pascal/rats/verst"!
Error! Variable "$ssbump" is multiply defined in material "pascal/rats/spieker"!
Error! Variable "$ssbump" is multiply defined in material "pascal/rats/toet"!
Patching WVT material: maps/td_rats_a1/egypt/sand_grass_blend_01_wvt_patch
Patching WVT material: maps/td_rats_a1/dev/dev_blendmeasure_wvt_patch
Patching WVT material: maps/td_rats_a1/nature/blendconcretetograss001_wvt_patch
fixing up env_cubemap materials on brush sides...
0...1...2...3...4...5...6...7...8...9...100...1...2...3...4...5...6...7...8...9...10Processing areas...done (0)
Building Faces...done (0)
Chop Details...done (0)
Find Visible Detail Sides...
Merged 170 detail faces...done (0)
Merging details...done (0)
FixTjuncs...
PruneNodes...
WriteBSP...
NODRAW on terrain surface!
NODRAW on terrain surface!
done (0)
writing d:\maps\td_rats_a1.prt...Building visibility clusters...
done (0)
*** Error: Skybox vtf files for skybox/sky_goldrush_01 weren't compiled with the same size texture and/or same flags!
Can't load skybox file skybox/sky_goldrush_01 to build the default cubemap!
*** Error: Skybox vtf files for skybox/sky_goldrush_01 weren't compiled with the same size texture and/or same flags!
Can't load skybox file skybox/sky_goldrush_01 to build the default cubemap!
Finding displacement neighbors...
Finding lightmap sample positions...
Displacement Alpha : 0...1...2...3...4...5...6...7...8...9...10
Building Physics collision data...
done (1) (282249 bytes)
Placing detail props : 0...1...2...3...4...5...6...7...8Material NATURE/BLENDCONCRETETOGRASS001 uses unknown detail object type tf_forest_grass!
Material NATURE/BLENDCONCRETETOGRASS001 uses unknown detail object type tf_forest_grass!
Material NATURE/BLENDCONCRETETOGRASS001 uses unknown detail object type tf_forest_grass!
Material NATURE/BLENDCONCRETETOGRASS001 uses unknown detail object type tf_forest_grass!
...9...10
Water found with no water_lod_control entity, creating a default one.
Compacting texture/material tables...
Reduced 1424 texinfos to 845
Reduced 114 texdatas to 93 (3859 bytes to 3067)
Writing d:\maps\td_rats_a1.bsp
11 seconds elapsed



2 threads
reading d:\maps\td_rats_a1.bsp
reading d:\maps\td_rats_a1.prt
 290 portalclusters
 832 numportals
0...1...2...3...4...5...6...7...8...9...100...1...2...3...4...5...6...7...8...9...10Optimized: 87 visible clusters (0.21%)
Total clusters visible: 42425
Average clusters visible: 146
Building PAS...
Average clusters audible: 274
visdatasize:21957  compressed from 23200
writing d:\maps\td_rats_a1.bsp
3 seconds elapsed



[Reading texlights from 'lights.rad']
[34 texlights parsed from 'lights.rad']

Loading d:\maps\td_rats_a1.bsp
3240 faces
1271576 square feet [183106960.00 square inches]
7 Displacements
20951 Square Feet [3017034.25 Square Inches]
3240 patches before subdivision
50576 patches after subdivision
light has _fifty_percent_distance of 300.000000 but _zero_percent_distance of 100.000000
light has _fifty_percent_distance of 200.000000 but _zero_percent_distance of 100.000000
light has _fifty_percent_distance of 200.000000 but _zero_percent_distance of 100.000000
light has _fifty_percent_distance of 200.000000 but _zero_percent_distance of 100.000000
light has _fifty_percent_distance of 320.000000 but _zero_percent_distance of 150.000000
light has _fifty_percent_distance of 320.000000 but _zero_percent_distance of 150.000000
light has _fifty_percent_distance of 300.000000 but _zero_percent_distance of 100.000000
light has _fifty_percent_distance of 320.000000 but _zero_percent_distance of 150.000000
light has _fifty_percent_distance of 320.000000 but _zero_percent_distance of 150.000000
light has _fifty_percent_distance of 100.000000 but _zero_percent_distance of 55.000000
light has _fifty_percent_distance of 100.000000 but _zero_percent_distance of 55.000000
light has _fifty_percent_distance of 100.000000 but _zero_percent_distance of 55.000000
light has _fifty_percent_distance of 100.000000 but _zero_percent_distance of 55.000000
light has _fifty_percent_distance of 100.000000 but _zero_percent_distance of 55.000000
light has _fifty_percent_distance of 100.000000 but _zero_percent_distance of 55.000000
light has _fifty_percent_distance of 100.000000 but _zero_percent_distance of 55.000000
light has _fifty_percent_distance of 320.000000 but _zero_percent_distance of 25.000000
235 direct lights
0...1...2...3...4...5...6...7...8...9...100...1...2...3...4...5...6...7...8...9...10transfers 8366495, max 1049
transfer lists:  63.8 megs
0...1...2...3...4...5...6...7...8...9...10	Bounce #1 added RGB(370224, 229325, 115916)
0...1...2...3...4...5...6...7...8...9...10	Bounce #2 added RGB(131296, 63387, 28516)
0...1...2...3...4...5...6...7...8...9...10	Bounce #3 added RGB(47944, 17581, 7957)
0...1...2...3...4...5...6...7...8...9...10	Bounce #4 added RGB(19773, 5621, 2377)
0...1...2...3...4...5...6...7...8...9...10	Bounce #5 added RGB(8174, 1811, 734)
0...1...2...3...4...5...6...7...8...9...10	Bounce #6 added RGB(3474, 608, 233)
0...1...2...3...4...5...6...7...8...9...10	Bounce #7 added RGB(1483, 207, 76)
0...1...2...3...4...5...6...7...8...9...10	Bounce #8 added RGB(642, 72, 25)
0...1...2...3...4...5...6...7...8...9...10	Bounce #9 added RGB(279, 26, 9)
0...1...2...3...4...5...6...7...8...9...10	Bounce #10 added RGB(122, 9, 3)
0...1...2...3...4...5...6...7...8...9...10	Bounce #11 added RGB(54, 3, 1)
0...1...2...3...4...5...6...7...8...9...10	Bounce #12 added RGB(24, 1, 0)
0...1...2...3...4...5...6...7...8...9...10	Bounce #13 added RGB(11, 0, 0)
0...1...2...3...4...5...6...7...8...9...10	Bounce #14 added RGB(5, 0, 0)
0...1...2...3...4...5...6...7...8...9...10	Bounce #15 added RGB(2, 0, 0)
0...1...2...3...4...5...6...7...8...9...10	Bounce #16 added RGB(1, 0, 0)
Build Patch/Sample Hash Table(s).....Done<0.0296 sec>
0...1...2...3...4...5...6...7...8...9...10FinalLightFace Done
129 of 129 (100% of) surface lights went in leaf ambient cubes.
0...1...2...3...4...5...6...7...8...9...10Writing leaf ambient...done
Computing static prop lighting : 00...1...2...3...4...5...6...7...8...9...10
Ready to Finish

Object names       Objects/Maxobjs  Memory / Maxmem  Fullness 
------------       ---------------  ---------------  -------- 
models                  81/1024         3888/49152    ( 7.9%) 
brushes                749/8192         8988/98304    ( 9.1%) 
brushsides            6837/65536       54696/524288   (10.4%) 
planes                6694/65536      133880/1310720  (10.2%) 
vertexes              4971/65536       59652/786432   ( 7.6%) 
nodes                 1170/65536       37440/2097152  ( 1.8%) 
texinfos               845/12288       60840/884736   ( 6.9%) 
texdata                 93/2048         2976/65536    ( 4.5%) 
dispinfos                7/0            1232/0        ( 0.0%) 
disp_verts             231/0            4620/0        ( 0.0%) 
disp_tris              320/0             640/0        ( 0.0%) 
disp_lmsamples       27056/0           27056/0        ( 0.0%) 
faces                 3240/65536      181440/3670016  ( 4.9%) 
hdr faces                0/65536           0/3670016  ( 0.0%) 
origfaces             2348/65536      131488/3670016  ( 3.6%) 
leaves                1252/65536       40064/2097152  ( 1.9%) 
leaffaces             3989/65536        7978/131072   ( 6.1%) 
leafbrushes           1417/65536        2834/131072   ( 2.2%) 
areas                    3/256            24/2048     ( 1.2%) 
surfedges            23640/512000      94560/2048000  ( 4.6%) 
edges                13671/256000      54684/1024000  ( 5.3%) 
LDR worldlights        235/8192        20680/720896   ( 2.9%) 
HDR worldlights          0/8192            0/720896   ( 0.0%) 
leafwaterdata            1/32768          12/393216   ( 0.0%) 
waterstrips            216/32768        2160/327680   ( 0.7%) 
waterverts               0/65536           0/786432   ( 0.0%) 
waterindices          3732/65536        7464/131072   ( 5.7%) 
cubemapsamples          19/1024          304/16384    ( 1.9%) 
overlays                21/512          7392/180224   ( 4.1%) 
LDR lightdata         [variable]     3550672/0        ( 0.0%) 
HDR lightdata         [variable]           0/0        ( 0.0%) 
visdata               [variable]       21957/16777216 ( 0.1%) 
entdata               [variable]       60071/393216   (15.3%) 
LDR ambient table     1252/65536        5008/262144   ( 1.9%) 
HDR ambient table     1252/65536        5008/262144   ( 1.9%) 
LDR leaf ambient      6426/65536      179928/1835008  ( 9.8%) 
HDR leaf ambient      1252/65536       35056/1835008  ( 1.9%) 
occluders                0/0               0/0        ( 0.0%) 
occluder polygons        0/0               0/0        ( 0.0%) 
occluder vert ind        0/0               0/0        ( 0.0%) 
detail props          [variable]           1/12       ( 8.3%) 
static props          [variable]           1/14354    ( 0.0%) 
pakfile               [variable]      829844/0        ( 0.0%) 
physics               [variable]      282249/4194304  ( 6.7%) 
physics terrain       [variable]        1199/1048576  ( 0.1%) 

Level flags = 1

Total triangle count: 7917
Writing d:\maps\td_rats_a1.bsp
3 minutes, 32 seconds elapsed



materialPath: F:\Steam\SteamApps\common\Team Fortress 2\tf\materials
Loading d:\maps\td_rats_a1.vmf
material "maritime/wood/door001" not found.
Material not found!: MARITIME/WOOD/DOOR001
ConVarRef mat_reduceparticles doesn't point to an existing ConVar
Error! Variable "$ssbump" is multiply defined in material "pascal/rats/behang"!
Error! Variable "$ssbump" is multiply defined in material "pascal/rats/wood2"!
Error! Variable "$ssbump" is multiply defined in material "pascal/rats/wood1"!
Error! Variable "$ssbump" is multiply defined in material "pascal/rats/wood tile"!
Error! Variable "$ssbump" is multiply defined in material "pascal/rats/wood plank"!
Error! Variable "$ssbump" is multiply defined in material "pascal/rats/verst"!
Error! Variable "$ssbump" is multiply defined in material "pascal/rats/spieker"!
Error! Variable "$ssbump" is multiply defined in material "pascal/rats/toet"!
Patching WVT material: maps/td_rats_a1/egypt/sand_grass_blend_01_wvt_patch
Patching WVT material: maps/td_rats_a1/dev/dev_blendmeasure_wvt_patch
Patching WVT material: maps/td_rats_a1/nature/blendconcretetograss001_wvt_patch
fixing up env_cubemap materials on brush sides...
0...1...2...3...4...5...6...7...8...9...100...1...2...3...4...5...6...7...8...9...10Processing areas...done (0)
Building Faces...done (0)
Chop Details...done (0)
Find Visible Detail Sides...
Merged 170 detail faces...done (0)
Merging details...done (0)
FixTjuncs...
PruneNodes...
WriteBSP...
NODRAW on terrain surface!
NODRAW on terrain surface!
done (0)
writing d:\maps\td_rats_a1.prt...Building visibility clusters...
done (0)
*** Error: Skybox vtf files for skybox/sky_goldrush_01 weren't compiled with the same size texture and/or same flags!
Can't load skybox file skybox/sky_goldrush_01 to build the default cubemap!
*** Error: Skybox vtf files for skybox/sky_goldrush_01 weren't compiled with the same size texture and/or same flags!
Can't load skybox file skybox/sky_goldrush_01 to build the default cubemap!
Finding displacement neighbors...
Finding lightmap sample positions...
Displacement Alpha : 0...1...2...3...4...5...6...7...8...9...10
Building Physics collision data...
done (1) (282249 bytes)
Placing detail props : 0...1...2...3...4...5...6...7...8Material NATURE/BLENDCONCRETETOGRASS001 uses unknown detail object type tf_forest_grass!
Material NATURE/BLENDCONCRETETOGRASS001 uses unknown detail object type tf_forest_grass!
Material NATURE/BLENDCONCRETETOGRASS001 uses unknown detail object type tf_forest_grass!
Material NATURE/BLENDCONCRETETOGRASS001 uses unknown detail object type tf_forest_grass!
...9...10
Water found with no water_lod_control entity, creating a default one.
Compacting texture/material tables...
Reduced 1424 texinfos to 845
Reduced 114 texdatas to 93 (3859 bytes to 3067)
Writing d:\maps\td_rats_a1.bsp
10 seconds elapsed



2 threads
reading d:\maps\td_rats_a1.bsp
reading d:\maps\td_rats_a1.prt
 290 portalclusters
 832 numportals
0...1...2...3...4...5...6...7...8...9...100...1...2...3...4...5...6...7...8...9...10Optimized: 87 visible clusters (0.21%)
Total clusters visible: 42425
Average clusters visible: 146
Building PAS...
Average clusters audible: 274
visdatasize:21957  compressed from 23200
writing d:\maps\td_rats_a1.bsp
3 seconds elapsed



[Reading texlights from 'lights.rad']
[34 texlights parsed from 'lights.rad']

Loading d:\maps\td_rats_a1.bsp
3240 faces
1271576 square feet [183106960.00 square inches]
7 Displacements
20951 Square Feet [3017034.25 Square Inches]
3240 patches before subdivision
50576 patches after subdivision
light has _fifty_percent_distance of 300.000000 but _zero_percent_distance of 100.000000
light has _fifty_percent_distance of 200.000000 but _zero_percent_distance of 100.000000
light has _fifty_percent_distance of 200.000000 but _zero_percent_distance of 100.000000
light has _fifty_percent_distance of 200.000000 but _zero_percent_distance of 100.000000
light has _fifty_percent_distance of 320.000000 but _zero_percent_distance of 150.000000
light has _fifty_percent_distance of 320.000000 but _zero_percent_distance of 150.000000
light has _fifty_percent_distance of 300.000000 but _zero_percent_distance of 100.000000
light has _fifty_percent_distance of 320.000000 but _zero_percent_distance of 150.000000
light has _fifty_percent_distance of 320.000000 but _zero_percent_distance of 150.000000
light has _fifty_percent_distance of 100.000000 but _zero_percent_distance of 55.000000
light has _fifty_percent_distance of 100.000000 but _zero_percent_distance of 55.000000
light has _fifty_percent_distance of 100.000000 but _zero_percent_distance of 55.000000
light has _fifty_percent_distance of 100.000000 but _zero_percent_distance of 55.000000
light has _fifty_percent_distance of 100.000000 but _zero_percent_distance of 55.000000
light has _fifty_percent_distance of 100.000000 but _zero_percent_distance of 55.000000
light has _fifty_percent_distance of 100.000000 but _zero_percent_distance of 55.000000
light has _fifty_percent_distance of 320.000000 but _zero_percent_distance of 25.000000
235 direct lights
0...1...2...3...4...5...6...7...8...9...100...1...2...3...4...5...6...7...8...9...10transfers 8366495, max 1049
transfer lists:  63.8 megs
0...1...2...3...4...5...6...7...8...9...10	Bounce #1 added RGB(370224, 229325, 115916)
0...1...2...3...4...5...6...7...8...9...10	Bounce #2 added RGB(131296, 63387, 28516)
0...1...2...3...4...5...6...7...8...9...10	Bounce #3 added RGB(47944, 17581, 7957)
0...1...2...3...4...5...6...7...8...9...10	Bounce #4 added RGB(19773, 5621, 2377)
0...1...2...3...4...5...6...7...8...9...10	Bounce #5 added RGB(8174, 1811, 734)
0...1...2...3...4...5...6...7...8...9...10	Bounce #6 added RGB(3474, 608, 233)
0...1...2...3...4...5...6...7...8...9...10	Bounce #7 added RGB(1483, 207, 76)
0...1...2...3...4...5...6...7...8...9...10	Bounce #8 added RGB(642, 72, 25)
0...1...2...3...4...5...6...7...8...9...10	Bounce #9 added RGB(279, 26, 9)
0...1...2...3...4...5...6...7...8...9...10	Bounce #10 added RGB(122, 9, 3)
0...1...2...3...4...5...6...7...8...9...10	Bounce #11 added RGB(54, 3, 1)
0...1...2...3...4...5...6...7...8...9...10	Bounce #12 added RGB(24, 1, 0)
0...1...2...3...4...5...6...7...8...9...10	Bounce #13 added RGB(11, 0, 0)
0...1...2...3...4...5...6...7...8...9...10	Bounce #14 added RGB(5, 0, 0)
0...1...2...3...4...5...6...7...8...9...10	Bounce #15 added RGB(2, 0, 0)
0...1...2...3...4...5...6...7...8...9...10	Bounce #16 added RGB(1, 0, 0)
Build Patch/Sample Hash Table(s).....Done<0.0307 sec>
0...1...2...3...4...5...6...7...8...9...10FinalLightFace Done
129 of 129 (100% of) surface lights went in leaf ambient cubes.
0...1...2...3...4...5...6...7...8...9...10Writing leaf ambient...done
Computing static prop lighting : 00...1...2...3...4...5...6...7...8...9...10
Ready to Finish

Object names       Objects/Maxobjs  Memory / Maxmem  Fullness 
------------       ---------------  ---------------  -------- 
models                  81/1024         3888/49152    ( 7.9%) 
brushes                749/8192         8988/98304    ( 9.1%) 
brushsides            6837/65536       54696/524288   (10.4%) 
planes                6694/65536      133880/1310720  (10.2%) 
vertexes              4971/65536       59652/786432   ( 7.6%) 
nodes                 1170/65536       37440/2097152  ( 1.8%) 
texinfos               845/12288       60840/884736   ( 6.9%) 
texdata                 93/2048         2976/65536    ( 4.5%) 
dispinfos                7/0            1232/0        ( 0.0%) 
disp_verts             231/0            4620/0        ( 0.0%) 
disp_tris              320/0             640/0        ( 0.0%) 
disp_lmsamples       27056/0           27056/0        ( 0.0%) 
faces                 3240/65536      181440/3670016  ( 4.9%) 
hdr faces                0/65536           0/3670016  ( 0.0%) 
origfaces             2348/65536      131488/3670016  ( 3.6%) 
leaves                1252/65536       40064/2097152  ( 1.9%) 
leaffaces             3989/65536        7978/131072   ( 6.1%) 
leafbrushes           1417/65536        2834/131072   ( 2.2%) 
areas                    3/256            24/2048     ( 1.2%) 
surfedges            23640/512000      94560/2048000  ( 4.6%) 
edges                13671/256000      54684/1024000  ( 5.3%) 
LDR worldlights        235/8192        20680/720896   ( 2.9%) 
HDR worldlights          0/8192            0/720896   ( 0.0%) 
leafwaterdata            1/32768          12/393216   ( 0.0%) 
waterstrips            216/32768        2160/327680   ( 0.7%) 
waterverts               0/65536           0/786432   ( 0.0%) 
waterindices          3732/65536        7464/131072   ( 5.7%) 
cubemapsamples          19/1024          304/16384    ( 1.9%) 
overlays                21/512          7392/180224   ( 4.1%) 
LDR lightdata         [variable]     3550672/0        ( 0.0%) 
HDR lightdata         [variable]           0/0        ( 0.0%) 
visdata               [variable]       21957/16777216 ( 0.1%) 
entdata               [variable]       60071/393216   (15.3%) 
LDR ambient table     1252/65536        5008/262144   ( 1.9%) 
HDR ambient table     1252/65536        5008/262144   ( 1.9%) 
LDR leaf ambient      6426/65536      179928/1835008  ( 9.8%) 
HDR leaf ambient      1252/65536       35056/1835008  ( 1.9%) 
occluders                0/0               0/0        ( 0.0%) 
occluder polygons        0/0               0/0        ( 0.0%) 
occluder vert ind        0/0               0/0        ( 0.0%) 
detail props          [variable]           1/12       ( 8.3%) 
static props          [variable]           1/14354    ( 0.0%) 
pakfile               [variable]      829844/0        ( 0.0%) 
physics               [variable]      282249/4194304  ( 6.7%) 
physics terrain       [variable]        1199/1048576  ( 0.1%) 

Level flags = 1

Total triangle count: 7917
Writing d:\maps\td_rats_a1.bsp
3 minutes, 33 seconds elapsed



[Reading texlights from 'lights.rad']
[34 texlights parsed from 'lights.rad']

Loading d:\maps\td_rats_a1.bsp
3240 faces
1271576 square feet [183106960.00 square inches]
7 Displacements
20951 Square Feet [3017034.25 Square Inches]
3240 patches before subdivision
50576 patches after subdivision
light has _fifty_percent_distance of 300.000000 but _zero_percent_distance of 100.000000
light has _fifty_percent_distance of 200.000000 but _zero_percent_distance of 100.000000
light has _fifty_percent_distance of 200.000000 but _zero_percent_distance of 100.000000
light has _fifty_percent_distance of 200.000000 but _zero_percent_distance of 100.000000
light has _fifty_percent_distance of 320.000000 but _zero_percent_distance of 150.000000
light has _fifty_percent_distance of 320.000000 but _zero_percent_distance of 150.000000
light has _fifty_percent_distance of 300.000000 but _zero_percent_distance of 100.000000
light has _fifty_percent_distance of 320.000000 but _zero_percent_distance of 150.000000
light has _fifty_percent_distance of 320.000000 but _zero_percent_distance of 150.000000
light has _fifty_percent_distance of 100.000000 but _zero_percent_distance of 55.000000
light has _fifty_percent_distance of 100.000000 but _zero_percent_distance of 55.000000
light has _fifty_percent_distance of 100.000000 but _zero_percent_distance of 55.000000
light has _fifty_percent_distance of 100.000000 but _zero_percent_distance of 55.000000
light has _fifty_percent_distance of 100.000000 but _zero_percent_distance of 55.000000
light has _fifty_percent_distance of 100.000000 but _zero_percent_distance of 55.000000
light has _fifty_percent_distance of 100.000000 but _zero_percent_distance of 55.000000
light has _fifty_percent_distance of 320.000000 but _zero_percent_distance of 25.000000
235 direct lights
0...1...2...3...4...5...6...7...8...9...100...1...2...3...4...5...6...7...8...9...10transfers 8366495, max 1049
transfer lists:  63.8 megs
0...1...2...3...4...5...6...7...8...9...10	Bounce #1 added RGB(378714, 234016, 117665)
0...1...2...3...4...5...6...7...8...9...10	Bounce #2 added RGB(134780, 64878, 28944)
0...1...2...3...4...5...6...7...8...9...10	Bounce #3 added RGB(49236, 18014, 8062)
0...1...2...3...4...5...6...7...8...9...10	Bounce #4 added RGB(20311, 5763, 2406)
0...1...2...3...4...5...6...7...8...9...10	Bounce #5 added RGB(8391, 1857, 743)
0...1...2...3...4...5...6...7...8...9...10	Bounce #6 added RGB(3566, 623, 235)
0...1...2...3...4...5...6...7...8...9...10	Bounce #7 added RGB(1522, 212, 76)
0...1...2...3...4...5...6...7...8...9...10	Bounce #8 added RGB(658, 74, 25)
0...1...2...3...4...5...6...7...8...9...10	Bounce #9 added RGB(286, 26, 9)
0...1...2...3...4...5...6...7...8...9...10	Bounce #10 added RGB(125, 9, 3)
0...1...2...3...4...5...6...7...8...9...10	Bounce #11 added RGB(55, 3, 1)
0...1...2...3...4...5...6...7...8...9...10	Bounce #12 added RGB(24, 1, 0)
0...1...2...3...4...5...6...7...8...9...10	Bounce #13 added RGB(11, 0, 0)
0...1...2...3...4...5...6...7...8...9...10	Bounce #14 added RGB(5, 0, 0)
0...1...2...3...4...5...6...7...8...9...10	Bounce #15 added RGB(2, 0, 0)
0...1...2...3...4...5...6...7...8...9...10	Bounce #16 added RGB(1, 0, 0)
Build Patch/Sample Hash Table(s).....Done<0.0309 sec>
0...1...2...3...4...5...6...7...8...9...10FinalLightFace Done
129 of 129 (100% of) surface lights went in leaf ambient cubes.
0...1...2...3...4...5...6...7...8...9...10Writing leaf ambient...done
Computing static prop lighting : 00...1...2...3...4...5...6...7...8...9...10
Ready to Finish

Object names       Objects/Maxobjs  Memory / Maxmem  Fullness 
------------       ---------------  ---------------  -------- 
models                  81/1024         3888/49152    ( 7.9%) 
brushes                749/8192         8988/98304    ( 9.1%) 
brushsides            6837/65536       54696/524288   (10.4%) 
planes                6694/65536      133880/1310720  (10.2%) 
vertexes              4971/65536       59652/786432   ( 7.6%) 
nodes                 1170/65536       37440/2097152  ( 1.8%) 
texinfos               845/12288       60840/884736   ( 6.9%) 
texdata                 93/2048         2976/65536    ( 4.5%) 
dispinfos                7/0            1232/0        ( 0.0%) 
disp_verts             231/0            4620/0        ( 0.0%) 
disp_tris              320/0             640/0        ( 0.0%) 
disp_lmsamples       27056/0           27056/0        ( 0.0%) 
faces                 3240/65536      181440/3670016  ( 4.9%) 
hdr faces             3240/65536      181440/3670016  ( 4.9%) 
origfaces             2348/65536      131488/3670016  ( 3.6%) 
leaves                1252/65536       40064/2097152  ( 1.9%) 
leaffaces             3989/65536        7978/131072   ( 6.1%) 
leafbrushes           1417/65536        2834/131072   ( 2.2%) 
areas                    3/256            24/2048     ( 1.2%) 
surfedges            23640/512000      94560/2048000  ( 4.6%) 
edges                13671/256000      54684/1024000  ( 5.3%) 
LDR worldlights        235/8192        20680/720896   ( 2.9%) 
HDR worldlights        235/8192        20680/720896   ( 2.9%) 
leafwaterdata            1/32768          12/393216   ( 0.0%) 
waterstrips            216/32768        2160/327680   ( 0.7%) 
waterverts               0/65536           0/786432   ( 0.0%) 
waterindices          3732/65536        7464/131072   ( 5.7%) 
cubemapsamples          19/1024          304/16384    ( 1.9%) 
overlays                21/512          7392/180224   ( 4.1%) 
LDR lightdata         [variable]     3550672/0        ( 0.0%) 
HDR lightdata         [variable]     3550672/0        ( 0.0%) 
visdata               [variable]       21957/16777216 ( 0.1%) 
entdata               [variable]       60071/393216   (15.3%) 
LDR ambient table     1252/65536        5008/262144   ( 1.9%) 
HDR ambient table     1252/65536        5008/262144   ( 1.9%) 
LDR leaf ambient      6426/65536      179928/1835008  ( 9.8%) 
HDR leaf ambient      6394/65536      179032/1835008  ( 9.8%) 
occluders                0/0               0/0        ( 0.0%) 
occluder polygons        0/0               0/0        ( 0.0%) 
occluder vert ind        0/0               0/0        ( 0.0%) 
detail props          [variable]           1/12       ( 8.3%) 
static props          [variable]           1/14354    ( 0.0%) 
pakfile               [variable]     1644120/0        ( 0.0%) 
physics               [variable]      282249/4194304  ( 6.7%) 
physics terrain       [variable]        1199/1048576  ( 0.1%) 

Level flags = 3

Total triangle count: 7917
Writing d:\maps\td_rats_a1.bsp
3 minutes, 33 seconds elapsed



materialPath: F:\Steam\SteamApps\common\Team Fortress 2\tf\materials
Loading d:\maps\td_rats_a1.vmf
material "maritime/wood/door001" not found.
Material not found!: MARITIME/WOOD/DOOR001
ConVarRef mat_reduceparticles doesn't point to an existing ConVar
Error! Variable "$ssbump" is multiply defined in material "pascal/rats/behang"!
Error! Variable "$ssbump" is multiply defined in material "pascal/rats/wood2"!
Error! Variable "$ssbump" is multiply defined in material "pascal/rats/wood1"!
Error! Variable "$ssbump" is multiply defined in material "pascal/rats/wood plank"!
Error! Variable "$ssbump" is multiply defined in material "pascal/rats/wood tile"!
Error! Variable "$ssbump" is multiply defined in material "pascal/rats/verst"!
Error! Variable "$ssbump" is multiply defined in material "pascal/rats/spieker"!
Error! Variable "$ssbump" is multiply defined in material "pascal/rats/toet"!
Patching WVT material: maps/td_rats_a1/egypt/sand_grass_blend_01_wvt_patch
Patching WVT material: maps/td_rats_a1/dev/dev_blendmeasure_wvt_patch
Patching WVT material: maps/td_rats_a1/nature/blendconcretetograss001_wvt_patch
fixing up env_cubemap materials on brush sides...
0...1...2...3...4...5...6...7...8...9...100...1...2...3...4...5...6...7...8...9...10Processing areas...done (0)
Building Faces...done (0)
Chop Details...done (0)
Find Visible Detail Sides...
Merged 166 detail faces...done (0)
Merging details...done (0)
FixTjuncs...
PruneNodes...
WriteBSP...
NODRAW on terrain surface!
NODRAW on terrain surface!
done (0)
writing d:\maps\td_rats_a1.prt...Building visibility clusters...
done (0)
*** Error: Skybox vtf files for skybox/sky_goldrush_01 weren't compiled with the same size texture and/or same flags!
Can't load skybox file skybox/sky_goldrush_01 to build the default cubemap!
*** Error: Skybox vtf files for skybox/sky_goldrush_01 weren't compiled with the same size texture and/or same flags!
Can't load skybox file skybox/sky_goldrush_01 to build the default cubemap!
Finding displacement neighbors...
Finding lightmap sample positions...
Displacement Alpha : 0...1...2...3...4...5...6...7...8...9...10
Building Physics collision data...
done (1) (287585 bytes)
Placing detail props : 0...1...2...3...4...5...6...7...8Material NATURE/BLENDCONCRETETOGRASS001 uses unknown detail object type tf_forest_grass!
Material NATURE/BLENDCONCRETETOGRASS001 uses unknown detail object type tf_forest_grass!
Material NATURE/BLENDCONCRETETOGRASS001 uses unknown detail object type tf_forest_grass!
Material NATURE/BLENDCONCRETETOGRASS001 uses unknown detail object type tf_forest_grass!
...9...10
Water found with no water_lod_control entity, creating a default one.
Compacting texture/material tables...
Reduced 1514 texinfos to 864
Reduced 142 texdatas to 112 (5280 bytes to 4031)
Writing d:\maps\td_rats_a1.bsp
10 seconds elapsed



2 threads
reading d:\maps\td_rats_a1.bsp
reading d:\maps\td_rats_a1.prt
 289 portalclusters
 828 numportals
0...1...2...3...4...5...6...7...8...9...100...1...2...3...4...5...6...7...8...9...10Optimized: 87 visible clusters (0.21%)
Total clusters visible: 42044
Average clusters visible: 145
Building PAS...
Average clusters audible: 273
visdatasize:21966  compressed from 23120
writing d:\maps\td_rats_a1.bsp
3 seconds elapsed



[Reading texlights from 'lights.rad']
[34 texlights parsed from 'lights.rad']

Loading d:\maps\td_rats_a1.bsp
3258 faces
1271576 square feet [183106960.00 square inches]
7 Displacements
20951 Square Feet [3017034.25 Square Inches]
3258 patches before subdivision
51184 patches after subdivision
light has _fifty_percent_distance of 300.000000 but _zero_percent_distance of 100.000000
light has _fifty_percent_distance of 200.000000 but _zero_percent_distance of 100.000000
light has _fifty_percent_distance of 200.000000 but _zero_percent_distance of 100.000000
light has _fifty_percent_distance of 200.000000 but _zero_percent_distance of 100.000000
light has _fifty_percent_distance of 320.000000 but _zero_percent_distance of 150.000000
light has _fifty_percent_distance of 320.000000 but _zero_percent_distance of 150.000000
light has _fifty_percent_distance of 300.000000 but _zero_percent_distance of 100.000000
light has _fifty_percent_distance of 320.000000 but _zero_percent_distance of 150.000000
light has _fifty_percent_distance of 320.000000 but _zero_percent_distance of 150.000000
light has _fifty_percent_distance of 100.000000 but _zero_percent_distance of 55.000000
light has _fifty_percent_distance of 100.000000 but _zero_percent_distance of 55.000000
light has _fifty_percent_distance of 100.000000 but _zero_percent_distance of 55.000000
light has _fifty_percent_distance of 100.000000 but _zero_percent_distance of 55.000000
light has _fifty_percent_distance of 100.000000 but _zero_percent_distance of 55.000000
light has _fifty_percent_distance of 100.000000 but _zero_percent_distance of 55.000000
light has _fifty_percent_distance of 100.000000 but _zero_percent_distance of 55.000000
light has _fifty_percent_distance of 320.000000 but _zero_percent_distance of 25.000000
235 direct lights
0...1...2...3...4...5...6...7...8...9...100...1...2...3...4...5...6...7...8...9...10transfers 8451388, max 1040
transfer lists:  64.5 megs
0...1...2...3...4...5...6...7...8...9...10	Bounce #1 added RGB(373326, 231008, 116470)
0...1...2...3...4...5...6...7...8...9...10	Bounce #2 added RGB(131957, 63662, 28586)
0...1...2...3...4...5...6...7...8...9...10	Bounce #3 added RGB(48028, 17622, 7971)
0...1...2...3...4...5...6...7...8...9...10	Bounce #4 added RGB(19769, 5632, 2381)
0...1...2...3...4...5...6...7...8...9...10	Bounce #5 added RGB(8153, 1812, 735)
0...1...2...3...4...5...6...7...8...9...10	Bounce #6 added RGB(3461, 608, 233)
0...1...2...3...4...5...6...7...8...9...10	Bounce #7 added RGB(1475, 207, 76)
0...1...2...3...4...5...6...7...8...9...10	Bounce #8 added RGB(638, 72, 25)
0...1...2...3...4...5...6...7...8...9...10	Bounce #9 added RGB(277, 26, 9)
0...1...2...3...4...5...6...7...8...9...10	Bounce #10 added RGB(121, 9, 3)
0...1...2...3...4...5...6...7...8...9...10	Bounce #11 added RGB(53, 3, 1)
0...1...2...3...4...5...6...7...8...9...10	Bounce #12 added RGB(24, 1, 0)
0...1...2...3...4...5...6...7...8...9...10	Bounce #13 added RGB(10, 0, 0)
0...1...2...3...4...5...6...7...8...9...10	Bounce #14 added RGB(5, 0, 0)
0...1...2...3...4...5...6...7...8...9...10	Bounce #15 added RGB(2, 0, 0)
0...1...2...3...4...5...6...7...8...9...10	Bounce #16 added RGB(1, 0, 0)
Build Patch/Sample Hash Table(s).....Done<0.0309 sec>
0...1...2...3...4...5...6...7...8...9...10FinalLightFace Done
129 of 129 (100% of) surface lights went in leaf ambient cubes.
0...1...2...3...4...5...6...7...8...9...10Writing leaf ambient...done
Computing static prop lighting : 00...1...2...3...4...5...6...7...8...9...10
Ready to Finish

Object names       Objects/Maxobjs  Memory / Maxmem  Fullness 
------------       ---------------  ---------------  -------- 
models                  81/1024         3888/49152    ( 7.9%) 
brushes                766/8192         9192/98304    ( 9.4%) 
brushsides            6939/65536       55512/524288   (10.6%) 
planes                6696/65536      133920/1310720  (10.2%) 
vertexes              4995/65536       59940/786432   ( 7.6%) 
nodes                 1166/65536       37312/2097152  ( 1.8%) 
texinfos               864/12288       62208/884736   ( 7.0%) 
texdata                112/2048         3584/65536    ( 5.5%) 
dispinfos                7/0            1232/0        ( 0.0%) 
disp_verts             231/0            4620/0        ( 0.0%) 
disp_tris              320/0             640/0        ( 0.0%) 
disp_lmsamples       27056/0           27056/0        ( 0.0%) 
faces                 3258/65536      182448/3670016  ( 5.0%) 
hdr faces                0/65536           0/3670016  ( 0.0%) 
origfaces             2359/65536      132104/3670016  ( 3.6%) 
leaves                1248/65536       39936/2097152  ( 1.9%) 
leaffaces             4033/65536        8066/131072   ( 6.2%) 
leafbrushes           1443/65536        2886/131072   ( 2.2%) 
areas                    3/256            24/2048     ( 1.2%) 
surfedges            23764/512000      95056/2048000  ( 4.6%) 
edges                13744/256000      54976/1024000  ( 5.4%) 
LDR worldlights        235/8192        20680/720896   ( 2.9%) 
HDR worldlights          0/8192            0/720896   ( 0.0%) 
leafwaterdata            1/32768          12/393216   ( 0.0%) 
waterstrips            219/32768        2190/327680   ( 0.7%) 
waterverts               0/65536           0/786432   ( 0.0%) 
waterindices          3774/65536        7548/131072   ( 5.8%) 
cubemapsamples          38/1024          608/16384    ( 3.7%) 
overlays                21/512          7392/180224   ( 4.1%) 
LDR lightdata         [variable]     3559512/0        ( 0.0%) 
HDR lightdata         [variable]           0/0        ( 0.0%) 
visdata               [variable]       21966/16777216 ( 0.1%) 
entdata               [variable]       60071/393216   (15.3%) 
LDR ambient table     1248/65536        4992/262144   ( 1.9%) 
HDR ambient table     1248/65536        4992/262144   ( 1.9%) 
LDR leaf ambient      6380/65536      178640/1835008  ( 9.7%) 
HDR leaf ambient      1248/65536       34944/1835008  ( 1.9%) 
occluders                0/0               0/0        ( 0.0%) 
occluder polygons        0/0               0/0        ( 0.0%) 
occluder vert ind        0/0               0/0        ( 0.0%) 
detail props          [variable]           1/12       ( 8.3%) 
static props          [variable]           1/14360    ( 0.0%) 
pakfile               [variable]      839231/0        ( 0.0%) 
physics               [variable]      287585/4194304  ( 6.9%) 
physics terrain       [variable]        1199/1048576  ( 0.1%) 

Level flags = 1

Total triangle count: 7961
Writing d:\maps\td_rats_a1.bsp
3 minutes, 36 seconds elapsed



[Reading texlights from 'lights.rad']
[34 texlights parsed from 'lights.rad']

Loading d:\maps\td_rats_a1.bsp
3258 faces
1271576 square feet [183106960.00 square inches]
7 Displacements
20951 Square Feet [3017034.25 Square Inches]
3258 patches before subdivision
51184 patches after subdivision
light has _fifty_percent_distance of 300.000000 but _zero_percent_distance of 100.000000
light has _fifty_percent_distance of 200.000000 but _zero_percent_distance of 100.000000
light has _fifty_percent_distance of 200.000000 but _zero_percent_distance of 100.000000
light has _fifty_percent_distance of 200.000000 but _zero_percent_distance of 100.000000
light has _fifty_percent_distance of 320.000000 but _zero_percent_distance of 150.000000
light has _fifty_percent_distance of 320.000000 but _zero_percent_distance of 150.000000
light has _fifty_percent_distance of 300.000000 but _zero_percent_distance of 100.000000
light has _fifty_percent_distance of 320.000000 but _zero_percent_distance of 150.000000
light has _fifty_percent_distance of 320.000000 but _zero_percent_distance of 150.000000
light has _fifty_percent_distance of 100.000000 but _zero_percent_distance of 55.000000
light has _fifty_percent_distance of 100.000000 but _zero_percent_distance of 55.000000
light has _fifty_percent_distance of 100.000000 but _zero_percent_distance of 55.000000
light has _fifty_percent_distance of 100.000000 but _zero_percent_distance of 55.000000
light has _fifty_percent_distance of 100.000000 but _zero_percent_distance of 55.000000
light has _fifty_percent_distance of 100.000000 but _zero_percent_distance of 55.000000
light has _fifty_percent_distance of 100.000000 but _zero_percent_distance of 55.000000
light has _fifty_percent_distance of 320.000000 but _zero_percent_distance of 25.000000
235 direct lights
0...1...2...3...4...5...6...7...8...9...100...1...2...3...4...5...6...7...8...9...10transfers 8451388, max 1040
transfer lists:  64.5 megs
0...1...2...3...4...5...6...7...8...9...10	Bounce #1 added RGB(381852, 235725, 118236)
0...1...2...3...4...5...6...7...8...9...10	Bounce #2 added RGB(135474, 65167, 29018)
0...1...2...3...4...5...6...7...8...9...10	Bounce #3 added RGB(49321, 18056, 8076)
0...1...2...3...4...5...6...7...8...9...10	Bounce #4 added RGB(20306, 5774, 2410)
0...1...2...3...4...5...6...7...8...9...10	Bounce #5 added RGB(8370, 1859, 744)
0...1...2...3...4...5...6...7...8...9...10	Bounce #6 added RGB(3553, 624, 236)
0...1...2...3...4...5...6...7...8...9...10	Bounce #7 added RGB(1514, 212, 77)
0...1...2...3...4...5...6...7...8...9...10	Bounce #8 added RGB(654, 74, 25)
0...1...2...3...4...5...6...7...8...9...10	Bounce #9 added RGB(284, 26, 9)
0...1...2...3...4...5...6...7...8...9...10	Bounce #10 added RGB(124, 9, 3)
0...1...2...3...4...5...6...7...8...9...10	Bounce #11 added RGB(55, 3, 1)
0...1...2...3...4...5...6...7...8...9...10	Bounce #12 added RGB(24, 1, 0)
0...1...2...3...4...5...6...7...8...9...10	Bounce #13 added RGB(11, 0, 0)
0...1...2...3...4...5...6...7...8...9...10	Bounce #14 added RGB(5, 0, 0)
0...1...2...3...4...5...6...7...8...9...10	Bounce #15 added RGB(2, 0, 0)
0...1...2...3...4...5...6...7...8...9...10	Bounce #16 added RGB(1, 0, 0)
Build Patch/Sample Hash Table(s).....Done<0.0297 sec>
0...1...2...3...4...5...6...7...8...9...10FinalLightFace Done
129 of 129 (100% of) surface lights went in leaf ambient cubes.
0...1...2...3...4...5...6...7...8...9...10Writing leaf ambient...done
Computing static prop lighting : 00...1...2...3...4...5...6...7...8...9...10
Ready to Finish

Object names       Objects/Maxobjs  Memory / Maxmem  Fullness 
------------       ---------------  ---------------  -------- 
models                  81/1024         3888/49152    ( 7.9%) 
brushes                766/8192         9192/98304    ( 9.4%) 
brushsides            6939/65536       55512/524288   (10.6%) 
planes                6696/65536      133920/1310720  (10.2%) 
vertexes              4995/65536       59940/786432   ( 7.6%) 
nodes                 1166/65536       37312/2097152  ( 1.8%) 
texinfos               864/12288       62208/884736   ( 7.0%) 
texdata                112/2048         3584/65536    ( 5.5%) 
dispinfos                7/0            1232/0        ( 0.0%) 
disp_verts             231/0            4620/0        ( 0.0%) 
disp_tris              320/0             640/0        ( 0.0%) 
disp_lmsamples       27056/0           27056/0        ( 0.0%) 
faces                 3258/65536      182448/3670016  ( 5.0%) 
hdr faces             3258/65536      182448/3670016  ( 5.0%) 
origfaces             2359/65536      132104/3670016  ( 3.6%) 
leaves                1248/65536       39936/2097152  ( 1.9%) 
leaffaces             4033/65536        8066/131072   ( 6.2%) 
leafbrushes           1443/65536        2886/131072   ( 2.2%) 
areas                    3/256            24/2048     ( 1.2%) 
surfedges            23764/512000      95056/2048000  ( 4.6%) 
edges                13744/256000      54976/1024000  ( 5.4%) 
LDR worldlights        235/8192        20680/720896   ( 2.9%) 
HDR worldlights        235/8192        20680/720896   ( 2.9%) 
leafwaterdata            1/32768          12/393216   ( 0.0%) 
waterstrips            219/32768        2190/327680   ( 0.7%) 
waterverts               0/65536           0/786432   ( 0.0%) 
waterindices          3774/65536        7548/131072   ( 5.8%) 
cubemapsamples          38/1024          608/16384    ( 3.7%) 
overlays                21/512          7392/180224   ( 4.1%) 
LDR lightdata         [variable]     3559512/0        ( 0.0%) 
HDR lightdata         [variable]     3559512/0        ( 0.0%) 
visdata               [variable]       21966/16777216 ( 0.1%) 
entdata               [variable]       60071/393216   (15.3%) 
LDR ambient table     1248/65536        4992/262144   ( 1.9%) 
HDR ambient table     1248/65536        4992/262144   ( 1.9%) 
LDR leaf ambient      6380/65536      178640/1835008  ( 9.7%) 
HDR leaf ambient      6375/65536      178500/1835008  ( 9.7%) 
occluders                0/0               0/0        ( 0.0%) 
occluder polygons        0/0               0/0        ( 0.0%) 
occluder vert ind        0/0               0/0        ( 0.0%) 
detail props          [variable]           1/12       ( 8.3%) 
static props          [variable]           1/14360    ( 0.0%) 
pakfile               [variable]     1653507/0        ( 0.0%) 
physics               [variable]      287585/4194304  ( 6.9%) 
physics terrain       [variable]        1199/1048576  ( 0.1%) 

Level flags = 3

Total triangle count: 7961
Writing d:\maps\td_rats_a1.bsp
3 minutes, 47 seconds elapsed
