PRT1
942
3029
4 0 4 (4216 4096 696 ) (4096 4096 696 ) (4096 4096 -248 ) (4216 4096 -248 ) 
4 0 2 (4096 4096 -120 ) (4096 4096 696 ) (4096 4736 696 ) (4096 4736 -120 ) 
4 0 3 (4096 4096 -248 ) (4096 4096 -166 ) (4096 4736 -166 ) (4096 4736 -248 ) 
4 0 1 (4096 4736 696 ) (4096 4856 696 ) (4096 4856 -248 ) (4096 4736 -248 ) 
4 1 13 (3072 4736 696 ) (3072 4856 696 ) (3072 4856 -248 ) (3072 4736 -248 ) 
4 1 2 (4096 4736 -120 ) (4096 4736 696 ) (3072 4736 696 ) (3072 4736 -120 ) 
4 1 3 (3072 4736 -248 ) (4096 4736 -248 ) (4096 4736 -166 ) (3072 4736 -166 ) 
4 2 14 (3072 4096 -120 ) (3072 4096 696 ) (3072 4736 696 ) (3072 4736 -120 ) 
4 2 5 (4096 4096 -120 ) (4096 4096 696 ) (3072 4096 696 ) (3072 4096 -120 ) 
4 3 15 (3072 4096 -248 ) (3072 4096 -166 ) (3072 4736 -166 ) (3072 4736 -248 ) 
4 3 6 (4096 4096 -248 ) (4096 4096 -166 ) (3072 4096 -166 ) (3072 4096 -248 ) 
4 4 7 (4216 3072 696 ) (4096 3072 696 ) (4096 3072 -248 ) (4216 3072 -248 ) 
4 4 6 (4096 4096 -166 ) (4096 4096 -248 ) (4096 3072 -248 ) (4096 3072 -166 ) 
4 4 5 (4096 4096 696 ) (4096 4096 -120 ) (4096 3072 -120 ) (4096 3072 696 ) 
4 5 22 (3072 3072 -120 ) (3072 3072 696 ) (3072 4096 696 ) (3072 4096 -120 ) 
4 5 8 (3072 3072 696 ) (3072 3072 -120 ) (4096 3072 -120 ) (4096 3072 696 ) 
4 6 23 (3072 3072 -248 ) (3072 3072 -166 ) (3072 4096 -166 ) (3072 4096 -248 ) 
4 6 9 (3072 3072 -166 ) (3072 3072 -248 ) (4096 3072 -248 ) (4096 3072 -166 ) 
4 7 10 (4216 2048 696 ) (4096 2048 696 ) (4096 2048 -248 ) (4216 2048 -248 ) 
4 7 9 (4096 3072 -166 ) (4096 3072 -248 ) (4096 2048 -248 ) (4096 2048 -166 ) 
4 7 8 (4096 3072 696 ) (4096 3072 -120 ) (4096 2048 -120 ) (4096 2048 696 ) 
4 8 28 (3072 2048 -120 ) (3072 2048 696 ) (3072 3072 696 ) (3072 3072 -120 ) 
4 8 11 (3072 2048 696 ) (3072 2048 -120 ) (4096 2048 -120 ) (4096 2048 696 ) 
4 9 29 (3072 2048 -248 ) (3072 2048 -166 ) (3072 3072 -166 ) (3072 3072 -248 ) 
4 9 12 (3072 2048 -166 ) (3072 2048 -248 ) (4096 2048 -248 ) (4096 2048 -166 ) 
4 10 89 (4216 1024 696 ) (4096 1024 696 ) (4096 1024 -248 ) (4216 1024 -248 ) 
4 10 12 (4096 2048 -166 ) (4096 2048 -248 ) (4096 1024 -248 ) (4096 1024 -166 ) 
4 10 11 (4096 2048 696 ) (4096 2048 -120 ) (4096 1024 -120 ) (4096 1024 696 ) 
4 11 90 (4096 1024 -120 ) (4096 1024 696 ) (3072 1024 696 ) (3072 1024 -120 ) 
4 11 30 (3072 1024 -120 ) (3072 1024 696 ) (3072 2048 696 ) (3072 2048 -120 ) 
4 12 91 (4096 1024 -248 ) (4096 1024 -166 ) (3072 1024 -166 ) (3072 1024 -248 ) 
4 12 31 (3072 1024 -248 ) (3072 1024 -166 ) (3072 2048 -166 ) (3072 2048 -248 ) 
4 13 16 (2048 4736 696 ) (2048 4856 696 ) (2048 4856 -248 ) (2048 4736 -248 ) 
4 13 14 (3072 4736 -120 ) (3072 4736 696 ) (2048 4736 696 ) (2048 4736 -120 ) 
4 13 15 (2048 4736 -248 ) (3072 4736 -248 ) (3072 4736 -166 ) (2048 4736 -166 ) 
4 14 22 (3072 4096 -120 ) (3072 4096 696 ) (2048 4096 696 ) (2048 4096 -120 ) 
4 14 17 (2048 4096 -120 ) (2048 4096 696 ) (2048 4736 696 ) (2048 4736 -120 ) 
4 15 23 (3072 4096 -248 ) (3072 4096 -166 ) (2048 4096 -166 ) (2048 4096 -248 ) 
4 15 18 (2048 4096 -248 ) (2048 4096 -166 ) (2048 4736 -166 ) (2048 4736 -248 ) 
4 16 19 (1024 4736 696 ) (1024 4856 696 ) (1024 4856 -248 ) (1024 4736 -248 ) 
4 16 17 (2048 4736 -120 ) (2048 4736 696 ) (1024 4736 696 ) (1024 4736 -120 ) 
4 16 18 (1024 4736 -248 ) (2048 4736 -248 ) (2048 4736 -166 ) (1024 4736 -166 ) 
4 17 24 (2048 4096 -120 ) (2048 4096 696 ) (1024 4096 696 ) (1024 4096 -120 ) 
4 17 20 (1024 4096 -120 ) (1024 4096 696 ) (1024 4736 696 ) (1024 4736 -120 ) 
4 18 25 (2048 4096 -248 ) (2048 4096 -166 ) (1024 4096 -166 ) (1024 4096 -248 ) 
4 18 21 (1024 4096 -248 ) (1024 4096 -166 ) (1024 4736 -166 ) (1024 4736 -248 ) 
4 19 678 (0 4736 696 ) (0 4856 696 ) (0 4856 -248 ) (0 4736 -248 ) 
4 19 20 (1024 4736 -120 ) (1024 4736 696 ) (0 4736 696 ) (0 4736 -120 ) 
4 19 21 (0 4736 -248 ) (1024 4736 -248 ) (1024 4736 -166 ) (0 4736 -166 ) 
4 20 679 (0 4096 -120 ) (0 4096 696 ) (0 4736 696 ) (0 4736 -120 ) 
4 20 26 (1024 4096 -120 ) (1024 4096 696 ) (0 4096 696 ) (0 4096 -120 ) 
4 21 680 (0 4096 -248 ) (0 4096 -166 ) (0 4736 -166 ) (0 4736 -248 ) 
4 21 27 (1024 4096 -248 ) (1024 4096 -166 ) (0 4096 -166 ) (0 4096 -248 ) 
4 22 28 (3072 3072 -120 ) (3072 3072 696 ) (2048 3072 696 ) (2048 3072 -120 ) 
4 22 24 (2048 3072 -120 ) (2048 3072 696 ) (2048 4096 696 ) (2048 4096 -120 ) 
4 23 29 (3072 3072 -248 ) (3072 3072 -166 ) (2048 3072 -166 ) (2048 3072 -248 ) 
4 23 25 (2048 3072 -248 ) (2048 3072 -166 ) (2048 4096 -166 ) (2048 4096 -248 ) 
4 24 32 (2048 3072 -120 ) (2048 3072 696 ) (1024 3072 696 ) (1024 3072 -120 ) 
4 24 26 (1024 4096 696 ) (1024 4096 -120 ) (1024 3072 -120 ) (1024 3072 696 ) 
4 25 33 (2048 3072 -248 ) (2048 3072 -166 ) (1024 3072 -166 ) (1024 3072 -248 ) 
4 25 27 (1024 4096 -166 ) (1024 4096 -248 ) (1024 3072 -248 ) (1024 3072 -166 ) 
4 26 687 (0 3072 -120 ) (0 3072 696 ) (0 4096 696 ) (0 4096 -120 ) 
4 26 51 (0 3072 48 ) (0 3072 -120 ) (1024 3072 -120 ) (1024 3072 48 ) 
4 26 46 (0 3072 88 ) (0 3072 48 ) (1024 3072 48 ) (1024 3072 88 ) 
4 26 36 (268 3072 88 ) (873 3072 88 ) (873 3072 264 ) (268 3072 264 ) 
4 26 35 (873 3072 88 ) (1024 3072 88 ) (1024 3072 264 ) (873 3072 264 ) 
4 26 37 (0 3072 264 ) (0 3072 88 ) (268 3072 88 ) (268 3072 264 ) 
4 26 34 (0 3072 696 ) (0 3072 264 ) (1024 3072 264 ) (1024 3072 696 ) 
4 27 688 (0 3072 -248 ) (0 3072 -166 ) (0 4096 -166 ) (0 4096 -248 ) 
4 27 52 (0 3072 -166 ) (0 3072 -248 ) (1024 3072 -248 ) (1024 3072 -166 ) 
4 28 32 (2048 3072 696 ) (2048 3072 -120 ) (2048 2048 -120 ) (2048 2048 696 ) 
4 28 30 (3072 2048 -120 ) (3072 2048 696 ) (2048 2048 696 ) (2048 2048 -120 ) 
4 29 33 (2048 3072 -166 ) (2048 3072 -248 ) (2048 2048 -248 ) (2048 2048 -166 ) 
4 29 31 (3072 2048 -248 ) (3072 2048 -166 ) (2048 2048 -166 ) (2048 2048 -248 ) 
4 30 102 (3072 1024 -120 ) (3072 1024 696 ) (2048 1024 696 ) (2048 1024 -120 ) 
4 30 58 (2048 1024 -120 ) (2048 1024 64 ) (2048 2048 64 ) (2048 2048 -120 ) 
4 30 54 (2048 1024 64 ) (2048 1024 80 ) (2048 2048 80 ) (2048 2048 64 ) 
4 30 53 (2048 1024 80 ) (2048 1024 696 ) (2048 2048 696 ) (2048 2048 80 ) 
4 31 103 (3072 1024 -248 ) (3072 1024 -166 ) (2048 1024 -166 ) (2048 1024 -248 ) 
4 31 59 (2048 1024 -248 ) (2048 1024 -166 ) (2048 2048 -166 ) (2048 2048 -248 ) 
4 32 58 (2048 2048 -120 ) (2048 2048 64 ) (1024 2048 64 ) (1024 2048 -120 ) 
4 32 56 (1056 2048 80 ) (1024 2048 80 ) (1024 2048 64 ) (1056 2048 64 ) 
4 32 55 (1152 2048 80 ) (1056 2048 80 ) (1056 2048 64 ) (1152 2048 64 ) 
4 32 54 (2048 2048 64 ) (2048 2048 80 ) (1152 2048 80 ) (1152 2048 64 ) 
4 32 53 (2048 2048 80 ) (2048 2048 696 ) (1024 2048 696 ) (1024 2048 80 ) 
4 32 51 (1024 3072 48 ) (1024 3072 -120 ) (1024 2048 -120 ) (1024 2048 48 ) 
4 32 47 (1024 2080.010254 48 ) (1024 2072.010254 48 ) (1024 2072.010254 88 ) (1024 2080.010254 88 ) 
4 32 46 (1024 3072 88 ) (1024 3072 48 ) (1024 2080.010254 48 ) (1024 2080.010254 88 ) 
4 32 50 (1024 2072.010254 48 ) (1024 2048 48 ) (1024 2048 88 ) (1024 2072.010254 88 ) 
4 32 43 (1024 2072.010254 88 ) (1024 2048 88 ) (1024 2048 107 ) (1024 2072.010254 107 ) 
4 32 41 (1024 2048 107 ) (1024 2048 256 ) (1024 2072.010254 256 ) (1024 2072.010254 107 ) 
4 32 38 (1024 2048 256 ) (1024 2048 696 ) (1024 2072.010254 696 ) (1024 2072.010254 256 ) 
4 32 35 (1024 3072 264 ) (1024 3072 88 ) (1024 2072.010254 88 ) (1024 2072.010254 264 ) 
4 32 34 (1024 3072 696 ) (1024 3072 264 ) (1024 2072.010254 264 ) (1024 2072.010254 696 ) 
4 33 59 (2048 2048 -248 ) (2048 2048 -166 ) (1024 2048 -166 ) (1024 2048 -248 ) 
4 33 52 (1024 3072 -166 ) (1024 3072 -248 ) (1024 2048 -248 ) (1024 2048 -166 ) 
4 34 693 (0 3072 696 ) (0 3072 264 ) (0 2072.010254 264 ) (0 2072.010254 696 ) 
4 34 39 (873 2072.010254 696 ) (268 2072.010254 696 ) (268 2072.010254 264 ) (873 2072.010254 264 ) 
4 34 38 (1024 2072.010254 264 ) (1024 2072.010254 696 ) (873 2072.010254 696 ) (873 2072.010254 264 ) 
4 34 40 (268 2072.010254 696 ) (0 2072.010254 696 ) (0 2072.010254 264 ) (268 2072.010254 264 ) 
4 34 36 (268 2080.010254 264 ) (268 3072 264 ) (873 3072 264 ) (873 2080.010254 264 ) 
4 34 35 (1024 2072.010254 264 ) (873 2072.010254 264 ) (873 3072 264 ) (1024 3072 264 ) 
4 34 37 (268 2072.010254 264 ) (0 2072.010254 264 ) (0 3072 264 ) (268 3072 264 ) 
4 35 47 (1024 2080.010254 88 ) (1024 2072.010254 88 ) (873 2072.010254 88 ) (873 2080.010254 88 ) 
4 35 46 (1024 3072 88 ) (1024 2080.010254 88 ) (873 2080.010254 88 ) (873 3072 88 ) 
4 35 43 (873 2072.010254 88 ) (1024 2072.010254 88 ) (1024 2072.010254 107 ) (873 2072.010254 107 ) 
4 35 41 (1024 2072.010254 107 ) (1024 2072.010254 256 ) (873 2072.010254 256 ) (873 2072.010254 107 ) 
4 35 38 (1024 2072.010254 256 ) (1024 2072.010254 264 ) (873 2072.010254 264 ) (873 2072.010254 256 ) 
4 35 36 (873 3072 88 ) (873 2080.010254 88 ) (873 2080.010254 264 ) (873 3072 264 ) 
4 36 46 (268 2080.010254 88 ) (268 3072 88 ) (873 3072 88 ) (873 2080.010254 88 ) 
4 36 37 (268 3072 88 ) (268 2080.010254 88 ) (268 2080.010254 264 ) (268 3072 264 ) 
4 37 693 (0 3072 264 ) (0 3072 88 ) (0 2072.010254 88 ) (0 2072.010254 264 ) 
4 37 49 (268 2072.010254 88 ) (0 2072.010254 88 ) (0 2080.010254 88 ) (268 2080.010254 88 ) 
4 37 46 (0 2080.010254 88 ) (0 3072 88 ) (268 3072 88 ) (268 2080.010254 88 ) 
4 37 45 (0 2072.010254 88 ) (268 2072.010254 88 ) (268 2072.010254 107 ) (0 2072.010254 107 ) 
4 37 42 (268 2072.010254 107 ) (268 2072.010254 256 ) (0 2072.010254 256 ) (0 2072.010254 107 ) 
4 37 40 (268 2072.010254 256 ) (268 2072.010254 264 ) (0 2072.010254 264 ) (0 2072.010254 256 ) 
4 38 61 (873 2048 256 ) (1024 2048 256 ) (1024 2048 264 ) (873 2048 264 ) 
4 38 60 (1024 2048 264 ) (1024 2048 696 ) (873 2048 696 ) (873 2048 264 ) 
4 38 41 (873 2072.010254 256 ) (1024 2072.010254 256 ) (1024 2048 256 ) (873 2048 256 ) 
4 38 39 (873 2048 264 ) (873 2048 696 ) (873 2072.010254 696 ) (873 2072.010254 264 ) 
4 39 60 (873 2048 264 ) (873 2048 696 ) (268 2048 696 ) (268 2048 264 ) 
4 39 40 (268 2048 264 ) (268 2048 696 ) (268 2072.010254 696 ) (268 2072.010254 264 ) 
4 40 693 (0 2048 256 ) (0 2048 696 ) (0 2072.010254 696 ) (0 2072.010254 256 ) 
4 40 63 (0 2048 264 ) (0 2048 256 ) (268 2048 256 ) (268 2048 264 ) 
4 40 60 (0 2048 696 ) (0 2048 264 ) (268 2048 264 ) (268 2048 696 ) 
4 40 42 (0 2072.010254 256 ) (268 2072.010254 256 ) (268 2048 256 ) (0 2048 256 ) 
4 41 65 (284 2048 107 ) (873 2048 107 ) (873 2048 256 ) (284 2048 256 ) 
4 41 64 (873 2048 107 ) (1024 2048 107 ) (1024 2048 256 ) (873 2048 256 ) 
4 41 43 (1024 2048 107 ) (873 2048 107 ) (873 2072.010254 107 ) (1024 2072.010254 107 ) 
4 42 693 (0 2048 107 ) (0 2048 256 ) (0 2072.010254 256 ) (0 2072.010254 107 ) 
4 42 67 (0 2048 256 ) (0 2048 107 ) (268 2048 107 ) (268 2048 256 ) 
4 42 45 (268 2048 107 ) (0 2048 107 ) (0 2072.010254 107 ) (268 2072.010254 107 ) 
4 43 68 (873 2048 88 ) (1024 2048 88 ) (1024 2048 99 ) (873 2048 99 ) 
4 43 64 (1024 2048 99 ) (1024 2048 107 ) (873 2048 107 ) (873 2048 99 ) 
4 43 50 (1024 2072.010254 88 ) (1024 2048 88 ) (873 2048 88 ) (873 2072.010254 88 ) 
4 43 44 (873 2072.010254 99 ) (873 2072.010254 88 ) (873 2048 88 ) (873 2048 99 ) 
4 44 68 (268 2048 88 ) (873 2048 88 ) (873 2048 99 ) (268 2048 99 ) 
4 44 50 (873 2048 88 ) (268 2048 88 ) (268 2072.010254 88 ) (873 2072.010254 88 ) 
4 44 45 (268 2072.010254 99 ) (268 2072.010254 88 ) (268 2048 88 ) (268 2048 99 ) 
4 45 693 (0 2048 88 ) (0 2048 107 ) (0 2072.010254 107 ) (0 2072.010254 88 ) 
4 45 68 (0 2048 99 ) (0 2048 88 ) (268 2048 88 ) (268 2048 99 ) 
4 45 67 (0 2048 107 ) (0 2048 99 ) (268 2048 99 ) (268 2048 107 ) 
4 45 50 (268 2048 88 ) (0 2048 88 ) (0 2072.010254 88 ) (268 2072.010254 88 ) 
4 46 693 (0 2080.010254 88 ) (0 3072 88 ) (0 3072 48 ) (0 2080.010254 48 ) 
4 46 51 (0 2080.010254 48 ) (0 3072 48 ) (1024 3072 48 ) (1024 2080.010254 48 ) 
4 46 48 (304 2080.010254 48 ) (854 2080.010254 48 ) (854 2080.010254 88 ) (304 2080.010254 88 ) 
4 46 49 (0 2080.010254 48 ) (296 2080.010254 48 ) (296 2080.010254 88 ) (0 2080.010254 88 ) 
4 46 47 (862 2080.010254 48 ) (1024 2080.010254 48 ) (1024 2080.010254 88 ) (862 2080.010254 88 ) 
4 47 51 (862 2080.010254 48 ) (1024 2080.010254 48 ) (1024 2072.010254 48 ) (862 2072.010254 48 ) 
4 47 50 (862 2072.010254 48 ) (1024 2072.010254 48 ) (1024 2072.010254 88 ) (862 2072.010254 88 ) 
4 48 51 (304 2080.010254 48 ) (854 2080.010254 48 ) (854 2072.010254 48 ) (304 2072.010254 48 ) 
4 48 50 (304 2072.010254 48 ) (854 2072.010254 48 ) (854 2072.010254 88 ) (304 2072.010254 88 ) 
4 49 693 (0 2072.010254 88 ) (0 2080.010254 88 ) (0 2080.010254 48 ) (0 2072.010254 48 ) 
4 49 51 (0 2072.010254 48 ) (0 2080.010254 48 ) (296 2080.010254 48 ) (296 2072.010254 48 ) 
4 49 50 (0 2072.010254 48 ) (296 2072.010254 48 ) (296 2072.010254 88 ) (0 2072.010254 88 ) 
4 50 693 (0 2048 48 ) (0 2048 88 ) (0 2072.010254 88 ) (0 2072.010254 48 ) 
4 50 68 (0 2048 88 ) (0 2048 48 ) (1024 2048 48 ) (1024 2048 88 ) 
4 50 51 (1024 2048 48 ) (0 2048 48 ) (0 2072.010254 48 ) (1024 2072.010254 48 ) 
4 51 693 (0 2048 -120 ) (0 2048 48 ) (0 3072 48 ) (0 3072 -120 ) 
4 51 68 (0 2048 48 ) (0 2048 -120 ) (1024 2048 -120 ) (1024 2048 48 ) 
4 52 694 (0 2048 -248 ) (0 2048 -166 ) (0 3072 -166 ) (0 3072 -248 ) 
4 52 69 (0 2048 -166 ) (0 2048 -248 ) (1024 2048 -248 ) (1024 2048 -166 ) 
4 53 106 (2048 1024 80 ) (2048 1024 696 ) (1024 1024 696 ) (1024 1024 80 ) 
4 53 83 (1024 1200.010010 80 ) (1024 1024 80 ) (1024 1024 696 ) (1024 1200.010010 696 ) 
4 53 70 (1024 1776.010132 80 ) (1024 1200.010010 80 ) (1024 1200.010010 696 ) (1024 1776.010132 696 ) 
4 53 68 (1024 2048 99 ) (1024 2048 80 ) (1024 1776.010132 80 ) (1024 1776.010132 99 ) 
4 53 64 (1024 2048 256 ) (1024 2048 99 ) (1024 1776.010132 99 ) (1024 1776.010132 256 ) 
4 53 61 (1024 2048 264 ) (1024 2048 256 ) (1024 1776.010132 256 ) (1024 1776.010132 264 ) 
4 53 60 (1024 2048 696 ) (1024 2048 264 ) (1024 1776.010132 264 ) (1024 1776.010132 696 ) 
4 53 56 (1024 1544.010132 80 ) (1024 2048 80 ) (1056 2048 80 ) (1056 1544.010132 80 ) 
4 53 57 (1056 1024 80 ) (1024 1024 80 ) (1024 1448.010132 80 ) (1056 1448.010132 80 ) 
4 53 55 (1056 1544.010132 80 ) (1056 2048 80 ) (1152 2048 80 ) (1152 1544.010132 80 ) 
4 53 54 (2048 1024 80 ) (1152 1024 80 ) (1152 2048 80 ) (2048 2048 80 ) 
4 54 107 (2048 1024 64 ) (2048 1024 80 ) (1152 1024 80 ) (1152 1024 64 ) 
4 54 58 (1152 2048 64 ) (2048 2048 64 ) (2048 1024 64 ) (1152 1024 64 ) 
4 54 55 (1152 2048 64 ) (1152 1544.010132 64 ) (1152 1544.010132 80 ) (1152 2048 80 ) 
4 55 58 (1056 2048 64 ) (1152 2048 64 ) (1152 1544.010132 64 ) (1056 1544.010132 64 ) 
4 55 56 (1056 2048 64 ) (1056 1544.010132 64 ) (1056 1544.010132 80 ) (1056 2048 80 ) 
4 56 73 (1024 1776.010132 64 ) (1024 1544.010132 64 ) (1024 1544.010132 71 ) (1024 1776.010132 71 ) 
4 56 71 (1024 1544.010132 71 ) (1024 1544.010132 80 ) (1024 1776.010132 80 ) (1024 1776.010132 71 ) 
4 56 68 (1024 2048 80 ) (1024 2048 64 ) (1024 1776.010132 64 ) (1024 1776.010132 80 ) 
4 56 58 (1024 2048 64 ) (1056 2048 64 ) (1056 1544.010132 64 ) (1024 1544.010132 64 ) 
4 57 108 (1056 1024 80 ) (1024 1024 80 ) (1024 1024 64 ) (1056 1024 64 ) 
4 57 83 (1024 1200.010010 64 ) (1024 1024 64 ) (1024 1024 80 ) (1024 1200.010010 80 ) 
4 57 75 (1024 1448.010132 64 ) (1024 1200.010010 64 ) (1024 1200.010010 71 ) (1024 1448.010132 71 ) 
4 57 72 (1024 1200.010010 71 ) (1024 1200.010010 80 ) (1024 1448.010132 80 ) (1024 1448.010132 71 ) 
4 57 58 (1056 1448.010132 64 ) (1056 1024 64 ) (1024 1024 64 ) (1024 1448.010132 64 ) 
4 58 113 (2048 1024 -120 ) (2048 1024 64 ) (1024 1024 64 ) (1024 1024 -120 ) 
4 58 87 (1024 1776.010132 -120 ) (1024 1024 -120 ) (1024 1024 63 ) (1024 1776.010132 63 ) 
4 58 84 (1024 1024 63 ) (1024 1024 64 ) (1024 1776.010132 64 ) (1024 1776.010132 63 ) 
4 58 68 (1024 2048 64 ) (1024 2048 -120 ) (1024 1776.010132 -120 ) (1024 1776.010132 64 ) 
4 59 114 (2048 1024 -248 ) (2048 1024 -166 ) (1024 1024 -166 ) (1024 1024 -248 ) 
4 59 88 (1024 1776.010132 -248 ) (1024 1024 -248 ) (1024 1024 -166 ) (1024 1776.010132 -166 ) 
4 59 69 (1024 2048 -166 ) (1024 2048 -248 ) (1024 1776.010132 -248 ) (1024 1776.010132 -166 ) 
4 60 699 (0 1776.010132 264 ) (0 1776.010132 696 ) (0 2048 696 ) (0 2048 264 ) 
4 60 70 (0 1776.010132 696 ) (0 1776.010132 264 ) (1024 1776.010132 264 ) (1024 1776.010132 696 ) 
4 60 62 (873 1776.010132 264 ) (268 1776.010132 264 ) (268 2025.010132 264 ) (873 2025.010132 264 ) 
4 60 61 (1024 1776.010132 264 ) (873 1776.010132 264 ) (873 2048 264 ) (1024 2048 264 ) 
4 60 63 (268 1776.010132 264 ) (0 1776.010132 264 ) (0 2048 264 ) (268 2048 264 ) 
4 61 70 (873 1776.010132 256 ) (1024 1776.010132 256 ) (1024 1776.010132 264 ) (873 1776.010132 264 ) 
4 61 64 (1024 1776.010132 256 ) (873 1776.010132 256 ) (873 2048 256 ) (1024 2048 256 ) 
4 61 62 (873 2025.010132 256 ) (873 1776.010132 256 ) (873 1776.010132 264 ) (873 2025.010132 264 ) 
4 62 70 (268 1776.010132 256 ) (873 1776.010132 256 ) (873 1776.010132 264 ) (268 1776.010132 264 ) 
4 62 66 (873 1776.010132 256 ) (268 1776.010132 256 ) (268 2025.010132 256 ) (873 2025.010132 256 ) 
4 62 63 (268 2025.010132 256 ) (268 1776.010132 256 ) (268 1776.010132 264 ) (268 2025.010132 264 ) 
4 63 699 (0 1776.010132 256 ) (0 1776.010132 264 ) (0 2048 264 ) (0 2048 256 ) 
4 63 70 (0 1776.010132 264 ) (0 1776.010132 256 ) (268 1776.010132 256 ) (268 1776.010132 264 ) 
4 63 67 (268 1776.010132 256 ) (0 1776.010132 256 ) (0 2048 256 ) (268 2048 256 ) 
4 64 70 (873 1776.010132 99 ) (1024 1776.010132 99 ) (1024 1776.010132 256 ) (873 1776.010132 256 ) 
4 64 68 (1024 1776.010132 99 ) (873 1776.010132 99 ) (873 2048 99 ) (1024 2048 99 ) 
4 64 65 (873 2025.010132 107 ) (873 2025.010132 256 ) (873 2048 256 ) (873 2048 107 ) 
4 64 66 (873 2025.010132 99 ) (873 1776.010132 99 ) (873 1776.010132 256 ) (873 2025.010132 256 ) 
4 65 66 (268 2025.010132 256 ) (268 2025.010132 107 ) (873 2025.010132 107 ) (873 2025.010132 256 ) 
4 65 67 (268 2025.010132 107 ) (268 2025.010132 256 ) (268 2048 256 ) (268 2048 107 ) 
4 66 70 (268 1776.010132 99 ) (873 1776.010132 99 ) (873 1776.010132 256 ) (268 1776.010132 256 ) 
4 66 68 (873 1776.010132 99 ) (268 1776.010132 99 ) (268 2025.010132 99 ) (873 2025.010132 99 ) 
4 66 67 (268 2025.010132 99 ) (268 1776.010132 99 ) (268 1776.010132 256 ) (268 2025.010132 256 ) 
4 67 699 (0 1776.010132 99 ) (0 1776.010132 256 ) (0 2048 256 ) (0 2048 99 ) 
4 67 70 (0 1776.010132 256 ) (0 1776.010132 99 ) (268 1776.010132 99 ) (268 1776.010132 256 ) 
4 67 68 (268 1776.010132 99 ) (0 1776.010132 99 ) (0 2048 99 ) (268 2048 99 ) 
4 68 703 (0 1776.010132 -120 ) (0 1776.010132 71.750046 ) (0 2048 71.750046 ) (0 2048 -120 ) 
4 68 700 (0 1776.010132 71.750046 ) (0 1776.010132 76.750000 ) (0 2048 76.750000 ) (0 2048 71.750046 ) 
4 68 699 (0 1776.010132 76.750000 ) (0 1776.010132 99 ) (0 2048 99 ) (0 2048 76.750000 ) 
4 68 87 (0 1776.010132 63 ) (0 1776.010132 -120 ) (1024 1776.010132 -120 ) (1024 1776.010132 63 ) 
4 68 84 (416 1776.010132 63 ) (1024 1776.010132 63 ) (1024 1776.010132 64 ) (416 1776.010132 64 ) 
4 68 86 (0 1776.010132 64 ) (0 1776.010132 63 ) (400 1776.010132 63 ) (400 1776.010132 64 ) 
4 68 80 (0 1776.010132 71 ) (0 1776.010132 64 ) (762 1776.010132 64 ) (762 1776.010132 71 ) 
4 68 79 (762 1776.010132 64 ) (768 1776.010132 64 ) (768 1776.010132 65 ) (762 1776.010132 65 ) 
4 68 77 (768 1776.010132 64 ) (770 1776.010132 64 ) (770 1776.010132 67 ) (768 1776.010132 67 ) 
4 68 74 (770 1776.010132 64 ) (776 1776.010132 64 ) (776 1776.010132 65 ) (770 1776.010132 65 ) 
4 68 73 (776 1776.010132 64 ) (1024 1776.010132 64 ) (1024 1776.010132 71 ) (776 1776.010132 71 ) 
4 68 71 (0 1776.010132 80 ) (0 1776.010132 71 ) (1024 1776.010132 71 ) (1024 1776.010132 80 ) 
4 68 70 (0 1776.010132 99 ) (0 1776.010132 80 ) (1024 1776.010132 80 ) (1024 1776.010132 99 ) 
4 69 704 (0 1776.010132 -248 ) (0 1776.010132 -166 ) (0 2048 -166 ) (0 2048 -248 ) 
4 69 88 (0 1776.010132 -166 ) (0 1776.010132 -248 ) (1024 1776.010132 -248 ) (1024 1776.010132 -166 ) 
4 70 731 (0 1575.010132 80 ) (0 1200.010010 80 ) (0 1200.010010 696 ) (0 1575.010132 696 ) 
4 70 699 (0 1776.010132 696 ) (0 1776.010132 80 ) (0 1575.010132 80 ) (0 1575.010132 696 ) 
4 70 83 (0 1200.010010 696 ) (0 1200.010010 80 ) (1024 1200.010010 80 ) (1024 1200.010010 696 ) 
4 70 71 (0 1544.010132 80 ) (0 1776.010132 80 ) (1024 1776.010132 80 ) (1024 1544.010132 80 ) 
4 70 72 (1024 1200.010010 80 ) (0 1200.010010 80 ) (0 1448.010132 80 ) (1024 1448.010132 80 ) 
4 71 732 (0 1575.010132 71 ) (0 1544.010132 71 ) (0 1544.010132 80 ) (0 1575.010132 80 ) 
4 71 705 (0 1626.010132 71 ) (0 1575.010132 71 ) (0 1575.010132 71.750046 ) (0 1626.010132 71.750046 ) 
4 71 703 (0 1776.010132 71.750046 ) (0 1776.010132 71 ) (0 1626.010132 71 ) (0 1626.010132 71.750046 ) 
4 71 700 (0 1776.010132 76.750000 ) (0 1776.010132 71.750046 ) (0 1575.010132 71.750046 ) (0 1575.010132 76.750000 ) 
4 71 699 (0 1776.010132 80 ) (0 1776.010132 76.750000 ) (0 1575.010132 76.750000 ) (0 1575.010132 80 ) 
4 71 80 (0 1544.010132 71 ) (0 1776.010132 71 ) (762 1776.010132 71 ) (762 1544.010132 71 ) 
4 71 73 (776 1776.010132 71 ) (1024 1776.010132 71 ) (1024 1544.010132 71 ) (776 1544.010132 71 ) 
4 72 733 (0 1448.010132 71 ) (0 1200.010010 71 ) (0 1200.010010 80 ) (0 1448.010132 80 ) 
4 72 83 (0 1200.010010 80 ) (0 1200.010010 71 ) (1024 1200.010010 71 ) (1024 1200.010010 80 ) 
4 72 82 (762 1200.010010 71 ) (0 1200.010010 71 ) (0 1448.010132 71 ) (762 1448.010132 71 ) 
4 72 75 (1024 1200.010010 71 ) (776 1200.010010 71 ) (776 1448.010132 71 ) (1024 1448.010132 71 ) 
4 73 84 (776 1776.010132 64 ) (1024 1776.010132 64 ) (1024 1544.010132 64 ) (776 1544.010132 64 ) 
4 73 74 (776 1776.010132 64 ) (776 1544.010132 64 ) (776 1544.010132 65 ) (776 1776.010132 65 ) 
4 74 84 (770 1776.010132 64 ) (776 1776.010132 64 ) (776 1544.010132 64 ) (770 1544.010132 64 ) 
4 74 77 (770 1776.010132 64 ) (770 1544.010132 64 ) (770 1544.010132 65 ) (770 1776.010132 65 ) 
4 75 84 (1024 1448.010132 64 ) (1024 1200.010010 64 ) (776 1200.010010 64 ) (776 1448.010132 64 ) 
4 75 83 (776 1200.010010 64 ) (1024 1200.010010 64 ) (1024 1200.010010 71 ) (776 1200.010010 71 ) 
4 75 76 (776 1448.010132 65 ) (776 1448.010132 64 ) (776 1200.010010 64 ) (776 1200.010010 65 ) 
4 76 84 (776 1200.010010 64 ) (770 1200.010010 64 ) (770 1448.010132 64 ) (776 1448.010132 64 ) 
4 76 83 (770 1200.010010 64 ) (776 1200.010010 64 ) (776 1200.010010 65 ) (770 1200.010010 65 ) 
4 76 78 (770 1448.010132 64 ) (770 1200.010010 64 ) (770 1200.010010 65 ) (770 1448.010132 65 ) 
4 77 84 (768 1776.010132 64 ) (770 1776.010132 64 ) (770 1544.010132 64 ) (768 1544.010132 64 ) 
4 77 79 (768 1776.010132 64 ) (768 1544.010132 64 ) (768 1544.010132 65 ) (768 1776.010132 65 ) 
4 78 84 (770 1448.010132 64 ) (770 1200.010010 64 ) (768 1200.010010 64 ) (768 1448.010132 64 ) 
4 78 83 (768 1200.010010 64 ) (770 1200.010010 64 ) (770 1200.010010 67 ) (768 1200.010010 67 ) 
4 78 81 (768 1448.010132 64 ) (768 1200.010010 64 ) (768 1200.010010 65 ) (768 1448.010132 65 ) 
4 79 84 (762 1776.010132 64 ) (768 1776.010132 64 ) (768 1544.010132 64 ) (762 1544.010132 64 ) 
4 79 80 (762 1776.010132 64 ) (762 1544.010132 64 ) (762 1544.010132 65 ) (762 1776.010132 65 ) 
4 80 732 (0 1575.010132 64 ) (0 1544.010132 64 ) (0 1544.010132 71 ) (0 1575.010132 71 ) 
4 80 705 (0 1626.010132 64 ) (0 1575.010132 64 ) (0 1575.010132 71 ) (0 1626.010132 71 ) 
4 80 703 (0 1776.010132 71 ) (0 1776.010132 64 ) (0 1626.010132 64 ) (0 1626.010132 71 ) 
4 80 84 (416 1776.010132 64 ) (762 1776.010132 64 ) (762 1544.010132 64 ) (416 1544.010132 64 ) 
4 80 86 (0 1544.010132 64 ) (0 1776.010132 64 ) (400 1776.010132 64 ) (400 1544.010132 64 ) 
4 81 84 (762 1448.010132 64 ) (768 1448.010132 64 ) (768 1200.010010 64 ) (762 1200.010010 64 ) 
4 81 83 (762 1200.010010 64 ) (768 1200.010010 64 ) (768 1200.010010 65 ) (762 1200.010010 65 ) 
4 81 82 (762 1448.010132 65 ) (762 1448.010132 64 ) (762 1200.010010 64 ) (762 1200.010010 65 ) 
4 82 733 (0 1448.010132 64 ) (0 1200.010010 64 ) (0 1200.010010 71 ) (0 1448.010132 71 ) 
4 82 84 (416 1448.010132 64 ) (762 1448.010132 64 ) (762 1200.010010 64 ) (416 1200.010010 64 ) 
4 82 86 (0 1200.010010 64 ) (0 1448.010132 64 ) (400 1448.010132 64 ) (400 1200.010010 64 ) 
4 82 83 (0 1200.010010 71 ) (0 1200.010010 64 ) (762 1200.010010 64 ) (762 1200.010010 71 ) 
4 83 733 (0 1024 64 ) (0 1024 80 ) (0 1200.010010 80 ) (0 1200.010010 64 ) 
4 83 731 (0 1024 80 ) (0 1024 696 ) (0 1200.010010 696 ) (0 1200.010010 80 ) 
4 83 121 (1024 1024 64 ) (1024 1024 80 ) (0 1024 80 ) (0 1024 64 ) 
4 83 117 (584 1024 108 ) (492 1024 108 ) (492 1024 80 ) (584 1024 80 ) 
4 83 116 (1024 1024 80 ) (1024 1024 108 ) (584 1024 108 ) (584 1024 80 ) 
4 83 120 (492 1024 108 ) (0 1024 108 ) (0 1024 80 ) (492 1024 80 ) 
4 83 115 (1024 1024 108 ) (1024 1024 696 ) (0 1024 696 ) (0 1024 108 ) 
4 83 85 (416 1024 64 ) (400 1024 64 ) (400 1200.010010 64 ) (416 1200.010010 64 ) 
4 83 84 (1024 1024 64 ) (416 1024 64 ) (416 1200.010010 64 ) (1024 1200.010010 64 ) 
4 83 86 (400 1024 64 ) (0 1024 64 ) (0 1200.010010 64 ) (400 1200.010010 64 ) 
4 84 126 (1024 1024 63 ) (1024 1024 64 ) (416 1024 64 ) (416 1024 63 ) 
4 84 87 (1024 1024 63 ) (416 1024 63 ) (416 1776.010132 63 ) (1024 1776.010132 63 ) 
4 84 85 (416 1200.010010 63 ) (416 1024 63 ) (416 1024 64 ) (416 1200.010010 64 ) 
4 85 126 (416 1024 64 ) (400 1024 64 ) (400 1024 63 ) (416 1024 63 ) 
4 85 87 (416 1024 63 ) (400 1024 63 ) (400 1200.010010 63 ) (416 1200.010010 63 ) 
4 85 86 (400 1200.010010 63 ) (400 1024 63 ) (400 1024 64 ) (400 1200.010010 64 ) 
4 86 736 (0 1239.788940 64 ) (0 1575.010132 64 ) (0 1575.010132 63 ) (0 1239.788940 63 ) 
4 86 734 (0 1024 63 ) (0 1024 64 ) (0 1239.788940 64 ) (0 1239.788940 63 ) 
4 86 705 (0 1575.010132 64 ) (0 1626.010132 64 ) (0 1626.010132 63 ) (0 1575.010132 63 ) 
4 86 703 (0 1626.010132 64 ) (0 1776.010132 64 ) (0 1776.010132 63 ) (0 1626.010132 63 ) 
4 86 126 (400 1024 64 ) (0 1024 64 ) (0 1024 63 ) (400 1024 63 ) 
4 86 87 (400 1024 63 ) (0 1024 63 ) (0 1776.010132 63 ) (400 1776.010132 63 ) 
4 87 736 (0 1239.788940 63 ) (0 1575.010132 63 ) (0 1575.010132 -120 ) (0 1239.788940 -120 ) 
4 87 734 (0 1024 -120 ) (0 1024 63 ) (0 1239.788940 63 ) (0 1239.788940 -120 ) 
4 87 708 (0 1626.010132 41.748001 ) (0 1626.010132 7 ) (0 1575.010132 7 ) (0 1575.010132 41.748001 ) 
4 87 709 (0 1626.010132 7 ) (0 1626.010132 -120 ) (0 1575.010132 -120 ) (0 1575.010132 7 ) 
4 87 707 (0 1626.010132 51.750000 ) (0 1626.010132 41.748001 ) (0 1575.010132 41.748001 ) (0 1575.010132 51.750000 ) 
4 87 705 (0 1575.010132 63 ) (0 1626.010132 63 ) (0 1626.010132 51.750000 ) (0 1575.010132 51.750000 ) 
4 87 703 (0 1626.010132 63 ) (0 1776.010132 63 ) (0 1776.010132 -120 ) (0 1626.010132 -120 ) 
4 87 126 (1024 1024 -120 ) (1024 1024 63 ) (0 1024 63 ) (0 1024 -120 ) 
4 88 751 (0 1024 -248 ) (0 1024 -166 ) (0 1575.010132 -166 ) (0 1575.010132 -248 ) 
4 88 710 (0 1575.010132 -166 ) (0 1626.010132 -166 ) (0 1626.010132 -248 ) (0 1575.010132 -248 ) 
4 88 704 (0 1626.010132 -166 ) (0 1776.010132 -166 ) (0 1776.010132 -248 ) (0 1626.010132 -248 ) 
4 88 127 (1024 1024 -248 ) (1024 1024 -166 ) (0 1024 -166 ) (0 1024 -248 ) 
4 89 92 (4216 0 696 ) (4096 0 696 ) (4096 0 -248 ) (4216 0 -248 ) 
4 89 91 (4096 1024 -166 ) (4096 1024 -248 ) (4096 0 -248 ) (4096 0 -166 ) 
4 89 90 (4096 1024 696 ) (4096 1024 -120 ) (4096 0 -120 ) (4096 0 696 ) 
4 90 102 (3072 1024 696 ) (3072 1024 -120 ) (3072 0 -120 ) (3072 0 696 ) 
4 90 93 (4096 0 -120 ) (4096 0 696 ) (3072 0 696 ) (3072 0 -120 ) 
4 91 103 (3072 1024 -166 ) (3072 1024 -248 ) (3072 0 -248 ) (3072 0 -166 ) 
4 91 94 (4096 0 -248 ) (4096 0 -166 ) (3072 0 -166 ) (3072 0 -248 ) 
4 92 95 (4216 -1024 696 ) (4096 -1024 696 ) (4096 -1024 -248 ) (4216 -1024 -248 ) 
4 92 94 (4096 0 -166 ) (4096 0 -248 ) (4096 -1024 -248 ) (4096 -1024 -166 ) 
4 92 93 (4096 0 696 ) (4096 0 -120 ) (4096 -1024 -120 ) (4096 -1024 696 ) 
4 93 104 (3072 -1024 -120 ) (3072 -1024 696 ) (3072 0 696 ) (3072 0 -120 ) 
4 93 96 (4096 -1024 -120 ) (4096 -1024 696 ) (3072 -1024 696 ) (3072 -1024 -120 ) 
4 94 105 (3072 -1024 -248 ) (3072 -1024 -166 ) (3072 0 -166 ) (3072 0 -248 ) 
4 94 97 (4096 -1024 -248 ) (4096 -1024 -166 ) (3072 -1024 -166 ) (3072 -1024 -248 ) 
4 95 98 (4216 -2048 696 ) (4096 -2048 696 ) (4096 -2048 -248 ) (4216 -2048 -248 ) 
4 95 97 (4096 -1024 -166 ) (4096 -1024 -248 ) (4096 -2048 -248 ) (4096 -2048 -166 ) 
4 95 96 (4096 -1024 696 ) (4096 -1024 -120 ) (4096 -2048 -120 ) (4096 -2048 696 ) 
4 96 563 (3072 -2048 -120 ) (3072 -2048 696 ) (3072 -1024 696 ) (3072 -1024 -120 ) 
4 96 99 (3072 -2048 696 ) (3072 -2048 -120 ) (4096 -2048 -120 ) (4096 -2048 696 ) 
4 97 564 (3072 -2048 -248 ) (3072 -2048 -166 ) (3072 -1024 -166 ) (3072 -1024 -248 ) 
4 97 100 (3072 -2048 -166 ) (3072 -2048 -248 ) (4096 -2048 -248 ) (4096 -2048 -166 ) 
4 98 101 (4096 -2432 -248 ) (4096 -2552 -248 ) (4096 -2552 696 ) (4096 -2432 696 ) 
4 98 99 (4096 -2048 696 ) (4096 -2048 -120 ) (4096 -2432 -120 ) (4096 -2432 696 ) 
4 98 100 (4096 -2048 -166 ) (4096 -2048 -248 ) (4096 -2432 -248 ) (4096 -2432 -166 ) 
4 99 669 (3072 -2432 696 ) (3072 -2048 696 ) (3072 -2048 -120 ) (3072 -2432 -120 ) 
4 99 101 (4096 -2432 -120 ) (4096 -2432 696 ) (3072 -2432 696 ) (3072 -2432 -120 ) 
4 100 670 (3072 -2048 -166 ) (3072 -2048 -248 ) (3072 -2432 -248 ) (3072 -2432 -166 ) 
4 100 101 (3072 -2432 -248 ) (4096 -2432 -248 ) (4096 -2432 -166 ) (3072 -2432 -166 ) 
4 101 671 (3072 -2552 696 ) (3072 -2432 696 ) (3072 -2432 -248 ) (3072 -2552 -248 ) 
4 102 113 (2048 1024 64 ) (2048 1024 -120 ) (2048 0 -120 ) (2048 0 64 ) 
4 102 111 (2048 280.012024 64 ) (2048 0 64 ) (2048 0 80 ) (2048 280.012024 80 ) 
4 102 109 (2048 816.012085 64 ) (2048 280.012024 64 ) (2048 280.012024 80 ) (2048 816.012085 80 ) 
4 102 107 (2048 1024 80 ) (2048 1024 64 ) (2048 816.012085 64 ) (2048 816.012085 80 ) 
4 102 106 (2048 1024 696 ) (2048 1024 80 ) (2048 0 80 ) (2048 0 696 ) 
4 102 104 (3072 0 -120 ) (3072 0 696 ) (2048 0 696 ) (2048 0 -120 ) 
4 103 114 (2048 1024 -166 ) (2048 1024 -248 ) (2048 0 -248 ) (2048 0 -166 ) 
4 103 105 (3072 0 -248 ) (3072 0 -166 ) (2048 0 -166 ) (2048 0 -248 ) 
4 104 563 (3072 -1024 -120 ) (3072 -1024 696 ) (2048 -1024 696 ) (2048 -1024 -120 ) 
4 104 148 (2048 -1024 -120 ) (2048 -1024 -118 ) (2048 0 -118 ) (2048 0 -120 ) 
4 104 144 (2048 -359.037506 64 ) (2048 -345.469849 64 ) (2048 -345.469879 -118 ) (2048 -359.037537 -118 ) 
4 104 142 (2048 -645.169922 64 ) (2048 -359.037506 64 ) (2048 -359.037537 -118 ) (2048 -645.169006 -118 ) 
4 104 141 (2048 -1024 -118 ) (2048 -1024 64 ) (2048 -645.169922 64 ) (2048 -645.169006 -118 ) 
4 104 136 (2048 -345.469849 64 ) (2048 -324.086700 64 ) (2048 -324.086731 -118 ) (2048 -345.469879 -118 ) 
4 104 133 (2048 -324.086700 64 ) (2048 0 64 ) (2048 0 -118 ) (2048 -324.086731 -118 ) 
4 104 131 (2048 -1024 64 ) (2048 -1024 80 ) (2048 -415.988007 80 ) (2048 -415.988007 64 ) 
4 104 129 (2048 -415.988007 80 ) (2048 0 80 ) (2048 0 64 ) (2048 -415.988007 64 ) 
4 104 128 (2048 -1024 80 ) (2048 -1024 696 ) (2048 0 696 ) (2048 0 80 ) 
4 105 564 (3072 -1024 -248 ) (3072 -1024 -166 ) (2048 -1024 -166 ) (2048 -1024 -248 ) 
4 105 149 (2048 -1024 -248 ) (2048 -1024 -166 ) (2048 0 -166 ) (2048 0 -248 ) 
4 106 128 (2048 0 80 ) (2048 0 696 ) (1024 0 696 ) (1024 0 80 ) 
4 106 116 (1024 1024 108 ) (1024 1024 80 ) (1024 0 80 ) (1024 0 108 ) 
4 106 115 (1024 1024 696 ) (1024 1024 108 ) (1024 0 108 ) (1024 0 696 ) 
4 106 112 (1024 0 80 ) (1024 184.012009 80 ) (1600 184.012009 80 ) (1600 0 80 ) 
4 106 111 (1696 280.012024 80 ) (2048 280.012024 80 ) (2048 0 80 ) (1696 0 80 ) 
4 106 110 (1024 280.012024 80 ) (1024 720.012085 80 ) (1152 720.012085 80 ) (1152 280.012024 80 ) 
4 106 109 (1152 816.012085 80 ) (2048 816.012085 80 ) (2048 280.012024 80 ) (1152 280.012024 80 ) 
4 106 107 (1152 1024 80 ) (2048 1024 80 ) (2048 816.012085 80 ) (1152 816.012085 80 ) 
4 106 108 (1024 816.012085 80 ) (1024 1024 80 ) (1056 1024 80 ) (1056 816.012085 80 ) 
4 107 113 (1152 1024 64 ) (2048 1024 64 ) (2048 816.012085 64 ) (1152 816.012085 64 ) 
4 107 109 (1152 816.012085 64 ) (2048 816.012085 64 ) (2048 816.012085 80 ) (1152 816.012085 80 ) 
4 108 121 (1024 1024 80 ) (1024 1024 64 ) (1024 816.012085 64 ) (1024 816.012085 80 ) 
4 108 113 (1024 816.012085 64 ) (1024 1024 64 ) (1056 1024 64 ) (1056 816.012085 64 ) 
4 109 113 (1152 816.012085 64 ) (2048 816.012085 64 ) (2048 280.012024 64 ) (1152 280.012024 64 ) 
4 109 111 (1696 280.012024 64 ) (2048 280.012024 64 ) (2048 280.012024 80 ) (1696 280.012024 80 ) 
4 109 110 (1152 720.012085 64 ) (1152 280.012024 64 ) (1152 280.012024 80 ) (1152 720.012085 80 ) 
4 110 122 (1024 720.012085 64 ) (1024 280.012024 64 ) (1024 280.012024 80 ) (1024 720.012085 80 ) 
4 110 113 (1024 280.012024 64 ) (1024 720.012085 64 ) (1152 720.012085 64 ) (1152 280.012024 64 ) 
4 111 129 (2048 0 64 ) (2048 0 80 ) (1696 0 80 ) (1696 0 64 ) 
4 111 113 (2048 0 64 ) (1696 0 64 ) (1696 280.012024 64 ) (2048 280.012024 64 ) 
4 112 130 (1600 0 80 ) (1024 0 80 ) (1024 0 64 ) (1600 0 64 ) 
4 112 124 (1024 184.012009 64 ) (1024 0 64 ) (1024 0 80 ) (1024 184.012009 80 ) 
4 112 113 (1600 0 64 ) (1024 0 64 ) (1024 184.012009 64 ) (1600 184.012009 64 ) 
4 113 148 (2048 0 -120 ) (2048 0 -118 ) (1024 0 -118 ) (1024 0 -120 ) 
4 113 133 (2048 0 -118 ) (2048 0 64 ) (1024 0 64 ) (1024 0 -118 ) 
4 113 126 (1024 1024 64 ) (1024 1024 -120 ) (1024 0 -120 ) (1024 0 64 ) 
4 114 149 (2048 0 -248 ) (2048 0 -166 ) (1024 0 -166 ) (1024 0 -248 ) 
4 114 127 (1024 1024 -166 ) (1024 1024 -248 ) (1024 0 -248 ) (1024 0 -166 ) 
4 115 783 (0 0 108 ) (0 0 696 ) (0 1024 696 ) (0 1024 108 ) 
4 115 502 (364.100037 0 242 ) (0 0 242 ) (0 0 108 ) (364.100037 0 108 ) 
4 115 230 (512 0 242 ) (364.100037 0 242 ) (364.100037 0 108 ) (512 0 108 ) 
4 115 228 (608 0 242 ) (512 0 242 ) (512 0 108 ) (608 0 108 ) 
4 115 227 (1024 0 108 ) (1024 0 242 ) (608 0 242 ) (608 0 108 ) 
4 115 194 (1024 0 242 ) (1024 0 247 ) (0 0 247 ) (0 0 242 ) 
4 115 192 (456.101990 0 696 ) (0 0 696 ) (0 0 664.721313 ) (456.101990 0 317 ) 
4 115 190 (456.101990 0 323 ) (456.101990 0 317 ) (547.920166 0 247 ) (555.190613 0 247 ) 
5 115 189 (1024 0 247 ) (1024 0 696 ) (456.101990 0 696 ) (456.101990 0 323 ) (555.190613 0 247 ) 
3 115 150 (0 0 664.721313 ) (0 0 247 ) (547.920166 0 247 ) 
4 115 117 (492 572.012085 108 ) (492 1024 108 ) (584 1024 108 ) (584 572.012085 108 ) 
4 115 119 (584 0 108 ) (492 0 108 ) (492 480.012024 108 ) (584 480.012024 108 ) 
4 115 116 (1024 1024 108 ) (1024 0 108 ) (584 0 108 ) (584 1024 108 ) 
4 115 120 (492 0 108 ) (0 0 108 ) (0 1024 108 ) (492 1024 108 ) 
4 116 228 (608 0 108 ) (584 0 108 ) (584 0 80 ) (608 0 80 ) 
4 116 227 (1024 0 80 ) (1024 0 108 ) (608 0 108 ) (608 0 80 ) 
4 116 124 (1024 0 80 ) (608 0 80 ) (608 184.012009 80 ) (1024 184.012009 80 ) 
4 116 122 (584 280.012024 80 ) (584 720.012085 80 ) (1024 720.012085 80 ) (1024 280.012024 80 ) 
4 116 121 (584 816.012085 80 ) (584 1024 80 ) (1024 1024 80 ) (1024 816.012085 80 ) 
4 116 118 (584 572.012085 80 ) (584 480.012024 80 ) (584 480.012024 88 ) (584 572.012085 88 ) 
4 116 117 (584 1024 80 ) (584 572.012085 80 ) (584 572.012085 108 ) (584 1024 108 ) 
4 116 119 (584 480.012024 80 ) (584 0 80 ) (584 0 108 ) (584 480.012024 108 ) 
4 117 122 (512 720.012085 80 ) (584 720.012085 80 ) (584 572.012085 80 ) (512 572.012085 80 ) 
4 117 123 (492 572.012085 80 ) (492 720.012085 80 ) (512 720.012085 80 ) (512 572.012085 80 ) 
4 117 121 (492 816.012085 80 ) (492 1024 80 ) (584 1024 80 ) (584 816.012085 80 ) 
4 117 118 (492 572.012085 88 ) (492 572.012085 80 ) (584 572.012085 80 ) (584 572.012085 88 ) 
4 117 120 (492 1024 80 ) (492 572.012085 80 ) (492 572.012085 108 ) (492 1024 108 ) 
4 118 122 (512 572.012085 80 ) (584 572.012085 80 ) (584 480.012024 80 ) (512 480.012024 80 ) 
4 118 123 (492 480.012024 80 ) (492 572.012085 80 ) (512 572.012085 80 ) (512 480.012024 80 ) 
4 118 120 (492 572.012085 80 ) (492 480.012024 80 ) (492 480.012024 88 ) (492 572.012085 88 ) 
4 118 119 (492 480.012024 88 ) (492 480.012024 80 ) (584 480.012024 80 ) (584 480.012024 88 ) 
4 119 230 (512 0 108 ) (492 0 108 ) (492 0 80 ) (512 0 80 ) 
4 119 228 (584 0 108 ) (512 0 108 ) (512 0 80 ) (584 0 80 ) 
4 119 125 (512 0 80 ) (492 0 80 ) (492 184.012009 80 ) (512 184.012009 80 ) 
4 119 122 (512 480.012024 80 ) (584 480.012024 80 ) (584 280.012024 80 ) (512 280.012024 80 ) 
4 119 123 (492 184.012009 80 ) (492 480.012024 80 ) (512 480.012024 80 ) (512 184.012009 80 ) 
4 119 120 (492 480.012024 80 ) (492 0 80 ) (492 0 108 ) (492 480.012024 108 ) 
4 120 783 (0 0 80 ) (0 0 108 ) (0 1024 108 ) (0 1024 80 ) 
4 120 502 (364.100037 0 108 ) (0 0 108 ) (0 0 80 ) (364.100037 0 80 ) 
4 120 230 (492 0 108 ) (364.100037 0 108 ) (364.100037 0 80 ) (492 0 80 ) 
4 120 125 (492 0 80 ) (0 0 80 ) (0 184.012009 80 ) (492 184.012009 80 ) 
4 120 123 (0 184.012009 80 ) (0 720.012085 80 ) (492 720.012085 80 ) (492 184.012009 80 ) 
4 120 121 (0 816.012085 80 ) (0 1024 80 ) (492 1024 80 ) (492 816.012085 80 ) 
4 121 784 (0 816.012085 80 ) (0 1024 80 ) (0 1024 64 ) (0 816.012085 64 ) 
4 121 126 (1024 1024 64 ) (1024 816.012085 64 ) (0 816.012085 64 ) (0 1024 64 ) 
4 122 126 (1024 720.012085 64 ) (1024 280.012024 64 ) (512 280.012024 64 ) (512 720.012085 64 ) 
4 122 123 (512 720.012085 80 ) (512 720.012085 64 ) (512 280.012024 64 ) (512 280.012024 80 ) 
4 123 785 (0 184.012009 80 ) (0 720.012085 80 ) (0 720.012085 64 ) (0 184.012009 64 ) 
4 123 126 (512 184.012009 64 ) (0 184.012009 64 ) (0 720.012085 64 ) (512 720.012085 64 ) 
4 123 125 (0 184.012009 64 ) (512 184.012009 64 ) (512 184.012009 80 ) (0 184.012009 80 ) 
4 124 227 (1024 0 64 ) (1024 0 80 ) (608 0 80 ) (608 0 64 ) 
4 124 126 (1024 184.012009 64 ) (1024 0 64 ) (608 0 64 ) (608 184.012009 64 ) 
4 125 785 (0 0 64 ) (0 0 80 ) (0 184.012009 80 ) (0 184.012009 64 ) 
4 125 503 (364.100037 0 80 ) (0 0 80 ) (0 0 64 ) (364.100037 0 64 ) 
4 125 230 (512 0 80 ) (364.100037 0 80 ) (364.100037 0 64 ) (512 0 64 ) 
4 125 126 (512 0 64 ) (0 0 64 ) (0 184.012009 64 ) (512 184.012009 64 ) 
4 126 789 (0 0 -120 ) (0 0 64 ) (0 1024 64 ) (0 1024 -120 ) 
4 126 506 (364.100037 0 64 ) (0 0 64 ) (0 0 -120 ) (364.100037 0 -120 ) 
4 126 230 (512 0 64 ) (364.100037 0 64 ) (364.100037 0 -120 ) (512 0 -120 ) 
4 126 229 (608 0 64 ) (512 0 64 ) (512 0 -120 ) (608 0 -120 ) 
4 126 227 (1024 0 -120 ) (1024 0 64 ) (608 0 64 ) (608 0 -120 ) 
4 127 790 (0 0 -248 ) (0 0 -166 ) (0 1024 -166 ) (0 1024 -248 ) 
4 127 562 (1024 0 -248 ) (1024 0 -166 ) (0 0 -166 ) (0 0 -248 ) 
4 128 565 (2048 -1024 80 ) (2048 -1024 696 ) (1024 -1024 696 ) (1024 -1024 80 ) 
4 128 501 (1024 -896.987976 80 ) (1024 -1024 80 ) (1024 -1024 242 ) (1024 -896.987976 242 ) 
4 128 500 (1024 -832.987976 80 ) (1024 -896.987976 80 ) (1024 -896.987976 242 ) (1024 -832.987976 242 ) 
4 128 499 (1024 -686.987976 80 ) (1024 -832.987976 80 ) (1024 -832.987976 242 ) (1024 -686.987976 242 ) 
4 128 498 (1024 -511.988007 80 ) (1024 -686.987976 80 ) (1024 -686.987976 242 ) (1024 -511.988007 242 ) 
4 128 496 (1024 -415.988007 80 ) (1024 -511.988007 80 ) (1024 -511.988007 242 ) (1024 -415.988007 242 ) 
4 128 233 (1024 -127.987999 80 ) (1024 -415.988007 80 ) (1024 -415.988007 242 ) (1024 -127.987999 242 ) 
4 128 227 (1024 0 242 ) (1024 0 80 ) (1024 -127.987999 80 ) (1024 -127.987999 242 ) 
4 128 195 (1024 -686.987976 242 ) (1024 -1024 242 ) (1024 -1024 247 ) (1024 -686.987976 247 ) 
4 128 194 (1024 0 247 ) (1024 0 242 ) (1024 -686.987976 242 ) (1024 -686.987976 247 ) 
4 128 189 (1024 0 696 ) (1024 0 247 ) (1024 -1024 247 ) (1024 -1024 696 ) 
4 128 132 (1696 -1024 80 ) (1024 -1024 80 ) (1024 -511.988007 80 ) (1696 -511.988007 80 ) 
4 128 131 (2048 -1024 80 ) (1696 -1024 80 ) (1696 -415.988007 80 ) (2048 -415.988007 80 ) 
4 128 129 (1696 0 80 ) (2048 0 80 ) (2048 -415.988007 80 ) (1696 -415.988007 80 ) 
4 128 130 (1024 -415.988007 80 ) (1024 0 80 ) (1600 0 80 ) (1600 -415.988007 80 ) 
4 129 144 (2048 -345.469849 64 ) (2048 -359.037506 64 ) (1891.431519 -415.988007 64 ) (1853.543091 -415.988007 64 ) 
3 129 142 (2048 -359.037506 64 ) (2048 -415.988007 64 ) (1891.431519 -415.988007 64 ) 
4 129 136 (2048 -324.086700 64 ) (2048 -345.469849 64 ) (1853.543091 -415.988007 64 ) (1795.256836 -415.988007 64 ) 
5 129 133 (1696 0 64 ) (2048 0 64 ) (2048 -324.086700 64 ) (1795.256836 -415.988007 64 ) (1696 -415.988007 64 ) 
4 129 131 (1696 -415.988007 64 ) (2048 -415.988007 64 ) (2048 -415.988007 80 ) (1696 -415.988007 80 ) 
4 130 233 (1024 -127.987999 64 ) (1024 -415.988007 64 ) (1024 -415.988007 80 ) (1024 -127.987999 80 ) 
4 130 227 (1024 0 80 ) (1024 0 64 ) (1024 -127.987999 64 ) (1024 -127.987999 80 ) 
4 130 133 (1024 0 64 ) (1600 0 64 ) (1600 -415.988007 64 ) (1024 -415.988007 64 ) 
4 131 565 (2048 -1024 64 ) (2048 -1024 80 ) (1696 -1024 80 ) (1696 -1024 64 ) 
4 131 144 (1696 -487.074677 64 ) (1696 -473.119690 64 ) (1853.543091 -415.988007 64 ) (1891.431519 -415.988007 64 ) 
5 131 142 (2048 -415.988007 64 ) (2048 -645.169922 64 ) (1696 -516.925537 64 ) (1696 -487.074677 64 ) (1891.431519 -415.988007 64 ) 
4 131 141 (2048 -645.169922 64 ) (2048 -1024 64 ) (1696 -1024 64 ) (1696 -516.925537 64 ) 
4 131 136 (1696 -473.119690 64 ) (1696 -452.079315 64 ) (1795.256836 -415.988007 64 ) (1853.543091 -415.988007 64 ) 
3 131 133 (1696 -452.079315 64 ) (1696 -415.988007 64 ) (1795.256836 -415.988007 64 ) 
4 131 132 (1696 -511.988007 64 ) (1696 -1024 64 ) (1696 -1024 80 ) (1696 -511.988007 80 ) 
4 132 565 (1696 -1024 80 ) (1024 -1024 80 ) (1024 -1024 64 ) (1696 -1024 64 ) 
4 132 501 (1024 -896.987976 64 ) (1024 -1024 64 ) (1024 -1024 80 ) (1024 -896.987976 80 ) 
4 132 500 (1024 -832.987976 64 ) (1024 -896.987976 64 ) (1024 -896.987976 80 ) (1024 -832.987976 80 ) 
4 132 499 (1024 -686.987976 64 ) (1024 -832.987976 64 ) (1024 -832.987976 80 ) (1024 -686.987976 80 ) 
4 132 498 (1024 -511.988007 64 ) (1024 -686.987976 64 ) (1024 -686.987976 80 ) (1024 -511.988007 80 ) 
3 132 142 (1682.447632 -511.988007 64 ) (1696 -511.988007 64 ) (1696 -516.925537 64 ) 
6 132 141 (1696 -1024 64 ) (1024 -1024 64 ) (1024 -716.814880 64 ) (1588.818848 -511.988007 64 ) (1682.447632 -511.988007 64 ) (1696 -516.925537 64 ) 
4 132 134 (1024 -716.814880 64 ) (1024 -696.428772 64 ) (1531.241333 -511.988007 64 ) (1588.818848 -511.988007 64 ) 
3 132 133 (1024 -696.428772 64 ) (1024 -511.988007 64 ) (1531.241333 -511.988007 64 ) 
4 133 499 (1024 -696.428833 -115.951935 ) (1024 -696.428833 64 ) (1024 -686.987976 64 ) (1024 -686.987976 -115.951935 ) 
4 133 498 (1024 -686.987976 64 ) (1024 -511.988007 64 ) (1024 -511.988007 -115.951942 ) (1024 -686.987976 -115.951935 ) 
4 133 497 (1024 -511.988007 64 ) (1024 -415.988007 64 ) (1024 -415.988007 -115.951950 ) (1024 -511.988007 -115.951942 ) 
4 133 240 (1024 -511.988007 -118 ) (1024 -696.428833 -118 ) (1024 -696.428833 -115.951935 ) (1024 -511.988007 -115.951942 ) 
4 133 235 (1024 -415.988007 -118 ) (1024 -511.988007 -118 ) (1024 -511.988007 -115.951942 ) (1024 -415.988007 -115.951950 ) 
4 133 233 (1024 -127.987999 -118 ) (1024 -415.988007 -118 ) (1024 -415.988007 64 ) (1024 -127.987999 64 ) 
4 133 227 (1024 0 64 ) (1024 0 -118 ) (1024 -127.987999 -118 ) (1024 -127.987999 64 ) 
4 133 148 (1024 -696.428833 -118 ) (1024 0 -118 ) (2048 0 -118 ) (2048 -324.086731 -118 ) 
4 133 139 (1668.566406 -462.054474 -118 ) (1671.860352 -460.856720 -118 ) (1671.860962 -460.855316 64 ) (1668.566162 -462.053345 64 ) 
4 133 137 (1677.002563 -458.986938 -118 ) (1688.015503 -454.982452 -118 ) (1688.016113 -454.981049 64 ) (1676.998291 -458.987305 64 ) 
4 133 136 (1688.015503 -454.982452 -118 ) (2048 -324.086578 -118 ) (2048 -324.085266 64 ) (1688.016113 -454.981049 64 ) 
4 133 135 (1657.762451 -465.982941 -118 ) (1668.566406 -462.054474 -118 ) (1668.566162 -462.053345 64 ) (1657.760742 -465.982361 64 ) 
4 133 134 (1024 -696.428711 -118 ) (1657.762451 -465.982941 -118 ) (1657.760742 -465.982361 64 ) (1024 -696.427734 64 ) 
4 134 499 (1024 -716.814941 -115.951935 ) (1024 -716.814941 64 ) (1024 -696.428833 64 ) (1024 -696.428833 -115.951950 ) 
4 134 240 (1024 -696.428833 -118 ) (1024 -716.814941 -118 ) (1024 -716.814941 -115.951935 ) (1024 -696.428833 -115.951950 ) 
4 134 148 (1024 -716.814941 -118 ) (1024 -696.428833 -118 ) (1657.762695 -465.983032 -118 ) (1686.661743 -476.506165 -118 ) 
4 134 147 (1655.002563 -487.987946 -118 ) (1658.936646 -486.561279 -118 ) (1658.936646 -486.561218 64 ) (1655.001099 -487.988403 64 ) 
4 134 145 (1646.564209 -491.048065 -118 ) (1649.860352 -489.852722 -118 ) (1649.860474 -489.852600 64 ) (1646.564087 -491.048004 64 ) 
4 134 144 (1658.936646 -486.561279 -118 ) (1686.662842 -476.506592 -118 ) (1686.662842 -476.506561 64 ) (1658.936646 -486.561218 64 ) 
4 134 143 (1635.744629 -494.971680 -118 ) (1646.564209 -491.048065 -118 ) (1646.564087 -491.048004 64 ) (1635.743164 -494.972137 64 ) 
4 134 141 (1024 -716.815674 -118 ) (1635.744629 -494.971680 -118 ) (1635.743164 -494.972137 64 ) (1024 -716.815674 64 ) 
4 134 138 (1680.924683 -474.416473 -118 ) (1677.003540 -472.988708 -118 ) (1677 -472.987701 64 ) (1680.924683 -474.416473 64 ) 
4 134 136 (1686.663086 -476.505951 64 ) (1686.663086 -476.505951 -118 ) (1680.924683 -474.416473 -118 ) (1680.924683 -474.416473 64 ) 
4 134 135 (1671.870239 -471.119598 -118 ) (1657.761719 -465.982422 -118 ) (1657.761719 -465.982422 64 ) (1671.870239 -471.119598 64 ) 
3 135 148 (1657.762695 -465.983032 -118 ) (1668.566528 -462.054596 -118 ) (1671.870483 -471.120148 -118 ) 
4 135 139 (1670 -465.987091 -118 ) (1668.566895 -462.054474 -118 ) (1668.566895 -462.054474 64 ) (1670 -465.987091 64 ) 
5 136 148 (1688.015503 -454.982635 -118 ) (2048 -324.086731 -118 ) (2048 -345.469879 -118 ) (1686.661743 -476.506165 -118 ) (1680.924438 -474.416992 -118 ) 
4 136 144 (1686.662842 -476.506592 -118 ) (2048 -345.470703 -118 ) (2048 -345.470703 64 ) (1686.662842 -476.506561 64 ) 
4 136 140 (1685.435669 -462.047791 -118 ) (1684 -465.985229 -118 ) (1683.998901 -465.985718 64 ) (1685.434937 -462.049530 64 ) 
4 136 138 (1682.126221 -471.118378 -118 ) (1680.922607 -474.417297 -118 ) (1680.922607 -474.417297 64 ) (1682.127075 -471.116058 64 ) 
4 136 137 (1688.012939 -454.983734 64 ) (1688.012939 -454.983734 -118 ) (1685.435669 -462.047791 -118 ) (1685.434937 -462.049530 64 ) 
3 137 148 (1677.002930 -458.987000 -118 ) (1688.015503 -454.982635 -118 ) (1685.437378 -462.048431 -118 ) 
4 137 140 (1682.128296 -460.846161 -118 ) (1685.435913 -462.046722 -118 ) (1685.435303 -462.048462 64 ) (1682.128662 -460.848236 64 ) 
3 138 148 (1682.128296 -471.117645 -118 ) (1680.924438 -474.416992 -118 ) (1677.002808 -472.989014 -118 ) 
3 139 148 (1668.566528 -462.054596 -118 ) (1671.860352 -460.856903 -118 ) (1670 -465.987823 -118 ) 
3 140 148 (1682.128784 -460.847534 -118 ) (1685.437378 -462.048431 -118 ) (1684 -465.987854 -118 ) 
4 141 565 (2048 -1024 -118 ) (2048 -1024 64 ) (1024 -1024 64 ) (1024 -1024 -118 ) 
4 141 501 (1024 -1024 -115.951935 ) (1024 -1024 64 ) (1024 -896.987976 64 ) (1024 -896.987976 -115.951942 ) 
4 141 500 (1024 -896.987976 64 ) (1024 -832.987976 64 ) (1024 -832.987976 -115.951942 ) (1024 -896.987976 -115.951942 ) 
4 141 499 (1024 -832.987976 64 ) (1024 -716.814941 64 ) (1024 -716.814941 -115.951950 ) (1024 -832.987976 -115.951942 ) 
4 141 480 (1024 -1014.989990 -118 ) (1024 -1024 -118 ) (1024 -1024 -115.951935 ) (1024 -1014.989990 -115.951935 ) 
4 141 242 (1024 -982.748352 -118 ) (1024 -1014.989990 -118 ) (1024 -1014.989990 -115.951935 ) (1024 -982.748352 -115.951935 ) 
4 141 240 (1024 -716.814941 -118 ) (1024 -982.748352 -118 ) (1024 -982.748352 -115.951935 ) (1024 -716.814941 -115.951950 ) 
5 141 148 (2048 -1024 -118 ) (1024 -1024 -118 ) (1024 -716.814941 -118 ) (1635.743408 -494.971252 -118 ) (2048 -645.169006 -118 ) 
4 141 143 (1649.869873 -500.118500 -118 ) (1635.744995 -494.972351 -118 ) (1635.743652 -494.972839 64 ) (1649.870239 -500.119568 64 ) 
4 141 142 (2048 -645.169678 -118 ) (1655 -501.987793 -118 ) (1655 -501.988281 64 ) (2048 -645.170471 64 ) 
3 142 148 (2048 -359.037537 -118 ) (2048 -645.169006 -118 ) (1655.001465 -501.987549 -118 ) 
4 142 146 (1663.429932 -498.921265 -118 ) (1660.128784 -500.122009 -118 ) (1660.128784 -500.122009 64 ) (1663.429810 -498.921295 64 ) 
4 142 144 (2048 -359.036621 -118 ) (1663.429932 -498.921265 -118 ) (1663.429810 -498.921295 64 ) (2048 -359.037018 64 ) 
3 143 148 (1635.743408 -494.971252 -118 ) (1646.563843 -491.047333 -118 ) (1649.869629 -500.117859 -118 ) 
4 143 145 (1648 -494.987030 -118 ) (1646.564331 -491.047028 -118 ) (1646.564331 -491.047028 64 ) (1648 -494.987030 64 ) 
4 144 148 (1658.936401 -486.560516 -118 ) (2048 -345.469879 -118 ) (2048 -359.037537 -118 ) (1663.430054 -498.921722 -118 ) 
4 144 147 (1658.936890 -486.559570 64 ) (1658.936890 -486.559570 -118 ) (1660.132080 -489.847778 -118 ) (1660.132568 -489.848907 64 ) 
4 144 146 (1662 -494.987152 -118 ) (1663.429443 -498.918945 -118 ) (1663.429443 -498.918945 64 ) (1662 -494.987152 64 ) 
3 145 148 (1646.563843 -491.047333 -118 ) (1649.860718 -489.851746 -118 ) (1648 -494.987854 -118 ) 
3 146 148 (1662 -494.987885 -118 ) (1663.430054 -498.921722 -118 ) (1660.128540 -500.122589 -118 ) 
3 147 148 (1655.001465 -487.987518 -118 ) (1658.936401 -486.560516 -118 ) (1660.131348 -489.847443 -118 ) 
4 148 565 (2048 -1024 -120 ) (2048 -1024 -118 ) (1024 -1024 -118 ) (1024 -1024 -120 ) 
4 148 480 (1024 -1014.989990 -120 ) (1024 -1024 -120 ) (1024 -1024 -118 ) (1024 -1014.989990 -118 ) 
4 148 242 (1024 -982.748352 -120 ) (1024 -1014.989990 -120 ) (1024 -1014.989990 -118 ) (1024 -982.748352 -118 ) 
4 148 240 (1024 -511.988007 -120 ) (1024 -982.748352 -120 ) (1024 -982.748352 -118 ) (1024 -511.988007 -118 ) 
4 148 235 (1024 -415.988007 -120 ) (1024 -511.988007 -120 ) (1024 -511.988007 -118 ) (1024 -415.988007 -118 ) 
4 148 233 (1024 -127.987999 -120 ) (1024 -415.988007 -120 ) (1024 -415.988007 -118 ) (1024 -127.987999 -118 ) 
4 148 227 (1024 0 -118 ) (1024 0 -120 ) (1024 -127.987999 -120 ) (1024 -127.987999 -118 ) 
4 149 566 (2048 -1024 -248 ) (2048 -1024 -166 ) (1024 -1024 -166 ) (1024 -1024 -248 ) 
4 149 562 (1024 0 -166 ) (1024 0 -248 ) (1024 -1024 -248 ) (1024 -1024 -166 ) 
4 150 791 (0 -681.987976 664.721313 ) (0 0 664.721313 ) (0 0 247 ) (0 -681.987976 247 ) 
4 150 194 (0 -681.987976 247 ) (0 0 247 ) (547.920166 0 247 ) (547.920166 -681.987976 247 ) 
4 150 192 (0 0 664.721863 ) (0 -681.987976 664.721863 ) (456.101990 -681.987976 317.001160 ) (456.101990 0 317.001160 ) 
4 150 190 (456.101990 -681.987976 317.001160 ) (547.921875 -681.987976 247 ) (547.921875 0 247 ) (456.101990 0 317.001160 ) 
4 150 163 (357.011505 -681.987976 247 ) (364.283173 -681.987976 247 ) (456.101990 -681.987976 316.998291 ) (452.177673 -681.987976 319.990112 ) 
4 150 160 (364.283173 -681.987976 247 ) (456.101990 -681.987976 247 ) (456.101990 -681.987976 305 ) (440.363464 -681.987976 305 ) 
5 150 159 (456.101990 -681.987976 311 ) (456.101990 -681.987976 311.001526 ) (452.136536 -681.987976 313.975220 ) (440.363464 -681.987976 305 ) (448.109009 -681.987976 305 ) 
3 150 158 (456.101990 -681.987976 311.001526 ) (456.101990 -681.987976 316.998291 ) (452.136536 -681.987976 313.975220 ) 
4 150 156 (456.101990 -681.987976 247 ) (547.917969 -681.987976 247 ) (491.515350 -681.987976 290 ) (456.101990 -681.987976 290 ) 
4 150 154 (491.515350 -681.987976 290 ) (471.840027 -681.987976 305 ) (456.101990 -681.987976 305 ) (456.101990 -681.987976 290 ) 
4 150 153 (471.840027 -681.987976 305 ) (460.066406 -681.987976 313.975922 ) (456.102997 -681.987976 311 ) (464.104980 -681.987976 305 ) 
3 150 152 (460.066406 -681.987976 313.975922 ) (456.101990 -681.987976 316.998291 ) (456.101990 -681.987976 311 ) 
4 150 151 (0 -681.987976 247 ) (357.011505 -681.987976 247 ) (452.177673 -681.987976 319.990112 ) (0 -681.987976 664.719604 ) 
4 151 824 (0 -991.987976 664.721313 ) (0 -983.987976 664.721313 ) (0 -983.987976 247 ) (0 -991.987976 247 ) 
4 151 823 (0 -983.987976 664.721313 ) (0 -735.987976 664.721313 ) (0 -735.987976 247 ) (0 -983.987976 247 ) 
4 151 826 (0 -1024 247 ) (0 -1024 664.721313 ) (0 -991.987976 664.721313 ) (0 -991.987976 247 ) 
4 151 791 (0 -735.987976 664.721313 ) (0 -681.987976 664.721313 ) (0 -681.987976 247 ) (0 -735.987976 247 ) 
4 151 632 (0 -1024 664.721313 ) (0 -1024 247 ) (352 -1024 247 ) (352 -1024 396.364868 ) 
4 151 570 (352 -1024 247 ) (357.011444 -1024 247 ) (452.178741 -1024 319.990967 ) (352 -1024 396.364868 ) 
4 151 222 (357.011475 -1024 247 ) (0 -1024 247 ) (0 -947.987976 247 ) (357.011475 -947.987976 247 ) 
4 151 217 (0 -947.987976 247 ) (0 -812.987976 247 ) (357.011444 -812.987976 247 ) (357.011475 -947.987976 247 ) 
4 151 197 (0 -812.987976 247 ) (0 -686.987976 247 ) (357.011444 -686.987976 247 ) (357.011444 -812.987976 247 ) 
4 151 194 (0 -686.987976 247 ) (0 -681.987976 247 ) (357.011444 -681.987976 247 ) (357.011444 -686.987976 247 ) 
4 151 193 (0 -686.987976 664.721863 ) (0 -1024 664.721863 ) (452.179535 -1024 319.991547 ) (452.179504 -686.987976 319.991577 ) 
4 151 192 (0 -681.987976 664.721863 ) (0 -686.987976 664.721863 ) (452.179504 -686.987976 319.991577 ) (452.179504 -681.987976 319.991577 ) 
4 151 163 (357.011719 -686.987976 247 ) (357.011719 -681.987976 247 ) (452.175781 -681.987976 319.988281 ) (452.175781 -686.987976 319.988281 ) 
4 152 190 (460.068298 -681.987976 313.977356 ) (456.101990 -681.987976 317.001160 ) (456.101990 -686.987976 317.001160 ) (460.068268 -686.987976 313.977386 ) 
4 152 158 (456.101990 -693.987976 317 ) (456.101990 -681.987976 317 ) (456.101990 -681.987976 311 ) (456.101990 -693.987976 311 ) 
4 152 153 (456.101990 -693.987976 310.998230 ) (456.101990 -681.987976 310.998138 ) (460.068787 -681.987976 313.975830 ) (460.069763 -693.987976 313.978760 ) 
4 153 190 (471.843811 -681.987976 305 ) (460.068298 -681.987976 313.977356 ) (460.068268 -686.987976 313.977386 ) (471.843811 -686.987976 305 ) 
4 153 154 (464.105011 -681.987976 305 ) (471.842285 -681.987976 305 ) (471.843201 -693.987976 305 ) (464.104858 -693.987976 305 ) 
4 154 190 (491.519165 -681.987976 290 ) (471.843811 -681.987976 305 ) (471.843811 -686.987976 305 ) (491.519165 -686.987976 290 ) 
4 154 160 (456.101990 -693.987976 305 ) (456.101990 -681.987976 305 ) (456.101990 -681.987976 290 ) (456.101990 -693.987976 290 ) 
4 154 156 (456.101990 -693.987976 290 ) (456.101990 -681.987976 290 ) (491.517609 -681.987976 290 ) (491.516357 -693.987976 290 ) 
4 154 155 (456.101990 -693.987976 290 ) (483.969055 -693.987976 290 ) (464.048828 -693.987976 305 ) (456.101990 -693.987976 305 ) 
4 155 165 (464.048798 -700.987976 305 ) (456.101990 -700.987976 305 ) (456.101990 -700.987976 290 ) (483.969086 -700.987976 290 ) 
4 155 161 (456.101990 -700.987976 290 ) (456.101990 -700.987976 305 ) (456.101990 -693.987976 305 ) (456.101990 -693.987976 290 ) 
4 156 199 (547.920166 -686.987976 247 ) (547.920166 -693.987976 247 ) (456.101990 -693.987976 247 ) (456.101990 -686.987976 247 ) 
4 156 194 (456.101990 -681.987976 247 ) (547.920166 -681.987976 247 ) (547.920166 -686.987976 247 ) (456.101990 -686.987976 247 ) 
4 156 190 (547.921875 -686.987976 247 ) (547.921875 -681.987976 247 ) (491.519165 -681.987976 290 ) (491.519165 -686.987976 290 ) 
4 156 160 (456.101990 -693.987976 290 ) (456.101990 -681.987976 290 ) (456.101990 -681.987976 247 ) (456.101990 -693.987976 247 ) 
4 156 157 (490.609192 -693.987976 285 ) (456.101990 -693.987976 285 ) (456.101990 -693.987976 247 ) (541.073914 -693.987976 247 ) 
4 157 165 (490.609222 -700.987976 285 ) (456.101990 -700.987976 285 ) (456.101990 -700.987976 247 ) (541.073975 -700.987976 247 ) 
4 157 162 (456.101990 -700.987976 247 ) (456.101990 -700.987976 285 ) (456.101990 -693.987976 285 ) (456.101990 -693.987976 247 ) 
4 158 163 (456.101990 -686.987976 317 ) (456.101990 -681.987976 317 ) (452.136078 -681.987976 313.975586 ) (452.136047 -686.987976 313.975586 ) 
4 158 159 (452.137634 -693.987976 313.975281 ) (452.137726 -681.987976 313.975311 ) (456.101990 -681.987976 311.002319 ) (456.101990 -693.987976 311.002228 ) 
4 159 163 (452.136047 -686.987976 313.975586 ) (452.136078 -681.987976 313.975586 ) (440.362518 -681.987976 305 ) (440.362488 -686.987976 305 ) 
4 159 160 (440.363281 -693.987976 305 ) (440.363342 -681.987976 305 ) (448.108978 -681.987976 305 ) (448.108887 -693.987976 305 ) 
4 160 199 (456.101990 -686.987976 247 ) (456.101990 -693.987976 247 ) (364.283081 -693.987976 247 ) (364.283142 -686.987976 247 ) 
4 160 194 (364.283173 -681.987976 247 ) (456.101990 -681.987976 247 ) (456.101990 -686.987976 247 ) (364.283142 -686.987976 247 ) 
4 160 163 (440.362488 -686.987976 305 ) (440.362518 -681.987976 305 ) (364.282288 -681.987976 247 ) (364.282288 -686.987976 247 ) 
4 160 162 (456.101990 -693.987976 247 ) (456.101990 -693.987976 285 ) (421.571960 -693.987976 285 ) (371.104980 -693.987976 247 ) 
4 160 161 (456.101990 -693.987976 290 ) (456.101990 -693.987976 305 ) (448.133514 -693.987976 305 ) (428.212341 -693.987976 290 ) 
4 161 170 (428.212341 -700.987976 290 ) (456.101990 -700.987976 290 ) (456.101990 -700.987976 305 ) (448.133514 -700.987976 305 ) 
4 162 172 (371.105011 -700.987976 247 ) (456.101990 -700.987976 247 ) (456.101990 -700.987976 285 ) (421.571960 -700.987976 285 ) 
4 163 194 (357.011444 -686.987976 247 ) (357.011444 -681.987976 247 ) (364.283173 -681.987976 247 ) (364.283142 -686.987976 247 ) 
4 163 192 (456.101990 -681.987976 317.001160 ) (452.179504 -681.987976 319.991577 ) (452.179504 -686.987976 319.991577 ) (456.101990 -686.987976 317.001160 ) 
4 164 168 (456.101990 -700.987976 317 ) (456.101990 -700.987976 311.001404 ) (456.101990 -805.987976 311 ) (456.101990 -805.987976 317 ) 
4 164 165 (464.104797 -700.987976 305 ) (471.842285 -700.987976 305 ) (471.843658 -805.987976 305 ) (464.103912 -805.987976 305 ) 
4 165 203 (456.101990 -700.987976 247 ) (531.101990 -700.987976 247 ) (531.101990 -805.987976 247 ) (456.101990 -805.987976 247 ) 
4 165 172 (456.101990 -700.987976 290 ) (456.101990 -700.987976 247 ) (456.101990 -805.987976 247 ) (456.101990 -805.987976 290 ) 
4 165 170 (456.101990 -700.987976 305 ) (456.101990 -700.987976 290 ) (456.101990 -805.987976 290 ) (456.101990 -805.987976 305 ) 
4 165 167 (490.629120 -805.987976 285 ) (456.101990 -805.987976 285 ) (456.101990 -805.987976 247 ) (541.088989 -805.987976 247 ) 
4 165 166 (464.071289 -805.987976 305 ) (456.101990 -805.987976 305 ) (456.101990 -805.987976 290 ) (483.989685 -805.987976 290 ) 
4 166 175 (464.071259 -812.987976 305 ) (456.101990 -812.987976 305 ) (456.101990 -812.987976 290 ) (483.989716 -812.987976 290 ) 
4 166 171 (456.101990 -812.987976 290 ) (456.101990 -812.987976 305 ) (456.101990 -805.987976 305 ) (456.101990 -805.987976 290 ) 
4 167 175 (490.629089 -812.987976 285 ) (456.101990 -812.987976 285 ) (456.101990 -812.987976 247 ) (541.088989 -812.987976 247 ) 
4 167 173 (456.101990 -805.987976 247 ) (456.101990 -812.987976 247 ) (456.101990 -812.987976 285 ) (456.101990 -805.987976 285 ) 
4 168 169 (456.101990 -805.987976 310.998932 ) (452.134399 -805.987976 313.974274 ) (452.135132 -700.987976 313.974396 ) (456.101990 -700.987976 311 ) 
4 169 170 (440.362640 -805.987976 305 ) (440.363251 -700.987976 305 ) (448.108795 -700.987976 305 ) (448.107910 -805.987976 305 ) 
4 170 172 (420.682953 -805.987976 290 ) (420.683563 -700.987976 290 ) (456.101990 -700.987976 290 ) (456.101990 -805.987976 290 ) 
4 170 171 (428.210022 -805.987976 290 ) (456.101990 -805.987976 290 ) (456.101990 -805.987976 305 ) (448.132111 -805.987976 305 ) 
4 171 180 (428.211029 -812.987976 290 ) (456.101990 -812.987976 290 ) (456.101990 -812.987976 305 ) (448.133118 -812.987976 305 ) 
4 172 203 (381.100037 -700.987976 247 ) (456.101990 -700.987976 247 ) (456.101990 -805.987976 247 ) (381.100037 -805.987976 247 ) 
4 172 173 (456.101990 -805.987976 247 ) (456.101990 -805.987976 285 ) (421.569305 -805.987976 285 ) (371.099976 -805.987976 247 ) 
4 173 182 (371.101013 -812.987976 247 ) (456.101990 -812.987976 247 ) (456.101990 -812.987976 285 ) (421.570313 -812.987976 285 ) 
4 174 191 (456.101990 -832.987976 317.001160 ) (456.101990 -896.987976 317.001160 ) (471.843811 -896.987976 305 ) (471.843811 -832.987976 305 ) 
4 174 178 (456.101990 -812.987976 317 ) (456.101990 -812.987976 311 ) (456.101990 -940.987976 311 ) (456.101990 -940.987976 317 ) 
4 174 175 (471.843750 -940.987976 305 ) (464.102783 -940.987976 305 ) (464.103821 -812.987976 305 ) (471.842285 -812.987976 305 ) 
4 175 212 (456.101990 -812.987976 247 ) (531.101990 -812.987976 247 ) (531.101990 -940.987976 247 ) (456.101990 -940.987976 247 ) 
4 175 191 (547.921875 -896.987976 247 ) (547.921875 -832.987976 247 ) (471.843811 -832.987976 305 ) (471.843811 -896.987976 305 ) 
4 175 182 (456.101990 -812.987976 290 ) (456.101990 -812.987976 247 ) (456.101990 -940.987976 247 ) (456.101990 -940.987976 290 ) 
4 175 180 (456.101990 -812.987976 305 ) (456.101990 -812.987976 290 ) (456.101990 -940.987976 290 ) (456.101990 -940.987976 305 ) 
4 175 177 (456.101990 -940.987976 285 ) (456.101990 -940.987976 247 ) (541.101929 -940.987976 247 ) (490.633179 -940.987976 285 ) 
4 175 176 (456.101990 -940.987976 305 ) (456.101990 -940.987976 290 ) (483.992584 -940.987976 290 ) (464.070740 -940.987976 305 ) 
4 176 186 (464.070709 -947.987976 305 ) (456.101990 -947.987976 305 ) (456.101990 -947.987976 290 ) (483.992645 -947.987976 290 ) 
4 176 181 (456.101990 -947.987976 290 ) (456.101990 -947.987976 305 ) (456.101990 -940.987976 305 ) (456.101990 -940.987976 290 ) 
4 177 186 (490.633209 -947.987976 285 ) (456.101990 -947.987976 285 ) (456.101990 -947.987976 247 ) (541.101990 -947.987976 247 ) 
4 177 183 (456.101990 -940.987976 247 ) (456.101990 -947.987976 247 ) (456.101990 -947.987976 285 ) (456.101990 -940.987976 285 ) 
4 178 179 (456.101990 -940.987976 310.998932 ) (452.134033 -940.987976 313.974548 ) (452.134949 -812.987976 313.974701 ) (456.101990 -812.987976 311 ) 
4 179 180 (440.361908 -940.987976 305 ) (440.362640 -812.987976 305 ) (448.107880 -812.987976 305 ) (448.106781 -940.987976 305 ) 
4 180 182 (420.682220 -940.987976 290 ) (420.682953 -812.987976 290 ) (456.101990 -812.987976 290 ) (456.101990 -940.987976 290 ) 
4 180 181 (428.212341 -940.987976 290 ) (456.101990 -940.987976 290 ) (456.101990 -940.987976 305 ) (448.133514 -940.987976 305 ) 
4 181 186 (428.213318 -947.987976 290 ) (456.101990 -947.987976 290 ) (456.101990 -947.987976 305 ) (448.134460 -947.987976 305 ) 
4 182 212 (381.100037 -812.987976 247 ) (456.101990 -812.987976 247 ) (456.101990 -940.987976 247 ) (381.100037 -940.987976 247 ) 
4 182 183 (456.101990 -940.987976 247 ) (456.101990 -940.987976 285 ) (421.571960 -940.987976 285 ) (371.104980 -940.987976 247 ) 
4 183 186 (371.105957 -947.987976 247 ) (456.101990 -947.987976 247 ) (456.101990 -947.987976 285 ) (421.572937 -947.987976 285 ) 
4 184 185 (456.100372 -1021.989990 311 ) (452.134338 -1021.989990 313.975128 ) (452.134857 -947.987976 313.975220 ) (456.100983 -947.987976 311 ) 
4 184 186 (471.835938 -1021.989990 305 ) (464.102081 -1021.989990 305 ) (464.102722 -947.987976 305 ) (471.842285 -947.987976 305 ) 
4 185 186 (448.106079 -1021.989990 305 ) (440.359375 -1021.989990 305 ) (440.359802 -947.987976 305 ) (448.106720 -947.987976 305 ) 
4 186 215 (381.100037 -947.987976 247 ) (531.101990 -947.987976 247 ) (531.101990 -1014.989990 247 ) (381.100037 -1014.989990 247 ) 
4 186 188 (490.644806 -1021.989990 285 ) (421.573578 -1021.989990 285 ) (371.109009 -1021.989990 247 ) (541.109314 -1021.989990 247 ) 
4 186 187 (464.084595 -1021.989990 305 ) (448.133881 -1021.989990 305 ) (428.213654 -1021.989990 290 ) (484.004822 -1021.989990 290 ) 
4 187 577 (456.101990 -1024 305 ) (448.133881 -1024 305 ) (428.213654 -1024 290 ) (456.101990 -1024 290 ) 
4 187 571 (464.085388 -1024 305 ) (456.101990 -1024 305 ) (456.101990 -1024 290 ) (484.005524 -1024 290 ) 
4 188 578 (371.109009 -1024 247 ) (456.101990 -1024 247 ) (456.101990 -1024 285 ) (421.573578 -1024 285 ) 
4 188 572 (456.101990 -1024 247 ) (541.110107 -1024 247 ) (490.645660 -1024 285 ) (456.101990 -1024 285 ) 
5 189 567 (1024 -1024 247 ) (1024 -1024 696 ) (456.101990 -1024 696 ) (456.101990 -1024 323 ) (555.190613 -1024 247 ) 
4 189 195 (1024 -1024 247 ) (555.190613 -1024 247 ) (555.190613 -686.987976 247 ) (1024 -686.987976 247 ) 
4 189 194 (555.190613 -686.987976 247 ) (555.190613 0 247 ) (1024 0 247 ) (1024 -686.987976 247 ) 
4 189 193 (456.101990 -686.987976 323 ) (456.101990 -1024 323 ) (456.101990 -1024 696 ) (456.101990 -686.987976 696 ) 
4 189 192 (456.101990 0 696 ) (456.101990 0 323 ) (456.101990 -686.987976 323 ) (456.101990 -686.987976 696 ) 
4 189 190 (456.101990 -686.987976 323.001923 ) (456.101990 0 323.001953 ) (555.193115 0 247 ) (555.193054 -686.987976 247 ) 
4 189 191 (456.101990 -896.987976 323.001923 ) (456.101990 -832.987976 323.001923 ) (555.193054 -832.987976 247 ) (555.193054 -896.987976 247 ) 
4 190 194 (547.920166 -686.987976 247 ) (547.920166 0 247 ) (555.190613 0 247 ) (555.190613 -686.987976 247 ) 
4 190 192 (456.101990 0 323 ) (456.101990 0 317 ) (456.101990 -686.987976 317 ) (456.101990 -686.987976 323 ) 
4 191 210 (547.920166 -896.987976 247 ) (547.920166 -832.987976 247 ) (555.190613 -832.987976 247 ) (555.190613 -896.987976 247 ) 
4 192 791 (0 -686.987976 696 ) (0 0 696 ) (0 0 664.721313 ) (0 -686.987976 664.721313 ) 
5 192 193 (456.101990 -686.987976 323 ) (456.101990 -686.987976 696 ) (0 -686.987976 696 ) (0 -686.987976 664.721375 ) (452.178741 -686.987976 319.990997 ) 
4 193 824 (0 -991.987976 696 ) (0 -983.987976 696 ) (0 -983.987976 664.721313 ) (0 -991.987976 664.721313 ) 
4 193 823 (0 -983.987976 696 ) (0 -735.987976 696 ) (0 -735.987976 664.721313 ) (0 -983.987976 664.721313 ) 
4 193 826 (0 -1024 664.721313 ) (0 -1024 696 ) (0 -991.987976 696 ) (0 -991.987976 664.721313 ) 
4 193 791 (0 -735.987976 696 ) (0 -686.987976 696 ) (0 -686.987976 664.721313 ) (0 -735.987976 664.721313 ) 
4 193 632 (0 -1024 696 ) (0 -1024 664.721313 ) (352 -1024 396.364899 ) (352 -1024 696 ) 
4 193 583 (352 -1024 396.364899 ) (452.178741 -1024 319.990997 ) (456.101990 -1024 323 ) (352 -1024 402.845245 ) 
4 193 567 (456.101990 -1024 323 ) (456.101990 -1024 696 ) (352 -1024 696 ) (352 -1024 402.845245 ) 
4 194 791 (0 -686.987976 247 ) (0 0 247 ) (0 0 242 ) (0 -686.987976 242 ) 
4 194 519 (40 -686.987976 242 ) (0 -686.987976 242 ) (0 -447.988007 242 ) (40 -447.988007 242 ) 
4 194 515 (202 -586 242 ) (202 -580 242 ) (304 -580 242 ) (304 -586 242 ) 
4 194 514 (202 -580 242 ) (202 -447.988007 242 ) (304 -447.988007 242 ) (304 -580 242 ) 
4 194 517 (304 -686.987976 242 ) (202 -686.987976 242 ) (202 -586 242 ) (304 -586 242 ) 
4 194 518 (202 -686.987976 242 ) (40 -686.987976 242 ) (40 -447.988007 242 ) (202 -447.988007 242 ) 
4 194 508 (359.100037 -598.987976 242 ) (359.100037 -578.987976 242 ) (364.100037 -578.987976 242 ) (364.100037 -598.987976 242 ) 
4 194 507 (359.100037 -578.987976 242 ) (359.100037 -447.988007 242 ) (364.100037 -447.988007 242 ) (364.100037 -578.987976 242 ) 
4 194 510 (364.100037 -686.987976 242 ) (359.100037 -686.987976 242 ) (359.100037 -598.987976 242 ) (364.100037 -598.987976 242 ) 
4 194 511 (359.100037 -686.987976 242 ) (304 -686.987976 242 ) (304 -447.988007 242 ) (359.100037 -447.988007 242 ) 
4 194 502 (0 -447.988007 242 ) (0 0 242 ) (364.100037 0 242 ) (364.100037 -447.988007 242 ) 
4 194 498 (1024 -511.988007 242 ) (1024 -686.987976 242 ) (554.478638 -686.987976 242 ) (554.478638 -511.988007 242 ) 
4 194 496 (1024 -415.988007 242 ) (1024 -511.988007 242 ) (554.478638 -511.988007 242 ) (554.478638 -415.988007 242 ) 
4 194 475 (512.101929 -686.987976 242 ) (507.101959 -686.987976 242 ) (507.101959 -661.987976 242 ) (512.101929 -661.987976 242 ) 
4 194 474 (531.101990 -686.987976 242 ) (512.101929 -686.987976 242 ) (512.101929 -661.987976 242 ) (531.101990 -661.987976 242 ) 
4 194 385 (376.100037 -686.987976 242 ) (364.100037 -686.987976 242 ) (364.100037 -661.987976 242 ) (376.100037 -661.987976 242 ) 
4 194 365 (381.100037 -686.987976 242 ) (376.100037 -686.987976 242 ) (376.100037 -661.987976 242 ) (381.100037 -661.987976 242 ) 
4 194 363 (405.093994 -686.987976 242 ) (381.100037 -686.987976 242 ) (381.100037 -661.987976 242 ) (405.093994 -661.987976 242 ) 
4 194 349 (500 -686.987976 242 ) (405.093994 -686.987976 242 ) (405.093994 -672 242 ) (500 -672 242 ) 
4 194 348 (405.093994 -672 242 ) (405.093994 -661.987976 242 ) (500 -661.987976 242 ) (500 -672 242 ) 
4 194 347 (507.101959 -686.987976 242 ) (500 -686.987976 242 ) (500 -661.987976 242 ) (507.101959 -661.987976 242 ) 
4 194 297 (550.101990 -686.987976 242 ) (531.101990 -686.987976 242 ) (531.101990 -661.987976 242 ) (550.101990 -661.987976 242 ) 
4 194 250 (364.100037 -661.987976 242 ) (364.100037 -526.987976 242 ) (550.101990 -526.987976 242 ) (550.101990 -661.987976 242 ) 
4 194 247 (384 -511.988007 242 ) (480 -511.988007 242 ) (480 -526.987976 242 ) (384 -526.987976 242 ) 
4 194 246 (480 -511.988007 242 ) (550.101990 -511.988007 242 ) (550.101990 -526.987976 242 ) (480 -526.987976 242 ) 
4 194 249 (364.100037 -526.987976 242 ) (364.100037 -511.988007 242 ) (384 -511.988007 242 ) (384 -526.987976 242 ) 
4 194 239 (554.478638 -686.987976 242 ) (550.101990 -686.987976 242 ) (550.101990 -511.988007 242 ) (554.478638 -511.988007 242 ) 
4 194 236 (384 -415.988007 242 ) (480 -415.988007 242 ) (480 -511.988007 242 ) (384 -511.988007 242 ) 
4 194 238 (364.100037 -511.988007 242 ) (364.100037 -415.988007 242 ) (384 -415.988007 242 ) (384 -511.988007 242 ) 
4 194 234 (480 -415.988007 242 ) (554.478638 -415.988007 242 ) (554.478638 -511.988007 242 ) (480 -511.988007 242 ) 
4 194 233 (1024 -127.987999 242 ) (1024 -415.988007 242 ) (364.100037 -415.988007 242 ) (364.100037 -127.987999 242 ) 
4 194 231 (512 -127.987999 242 ) (364.100037 -127.987999 242 ) (364.100037 -31.988302 242 ) (512 -31.988302 242 ) 
4 194 230 (364.100037 -31.988302 242 ) (364.100037 0 242 ) (512 0 242 ) (512 -31.988302 242 ) 
4 194 228 (608 -127.987999 242 ) (512 -127.987999 242 ) (512 0 242 ) (608 0 242 ) 
4 194 227 (1024 0 242 ) (1024 -127.987999 242 ) (608 -127.987999 242 ) (608 0 242 ) 
4 194 199 (357.724487 -686.987976 242 ) (554.478577 -686.987976 242 ) (547.920227 -686.987976 247 ) (364.283112 -686.987976 247 ) 
3 194 198 (350.492340 -686.987976 242 ) (354.101471 -686.987976 242 ) (353.101410 -686.987976 244.001099 ) 
4 194 197 (0 -686.987976 242 ) (350.492340 -686.987976 242 ) (357.011475 -686.987976 247 ) (0 -686.987976 247 ) 
3 194 196 (558.103455 -686.987976 242 ) (561.709534 -686.987976 242 ) (559.103394 -686.987976 243.998886 ) 
4 194 195 (561.709534 -686.987976 242 ) (1024 -686.987976 242 ) (1024 -686.987976 247 ) (555.190613 -686.987976 247 ) 
4 195 567 (1024 -1024 242 ) (1024 -1024 247 ) (555.190613 -1024 247 ) (561.709534 -1024 242 ) 
4 195 501 (1024 -896.987976 242 ) (1024 -1024 242 ) (561.709595 -1024 242 ) (561.709534 -896.987976 242 ) 
4 195 500 (1024 -832.987976 242 ) (1024 -896.987976 242 ) (561.709534 -896.987976 242 ) (561.709534 -832.987976 242 ) 
4 195 499 (1024 -686.987976 242 ) (1024 -832.987976 242 ) (561.709534 -832.987976 242 ) (561.709534 -686.987976 242 ) 
4 195 210 (555.191406 -896.987976 247 ) (555.191406 -832.987976 247 ) (559.104370 -832.987976 243.998795 ) (559.104675 -896.987976 243.998566 ) 
4 195 196 (559.103638 -686.987976 244 ) (561.710388 -686.987976 242 ) (561.710388 -1024 242 ) (559.105286 -1024 243.998093 ) 
3 196 569 (558.105713 -1024 242 ) (561.709534 -1024 242 ) (559.105042 -1024 243.997635 ) 
4 196 501 (561.709595 -1024 242 ) (558.105713 -1024 242 ) (558.104858 -896.987976 242 ) (561.709534 -896.987976 242 ) 
4 196 500 (558.104858 -896.987976 242 ) (558.104431 -832.987976 242 ) (561.709534 -832.987976 242 ) (561.709534 -896.987976 242 ) 
4 196 499 (558.104431 -832.987976 242 ) (558.103455 -686.987976 242 ) (561.709534 -686.987976 242 ) (561.709534 -832.987976 242 ) 
4 196 210 (559.104980 -896.987976 244 ) (559.104675 -832.987976 244 ) (558.103760 -832.987976 242 ) (558.104187 -896.987976 242 ) 
4 197 823 (0 -812.987976 247 ) (0 -735.987976 247 ) (0 -735.987976 242 ) (0 -812.987976 242 ) 
4 197 791 (0 -735.987976 247 ) (0 -686.987976 247 ) (0 -686.987976 242 ) (0 -735.987976 242 ) 
4 197 555 (0 -752 242 ) (0 -746.670044 242 ) (40 -746.670044 242 ) (40 -752 242 ) 
4 197 556 (0 -812.987976 242 ) (0 -752 242 ) (40 -752 242 ) (40 -812.987976 242 ) 
4 197 554 (40 -746.670044 242 ) (88 -746.670044 242 ) (88 -812.987976 242 ) (40 -812.987976 242 ) 
4 197 553 (0 -746.670044 242 ) (0 -741.330017 242 ) (40 -741.330017 242 ) (40 -746.670044 242 ) 
4 197 552 (40 -741.330017 242 ) (88 -741.330017 242 ) (88 -746.670044 242 ) (40 -746.670044 242 ) 
4 197 551 (0 -741.330017 242 ) (0 -735.987976 242 ) (40 -735.987976 242 ) (40 -741.330017 242 ) 
4 197 550 (40 -735.987976 242 ) (88 -735.987976 242 ) (88 -741.330017 242 ) (40 -741.330017 242 ) 
4 197 523 (88 -735.987976 242 ) (350.492340 -735.987976 242 ) (350.492340 -812.987976 242 ) (88 -812.987976 242 ) 
4 197 519 (0 -735.987976 242 ) (0 -686.987976 242 ) (40 -686.987976 242 ) (40 -735.987976 242 ) 
4 197 517 (202 -686.987976 242 ) (304 -686.987976 242 ) (304 -735.987976 242 ) (202 -735.987976 242 ) 
4 197 518 (40 -686.987976 242 ) (202 -686.987976 242 ) (202 -735.987976 242 ) (40 -735.987976 242 ) 
4 197 513 (304 -686.987976 242 ) (350.492340 -686.987976 242 ) (350.492340 -735.987976 242 ) (304 -735.987976 242 ) 
4 197 217 (0 -812.987976 242 ) (350.492340 -812.987976 242 ) (357.011475 -812.987976 247 ) (0 -812.987976 247 ) 
4 197 206 (353.101593 -812.987976 244 ) (350.493927 -812.987976 242 ) (350.493835 -805.987976 242 ) (353.101593 -805.987976 244 ) 
4 197 204 (350.493835 -805.987976 242 ) (350.492371 -700.987976 242 ) (353.101440 -700.987976 244 ) (353.101593 -805.987976 244 ) 
4 197 198 (350.492371 -700.987976 242 ) (350.492188 -686.987976 242 ) (353.101410 -686.987976 244.001083 ) (353.101440 -700.987976 244 ) 
4 198 513 (350.492340 -686.987976 242 ) (354.101471 -686.987976 242 ) (354.101440 -700.987976 242 ) (350.492340 -700.987976 242 ) 
3 198 204 (353.098389 -700.987976 244.007080 ) (350.481506 -700.987976 242 ) (354.101410 -700.987976 242 ) 
4 199 512 (357.724487 -686.987976 242 ) (364.100037 -686.987976 242 ) (364.100037 -693.987976 242 ) (357.724457 -693.987976 242 ) 
4 199 475 (507.101959 -686.987976 242 ) (512.101929 -686.987976 242 ) (512.101929 -693.987976 242 ) (507.101959 -693.987976 242 ) 
4 199 474 (512.101929 -686.987976 242 ) (531.101990 -686.987976 242 ) (531.101990 -693.987976 242 ) (512.101929 -693.987976 242 ) 
4 199 385 (364.100037 -686.987976 242 ) (376.100037 -686.987976 242 ) (376.100037 -693.987976 242 ) (364.100037 -693.987976 242 ) 
4 199 365 (376.100037 -686.987976 242 ) (381.100037 -686.987976 242 ) (381.100037 -693.987976 242 ) (376.100037 -693.987976 242 ) 
4 199 363 (381.100037 -686.987976 242 ) (405.093994 -686.987976 242 ) (405.093994 -693.987976 242 ) (381.100037 -693.987976 242 ) 
4 199 349 (405.093994 -686.987976 242 ) (500 -686.987976 242 ) (500 -693.987976 242 ) (405.093994 -693.987976 242 ) 
4 199 347 (500 -686.987976 242 ) (507.101959 -686.987976 242 ) (507.101959 -693.987976 242 ) (500 -693.987976 242 ) 
4 199 297 (531.101990 -686.987976 242 ) (550.101990 -686.987976 242 ) (550.101990 -693.987976 242 ) (531.101990 -693.987976 242 ) 
4 199 239 (550.101990 -686.987976 242 ) (554.478577 -686.987976 242 ) (554.478638 -693.987976 242 ) (550.101990 -693.987976 242 ) 
3 199 201 (357.724457 -693.987976 242 ) (364.100037 -693.987976 242 ) (364.100037 -693.987976 246.860458 ) 
3 199 200 (548.101990 -693.987976 242 ) (554.478638 -693.987976 242 ) (548.101990 -693.987976 246.861435 ) 
4 200 298 (550.101990 -700.987976 242 ) (548.101990 -700.987976 242 ) (548.101990 -693.987976 242 ) (550.101990 -693.987976 242 ) 
4 200 239 (554.478699 -700.987976 242 ) (550.101990 -700.987976 242 ) (550.101990 -693.987976 242 ) (554.478638 -693.987976 242 ) 
3 200 202 (548.101990 -700.987976 246.861389 ) (548.101990 -700.987976 242 ) (554.478699 -700.987976 242 ) 
4 201 512 (364.100037 -700.987976 242 ) (357.724396 -700.987976 242 ) (357.724457 -693.987976 242 ) (364.100037 -693.987976 242 ) 
3 201 205 (357.724396 -700.987976 242 ) (364.100037 -700.987976 242 ) (364.100037 -700.987976 246.860489 ) 
4 202 300 (550.101990 -805.987976 242 ) (548.101990 -805.987976 242 ) (548.101990 -700.987976 242 ) (550.101990 -700.987976 242 ) 
4 202 239 (554.478577 -805.987976 242 ) (550.101990 -805.987976 242 ) (550.101990 -700.987976 242 ) (554.478699 -700.987976 242 ) 
3 202 207 (548.101990 -805.987976 246.861389 ) (548.101990 -805.987976 242 ) (554.478699 -805.987976 242 ) 
4 203 476 (512.101929 -805.987976 242 ) (507.101959 -805.987976 242 ) (507.101959 -700.987976 242 ) (512.101929 -700.987976 242 ) 
4 203 474 (531.101990 -805.987976 242 ) (512.101929 -805.987976 242 ) (512.101929 -700.987976 242 ) (531.101990 -700.987976 242 ) 
4 203 367 (500 -805.987976 242 ) (404.149994 -805.987976 242 ) (404.149994 -700.987976 242 ) (500 -700.987976 242 ) 
4 203 366 (507.101959 -805.987976 242 ) (500 -805.987976 242 ) (500 -700.987976 242 ) (507.101959 -700.987976 242 ) 
4 203 369 (404.149994 -805.987976 242 ) (381.100037 -805.987976 242 ) (381.100037 -700.987976 242 ) (404.149994 -700.987976 242 ) 
4 204 523 (352 -805.987976 242 ) (350.492340 -805.987976 242 ) (350.492340 -735.987976 242 ) (352 -735.987976 242 ) 
4 204 522 (354.101166 -805.987976 242 ) (352 -805.987976 242 ) (352 -735.987976 242 ) (354.101349 -735.987976 242 ) 
4 204 513 (350.492340 -735.987976 242 ) (350.492340 -700.987976 242 ) (354.101440 -700.987976 242 ) (354.101349 -735.987976 242 ) 
3 204 206 (353.098175 -805.987976 244.006927 ) (350.481506 -805.987976 242 ) (354.101166 -805.987976 242 ) 
4 205 521 (364.100037 -805.987976 242 ) (357.723816 -805.987976 242 ) (357.724213 -735.987976 242 ) (364.100037 -735.987976 242 ) 
4 205 512 (357.724213 -735.987976 242 ) (357.724396 -700.987976 242 ) (364.100037 -700.987976 242 ) (364.100037 -735.987976 242 ) 
3 205 208 (357.723816 -805.987976 242 ) (364.100037 -805.987976 242 ) (364.100037 -805.987976 246.860931 ) 
4 206 523 (352 -812.987976 242 ) (350.492340 -812.987976 242 ) (350.492340 -805.987976 242 ) (352 -805.987976 242 ) 
4 206 522 (354.101135 -812.987976 242 ) (352 -812.987976 242 ) (352 -805.987976 242 ) (354.101166 -805.987976 242 ) 
3 206 218 (350.492340 -812.987976 242 ) (354.101135 -812.987976 242 ) (353.101166 -812.987976 244 ) 
4 207 307 (550.101990 -812.987976 242 ) (548.101990 -812.987976 242 ) (548.101990 -805.987976 242 ) (550.101990 -805.987976 242 ) 
4 207 239 (554.478638 -812.987976 242 ) (550.101990 -812.987976 242 ) (550.101990 -805.987976 242 ) (554.478577 -805.987976 242 ) 
3 207 209 (548.101990 -812.987976 242 ) (554.478699 -812.987976 242 ) (548.101990 -812.987976 246.861389 ) 
4 208 521 (364.100037 -812.987976 242 ) (357.723755 -812.987976 242 ) (357.723816 -805.987976 242 ) (364.100037 -805.987976 242 ) 
3 208 219 (357.723755 -812.987976 242 ) (364.100037 -812.987976 242 ) (364.100037 -812.987976 246.860962 ) 
4 209 324 (548.101990 -812.987976 242 ) (550.101990 -812.987976 242 ) (550.101990 -832.987976 242 ) (548.101990 -832.987976 242 ) 
4 209 239 (550.101990 -812.987976 242 ) (554.478638 -812.987976 242 ) (554.478638 -832.987976 242 ) (550.101990 -832.987976 242 ) 
3 209 210 (548.101990 -832.987976 242 ) (554.478577 -832.987976 242 ) (548.101990 -832.987976 246.861389 ) 
4 210 500 (558.104431 -832.987976 242 ) (558.104858 -896.987976 242 ) (554.478577 -896.987976 242 ) (554.478638 -832.987976 242 ) 
4 210 324 (550.101990 -896.987976 242 ) (548.101990 -896.987976 242 ) (548.101990 -832.987976 242 ) (550.101990 -832.987976 242 ) 
4 210 239 (554.478577 -896.987976 242 ) (550.101990 -896.987976 242 ) (550.101990 -832.987976 242 ) (554.478638 -832.987976 242 ) 
3 210 211 (548.101990 -896.987976 242 ) (554.478577 -896.987976 242 ) (548.101990 -896.987976 246.861389 ) 
4 211 324 (550.101990 -940.987976 242 ) (548.101990 -940.987976 242 ) (548.101990 -896.987976 242 ) (550.101990 -896.987976 242 ) 
4 211 239 (554.478638 -940.987976 242 ) (550.101990 -940.987976 242 ) (550.101990 -896.987976 242 ) (554.478577 -896.987976 242 ) 
3 211 213 (548.101990 -940.987976 242 ) (554.478638 -940.987976 242 ) (548.101990 -940.987976 246.861389 ) 
4 212 477 (507.101959 -812.987976 242 ) (512.101929 -812.987976 242 ) (512.101929 -940.987976 242 ) (507.101959 -940.987976 242 ) 
4 212 474 (512.101929 -812.987976 242 ) (531.101990 -812.987976 242 ) (531.101990 -940.987976 242 ) (512.101929 -940.987976 242 ) 
4 212 390 (381.100037 -940.987976 242 ) (381.100037 -812.987976 242 ) (507.101959 -812.987976 242 ) (507.101959 -940.987976 242 ) 
4 213 324 (548.101990 -940.987976 242 ) (550.101990 -940.987976 242 ) (550.101990 -947.987976 242 ) (548.101990 -947.987976 242 ) 
4 213 239 (550.101990 -940.987976 242 ) (554.478638 -940.987976 242 ) (554.478638 -947.987976 242 ) (550.101990 -947.987976 242 ) 
3 213 214 (548.101990 -947.987976 242 ) (554.478638 -947.987976 242 ) (548.101990 -947.987976 246.861389 ) 
4 214 324 (548.101990 -947.987976 242 ) (550.101990 -947.987976 242 ) (550.101990 -1014.989990 242 ) (548.101990 -1014.989990 242 ) 
4 214 239 (550.101990 -947.987976 242 ) (554.478638 -947.987976 242 ) (554.478638 -1014.989990 242 ) (550.101990 -1014.989990 242 ) 
3 214 216 (548.101990 -1014.989990 242 ) (554.478638 -1014.989990 242 ) (548.101990 -1014.989990 246.861389 ) 
4 215 478 (507.101959 -947.987976 242 ) (512.101929 -947.987976 242 ) (512.101929 -1014.989990 242 ) (507.101959 -1014.989990 242 ) 
4 215 474 (512.101929 -947.987976 242 ) (531.101990 -947.987976 242 ) (531.101990 -1014.989990 242 ) (512.101929 -1014.989990 242 ) 
4 215 424 (404.149994 -947.987976 242 ) (500 -947.987976 242 ) (500 -1004 242 ) (404.149994 -1004 242 ) 
4 215 426 (500 -1004 242 ) (500 -1014.989990 242 ) (404.149994 -1014.989990 242 ) (404.149994 -1004 242 ) 
4 215 423 (500 -947.987976 242 ) (507.101959 -947.987976 242 ) (507.101959 -1014.989990 242 ) (500 -1014.989990 242 ) 
4 215 427 (381.100037 -1014.989990 242 ) (381.100037 -947.987976 242 ) (404.149994 -947.987976 242 ) (404.149994 -1014.989990 242 ) 
3 216 585 (548.101990 -1024 246.861389 ) (548.101990 -1024 242 ) (554.478638 -1024 242 ) 
4 216 479 (554.478638 -1024 242 ) (548.101990 -1024 242 ) (548.101990 -1014.989990 242 ) (554.478638 -1014.989990 242 ) 
4 217 823 (0 -947.987976 247 ) (0 -812.987976 247 ) (0 -812.987976 242 ) (0 -947.987976 242 ) 
4 217 556 (0 -947.987976 242 ) (0 -812.987976 242 ) (40 -812.987976 242 ) (40 -947.987976 242 ) 
4 217 554 (40 -812.987976 242 ) (88 -812.987976 242 ) (88 -947.987976 242 ) (40 -947.987976 242 ) 
4 217 523 (88 -812.987976 242 ) (350.492371 -812.987976 242 ) (350.492371 -947.987976 242 ) (88 -947.987976 242 ) 
4 217 222 (0 -947.987976 242 ) (350.492371 -947.987976 242 ) (357.011475 -947.987976 247 ) (0 -947.987976 247 ) 
4 217 220 (353.100433 -947.987976 244.001572 ) (350.490753 -947.987976 242 ) (350.490814 -940.987976 242 ) (353.100464 -940.987976 244.001541 ) 
4 217 218 (350.490814 -940.987976 242 ) (350.492188 -812.987976 242 ) (353.101166 -812.987976 244 ) (353.100464 -940.987976 244.001541 ) 
4 218 523 (350.492371 -812.987976 242 ) (352 -812.987976 242 ) (352 -940.987976 242 ) (350.492371 -940.987976 242 ) 
4 218 522 (352 -812.987976 242 ) (354.101135 -812.987976 242 ) (354.100769 -940.987976 242 ) (352 -940.987976 242 ) 
3 218 220 (353.097626 -940.987976 244.007217 ) (350.480591 -940.987976 242 ) (354.100739 -940.987976 242 ) 
4 219 521 (357.723755 -812.987976 242 ) (364.100037 -812.987976 242 ) (364.100037 -940.987976 242 ) (357.723053 -940.987976 242 ) 
3 219 221 (357.723053 -940.987976 242 ) (364.100037 -940.987976 242 ) (364.100037 -940.987976 246.861511 ) 
4 220 523 (352 -947.987976 242 ) (350.492371 -947.987976 242 ) (350.492371 -940.987976 242 ) (352 -940.987976 242 ) 
4 220 522 (354.100769 -947.987976 242 ) (352 -947.987976 242 ) (352 -940.987976 242 ) (354.100769 -940.987976 242 ) 
3 220 223 (350.492371 -947.987976 242 ) (354.100769 -947.987976 242 ) (353.100891 -947.987976 244 ) 
4 221 521 (364.100037 -947.987976 242 ) (357.723022 -947.987976 242 ) (357.723053 -940.987976 242 ) (364.100037 -940.987976 242 ) 
3 221 224 (357.723022 -947.987976 242 ) (364.100037 -947.987976 242 ) (364.100037 -947.987976 246.861542 ) 
4 222 824 (0 -991.987976 247 ) (0 -983.987976 247 ) (0 -983.987976 242 ) (0 -991.987976 242 ) 
4 222 823 (0 -983.987976 247 ) (0 -947.987976 247 ) (0 -947.987976 242 ) (0 -983.987976 242 ) 
4 222 826 (0 -1024 242 ) (0 -1024 247 ) (0 -991.987976 247 ) (0 -991.987976 242 ) 
5 222 632 (352 -1024 247 ) (0 -1024 247 ) (0 -1024 242 ) (350.492371 -1024 242 ) (352 -1024 243.156311 ) 
4 222 584 (357.011475 -1024 247 ) (352 -1024 247 ) (352 -1024 246.203140 ) (353.100769 -1024 244 ) 
3 222 568 (352 -1024 246.203140 ) (352 -1024 243.156311 ) (353.100769 -1024 244 ) 
4 222 557 (0 -991.987976 242 ) (0 -983.987976 242 ) (88 -983.987976 242 ) (88 -991.987976 242 ) 
4 222 560 (88 -1024 242 ) (0 -1024 242 ) (0 -991.987976 242 ) (88 -991.987976 242 ) 
4 222 556 (0 -983.987976 242 ) (0 -947.987976 242 ) (40 -947.987976 242 ) (40 -983.987976 242 ) 
4 222 554 (40 -947.987976 242 ) (88 -947.987976 242 ) (88 -983.987976 242 ) (40 -983.987976 242 ) 
4 222 545 (96 -1024 242 ) (88 -1024 242 ) (88 -991.987976 242 ) (96 -991.987976 242 ) 
4 222 544 (350.492371 -1024 242 ) (96 -1024 242 ) (96 -991.987976 242 ) (350.492371 -991.987976 242 ) 
4 222 523 (88 -991.987976 242 ) (88 -947.987976 242 ) (350.492371 -947.987976 242 ) (350.492371 -991.987976 242 ) 
4 222 225 (350.492188 -1024 242 ) (350.492188 -1014.989990 242 ) (353.100739 -1014.989990 244 ) (353.100739 -1024 244 ) 
4 222 223 (350.492188 -1014.989990 242 ) (350.492188 -947.987976 242 ) (353.100891 -947.987976 244 ) (353.100739 -1014.989990 244 ) 
4 223 544 (350.492371 -1014.989990 242 ) (350.492371 -991.987976 242 ) (352 -991.987976 242 ) (352 -1014.989990 242 ) 
4 223 523 (350.492371 -991.987976 242 ) (350.492371 -947.987976 242 ) (352 -947.987976 242 ) (352 -991.987976 242 ) 
4 223 522 (352 -947.987976 242 ) (354.100769 -947.987976 242 ) (354.100555 -1014.989990 242 ) (352 -1014.989990 242 ) 
3 223 225 (353.097473 -1014.989990 244.007095 ) (350.480591 -1014.989990 242 ) (354.100555 -1014.989990 242 ) 
4 224 521 (357.723022 -947.987976 242 ) (364.100037 -947.987976 242 ) (364.100037 -1014.989990 242 ) (357.722626 -1014.989990 242 ) 
3 224 226 (357.722626 -1014.989990 242 ) (364.100037 -1014.989990 242 ) (364.100037 -1014.989990 246.861832 ) 
3 225 632 (352 -1024 243.156311 ) (350.492371 -1024 242 ) (352 -1024 242 ) 
4 225 568 (353.100769 -1024 244 ) (352 -1024 243.156311 ) (352 -1024 242 ) (354.100555 -1024 242 ) 
4 225 544 (352 -1024 242 ) (350.492371 -1024 242 ) (350.492371 -1014.989990 242 ) (352 -1014.989990 242 ) 
4 225 522 (354.100555 -1024 242 ) (352 -1024 242 ) (352 -1014.989990 242 ) (354.100555 -1014.989990 242 ) 
3 226 586 (357.722595 -1024 242 ) (364.100037 -1024 242 ) (364.100037 -1024 246.861877 ) 
4 226 521 (364.100037 -1024 242 ) (357.722595 -1024 242 ) (357.722626 -1014.989990 242 ) (364.100037 -1014.989990 242 ) 
4 227 233 (608 -127.987999 -120 ) (1024 -127.987999 -120 ) (1024 -127.987999 242 ) (608 -127.987999 242 ) 
4 227 228 (608 -127.987999 80 ) (608 -127.987999 242 ) (608 0 242 ) (608 0 80 ) 
4 227 229 (608 0 -120 ) (608 -127.987999 -120 ) (608 -127.987999 64 ) (608 0 64 ) 
4 228 233 (608 -127.987999 80 ) (608 -127.987999 242 ) (512 -127.987999 242 ) (512 -127.987999 80 ) 
4 228 231 (512 -127.987999 80 ) (512 -127.987999 242 ) (512 -31.988302 242 ) (512 -31.988302 80 ) 
4 228 230 (512 -31.988302 242 ) (512 0 242 ) (512 0 80 ) (512 -31.988302 80 ) 
4 229 233 (512 -127.987999 -120 ) (608 -127.987999 -120 ) (608 -127.987999 64 ) (512 -127.987999 64 ) 
4 229 232 (512 -31.988302 -120 ) (512 -127.987999 -120 ) (512 -127.987999 64 ) (512 -31.988302 64 ) 
4 229 230 (512 0 -120 ) (512 -31.988302 -120 ) (512 -31.988302 64 ) (512 0 64 ) 
4 230 503 (364.100037 -31.988302 64 ) (364.100037 -31.988302 80 ) (364.100037 0 80 ) (364.100037 0 64 ) 
4 230 502 (364.100037 -31.988302 80 ) (364.100037 -31.988302 242 ) (364.100037 0 242 ) (364.100037 0 80 ) 
4 230 506 (364.100037 0 -120 ) (364.100037 -31.988302 -120 ) (364.100037 -31.988302 64 ) (364.100037 0 64 ) 
4 230 231 (364.100037 -31.988302 242 ) (364.100037 -31.988302 80 ) (512 -31.988302 80 ) (512 -31.988302 242 ) 
4 230 232 (364.100037 -31.988302 64 ) (364.100037 -31.988302 -120 ) (512 -31.988302 -120 ) (512 -31.988302 64 ) 
4 231 502 (364.100037 -127.987999 80 ) (364.100037 -127.987999 242 ) (364.100037 -31.988302 242 ) (364.100037 -31.988302 80 ) 
4 231 233 (364.100037 -127.987999 242 ) (364.100037 -127.987999 80 ) (512 -127.987999 80 ) (512 -127.987999 242 ) 
4 232 506 (364.100037 -31.988302 -120 ) (364.100037 -127.987999 -120 ) (364.100037 -127.987999 64 ) (364.100037 -31.988302 64 ) 
4 232 233 (364.100037 -127.987999 64 ) (364.100037 -127.987999 -120 ) (512 -127.987999 -120 ) (512 -127.987999 64 ) 
4 233 504 (364.100037 -415.988007 64 ) (364.100037 -415.988007 80 ) (364.100037 -127.987999 80 ) (364.100037 -127.987999 64 ) 
4 233 502 (364.100037 -415.988007 80 ) (364.100037 -415.988007 242 ) (364.100037 -127.987999 242 ) (364.100037 -127.987999 80 ) 
4 233 506 (364.100037 -127.987999 -120 ) (364.100037 -415.988007 -120 ) (364.100037 -415.988007 64 ) (364.100037 -127.987999 64 ) 
4 233 496 (1024 -415.988007 80 ) (1024 -415.988007 242 ) (554.478638 -415.988007 242 ) (766.972168 -415.988007 80 ) 
3 233 497 (1024 -415.988007 -115.951920 ) (1024 -415.988007 64 ) (787.959167 -415.988007 64 ) 
4 233 236 (480 -415.988007 80 ) (480 -415.988007 242 ) (384 -415.988007 242 ) (384 -415.988007 80 ) 
4 233 237 (384 -415.988007 -120 ) (480 -415.988007 -120 ) (480 -415.988007 64 ) (384 -415.988007 64 ) 
4 233 238 (364.100037 -415.988007 242 ) (364.100037 -415.988007 -120 ) (384 -415.988007 -120 ) (384 -415.988007 242 ) 
4 233 234 (766.972107 -415.988007 80 ) (554.478638 -415.988007 242 ) (480 -415.988007 242 ) (480 -415.988007 80 ) 
5 233 235 (480 -415.988007 -120 ) (1024 -415.988007 -120 ) (1024 -415.988007 -115.951920 ) (787.959106 -415.988007 64 ) (480 -415.988007 64 ) 
4 234 496 (766.974060 -415.988007 80 ) (554.479858 -415.988007 242 ) (554.479858 -511.988007 242 ) (766.974060 -511.988007 80 ) 
4 234 246 (550.101990 -511.988007 242 ) (480 -511.988007 242 ) (480 -511.988007 80 ) (550.101990 -511.988007 80 ) 
4 234 240 (766.969604 -511.988007 80 ) (765.657898 -511.988007 81 ) (550.101990 -511.988007 81 ) (550.101990 -511.988007 80 ) 
4 234 239 (765.657898 -511.988007 81 ) (554.475098 -511.988007 242 ) (550.101990 -511.988007 242 ) (550.101990 -511.988007 81 ) 
4 234 236 (480 -511.988007 80 ) (480 -511.988007 242 ) (480 -415.988007 242 ) (480 -415.988007 80 ) 
4 235 497 (1024 -415.988007 -115.949890 ) (787.961121 -415.988007 64 ) (787.961121 -511.988007 64 ) (1024 -511.988007 -115.949890 ) 
4 235 246 (550.101990 -511.988007 64 ) (480 -511.988007 64 ) (480 -511.988007 -120 ) (550.101990 -511.988007 -120 ) 
5 235 240 (1024 -511.988007 -115.952873 ) (787.956726 -511.988007 64 ) (550.101990 -511.988007 64 ) (550.101990 -511.988007 -120 ) (1024 -511.988007 -120 ) 
4 235 237 (480 -511.988007 -120 ) (480 -511.988007 64 ) (480 -415.988007 64 ) (480 -415.988007 -120 ) 
4 236 247 (480 -511.988007 242 ) (384 -511.988007 242 ) (384 -511.988007 80 ) (480 -511.988007 80 ) 
4 236 238 (384 -511.988007 80 ) (384 -511.988007 242 ) (384 -415.988007 242 ) (384 -415.988007 80 ) 
4 237 248 (384 -511.988007 64 ) (384 -511.988007 -120 ) (480 -511.988007 -120 ) (480 -511.988007 64 ) 
4 237 238 (384 -511.988007 -120 ) (384 -511.988007 64 ) (384 -415.988007 64 ) (384 -415.988007 -120 ) 
4 238 507 (364.100037 -447.988007 -120 ) (364.100037 -511.988007 -120 ) (364.100037 -511.988007 242 ) (364.100037 -447.988007 242 ) 
4 238 504 (364.100037 -447.988007 64 ) (364.100037 -447.988007 80 ) (364.100037 -415.988007 80 ) (364.100037 -415.988007 64 ) 
4 238 502 (364.100037 -447.988007 80 ) (364.100037 -447.988007 242 ) (364.100037 -415.988007 242 ) (364.100037 -415.988007 80 ) 
4 238 506 (364.100037 -415.988007 -120 ) (364.100037 -447.988007 -120 ) (364.100037 -447.988007 64 ) (364.100037 -415.988007 64 ) 
4 238 249 (384 -511.988007 242 ) (364.100037 -511.988007 242 ) (364.100037 -511.988007 -120 ) (384 -511.988007 -120 ) 
4 239 501 (557.100464 -1014.989990 240.002136 ) (765.662354 -1014.989990 81 ) (765.662354 -896.987976 81 ) (557.101624 -896.987976 240.001251 ) 
4 239 500 (554.479858 -832.987976 242 ) (554.479858 -896.987976 242 ) (765.662354 -896.987976 81 ) (765.662354 -832.987976 81 ) 
4 239 499 (557.103760 -832.987976 240 ) (765.662354 -832.987976 81 ) (765.662354 -686.987976 81 ) (557.103088 -686.987976 240 ) 
4 239 498 (554.479858 -511.988007 242 ) (554.479858 -686.987976 242 ) (765.662354 -686.987976 81 ) (765.662354 -511.988007 81 ) 
4 239 479 (765.657959 -1014.989990 81 ) (554.475098 -1014.989990 242 ) (550.101990 -1014.989990 242 ) (550.101990 -1014.989990 81 ) 
4 239 324 (550.101990 -812.987976 81 ) (550.101990 -1014.989990 81 ) (550.101990 -1014.989990 242 ) (550.101990 -812.987976 242 ) 
4 239 307 (550.101990 -805.987976 81 ) (550.101990 -812.987976 81 ) (550.101990 -812.987976 242 ) (550.101990 -805.987976 242 ) 
4 239 305 (550.101990 -700.987976 81 ) (550.101990 -805.987976 81 ) (550.101990 -805.987976 83 ) (550.101990 -700.987976 83 ) 
4 239 300 (550.101990 -805.987976 83 ) (550.101990 -805.987976 242 ) (550.101990 -700.987976 242 ) (550.101990 -700.987976 83 ) 
4 239 298 (550.101990 -693.987976 81 ) (550.101990 -700.987976 81 ) (550.101990 -700.987976 242 ) (550.101990 -693.987976 242 ) 
4 239 297 (550.101990 -661.987976 81 ) (550.101990 -693.987976 81 ) (550.101990 -693.987976 242 ) (550.101990 -661.987976 242 ) 
4 239 252 (550.101990 -547.987976 81 ) (550.101990 -562.987976 81 ) (550.101990 -562.987976 101 ) (550.101990 -547.987976 101 ) 
4 239 251 (550.101990 -526.987976 81 ) (550.101990 -547.987976 81 ) (550.101990 -547.987976 101 ) (550.101990 -526.987976 101 ) 
4 239 254 (550.101990 -562.987976 81 ) (550.101990 -661.987976 81 ) (550.101990 -661.987976 101 ) (550.101990 -562.987976 101 ) 
4 239 250 (550.101990 -661.987976 101 ) (550.101990 -661.987976 242 ) (550.101990 -526.987976 242 ) (550.101990 -526.987976 101 ) 
4 239 246 (550.101990 -511.988007 242 ) (550.101990 -511.988007 81 ) (550.101990 -526.987976 81 ) (550.101990 -526.987976 242 ) 
3 239 245 (552 -936.990662 81 ) (553.426880 -940.916748 81 ) (550.130615 -942.118042 81 ) 
4 239 244 (580.366943 -1014.989990 81 ) (550.101990 -1014.989990 81 ) (550.101990 -942.128479 81 ) (553.426880 -940.916748 81 ) 
5 239 243 (624.905945 -1014.989990 81 ) (580.366943 -1014.989990 81 ) (550.101990 -931.774658 81 ) (550.101990 -820.205688 81 ) (552 -814.986694 81 ) 
4 239 242 (765.660156 -1014.989990 81 ) (624.905945 -1014.989990 81 ) (550.131775 -809.860229 81 ) (765.660278 -888.494629 81 ) 
4 239 241 (550.101990 -809.849365 81 ) (550.101990 -708.202026 81 ) (552 -702.987915 81 ) (597.187012 -827.028076 81 ) 
5 239 240 (550.101990 -697.777832 81 ) (550.101990 -511.988007 81 ) (765.660522 -511.988007 81 ) (765.660278 -888.494629 81 ) (597.187012 -827.028076 81 ) 
3 240 501 (1024 -982.748352 -115.949890 ) (1024 -896.987976 -115.949890 ) (788.939697 -896.987976 63.253937 ) 
5 240 500 (1024 -896.987976 -115.949890 ) (1024 -832.987976 -115.949890 ) (765.662354 -832.987976 81 ) (765.662354 -888.495361 81 ) (788.939697 -896.987976 63.253937 ) 
4 240 499 (1024 -832.987976 -115.949890 ) (1024 -686.987976 -115.949890 ) (765.662354 -686.987976 81 ) (765.662354 -832.987976 81 ) 
4 240 498 (1024 -686.987976 -115.949890 ) (1024 -511.988007 -115.949890 ) (765.662354 -511.988007 81 ) (765.662354 -686.987976 81 ) 
4 240 311 (550.101990 -687.987976 -120 ) (550.101990 -697.782410 -120 ) (550.101990 -697.777893 78 ) (550.101990 -687.987976 78 ) 
4 240 309 (550.101990 -661.987976 -120 ) (550.101990 -687.987976 -120 ) (550.101990 -687.987976 73 ) (550.101990 -661.987976 73 ) 
4 240 299 (550.101990 -697.777893 78 ) (550.101990 -697.777832 81 ) (550.101990 -693.987976 81 ) (550.101990 -693.987976 78 ) 
4 240 297 (550.101990 -693.987976 81 ) (550.101990 -661.987976 81 ) (550.101990 -661.987976 78 ) (550.101990 -693.987976 78 ) 
4 240 252 (550.101990 -562.987976 81 ) (550.101990 -547.987976 81 ) (550.101990 -547.987976 78 ) (550.101990 -562.987976 78 ) 
4 240 253 (550.101990 -547.987976 73 ) (550.101990 -547.987976 -45 ) (550.101990 -562.987976 -45 ) (550.101990 -562.987976 73 ) 
4 240 251 (550.101990 -547.987976 81 ) (550.101990 -526.987976 81 ) (550.101990 -526.987976 -45 ) (550.101990 -547.987976 -45 ) 
4 240 254 (550.101990 -661.987976 -45 ) (550.101990 -661.987976 81 ) (550.101990 -562.987976 81 ) (550.101990 -562.987976 -45 ) 
4 240 296 (550.101990 -526.987976 -120 ) (550.101990 -661.987976 -120 ) (550.101990 -661.987976 -45 ) (550.101990 -526.987976 -45 ) 
4 240 246 (550.101990 -511.988007 81 ) (550.101990 -511.988007 -120 ) (550.101990 -526.987976 -120 ) (550.101990 -526.987976 81 ) 
5 240 242 (1024 -982.748352 -115.952103 ) (765.660522 -888.494812 81 ) (597.187134 -827.028320 81 ) (597.185181 -827.027588 -120 ) (1024 -982.748291 -120 ) 
4 240 241 (597.184448 -827.024963 -120 ) (597.186340 -827.025696 81 ) (552 -702.987610 81 ) (552 -702.989868 -120 ) 
4 241 312 (550.101990 -708.201965 -120 ) (550.101990 -809.849365 -120 ) (550.101990 -809.849365 78 ) (550.101990 -708.202026 78 ) 
4 241 308 (550.101990 -809.849365 78 ) (550.101990 -809.849365 81 ) (550.101990 -805.987976 81 ) (550.101990 -805.987976 78 ) 
4 241 306 (550.101990 -805.987976 81 ) (550.101990 -708.202026 81 ) (550.101990 -708.202026 78 ) (550.101990 -805.987976 78 ) 
4 241 242 (597.187134 -827.028320 81 ) (550.101990 -809.849609 81 ) (550.101990 -809.849609 -120 ) (597.185181 -827.027588 -120 ) 
5 242 501 (765.662354 -1014.989990 81 ) (1024 -1014.989990 -115.949890 ) (1024 -982.748352 -115.949890 ) (788.939697 -896.987976 63.253937 ) (765.662354 -896.987976 81 ) 
3 242 500 (788.939697 -896.987976 63.253937 ) (765.662354 -888.495361 81 ) (765.662354 -896.987976 81 ) 
5 242 480 (1024 -1014.989990 -115.952873 ) (765.657959 -1014.989990 81 ) (624.905945 -1014.989990 81 ) (624.904968 -1014.989990 -120 ) (1024 -1014.989990 -120 ) 
4 242 243 (552 -814.990051 -120 ) (624.903320 -1014.989990 -120 ) (624.904297 -1014.989990 81 ) (552 -814.988647 81 ) 
4 243 480 (624.905945 -1014.989990 81 ) (580.366943 -1014.989990 81 ) (580.368835 -1014.989990 -120 ) (624.904968 -1014.989990 -120 ) 
4 243 325 (550.101990 -820.205750 -120 ) (550.101990 -931.769409 -120 ) (550.101990 -931.774658 81 ) (550.101990 -820.205688 81 ) 
4 243 245 (553.428406 -940.916260 81 ) (552 -936.988281 81 ) (552 -936.985657 -120 ) (553.430054 -940.915588 -120 ) 
4 243 244 (580.369080 -1014.989990 -120 ) (580.367188 -1014.989990 81 ) (553.428406 -940.916260 81 ) (553.430054 -940.915588 -120 ) 
4 244 480 (580.366943 -1014.989990 81 ) (550.101990 -1014.989990 81 ) (550.101990 -1014.989990 -120 ) (580.368835 -1014.989990 -120 ) 
4 244 326 (550.101990 -942.128540 -120 ) (550.101990 -1014.989990 -120 ) (550.101990 -1014.989990 81 ) (550.101990 -942.128479 81 ) 
4 244 245 (553.429016 -940.915283 81 ) (553.430664 -940.914673 -120 ) (550.101990 -942.128906 -120 ) (550.101990 -942.128906 81 ) 
4 246 287 (480 -526.987976 73 ) (480 -526.987976 -45 ) (517.101990 -526.987976 -45 ) (517.101990 -526.987976 73 ) 
4 246 278 (517.101990 -526.987976 -45 ) (536.101990 -526.987976 -45 ) (536.101990 -526.987976 73 ) (517.101990 -526.987976 73 ) 
4 246 277 (536.101990 -526.987976 -45 ) (549.101990 -526.987976 -45 ) (549.101990 -526.987976 73 ) (536.101990 -526.987976 73 ) 
4 246 256 (480 -526.987976 80 ) (480 -526.987976 73 ) (549.101990 -526.987976 73 ) (549.101990 -526.987976 80 ) 
4 246 255 (549.101990 -526.987976 101 ) (480 -526.987976 101 ) (480 -526.987976 80 ) (549.101990 -526.987976 80 ) 
4 246 251 (550.101990 -526.987976 -45 ) (550.101990 -526.987976 101 ) (549.101990 -526.987976 101 ) (549.101990 -526.987976 -45 ) 
4 246 250 (550.101990 -526.987976 101 ) (550.101990 -526.987976 242 ) (480 -526.987976 242 ) (480 -526.987976 101 ) 
4 246 296 (550.101990 -526.987976 -120 ) (550.101990 -526.987976 -45 ) (480 -526.987976 -45 ) (480 -526.987976 -120 ) 
4 246 247 (480 -511.988007 242 ) (480 -511.988007 80 ) (480 -526.987976 80 ) (480 -526.987976 242 ) 
4 246 248 (480 -511.988007 64 ) (480 -511.988007 -120 ) (480 -526.987976 -120 ) (480 -526.987976 64 ) 
4 247 255 (384 -526.987976 101 ) (384 -526.987976 80 ) (480 -526.987976 80 ) (480 -526.987976 101 ) 
4 247 250 (480 -526.987976 242 ) (384 -526.987976 242 ) (384 -526.987976 101 ) (480 -526.987976 101 ) 
4 247 249 (384 -511.988007 242 ) (384 -511.988007 80 ) (384 -526.987976 80 ) (384 -526.987976 242 ) 
4 248 288 (395.100037 -526.987976 61 ) (480 -526.987976 61 ) (480 -526.987976 64 ) (395.100037 -526.987976 64 ) 
4 248 290 (384 -526.987976 61 ) (384 -526.987976 -45 ) (480 -526.987976 -45 ) (480 -526.987976 61 ) 
4 248 296 (384 -526.987976 -45 ) (384 -526.987976 -120 ) (480 -526.987976 -120 ) (480 -526.987976 -45 ) 
4 248 249 (384 -511.988007 64 ) (384 -511.988007 -120 ) (384 -526.987976 -120 ) (384 -526.987976 64 ) 
4 249 507 (364.100037 -511.988007 -120 ) (364.100037 -526.987976 -120 ) (364.100037 -526.987976 242 ) (364.100037 -511.988007 242 ) 
4 249 292 (364.100037 -526.987976 101 ) (364.100037 -526.987976 -45 ) (367.100037 -526.987976 -45 ) (367.100037 -526.987976 101 ) 
4 249 290 (376.100037 -526.987976 -45 ) (384 -526.987976 -45 ) (384 -526.987976 61 ) (376.100037 -526.987976 61 ) 
4 249 291 (367.100037 -526.987976 -45 ) (376.100037 -526.987976 -45 ) (376.100037 -526.987976 73 ) (367.100037 -526.987976 73 ) 
4 249 258 (384 -526.987976 73 ) (384 -526.987976 80 ) (369.100037 -526.987976 80 ) (369.100037 -526.987976 73 ) 
4 249 255 (384 -526.987976 80 ) (384 -526.987976 101 ) (369.100037 -526.987976 101 ) (369.100037 -526.987976 80 ) 
4 249 261 (369.100037 -526.987976 101 ) (367.100037 -526.987976 101 ) (367.100037 -526.987976 73 ) (369.100037 -526.987976 73 ) 
4 249 250 (384 -526.987976 242 ) (364.100037 -526.987976 242 ) (364.100037 -526.987976 101 ) (384 -526.987976 101 ) 
4 249 296 (364.100037 -526.987976 -45 ) (364.100037 -526.987976 -120 ) (384 -526.987976 -120 ) (384 -526.987976 -45 ) 
4 250 508 (364.100037 -598.987976 242 ) (364.100037 -578.987976 242 ) (364.100037 -578.987976 101 ) (364.100037 -598.987976 101 ) 
4 250 507 (364.100037 -578.987976 242 ) (364.100037 -526.987976 242 ) (364.100037 -526.987976 101 ) (364.100037 -578.987976 101 ) 
4 250 510 (364.100037 -661.987976 101 ) (364.100037 -661.987976 242 ) (364.100037 -598.987976 242 ) (364.100037 -598.987976 101 ) 
4 250 475 (512.101929 -661.987976 242 ) (507.101959 -661.987976 242 ) (531.101990 -661.987976 218 ) (531.101990 -661.987976 223 ) 
3 250 474 (531.101990 -661.987976 242 ) (512.101929 -661.987976 242 ) (531.101990 -661.987976 223 ) 
4 250 385 (376.100037 -661.987976 242 ) (364.100037 -661.987976 242 ) (364.100037 -661.987976 101 ) (376.100037 -661.987976 101 ) 
4 250 365 (381.100037 -661.987976 242 ) (376.100037 -661.987976 242 ) (376.100037 -661.987976 213.001190 ) (381.100037 -661.987976 218.002029 ) 
3 250 363 (405.093994 -661.987976 242 ) (381.100037 -661.987976 242 ) (381.100037 -661.987976 218.002029 ) 
4 250 360 (381.100037 -661.987976 218.002029 ) (376.100037 -661.987976 213.001190 ) (376.100037 -661.987976 101 ) (381.100037 -661.987976 101 ) 
4 250 353 (381.100037 -661.987976 178 ) (381.100037 -661.987976 101 ) (500 -661.987976 101 ) (500 -661.987976 178 ) 
4 250 352 (500 -661.987976 101 ) (531.101990 -661.987976 101 ) (531.101990 -661.987976 178 ) (500 -661.987976 178 ) 
5 250 348 (500 -661.987976 242 ) (405.093994 -661.987976 242 ) (404.149994 -661.987976 241.055847 ) (404.149994 -661.987976 178 ) (500 -661.987976 178 ) 
5 250 347 (507.101959 -661.987976 242 ) (500 -661.987976 242 ) (500 -661.987976 178 ) (531.101990 -661.987976 178 ) (531.101990 -661.987976 218 ) 
4 250 351 (404.149994 -661.987976 241.055847 ) (381.100037 -661.987976 218.002029 ) (381.100037 -661.987976 178 ) (404.149994 -661.987976 178 ) 
4 250 297 (550.101990 -661.987976 101 ) (550.101990 -661.987976 242 ) (531.101990 -661.987976 242 ) (531.101990 -661.987976 101 ) 
4 250 293 (364.100037 -598.987976 101 ) (364.100037 -578.987976 101 ) (367.100037 -578.987976 101 ) (367.100037 -598.987976 101 ) 
4 250 292 (364.100037 -578.987976 101 ) (364.100037 -526.987976 101 ) (367.100037 -526.987976 101 ) (367.100037 -578.987976 101 ) 
4 250 295 (367.100037 -661.987976 101 ) (364.100037 -661.987976 101 ) (364.100037 -598.987976 101 ) (367.100037 -598.987976 101 ) 
4 250 270 (549.101990 -661.987976 101 ) (367.100037 -661.987976 101 ) (367.100037 -578.987976 101 ) (549.101990 -578.987976 101 ) 
4 250 269 (522.003540 -562.987976 101 ) (523.378601 -562.987976 101 ) (526.113403 -563.987366 101 ) (520.957336 -565.871643 101 ) 
3 250 268 (516.186401 -562.987976 101 ) (522.003540 -562.987976 101 ) (519.101563 -570.986694 101 ) 
4 250 267 (531.236755 -576.114563 101 ) (530.190735 -578.987976 101 ) (528.841370 -578.987976 101 ) (526.093628 -577.986755 101 ) 
3 250 266 (533.103943 -570.985474 101 ) (536.021423 -578.987976 101 ) (530.190735 -578.987976 101 ) 
3 250 265 (528.841370 -578.987976 101 ) (522.017639 -578.987976 101 ) (520.972656 -576.120728 101 ) 
4 250 264 (367.100037 -578.987976 101 ) (367.100037 -562.987976 101 ) (516.186401 -562.987976 101 ) (522.017639 -578.987976 101 ) 
3 250 263 (523.378601 -562.987976 101 ) (530.188293 -562.987976 101 ) (531.234985 -565.858948 101 ) 
4 250 262 (530.188293 -562.987976 101 ) (549.101990 -562.987976 101 ) (549.101990 -578.987976 101 ) (536.021423 -578.987976 101 ) 
4 250 255 (369.100037 -526.987976 101 ) (549.101990 -526.987976 101 ) (549.101990 -562.987976 101 ) (369.100037 -562.987976 101 ) 
4 250 261 (367.100037 -562.987976 101 ) (367.100037 -526.987976 101 ) (369.100037 -526.987976 101 ) (369.100037 -562.987976 101 ) 
4 250 252 (549.101990 -562.987976 101 ) (549.101990 -547.987976 101 ) (550.101990 -547.987976 101 ) (550.101990 -562.987976 101 ) 
4 250 251 (549.101990 -547.987976 101 ) (549.101990 -526.987976 101 ) (550.101990 -526.987976 101 ) (550.101990 -547.987976 101 ) 
4 250 254 (550.101990 -661.987976 101 ) (549.101990 -661.987976 101 ) (549.101990 -562.987976 101 ) (550.101990 -562.987976 101 ) 
4 251 277 (549.101990 -526.987976 -45 ) (549.101990 -547.987976 -45 ) (549.101990 -547.987976 73 ) (549.101990 -526.987976 73 ) 
4 251 256 (549.101990 -547.987976 73 ) (549.101990 -547.987976 80 ) (549.101990 -526.987976 80 ) (549.101990 -526.987976 73 ) 
4 251 255 (549.101990 -547.987976 80 ) (549.101990 -547.987976 101 ) (549.101990 -526.987976 101 ) (549.101990 -526.987976 80 ) 
4 251 252 (549.101990 -547.987976 101 ) (549.101990 -547.987976 78 ) (550.101990 -547.987976 78 ) (550.101990 -547.987976 101 ) 
4 251 253 (549.101990 -547.987976 73 ) (549.101990 -547.987976 -45 ) (550.101990 -547.987976 -45 ) (550.101990 -547.987976 73 ) 
4 251 296 (549.101990 -547.987976 -45 ) (549.101990 -526.987976 -45 ) (550.101990 -526.987976 -45 ) (550.101990 -547.987976 -45 ) 
4 252 260 (549.101990 -562.987976 78 ) (549.101990 -562.987976 80 ) (549.101990 -555.987976 80 ) (549.101990 -555.987976 78 ) 
4 252 257 (549.101990 -555.987976 80 ) (549.101990 -547.987976 80 ) (549.101990 -547.987976 78 ) (549.101990 -555.987976 78 ) 
4 252 255 (549.101990 -562.987976 80 ) (549.101990 -562.987976 101 ) (549.101990 -547.987976 101 ) (549.101990 -547.987976 80 ) 
4 252 254 (549.101990 -562.987976 101 ) (549.101990 -562.987976 78 ) (550.101990 -562.987976 78 ) (550.101990 -562.987976 101 ) 
4 253 277 (549.101990 -547.987976 -45 ) (549.101990 -562.987976 -45 ) (549.101990 -562.987976 73 ) (549.101990 -547.987976 73 ) 
4 253 296 (549.101990 -562.987976 -45 ) (549.101990 -547.987976 -45 ) (550.101990 -547.987976 -45 ) (550.101990 -562.987976 -45 ) 
4 253 254 (549.101990 -562.987976 73 ) (549.101990 -562.987976 -45 ) (550.101990 -562.987976 -45 ) (550.101990 -562.987976 73 ) 
4 254 309 (550.101990 -661.987976 -45 ) (550.101990 -661.987976 73 ) (549.101990 -661.987976 73 ) (549.101990 -661.987976 -45 ) 
4 254 297 (550.101990 -661.987976 78 ) (550.101990 -661.987976 101 ) (549.101990 -661.987976 101 ) (549.101990 -661.987976 78 ) 
4 254 277 (549.101990 -562.987976 -45 ) (549.101990 -661.987976 -45 ) (549.101990 -661.987976 73 ) (549.101990 -562.987976 73 ) 
4 254 275 (549.101990 -661.987976 73 ) (549.101990 -661.987976 78 ) (549.101990 -630.987976 78 ) (549.101990 -630.987976 73 ) 
4 254 272 (549.101990 -603.987976 78 ) (549.101990 -598.987976 78 ) (549.101990 -598.987976 73 ) (549.101990 -603.987976 73 ) 
4 254 273 (549.101990 -630.987976 78 ) (549.101990 -625.987976 78 ) (549.101990 -625.987976 73 ) (549.101990 -630.987976 73 ) 
4 254 271 (549.101990 -598.987976 78 ) (549.101990 -578.987976 78 ) (549.101990 -578.987976 73 ) (549.101990 -598.987976 73 ) 
4 254 270 (549.101990 -661.987976 78 ) (549.101990 -661.987976 101 ) (549.101990 -578.987976 101 ) (549.101990 -578.987976 78 ) 
4 254 262 (549.101990 -578.987976 101 ) (549.101990 -562.987976 101 ) (549.101990 -562.987976 73 ) (549.101990 -578.987976 73 ) 
4 254 296 (550.101990 -661.987976 -45 ) (549.101990 -661.987976 -45 ) (549.101990 -562.987976 -45 ) (550.101990 -562.987976 -45 ) 
4 255 269 (523.378601 -562.987976 101 ) (522.003540 -562.987976 101 ) (522.003418 -562.987976 80 ) (523.379517 -562.987976 80 ) 
4 255 268 (522.003540 -562.987976 101 ) (516.186462 -562.987976 101 ) (516.186401 -562.987976 80 ) (522.003418 -562.987976 80 ) 
4 255 264 (516.186462 -562.987976 101 ) (369.100037 -562.987976 101 ) (369.100037 -562.987976 80 ) (516.186401 -562.987976 80 ) 
4 255 263 (530.188293 -562.987976 101 ) (523.378601 -562.987976 101 ) (523.379517 -562.987976 80 ) (530.187866 -562.987976 80 ) 
4 255 262 (549.101990 -562.987976 80 ) (549.101990 -562.987976 101 ) (530.188293 -562.987976 101 ) (530.187866 -562.987976 80 ) 
4 255 260 (549.101990 -562.987976 80 ) (369.100037 -562.987976 80 ) (369.100037 -555.987976 80 ) (549.101990 -555.987976 80 ) 
4 255 259 (369.100037 -555.987976 80 ) (369.100037 -547.987976 80 ) (384 -547.987976 80 ) (384 -555.987976 80 ) 
4 255 258 (369.100037 -547.987976 80 ) (369.100037 -526.987976 80 ) (384 -526.987976 80 ) (384 -547.987976 80 ) 
4 255 257 (549.101990 -547.987976 80 ) (549.101990 -555.987976 80 ) (480 -555.987976 80 ) (480 -547.987976 80 ) 
4 255 256 (480 -526.987976 80 ) (549.101990 -526.987976 80 ) (549.101990 -547.987976 80 ) (480 -547.987976 80 ) 
4 255 261 (369.100037 -562.987976 80 ) (369.100037 -562.987976 101 ) (369.100037 -526.987976 101 ) (369.100037 -526.987976 80 ) 
4 256 287 (480 -526.987976 73 ) (517.101990 -526.987976 73 ) (517.101990 -547.987976 73 ) (480 -547.987976 73 ) 
4 256 278 (517.101990 -526.987976 73 ) (536.101990 -526.987976 73 ) (536.101990 -547.987976 73 ) (517.101990 -547.987976 73 ) 
4 256 277 (536.101990 -526.987976 73 ) (549.101990 -526.987976 73 ) (549.101990 -547.987976 73 ) (536.101990 -547.987976 73 ) 
4 256 257 (549.101990 -547.987976 78 ) (549.101990 -547.987976 80 ) (480 -547.987976 80 ) (480 -547.987976 78 ) 
4 257 260 (549.101990 -555.987976 80 ) (480 -555.987976 80 ) (480 -555.987976 78 ) (549.101990 -555.987976 78 ) 
4 258 291 (369.100037 -526.987976 73 ) (376.100037 -526.987976 73 ) (376.100037 -547.987976 73 ) (369.100037 -547.987976 73 ) 
4 258 259 (384 -547.987976 78 ) (384 -547.987976 80 ) (369.100037 -547.987976 80 ) (369.100037 -547.987976 78 ) 
4 258 261 (369.100037 -526.987976 73 ) (369.100037 -547.987976 73 ) (369.100037 -547.987976 80 ) (369.100037 -526.987976 80 ) 
4 259 260 (384 -555.987976 80 ) (369.100037 -555.987976 80 ) (369.100037 -555.987976 78 ) (384 -555.987976 78 ) 
4 259 261 (369.100037 -555.987976 78 ) (369.100037 -555.987976 80 ) (369.100037 -547.987976 80 ) (369.100037 -547.987976 78 ) 
4 260 269 (523.379517 -562.987976 80 ) (522.003418 -562.987976 80 ) (522.003418 -562.987976 78 ) (523.379639 -562.987976 78 ) 
4 260 268 (522.003418 -562.987976 80 ) (516.186401 -562.987976 80 ) (516.186401 -562.987976 78 ) (522.003418 -562.987976 78 ) 
4 260 264 (516.186401 -562.987976 80 ) (369.100037 -562.987976 80 ) (369.100037 -562.987976 78 ) (516.186401 -562.987976 78 ) 
4 260 263 (530.187927 -562.987976 80 ) (523.379517 -562.987976 80 ) (523.379639 -562.987976 78 ) (530.187866 -562.987976 78 ) 
4 260 262 (549.101990 -562.987976 78 ) (549.101990 -562.987976 80 ) (530.187927 -562.987976 80 ) (530.187866 -562.987976 78 ) 
4 260 261 (369.100037 -562.987976 78 ) (369.100037 -562.987976 80 ) (369.100037 -555.987976 80 ) (369.100037 -555.987976 78 ) 
4 261 292 (367.100037 -562.987976 101 ) (367.100037 -526.987976 101 ) (367.100037 -526.987976 73 ) (367.100037 -562.987976 73 ) 
4 261 291 (367.100037 -562.987976 73 ) (367.100037 -526.987976 73 ) (369.100037 -526.987976 73 ) (369.100037 -562.987976 73 ) 
4 261 264 (367.100037 -562.987976 101 ) (367.100037 -562.987976 73 ) (369.100037 -562.987976 73 ) (369.100037 -562.987976 101 ) 
4 262 277 (536.101990 -562.987976 73 ) (549.101990 -562.987976 73 ) (549.101990 -578.987976 73 ) (536.101990 -578.987976 73 ) 
4 262 271 (540.101990 -578.987976 73 ) (549.101990 -578.987976 73 ) (549.101990 -578.987976 78 ) (540.101990 -578.987976 78 ) 
4 262 270 (549.101990 -578.987976 78 ) (549.101990 -578.987976 101 ) (536.021423 -578.987976 101 ) (536.020996 -578.987976 78 ) 
4 262 266 (533.103760 -570.985168 73 ) (536.021545 -578.987976 73 ) (536.022095 -578.987976 101 ) (533.104187 -570.984863 101 ) 
4 262 263 (530.188538 -562.987976 101 ) (530.187988 -562.987976 73 ) (531.234558 -565.858398 73 ) (531.235352 -565.859070 101 ) 
4 263 269 (523.376526 -562.987976 101 ) (523.377686 -562.987976 73 ) (526.113586 -563.987793 73 ) (526.112305 -563.987793 101 ) 
4 264 292 (367.100037 -578.987976 101 ) (367.100037 -562.987976 101 ) (367.100037 -562.987976 73 ) (367.100037 -578.987976 73 ) 
4 264 289 (395.100037 -562.987976 73 ) (480 -562.987976 73 ) (480 -578.987976 73 ) (395.100037 -578.987976 73 ) 
4 264 291 (367.100037 -578.987976 73 ) (367.100037 -562.987976 73 ) (376.100037 -562.987976 73 ) (376.100037 -578.987976 73 ) 
5 264 287 (480 -562.987976 73 ) (516.186401 -562.987976 73 ) (517.101990 -565.500244 73 ) (517.101990 -578.987976 73 ) (480 -578.987976 73 ) 
4 264 270 (367.100037 -578.987976 101 ) (367.100037 -578.987976 78 ) (522.017578 -578.987976 78 ) (522.017639 -578.987976 101 ) 
4 264 268 (519.101074 -570.987488 73 ) (516.185425 -562.987976 73 ) (516.185425 -562.987976 101 ) (519.101135 -570.987793 101 ) 
4 264 265 (522.017029 -578.987976 101 ) (522.017029 -578.987976 73 ) (520.971802 -576.120178 73 ) (520.971863 -576.120483 101 ) 
4 265 270 (528.841919 -578.987976 78 ) (528.841370 -578.987976 101 ) (522.017639 -578.987976 101 ) (522.017578 -578.987976 78 ) 
4 265 267 (528.842834 -578.987976 101 ) (528.843628 -578.987976 73 ) (526.095764 -577.986694 73 ) (526.094421 -577.986450 101 ) 
4 266 270 (536.020996 -578.987976 78 ) (536.021423 -578.987976 101 ) (530.190735 -578.987976 101 ) (530.190430 -578.987976 78 ) 
4 266 267 (531.237122 -576.115112 73 ) (530.191162 -578.987976 73 ) (530.191528 -578.987976 101 ) (531.237854 -576.114136 101 ) 
4 267 270 (530.190430 -578.987976 78 ) (530.190735 -578.987976 101 ) (528.841370 -578.987976 101 ) (528.841919 -578.987976 78 ) 
3 268 287 (516.186401 -562.987976 73 ) (517.101990 -562.987976 73 ) (517.101990 -565.500183 73 ) 
4 268 269 (520.956665 -565.872314 73 ) (522.003235 -562.987976 73 ) (522.003418 -562.987976 101 ) (520.957092 -565.871765 101 ) 
4 270 385 (376.100037 -661.987976 101 ) (367.100037 -661.987976 101 ) (367.100037 -661.987976 78 ) (376.100037 -661.987976 78 ) 
4 270 360 (381.100037 -661.987976 101 ) (376.100037 -661.987976 101 ) (376.100037 -661.987976 78 ) (381.100037 -661.987976 78 ) 
4 270 353 (500 -661.987976 101 ) (381.100037 -661.987976 101 ) (381.100037 -661.987976 78 ) (500 -661.987976 78 ) 
4 270 352 (531.101990 -661.987976 101 ) (500 -661.987976 101 ) (500 -661.987976 78 ) (531.101990 -661.987976 78 ) 
4 270 297 (549.101990 -661.987976 101 ) (531.101990 -661.987976 101 ) (531.101990 -661.987976 78 ) (549.101990 -661.987976 78 ) 
4 270 293 (367.100037 -598.987976 101 ) (367.100037 -578.987976 101 ) (367.100037 -578.987976 78 ) (367.100037 -598.987976 78 ) 
4 270 295 (367.100037 -661.987976 78 ) (367.100037 -661.987976 101 ) (367.100037 -598.987976 101 ) (367.100037 -598.987976 78 ) 
4 270 276 (367.100037 -661.987976 78 ) (367.100037 -652.987976 78 ) (548.101990 -652.987976 78 ) (548.101990 -661.987976 78 ) 
4 270 275 (548.101990 -630.987976 78 ) (549.101990 -630.987976 78 ) (549.101990 -661.987976 78 ) (548.101990 -661.987976 78 ) 
4 270 272 (368.100037 -598.987976 78 ) (549.101990 -598.987976 78 ) (549.101990 -603.987976 78 ) (368.100037 -603.987976 78 ) 
4 270 273 (549.101990 -625.987976 78 ) (549.101990 -630.987976 78 ) (368.100037 -630.987976 78 ) (368.100037 -625.987976 78 ) 
4 270 274 (367.100037 -630.987976 78 ) (367.100037 -598.987976 78 ) (368.100037 -598.987976 78 ) (368.100037 -630.987976 78 ) 
4 270 271 (540.101990 -578.987976 78 ) (549.101990 -578.987976 78 ) (549.101990 -598.987976 78 ) (540.101990 -598.987976 78 ) 
4 271 277 (540.101990 -578.987976 73 ) (549.101990 -578.987976 73 ) (549.101990 -598.987976 73 ) (540.101990 -598.987976 73 ) 
4 271 272 (540.101990 -598.987976 73 ) (549.101990 -598.987976 73 ) (549.101990 -598.987976 78 ) (540.101990 -598.987976 78 ) 
4 272 289 (395.100037 -598.987976 73 ) (480 -598.987976 73 ) (480 -603.987976 73 ) (395.100037 -603.987976 73 ) 
4 272 291 (368.100037 -598.987976 73 ) (376.100037 -598.987976 73 ) (376.100037 -603.987976 73 ) (368.100037 -603.987976 73 ) 
4 272 287 (480 -598.987976 73 ) (517.101990 -598.987976 73 ) (517.101990 -603.987976 73 ) (480 -603.987976 73 ) 
4 272 277 (536.101990 -598.987976 73 ) (549.101990 -598.987976 73 ) (549.101990 -603.987976 73 ) (536.101990 -603.987976 73 ) 
4 272 274 (368.100037 -598.987976 78 ) (368.100037 -598.987976 73 ) (368.100037 -603.987976 73 ) (368.100037 -603.987976 78 ) 
4 273 289 (480 -630.987976 73 ) (395.100037 -630.987976 73 ) (395.100037 -625.987976 73 ) (480 -625.987976 73 ) 
4 273 291 (376.100037 -630.987976 73 ) (368.100037 -630.987976 73 ) (368.100037 -625.987976 73 ) (376.100037 -625.987976 73 ) 
4 273 287 (517.101990 -630.987976 73 ) (480 -630.987976 73 ) (480 -625.987976 73 ) (517.101990 -625.987976 73 ) 
4 273 277 (549.101990 -625.987976 73 ) (549.101990 -630.987976 73 ) (536.101990 -630.987976 73 ) (536.101990 -625.987976 73 ) 
4 273 275 (548.101990 -630.987976 73 ) (549.101990 -630.987976 73 ) (549.101990 -630.987976 78 ) (548.101990 -630.987976 78 ) 
4 273 274 (368.100037 -625.987976 73 ) (368.100037 -630.987976 73 ) (368.100037 -630.987976 78 ) (368.100037 -625.987976 78 ) 
4 274 295 (367.100037 -630.987976 78 ) (367.100037 -598.987976 78 ) (367.100037 -598.987976 73 ) (367.100037 -630.987976 73 ) 
4 274 291 (367.100037 -630.987976 73 ) (367.100037 -598.987976 73 ) (368.100037 -598.987976 73 ) (368.100037 -630.987976 73 ) 
4 275 277 (548.101990 -630.987976 73 ) (549.101990 -630.987976 73 ) (549.101990 -661.987976 73 ) (548.101990 -661.987976 73 ) 
4 275 276 (548.101990 -652.987976 73 ) (548.101990 -661.987976 73 ) (548.101990 -661.987976 78 ) (548.101990 -652.987976 78 ) 
4 276 295 (367.100037 -661.987976 73 ) (367.100037 -661.987976 78 ) (367.100037 -652.987976 78 ) (367.100037 -652.987976 73 ) 
4 276 289 (395.100037 -652.987976 73 ) (480 -652.987976 73 ) (480 -661.987976 73 ) (395.100037 -661.987976 73 ) 
4 276 291 (367.100037 -661.987976 73 ) (367.100037 -652.987976 73 ) (376.100037 -652.987976 73 ) (376.100037 -661.987976 73 ) 
4 276 287 (480 -652.987976 73 ) (517.101990 -652.987976 73 ) (517.101990 -661.987976 73 ) (480 -661.987976 73 ) 
4 276 277 (536.101990 -652.987976 73 ) (548.101990 -652.987976 73 ) (548.101990 -661.987976 73 ) (536.101990 -661.987976 73 ) 
4 277 309 (536.101990 -661.987976 -45 ) (549.101990 -661.987976 -45 ) (549.101990 -661.987976 73 ) (536.101990 -661.987976 73 ) 
4 277 283 (536.101990 -579.216736 -45 ) (536.101990 -581.632263 -45 ) (536.101990 -581.633362 61 ) (536.101990 -579.211060 61 ) 
4 277 282 (536.101990 -581.632263 -45 ) (536.101990 -617.633911 -45 ) (536.101990 -617.633850 61 ) (536.101990 -581.633362 61 ) 
4 277 281 (536.101990 -617.633911 -45 ) (536.101990 -661.987976 -45 ) (536.101990 -661.987976 61 ) (536.101990 -617.633850 61 ) 
4 277 279 (536.101990 -550.987976 -45 ) (536.101990 -579.216736 -45 ) (536.101990 -579.211060 61 ) (536.101990 -550.987976 61 ) 
4 277 278 (536.101990 -526.987976 -45 ) (536.101990 -550.987976 -45 ) (536.101990 -550.987976 73 ) (536.101990 -526.987976 73 ) 
4 277 296 (549.101990 -661.987976 -45 ) (536.101990 -661.987976 -45 ) (536.101990 -526.987976 -45 ) (549.101990 -526.987976 -45 ) 
4 278 287 (517.101990 -526.987976 -45 ) (517.101990 -550.987976 -45 ) (517.101990 -550.987976 73 ) (517.101990 -526.987976 73 ) 
4 278 280 (517.101990 -550.987976 61 ) (517.101990 -550.987976 -45 ) (525.810547 -550.987976 -45 ) (525.812622 -550.987976 61 ) 
4 278 279 (525.810547 -550.987976 -45 ) (536.101990 -550.987976 -45 ) (536.101990 -550.987976 61 ) (525.812622 -550.987976 61 ) 
4 278 296 (517.101990 -550.987976 -45 ) (517.101990 -526.987976 -45 ) (536.101990 -526.987976 -45 ) (536.101990 -550.987976 -45 ) 
4 279 283 (533.101440 -570.986877 -45 ) (536.101990 -579.217346 -45 ) (536.101990 -579.211609 61 ) (533.103271 -570.985962 61 ) 
4 279 280 (525.812744 -550.987976 61 ) (525.810669 -550.987976 -45 ) (531.230652 -565.855225 -45 ) (531.233765 -565.857910 61 ) 
3 279 296 (525.810547 -550.987976 -45 ) (536.101990 -550.987976 -45 ) (536.101990 -579.216736 -45 ) 
4 280 287 (517.101990 -550.987976 -45 ) (517.101990 -560.692078 -45 ) (517.101990 -560.693665 61 ) (517.101990 -550.987976 61 ) 
4 280 286 (522.164001 -562.542908 -45 ) (526.118286 -563.987915 -45 ) (526.113770 -563.987854 61 ) (522.164185 -562.544556 61 ) 
4 280 285 (517.101990 -560.694702 61 ) (517.101990 -560.693115 -45 ) (522.164001 -562.542908 -45 ) (522.164185 -562.544556 61 ) 
4 280 296 (517.101990 -560.692078 -45 ) (517.101990 -550.987976 -45 ) (525.810547 -550.987976 -45 ) (531.230713 -565.855225 -45 ) 
4 281 442 (517.101990 -661.987976 -45 ) (531.101990 -661.987976 -45 ) (531.101990 -661.987976 61 ) (517.101990 -661.987976 61 ) 
4 281 310 (531.101990 -661.987976 -45 ) (536.101990 -661.987976 -45 ) (536.101990 -661.987976 61 ) (531.101990 -661.987976 61 ) 
4 281 287 (517.101990 -565.500183 -45 ) (517.101990 -661.987976 -45 ) (517.101990 -661.987976 61 ) (517.101990 -565.500122 61 ) 
4 281 285 (519.100464 -570.986633 -45 ) (517.101990 -565.502991 -45 ) (517.101990 -565.502991 61 ) (519.100891 -570.987732 61 ) 
4 281 282 (536.101990 -617.636780 61 ) (536.101990 -617.636780 -45 ) (520.970825 -576.118591 -45 ) (520.971252 -576.119812 61 ) 
4 281 296 (536.101990 -661.987976 -45 ) (517.101990 -661.987976 -45 ) (517.101990 -565.500183 -45 ) (536.101990 -617.633911 -45 ) 
4 282 284 (530.031555 -579.419678 -45 ) (526.101318 -577.987549 -45 ) (526.096252 -577.986755 61 ) (530.032532 -579.421082 61 ) 
4 282 283 (536.101990 -581.632690 61 ) (536.101990 -581.631653 -45 ) (530.031555 -579.419678 -45 ) (530.032532 -579.421082 61 ) 
3 282 296 (536.101990 -581.632263 -45 ) (536.101990 -617.633911 -45 ) (520.971985 -576.119019 -45 ) 
4 283 284 (531.234131 -576.119080 -45 ) (530.031860 -579.421265 -45 ) (530.032776 -579.422668 61 ) (531.236816 -576.115479 61 ) 
4 283 296 (533.101501 -570.986633 -45 ) (536.101990 -579.216736 -45 ) (536.101990 -581.632263 -45 ) (530.031372 -579.420166 -45 ) 
3 284 296 (531.232971 -576.119446 -45 ) (530.031372 -579.420166 -45 ) (526.100525 -577.987793 -45 ) 
4 285 287 (517.101990 -560.692078 -45 ) (517.101990 -565.500183 -45 ) (517.101990 -565.500122 61 ) (517.101990 -560.693665 61 ) 
4 285 286 (522.160034 -562.545227 -45 ) (522.160156 -562.546875 61 ) (520.953430 -565.873718 61 ) (520.951843 -565.875977 -45 ) 
4 285 296 (517.101990 -565.500183 -45 ) (517.101990 -560.692078 -45 ) (522.164307 -562.542053 -45 ) (519.101013 -570.985229 -45 ) 
3 286 296 (522.164307 -562.542053 -45 ) (526.119629 -563.987488 -45 ) (520.955139 -565.874756 -45 ) 
4 287 443 (480 -661.987976 -45 ) (517.101990 -661.987976 -45 ) (517.101990 -661.987976 73 ) (480 -661.987976 73 ) 
4 287 289 (480 -661.987976 61 ) (480 -661.987976 73 ) (480 -555.987976 73 ) (480 -555.987976 61 ) 
4 287 288 (480 -526.987976 64 ) (480 -526.987976 61 ) (480 -555.987976 61 ) (480 -555.987976 64 ) 
4 287 290 (480 -526.987976 -45 ) (480 -661.987976 -45 ) (480 -661.987976 61 ) (480 -526.987976 61 ) 
4 287 296 (517.101990 -661.987976 -45 ) (480 -661.987976 -45 ) (480 -526.987976 -45 ) (517.101990 -526.987976 -45 ) 
4 288 289 (395.100037 -555.987976 61 ) (480 -555.987976 61 ) (480 -555.987976 64 ) (395.100037 -555.987976 64 ) 
4 288 290 (395.100037 -526.987976 61 ) (480 -526.987976 61 ) (480 -555.987976 61 ) (395.100037 -555.987976 61 ) 
4 289 443 (480 -661.987976 61 ) (480 -661.987976 73 ) (395.100037 -661.987976 73 ) (395.100037 -661.987976 61 ) 
4 289 290 (480 -555.987976 61 ) (480 -661.987976 61 ) (395.100037 -661.987976 61 ) (395.100037 -555.987976 61 ) 
4 290 445 (376.100037 -661.987976 -45 ) (395.100037 -661.987976 -45 ) (395.100037 -661.987976 61 ) (376.100037 -661.987976 61 ) 
4 290 443 (395.100037 -661.987976 -45 ) (480 -661.987976 -45 ) (480 -661.987976 61 ) (395.100037 -661.987976 61 ) 
4 290 291 (376.100037 -526.987976 -45 ) (376.100037 -661.987976 -45 ) (376.100037 -661.987976 61 ) (376.100037 -526.987976 61 ) 
4 290 296 (480 -661.987976 -45 ) (376.100037 -661.987976 -45 ) (376.100037 -526.987976 -45 ) (480 -526.987976 -45 ) 
4 291 446 (367.100037 -661.987976 73 ) (367.100037 -661.987976 -45 ) (376.100037 -661.987976 -45 ) (376.100037 -661.987976 73 ) 
4 291 294 (367.100037 -578.987976 -45 ) (367.100037 -598.987976 -45 ) (367.100037 -598.987976 73 ) (367.100037 -578.987976 73 ) 
4 291 292 (367.100037 -526.987976 -45 ) (367.100037 -578.987976 -45 ) (367.100037 -578.987976 73 ) (367.100037 -526.987976 73 ) 
4 291 295 (367.100037 -598.987976 -45 ) (367.100037 -661.987976 -45 ) (367.100037 -661.987976 73 ) (367.100037 -598.987976 73 ) 
4 291 296 (376.100037 -661.987976 -45 ) (367.100037 -661.987976 -45 ) (367.100037 -526.987976 -45 ) (376.100037 -526.987976 -45 ) 
4 292 507 (364.100037 -578.987976 101 ) (364.100037 -526.987976 101 ) (364.100037 -526.987976 -45 ) (364.100037 -578.987976 -45 ) 
4 292 293 (367.100037 -578.987976 78 ) (367.100037 -578.987976 101 ) (364.100037 -578.987976 101 ) (364.100037 -578.987976 78 ) 
4 292 294 (364.100037 -578.987976 -45 ) (367.100037 -578.987976 -45 ) (367.100037 -578.987976 73 ) (364.100037 -578.987976 73 ) 
4 292 296 (364.100037 -578.987976 -45 ) (364.100037 -526.987976 -45 ) (367.100037 -526.987976 -45 ) (367.100037 -578.987976 -45 ) 
4 293 508 (364.100037 -598.987976 101 ) (364.100037 -578.987976 101 ) (364.100037 -578.987976 78 ) (364.100037 -598.987976 78 ) 
4 293 295 (367.100037 -598.987976 78 ) (367.100037 -598.987976 101 ) (364.100037 -598.987976 101 ) (364.100037 -598.987976 78 ) 
4 294 509 (364.100037 -578.987976 73 ) (364.100037 -578.987976 -45 ) (364.100037 -598.987976 -45 ) (364.100037 -598.987976 73 ) 
4 294 296 (364.100037 -598.987976 -45 ) (364.100037 -578.987976 -45 ) (367.100037 -578.987976 -45 ) (367.100037 -598.987976 -45 ) 
4 294 295 (364.100037 -598.987976 -45 ) (367.100037 -598.987976 -45 ) (367.100037 -598.987976 73 ) (364.100037 -598.987976 73 ) 
4 295 510 (364.100037 -661.987976 -45 ) (364.100037 -661.987976 101 ) (364.100037 -598.987976 101 ) (364.100037 -598.987976 -45 ) 
4 295 446 (364.100037 -661.987976 73 ) (364.100037 -661.987976 -45 ) (367.100037 -661.987976 -45 ) (367.100037 -661.987976 73 ) 
4 295 385 (367.100037 -661.987976 101 ) (364.100037 -661.987976 101 ) (364.100037 -661.987976 78 ) (367.100037 -661.987976 78 ) 
4 295 296 (367.100037 -661.987976 -45 ) (364.100037 -661.987976 -45 ) (364.100037 -598.987976 -45 ) (367.100037 -598.987976 -45 ) 
4 296 509 (364.100037 -578.987976 -120 ) (364.100037 -598.987976 -120 ) (364.100037 -598.987976 -45 ) (364.100037 -578.987976 -45 ) 
4 296 507 (364.100037 -526.987976 -120 ) (364.100037 -578.987976 -120 ) (364.100037 -578.987976 -45 ) (364.100037 -526.987976 -45 ) 
4 296 510 (364.100037 -598.987976 -120 ) (364.100037 -661.987976 -120 ) (364.100037 -661.987976 -45 ) (364.100037 -598.987976 -45 ) 
4 296 445 (395.100037 -661.987976 -45 ) (376.100037 -661.987976 -45 ) (376.100037 -661.987976 -120 ) (395.100037 -661.987976 -120 ) 
4 296 446 (376.100037 -661.987976 -45 ) (364.100037 -661.987976 -45 ) (364.100037 -661.987976 -120 ) (376.100037 -661.987976 -120 ) 
4 296 442 (531.101990 -661.987976 -45 ) (517.101990 -661.987976 -45 ) (517.101990 -661.987976 -120 ) (531.101990 -661.987976 -120 ) 
4 296 443 (517.101990 -661.987976 -45 ) (395.100037 -661.987976 -45 ) (395.100037 -661.987976 -120 ) (517.101990 -661.987976 -120 ) 
4 296 310 (536.101990 -661.987976 -45 ) (531.101990 -661.987976 -45 ) (531.101990 -661.987976 -120 ) (536.101990 -661.987976 -120 ) 
4 296 309 (550.101990 -661.987976 -120 ) (550.101990 -661.987976 -45 ) (536.101990 -661.987976 -45 ) (536.101990 -661.987976 -120 ) 
4 297 475 (531.101990 -661.987976 223 ) (531.101990 -661.987976 218 ) (531.101990 -693.987976 218 ) (531.101990 -693.987976 223 ) 
4 297 474 (531.101990 -661.987976 242 ) (531.101990 -661.987976 223 ) (531.101990 -693.987976 223 ) (531.101990 -693.987976 242 ) 
4 297 352 (531.101990 -661.987976 178 ) (531.101990 -661.987976 78 ) (531.101990 -693.987976 78 ) (531.101990 -693.987976 178 ) 
4 297 347 (531.101990 -661.987976 218 ) (531.101990 -661.987976 178 ) (531.101990 -693.987976 178 ) (531.101990 -693.987976 218 ) 
4 297 320 (531.101990 -693.987976 78 ) (531.101990 -687.987976 78 ) (536.101990 -687.987976 78 ) (536.101990 -693.987976 78 ) 
4 297 313 (536.101990 -687.987976 78 ) (548.101990 -687.987976 78 ) (548.101990 -693.987976 78 ) (536.101990 -693.987976 78 ) 
4 297 311 (548.101990 -687.987976 78 ) (550.101990 -687.987976 78 ) (550.101990 -693.987976 78 ) (548.101990 -693.987976 78 ) 
4 297 299 (548.101990 -693.987976 78 ) (550.101990 -693.987976 78 ) (550.101990 -693.987976 81 ) (548.101990 -693.987976 81 ) 
4 297 298 (550.101990 -693.987976 81 ) (550.101990 -693.987976 242 ) (548.101990 -693.987976 242 ) (548.101990 -693.987976 81 ) 
4 298 305 (550.101990 -700.987976 81 ) (550.101990 -700.987976 83 ) (548.101990 -700.987976 83 ) (548.101990 -700.987976 81 ) 
4 298 300 (550.101990 -700.987976 83 ) (550.101990 -700.987976 242 ) (548.101990 -700.987976 242 ) (548.101990 -700.987976 83 ) 
4 298 299 (548.101990 -697.119507 81 ) (548.101990 -693.987976 81 ) (550.101990 -693.987976 81 ) (550.101990 -697.848633 81 ) 
4 299 311 (548.101990 -693.987976 78 ) (550.101990 -693.987976 78 ) (550.101990 -697.848633 78 ) (548.101990 -697.119446 78 ) 
4 300 307 (548.101990 -805.987976 83 ) (550.101990 -805.987976 83 ) (550.101990 -805.987976 242 ) (548.101990 -805.987976 242 ) 
4 300 305 (550.101990 -805.987976 83 ) (548.101990 -805.987976 83 ) (548.101990 -700.987976 83 ) (550.101990 -700.987976 83 ) 
3 300 302 (548.101990 -700.987976 236 ) (548.101990 -700.987976 83 ) (548.101990 -799.987976 83 ) 
3 300 301 (548.101990 -805.987976 89 ) (548.101990 -805.987976 242 ) (548.101990 -706.988037 242 ) 
4 303 476 (531.101990 -805.987976 218 ) (531.101990 -805.987976 223 ) (531.101990 -719.282166 223 ) (531.101990 -722.517456 218 ) 
4 303 474 (531.101990 -805.987976 223 ) (531.101990 -805.987976 242 ) (531.101990 -706.988037 242 ) (531.101990 -719.282166 223 ) 
3 303 370 (531.101990 -805.987976 89 ) (531.101990 -805.987976 178 ) (531.101990 -748.399780 178 ) 
4 303 366 (531.101990 -805.987976 178 ) (531.101990 -805.987976 218 ) (531.101990 -722.517456 218 ) (531.101990 -748.399780 178 ) 
4 304 476 (531.101990 -700.987976 223 ) (531.101990 -700.987976 218 ) (531.101990 -712.635132 218 ) (531.101990 -709.399841 223 ) 
3 304 474 (531.101990 -700.987976 236 ) (531.101990 -700.987976 223 ) (531.101990 -709.399841 223 ) 
4 304 370 (531.101990 -700.987976 178 ) (531.101990 -700.987976 83 ) (531.101990 -799.987976 83 ) (531.101990 -738.517456 178 ) 
4 304 366 (531.101990 -700.987976 218 ) (531.101990 -700.987976 178 ) (531.101990 -738.517456 178 ) (531.101990 -712.635132 218 ) 
4 305 307 (550.101990 -805.987976 81 ) (550.101990 -805.987976 83 ) (548.101990 -805.987976 83 ) (548.101990 -805.987976 81 ) 
4 305 306 (550.101990 -805.987976 81 ) (548.101990 -805.987976 81 ) (548.101990 -708.854187 81 ) (550.101990 -708.123169 81 ) 
4 306 312 (550.101990 -708.123230 78 ) (550.101990 -805.987976 78 ) (548.101990 -805.987976 78 ) (548.101990 -708.854248 78 ) 
4 306 308 (548.101990 -805.987976 78 ) (550.101990 -805.987976 78 ) (550.101990 -805.987976 81 ) (548.101990 -805.987976 81 ) 
4 307 324 (550.101990 -812.987976 81 ) (550.101990 -812.987976 242 ) (548.101990 -812.987976 242 ) (548.101990 -812.987976 81 ) 
4 307 308 (548.101990 -809.119751 81 ) (548.101990 -805.987976 81 ) (550.101990 -805.987976 81 ) (550.101990 -809.849426 81 ) 
4 308 312 (548.101990 -809.119751 78 ) (548.101990 -805.987976 78 ) (550.101990 -805.987976 78 ) (550.101990 -809.849426 78 ) 
4 309 313 (548.101990 -687.987976 73 ) (536.101990 -687.987976 73 ) (536.101990 -687.987976 -120 ) (548.101990 -687.987976 -120 ) 
4 309 311 (550.101990 -687.987976 -120 ) (550.101990 -687.987976 73 ) (548.101990 -687.987976 73 ) (548.101990 -687.987976 -120 ) 
4 309 310 (536.101990 -687.987976 -120 ) (536.101990 -687.987976 61 ) (536.101990 -661.987976 61 ) (536.101990 -661.987976 -120 ) 
4 310 442 (531.101990 -661.987976 61 ) (531.101990 -661.987976 -120 ) (531.101990 -687.987976 -120 ) (531.101990 -687.987976 61 ) 
4 310 321 (531.101990 -687.987976 61 ) (531.101990 -687.987976 -120 ) (536.101990 -687.987976 -120 ) (536.101990 -687.987976 61 ) 
4 311 316 (548.101990 -694.858154 -120 ) (548.101990 -697.118896 -120 ) (548.101990 -697.119446 73 ) (548.101990 -694.858154 73 ) 
4 311 314 (548.101990 -693.987976 -120 ) (548.101990 -694.858154 -120 ) (548.101990 -694.858154 73 ) (548.101990 -693.987976 73 ) 
4 311 313 (548.101990 -687.987976 78 ) (548.101990 -687.987976 -120 ) (548.101990 -693.987976 -120 ) (548.101990 -693.987976 78 ) 
4 312 322 (548.101990 -787.116882 -120 ) (548.101990 -809.119690 -120 ) (548.101990 -809.119690 73 ) (548.101990 -787.116882 73 ) 
4 312 319 (548.101990 -708.858093 -120 ) (548.101990 -711.118958 -120 ) (548.101990 -711.119019 73 ) (548.101990 -708.854309 73 ) 
4 312 315 (548.101990 -711.118958 -120 ) (548.101990 -787.116882 -120 ) (548.101990 -787.116882 73 ) (548.101990 -711.119019 73 ) 
4 313 321 (536.101990 -687.987976 61 ) (536.101990 -687.987976 -120 ) (536.101990 -693.987976 -120 ) (536.101990 -693.987976 61 ) 
4 313 320 (536.101990 -687.987976 78 ) (536.101990 -687.987976 73 ) (536.101990 -693.987976 73 ) (536.101990 -693.987976 78 ) 
4 313 314 (536.101990 -693.987976 73 ) (536.101990 -693.987976 -120 ) (548.101990 -693.987976 -120 ) (548.101990 -693.987976 73 ) 
4 314 321 (536.101990 -693.987976 -120 ) (536.101990 -699.229065 -120 ) (536.101990 -699.229004 61 ) (536.101990 -693.987976 61 ) 
4 314 317 (536.101990 -699.228271 73 ) (536.101990 -699.228271 -120 ) (539.865173 -697.857544 -120 ) (539.868469 -697.856323 73 ) 
4 314 316 (544.998840 -695.987549 -120 ) (548.101990 -694.857178 -120 ) (548.101990 -694.857178 73 ) (544.998047 -695.987793 73 ) 
4 315 331 (537.270142 -812.987976 -120 ) (538.724976 -812.987976 -120 ) (538.724976 -812.987976 73 ) (537.270752 -812.987976 73 ) 
4 315 330 (536.101990 -812.987976 -120 ) (537.270142 -812.987976 -120 ) (537.270752 -812.987976 73 ) (536.101990 -812.987976 73 ) 
4 315 323 (541.059204 -806.550171 73 ) (539.860718 -809.856750 73 ) (539.860718 -809.856750 -120 ) (541.059204 -806.550171 -120 ) 
4 315 322 (548.101990 -787.119141 -120 ) (548.101990 -787.119141 73 ) (541.059204 -806.550171 73 ) (541.059204 -806.550171 -120 ) 
4 315 321 (536.101990 -706.743713 -120 ) (536.101990 -812.987976 -120 ) (536.101990 -812.987976 61 ) (536.101990 -706.743713 61 ) 
4 315 319 (548.101990 -711.119019 73 ) (548.101990 -711.119019 -120 ) (545.005493 -709.989990 -120 ) (545 -709.988098 73 ) 
4 315 318 (539.865967 -708.116028 -120 ) (536.572327 -706.915100 -120 ) (536.574829 -706.916016 73 ) (539.865906 -708.116028 73 ) 
4 315 317 (536.572327 -706.915100 -120 ) (536.101990 -706.743591 -120 ) (536.101990 -706.743591 73 ) (536.574829 -706.916016 73 ) 
4 317 321 (536.101990 -699.229065 -120 ) (536.101990 -706.743713 -120 ) (536.101990 -706.743713 61 ) (536.101990 -699.229004 61 ) 
4 317 318 (538.001221 -702.991394 73 ) (536.574463 -706.916016 73 ) (536.571899 -706.915100 -120 ) (538 -702.987427 -120 ) 
4 320 441 (531.101990 -693.987976 78 ) (531.101990 -687.987976 78 ) (531.101990 -687.987976 73 ) (531.101990 -693.987976 73 ) 
4 321 442 (531.101990 -687.987976 -120 ) (531.101990 -812.987976 -120 ) (531.101990 -812.987976 61 ) (531.101990 -687.987976 61 ) 
4 321 337 (531.101990 -812.987976 61 ) (531.101990 -812.987976 -120 ) (536.101990 -812.987976 -120 ) (536.101990 -812.987976 61 ) 
4 322 323 (541.058594 -806.548828 73 ) (541.058594 -806.548828 -120 ) (545.001343 -807.987488 -120 ) (545.001343 -807.987488 73 ) 
4 324 479 (550.101990 -1014.989990 242 ) (548.101990 -1014.989990 242 ) (548.101990 -1014.989990 81 ) (550.101990 -1014.989990 81 ) 
3 324 339 (548.101990 -1014.989990 83 ) (548.101990 -1014.989990 236 ) (548.101990 -953.987976 83 ) 
3 324 338 (548.101990 -1008.989990 242 ) (548.101990 -947.987976 242 ) (548.101990 -947.987976 89 ) 
4 324 329 (548.101990 -812.987976 219 ) (548.101990 -812.987976 83 ) (548.101990 -940.987976 83 ) (548.101990 -940.987976 219 ) 
4 324 327 (548.101990 -812.987976 242 ) (548.101990 -812.987976 224 ) (548.101990 -940.987976 224 ) (548.101990 -940.987976 242 ) 
4 324 326 (548.101990 -1014.989990 81 ) (548.101990 -942.857483 81 ) (550.101990 -942.128540 81 ) (550.101990 -1014.989990 81 ) 
4 324 325 (548.101990 -931.113892 81 ) (548.101990 -820.864014 81 ) (550.101990 -820.139282 81 ) (550.101990 -931.839783 81 ) 
4 325 336 (548.101990 -928.858643 -120 ) (548.101990 -931.113892 -120 ) (548.101990 -931.113892 73 ) (548.101990 -928.859558 73 ) 
4 325 332 (548.101990 -820.864014 -120 ) (548.101990 -842.671204 -120 ) (548.101990 -842.669678 73 ) (548.101990 -820.864014 73 ) 
4 325 330 (548.101990 -842.671204 -120 ) (548.101990 -928.858643 -120 ) (548.101990 -928.859558 73 ) (548.101990 -842.669678 73 ) 
4 326 480 (548.101990 -1014.989990 81 ) (548.101990 -1014.989990 -120 ) (550.101990 -1014.989990 -120 ) (550.101990 -1014.989990 81 ) 
4 326 342 (548.101990 -942.857483 -120 ) (548.101990 -1014.989990 -120 ) (548.101990 -1014.989990 73 ) (548.101990 -942.857483 73 ) 
4 328 474 (531.101990 -940.987976 224 ) (531.101990 -940.987976 242 ) (531.101990 -812.987976 242 ) (531.101990 -812.987976 224 ) 
4 329 477 (531.101990 -940.987976 218 ) (531.101990 -940.987976 219 ) (531.101990 -812.987976 219 ) (531.101990 -812.987976 218 ) 
4 329 401 (531.101990 -940.987976 83 ) (531.101990 -940.987976 178 ) (531.101990 -812.987976 178 ) (531.101990 -812.987976 83 ) 
4 329 397 (531.101990 -940.987976 178 ) (531.101990 -940.987976 213 ) (531.101990 -812.987976 213 ) (531.101990 -812.987976 178 ) 
4 329 395 (531.101990 -940.987976 213 ) (531.101990 -940.987976 218 ) (531.101990 -812.987976 218 ) (531.101990 -812.987976 213 ) 
4 330 337 (536.101990 -812.987976 61 ) (536.101990 -812.987976 -120 ) (536.101990 -933.227478 -120 ) (536.101990 -933.228333 61 ) 
4 330 336 (545 -929.987793 -120 ) (548.101990 -928.858398 -120 ) (548.101990 -928.859375 73 ) (545 -929.988281 73 ) 
4 330 335 (536.571350 -933.056030 -120 ) (539.863892 -931.857422 -120 ) (539.863831 -931.858459 73 ) (536.571655 -933.056946 73 ) 
4 330 334 (536.101990 -933.227905 73 ) (536.101990 -933.226929 -120 ) (536.571350 -933.056030 -120 ) (536.571655 -933.056946 73 ) 
4 330 333 (539.873108 -820.119812 73 ) (541.073975 -823.410583 73 ) (541.073364 -823.410706 -120 ) (539.872375 -820.119507 -120 ) 
4 330 332 (541.073975 -823.410583 73 ) (548.101990 -842.670471 73 ) (548.101990 -842.672058 -120 ) (541.073364 -823.410706 -120 ) 
4 330 331 (537.270081 -812.987976 -120 ) (537.270691 -812.987976 73 ) (538 -814.987305 73 ) (538 -814.988159 -120 ) 
4 332 333 (541.073853 -823.410583 -120 ) (541.074402 -823.410400 73 ) (545 -821.987976 73 ) (545 -821.987976 -120 ) 
4 334 343 (536.101990 -940.987976 -120 ) (539.453308 -940.987976 -120 ) (539.453308 -940.987976 73 ) (536.101990 -940.987976 73 ) 
4 334 337 (536.101990 -940.987976 -120 ) (536.101990 -940.987976 61 ) (536.101990 -933.228333 61 ) (536.101990 -933.227478 -120 ) 
4 334 335 (536.571960 -933.057739 -120 ) (536.572266 -933.058594 73 ) (538 -936.988525 73 ) (538 -936.988037 -120 ) 
4 337 442 (531.101990 -812.987976 -120 ) (531.101990 -940.987976 -120 ) (531.101990 -940.987976 61 ) (531.101990 -812.987976 61 ) 
4 337 345 (531.101990 -940.987976 61 ) (531.101990 -940.987976 -120 ) (536.101990 -940.987976 -120 ) (536.101990 -940.987976 61 ) 
4 340 478 (531.101990 -947.987976 223 ) (531.101990 -947.987976 218 ) (531.101990 -999.421021 218 ) (531.101990 -1001.414551 223 ) 
4 340 474 (531.101990 -1008.989990 242 ) (531.101990 -947.987976 242 ) (531.101990 -947.987976 223 ) (531.101990 -1001.414551 223 ) 
3 340 428 (531.101990 -947.987976 178 ) (531.101990 -947.987976 89 ) (531.101990 -983.472778 178 ) 
4 340 423 (531.101990 -947.987976 218 ) (531.101990 -947.987976 178 ) (531.101990 -983.472778 178 ) (531.101990 -999.421021 218 ) 
4 341 478 (531.101990 -1014.989990 218 ) (531.101990 -1014.989990 223 ) (531.101990 -1009.806824 223 ) (531.101990 -1007.813293 218 ) 
3 341 474 (531.101990 -1014.989990 223 ) (531.101990 -1014.989990 236 ) (531.101990 -1009.806824 223 ) 
4 341 433 (531.101990 -1014.989990 83 ) (531.101990 -1014.989990 178 ) (531.101990 -1002 178 ) (531.101990 -1002 83 ) 
4 341 428 (531.101990 -1002 178 ) (531.101990 -991.865051 178 ) (531.101990 -953.987976 83 ) (531.101990 -1002 83 ) 
4 341 423 (531.101990 -1014.989990 178 ) (531.101990 -1014.989990 218 ) (531.101990 -1007.813293 218 ) (531.101990 -991.865051 178 ) 
4 342 483 (541.638550 -1014.989990 -120 ) (548.101990 -1014.989990 -120 ) (548.101990 -1014.989990 73 ) (541.637634 -1014.989990 73 ) 
4 342 482 (536.101990 -1014.989990 -120 ) (541.638550 -1014.989990 -120 ) (541.637634 -1014.989990 73 ) (536.101990 -1014.989990 73 ) 
4 342 345 (536.101990 -1014.989990 -120 ) (536.101990 -1014.989990 61 ) (536.101990 -947.230835 61 ) (536.101990 -947.230835 -120 ) 
4 342 344 (541.064331 -945.421936 73 ) (545.003052 -943.986450 73 ) (545 -943.987793 -120 ) (541.064331 -945.421936 -120 ) 
4 342 343 (536.101990 -947.230469 -120 ) (536.101990 -947.230469 73 ) (541.064331 -945.421936 73 ) (541.064331 -945.421936 -120 ) 
4 343 345 (536.101990 -940.987976 61 ) (536.101990 -940.987976 -120 ) (536.101990 -947.230835 -120 ) (536.101990 -947.230835 61 ) 
4 343 344 (539.862366 -942.117737 73 ) (541.064453 -945.425781 73 ) (541.064453 -945.425781 -120 ) (539.863464 -942.120728 -120 ) 
4 345 489 (531.101990 -1014.989990 61 ) (531.101990 -1014.989990 -120 ) (536.101990 -1014.989990 -120 ) (536.101990 -1014.989990 61 ) 
4 345 442 (531.101990 -940.987976 -120 ) (531.101990 -1014.989990 -120 ) (531.101990 -1014.989990 61 ) (531.101990 -940.987976 61 ) 
4 346 521 (364.100037 -940.987976 242 ) (364.100037 -926.286926 242 ) (364.100037 -926.286926 83 ) (364.100037 -940.987976 83 ) 
4 346 416 (369.100037 -940.004028 83 ) (364.100037 -926.284607 83 ) (364.100037 -926.284668 218 ) (369.100037 -940.004028 218 ) 
4 346 394 (364.100037 -926.284668 218 ) (364.100037 -926.284668 242 ) (369.100037 -940.004028 242 ) (369.100037 -940.004028 218 ) 
4 347 475 (531.101990 -693.987976 218 ) (531.101990 -661.987976 218 ) (507.101990 -661.987976 242 ) (507.101990 -693.987976 242 ) 
5 347 366 (531.101990 -700.987976 178 ) (531.101990 -700.987976 218 ) (507.100861 -700.987976 242 ) (500 -700.987976 242 ) (500 -700.987976 178 ) 
4 347 352 (531.101990 -700.987976 178 ) (500 -700.987976 178 ) (500 -661.987976 178 ) (531.101990 -661.987976 178 ) 
4 347 350 (500 -672 178 ) (500 -700.987976 178 ) (500 -700.987976 180 ) (500 -672 180 ) 
4 347 349 (500 -700.987976 180 ) (500 -700.987976 242 ) (500 -672 242 ) (500 -672 180 ) 
4 347 348 (500 -661.987976 178 ) (500 -672 178 ) (500 -672 242 ) (500 -661.987976 242 ) 
4 348 363 (405.095184 -672 242 ) (405.095184 -661.987976 242 ) (404.149994 -661.987976 241.054657 ) (404.149994 -672 241.054657 ) 
4 348 353 (404.149994 -672 178 ) (404.149994 -661.987976 178 ) (500 -661.987976 178 ) (500 -672 178 ) 
4 348 350 (404.149994 -672 180 ) (404.149994 -672 178 ) (500 -672 178 ) (500 -672 180 ) 
5 348 349 (404.149994 -672 241.054688 ) (404.149994 -672 180 ) (500 -672 180 ) (500 -672 242 ) (405.095154 -672 242 ) 
4 348 351 (404.149994 -661.987976 178 ) (404.149994 -672 178 ) (404.149994 -672 241.055817 ) (404.149994 -661.987976 241.055817 ) 
5 349 367 (500 -700.987976 242 ) (405.093994 -700.987976 242 ) (404.149994 -700.987976 241.055847 ) (404.149994 -700.987976 180 ) (500 -700.987976 180 ) 
4 349 363 (405.095184 -693.987976 242 ) (405.095184 -672 242 ) (404.149994 -672 241.054657 ) (404.149994 -693.987976 241.054657 ) 
4 349 351 (404.149994 -700.987976 180 ) (404.149994 -700.987976 241.055817 ) (404.149994 -672 241.055817 ) (404.149994 -672 180 ) 
4 349 350 (404.149994 -700.987976 180 ) (404.149994 -672 180 ) (500 -672 180 ) (500 -700.987976 180 ) 
4 350 368 (404.149994 -700.987976 180 ) (404.149994 -700.987976 178 ) (500 -700.987976 178 ) (500 -700.987976 180 ) 
4 350 358 (406 -700.987976 178 ) (404.149994 -700.987976 178 ) (404.149994 -674 178 ) (406 -674 178 ) 
4 350 357 (496.942993 -700.987976 178 ) (406 -700.987976 178 ) (406 -674 178 ) (496.942993 -674 178 ) 
4 350 356 (500 -700.987976 178 ) (496.942993 -700.987976 178 ) (496.942993 -674 178 ) (500 -674 178 ) 
4 350 355 (404.149994 -674 178 ) (404.149994 -672 178 ) (406 -672 178 ) (406 -674 178 ) 
4 350 354 (406 -672 178 ) (500 -672 178 ) (500 -674 178 ) (406 -674 178 ) 
4 350 351 (404.149994 -672 178 ) (404.149994 -700.987976 178 ) (404.149994 -700.987976 180 ) (404.149994 -672 180 ) 
4 351 369 (404.149994 -700.987976 241.055847 ) (388.712524 -700.987976 225.615784 ) (388.712524 -700.987976 178 ) (404.149994 -700.987976 178 ) 
4 351 363 (404.149994 -693.987976 241.054657 ) (404.149994 -661.987976 241.054657 ) (381.100037 -661.987976 218 ) (381.100037 -693.987976 218 ) 
4 351 361 (388.714844 -700.987976 178 ) (388.714844 -700.987976 225.617188 ) (381.100037 -698.211365 218.001114 ) (381.100037 -698.211365 178 ) 
4 351 360 (381.100037 -693.987976 218 ) (381.100037 -661.987976 218 ) (381.100037 -661.987976 178 ) (381.100037 -693.987976 178 ) 
5 351 359 (404.149994 -700.987976 178 ) (388.718750 -700.987976 178 ) (381.100037 -698.210938 178 ) (381.100037 -672 178 ) (404.149994 -672 178 ) 
4 351 353 (381.100037 -672 178 ) (381.100037 -661.987976 178 ) (404.149994 -661.987976 178 ) (404.149994 -672 178 ) 
4 352 441 (531.101990 -687.987976 78 ) (531.101990 -693.987976 78 ) (500 -693.987976 78 ) (500 -687.987976 78 ) 
4 352 377 (500 -700.987976 78 ) (531.101990 -700.987976 78 ) (531.101990 -700.987976 83 ) (500 -700.987976 83 ) 
4 352 370 (531.101990 -700.987976 83 ) (531.101990 -700.987976 178 ) (500 -700.987976 178 ) (500 -700.987976 83 ) 
4 352 356 (500 -674 78 ) (500 -700.987976 78 ) (500 -700.987976 178 ) (500 -674 178 ) 
4 352 354 (500 -672 78 ) (500 -674 78 ) (500 -674 178 ) (500 -672 178 ) 
4 352 353 (500 -661.987976 78 ) (500 -672 78 ) (500 -672 178 ) (500 -661.987976 178 ) 
4 353 360 (381.100037 -661.987976 78 ) (381.100037 -672 78 ) (381.100037 -672 178 ) (381.100037 -661.987976 178 ) 
4 353 355 (406 -672 178 ) (404 -672 178 ) (404 -672 78 ) (406 -672 78 ) 
4 353 354 (500 -672 78 ) (500 -672 178 ) (406 -672 178 ) (406 -672 78 ) 
4 353 359 (404 -672 178 ) (381.100037 -672 178 ) (381.100037 -672 78 ) (404 -672 78 ) 
4 354 357 (406 -674 78 ) (496.942993 -674 78 ) (496.942993 -674 178 ) (406 -674 178 ) 
4 354 356 (496.942993 -674 78 ) (500 -674 78 ) (500 -674 178 ) (496.942993 -674 178 ) 
4 354 355 (406 -672 178 ) (406 -672 78 ) (406 -674 78 ) (406 -674 178 ) 
4 355 358 (404 -674 178 ) (404 -674 78 ) (406 -674 78 ) (406 -674 178 ) 
4 355 359 (404 -672 178 ) (404 -672 78 ) (404 -674 78 ) (404 -674 178 ) 
4 356 441 (500 -687.987976 78 ) (500 -693.987976 78 ) (496.942993 -693.987976 78 ) (496.942993 -687.987976 78 ) 
4 356 378 (496.942993 -700.987976 78 ) (500 -700.987976 78 ) (500 -700.987976 83 ) (496.942993 -700.987976 83 ) 
4 356 371 (500 -700.987976 83 ) (500 -700.987976 178 ) (496.942993 -700.987976 178 ) (496.942993 -700.987976 83 ) 
4 356 357 (496.942993 -674 178 ) (496.942993 -674 78 ) (496.942993 -700.987976 78 ) (496.942993 -700.987976 178 ) 
4 357 441 (406 -693.987976 78 ) (406 -687.987976 78 ) (496.942993 -687.987976 78 ) (496.942993 -693.987976 78 ) 
4 357 379 (406 -700.987976 78 ) (496.942993 -700.987976 78 ) (496.942993 -700.987976 83 ) (406 -700.987976 83 ) 
4 357 372 (496.942993 -700.987976 83 ) (496.942993 -700.987976 178 ) (406 -700.987976 178 ) (406 -700.987976 83 ) 
4 357 358 (406 -674 178 ) (406 -674 78 ) (406 -700.987976 78 ) (406 -700.987976 178 ) 
4 358 441 (404 -693.987976 78 ) (404 -687.987976 78 ) (406 -687.987976 78 ) (406 -693.987976 78 ) 
4 358 380 (404 -700.987976 78 ) (406 -700.987976 78 ) (406 -700.987976 83 ) (404 -700.987976 83 ) 
4 358 373 (406 -700.987976 83 ) (406 -700.987976 178 ) (404 -700.987976 178 ) (404 -700.987976 83 ) 
4 358 359 (404 -674 78 ) (404 -700.987976 78 ) (404 -700.987976 178 ) (404 -674 178 ) 
4 359 444 (381.100037 -693.987976 78 ) (381.100037 -687.987976 78 ) (395.100037 -687.987976 78 ) (395.100037 -693.987976 78 ) 
4 359 441 (395.100037 -693.987976 78 ) (395.100037 -687.987976 78 ) (404 -687.987976 78 ) (404 -693.987976 78 ) 
4 359 383 (388.712494 -700.987976 78 ) (399.716766 -700.987976 78 ) (399.716766 -700.987976 81 ) (388.712494 -700.987976 81 ) 
4 359 382 (399.716766 -700.987976 81 ) (399.716766 -700.987976 83 ) (388.712494 -700.987976 83 ) (388.712494 -700.987976 81 ) 
4 359 381 (399.716766 -700.987976 78 ) (404 -700.987976 78 ) (404 -700.987976 83 ) (399.716766 -700.987976 83 ) 
4 359 374 (404 -700.987976 83 ) (404 -700.987976 178 ) (388.712524 -700.987976 178 ) (388.712494 -700.987976 83 ) 
4 359 362 (388.714844 -700.987976 78 ) (388.714844 -700.987976 81 ) (381.100037 -698.211365 81 ) (381.100037 -698.211365 78 ) 
4 359 361 (388.714844 -700.987976 81 ) (388.714844 -700.987976 178 ) (381.100037 -698.211365 178 ) (381.100037 -698.211365 81 ) 
4 359 360 (381.100037 -672 78 ) (381.100037 -693.987976 78 ) (381.100037 -693.987976 178 ) (381.100037 -672 178 ) 
4 360 444 (381.100037 -687.987976 78 ) (381.100037 -693.987976 78 ) (376.100037 -693.987976 78 ) (376.100037 -687.987976 78 ) 
4 360 385 (376.100037 -661.987976 78 ) (376.100037 -693.987976 78 ) (376.100037 -693.987976 213.001205 ) (376.100037 -661.987976 213.001190 ) 
4 360 365 (376.100037 -661.987976 213 ) (376.100037 -693.987976 213 ) (381.100037 -693.987976 218 ) (381.100037 -661.987976 218 ) 
4 361 382 (381.100037 -700.987976 81 ) (388.712494 -700.987976 81 ) (388.712494 -700.987976 83 ) (381.100037 -700.987976 83 ) 
4 361 374 (388.712494 -700.987976 83 ) (388.712524 -700.987976 178 ) (381.100037 -700.987976 178 ) (381.100037 -700.987976 83 ) 
4 361 369 (388.712524 -700.987976 178 ) (388.712524 -700.987976 225.615784 ) (381.100037 -700.987976 218.002029 ) (381.100037 -700.987976 178 ) 
3 361 362 (381.100037 -698.213623 81 ) (388.708740 -700.987976 81 ) (381.100037 -700.987976 81 ) 
4 362 383 (381.100037 -700.987976 78 ) (388.712494 -700.987976 78 ) (388.712494 -700.987976 81 ) (381.100037 -700.987976 81 ) 
4 363 365 (381.100037 -661.987976 218 ) (381.100037 -693.987976 218 ) (381.100037 -693.987976 242 ) (381.100037 -661.987976 242 ) 
3 363 364 (381.100037 -693.987976 242 ) (381.100037 -693.987976 223.014053 ) (400.089996 -693.987976 242 ) 
3 364 369 (400.105988 -700.987976 242 ) (381.100037 -700.987976 242 ) (381.100037 -700.987976 222.998047 ) 
4 365 385 (376.100037 -693.987976 242 ) (376.100037 -661.987976 242 ) (376.100037 -661.987976 213.001190 ) (376.100037 -693.987976 213.001205 ) 
4 366 476 (531.101990 -805.987976 218 ) (531.101990 -700.987976 218 ) (507.101990 -700.987976 242 ) (507.101959 -805.987976 242 ) 
4 366 397 (531.101990 -805.987976 178 ) (531.101990 -805.987976 213 ) (500 -805.987976 213 ) (500 -805.987976 178 ) 
4 366 395 (531.101990 -805.987976 213 ) (531.101990 -805.987976 218 ) (500 -805.987976 218 ) (500 -805.987976 213 ) 
5 366 389 (531.101990 -805.987976 218 ) (531.101990 -805.987976 218.001358 ) (507.103577 -805.987976 242 ) (500 -805.987976 242 ) (500 -805.987976 218 ) 
4 366 370 (531.101990 -805.987976 178 ) (500 -805.987976 178 ) (500 -700.987976 178 ) (531.101990 -700.987976 178 ) 
4 366 368 (500 -700.987976 180 ) (500 -700.987976 178 ) (500 -805.987976 178 ) (500 -805.987976 180 ) 
4 366 367 (500 -700.987976 242 ) (500 -700.987976 180 ) (500 -805.987976 180 ) (500 -805.987976 242 ) 
4 367 398 (404.149994 -805.987976 213 ) (404.149994 -805.987976 180 ) (500 -805.987976 180 ) (500 -805.987976 213 ) 
4 367 395 (404.149994 -805.987976 218 ) (404.149994 -805.987976 213 ) (500 -805.987976 213 ) (500 -805.987976 218 ) 
5 367 389 (500 -805.987976 242 ) (405.093994 -805.987976 242 ) (404.149994 -805.987976 241.055832 ) (404.149994 -805.987976 218 ) (500 -805.987976 218 ) 
4 367 369 (404.149994 -700.987976 242 ) (404.149994 -700.987976 180 ) (404.149994 -805.987976 180 ) (404.149994 -805.987976 242 ) 
4 367 368 (404.149994 -805.987976 180 ) (404.149994 -700.987976 180 ) (500 -700.987976 180 ) (500 -805.987976 180 ) 
4 368 399 (404.149994 -805.987976 180 ) (404.149994 -805.987976 178 ) (500 -805.987976 178 ) (500 -805.987976 180 ) 
4 368 373 (406 -805.987976 178 ) (404.149994 -805.987976 178 ) (404.149994 -700.987976 178 ) (406 -700.987976 178 ) 
4 368 371 (500 -805.987976 178 ) (496.942993 -805.987976 178 ) (496.942993 -700.987976 178 ) (500 -700.987976 178 ) 
4 368 372 (496.942993 -805.987976 178 ) (406 -805.987976 178 ) (406 -700.987976 178 ) (496.942993 -700.987976 178 ) 
4 368 369 (404.149994 -700.987976 180 ) (404.149994 -700.987976 178 ) (404.149994 -805.987976 178 ) (404.149994 -805.987976 180 ) 
4 369 417 (381.100037 -805.987976 218 ) (381.100037 -805.987976 178 ) (385.269592 -805.987976 178 ) (385.269592 -805.987976 218 ) 
4 369 400 (385.269592 -805.987976 178 ) (404.149994 -805.987976 178 ) (404.149994 -805.987976 213 ) (385.269592 -805.987976 213 ) 
4 369 395 (404.149994 -805.987976 213 ) (404.149994 -805.987976 218 ) (385.269592 -805.987976 218 ) (385.269592 -805.987976 213 ) 
4 369 389 (381.100037 -805.987976 218.002029 ) (381.100037 -805.987976 218 ) (404.149994 -805.987976 218 ) (404.149994 -805.987976 241.055832 ) 
3 369 388 (400.092987 -805.987976 242 ) (381.100037 -805.987976 242 ) (381.100037 -805.987976 223.010056 ) 
4 369 376 (381.100037 -748.399780 178 ) (381.100037 -805.987976 178 ) (381.100037 -805.987976 242 ) (381.100037 -706.988037 242 ) 
3 369 375 (381.100037 -700.987976 236 ) (381.100037 -700.987976 178 ) (381.100037 -738.517395 178 ) 
4 369 374 (404.149994 -805.987976 178 ) (381.100037 -805.987976 178 ) (381.100037 -700.987976 178 ) (404.149994 -700.987976 178 ) 
4 370 401 (531.101990 -805.987976 83 ) (531.101990 -805.987976 178 ) (500 -805.987976 178 ) (500 -805.987976 83 ) 
4 370 377 (531.101990 -805.987976 83 ) (500 -805.987976 83 ) (500 -700.987976 83 ) (531.101990 -700.987976 83 ) 
4 370 371 (500 -700.987976 83 ) (500 -805.987976 83 ) (500 -805.987976 178 ) (500 -700.987976 178 ) 
4 371 402 (500 -805.987976 178 ) (496.942993 -805.987976 178 ) (496.942993 -805.987976 83 ) (500 -805.987976 83 ) 
4 371 378 (500 -805.987976 83 ) (496.942993 -805.987976 83 ) (496.942993 -700.987976 83 ) (500 -700.987976 83 ) 
4 371 372 (496.942993 -700.987976 83 ) (496.942993 -805.987976 83 ) (496.942993 -805.987976 178 ) (496.942993 -700.987976 178 ) 
4 372 403 (496.942993 -805.987976 178 ) (406 -805.987976 178 ) (406 -805.987976 83 ) (496.942993 -805.987976 83 ) 
4 372 379 (496.942993 -805.987976 83 ) (406 -805.987976 83 ) (406 -700.987976 83 ) (496.942993 -700.987976 83 ) 
4 372 373 (406 -700.987976 83 ) (406 -805.987976 83 ) (406 -805.987976 178 ) (406 -700.987976 178 ) 
4 373 404 (406 -805.987976 178 ) (404 -805.987976 178 ) (404 -805.987976 83 ) (406 -805.987976 83 ) 
4 373 380 (406 -805.987976 83 ) (404 -805.987976 83 ) (404 -700.987976 83 ) (406 -700.987976 83 ) 
4 373 374 (404 -700.987976 83 ) (404 -805.987976 83 ) (404 -805.987976 178 ) (404 -700.987976 178 ) 
4 374 417 (385.269592 -805.987976 178 ) (381.100037 -805.987976 178 ) (381.100037 -805.987976 83 ) (385.269592 -805.987976 83 ) 
4 374 405 (404 -805.987976 178 ) (385.269592 -805.987976 178 ) (385.269592 -805.987976 83 ) (404 -805.987976 83 ) 
3 374 382 (381.100037 -707.766846 83 ) (381.100037 -700.987976 83 ) (399.716766 -700.987976 83 ) 
5 374 381 (404 -805.987976 83 ) (381.100037 -805.987976 83 ) (381.100037 -707.766846 83 ) (399.716766 -700.987976 83 ) (404 -700.987976 83 ) 
3 374 376 (381.100037 -805.987976 89 ) (381.100037 -805.987976 178 ) (381.100037 -748.399780 178 ) 
4 374 375 (381.100037 -700.987976 178 ) (381.100037 -700.987976 83 ) (381.100037 -799.987976 83 ) (381.100037 -738.517395 178 ) 
4 377 406 (500 -805.987976 78 ) (531.101990 -805.987976 78 ) (531.101990 -805.987976 83 ) (500 -805.987976 83 ) 
4 377 378 (500 -805.987976 78 ) (500 -805.987976 83 ) (500 -700.987976 83 ) (500 -700.987976 78 ) 
4 378 407 (496.942993 -805.987976 78 ) (500 -805.987976 78 ) (500 -805.987976 83 ) (496.942993 -805.987976 83 ) 
4 378 379 (496.942993 -805.987976 78 ) (496.942993 -805.987976 83 ) (496.942993 -700.987976 83 ) (496.942993 -700.987976 78 ) 
4 379 408 (406 -805.987976 78 ) (496.942993 -805.987976 78 ) (496.942993 -805.987976 83 ) (406 -805.987976 83 ) 
4 379 380 (406 -805.987976 78 ) (406 -805.987976 83 ) (406 -700.987976 83 ) (406 -700.987976 78 ) 
4 380 409 (404 -805.987976 78 ) (406 -805.987976 78 ) (406 -805.987976 83 ) (404 -805.987976 83 ) 
4 380 381 (404 -805.987976 78 ) (404 -805.987976 83 ) (404 -700.987976 83 ) (404 -700.987976 78 ) 
4 381 417 (381.100037 -805.987976 78 ) (385.269592 -805.987976 78 ) (385.269592 -805.987976 83 ) (381.100037 -805.987976 83 ) 
4 381 410 (385.269592 -805.987976 78 ) (404 -805.987976 78 ) (404 -805.987976 83 ) (385.269592 -805.987976 83 ) 
4 381 384 (383.429077 -706.917542 78 ) (381.100037 -707.765503 78 ) (381.100037 -707.765503 81 ) (383.429077 -706.917542 81 ) 
4 381 383 (399.714844 -700.987976 81 ) (399.714844 -700.987976 78 ) (383.429077 -706.917542 78 ) (383.429077 -706.917542 81 ) 
4 381 382 (381.100037 -707.765503 83 ) (399.714844 -700.987976 83 ) (399.714844 -700.987976 81 ) (381.100037 -707.765503 81 ) 
4 382 384 (383.429260 -706.918030 81 ) (381.100037 -707.766174 81 ) (381.100037 -705.460693 81 ) (382 -702.987976 81 ) 
3 382 383 (399.714844 -700.987976 81 ) (383.429260 -706.918030 81 ) (381.272644 -700.987976 81 ) 
4 383 384 (383.429688 -706.917969 78 ) (383.429688 -706.917969 81 ) (382 -702.987427 81 ) (382 -702.987427 78 ) 
4 385 512 (364.100037 -693.987976 242 ) (364.100037 -686.987976 242 ) (364.100037 -686.987976 78 ) (364.100037 -693.987976 78 ) 
4 385 510 (364.100037 -686.987976 242 ) (364.100037 -661.987976 242 ) (364.100037 -661.987976 78 ) (364.100037 -686.987976 78 ) 
4 385 444 (376.100037 -687.987976 78 ) (376.100037 -693.987976 78 ) (364.100037 -693.987976 78 ) (364.100037 -687.987976 78 ) 
3 386 521 (364.100037 -735.987976 83 ) (364.100037 -799.987976 83 ) (364.100037 -735.987976 181.909149 ) 
4 386 512 (364.100037 -700.987976 236 ) (364.100037 -700.987976 83 ) (364.100037 -735.987976 83 ) (364.100037 -735.987976 181.909149 ) 
4 387 521 (364.100037 -805.987976 242 ) (364.100037 -735.987976 242 ) (364.100037 -735.987976 197.181900 ) (364.100037 -805.987976 89 ) 
3 387 512 (364.100037 -735.987976 242 ) (364.100037 -706.988037 242 ) (364.100037 -735.987976 197.181900 ) 
3 388 390 (381.100037 -812.987976 242 ) (381.100037 -812.987976 222.998047 ) (400.105011 -812.987976 242 ) 
4 389 417 (381.100037 -812.987976 218 ) (381.100037 -805.987976 218 ) (385.269592 -805.987976 218 ) (382.726563 -812.987976 218 ) 
4 389 395 (385.269592 -805.987976 218 ) (531.101929 -805.987976 218 ) (531.101746 -812.987976 218 ) (382.726563 -812.987976 218 ) 
5 389 390 (381.100037 -812.987976 218.002029 ) (381.100037 -812.987976 218 ) (531.101990 -812.987976 218 ) (507.101685 -812.987976 242 ) (405.093994 -812.987976 242 ) 
4 390 477 (531.101990 -940.987976 218 ) (531.101990 -812.987976 218 ) (507.101959 -812.987976 242 ) (507.101929 -940.987976 242 ) 
4 390 420 (381.100037 -817.465027 218 ) (381.100037 -812.987976 218 ) (381.271332 -812.987976 218 ) (382 -814.987854 218 ) 
3 390 417 (381.271332 -812.987976 218 ) (382.726532 -812.987976 218 ) (382 -814.987854 218 ) 
5 390 395 (381.100037 -940.987976 218 ) (381.100037 -817.465027 218 ) (382.726532 -812.987976 218 ) (531.101746 -812.987976 218 ) (531.097839 -940.987976 218 ) 
4 390 393 (381.100037 -812.987976 218 ) (381.100037 -940.987976 218 ) (381.100037 -940.987976 242 ) (381.100037 -812.987976 242 ) 
3 390 392 (381.100037 -940.987976 242 ) (381.100037 -940.987976 223.002991 ) (400.106995 -940.987976 242 ) 
5 390 391 (381.100037 -940.987976 218.003906 ) (381.100037 -940.987976 218 ) (531.101990 -940.987976 218 ) (507.101685 -940.987976 242 ) (405.093750 -940.987976 242 ) 
5 391 424 (500 -947.987976 242 ) (405.093750 -947.987976 242 ) (404.149994 -947.987976 241.056152 ) (404.149994 -947.987976 218 ) (500 -947.987976 218 ) 
4 391 423 (531.101990 -947.987976 218 ) (507.101563 -947.987976 242 ) (500 -947.987976 242 ) (500 -947.987976 218 ) 
4 391 427 (404.149994 -947.987976 241.056152 ) (381.100037 -947.987976 218.003906 ) (381.100037 -947.987976 218 ) (404.149994 -947.987976 218 ) 
3 392 427 (400.109985 -947.987976 242 ) (381.100037 -947.987976 242 ) (381.100037 -947.987976 223 ) 
4 393 420 (376.100037 -831.227966 218 ) (376.100037 -812.987976 218 ) (381.100037 -812.987976 218 ) (381.100037 -817.465027 218 ) 
4 393 396 (376.100037 -940.987976 218 ) (376.100037 -831.227966 218 ) (381.100037 -817.465027 218 ) (381.100037 -940.987976 218 ) 
4 394 521 (364.100037 -926.286926 242 ) (364.100037 -812.987976 242 ) (364.100037 -812.987976 218 ) (364.100037 -926.286926 218 ) 
5 394 421 (364.100037 -864.258728 218 ) (364.100037 -825.761719 218 ) (368.723999 -812.987976 218 ) (369.100037 -812.987976 218 ) (369.100037 -850.495789 218 ) 
3 394 419 (364.100037 -825.761719 218 ) (364.100037 -812.987976 218 ) (368.723999 -812.987976 218 ) 
4 394 416 (369.100037 -940.009277 218 ) (364.100037 -926.289673 218 ) (364.100037 -864.258728 218 ) (369.100037 -850.495789 218 ) 
4 395 420 (381.100037 -817.464966 218 ) (382 -814.987793 218 ) (382 -814.987793 213 ) (381.100037 -817.464966 213 ) 
4 395 417 (382 -814.987793 218 ) (385.269531 -805.987976 218 ) (385.269531 -805.987976 213 ) (382 -814.987793 213 ) 
3 395 412 (381.100037 -940.987976 213 ) (381.100037 -934.512329 213 ) (383.454041 -940.987976 213 ) 
4 395 398 (404.149994 -805.987976 213 ) (500 -805.987976 213 ) (500 -940.987976 213 ) (404.149994 -940.987976 213 ) 
4 395 397 (500 -805.987976 213 ) (531.101990 -805.987976 213 ) (531.101990 -940.987976 213 ) (500 -940.987976 213 ) 
6 395 400 (381.100037 -934.512329 213 ) (381.100037 -817.463745 213 ) (385.269165 -805.987976 213 ) (404.149994 -805.987976 213 ) (404.149994 -940.987976 213 ) (383.454041 -940.987976 213 ) 
4 395 396 (381.100037 -817.468750 218 ) (381.100037 -817.468750 213 ) (381.100037 -940.987976 213 ) (381.100037 -940.987976 218 ) 
4 396 420 (376.100037 -831.228027 218 ) (381.100037 -817.464966 218 ) (381.100037 -817.464966 213 ) (376.100037 -831.228027 213 ) 
4 396 412 (376.100037 -940.987976 213 ) (376.100037 -920.757690 213 ) (381.100037 -934.512329 213 ) (381.100037 -940.987976 213 ) 
4 396 411 (376.100037 -920.757690 213 ) (376.100037 -831.226563 213 ) (381.100037 -817.463745 213 ) (381.100037 -934.512329 213 ) 
4 397 423 (531.101990 -947.987976 178 ) (531.101990 -947.987976 213 ) (500 -947.987976 213 ) (500 -947.987976 178 ) 
4 397 401 (531.101990 -947.987976 178 ) (500 -947.987976 178 ) (500 -805.987976 178 ) (531.101990 -805.987976 178 ) 
4 397 399 (500 -805.987976 178 ) (500 -947.987976 178 ) (500 -947.987976 180 ) (500 -805.987976 180 ) 
4 397 398 (500 -947.987976 180 ) (500 -947.987976 213 ) (500 -805.987976 213 ) (500 -805.987976 180 ) 
4 398 424 (500 -947.987976 213 ) (404.149994 -947.987976 213 ) (404.149994 -947.987976 180 ) (500 -947.987976 180 ) 
4 398 400 (404.149994 -947.987976 180 ) (404.149994 -947.987976 213 ) (404.149994 -805.987976 213 ) (404.149994 -805.987976 180 ) 
4 398 399 (404.149994 -947.987976 180 ) (404.149994 -805.987976 180 ) (500 -805.987976 180 ) (500 -947.987976 180 ) 
4 399 425 (404.149994 -947.987976 180 ) (404.149994 -947.987976 178 ) (500 -947.987976 178 ) (500 -947.987976 180 ) 
4 399 404 (406 -947.987976 178 ) (404.149994 -947.987976 178 ) (404.149994 -805.987976 178 ) (406 -805.987976 178 ) 
4 399 402 (500 -947.987976 178 ) (496.942993 -947.987976 178 ) (496.942993 -805.987976 178 ) (500 -805.987976 178 ) 
4 399 403 (496.942993 -947.987976 178 ) (406 -947.987976 178 ) (406 -805.987976 178 ) (496.942993 -805.987976 178 ) 
4 399 400 (404.149994 -805.987976 178 ) (404.149994 -947.987976 178 ) (404.149994 -947.987976 180 ) (404.149994 -805.987976 180 ) 
4 400 427 (404.149994 -947.987976 213 ) (385.998596 -947.987976 213 ) (385.998596 -947.987976 178 ) (404.149994 -947.987976 178 ) 
4 400 420 (382 -814.987793 178 ) (381.100037 -817.464966 178 ) (381.100037 -817.464966 213 ) (382 -814.987793 213 ) 
4 400 417 (385.269531 -805.987976 213 ) (385.269531 -805.987976 178 ) (382 -814.987793 178 ) (382 -814.987793 213 ) 
4 400 415 (386 -947.987976 178 ) (386 -947.987976 213 ) (383.454315 -940.987976 213 ) (383.454315 -940.987976 178 ) 
4 400 412 (383.454315 -940.987976 213 ) (381.100037 -934.511841 213 ) (381.100037 -934.511841 178 ) (383.454315 -940.987976 178 ) 
4 400 411 (381.100037 -934.509766 178 ) (381.100037 -934.509766 213 ) (381.100037 -817.464905 213 ) (381.100037 -817.464905 178 ) 
6 400 405 (404.149994 -947.987976 178 ) (386 -947.987976 178 ) (381.100037 -934.511719 178 ) (381.100037 -817.465088 178 ) (385.269653 -805.987976 178 ) (404.149994 -805.987976 178 ) 
4 401 428 (531.101990 -947.987976 83 ) (531.101990 -947.987976 178 ) (500 -947.987976 178 ) (500 -947.987976 83 ) 
4 401 406 (500 -940.987976 83 ) (500 -805.987976 83 ) (531.101990 -805.987976 83 ) (531.101990 -940.987976 83 ) 
4 401 402 (500 -805.987976 83 ) (500 -947.987976 83 ) (500 -947.987976 178 ) (500 -805.987976 178 ) 
4 402 429 (500 -947.987976 178 ) (496.942993 -947.987976 178 ) (496.942993 -947.987976 83 ) (500 -947.987976 83 ) 
4 402 407 (496.942993 -940.987976 83 ) (496.942993 -805.987976 83 ) (500 -805.987976 83 ) (500 -940.987976 83 ) 
4 402 403 (496.942993 -805.987976 83 ) (496.942993 -947.987976 83 ) (496.942993 -947.987976 178 ) (496.942993 -805.987976 178 ) 
4 403 430 (496.942993 -947.987976 178 ) (406 -947.987976 178 ) (406 -947.987976 83 ) (496.942993 -947.987976 83 ) 
4 403 408 (406 -940.987976 83 ) (406 -805.987976 83 ) (496.942993 -805.987976 83 ) (496.942993 -940.987976 83 ) 
4 403 404 (406 -805.987976 83 ) (406 -947.987976 83 ) (406 -947.987976 178 ) (406 -805.987976 178 ) 
4 404 431 (406 -947.987976 178 ) (404 -947.987976 178 ) (404 -947.987976 83 ) (406 -947.987976 83 ) 
4 404 409 (404 -940.987976 83 ) (404 -805.987976 83 ) (406 -805.987976 83 ) (406 -940.987976 83 ) 
4 404 405 (404 -805.987976 83 ) (404 -947.987976 83 ) (404 -947.987976 178 ) (404 -805.987976 178 ) 
4 405 432 (404 -947.987976 178 ) (385.998596 -947.987976 178 ) (385.998596 -947.987976 83 ) (404 -947.987976 83 ) 
4 405 420 (382 -814.987793 83 ) (381.100037 -817.464966 83 ) (381.100037 -817.464966 178 ) (382 -814.987793 178 ) 
4 405 417 (385.269531 -805.987976 178 ) (385.269531 -805.987976 83 ) (382 -814.987793 83 ) (382 -814.987793 178 ) 
4 405 415 (386 -947.987976 83 ) (386 -947.987976 178 ) (383.454315 -940.987976 178 ) (383.454315 -940.987976 83 ) 
4 405 412 (383.454315 -940.987976 178 ) (381.100037 -934.511841 178 ) (381.100037 -934.511841 83 ) (383.454315 -940.987976 83 ) 
4 405 411 (381.100037 -934.509766 83 ) (381.100037 -934.509766 178 ) (381.100037 -817.464905 178 ) (381.100037 -817.464905 83 ) 
6 405 410 (383.454346 -940.987976 83 ) (381.100037 -934.511719 83 ) (381.100037 -817.465088 83 ) (385.269653 -805.987976 83 ) (404 -805.987976 83 ) (404 -940.987976 83 ) 
4 406 407 (500 -940.987976 78 ) (500 -940.987976 83 ) (500 -805.987976 83 ) (500 -805.987976 78 ) 
4 407 408 (496.942993 -940.987976 78 ) (496.942993 -940.987976 83 ) (496.942993 -805.987976 83 ) (496.942993 -805.987976 78 ) 
4 408 409 (406 -940.987976 78 ) (406 -940.987976 83 ) (406 -805.987976 83 ) (406 -805.987976 78 ) 
4 409 410 (404 -940.987976 78 ) (404 -940.987976 83 ) (404 -805.987976 83 ) (404 -805.987976 78 ) 
4 410 422 (381.100037 -817.464966 81 ) (381.100037 -817.464966 83 ) (382 -814.987793 83 ) (382 -814.987793 81 ) 
4 410 417 (385.269531 -805.987976 83 ) (385.269531 -805.987976 78 ) (382 -814.987793 78 ) (382 -814.987793 83 ) 
4 410 414 (382 -936.987793 78 ) (383.454315 -940.987976 78 ) (383.454315 -940.987976 81 ) (382 -936.987793 81 ) 
4 410 413 (383.454315 -940.987976 83 ) (381.100037 -934.511841 83 ) (381.100037 -934.511841 81 ) (383.454315 -940.987976 81 ) 
4 411 420 (376.100037 -831.228027 83 ) (376.100037 -831.228027 213 ) (381.100037 -817.464966 213 ) (381.100037 -817.464966 83 ) 
4 411 412 (381.100037 -934.511841 213 ) (376.100037 -920.757813 213 ) (376.100037 -920.757813 83 ) (381.100037 -934.511841 83 ) 
4 412 415 (383.455078 -940.987976 83 ) (383.455078 -940.987976 213 ) (381.100037 -940.987976 213 ) (381.100037 -940.987976 83 ) 
3 412 413 (383.457031 -940.987976 83 ) (381.100037 -940.987976 83 ) (381.100037 -934.501709 83 ) 
4 413 414 (383.457031 -940.987976 81 ) (381.100037 -940.987976 81 ) (381.100037 -939.460510 81 ) (382.001801 -936.983276 81 ) 
4 415 432 (385.998596 -947.987976 83 ) (385.998596 -947.987976 178 ) (381.100037 -947.987976 178 ) (381.100037 -947.987976 83 ) 
4 415 427 (385.998596 -947.987976 178 ) (385.998596 -947.987976 213 ) (381.100037 -947.987976 213 ) (381.100037 -947.987976 178 ) 
4 416 521 (364.100037 -926.286926 83 ) (364.100037 -926.286926 218 ) (364.100037 -864.258728 218 ) (364.100037 -864.258728 83 ) 
4 416 421 (364.100037 -864.259399 218 ) (369.100037 -850.496338 218 ) (369.100037 -850.496338 83 ) (364.100037 -864.259399 83 ) 
4 417 422 (382 -814.988281 81 ) (382 -814.988281 83 ) (381.271179 -812.987976 83 ) (381.271179 -812.987976 81 ) 
4 417 420 (382 -814.988281 83 ) (382 -814.988281 218 ) (381.271179 -812.987976 218 ) (381.271179 -812.987976 83 ) 
4 417 418 (381.271179 -812.987976 218 ) (381.100037 -812.518250 218 ) (381.100037 -812.518250 81 ) (381.271179 -812.987976 81 ) 
4 419 521 (364.100037 -825.761719 83 ) (364.100037 -825.761719 218 ) (364.100037 -812.987976 218 ) (364.100037 -812.987976 83 ) 
4 419 421 (368.725586 -812.987976 83 ) (368.725586 -812.987976 218 ) (364.100037 -825.766174 218 ) (364.100037 -825.766174 83 ) 
4 420 422 (381.100037 -812.987976 83 ) (381.271301 -812.987976 83 ) (382 -814.987915 83 ) (381.100037 -817.465149 83 ) 
4 421 521 (364.100037 -864.258728 83 ) (364.100037 -864.258728 218 ) (364.100037 -825.761719 218 ) (364.100037 -825.761719 83 ) 
5 423 486 (507.101959 -1014.989990 242 ) (500 -1014.989990 242 ) (500 -1014.989990 178 ) (531.101990 -1014.989990 178 ) (531.101990 -1014.989990 218 ) 
4 423 478 (507.101929 -1014.989990 242 ) (531.101990 -1014.989990 218 ) (531.101990 -947.987976 218 ) (507.101929 -947.987976 242 ) 
4 423 433 (531.101990 -1002 178 ) (531.101990 -1014.989990 178 ) (500 -1014.989990 178 ) (500 -1002 178 ) 
4 423 428 (500 -947.987976 178 ) (531.101990 -947.987976 178 ) (531.101990 -1002 178 ) (500 -1002 178 ) 
4 423 425 (500 -947.987976 180 ) (500 -947.987976 178 ) (500 -1004 178 ) (500 -1004 180 ) 
4 423 424 (500 -947.987976 242 ) (500 -947.987976 180 ) (500 -1004 180 ) (500 -1004 242 ) 
4 423 426 (500 -1004 178 ) (500 -1014.989990 178 ) (500 -1014.989990 242 ) (500 -1004 242 ) 
4 424 426 (404.149994 -1004 242 ) (404.149994 -1004 180 ) (500 -1004 180 ) (500 -1004 242 ) 
4 424 427 (404.149994 -947.987976 242 ) (404.149994 -947.987976 180 ) (404.149994 -1004 180 ) (404.149994 -1004 242 ) 
4 424 425 (500 -1004 180 ) (404.149994 -1004 180 ) (404.149994 -947.987976 180 ) (500 -947.987976 180 ) 
4 425 434 (499.340027 -1004 178 ) (404.149994 -1004 178 ) (404.149994 -1002 178 ) (499.340027 -1002 178 ) 
4 425 433 (500 -1002 178 ) (500 -1004 178 ) (499.340027 -1004 178 ) (499.340027 -1002 178 ) 
4 425 431 (404.149994 -947.987976 178 ) (406 -947.987976 178 ) (406 -1002 178 ) (404.149994 -1002 178 ) 
4 425 429 (496.942993 -947.987976 178 ) (500 -947.987976 178 ) (500 -1002 178 ) (496.942993 -1002 178 ) 
4 425 430 (406 -947.987976 178 ) (496.942993 -947.987976 178 ) (496.942993 -1002 178 ) (406 -1002 178 ) 
4 425 426 (404.149994 -1004 180 ) (404.149994 -1004 178 ) (500 -1004 178 ) (500 -1004 180 ) 
4 425 427 (404.149994 -947.987976 180 ) (404.149994 -947.987976 178 ) (404.149994 -1004 178 ) (404.149994 -1004 180 ) 
5 426 486 (500 -1014.989990 242 ) (405.093994 -1014.989990 242 ) (404.149994 -1014.989990 241.055832 ) (404.149994 -1014.989990 178 ) (500 -1014.989990 178 ) 
4 426 435 (499.340027 -1014.989990 178 ) (404.149994 -1014.989990 178 ) (404.149994 -1004 178 ) (499.340027 -1004 178 ) 
4 426 433 (500 -1004 178 ) (500 -1014.989990 178 ) (499.340027 -1014.989990 178 ) (499.340027 -1004 178 ) 
4 426 427 (404.149994 -1004 178 ) (404.149994 -1014.989990 178 ) (404.149994 -1014.989990 242 ) (404.149994 -1004 242 ) 
3 427 487 (400.103973 -1014.989990 242 ) (381.100037 -1014.989990 242 ) (381.100037 -1014.989990 222.998062 ) 
4 427 486 (381.100037 -1014.989990 218.002029 ) (381.100037 -1014.989990 178 ) (404.149994 -1014.989990 178 ) (404.149994 -1014.989990 241.055832 ) 
3 427 438 (381.100037 -991.865051 178 ) (381.100037 -1014.989990 178 ) (381.100037 -1014.989990 236 ) 
4 427 437 (381.100037 -947.987976 242 ) (381.100037 -947.987976 178 ) (381.100037 -983.476013 178 ) (381.100037 -1008.989929 242 ) 
4 427 436 (381.100037 -1014.989990 178 ) (381.100037 -1002 178 ) (404.149994 -1002 178 ) (404.149994 -1014.989990 178 ) 
4 427 432 (381.100037 -1002 178 ) (381.100037 -947.987976 178 ) (404.149994 -947.987976 178 ) (404.149994 -1002 178 ) 
4 428 433 (531.101990 -1002 178 ) (500 -1002 178 ) (500 -1002 78 ) (531.101990 -1002 78 ) 
4 428 429 (500 -1002 78 ) (500 -1002 178 ) (500 -947.987976 178 ) (500 -947.987976 78 ) 
4 429 434 (499.340027 -1002 178 ) (496.942993 -1002 178 ) (496.942993 -1002 78 ) (499.340027 -1002 78 ) 
4 429 433 (500 -1002 178 ) (499.340027 -1002 178 ) (499.340027 -1002 78 ) (500 -1002 78 ) 
4 429 430 (496.942993 -1002 78 ) (496.942993 -1002 178 ) (496.942993 -947.987976 178 ) (496.942993 -947.987976 78 ) 
4 430 434 (496.942993 -1002 178 ) (406 -1002 178 ) (406 -1002 78 ) (496.942993 -1002 78 ) 
4 430 431 (406 -1002 78 ) (406 -1002 178 ) (406 -947.987976 178 ) (406 -947.987976 78 ) 
4 431 434 (406 -1002 178 ) (404 -1002 178 ) (404 -1002 78 ) (406 -1002 78 ) 
4 431 432 (404 -1002 78 ) (404 -1002 178 ) (404 -947.987976 178 ) (404 -947.987976 78 ) 
4 432 438 (381.100037 -953.987976 83 ) (381.100037 -1002 83 ) (381.100037 -1002 178 ) (381.100037 -991.865051 178 ) 
3 432 437 (381.100037 -947.987976 178 ) (381.100037 -947.987976 88.980507 ) (381.100037 -983.476013 178 ) 
4 432 436 (404 -1002 178 ) (381.100037 -1002 178 ) (381.100037 -1002 78 ) (404 -1002 78 ) 
4 433 488 (499.340027 -1014.989990 78 ) (531.101990 -1014.989990 78 ) (531.101990 -1014.989990 83 ) (499.340027 -1014.989990 83 ) 
4 433 486 (531.101990 -1014.989990 83 ) (531.101990 -1014.989990 178 ) (499.340027 -1014.989990 178 ) (499.340027 -1014.989990 83 ) 
4 433 435 (499.340027 -1004 78 ) (499.340027 -1014.989990 78 ) (499.340027 -1014.989990 178 ) (499.340027 -1004 178 ) 
4 433 434 (499.340027 -1002 178 ) (499.340027 -1002 78 ) (499.340027 -1004 78 ) (499.340027 -1004 178 ) 
4 434 436 (404 -1002 178 ) (404 -1002 78 ) (404 -1004 78 ) (404 -1004 178 ) 
4 434 435 (404 -1004 178 ) (404 -1004 78 ) (499.340027 -1004 78 ) (499.340027 -1004 178 ) 
4 435 488 (404 -1014.989990 78 ) (499.340027 -1014.989990 78 ) (499.340027 -1014.989990 83 ) (404 -1014.989990 83 ) 
4 435 486 (499.340027 -1014.989990 83 ) (499.340027 -1014.989990 178 ) (404 -1014.989990 178 ) (404 -1014.989990 83 ) 
4 435 436 (404 -1004 78 ) (404 -1014.989990 78 ) (404 -1014.989990 178 ) (404 -1004 178 ) 
4 436 488 (381.100037 -1014.989990 83 ) (381.100037 -1014.989990 78 ) (404 -1014.989990 78 ) (404 -1014.989990 83 ) 
4 436 486 (381.100037 -1014.989990 178 ) (381.100037 -1014.989990 83 ) (404 -1014.989990 83 ) (404 -1014.989990 178 ) 
4 436 438 (381.100037 -1014.989990 83 ) (381.100037 -1014.989990 178 ) (381.100037 -1002 178 ) (381.100037 -1002 83 ) 
3 439 521 (364.100037 -1008.989929 242 ) (364.100037 -947.987976 242 ) (364.100037 -947.987976 88.980499 ) 
3 440 521 (364.100037 -1014.989990 83 ) (364.100037 -1014.989990 236 ) (364.100037 -953.987976 83 ) 
4 441 444 (395.100037 -693.987976 78 ) (395.100037 -687.987976 78 ) (395.100037 -687.987976 73 ) (395.100037 -693.987976 73 ) 
4 441 443 (395.100037 -693.987976 73 ) (395.100037 -687.987976 73 ) (517.101990 -687.987976 73 ) (517.101990 -693.987976 73 ) 
4 442 489 (517.101990 -1014.989990 -120 ) (531.101990 -1014.989990 -120 ) (531.101990 -1014.989990 61 ) (517.101990 -1014.989990 61 ) 
4 442 443 (517.101990 -1014.989990 -120 ) (517.101990 -1014.989990 61 ) (517.101990 -661.987976 61 ) (517.101990 -661.987976 -120 ) 
4 443 490 (395.100037 -1014.989990 -120 ) (517.101990 -1014.989990 -120 ) (517.101990 -1014.989990 73 ) (395.100037 -1014.989990 73 ) 
4 443 460 (395.100037 -850.942322 61 ) (395.100037 -850.942322 -120 ) (395.100037 -901.002625 -120 ) (395.100037 -901 61 ) 
4 443 458 (395.100037 -1014.989990 -120 ) (395.100037 -1014.989990 61 ) (395.100037 -901 61 ) (395.100037 -901.002625 -120 ) 
4 443 450 (395.100037 -739.009460 61 ) (395.100037 -739.009460 -120 ) (395.100037 -850.942322 -120 ) (395.100037 -850.942322 61 ) 
4 443 448 (395.100037 -693.987976 61 ) (395.100037 -693.987976 -120 ) (395.100037 -739.009460 -120 ) (395.100037 -739.009460 61 ) 
4 443 445 (395.100037 -661.987976 61 ) (395.100037 -661.987976 -120 ) (395.100037 -693.987976 -120 ) (395.100037 -693.987976 61 ) 
4 444 512 (364.100037 -693.987976 73 ) (364.100037 -693.987976 78 ) (364.100037 -687.987976 78 ) (364.100037 -687.987976 73 ) 
4 444 446 (376.100037 -693.987976 73 ) (364.100037 -693.987976 73 ) (364.100037 -687.987976 73 ) (376.100037 -687.987976 73 ) 
4 445 449 (378.726929 -693.987976 61 ) (376.100037 -693.987976 61 ) (376.100037 -693.987976 -120 ) (378.726929 -693.987976 -120 ) 
4 445 448 (395.100037 -693.987976 -120 ) (395.100037 -693.987976 61 ) (378.726929 -693.987976 61 ) (378.726929 -693.987976 -120 ) 
4 445 446 (376.100037 -693.987976 -120 ) (376.100037 -693.987976 61 ) (376.100037 -661.987976 61 ) (376.100037 -661.987976 -120 ) 
4 446 512 (364.100037 -686.987976 -120 ) (364.100037 -693.987976 -120 ) (364.100037 -693.987976 73 ) (364.100037 -686.987976 73 ) 
4 446 510 (364.100037 -661.987976 -120 ) (364.100037 -686.987976 -120 ) (364.100037 -686.987976 73 ) (364.100037 -661.987976 73 ) 
4 446 452 (376.100037 -693.987976 73 ) (371.259491 -693.987976 73 ) (371.259491 -693.987976 -120 ) (376.100037 -693.987976 -120 ) 
4 446 447 (371.259491 -693.987976 73 ) (364.100037 -693.987976 73 ) (364.100037 -693.987976 -120 ) (371.259491 -693.987976 -120 ) 
4 447 512 (364.100037 -693.987976 -120 ) (364.100037 -713.756226 -120 ) (364.100037 -713.756226 73 ) (364.100037 -693.987976 73 ) 
4 447 456 (371.057068 -694.550293 73 ) (369.857452 -697.862610 73 ) (369.859436 -697.857178 -120 ) (371.057068 -694.550293 -120 ) 
4 447 455 (368 -702.990112 73 ) (366.576782 -706.921143 73 ) (366.576782 -706.921143 -120 ) (368 -702.989685 -120 ) 
4 447 453 (366.576782 -706.921143 73 ) (364.100037 -713.759766 73 ) (364.100037 -713.759766 -120 ) (366.576782 -706.921143 -120 ) 
4 447 452 (371.260742 -693.987976 -120 ) (371.260742 -693.987976 73 ) (371.057068 -694.550293 73 ) (371.057068 -694.550293 -120 ) 
4 448 451 (383.430969 -706.918091 61 ) (382 -702.985718 61 ) (382 -702.985718 -120 ) (383.430969 -706.918091 -120 ) 
4 448 450 (395.100037 -739.003906 -120 ) (395.100037 -739.003906 61 ) (383.430969 -706.918091 61 ) (383.430969 -706.918091 -120 ) 
4 448 449 (380.137146 -697.861206 61 ) (378.728516 -693.987976 61 ) (378.728516 -693.987976 -120 ) (380.137146 -697.861206 -120 ) 
4 449 452 (376.100037 -693.987976 61 ) (376.100037 -693.987976 -120 ) (376.100037 -696.389099 -120 ) (376.100037 -696.389099 61 ) 
4 450 469 (383.431152 -818.915649 61 ) (382 -814.987793 61 ) (382 -814.987854 -120 ) (383.431274 -818.916016 -120 ) 
4 450 468 (380.131409 -809.859192 61 ) (376.100037 -798.794739 61 ) (376.100037 -798.794739 -120 ) (380.131378 -809.859192 -120 ) 
4 450 460 (395.100037 -850.941956 -120 ) (395.100037 -850.941956 61 ) (383.431152 -818.915649 61 ) (383.431274 -818.916016 -120 ) 
4 450 454 (376.100037 -709.587463 -120 ) (376.100037 -710.388489 -120 ) (376.100037 -710.388489 61 ) (376.100037 -709.587463 61 ) 
4 450 453 (376.100037 -710.388489 -120 ) (376.100037 -798.796875 -120 ) (376.100037 -798.796875 61 ) (376.100037 -710.388489 61 ) 
4 450 451 (380.132843 -708.117981 61 ) (383.429688 -706.917969 61 ) (383.429688 -706.917969 -120 ) (380.132843 -708.117981 -120 ) 
4 452 456 (371.055786 -694.550354 73 ) (371.055786 -694.550354 -120 ) (375 -695.988281 -120 ) (375.005615 -695.990601 73 ) 
4 453 521 (364.100037 -735.987976 -120 ) (364.100037 -765.859619 -120 ) (364.100037 -765.859619 73 ) (364.100037 -735.987976 73 ) 
4 453 512 (364.100037 -713.756226 -120 ) (364.100037 -735.987976 -120 ) (364.100037 -735.987976 73 ) (364.100037 -713.756226 73 ) 
4 453 470 (374.977234 -795.713074 -120 ) (376.100037 -798.794739 -120 ) (376.100037 -798.794739 73 ) (374.977234 -795.713074 73 ) 
4 453 457 (364.100037 -765.859680 73 ) (364.100037 -765.859680 -120 ) (374.977234 -795.713074 -120 ) (374.977234 -795.713074 73 ) 
4 453 455 (369.874542 -708.123535 -120 ) (366.575073 -706.922241 -120 ) (366.575073 -706.922241 73 ) (369.874176 -708.123413 73 ) 
4 453 454 (376.100037 -710.390137 73 ) (376.100037 -710.390137 -120 ) (374.997803 -709.988831 -120 ) (374.997803 -709.988831 73 ) 
4 457 521 (364.100037 -765.859619 -120 ) (364.100037 -825.761841 -120 ) (364.100037 -825.761841 73 ) (364.100037 -765.859619 73 ) 
4 457 473 (368 -814.990723 73 ) (366.579590 -818.916382 73 ) (366.579590 -818.916382 -120 ) (368 -814.990173 -120 ) 
4 457 472 (371.056122 -806.549866 73 ) (369.859009 -809.856873 73 ) (369.859009 -809.856873 -120 ) (371.056122 -806.549866 -120 ) 
4 457 471 (366.579590 -818.916382 73 ) (364.100037 -825.766235 73 ) (364.100037 -825.766235 -120 ) (366.579590 -818.916382 -120 ) 
4 457 470 (374.977539 -795.716797 -120 ) (374.977539 -795.716797 73 ) (371.056122 -806.549866 73 ) (371.056122 -806.549866 -120 ) 
4 458 491 (376.100037 -1014.989990 -120 ) (395.100037 -1014.989990 -120 ) (395.100037 -1014.989990 61 ) (376.100037 -1014.989990 61 ) 
4 458 463 (376.100037 -953.199219 -120 ) (376.100037 -959.213501 -120 ) (376.100037 -959.213501 61 ) (376.100037 -953.196716 61 ) 
4 458 462 (376.100037 -959.213501 -120 ) (376.100037 -1014.989990 -120 ) (376.100037 -1014.989990 61 ) (376.100037 -959.213501 61 ) 
4 458 461 (382 -936.989563 61 ) (383.430054 -933.062378 61 ) (383.431213 -933.061707 -120 ) (382.001007 -936.990784 -120 ) 
4 458 460 (383.430054 -933.062378 61 ) (395.100037 -901.002686 61 ) (395.100037 -901.005127 -120 ) (383.431213 -933.061707 -120 ) 
4 458 459 (376.100037 -953.201843 -120 ) (376.100037 -953.199402 61 ) (380.134583 -942.115662 61 ) (380.135620 -942.115295 -120 ) 
4 459 463 (376.100037 -943.586914 -120 ) (376.100037 -953.199219 -120 ) (376.100037 -953.196716 61 ) (376.100037 -943.586853 61 ) 
4 460 469 (383.432404 -818.914734 61 ) (383.432556 -818.915161 -120 ) (380.136993 -820.115845 -120 ) (380.137238 -820.115234 61 ) 
4 460 467 (376.100037 -929.588623 -120 ) (376.100037 -930.387939 -120 ) (376.100037 -930.389038 61 ) (376.100037 -929.588623 61 ) 
4 460 464 (376.100037 -821.589661 61 ) (376.100037 -821.590149 -120 ) (376.100037 -929.588623 -120 ) (376.100037 -929.588623 61 ) 
4 460 461 (383.430664 -933.060608 -120 ) (383.429504 -933.061279 61 ) (380.135925 -931.860046 61 ) (380.135437 -931.858765 -120 ) 
4 462 521 (364.100037 -926.286926 -120 ) (364.100037 -1014.989990 -120 ) (364.100037 -1014.989990 73 ) (364.100037 -926.286926 73 ) 
4 462 494 (364.100037 -1014.989990 73 ) (364.100037 -1014.989990 -120 ) (366.738464 -1014.989990 -120 ) (366.710510 -1014.989990 73 ) 
4 462 493 (366.738464 -1014.989990 -120 ) (376.100037 -1014.989990 -120 ) (376.100037 -1014.989990 73 ) (366.710510 -1014.989990 73 ) 
4 462 466 (368 -936.985474 -120 ) (366.565735 -933.050171 -120 ) (366.565735 -933.050171 73 ) (368 -936.986694 73 ) 
4 462 465 (371.073822 -945.419678 -120 ) (369.869629 -942.115540 -120 ) (369.870300 -942.117371 73 ) (371.073822 -945.419678 73 ) 
4 462 464 (366.565735 -933.050171 -120 ) (364.100037 -926.284607 -120 ) (364.100037 -926.284607 73 ) (366.565735 -933.050171 73 ) 
4 462 463 (376.100037 -959.210938 73 ) (376.100037 -959.210938 -120 ) (371.073822 -945.419678 -120 ) (371.073822 -945.419678 73 ) 
4 463 465 (375.003174 -943.987488 -120 ) (371.074219 -945.419922 -120 ) (371.074219 -945.419922 73 ) (375.001038 -943.988281 73 ) 
4 464 521 (364.100037 -825.761841 -120 ) (364.100037 -926.286926 -120 ) (364.100037 -926.286926 73 ) (364.100037 -825.761841 73 ) 
4 464 471 (375 -821.987732 -120 ) (364.100037 -825.958496 -120 ) (364.100037 -825.958008 73 ) (374.998413 -821.987488 73 ) 
4 464 467 (375.002655 -929.987732 -120 ) (376.100037 -929.589294 -120 ) (376.100037 -929.589294 73 ) (375.001068 -929.988281 73 ) 
4 464 466 (366.565430 -933.050903 73 ) (366.565430 -933.050903 -120 ) (369.862366 -931.853943 -120 ) (369.863403 -931.853577 73 ) 
4 468 470 (376.100037 -798.794861 61 ) (376.100037 -798.794861 -120 ) (376.100037 -808.389160 -120 ) (376.100037 -808.389099 61 ) 
4 470 472 (371.056702 -806.550842 73 ) (371.056702 -806.550842 -120 ) (375 -807.988281 -120 ) (375 -807.988281 73 ) 
4 471 473 (369.871155 -820.115967 -120 ) (366.578217 -818.914673 -120 ) (366.578217 -818.914673 73 ) (369.870728 -820.115784 73 ) 
3 474 485 (531.101990 -1014.989990 242 ) (512.101929 -1014.989990 242 ) (531.101990 -1014.989990 223 ) 
4 474 478 (531.101990 -947.987976 223 ) (531.101990 -1014.989990 223 ) (512.101990 -1014.989990 242 ) (512.101990 -947.987976 242 ) 
4 474 476 (531.101990 -700.987976 223 ) (531.101990 -805.987976 223 ) (512.101929 -805.987976 242 ) (512.101929 -700.987976 242 ) 
4 474 477 (531.101990 -812.987976 223 ) (531.101990 -940.987976 223 ) (512.101990 -940.987976 242 ) (512.101929 -812.987976 242 ) 
4 474 475 (512.101929 -661.987976 242 ) (531.101990 -661.987976 223 ) (531.101990 -693.987976 223 ) (512.101929 -693.987976 242 ) 
4 479 601 (765.660461 -1024 81 ) (763.037109 -1024 83 ) (548.101990 -1024 83 ) (548.101990 -1024 81 ) 
4 479 590 (763.037109 -1024 83 ) (554.478638 -1024 242 ) (548.101990 -1024 242 ) (548.101990 -1024 83 ) 
4 479 501 (557.100342 -1024 240.002213 ) (765.662354 -1024 81 ) (765.662354 -1014.989990 81 ) (557.100464 -1014.989990 240.002121 ) 
3 479 481 (550.127747 -1019.859497 81 ) (561.484375 -1024 81 ) (551.638733 -1024 81 ) 
5 479 480 (548.101990 -1019.120911 81 ) (548.101990 -1014.989990 81 ) (765.660400 -1014.989990 81 ) (765.660400 -1024 81 ) (561.484375 -1024 81 ) 
5 480 603 (1024 -1024 -120 ) (1024 -1024 -115.951920 ) (765.660461 -1024 81 ) (561.484375 -1024 81 ) (561.488281 -1024 -120 ) 
4 480 501 (765.662354 -1024 81 ) (1024 -1024 -115.949890 ) (1024 -1014.989990 -115.949890 ) (765.662354 -1014.989990 81 ) 
4 480 484 (548.101990 -1016.860352 -120 ) (548.101990 -1019.119507 -120 ) (548.101990 -1019.120850 73 ) (548.101990 -1016.860352 73 ) 
4 480 483 (548.101990 -1014.989990 73 ) (548.101990 -1014.989990 -120 ) (548.101990 -1016.860352 -120 ) (548.101990 -1016.860352 73 ) 
4 480 481 (561.489380 -1024 81 ) (550.127014 -1019.857422 81 ) (550.126404 -1019.855774 -120 ) (561.493408 -1024 -120 ) 
4 481 605 (552.362061 -1024 81 ) (551.638733 -1024 81 ) (551.638733 -1024 -120 ) (552.362061 -1024 -120 ) 
4 481 603 (561.484375 -1024 81 ) (552.362061 -1024 81 ) (552.362061 -1024 -120 ) (561.488281 -1024 -120 ) 
4 482 612 (537.638733 -1024 -120 ) (538.361145 -1024 -120 ) (538.360168 -1024 73 ) (537.638733 -1024 73 ) 
4 482 611 (536.101990 -1024 73 ) (536.101990 -1024 -120 ) (537.638733 -1024 -120 ) (537.638733 -1024 73 ) 
4 482 489 (536.101990 -1014.989990 61 ) (536.101990 -1014.989990 -120 ) (536.101990 -1024 -120 ) (536.101990 -1024 61 ) 
4 482 483 (541.640137 -1014.989990 -120 ) (541.639160 -1014.989990 73 ) (539.868103 -1019.858887 73 ) (539.869263 -1019.858459 -120 ) 
4 483 484 (545.005127 -1017.990356 -120 ) (548.101990 -1016.863281 -120 ) (548.101990 -1016.863281 73 ) (545.003296 -1017.991089 73 ) 
4 486 488 (381.100037 -1015.989990 83 ) (381.100037 -1014.989990 83 ) (531.101990 -1014.989990 83 ) (531.101990 -1015.989990 83 ) 
4 489 613 (517.101990 -1024 -120 ) (536.101990 -1024 -120 ) (536.101990 -1024 61 ) (517.101990 -1024 61 ) 
4 489 490 (517.101990 -1014.989990 61 ) (517.101990 -1014.989990 -120 ) (517.101990 -1024 -120 ) (517.101990 -1024 61 ) 
4 490 614 (395.100037 -1024 -120 ) (517.101990 -1024 -120 ) (517.101990 -1024 73 ) (395.100037 -1024 73 ) 
4 490 491 (395.100037 -1014.989990 61 ) (395.100037 -1014.989990 -120 ) (395.100037 -1024 -120 ) (395.100037 -1024 61 ) 
4 491 615 (391.595795 -1024 -120 ) (395.100037 -1024 -120 ) (395.100037 -1024 61 ) (391.569580 -1024 61 ) 
4 491 493 (376.100037 -1014.989990 61 ) (376.100037 -1014.989990 -120 ) (376.100037 -1018.383301 -120 ) (376.100037 -1018.392822 61 ) 
4 491 492 (380.117188 -1019.840454 -120 ) (391.593109 -1024 -120 ) (391.566895 -1024 61 ) (380.119446 -1019.850769 61 ) 
4 492 615 (381.638031 -1024 -120 ) (391.595795 -1024 -120 ) (391.569580 -1024 61 ) (381.636536 -1024 61 ) 
4 493 495 (374.984314 -1017.989075 73 ) (371.063416 -1016.567871 73 ) (371.066711 -1016.558960 -120 ) (375.007446 -1017.987305 -120 ) 
4 493 494 (371.063416 -1016.567871 73 ) (366.710327 -1014.989990 73 ) (366.738190 -1014.989990 -120 ) (371.066711 -1016.558960 -120 ) 
4 494 618 (367.639496 -1024 -120 ) (368.360077 -1024 -120 ) (368.360077 -1024 73 ) (367.638519 -1024 73 ) 
4 494 617 (364.100037 -1024 73 ) (364.100037 -1024 -120 ) (367.639496 -1024 -120 ) (367.638519 -1024 73 ) 
4 494 521 (364.100037 -1014.989990 -120 ) (364.100037 -1024 -120 ) (364.100037 -1024 73 ) (364.100037 -1014.989990 73 ) 
4 494 495 (371.067444 -1016.558899 -120 ) (371.064209 -1016.567810 73 ) (369.873474 -1019.841370 73 ) (369.870697 -1019.848999 -120 ) 
4 496 498 (554.479309 -511.988007 242 ) (766.972839 -511.988007 80 ) (1024 -511.988007 80 ) (1024 -511.988007 242 ) 
3 497 498 (787.959839 -511.988007 64 ) (1024 -511.988007 -115.951355 ) (1024 -511.988007 64 ) 
4 498 499 (557.102905 -686.987976 240 ) (1024 -686.987976 -115.951355 ) (1024 -686.987976 242 ) (558.103516 -686.987976 242 ) 
4 499 500 (557.103638 -832.987976 240 ) (1024 -832.987976 -115.951355 ) (1024 -832.987976 242 ) (558.104492 -832.987976 242 ) 
4 500 501 (557.101440 -896.987976 240 ) (1024 -896.987976 -115.951355 ) (1024 -896.987976 242 ) (558.100464 -896.987976 242 ) 
3 501 603 (1024 -1024 -115.951920 ) (1024 -1024 81 ) (765.660461 -1024 81 ) 
4 501 601 (1024 -1024 81 ) (1024 -1024 83 ) (763.037109 -1024 83 ) (765.660461 -1024 81 ) 
5 501 591 (1024 -1024 83 ) (1024 -1024 242 ) (558.098755 -1024 242 ) (557.100037 -1024 240.001526 ) (763.037109 -1024 83 ) 
4 502 791 (0 -447.988007 242 ) (0 0 242 ) (0 0 80 ) (0 -447.988007 80 ) 
4 502 519 (40 -447.988007 242 ) (0 -447.988007 242 ) (0 -447.988007 80 ) (40 -447.988007 80 ) 
4 502 514 (304 -447.988007 242 ) (202 -447.988007 242 ) (202 -447.988007 80 ) (304 -447.988007 80 ) 
4 502 518 (202 -447.988007 242 ) (40 -447.988007 242 ) (40 -447.988007 80 ) (202 -447.988007 80 ) 
4 502 507 (364.100037 -447.988007 80 ) (364.100037 -447.988007 242 ) (359.100037 -447.988007 242 ) (359.100037 -447.988007 80 ) 
4 502 511 (359.100037 -447.988007 242 ) (304 -447.988007 242 ) (304 -447.988007 80 ) (359.100037 -447.988007 80 ) 
4 502 505 (0 -351.988007 80 ) (0 -127.987999 80 ) (40 -127.987999 80 ) (40 -351.988007 80 ) 
4 502 504 (364.100037 -447.988007 80 ) (40 -447.988007 80 ) (40 -127.987999 80 ) (364.100037 -127.987999 80 ) 
4 502 503 (0 -31.988302 80 ) (0 0 80 ) (364.100037 0 80 ) (364.100037 -31.988302 80 ) 
4 503 792 (0 0 80 ) (0 0 64 ) (0 -31.988302 64 ) (0 -31.988302 80 ) 
4 503 506 (0 -31.988302 64 ) (0 0 64 ) (364.100037 0 64 ) (364.100037 -31.988302 64 ) 
4 504 514 (304 -447.988007 80 ) (202 -447.988007 80 ) (202 -447.988007 64 ) (304 -447.988007 64 ) 
4 504 518 (202 -447.988007 80 ) (40 -447.988007 80 ) (40 -447.988007 64 ) (202 -447.988007 64 ) 
4 504 507 (364.100037 -447.988007 64 ) (364.100037 -447.988007 80 ) (359.100037 -447.988007 80 ) (359.100037 -447.988007 64 ) 
4 504 511 (359.100037 -447.988007 80 ) (304 -447.988007 80 ) (304 -447.988007 64 ) (359.100037 -447.988007 64 ) 
4 504 505 (40 -127.987999 80 ) (40 -127.987999 64 ) (40 -351.988007 64 ) (40 -351.988007 80 ) 
4 504 506 (364.100037 -447.988007 64 ) (40 -447.988007 64 ) (40 -127.987999 64 ) (364.100037 -127.987999 64 ) 
4 505 794 (0 -127.987999 64 ) (0 -351.988007 64 ) (0 -351.988007 80 ) (0 -127.987999 80 ) 
4 505 506 (0 -351.988007 64 ) (0 -127.987999 64 ) (40 -127.987999 64 ) (40 -351.988007 64 ) 
4 506 821 (0 0 -52 ) (0 0 -120 ) (0 -447.988007 -120 ) (0 -447.988007 -52 ) 
4 506 799 (0 0 64 ) (0 0 2 ) (0 -447.988007 2 ) (0 -447.988007 64 ) 
4 506 806 (0 0 2 ) (0 0 -52 ) (0 -447.988007 -52 ) (0 -447.988007 2 ) 
4 506 520 (0 -447.988007 -120 ) (40 -447.988007 -120 ) (40 -447.988007 64 ) (0 -447.988007 64 ) 
4 506 514 (202 -447.988007 -120 ) (304 -447.988007 -120 ) (304 -447.988007 64 ) (202 -447.988007 64 ) 
4 506 518 (40 -447.988007 -120 ) (202 -447.988007 -120 ) (202 -447.988007 64 ) (40 -447.988007 64 ) 
4 506 507 (359.100037 -447.988007 -120 ) (364.100037 -447.988007 -120 ) (364.100037 -447.988007 64 ) (359.100037 -447.988007 64 ) 
4 506 511 (304 -447.988007 -120 ) (359.100037 -447.988007 -120 ) (359.100037 -447.988007 64 ) (304 -447.988007 64 ) 
4 507 508 (359.100037 -578.987976 242 ) (359.100037 -578.987976 78 ) (364.100037 -578.987976 78 ) (364.100037 -578.987976 242 ) 
4 507 509 (359.100037 -578.987976 73 ) (359.100037 -578.987976 -120 ) (364.100037 -578.987976 -120 ) (364.100037 -578.987976 73 ) 
4 507 511 (359.100037 -447.988007 242 ) (359.100037 -447.988007 -120 ) (359.100037 -578.987976 -120 ) (359.100037 -578.987976 242 ) 
4 508 510 (359.100037 -598.987976 242 ) (359.100037 -598.987976 78 ) (364.100037 -598.987976 78 ) (364.100037 -598.987976 242 ) 
4 508 511 (359.100037 -598.987976 78 ) (359.100037 -598.987976 242 ) (359.100037 -578.987976 242 ) (359.100037 -578.987976 78 ) 
4 509 511 (359.100037 -578.987976 -120 ) (359.100037 -598.987976 -120 ) (359.100037 -598.987976 73 ) (359.100037 -578.987976 73 ) 
4 509 510 (359.100037 -598.987976 73 ) (359.100037 -598.987976 -120 ) (364.100037 -598.987976 -120 ) (364.100037 -598.987976 73 ) 
4 510 512 (359.100037 -686.987976 -120 ) (364.100037 -686.987976 -120 ) (364.100037 -686.987976 242 ) (359.100037 -686.987976 242 ) 
4 510 511 (359.100037 -598.987976 -120 ) (359.100037 -686.987976 -120 ) (359.100037 -686.987976 242 ) (359.100037 -598.987976 242 ) 
4 511 515 (304 -586 132 ) (304 -586 242 ) (304 -580 242 ) (304 -580 132 ) 
4 511 516 (304 -580 -120 ) (304 -586 -120 ) (304 -586 20 ) (304 -580 20 ) 
4 511 514 (304 -447.988007 242 ) (304 -447.988007 -120 ) (304 -580 -120 ) (304 -580 242 ) 
4 511 517 (304 -586 -120 ) (304 -686.987976 -120 ) (304 -686.987976 242 ) (304 -586 242 ) 
4 511 513 (304 -686.987976 242 ) (304 -686.987976 201.042938 ) (355.100983 -686.987976 240 ) (354.101471 -686.987976 242 ) 
5 511 512 (304 -686.987976 201.042938 ) (304 -686.987976 -120 ) (359.100037 -686.987976 -120 ) (359.100037 -686.987976 242 ) (357.724457 -686.987976 242 ) 
4 512 531 (335.993286 -735.987976 64 ) (335.993286 -735.987976 96 ) (325.814850 -735.987976 96 ) (325.814850 -735.987976 64 ) 
4 512 532 (325.814819 -735.987976 -120 ) (335.993317 -735.987976 -120 ) (335.993286 -735.987976 58 ) (325.814850 -735.987976 58 ) 
4 512 529 (325.814850 -735.987976 64 ) (325.814850 -735.987976 96 ) (304 -735.987976 96 ) (304 -735.987976 64 ) 
4 512 530 (304 -735.987976 -120 ) (325.814819 -735.987976 -120 ) (325.814850 -735.987976 58 ) (304 -735.987976 58 ) 
4 512 527 (346.178802 -735.987976 64 ) (346.178741 -735.987976 96 ) (335.993286 -735.987976 96 ) (335.993286 -735.987976 64 ) 
4 512 528 (335.993317 -735.987976 -120 ) (346.179138 -735.987976 -120 ) (346.178802 -735.987976 58 ) (335.993286 -735.987976 58 ) 
4 512 525 (352 -735.987976 64 ) (352 -735.987976 96 ) (346.178741 -735.987976 96 ) (346.178802 -735.987976 64 ) 
4 512 526 (346.179138 -735.987976 -120 ) (352 -735.987976 -120 ) (352 -735.987976 58 ) (346.178802 -735.987976 58 ) 
4 512 524 (352 -735.987976 96 ) (352 -735.987976 237.636139 ) (304 -735.987976 201.043152 ) (304 -735.987976 96 ) 
5 512 521 (352 -735.987976 -120 ) (364.100037 -735.987976 -120 ) (364.100037 -735.987976 242 ) (357.724182 -735.987976 242 ) (352 -735.987976 237.636139 ) 
4 512 517 (304 -686.987976 -120 ) (304 -735.987976 -120 ) (304 -735.987976 201.043121 ) (304 -686.987976 201.042938 ) 
4 512 513 (355.100128 -686.987976 240.001740 ) (304 -686.987976 201.042969 ) (304 -735.987976 201.043182 ) (355.100800 -735.987976 240 ) 
4 513 524 (304 -735.987976 240 ) (304 -735.987976 201.043152 ) (352 -735.987976 237.636154 ) (352 -735.987976 240 ) 
4 513 523 (352 -735.987976 242 ) (304 -735.987976 242 ) (304 -735.987976 240 ) (352 -735.987976 240 ) 
4 513 522 (354.101318 -735.987976 242 ) (352 -735.987976 242 ) (352 -735.987976 237.636154 ) (355.100800 -735.987976 240 ) 
4 513 517 (304 -735.987976 201.043121 ) (304 -735.987976 242 ) (304 -686.987976 242 ) (304 -686.987976 201.042938 ) 
4 514 515 (202 -580 242 ) (202 -580 132 ) (304 -580 132 ) (304 -580 242 ) 
4 514 516 (202 -580 20 ) (202 -580 -120 ) (304 -580 -120 ) (304 -580 20 ) 
4 514 518 (202 -447.988007 242 ) (202 -447.988007 -120 ) (202 -580 -120 ) (202 -580 242 ) 
4 515 517 (202 -586 242 ) (202 -586 132 ) (304 -586 132 ) (304 -586 242 ) 
4 515 518 (202 -586 132 ) (202 -586 242 ) (202 -580 242 ) (202 -580 132 ) 
4 516 518 (202 -580 -120 ) (202 -586 -120 ) (202 -586 20 ) (202 -580 20 ) 
4 516 517 (202 -586 20 ) (202 -586 -120 ) (304 -586 -120 ) (304 -586 20 ) 
4 517 529 (304 -735.987976 64 ) (304 -735.987976 96 ) (202 -735.987976 96 ) (202 -735.987976 64 ) 
4 517 530 (202 -735.987976 -120 ) (304 -735.987976 -120 ) (304 -735.987976 58 ) (202 -735.987976 58 ) 
4 517 524 (304 -735.987976 96 ) (304 -735.987976 240 ) (202 -735.987976 240 ) (202 -735.987976 96 ) 
4 517 523 (304 -735.987976 240 ) (304 -735.987976 242 ) (202 -735.987976 242 ) (202 -735.987976 240 ) 
4 517 518 (202 -586 -120 ) (202 -735.987976 -120 ) (202 -735.987976 242 ) (202 -586 242 ) 
4 518 561 (40 -735.987976 -120 ) (88 -735.987976 -120 ) (88 -735.987976 58 ) (40 -735.987976 58 ) 
4 518 550 (88 -735.987976 64 ) (88 -735.987976 242 ) (40 -735.987976 242 ) (40 -735.987976 64 ) 
4 518 542 (96 -735.987976 0 ) (96 -735.987976 58 ) (88 -735.987976 58 ) (88 -735.987976 0 ) 
4 518 541 (96 -735.987976 64 ) (96 -735.987976 240 ) (88 -735.987976 240 ) (88 -735.987976 64 ) 
4 518 543 (88 -735.987976 -120 ) (96 -735.987976 -120 ) (96 -735.987976 0 ) (88 -735.987976 0 ) 
4 518 529 (202 -735.987976 64 ) (202 -735.987976 96 ) (96 -735.987976 96 ) (96 -735.987976 64 ) 
4 518 530 (96 -735.987976 -120 ) (202 -735.987976 -120 ) (202 -735.987976 58 ) (96 -735.987976 58 ) 
4 518 524 (202 -735.987976 96 ) (202 -735.987976 240 ) (96 -735.987976 240 ) (96 -735.987976 96 ) 
4 518 523 (202 -735.987976 240 ) (202 -735.987976 242 ) (88 -735.987976 242 ) (88 -735.987976 240 ) 
4 518 519 (40 -447.988007 242 ) (40 -447.988007 80 ) (40 -735.987976 80 ) (40 -735.987976 242 ) 
4 518 520 (40 -447.988007 64 ) (40 -447.988007 -120 ) (40 -735.987976 -120 ) (40 -735.987976 64 ) 
4 519 791 (0 -735.987976 242 ) (0 -447.988007 242 ) (0 -447.988007 80 ) (0 -735.987976 80 ) 
4 519 551 (40 -735.987976 80 ) (40 -735.987976 242 ) (0 -735.987976 242 ) (0 -735.987976 80 ) 
4 520 821 (0 -447.988007 -52 ) (0 -447.988007 -120 ) (0 -735.987976 -120 ) (0 -735.987976 -52 ) 
4 520 810 (0 -463.988007 -52 ) (0 -735.987976 -52 ) (0 -735.987976 56 ) (0 -463.988007 56 ) 
4 520 807 (0 -735.987976 56 ) (0 -735.987976 64 ) (0 -463.988007 64 ) (0 -463.988007 56 ) 
4 520 799 (0 -447.988007 64 ) (0 -447.988007 2 ) (0 -463.988007 2 ) (0 -463.988007 64 ) 
4 520 806 (0 -447.988007 2 ) (0 -447.988007 -52 ) (0 -463.988007 -52 ) (0 -463.988007 2 ) 
4 520 561 (0 -735.987976 -120 ) (40 -735.987976 -120 ) (40 -735.987976 58 ) (0 -735.987976 58 ) 
4 521 631 (352 -1024 83 ) (352 -1024 -120 ) (364.100037 -1024 -120 ) (364.100037 -1024 83 ) 
5 521 598 (364.100037 -1024 242 ) (357.722565 -1024 242 ) (352 -1024 237.637375 ) (352 -1024 83 ) (364.100037 -1024 83 ) 
4 521 549 (352 -991.987976 -120 ) (352 -1024 -120 ) (352 -1024 58 ) (352 -991.987976 58 ) 
4 521 546 (352 -1024 64 ) (352 -1024 216 ) (352 -991.987976 216 ) (352 -991.987976 64 ) 
4 521 544 (352 -1024 216 ) (352 -1024 237.637360 ) (352 -991.987976 237.637222 ) (352 -991.987976 216 ) 
4 521 535 (352 -762.165222 64 ) (352 -762.165161 96 ) (352 -751.988953 96 ) (352 -751.988770 64 ) 
4 521 536 (352 -751.987915 -120 ) (352 -762.165466 -120 ) (352 -762.165222 58 ) (352 -751.988770 58 ) 
4 521 533 (352 -991.987976 64 ) (352 -991.987976 96 ) (352 -762.165161 96 ) (352 -762.165222 64 ) 
4 521 534 (352 -762.165466 -120 ) (352 -991.987976 -120 ) (352 -991.987976 58 ) (352 -762.165222 58 ) 
4 521 525 (352 -735.987976 96 ) (352 -735.987976 64 ) (352 -751.988770 64 ) (352 -751.988953 96 ) 
4 521 526 (352 -735.987976 58 ) (352 -735.987976 -120 ) (352 -751.987915 -120 ) (352 -751.988770 58 ) 
4 521 524 (352 -735.987976 237.636139 ) (352 -735.987976 96 ) (352 -991.987976 96 ) (352 -991.987976 237.637222 ) 
4 521 522 (355.100616 -735.987976 240 ) (352 -735.987976 237.635971 ) (352 -1024 237.637207 ) (355.099609 -1024 240 ) 
4 522 599 (354.100555 -1024 242 ) (352 -1024 242 ) (352 -1024 237.637375 ) (355.099823 -1024 240 ) 
4 522 544 (352 -991.987976 237.637222 ) (352 -1024 237.637360 ) (352 -1024 242 ) (352 -991.987976 242 ) 
4 522 524 (352 -735.987976 240 ) (352 -735.987976 237.636139 ) (352 -991.987976 237.637222 ) (352 -991.987976 240 ) 
4 522 523 (352 -735.987976 242 ) (352 -735.987976 240 ) (352 -991.987976 240 ) (352 -991.987976 242 ) 
4 523 557 (88 -983.987976 240 ) (88 -991.987976 240 ) (88 -991.987976 242 ) (88 -983.987976 242 ) 
4 523 554 (88 -746.670044 240 ) (88 -983.987976 240 ) (88 -983.987976 242 ) (88 -746.670044 242 ) 
4 523 552 (88 -741.330017 240 ) (88 -746.670044 240 ) (88 -746.670044 242 ) (88 -741.330017 242 ) 
4 523 550 (88 -735.987976 242 ) (88 -735.987976 240 ) (88 -741.330017 240 ) (88 -741.330017 242 ) 
4 523 545 (88 -991.987976 242 ) (88 -991.987976 240 ) (96 -991.987976 240 ) (96 -991.987976 242 ) 
4 523 544 (96 -991.987976 240 ) (352 -991.987976 240 ) (352 -991.987976 242 ) (96 -991.987976 242 ) 
4 523 541 (88 -983.987976 240 ) (88 -735.987976 240 ) (96 -735.987976 240 ) (96 -983.987976 240 ) 
4 523 524 (352 -991.987976 240 ) (96 -991.987976 240 ) (96 -735.987976 240 ) (352 -735.987976 240 ) 
4 524 546 (352 -991.987976 96 ) (352 -991.987976 216 ) (96 -991.987976 216 ) (96 -991.987976 96 ) 
4 524 544 (352 -991.987976 216 ) (352 -991.987976 240 ) (96 -991.987976 240 ) (96 -991.987976 216 ) 
4 524 541 (96 -983.987976 240 ) (96 -735.987976 240 ) (96 -735.987976 96 ) (96 -983.987976 96 ) 
3 524 538 (336 -767.987793 96 ) (327.013672 -771.257813 96 ) (324.270966 -763.721924 96 ) 
3 524 537 (310.860474 -777.136047 96 ) (320 -751.987427 96 ) (327.013672 -771.257813 96 ) 
3 524 535 (352 -751.988953 96 ) (352 -762.165161 96 ) (347.730530 -763.718872 96 ) 
4 524 533 (352 -991.987976 96 ) (232.777466 -991.987976 96 ) (310.860474 -777.136047 96 ) (352 -762.165161 96 ) 
4 524 531 (324.257996 -740.271606 96 ) (325.814789 -735.987976 96 ) (335.993317 -735.987976 96 ) (335.998230 -735.989746 96 ) 
4 524 529 (232.777466 -991.987976 96 ) (96 -991.987976 96 ) (96 -735.987976 96 ) (325.814789 -735.987976 96 ) 
3 524 527 (335.993317 -735.987976 96 ) (346.178772 -735.987976 96 ) (347.730225 -740.252502 96 ) 
3 524 525 (346.178772 -735.987976 96 ) (352 -735.987976 96 ) (352 -751.988953 96 ) 
4 525 527 (347.731445 -740.252991 96 ) (346.179810 -735.987976 96 ) (346.179871 -735.987976 64 ) (347.731506 -740.252991 64 ) 
4 526 528 (347.731506 -740.252991 58 ) (346.179871 -735.987976 58 ) (346.180176 -735.987976 -120 ) (347.731873 -740.253113 -120 ) 
4 529 546 (232.777466 -991.987976 64 ) (232.777466 -991.987976 96 ) (96 -991.987976 96 ) (96 -991.987976 64 ) 
4 529 541 (96 -983.987976 96 ) (96 -735.987976 96 ) (96 -735.987976 64 ) (96 -983.987976 64 ) 
4 529 537 (320 -751.988708 96 ) (310.861511 -777.135620 96 ) (310.861511 -777.135681 64 ) (320 -751.988770 64 ) 
4 529 533 (310.861511 -777.135620 96 ) (232.778305 -991.987976 96 ) (232.778305 -991.987976 64 ) (310.861511 -777.135681 64 ) 
4 529 531 (325.815704 -735.987976 64 ) (325.815704 -735.987976 96 ) (324.259094 -740.271118 96 ) (324.259155 -740.270996 64 ) 
4 530 549 (96 -991.987976 -120 ) (232.777466 -991.987976 -120 ) (232.777466 -991.987976 58 ) (96 -991.987976 58 ) 
4 530 542 (96 -983.987976 58 ) (96 -735.987976 58 ) (96 -735.987976 0 ) (96 -983.987976 0 ) 
4 530 543 (96 -991.987976 -120 ) (96 -991.987976 0 ) (96 -735.987976 0 ) (96 -735.987976 -120 ) 
4 530 539 (320 -751.988770 58 ) (310.861481 -777.135742 58 ) (310.861359 -777.136108 -120 ) (320 -751.989197 -120 ) 
4 530 534 (310.861481 -777.135742 58 ) (232.778305 -991.987976 58 ) (232.778305 -991.987976 -120 ) (310.861359 -777.136108 -120 ) 
4 530 532 (325.815704 -735.987976 -120 ) (325.815704 -735.987976 58 ) (324.259186 -740.270874 58 ) (324.259583 -740.269775 -120 ) 
4 533 546 (352 -991.987976 64 ) (352 -991.987976 96 ) (232.777466 -991.987976 96 ) (232.777466 -991.987976 64 ) 
4 533 538 (327.013794 -771.258179 96 ) (336 -767.988037 96 ) (336 -767.988037 64 ) (327.013763 -771.258240 64 ) 
4 533 537 (310.861359 -777.136108 64 ) (310.861389 -777.136047 96 ) (327.013794 -771.258179 96 ) (327.013763 -771.258240 64 ) 
4 533 535 (347.730316 -763.719360 96 ) (352 -762.165588 96 ) (352 -762.165649 64 ) (347.730316 -763.719421 64 ) 
4 534 549 (232.777466 -991.987976 -120 ) (352 -991.987976 -120 ) (352 -991.987976 58 ) (232.777466 -991.987976 58 ) 
4 534 540 (327.013733 -771.258240 58 ) (336 -767.988037 58 ) (336 -767.988220 -120 ) (327.013550 -771.258606 -120 ) 
4 534 539 (310.861237 -777.136475 -120 ) (310.861359 -777.136108 58 ) (327.013733 -771.258240 58 ) (327.013550 -771.258606 -120 ) 
4 534 536 (347.730316 -763.719421 58 ) (352 -762.165649 58 ) (352 -762.165955 -120 ) (347.730164 -763.719788 -120 ) 
4 537 538 (327.011047 -771.258728 96 ) (327.011017 -771.258789 64 ) (324.267487 -763.720642 64 ) (324.267578 -763.720703 96 ) 
4 539 540 (324.270538 -763.721741 58 ) (327.011719 -771.253906 58 ) (327.011536 -771.254272 -120 ) (324.270172 -763.721680 -120 ) 
4 541 554 (88 -746.670044 64 ) (88 -983.987976 64 ) (88 -983.987976 240 ) (88 -746.670044 240 ) 
4 541 552 (88 -741.330017 64 ) (88 -746.670044 64 ) (88 -746.670044 240 ) (88 -741.330017 240 ) 
4 541 550 (88 -735.987976 240 ) (88 -735.987976 64 ) (88 -741.330017 64 ) (88 -741.330017 240 ) 
4 542 561 (88 -735.987976 58 ) (88 -735.987976 0 ) (88 -983.987976 0 ) (88 -983.987976 58 ) 
4 542 543 (96 -735.987976 0 ) (96 -983.987976 0 ) (88 -983.987976 0 ) (88 -735.987976 0 ) 
4 543 561 (88 -735.987976 0 ) (88 -735.987976 -120 ) (88 -991.987976 -120 ) (88 -991.987976 0 ) 
4 543 549 (88 -991.987976 0 ) (88 -991.987976 -120 ) (96 -991.987976 -120 ) (96 -991.987976 0 ) 
4 544 633 (96 -1024 224 ) (96 -1024 216 ) (352 -1024 216 ) (352 -1024 224 ) 
4 544 632 (352 -1024 242 ) (96 -1024 242 ) (96 -1024 224 ) (352 -1024 224 ) 
4 544 546 (96 -991.987976 216 ) (352 -991.987976 216 ) (352 -1024 216 ) (96 -1024 216 ) 
4 544 545 (96 -991.987976 242 ) (96 -991.987976 224 ) (96 -1024 224 ) (96 -1024 242 ) 
4 545 632 (96 -1024 242 ) (88 -1024 242 ) (88 -1024 224 ) (96 -1024 224 ) 
4 545 560 (88 -1024 224 ) (88 -1024 242 ) (88 -991.987976 242 ) (88 -991.987976 224 ) 
4 546 638 (96 -1024 64 ) (352 -1024 64 ) (352 -1024 168 ) (96 -1024 168 ) 
4 546 636 (352 -1024 168 ) (352 -1024 176 ) (96 -1024 176 ) (96 -1024 168 ) 
4 546 633 (352 -1024 176 ) (352 -1024 216 ) (96 -1024 216 ) (96 -1024 176 ) 
4 546 547 (96 -1024 176 ) (96 -1024 216 ) (96 -991.987976 216 ) (96 -991.987976 176 ) 
4 546 548 (96 -991.987976 64 ) (96 -1024 64 ) (96 -1024 168 ) (96 -991.987976 168 ) 
4 547 634 (88 -1024 216 ) (88 -1024 176 ) (96 -1024 176 ) (96 -1024 216 ) 
4 547 560 (88 -1024 176 ) (88 -1024 216 ) (88 -991.987976 216 ) (88 -991.987976 176 ) 
4 548 638 (88 -1024 168 ) (88 -1024 64 ) (96 -1024 64 ) (96 -1024 168 ) 
4 548 560 (88 -1024 64 ) (88 -1024 168 ) (88 -991.987976 168 ) (88 -991.987976 64 ) 
4 549 639 (88 -1024 58 ) (88 -1024 -120 ) (352 -1024 -120 ) (352 -1024 58 ) 
4 549 561 (88 -991.987976 -120 ) (88 -1024 -120 ) (88 -1024 58 ) (88 -991.987976 58 ) 
4 550 552 (40 -741.330017 64 ) (88 -741.330017 64 ) (88 -741.330017 242 ) (40 -741.330017 242 ) 
4 550 551 (40 -735.987976 242 ) (40 -735.987976 76 ) (40 -741.330017 76 ) (40 -741.330017 242 ) 
4 551 827 (0 -735.987976 168 ) (0 -735.987976 76 ) (0 -741.330017 76 ) (0 -741.330017 168 ) 
4 551 823 (0 -741.330017 242 ) (0 -735.987976 242 ) (0 -735.987976 168 ) (0 -741.330017 168 ) 
4 551 553 (40 -741.330017 76 ) (40 -741.330017 242 ) (0 -741.330017 242 ) (0 -741.330017 76 ) 
4 552 554 (40 -746.670044 64 ) (88 -746.670044 64 ) (88 -746.670044 242 ) (40 -746.670044 242 ) 
4 552 553 (40 -741.330017 242 ) (40 -741.330017 72 ) (40 -746.670044 72 ) (40 -746.670044 242 ) 
4 553 828 (0 -741.330017 168 ) (0 -741.330017 72 ) (0 -746.670044 72 ) (0 -746.670044 168 ) 
4 553 823 (0 -746.670044 242 ) (0 -741.330017 242 ) (0 -741.330017 168 ) (0 -746.670044 168 ) 
4 553 555 (40 -746.670044 72 ) (40 -746.670044 242 ) (0 -746.670044 242 ) (0 -746.670044 72 ) 
4 554 558 (88 -983.987976 176 ) (88 -983.987976 216 ) (40 -983.987976 216 ) (40 -983.987976 176 ) 
4 554 559 (40 -983.987976 64 ) (88 -983.987976 64 ) (88 -983.987976 168 ) (40 -983.987976 168 ) 
4 554 557 (88 -983.987976 224 ) (88 -983.987976 242 ) (40 -983.987976 242 ) (40 -983.987976 224 ) 
4 554 555 (40 -746.670044 242 ) (40 -746.670044 68 ) (40 -752 68 ) (40 -752 242 ) 
4 554 556 (40 -752 64 ) (40 -983.987976 64 ) (40 -983.987976 242 ) (40 -752 242 ) 
4 555 829 (0 -746.670044 168 ) (0 -746.670044 68 ) (0 -752 68 ) (0 -752 168 ) 
4 555 823 (0 -752 242 ) (0 -746.670044 242 ) (0 -746.670044 168 ) (0 -752 168 ) 
4 555 556 (40 -752 68 ) (40 -752 242 ) (0 -752 242 ) (0 -752 68 ) 
4 556 830 (0 -752 168 ) (0 -752 64 ) (0 -983.987976 64 ) (0 -983.987976 168 ) 
4 556 823 (0 -983.987976 242 ) (0 -752 242 ) (0 -752 168 ) (0 -983.987976 168 ) 
4 556 558 (40 -983.987976 176 ) (40 -983.987976 216 ) (0 -983.987976 216 ) (0 -983.987976 176 ) 
4 556 559 (0 -983.987976 64 ) (40 -983.987976 64 ) (40 -983.987976 168 ) (0 -983.987976 168 ) 
4 556 557 (40 -983.987976 224 ) (40 -983.987976 242 ) (0 -983.987976 242 ) (0 -983.987976 224 ) 
4 557 824 (0 -991.987976 242 ) (0 -983.987976 242 ) (0 -983.987976 224 ) (0 -991.987976 224 ) 
4 557 560 (88 -991.987976 224 ) (88 -991.987976 242 ) (0 -991.987976 242 ) (0 -991.987976 224 ) 
4 558 825 (0 -983.987976 216 ) (0 -983.987976 176 ) (0 -991.987976 176 ) (0 -991.987976 216 ) 
4 558 560 (88 -991.987976 176 ) (88 -991.987976 216 ) (0 -991.987976 216 ) (0 -991.987976 176 ) 
4 559 830 (0 -983.987976 168 ) (0 -983.987976 64 ) (0 -991.987976 64 ) (0 -991.987976 168 ) 
4 559 560 (0 -991.987976 64 ) (88 -991.987976 64 ) (88 -991.987976 168 ) (0 -991.987976 168 ) 
4 560 830 (0 -1024 64 ) (0 -1024 168 ) (0 -991.987976 168 ) (0 -991.987976 64 ) 
4 560 826 (0 -1024 168 ) (0 -1024 242 ) (0 -991.987976 242 ) (0 -991.987976 168 ) 
4 560 638 (0 -1024 168 ) (0 -1024 64 ) (88 -1024 64 ) (88 -1024 168 ) 
4 560 637 (0 -1024 176 ) (0 -1024 168 ) (88 -1024 168 ) (88 -1024 176 ) 
4 560 635 (0 -1024 224 ) (0 -1024 176 ) (88 -1024 176 ) (88 -1024 224 ) 
4 560 632 (88 -1024 242 ) (0 -1024 242 ) (0 -1024 224 ) (88 -1024 224 ) 
4 561 832 (0 -1024 -120 ) (0 -1024 58 ) (0 -735.987976 58 ) (0 -735.987976 -120 ) 
4 561 639 (0 -1024 58 ) (0 -1024 -120 ) (88 -1024 -120 ) (88 -1024 58 ) 
4 562 860 (0 -1024 -248 ) (0 -1024 -166 ) (0 -735.987976 -166 ) (0 -735.987976 -248 ) 
4 562 822 (0 -735.987976 -166 ) (0 0 -166 ) (0 0 -248 ) (0 -735.987976 -248 ) 
4 562 668 (1024 -1024 -248 ) (1024 -1024 -166 ) (0 -1024 -166 ) (0 -1024 -248 ) 
4 563 669 (3072 -2048 -120 ) (3072 -2048 696 ) (2048 -2048 696 ) (2048 -2048 -120 ) 
4 563 565 (2048 -2048 -120 ) (2048 -2048 696 ) (2048 -1024 696 ) (2048 -1024 -120 ) 
4 564 670 (3072 -2048 -248 ) (3072 -2048 -166 ) (2048 -2048 -166 ) (2048 -2048 -248 ) 
4 564 566 (2048 -2048 -248 ) (2048 -2048 -166 ) (2048 -1024 -166 ) (2048 -1024 -248 ) 
4 565 672 (2048 -2048 -120 ) (2048 -2048 696 ) (1024 -2048 696 ) (1024 -2048 -120 ) 
4 565 603 (1024 -1024 81 ) (1024 -1024 -120 ) (1024 -2048 -120 ) (1024 -2048 81 ) 
4 565 601 (1024 -1024 83 ) (1024 -1024 81 ) (1024 -1028.989990 81 ) (1024 -1028.989990 83 ) 
4 565 602 (1024 -1028.989990 81 ) (1024 -2048 81 ) (1024 -2048 83 ) (1024 -1028.989990 83 ) 
4 565 591 (1024 -1024 242 ) (1024 -1024 83 ) (1024 -1042.989990 83 ) (1024 -1042.989990 242 ) 
4 565 592 (1024 -1042.989990 83 ) (1024 -2048 83 ) (1024 -2048 242 ) (1024 -1042.989990 242 ) 
4 565 567 (1024 -1024 696 ) (1024 -1024 242 ) (1024 -1044.989990 242 ) (1024 -1044.989990 696 ) 
4 565 589 (1024 -1044.989990 242 ) (1024 -2048 242 ) (1024 -2048 696 ) (1024 -1044.989990 696 ) 
4 566 673 (2048 -2048 -248 ) (2048 -2048 -166 ) (1024 -2048 -166 ) (1024 -2048 -248 ) 
4 566 668 (1024 -1024 -166 ) (1024 -1024 -248 ) (1024 -2048 -248 ) (1024 -2048 -166 ) 
4 567 632 (352 -1024 696 ) (352 -1024 402.845215 ) (352 -1044.989990 402.845215 ) (352 -1044.989990 696 ) 
4 567 591 (561.709595 -1024 242 ) (1024 -1024 242 ) (1024 -1042.989990 242 ) (561.709595 -1042.989990 242 ) 
4 567 592 (1024 -1042.989990 242 ) (1024 -1044.989990 242 ) (561.709595 -1044.989990 242 ) (561.709595 -1042.989990 242 ) 
4 567 588 (559.099426 -1044.989990 244.003021 ) (555.192017 -1044.989990 247 ) (555.192017 -1042.989990 247 ) (559.099426 -1042.989990 244.003006 ) 
4 567 583 (456.101990 -1044.989990 323.001343 ) (352 -1044.989990 402.846832 ) (352 -1024 402.846832 ) (456.101990 -1024 323.001343 ) 
4 567 582 (555.192017 -1044.989990 247 ) (456.101990 -1044.989990 323.001343 ) (456.101990 -1042.989990 323.001343 ) (555.192017 -1042.989990 247 ) 
4 567 569 (561.710938 -1044.989990 242 ) (559.099426 -1044.989990 244.003021 ) (559.099609 -1024 244.002853 ) (561.710938 -1024 242 ) 
5 567 589 (561.709595 -1044.989990 242 ) (1024 -1044.989990 242 ) (1024 -1044.989990 696 ) (352 -1044.989990 696 ) (352 -1044.989990 402.845215 ) 
4 568 632 (352 -1024 246.203140 ) (352 -1024 242 ) (352 -1044.989990 242 ) (352 -1044.989990 246.203003 ) 
4 568 599 (352 -1044.989990 242 ) (352 -1024 242 ) (354.100555 -1024 242 ) (354.100464 -1044.989990 242 ) 
4 568 584 (352 -1024 246.204208 ) (352 -1044.989990 246.204086 ) (353.101105 -1044.989990 244 ) (353.101135 -1024 244 ) 
3 568 589 (352 -1044.989990 242 ) (354.100464 -1044.989990 242 ) (352 -1044.989990 246.203003 ) 
4 569 591 (558.098755 -1024 242 ) (561.709595 -1024 242 ) (561.709595 -1042.989990 242 ) (558.098450 -1042.989990 242 ) 
4 569 592 (561.709595 -1042.989990 242 ) (561.709595 -1044.989990 242 ) (558.098450 -1044.989990 242 ) (558.098450 -1042.989990 242 ) 
4 569 588 (558.098999 -1042.989990 242 ) (558.098999 -1044.989990 242 ) (559.099426 -1044.989990 244.001816 ) (559.099426 -1042.989990 244.001801 ) 
3 569 589 (558.098450 -1044.989990 242 ) (561.709595 -1044.989990 242 ) (559.099060 -1044.989990 244.002258 ) 
4 570 632 (352 -1024 396.364868 ) (352 -1024 247 ) (352 -1044.989990 247 ) (352 -1044.989990 396.364868 ) 
4 570 584 (357.011475 -1044.989990 247 ) (352 -1044.989990 247 ) (352 -1024 247 ) (357.011475 -1024 247 ) 
4 570 583 (352 -1024 396.366150 ) (352 -1044.989990 396.366150 ) (452.179596 -1044.989990 319.991608 ) (452.179596 -1024 319.991608 ) 
4 570 589 (352 -1044.989990 396.364868 ) (352 -1044.989990 247 ) (357.011475 -1044.989990 247 ) (452.178772 -1044.989990 319.990997 ) 
4 571 577 (456.101990 -1028.989990 290 ) (456.101990 -1028.989990 305 ) (456.101990 -1024 305 ) (456.101990 -1024 290 ) 
4 571 574 (456.101990 -1028.989990 305 ) (456.101990 -1028.989990 290 ) (484.007416 -1028.989990 290 ) (464.087250 -1028.989990 305 ) 
4 572 578 (456.101990 -1024 247 ) (456.101990 -1028.989990 247 ) (456.101990 -1028.989990 285 ) (456.101990 -1024 285 ) 
4 572 574 (456.101990 -1028.989990 285 ) (456.101990 -1028.989990 247 ) (541.111938 -1028.989990 247 ) (490.647461 -1028.989990 285 ) 
4 573 580 (471.836792 -1035.989990 305 ) (456.101990 -1035.989990 316.995941 ) (456.101990 -1035.989990 311 ) (464.101959 -1035.989990 305 ) 
4 573 575 (456.101990 -1035.989990 311 ) (456.101990 -1035.989990 317 ) (456.101990 -1028.989990 317 ) (456.101990 -1028.989990 311 ) 
4 573 574 (471.843750 -1035.989990 305 ) (464.101959 -1035.989990 305 ) (464.101990 -1028.989990 305 ) (471.842285 -1028.989990 305 ) 
4 574 587 (547.920227 -1028.989990 247 ) (547.920227 -1035.989990 247 ) (456.101990 -1035.989990 247 ) (456.101990 -1028.989990 247 ) 
4 574 580 (547.914063 -1035.989990 247 ) (471.836792 -1035.989990 305 ) (456.101990 -1035.989990 305 ) (456.101990 -1035.989990 247 ) 
4 574 579 (456.101990 -1028.989990 247 ) (456.101990 -1035.989990 247 ) (456.101990 -1035.989990 305 ) (456.101990 -1028.989990 305 ) 
4 575 581 (456.101990 -1035.989990 316.995941 ) (456.099335 -1035.989990 316.997955 ) (452.133972 -1035.989990 313.974945 ) (456.101990 -1035.989990 311 ) 
4 575 576 (452.135223 -1035.989990 313.974915 ) (452.135284 -1028.989990 313.974915 ) (456.101990 -1028.989990 311 ) (456.101990 -1035.989990 311 ) 
4 576 581 (452.133972 -1035.989990 313.974945 ) (440.361298 -1035.989990 305 ) (448.105988 -1035.989990 305 ) (456.100006 -1035.989990 311 ) 
4 576 579 (440.361389 -1035.989990 305 ) (440.361420 -1028.989990 305 ) (448.106049 -1028.989990 305 ) (448.106018 -1035.989990 305 ) 
4 577 579 (456.101990 -1028.989990 290 ) (456.101990 -1028.989990 305 ) (448.133881 -1028.989990 305 ) (428.213654 -1028.989990 290 ) 
4 578 579 (456.101990 -1028.989990 247 ) (456.101990 -1028.989990 285 ) (421.573608 -1028.989990 285 ) (371.109009 -1028.989990 247 ) 
4 579 587 (456.101990 -1028.989990 247 ) (456.101990 -1035.989990 247 ) (364.281158 -1035.989990 247 ) (364.281189 -1028.989990 247 ) 
4 579 581 (440.361298 -1035.989990 305 ) (364.281158 -1035.989990 247 ) (456.101990 -1035.989990 247 ) (456.101990 -1035.989990 305 ) 
4 580 588 (547.920227 -1044.989990 247 ) (456.101990 -1044.989990 247 ) (456.101990 -1042.989990 247 ) (547.920227 -1042.989990 247 ) 
4 580 587 (456.101990 -1042.989990 247 ) (456.101990 -1035.989990 247 ) (547.920227 -1035.989990 247 ) (547.920227 -1042.989990 247 ) 
4 580 582 (456.101990 -1044.989990 317.001282 ) (547.921875 -1044.989990 247 ) (547.921875 -1042.989990 247 ) (456.101990 -1042.989990 317.001282 ) 
4 580 581 (456.101990 -1035.989990 317 ) (456.101990 -1035.989990 247 ) (456.101990 -1044.989990 247 ) (456.101990 -1044.989990 317 ) 
3 580 589 (456.101990 -1044.989990 247 ) (547.920227 -1044.989990 247 ) (456.101990 -1044.989990 317 ) 
4 581 588 (456.101990 -1044.989990 247 ) (364.281097 -1044.989990 247 ) (364.281097 -1042.989990 247 ) (456.101990 -1042.989990 247 ) 
4 581 587 (364.281097 -1042.989990 247 ) (364.281158 -1035.989990 247 ) (456.101990 -1035.989990 247 ) (456.101990 -1042.989990 247 ) 
3 581 589 (364.281097 -1044.989990 247 ) (456.101990 -1044.989990 247 ) (456.101990 -1044.989990 317 ) 
4 582 588 (555.190613 -1042.989990 247 ) (555.190613 -1044.989990 247 ) (547.920227 -1044.989990 247 ) (547.920227 -1042.989990 247 ) 
4 582 589 (555.190613 -1044.989990 247 ) (456.101990 -1044.989990 323 ) (456.101990 -1044.989990 317 ) (547.920227 -1044.989990 247 ) 
4 583 632 (352 -1024 402.845215 ) (352 -1024 396.364868 ) (352 -1044.989990 396.364868 ) (352 -1044.989990 402.845215 ) 
4 583 589 (456.101990 -1044.989990 323 ) (352 -1044.989990 402.845215 ) (352 -1044.989990 396.364868 ) (452.178772 -1044.989990 319.990967 ) 
4 584 632 (352 -1024 247 ) (352 -1024 246.203140 ) (352 -1044.989990 246.203003 ) (352 -1044.989990 247 ) 
4 584 589 (357.011475 -1044.989990 247 ) (352 -1044.989990 247 ) (352 -1044.989990 246.203003 ) (353.100708 -1044.989990 244 ) 
4 585 590 (548.101990 -1024 242 ) (554.478699 -1024 242 ) (554.478638 -1028.989990 242 ) (548.101990 -1028.989990 242 ) 
3 585 587 (548.101990 -1028.989990 246.861389 ) (548.101990 -1028.989990 242 ) (554.478638 -1028.989990 242 ) 
4 586 598 (357.722595 -1024 242 ) (364.100037 -1024 242 ) (364.100037 -1028.989990 242 ) (357.722565 -1028.989990 242 ) 
3 586 587 (357.722534 -1028.989990 242 ) (364.100037 -1028.989990 242 ) (364.100037 -1028.989990 246.861893 ) 
4 587 598 (364.100037 -1042.989990 242 ) (357.722473 -1042.989990 242 ) (357.722565 -1028.989990 242 ) (364.100037 -1028.989990 242 ) 
4 587 597 (369.100037 -1042.989990 242 ) (364.100037 -1042.989990 242 ) (364.100037 -1028.989990 242 ) (369.100037 -1028.989990 242 ) 
4 587 596 (376.100037 -1042.989990 242 ) (369.100037 -1042.989990 242 ) (369.100037 -1028.989990 242 ) (376.100037 -1028.989990 242 ) 
4 587 595 (536.101990 -1042.989990 242 ) (376.100037 -1042.989990 242 ) (376.100037 -1028.989990 242 ) (536.101990 -1028.989990 242 ) 
4 587 594 (543.101990 -1042.989990 242 ) (536.101990 -1042.989990 242 ) (536.101990 -1028.989990 242 ) (543.101990 -1028.989990 242 ) 
4 587 593 (548.101990 -1042.989990 242 ) (543.101990 -1042.989990 242 ) (543.101990 -1028.989990 242 ) (548.101990 -1028.989990 242 ) 
4 587 590 (554.478577 -1042.989990 242 ) (548.101990 -1042.989990 242 ) (548.101990 -1028.989990 242 ) (554.478638 -1028.989990 242 ) 
4 587 588 (547.920166 -1042.989990 247 ) (364.281128 -1042.989990 247 ) (357.722504 -1042.989990 242 ) (554.478638 -1042.989990 242 ) 
4 588 598 (364.100037 -1044.989990 242 ) (357.722473 -1044.989990 242 ) (357.722504 -1042.989990 242 ) (364.100037 -1042.989990 242 ) 
4 588 597 (369.100037 -1044.989990 242 ) (364.100037 -1044.989990 242 ) (364.100037 -1042.989990 242 ) (369.100037 -1042.989990 242 ) 
4 588 596 (376.100037 -1044.989990 242 ) (369.100037 -1044.989990 242 ) (369.100037 -1042.989990 242 ) (376.100037 -1042.989990 242 ) 
4 588 595 (536.101990 -1044.989990 242 ) (376.100037 -1044.989990 242 ) (376.100037 -1042.989990 242 ) (536.101990 -1042.989990 242 ) 
4 588 594 (543.101990 -1044.989990 242 ) (536.101990 -1044.989990 242 ) (536.101990 -1042.989990 242 ) (543.101990 -1042.989990 242 ) 
4 588 593 (548.101990 -1044.989990 242 ) (543.101990 -1044.989990 242 ) (543.101990 -1042.989990 242 ) (548.101990 -1042.989990 242 ) 
4 588 592 (558.098450 -1042.989990 242 ) (558.098450 -1044.989990 242 ) (548.101990 -1044.989990 242 ) (548.101990 -1042.989990 242 ) 
5 588 589 (357.722473 -1044.989990 242 ) (558.098450 -1044.989990 242 ) (559.099060 -1044.989990 244.002258 ) (555.190613 -1044.989990 247 ) (364.281097 -1044.989990 247 ) 
4 589 675 (1024 -2048 242 ) (1024 -2048 696 ) (352 -2048 696 ) (352 -2048 242 ) 
4 589 648 (352 -1191.989990 242 ) (352 -2048 242 ) (352 -2048 696 ) (352 -1191.989990 696 ) 
4 589 640 (352 -1183.989990 242 ) (352 -1191.989990 242 ) (352 -1191.989990 696 ) (352 -1183.989990 696 ) 
4 589 632 (352 -1044.989990 242 ) (352 -1183.989990 242 ) (352 -1183.989990 696 ) (352 -1044.989990 696 ) 
4 589 600 (364.100037 -2048 242 ) (352 -2048 242 ) (352 -1044.989990 242 ) (364.100037 -1044.989990 242 ) 
4 589 597 (369.100037 -2048 242 ) (364.100037 -2048 242 ) (364.100037 -1044.989990 242 ) (369.100037 -1044.989990 242 ) 
4 589 596 (376.100037 -2048 242 ) (369.100037 -2048 242 ) (369.100037 -1044.989990 242 ) (376.100037 -1044.989990 242 ) 
4 589 595 (536.101990 -2048 242 ) (376.100037 -2048 242 ) (376.100037 -1044.989990 242 ) (536.101990 -1044.989990 242 ) 
4 589 594 (543.101990 -2048 242 ) (536.101990 -2048 242 ) (536.101990 -1044.989990 242 ) (543.101990 -1044.989990 242 ) 
4 589 593 (548.101990 -2048 242 ) (543.101990 -2048 242 ) (543.101990 -1044.989990 242 ) (548.101990 -1044.989990 242 ) 
4 589 592 (1024 -2048 242 ) (548.101990 -2048 242 ) (548.101990 -1044.989990 242 ) (1024 -1044.989990 242 ) 
4 590 601 (548.101990 -1024 83 ) (763.037048 -1024 83 ) (763.037048 -1028.989990 83 ) (548.101990 -1028.989990 83 ) 
4 590 602 (763.037048 -1028.989990 83 ) (763.037048 -1042.989990 83 ) (548.101990 -1042.989990 83 ) (548.101990 -1028.989990 83 ) 
4 590 593 (548.101990 -1028.989990 83 ) (548.101990 -1042.989990 83 ) (548.101990 -1042.989990 242 ) (548.101990 -1028.989990 242 ) 
4 590 591 (557.100464 -1042.989990 240.003036 ) (763.039490 -1042.989990 83 ) (763.039490 -1024 83 ) (557.100708 -1024 240.002884 ) 
4 590 592 (548.101990 -1042.989990 242 ) (548.101990 -1042.989990 83 ) (763.037048 -1042.989990 83 ) (554.478638 -1042.989990 242 ) 
4 591 601 (763.037048 -1024 83 ) (1024 -1024 83 ) (1024 -1028.989990 83 ) (763.037048 -1028.989990 83 ) 
4 591 602 (1024 -1028.989990 83 ) (1024 -1042.989990 83 ) (763.037048 -1042.989990 83 ) (763.037048 -1028.989990 83 ) 
5 591 592 (763.037048 -1042.989990 83 ) (1024 -1042.989990 83 ) (1024 -1042.989990 242 ) (558.098511 -1042.989990 242 ) (557.099792 -1042.989990 240.001678 ) 
4 592 675 (1024 -2048 83 ) (1024 -2048 242 ) (548.101990 -2048 242 ) (548.101990 -2048 83 ) 
4 592 602 (1024 -1042.989990 83 ) (1024 -2048 83 ) (548.101990 -2048 83 ) (548.101990 -1042.989990 83 ) 
4 592 593 (548.101990 -1042.989990 83 ) (548.101990 -2048 83 ) (548.101990 -2048 242 ) (548.101990 -1042.989990 242 ) 
4 593 675 (548.101990 -2048 242 ) (543.101990 -2048 242 ) (543.101990 -2048 83 ) (548.101990 -2048 83 ) 
4 593 602 (548.101990 -1028.989990 83 ) (548.101990 -2048 83 ) (543.101990 -2048 83 ) (543.101990 -1028.989990 83 ) 
4 593 594 (543.101990 -1028.989990 83 ) (543.101990 -2048 83 ) (543.101990 -2048 242 ) (543.101990 -1028.989990 242 ) 
4 594 675 (543.101990 -2048 242 ) (536.101990 -2048 242 ) (536.101990 -2048 83 ) (543.101990 -2048 83 ) 
4 594 602 (543.101990 -1028.989990 83 ) (543.101990 -2048 83 ) (536.101990 -2048 83 ) (536.101990 -1028.989990 83 ) 
4 594 595 (536.101990 -1028.989990 83 ) (536.101990 -2048 83 ) (536.101990 -2048 242 ) (536.101990 -1028.989990 242 ) 
4 595 675 (536.101990 -2048 242 ) (376.100037 -2048 242 ) (376.100037 -2048 83 ) (536.101990 -2048 83 ) 
4 595 602 (536.101990 -1028.989990 83 ) (536.101990 -2048 83 ) (376.100037 -2048 83 ) (376.100037 -1028.989990 83 ) 
4 595 596 (376.100037 -1028.989990 83 ) (376.100037 -2048 83 ) (376.100037 -2048 242 ) (376.100037 -1028.989990 242 ) 
4 596 675 (376.100037 -2048 242 ) (369.100037 -2048 242 ) (369.100037 -2048 83 ) (376.100037 -2048 83 ) 
4 596 602 (376.100037 -1028.989990 83 ) (376.100037 -2048 83 ) (369.100037 -2048 83 ) (369.100037 -1028.989990 83 ) 
4 596 597 (369.100037 -1028.989990 83 ) (369.100037 -2048 83 ) (369.100037 -2048 242 ) (369.100037 -1028.989990 242 ) 
4 597 675 (369.100037 -2048 242 ) (364.100037 -2048 242 ) (364.100037 -2048 83 ) (369.100037 -2048 83 ) 
4 597 602 (369.100037 -1028.989990 83 ) (369.100037 -2048 83 ) (364.100037 -2048 83 ) (364.100037 -1028.989990 83 ) 
4 597 598 (364.100037 -1028.989990 83 ) (364.100037 -1044.989990 83 ) (364.100037 -1044.989990 242 ) (364.100037 -1028.989990 242 ) 
4 597 600 (364.100037 -1044.989990 83 ) (364.100037 -2048 83 ) (364.100037 -2048 242 ) (364.100037 -1044.989990 242 ) 
4 598 638 (352 -1024 168 ) (352 -1024 83 ) (352 -1044.989990 83 ) (352 -1044.989990 168 ) 
4 598 636 (352 -1024 176 ) (352 -1024 168 ) (352 -1044.989990 168 ) (352 -1044.989990 176 ) 
4 598 633 (352 -1024 224 ) (352 -1024 176 ) (352 -1044.989990 176 ) (352 -1044.989990 224 ) 
4 598 632 (352 -1024 237.637375 ) (352 -1024 224 ) (352 -1044.989990 224 ) (352 -1044.989990 237.637466 ) 
4 598 631 (352 -1044.989990 83 ) (352 -1024 83 ) (364.100037 -1024 83 ) (364.100037 -1044.989990 83 ) 
4 598 599 (352 -1024 237.637253 ) (352 -1044.989990 237.637344 ) (355.099762 -1044.989990 240 ) (355.099854 -1024 240 ) 
5 598 600 (352 -1044.989990 83 ) (364.100037 -1044.989990 83 ) (364.100037 -1044.989990 242 ) (357.722443 -1044.989990 242 ) (352 -1044.989990 237.637466 ) 
4 599 632 (352 -1024 242 ) (352 -1024 237.637375 ) (352 -1044.989990 237.637466 ) (352 -1044.989990 242 ) 
4 599 600 (354.100464 -1044.989990 242 ) (352 -1044.989990 242 ) (352 -1044.989990 237.637466 ) (355.099731 -1044.989990 240 ) 
4 600 675 (364.100037 -2048 242 ) (352 -2048 242 ) (352 -2048 83 ) (364.100037 -2048 83 ) 
4 600 653 (352 -1327.989990 83 ) (352 -1343.989990 83 ) (352 -1343.989990 96 ) (352 -1327.989990 96 ) 
4 600 655 (352 -1343.989990 83 ) (352 -2048 83 ) (352 -2048 96 ) (352 -1343.989990 96 ) 
4 600 651 (352 -1317.801147 83 ) (352 -1327.989990 83 ) (352 -1327.989990 96 ) (352 -1317.801270 96 ) 
4 600 649 (352 -1191.989990 83 ) (352 -1317.801147 83 ) (352 -1317.801270 96 ) (352 -1191.989990 96 ) 
4 600 648 (352 -2048 96 ) (352 -2048 242 ) (352 -1191.989990 242 ) (352 -1191.989990 96 ) 
4 600 641 (352 -1183.989990 83 ) (352 -1191.989990 83 ) (352 -1191.989990 240 ) (352 -1183.989990 240 ) 
4 600 640 (352 -1191.989990 240 ) (352 -1191.989990 242 ) (352 -1183.989990 242 ) (352 -1183.989990 240 ) 
4 600 638 (352 -1044.989990 83 ) (352 -1183.989990 83 ) (352 -1183.989990 168 ) (352 -1044.989990 168 ) 
4 600 636 (352 -1183.989990 168 ) (352 -1183.989990 176 ) (352 -1044.989990 176 ) (352 -1044.989990 168 ) 
4 600 633 (352 -1183.989990 176 ) (352 -1183.989990 224 ) (352 -1044.989990 224 ) (352 -1044.989990 176 ) 
4 600 632 (352 -1183.989990 224 ) (352 -1183.989990 242 ) (352 -1044.989990 242 ) (352 -1044.989990 224 ) 
4 600 631 (352 -2048 83 ) (352 -1044.989990 83 ) (364.100037 -1044.989990 83 ) (364.100037 -2048 83 ) 
3 601 605 (551.638733 -1024 81 ) (552.361938 -1024 81 ) (552 -1024.989990 81 ) 
4 601 603 (552.361938 -1024 81 ) (1024 -1024 81 ) (1024 -1028.989990 81 ) (550.537231 -1028.989990 81 ) 
4 601 602 (548.101990 -1028.989990 81 ) (1024 -1028.989990 81 ) (1024 -1028.989990 83 ) (548.101990 -1028.989990 83 ) 
4 602 675 (1024 -2048 81 ) (1024 -2048 83 ) (364.100037 -2048 83 ) (364.100037 -2048 81 ) 
4 602 628 (364.100037 -1033.989990 81 ) (364.100037 -1032.989990 81 ) (548.101990 -1032.989990 81 ) (548.101990 -1033.989990 81 ) 
4 602 622 (375.001068 -1031.990356 81 ) (372.259216 -1032.989990 81 ) (370.912079 -1032.989990 81 ) (369.866699 -1030.119141 81 ) 
3 602 621 (380.131012 -1030.120117 81 ) (379.084320 -1032.989990 81 ) (372.259216 -1032.989990 81 ) 
4 602 620 (380.543152 -1028.989990 81 ) (395.100037 -1028.989990 81 ) (395.100037 -1032.989990 81 ) (379.084320 -1032.989990 81 ) 
4 602 619 (364.100037 -1032.989990 81 ) (364.100037 -1028.989990 81 ) (369.455536 -1028.989990 81 ) (370.912079 -1032.989990 81 ) 
3 602 609 (536.768555 -1028.989990 81 ) (539.459595 -1028.989990 81 ) (539.872437 -1030.121216 81 ) 
5 602 608 (395.100037 -1028.989990 81 ) (536.768555 -1028.989990 81 ) (545 -1031.989990 81 ) (542.259094 -1032.989990 81 ) (395.100037 -1032.989990 81 ) 
3 602 606 (548.101990 -1030.858398 81 ) (548.101990 -1032.989990 81 ) (542.259094 -1032.989990 81 ) 
4 602 630 (364.100037 -2048 81 ) (364.100037 -1033.989990 81 ) (548.101990 -1033.989990 81 ) (548.101990 -2048 81 ) 
3 602 604 (550.123718 -1030.120850 81 ) (548.101990 -1035.649414 81 ) (548.101990 -1030.858398 81 ) 
5 602 603 (550.537231 -1028.989990 81 ) (1024 -1028.989990 81 ) (1024 -2048 81 ) (548.101990 -2048 81 ) (548.101990 -1035.649414 81 ) 
4 602 631 (364.100037 -2048 81 ) (364.100037 -2048 83 ) (364.100037 -1028.989990 83 ) (364.100037 -1028.989990 81 ) 
4 603 675 (548.101990 -2048 -120 ) (1024 -2048 -120 ) (1024 -2048 81 ) (548.101990 -2048 81 ) 
4 603 630 (548.101990 -1035.649292 -120 ) (548.101990 -2048 -120 ) (548.101990 -2048 81 ) (548.101990 -1035.649170 81 ) 
4 603 605 (552.361694 -1024 -120 ) (552 -1024.989502 -120 ) (552 -1024.989502 81 ) (552.361694 -1024 81 ) 
4 603 604 (550.123352 -1030.120972 -120 ) (548.101990 -1035.648438 -120 ) (548.101990 -1035.648438 81 ) (550.123352 -1030.120972 81 ) 
4 604 628 (548.101990 -1033.989990 78 ) (548.101990 -1033.989990 81 ) (548.101990 -1032.989990 81 ) (548.101990 -1032.989990 78 ) 
4 604 629 (548.101990 -1032.989990 -120 ) (548.101990 -1033.989990 -120 ) (548.101990 -1033.989990 73 ) (548.101990 -1032.989990 73 ) 
4 604 606 (548.101990 -1032.989990 78 ) (548.101990 -1032.989990 81 ) (548.101990 -1030.858398 81 ) (548.101990 -1030.858398 78 ) 
4 604 607 (548.101990 -1030.858398 -120 ) (548.101990 -1032.989990 -120 ) (548.101990 -1032.989990 73 ) (548.101990 -1030.858398 73 ) 
4 604 630 (548.101990 -1033.989990 -120 ) (548.101990 -1035.649292 -120 ) (548.101990 -1035.649170 81 ) (548.101990 -1033.989990 81 ) 
4 606 628 (548.101990 -1032.989990 78 ) (548.101990 -1032.989990 81 ) (542.259094 -1032.989990 81 ) (542.259094 -1032.989990 78 ) 
4 606 608 (545 -1031.989990 78 ) (542.257813 -1032.989990 78 ) (542.257813 -1032.989990 81 ) (545 -1031.989990 81 ) 
4 607 629 (548.101990 -1032.989990 -120 ) (548.101990 -1032.989990 73 ) (542.259094 -1032.989990 73 ) (542.259094 -1032.989990 -120 ) 
4 607 610 (545 -1031.989990 -120 ) (542.257813 -1032.989990 -120 ) (542.257813 -1032.989990 73 ) (545 -1031.989990 73 ) 
4 608 628 (542.259094 -1032.989990 81 ) (395.100037 -1032.989990 81 ) (395.100037 -1032.989990 78 ) (542.259094 -1032.989990 78 ) 
4 608 620 (395.100037 -1032.989990 78 ) (395.100037 -1032.989990 81 ) (395.100037 -1028.989990 81 ) (395.100037 -1028.989990 78 ) 
4 608 609 (539.872559 -1030.121582 78 ) (536.767578 -1028.989990 78 ) (536.767578 -1028.989990 81 ) (539.872559 -1030.121582 81 ) 
4 610 629 (536.101990 -1032.989990 -120 ) (542.259094 -1032.989990 -120 ) (542.259094 -1032.989990 73 ) (536.101990 -1032.989990 73 ) 
4 610 613 (536.101990 -1028.747070 -120 ) (536.101990 -1032.989990 -120 ) (536.101990 -1032.989990 61 ) (536.101990 -1028.747070 61 ) 
4 610 611 (536.101990 -1028.746094 -120 ) (536.101990 -1028.746094 73 ) (539.872009 -1030.120117 73 ) (539.872009 -1030.120117 -120 ) 
4 611 613 (536.101990 -1024 -120 ) (536.101990 -1028.747070 -120 ) (536.101990 -1028.747070 61 ) (536.101990 -1024 61 ) 
4 611 612 (538 -1024.992554 -120 ) (537.637878 -1024 -120 ) (537.637878 -1024 73 ) (538 -1024.991333 73 ) 
4 613 629 (517.101990 -1032.989990 -120 ) (536.101990 -1032.989990 -120 ) (536.101990 -1032.989990 61 ) (517.101990 -1032.989990 61 ) 
4 613 614 (517.101990 -1024 -120 ) (517.101990 -1032.989990 -120 ) (517.101990 -1032.989990 61 ) (517.101990 -1024 61 ) 
4 614 629 (395.100037 -1032.989990 73 ) (395.100037 -1032.989990 -120 ) (517.101990 -1032.989990 -120 ) (517.101990 -1032.989990 73 ) 
4 614 623 (395.100037 -1028.989990 -120 ) (395.100037 -1032.989990 -120 ) (395.100037 -1032.989990 61 ) (395.100037 -1028.989990 61 ) 
4 614 615 (395.100037 -1024 -120 ) (395.100037 -1028.989990 -120 ) (395.100037 -1028.989990 61 ) (395.100037 -1024 61 ) 
4 615 623 (395.100037 -1028.989990 -120 ) (395.100037 -1028.989990 61 ) (383.461060 -1028.989990 61 ) (383.462555 -1028.989990 -120 ) 
4 615 616 (383.462524 -1028.989990 -120 ) (383.461029 -1028.989990 61 ) (382 -1024.993896 61 ) (382 -1024.989380 -120 ) 
4 616 623 (380.541168 -1028.989990 -120 ) (383.462555 -1028.989990 -120 ) (383.461060 -1028.989990 61 ) (380.542969 -1028.989990 61 ) 
4 617 625 (364.100037 -1028.989990 73 ) (364.100037 -1028.989990 -120 ) (369.456543 -1028.989990 -120 ) (369.455566 -1028.989990 73 ) 
4 617 618 (368 -1024.990234 -120 ) (367.639374 -1024 -120 ) (367.638397 -1024 73 ) (368 -1024.991577 73 ) 
4 617 631 (364.100037 -1024 -120 ) (364.100037 -1028.989990 -120 ) (364.100037 -1028.989990 73 ) (364.100037 -1024 73 ) 
4 619 628 (370.912079 -1032.989990 81 ) (364.100037 -1032.989990 81 ) (364.100037 -1032.989990 78 ) (370.912079 -1032.989990 78 ) 
4 619 622 (370.913574 -1032.989990 81 ) (370.913574 -1032.989990 78 ) (369.868408 -1030.119751 78 ) (369.868408 -1030.119751 81 ) 
4 619 631 (364.100037 -1032.989990 78 ) (364.100037 -1032.989990 81 ) (364.100037 -1028.989990 81 ) (364.100037 -1028.989990 78 ) 
4 620 628 (395.100037 -1032.989990 81 ) (379.084320 -1032.989990 81 ) (379.084320 -1032.989990 78 ) (395.100037 -1032.989990 78 ) 
4 620 621 (380.130768 -1030.120117 78 ) (379.083893 -1032.989990 78 ) (379.083923 -1032.989990 81 ) (380.130798 -1030.120117 81 ) 
4 621 628 (379.084320 -1032.989990 81 ) (372.259216 -1032.989990 81 ) (372.259216 -1032.989990 78 ) (379.084320 -1032.989990 78 ) 
4 621 622 (375 -1031.990356 78 ) (372.259705 -1032.989990 78 ) (372.259735 -1032.989990 81 ) (375.001007 -1031.990356 81 ) 
4 622 628 (372.259216 -1032.989990 81 ) (370.912079 -1032.989990 81 ) (370.912079 -1032.989990 78 ) (372.259216 -1032.989990 78 ) 
4 623 629 (379.082336 -1032.989990 -120 ) (395.100037 -1032.989990 -120 ) (395.100037 -1032.989990 61 ) (379.084167 -1032.989990 61 ) 
4 623 624 (379.081482 -1032.989990 -120 ) (379.083282 -1032.989990 61 ) (380.129822 -1030.120483 61 ) (380.128052 -1030.120483 -120 ) 
4 624 629 (376.100037 -1032.989990 -120 ) (379.082336 -1032.989990 -120 ) (379.084167 -1032.989990 61 ) (376.100037 -1032.989990 61 ) 
4 624 626 (376.100037 -1032.989990 -120 ) (376.100037 -1032.989990 61 ) (376.100037 -1031.589722 61 ) (376.100037 -1031.589111 -120 ) 
4 625 629 (364.100037 -1032.989990 73 ) (364.100037 -1032.989990 -120 ) (370.913055 -1032.989990 -120 ) (370.912109 -1032.989990 73 ) 
4 625 627 (369.868408 -1030.119751 73 ) (370.913544 -1032.989990 73 ) (370.914520 -1032.989990 -120 ) (369.869537 -1030.120239 -120 ) 
4 625 631 (364.100037 -1028.989990 -120 ) (364.100037 -1032.989990 -120 ) (364.100037 -1032.989990 73 ) (364.100037 -1028.989990 73 ) 
4 626 629 (372.257629 -1032.989990 -120 ) (376.100037 -1032.989990 -120 ) (376.100037 -1032.989990 73 ) (372.259247 -1032.989990 73 ) 
4 626 627 (374.998749 -1031.989502 -120 ) (372.255341 -1032.989990 -120 ) (372.257294 -1032.989990 73 ) (375 -1031.989868 73 ) 
4 627 629 (370.913055 -1032.989990 -120 ) (372.257629 -1032.989990 -120 ) (372.259247 -1032.989990 73 ) (370.912109 -1032.989990 73 ) 
4 628 630 (548.101990 -1033.989990 78 ) (548.101990 -1033.989990 81 ) (364.100037 -1033.989990 81 ) (364.100037 -1033.989990 78 ) 
4 628 631 (364.100037 -1033.989990 78 ) (364.100037 -1033.989990 81 ) (364.100037 -1032.989990 81 ) (364.100037 -1032.989990 78 ) 
4 629 631 (364.100037 -1032.989990 -120 ) (364.100037 -1033.989990 -120 ) (364.100037 -1033.989990 73 ) (364.100037 -1032.989990 73 ) 
4 629 630 (548.101990 -1033.989990 -120 ) (548.101990 -1033.989990 73 ) (364.100037 -1033.989990 73 ) (364.100037 -1033.989990 -120 ) 
4 630 675 (364.100037 -2048 -120 ) (548.101990 -2048 -120 ) (548.101990 -2048 81 ) (364.100037 -2048 81 ) 
4 630 631 (364.100037 -1033.989990 -120 ) (364.100037 -2048 -120 ) (364.100037 -2048 81 ) (364.100037 -1033.989990 81 ) 
4 631 675 (352 -2048 -120 ) (364.100037 -2048 -120 ) (364.100037 -2048 83 ) (352 -2048 83 ) 
4 631 653 (352 -1343.989990 64 ) (352 -1343.989990 83 ) (352 -1327.989990 83 ) (352 -1327.989990 64 ) 
4 631 654 (352 -1327.989990 -120 ) (352 -1343.989990 -120 ) (352 -1343.989990 58 ) (352 -1327.989990 58 ) 
4 631 655 (352 -1343.989990 -120 ) (352 -2048 -120 ) (352 -2048 83 ) (352 -1343.989990 83 ) 
4 631 651 (352 -1327.989990 64 ) (352 -1327.989990 83 ) (352 -1317.801270 83 ) (352 -1317.801270 64 ) 
4 631 652 (352 -1317.801147 -120 ) (352 -1327.989990 -120 ) (352 -1327.989990 58 ) (352 -1317.801270 58 ) 
4 631 649 (352 -1317.801270 64 ) (352 -1317.801270 83 ) (352 -1191.989990 83 ) (352 -1191.989990 64 ) 
4 631 650 (352 -1191.989990 -120 ) (352 -1317.801147 -120 ) (352 -1317.801270 58 ) (352 -1191.989990 58 ) 
4 631 642 (352 -1191.989990 0 ) (352 -1191.989990 58 ) (352 -1183.989990 58 ) (352 -1183.989990 0 ) 
4 631 641 (352 -1191.989990 64 ) (352 -1191.989990 83 ) (352 -1183.989990 83 ) (352 -1183.989990 64 ) 
4 631 643 (352 -1183.989990 -120 ) (352 -1191.989990 -120 ) (352 -1191.989990 0 ) (352 -1183.989990 0 ) 
4 631 638 (352 -1024 83 ) (352 -1024 64 ) (352 -1183.989990 64 ) (352 -1183.989990 83 ) 
4 631 639 (352 -1024 58 ) (352 -1024 -120 ) (352 -1183.989990 -120 ) (352 -1183.989990 58 ) 
4 632 869 (0 -1024 696 ) (0 -1024 224 ) (0 -1183.989990 224 ) (0 -1183.989990 696 ) 
4 632 644 (88 -1183.989990 696 ) (0 -1183.989990 696 ) (0 -1183.989990 224 ) (88 -1183.989990 224 ) 
4 632 641 (352 -1183.989990 224 ) (352 -1183.989990 240 ) (96 -1183.989990 240 ) (96 -1183.989990 224 ) 
4 632 640 (352 -1183.989990 240 ) (352 -1183.989990 696 ) (88 -1183.989990 696 ) (88 -1183.989990 240 ) 
4 632 633 (352 -1183.989990 224 ) (96 -1183.989990 224 ) (96 -1024 224 ) (352 -1024 224 ) 
4 632 635 (88 -1183.989990 224 ) (0 -1183.989990 224 ) (0 -1024 224 ) (88 -1024 224 ) 
4 633 641 (352 -1183.989990 176 ) (352 -1183.989990 224 ) (96 -1183.989990 224 ) (96 -1183.989990 176 ) 
4 633 636 (352 -1183.989990 176 ) (96 -1183.989990 176 ) (96 -1024 176 ) (352 -1024 176 ) 
4 633 634 (96 -1024 176 ) (96 -1183.989990 176 ) (96 -1183.989990 216 ) (96 -1024 216 ) 
4 634 635 (88 -1024 176 ) (88 -1183.989990 176 ) (88 -1183.989990 216 ) (88 -1024 216 ) 
4 635 872 (0 -1024 216 ) (0 -1024 176 ) (0 -1183.989990 176 ) (0 -1183.989990 216 ) 
4 635 869 (0 -1024 224 ) (0 -1024 216 ) (0 -1183.989990 216 ) (0 -1183.989990 224 ) 
4 635 645 (0 -1183.989990 216 ) (0 -1183.989990 176 ) (88 -1183.989990 176 ) (88 -1183.989990 216 ) 
4 635 637 (88 -1183.989990 176 ) (0 -1183.989990 176 ) (0 -1024 176 ) (88 -1024 176 ) 
4 636 641 (352 -1183.989990 168 ) (352 -1183.989990 176 ) (96 -1183.989990 176 ) (96 -1183.989990 168 ) 
4 636 638 (352 -1183.989990 168 ) (96 -1183.989990 168 ) (96 -1024 168 ) (352 -1024 168 ) 
4 637 872 (0 -1024 176 ) (0 -1024 168 ) (0 -1183.989990 168 ) (0 -1183.989990 176 ) 
4 637 638 (88 -1183.989990 168 ) (0 -1183.989990 168 ) (0 -1024 168 ) (88 -1024 168 ) 
4 638 872 (0 -1024 168 ) (0 -1024 64 ) (0 -1183.989990 64 ) (0 -1183.989990 168 ) 
4 638 646 (88 -1183.989990 168 ) (0 -1183.989990 168 ) (0 -1183.989990 64 ) (88 -1183.989990 64 ) 
4 638 641 (352 -1183.989990 64 ) (352 -1183.989990 168 ) (96 -1183.989990 168 ) (96 -1183.989990 64 ) 
4 639 876 (0 -1024 58 ) (0 -1024 -120 ) (0 -1183.989990 -120 ) (0 -1183.989990 58 ) 
4 639 647 (0 -1183.989990 -120 ) (88 -1183.989990 -120 ) (88 -1183.989990 58 ) (0 -1183.989990 58 ) 
4 639 642 (352 -1183.989990 0 ) (352 -1183.989990 58 ) (96 -1183.989990 58 ) (96 -1183.989990 0 ) 
4 639 643 (88 -1183.989990 -120 ) (352 -1183.989990 -120 ) (352 -1183.989990 0 ) (88 -1183.989990 0 ) 
4 640 648 (352 -1191.989990 240 ) (352 -1191.989990 696 ) (88 -1191.989990 696 ) (88 -1191.989990 240 ) 
4 640 644 (88 -1191.989990 240 ) (88 -1191.989990 696 ) (88 -1183.989990 696 ) (88 -1183.989990 240 ) 
4 640 641 (352 -1191.989990 240 ) (96 -1191.989990 240 ) (96 -1183.989990 240 ) (352 -1183.989990 240 ) 
4 641 649 (352 -1191.989990 64 ) (352 -1191.989990 96 ) (96 -1191.989990 96 ) (96 -1191.989990 64 ) 
4 641 648 (352 -1191.989990 96 ) (352 -1191.989990 240 ) (96 -1191.989990 240 ) (96 -1191.989990 96 ) 
4 642 650 (352 -1191.989990 0 ) (352 -1191.989990 58 ) (96 -1191.989990 58 ) (96 -1191.989990 0 ) 
4 642 643 (352 -1191.989990 0 ) (96 -1191.989990 0 ) (96 -1183.989990 0 ) (352 -1183.989990 0 ) 
4 643 650 (88 -1191.989990 -120 ) (352 -1191.989990 -120 ) (352 -1191.989990 0 ) (88 -1191.989990 0 ) 
4 643 647 (88 -1191.989990 -120 ) (88 -1191.989990 0 ) (88 -1183.989990 0 ) (88 -1183.989990 -120 ) 
4 644 879 (0 -1183.989990 240 ) (0 -1183.989990 224 ) (0 -1191.989990 224 ) (0 -1191.989990 240 ) 
4 644 878 (0 -1191.989990 696 ) (0 -1183.989990 696 ) (0 -1183.989990 240 ) (0 -1191.989990 240 ) 
4 644 648 (88 -1191.989990 224 ) (88 -1191.989990 696 ) (0 -1191.989990 696 ) (0 -1191.989990 224 ) 
4 645 880 (0 -1183.989990 216 ) (0 -1183.989990 176 ) (0 -1191.989990 176 ) (0 -1191.989990 216 ) 
4 645 648 (88 -1191.989990 176 ) (88 -1191.989990 216 ) (0 -1191.989990 216 ) (0 -1191.989990 176 ) 
4 646 881 (0 -1183.989990 168 ) (0 -1183.989990 64 ) (0 -1191.989990 64 ) (0 -1191.989990 168 ) 
4 646 662 (5.606422 -1191.989990 96 ) (0 -1191.989990 96 ) (0 -1191.989990 64 ) (5.606423 -1191.989990 64 ) 
4 646 649 (88 -1191.989990 64 ) (88 -1191.989990 96 ) (5.606422 -1191.989990 96 ) (5.606423 -1191.989990 64 ) 
4 646 648 (88 -1191.989990 96 ) (88 -1191.989990 168 ) (0 -1191.989990 168 ) (0 -1191.989990 96 ) 
4 647 882 (0 -1183.989990 58 ) (0 -1183.989990 -120 ) (0 -1191.989990 -120 ) (0 -1191.989990 58 ) 
4 647 663 (0 -1191.989990 -120 ) (5.606423 -1191.989990 -120 ) (5.606422 -1191.989990 58 ) (0 -1191.989990 58 ) 
4 647 650 (5.606423 -1191.989990 -120 ) (88 -1191.989990 -120 ) (88 -1191.989990 58 ) (5.606422 -1191.989990 58 ) 
4 648 886 (0 -2048 96 ) (0 -2048 240 ) (0 -1191.989990 240 ) (0 -1191.989990 96 ) 
4 648 878 (0 -2048 240 ) (0 -2048 696 ) (0 -1191.989990 696 ) (0 -1191.989990 240 ) 
4 648 675 (0 -2048 696 ) (0 -2048 96 ) (352 -2048 96 ) (352 -2048 696 ) 
3 648 665 (327 -1308.721436 96 ) (336 -1311.989624 96 ) (324.262329 -1316.258911 96 ) 
3 648 664 (310.844421 -1302.853394 96 ) (327 -1308.721436 96 ) (320 -1327.987183 96 ) 
5 648 662 (0 -1191.989990 96 ) (5.606426 -1191.989990 96 ) (310.844421 -1302.853394 96 ) (324.281097 -1339.735718 96 ) (0 -1221.431274 96 ) 
3 648 659 (0 -1343.989990 96 ) (0 -1221.431274 96 ) (335.942352 -1343.989990 96 ) 
4 648 661 (335.950714 -1343.993042 96 ) (0 -1465.840820 96 ) (0 -1343.989990 96 ) (335.942352 -1343.989990 96 ) 
3 648 656 (347.730804 -1339.720459 96 ) (346.176941 -1343.989990 96 ) (335.959137 -1343.989990 96 ) 
5 648 658 (346.176941 -1343.989990 96 ) (89.959381 -2048 96 ) (0 -2048 96 ) (0 -1465.840820 96 ) (335.959137 -1343.989990 96 ) 
3 648 653 (352 -1327.989990 96 ) (352 -1343.989990 96 ) (346.176941 -1343.989990 96 ) 
4 648 655 (352 -1343.989990 96 ) (352 -2048 96 ) (89.959381 -2048 96 ) (346.176941 -1343.989990 96 ) 
3 648 651 (347.719727 -1316.246582 96 ) (352 -1317.801147 96 ) (352 -1327.989990 96 ) 
3 648 649 (5.606426 -1191.989990 96 ) (352 -1191.989990 96 ) (352 -1317.801147 96 ) 
4 649 665 (336 -1311.989380 96 ) (327.001221 -1308.721069 96 ) (327.001190 -1308.721069 64 ) (336 -1311.989380 64 ) 
4 649 664 (327.001221 -1308.721069 96 ) (310.844208 -1302.852783 96 ) (310.843872 -1302.852661 64 ) (327.001190 -1308.721069 64 ) 
4 649 662 (310.844208 -1302.852783 96 ) (5.609375 -1191.989990 96 ) (5.609375 -1191.989990 64 ) (310.843872 -1302.852661 64 ) 
4 649 651 (352 -1317.800781 64 ) (352 -1317.800781 96 ) (347.719574 -1316.246094 96 ) (347.719604 -1316.246094 64 ) 
4 650 667 (336 -1311.989502 58 ) (327.001190 -1308.721069 58 ) (327.001190 -1308.721069 -120 ) (336 -1311.989746 -120 ) 
4 650 666 (327.001190 -1308.721069 58 ) (310.843811 -1302.852661 58 ) (310.841919 -1302.851929 -120 ) (327.001190 -1308.721069 -120 ) 
4 650 663 (310.843811 -1302.852661 58 ) (5.609375 -1191.989990 58 ) (5.609375 -1191.989990 -120 ) (310.841919 -1302.851929 -120 ) 
4 650 652 (352 -1317.800781 -120 ) (352 -1317.800781 58 ) (347.719574 -1316.246094 58 ) (347.719604 -1316.246094 -120 ) 
4 653 656 (347.730621 -1339.719238 64 ) (346.176331 -1343.989990 64 ) (346.176331 -1343.989990 96 ) (347.730133 -1339.720581 96 ) 
4 653 655 (346.179688 -1343.989990 96 ) (346.179688 -1343.989990 64 ) (352 -1343.989990 64 ) (352 -1343.989990 96 ) 
4 654 657 (347.733398 -1339.711670 -120 ) (346.176331 -1343.989990 -120 ) (346.176331 -1343.989990 58 ) (347.730713 -1339.718994 58 ) 
4 654 655 (346.179688 -1343.989990 58 ) (346.179688 -1343.989990 -120 ) (352 -1343.989990 -120 ) (352 -1343.989990 58 ) 
4 655 675 (89.959381 -2048 -120 ) (352 -2048 -120 ) (352 -2048 96 ) (89.959381 -2048 96 ) 
4 655 658 (346.176331 -1343.989990 -120 ) (89.958740 -2048 -120 ) (89.958664 -2048 96 ) (346.176331 -1343.989990 96 ) 
4 656 658 (335.954895 -1343.989990 96 ) (335.951721 -1343.989990 64 ) (346.176392 -1343.989990 64 ) (346.176392 -1343.989990 96 ) 
4 657 658 (335.951111 -1343.989990 58 ) (335.933319 -1343.989990 -120 ) (346.176392 -1343.989990 -120 ) (346.176392 -1343.989990 58 ) 
4 658 893 (0 -2048 -120 ) (0 -2048 96 ) (0 -1465.840820 96 ) (0 -1465.833008 -120 ) 
4 658 675 (0 -2048 96 ) (0 -2048 -120 ) (89.959381 -2048 -120 ) (89.959381 -2048 96 ) 
4 658 661 (335.933319 -1343.989990 -120 ) (0 -1465.831543 -120 ) (0 -1465.839355 96 ) (335.954926 -1343.989990 96 ) 
4 659 891 (0 -1343.989990 96 ) (0 -1221.431274 96 ) (0 -1221.430786 64 ) (0 -1343.989990 64 ) 
4 659 662 (324.280273 -1339.734253 64 ) (0 -1221.430176 64 ) (0 -1221.430664 96 ) (324.280853 -1339.734985 96 ) 
4 659 661 (335.940277 -1343.989990 64 ) (335.938721 -1343.989990 96 ) (0 -1343.989990 96 ) (0 -1343.989990 64 ) 
4 660 892 (0 -1221.430664 58 ) (0 -1221.427490 -120 ) (0 -1343.989990 -120 ) (0 -1343.989990 58 ) 
4 660 663 (324.276917 -1339.729736 -120 ) (0 -1221.426880 -120 ) (0 -1221.430054 58 ) (324.280182 -1339.734131 58 ) 
5 660 661 (0 -1343.989990 -120 ) (335.937256 -1343.989990 -120 ) (335.945282 -1343.989990 -39.847656 ) (335.940552 -1343.989990 58 ) (0 -1343.989990 58 ) 
4 661 893 (0 -1465.840820 96 ) (0 -1343.989990 96 ) (0 -1343.989990 -120 ) (0 -1465.833008 -120 ) 
4 662 891 (0 -1221.431274 96 ) (0 -1191.989990 96 ) (0 -1191.989990 64 ) (0 -1221.430786 64 ) 
4 662 664 (320 -1327.988525 64 ) (310.843567 -1302.853394 64 ) (310.843903 -1302.853516 96 ) (320 -1327.988159 96 ) 
4 663 892 (0 -1191.989990 58 ) (0 -1191.989990 -120 ) (0 -1221.427490 -120 ) (0 -1221.430664 58 ) 
4 663 666 (320 -1327.990845 -120 ) (310.841614 -1302.852661 -120 ) (310.843506 -1302.853394 58 ) (320 -1327.988525 58 ) 
4 664 665 (324.263367 -1316.258423 64 ) (327.001740 -1308.721802 64 ) (327.001740 -1308.721802 96 ) (324.263367 -1316.258423 96 ) 
4 666 667 (327.001312 -1308.721680 -120 ) (327.001312 -1308.721680 58 ) (324.262970 -1316.258667 58 ) (324.262726 -1316.259399 -120 ) 
4 668 906 (0 -2048 -248 ) (0 -2048 -166 ) (0 -1024 -166 ) (0 -1024 -248 ) 
4 668 676 (0 -2048 -166 ) (0 -2048 -248 ) (1024 -2048 -248 ) (1024 -2048 -166 ) 
4 669 672 (2048 -2048 696 ) (2048 -2048 -120 ) (2048 -2432 -120 ) (2048 -2432 696 ) 
4 669 671 (3072 -2432 -120 ) (3072 -2432 696 ) (2048 -2432 696 ) (2048 -2432 -120 ) 
4 670 673 (2048 -2048 -166 ) (2048 -2048 -248 ) (2048 -2432 -248 ) (2048 -2432 -166 ) 
4 670 671 (2048 -2432 -248 ) (3072 -2432 -248 ) (3072 -2432 -166 ) (2048 -2432 -166 ) 
4 671 674 (2048 -2432 -248 ) (2048 -2552 -248 ) (2048 -2552 696 ) (2048 -2432 696 ) 
4 672 675 (1024 -2048 696 ) (1024 -2048 -120 ) (1024 -2432 -120 ) (1024 -2432 696 ) 
4 672 674 (2048 -2432 -120 ) (2048 -2432 696 ) (1024 -2432 696 ) (1024 -2432 -120 ) 
4 673 676 (1024 -2048 -166 ) (1024 -2048 -248 ) (1024 -2432 -248 ) (1024 -2432 -166 ) 
4 673 674 (1024 -2432 -248 ) (2048 -2432 -248 ) (2048 -2432 -166 ) (1024 -2432 -166 ) 
4 674 677 (1024 -2432 -248 ) (1024 -2552 -248 ) (1024 -2552 696 ) (1024 -2432 696 ) 
4 675 911 (0 -2432 696 ) (0 -2048 696 ) (0 -2048 -120 ) (0 -2432 -120 ) 
4 675 677 (1024 -2432 -120 ) (1024 -2432 696 ) (0 -2432 696 ) (0 -2432 -120 ) 
4 676 912 (0 -2048 -166 ) (0 -2048 -248 ) (0 -2432 -248 ) (0 -2432 -166 ) 
4 676 677 (0 -2432 -248 ) (1024 -2432 -248 ) (1024 -2432 -166 ) (0 -2432 -166 ) 
4 677 913 (0 -2552 696 ) (0 -2432 696 ) (0 -2432 -248 ) (0 -2552 -248 ) 
4 678 681 (-1024 4736 696 ) (-1024 4856 696 ) (-1024 4856 -248 ) (-1024 4736 -248 ) 
4 678 679 (0 4736 -120 ) (0 4736 696 ) (-1024 4736 696 ) (-1024 4736 -120 ) 
4 678 680 (-1024 4736 -248 ) (0 4736 -248 ) (0 4736 -166 ) (-1024 4736 -166 ) 
4 679 687 (0 4096 -120 ) (0 4096 696 ) (-1024 4096 696 ) (-1024 4096 -120 ) 
4 679 682 (-1024 4096 -120 ) (-1024 4096 696 ) (-1024 4736 696 ) (-1024 4736 -120 ) 
4 680 688 (0 4096 -248 ) (0 4096 -166 ) (-1024 4096 -166 ) (-1024 4096 -248 ) 
4 680 683 (-1024 4096 -248 ) (-1024 4096 -166 ) (-1024 4736 -166 ) (-1024 4736 -248 ) 
4 681 684 (-2048 4736 696 ) (-2048 4856 696 ) (-2048 4856 -248 ) (-2048 4736 -248 ) 
4 681 682 (-1024 4736 -120 ) (-1024 4736 696 ) (-2048 4736 696 ) (-2048 4736 -120 ) 
4 681 683 (-2048 4736 -248 ) (-1024 4736 -248 ) (-1024 4736 -166 ) (-2048 4736 -166 ) 
4 682 689 (-1024 4096 -120 ) (-1024 4096 696 ) (-2048 4096 696 ) (-2048 4096 -120 ) 
4 682 685 (-2048 4096 -120 ) (-2048 4096 696 ) (-2048 4736 696 ) (-2048 4736 -120 ) 
4 683 690 (-1024 4096 -248 ) (-1024 4096 -166 ) (-2048 4096 -166 ) (-2048 4096 -248 ) 
4 683 686 (-2048 4096 -248 ) (-2048 4096 -166 ) (-2048 4736 -166 ) (-2048 4736 -248 ) 
4 684 761 (-3072 4736 696 ) (-3072 4856 696 ) (-3072 4856 -248 ) (-3072 4736 -248 ) 
4 684 685 (-2048 4736 -120 ) (-2048 4736 696 ) (-3072 4736 696 ) (-3072 4736 -120 ) 
4 684 686 (-3072 4736 -248 ) (-2048 4736 -248 ) (-2048 4736 -166 ) (-3072 4736 -166 ) 
4 685 762 (-3072 4096 -120 ) (-3072 4096 696 ) (-3072 4736 696 ) (-3072 4736 -120 ) 
4 685 691 (-2048 4096 -120 ) (-2048 4096 696 ) (-3072 4096 696 ) (-3072 4096 -120 ) 
4 686 763 (-3072 4096 -248 ) (-3072 4096 -166 ) (-3072 4736 -166 ) (-3072 4736 -248 ) 
4 686 692 (-2048 4096 -248 ) (-2048 4096 -166 ) (-3072 4096 -166 ) (-3072 4096 -248 ) 
4 687 693 (0 3072 -120 ) (0 3072 696 ) (-1024 3072 696 ) (-1024 3072 -120 ) 
4 687 689 (-1024 3072 -120 ) (-1024 3072 696 ) (-1024 4096 696 ) (-1024 4096 -120 ) 
4 688 694 (0 3072 -248 ) (0 3072 -166 ) (-1024 3072 -166 ) (-1024 3072 -248 ) 
4 688 690 (-1024 3072 -248 ) (-1024 3072 -166 ) (-1024 4096 -166 ) (-1024 4096 -248 ) 
4 689 752 (-1024 3072 -120 ) (-1024 3072 696 ) (-2048 3072 696 ) (-2048 3072 -120 ) 
4 689 691 (-2048 4096 696 ) (-2048 4096 -120 ) (-2048 3072 -120 ) (-2048 3072 696 ) 
4 690 753 (-1024 3072 -248 ) (-1024 3072 -166 ) (-2048 3072 -166 ) (-2048 3072 -248 ) 
4 690 692 (-2048 4096 -166 ) (-2048 4096 -248 ) (-2048 3072 -248 ) (-2048 3072 -166 ) 
4 691 768 (-3072 3072 -120 ) (-3072 3072 696 ) (-3072 4096 696 ) (-3072 4096 -120 ) 
4 691 755 (-3072 3072 696 ) (-3072 3072 -120 ) (-2048 3072 -120 ) (-2048 3072 696 ) 
4 692 769 (-3072 3072 -248 ) (-3072 3072 -166 ) (-3072 4096 -166 ) (-3072 4096 -248 ) 
4 692 756 (-3072 3072 -166 ) (-3072 3072 -248 ) (-2048 3072 -248 ) (-2048 3072 -166 ) 
4 693 752 (-1024 3072 696 ) (-1024 3072 -120 ) (-1024 2048 -120 ) (-1024 2048 696 ) 
4 693 721 (-1007.334839 2048 71.750046 ) (-1024 2048 71.750046 ) (-1024 2048 -110.250000 ) (-1007.332886 2048 -110.250000 ) 
4 693 728 (-1024 2048 -110.250000 ) (-1024 2048 -113.250000 ) (-1007.332825 2048 -113.250000 ) (-1007.332886 2048 -110.250000 ) 
4 693 713 (-671 2048 71.750046 ) (-1007.334839 2048 71.750046 ) (-1007.332825 2048 -113.250000 ) (-671 2048 -113.250000 ) 
4 693 729 (-1024 2048 -113.250000 ) (-1024 2048 -120 ) (-671 2048 -120 ) (-671 2048 -113.250000 ) 
4 693 711 (-665 2048 71.750046 ) (-671 2048 71.750046 ) (-671 2048 -120 ) (-665 2048 -120 ) 
4 693 703 (0 2048 -120 ) (0 2048 71.750046 ) (-665 2048 71.750046 ) (-665 2048 -120 ) 
4 693 701 (-665 2048 76.750000 ) (-883 2048 76.750000 ) (-883 2048 71.750046 ) (-665 2048 71.750046 ) 
4 693 700 (0 2048 71.750046 ) (0 2048 76.750000 ) (-665 2048 76.750000 ) (-665 2048 71.750046 ) 
4 693 702 (-883 2048 76.750000 ) (-1024 2048 76.750000 ) (-1024 2048 71.750046 ) (-883 2048 71.750046 ) 
4 693 699 (0 2048 76.750000 ) (0 2048 696 ) (-1024 2048 696 ) (-1024 2048 76.750000 ) 
4 694 753 (-1024 3072 -166 ) (-1024 3072 -248 ) (-1024 2048 -248 ) (-1024 2048 -166 ) 
4 694 730 (-665 2048 -166 ) (-1024 2048 -166 ) (-1024 2048 -248 ) (-665 2048 -248 ) 
4 694 704 (0 2048 -248 ) (0 2048 -166 ) (-665 2048 -166 ) (-665 2048 -248 ) 
4 695 697 (-616 2747 -502 ) (-616 2197 -502 ) (-616 2197 -423 ) (-616 2747 -423 ) 
4 695 696 (-616 2197 -423 ) (-616 2197 -359 ) (-616 2747 -359 ) (-616 2747 -423 ) 
4 696 698 (-661 2197 -359 ) (-661 2747 -359 ) (-661 2747 -423 ) (-661 2197 -423 ) 
4 696 697 (-661 2197 -423 ) (-661 2747 -423 ) (-616 2747 -423 ) (-616 2197 -423 ) 
4 697 698 (-661 2747 -502 ) (-661 2197 -502 ) (-661 2197 -423 ) (-661 2747 -423 ) 
4 698 754 (-1024 2747 -502 ) (-1024 2197 -502 ) (-1024 2197 -359 ) (-1024 2747 -359 ) 
4 699 757 (-1024 1575.010132 76.750000 ) (-1024 1575.010132 696 ) (-1024 2048 696 ) (-1024 2048 76.750000 ) 
4 699 743 (-883 1575.010132 76.750000 ) (-817 1575.010132 76.750000 ) (-817 1575.010132 80 ) (-883 1575.010132 80 ) 
4 699 742 (-817 1575.010132 76.750000 ) (-792 1575.010132 76.750000 ) (-792 1575.010132 80 ) (-817 1575.010132 80 ) 
4 699 745 (-1024 1575.010132 80 ) (-1024 1575.010132 76.750000 ) (-883 1575.010132 76.750000 ) (-883 1575.010132 80 ) 
4 699 732 (-792 1575.010132 76.750000 ) (0 1575.010132 76.750000 ) (0 1575.010132 80 ) (-792 1575.010132 80 ) 
4 699 731 (-1024 1575.010132 696 ) (-1024 1575.010132 80 ) (0 1575.010132 80 ) (0 1575.010132 696 ) 
4 699 701 (-883 1642.010132 76.750000 ) (-883 2048 76.750000 ) (-665 2048 76.750000 ) (-665 1642.010132 76.750000 ) 
4 699 700 (0 1575.010132 76.750000 ) (-665 1575.010132 76.750000 ) (-665 2048 76.750000 ) (0 2048 76.750000 ) 
4 699 702 (-883 1575.010132 76.750000 ) (-1024 1575.010132 76.750000 ) (-1024 2048 76.750000 ) (-883 2048 76.750000 ) 
4 700 732 (-665 1575.010132 71.750046 ) (0 1575.010132 71.750046 ) (0 1575.010132 76.750000 ) (-665 1575.010132 76.750000 ) 
4 700 706 (-645 1575.010132 71.750046 ) (-655 1575.010132 71.750046 ) (-655 1626.010132 71.750046 ) (-645 1626.010132 71.750046 ) 
4 700 705 (0 1575.010132 71.750046 ) (-645 1575.010132 71.750046 ) (-645 1626.010132 71.750046 ) (0 1626.010132 71.750046 ) 
4 700 703 (-665 1626.010132 71.750046 ) (-665 2048 71.750046 ) (0 2048 71.750046 ) (0 1626.010132 71.750046 ) 
4 700 701 (-665 2048 71.750046 ) (-665 1642.010132 71.750046 ) (-665 1642.010132 76.750000 ) (-665 2048 76.750000 ) 
3 701 722 (-860.036316 1643.335205 71.750046 ) (-859.554016 1642.010132 71.750046 ) (-860.513794 1642.010132 71.750046 ) 
4 701 721 (-883 1642.010132 71.750046 ) (-883 1706.421875 71.750046 ) (-860.036316 1643.335205 71.750046 ) (-860.513794 1642.010132 71.750046 ) 
4 701 718 (-733.957397 1642.010132 71.750046 ) (-772.084839 1642.010132 71.750046 ) (-872.938477 1678.780396 71.750046 ) (-878.531677 1694.146240 71.750046 ) 
3 701 717 (-772.084839 1642.010132 71.750046 ) (-859.554016 1642.010132 71.750046 ) (-872.938477 1678.780396 71.750046 ) 
6 701 713 (-883 1706.421875 71.750046 ) (-883 2048 71.750046 ) (-671 2048 71.750046 ) (-671 1642.010132 71.750046 ) (-733.957397 1642.010132 71.750046 ) (-878.531677 1694.146240 71.750046 ) 
4 701 711 (-671 2048 71.750046 ) (-665 2048 71.750046 ) (-665 1642.010132 71.750046 ) (-671 1642.010132 71.750046 ) 
4 701 702 (-883 2048 71.750046 ) (-883 1642.010132 71.750046 ) (-883 1642.010132 76.750000 ) (-883 2048 76.750000 ) 
4 702 757 (-1024 1575.010132 71.750046 ) (-1024 1575.010132 76.750000 ) (-1024 2048 76.750000 ) (-1024 2048 71.750046 ) 
4 702 745 (-1024 1575.010132 76.750000 ) (-1024 1575.010132 71.750046 ) (-883 1575.010132 71.750046 ) (-883 1575.010132 76.750000 ) 
3 702 723 (-883 1575.010132 71.750046 ) (-884.656982 1575.010132 71.750046 ) (-883 1579.608398 71.750046 ) 
6 702 721 (-884.656982 1575.010132 71.750046 ) (-1024 1575.010132 71.750046 ) (-1024 2048 71.750046 ) (-1007.334839 2048 71.750046 ) (-883 1706.421875 71.750046 ) (-883 1579.608398 71.750046 ) 
3 702 713 (-1007.334839 2048 71.750046 ) (-883 2048 71.750046 ) (-883 1706.421875 71.750046 ) 
4 703 711 (-665 1626.010132 71.750046 ) (-665 2048 71.750046 ) (-665 2048 -120 ) (-665 1626.010132 -120 ) 
5 703 708 (-603 1626.010132 7 ) (0 1626.010132 7 ) (0 1626.010132 41.748001 ) (-625 1626.010132 41.748001 ) (-625 1626.010132 32 ) 
4 703 709 (-665 1626.010132 7 ) (-665 1626.010132 -120 ) (0 1626.010132 -120 ) (0 1626.010132 7 ) 
4 703 707 (-635 1626.010132 41.748001 ) (0 1626.010132 41.748001 ) (0 1626.010132 51.750000 ) (-635 1626.010132 51.750000 ) 
4 703 706 (-645 1626.010132 61.750000 ) (-645 1626.010132 71.750046 ) (-655 1626.010132 71.750046 ) (-655 1626.010132 61.750000 ) 
4 703 705 (-645 1626.010132 51.750000 ) (0 1626.010132 51.750000 ) (0 1626.010132 71.750046 ) (-645 1626.010132 71.750046 ) 
4 704 730 (-665 2048 -166 ) (-665 2048 -248 ) (-665 1626.010132 -248 ) (-665 1626.010132 -166 ) 
4 704 710 (-665 1626.010132 -166 ) (-665 1626.010132 -248 ) (0 1626.010132 -248 ) (0 1626.010132 -166 ) 
4 705 736 (0 1575.010132 51.750000 ) (0 1575.010132 64 ) (-645 1575.010132 64 ) (-645 1575.010132 51.750000 ) 
4 705 732 (0 1575.010132 64 ) (0 1575.010132 71.750046 ) (-645 1575.010132 71.750046 ) (-645 1575.010132 64 ) 
4 705 707 (0 1575.010132 51.750000 ) (-635 1575.010132 51.750000 ) (-635 1626.010132 51.750000 ) (0 1626.010132 51.750000 ) 
4 705 706 (-645 1626.010132 71.750046 ) (-645 1626.010132 61.750000 ) (-645 1575.010132 61.750000 ) (-645 1575.010132 71.750046 ) 
4 706 736 (-655 1575.010132 64 ) (-655 1575.010132 61.750000 ) (-645 1575.010132 61.750000 ) (-645 1575.010132 64 ) 
4 706 732 (-645 1575.010132 71.750046 ) (-655 1575.010132 71.750046 ) (-655 1575.010132 64 ) (-645 1575.010132 64 ) 
4 707 736 (0 1575.010132 41.748001 ) (0 1575.010132 51.750000 ) (-635 1575.010132 51.750000 ) (-635 1575.010132 41.748001 ) 
4 707 708 (0 1575.010132 41.748001 ) (-625 1575.010132 41.748001 ) (-625 1626.010132 41.748001 ) (0 1626.010132 41.748001 ) 
5 708 736 (0 1575.010132 7 ) (0 1575.010132 41.748001 ) (-625 1575.010132 41.748001 ) (-625 1575.010132 32 ) (-603 1575.010132 7 ) 
4 708 709 (0 1575.010132 7 ) (-603 1575.010132 7 ) (-603 1626.010132 7 ) (0 1626.010132 7 ) 
4 709 736 (0 1575.010132 -120 ) (0 1575.010132 7 ) (-663.780823 1575.010132 7 ) (-663.780823 1575.010132 -120 ) 
4 709 735 (-663.780823 1575.010132 7 ) (-665 1575.010132 7 ) (-665 1575.010132 -120 ) (-663.780823 1575.010132 -120 ) 
4 709 712 (-665 1575.010132 -120 ) (-665 1575.010132 6.750000 ) (-665 1626.010132 6.750000 ) (-665 1626.010132 -120 ) 
4 710 751 (0 1575.010132 -248 ) (0 1575.010132 -166 ) (-665 1575.010132 -166 ) (-665 1575.010132 -248 ) 
4 710 730 (-665 1575.010132 -248 ) (-665 1575.010132 -166 ) (-665 1626.010132 -166 ) (-665 1626.010132 -248 ) 
4 711 713 (-671 1626.010132 -113.250000 ) (-671 1626.010132 71.750046 ) (-671 2048 71.750046 ) (-671 2048 -113.250000 ) 
4 711 729 (-671 2048 -120 ) (-671 1626.010132 -120 ) (-671 1626.010132 -113.250000 ) (-671 2048 -113.250000 ) 
4 711 712 (-671 1626.010132 6.750000 ) (-671 1626.010132 -120 ) (-665 1626.010132 -120 ) (-665 1626.010132 6.750000 ) 
4 712 735 (-671 1575.010132 -120 ) (-665 1575.010132 -120 ) (-665 1575.010132 6.750000 ) (-671 1575.010132 6.750000 ) 
4 712 714 (-671 1575.010132 -113.250000 ) (-671 1575.010132 6.750000 ) (-671 1619.306641 6.750000 ) (-671 1619.306641 -113.250000 ) 
4 712 713 (-671 1619.306641 6.750000 ) (-671 1626.010132 6.750000 ) (-671 1626.010132 -113.250000 ) (-671 1619.306641 -113.250000 ) 
4 712 729 (-671 1626.010132 -120 ) (-671 1575.010132 -120 ) (-671 1575.010132 -113.250000 ) (-671 1626.010132 -113.250000 ) 
4 713 721 (-878.529175 1694.145386 -110.250000 ) (-878.530029 1694.145752 71.750046 ) (-1007.333435 2048 71.750046 ) (-1007.332031 2048 -110.250000 ) 
4 713 728 (-1007.332031 2048 -113.250000 ) (-878.529175 1694.145386 -113.250000 ) (-878.529175 1694.145386 -110.250000 ) (-1007.332031 2048 -110.250000 ) 
4 713 720 (-712.950256 1634.435181 -113.250000 ) (-709.002441 1633.011597 -113.250000 ) (-709.001953 1633.011353 71.750046 ) (-712.950256 1634.435181 71.750046 ) 
4 713 719 (-719.995178 1636.975708 -113.250000 ) (-712.950256 1634.435181 -113.250000 ) (-712.950256 1634.435181 71.750046 ) (-719.995178 1636.975708 71.750046 ) 
4 713 718 (-878.534119 1694.147827 71.750046 ) (-878.531799 1694.146973 -113.250000 ) (-719.995178 1636.975708 -113.250000 ) (-719.995178 1636.975708 71.750046 ) 
4 713 714 (-703.873291 1631.161865 -113.250000 ) (-671 1619.307129 -113.250000 ) (-671 1619.307129 71.750046 ) (-703.877869 1631.163452 71.750046 ) 
4 713 729 (-671 2048 -113.250000 ) (-671 1619.306519 -113.250000 ) (-878.529358 1694.145386 -113.250000 ) (-1007.332825 2048 -113.250000 ) 
4 714 735 (-683.455322 1575.010132 -113.250000 ) (-671 1575.010132 -113.250000 ) (-671 1575.010132 64 ) (-683.459106 1575.010132 64 ) 
4 714 732 (-671 1575.010132 64 ) (-671 1575.010132 71.750046 ) (-683.459290 1575.010132 71.750046 ) (-683.459106 1575.010132 64 ) 
4 714 716 (-702 1626.009277 -113.250000 ) (-700.572083 1622.081665 -113.250000 ) (-700.575623 1622.080444 71.750046 ) (-702.002258 1626.003784 71.750046 ) 
4 714 715 (-700.572083 1622.081665 -113.250000 ) (-683.455933 1575.010132 -113.250000 ) (-683.459900 1575.010132 71.750046 ) (-700.575623 1622.080444 71.750046 ) 
4 714 729 (-671 1619.306519 -113.250000 ) (-671 1575.010132 -113.250000 ) (-683.455322 1575.010132 -113.250000 ) (-703.873047 1631.161133 -113.250000 ) 
4 715 744 (-829.729187 1575.010132 -113.250000 ) (-817 1575.010132 -113.250000 ) (-817 1575.010132 71.750046 ) (-829.729065 1575.010132 71.750046 ) 
4 715 742 (-817 1575.010132 -113.250000 ) (-792 1575.010132 -113.250000 ) (-792 1575.010132 71.750046 ) (-817 1575.010132 71.750046 ) 
4 715 735 (-792 1575.010132 -113.250000 ) (-683.455322 1575.010132 -113.250000 ) (-683.459106 1575.010132 64 ) (-792 1575.010132 64 ) 
4 715 732 (-683.459106 1575.010132 64 ) (-683.459290 1575.010132 71.750046 ) (-792 1575.010132 71.750046 ) (-792 1575.010132 64 ) 
4 715 717 (-708.997559 1619.009277 -113.250000 ) (-829.725647 1575.010132 -113.250000 ) (-829.725769 1575.010132 71.750046 ) (-708.997559 1619.009277 71.750046 ) 
4 715 716 (-700.575562 1622.078613 71.750046 ) (-700.572083 1622.079834 -113.250000 ) (-703.869751 1620.878052 -113.250000 ) (-703.869751 1620.878052 71.750046 ) 
3 715 729 (-683.455322 1575.010132 -113.250000 ) (-829.729187 1575.010132 -113.250000 ) (-700.571594 1622.081787 -113.250000 ) 
3 716 729 (-702 1626.009888 -113.250000 ) (-700.571594 1622.081787 -113.250000 ) (-703.868958 1620.880005 -113.250000 ) 
4 717 744 (-835.163940 1575.010132 -113.250000 ) (-829.729187 1575.010132 -113.250000 ) (-829.729065 1575.010132 71.750046 ) (-835.165955 1575.010132 71.750046 ) 
4 717 725 (-854.871338 1629.149414 71.750046 ) (-856.073120 1632.450928 71.750046 ) (-856.072388 1632.450806 -110.250000 ) (-854.870789 1629.149658 -110.250000 ) 
4 717 724 (-848.991943 1612.997192 71.750046 ) (-853 1624.006592 71.750046 ) (-853 1624.010132 -110.250000 ) (-848.990967 1612.996216 -110.250000 ) 
4 717 723 (-835.164063 1575.010132 -110.250000 ) (-835.164551 1575.010132 71.750046 ) (-848.991943 1612.997192 71.750046 ) (-848.990967 1612.996216 -110.250000 ) 
4 717 722 (-856.073120 1632.450928 71.750046 ) (-860.035645 1643.337036 71.750046 ) (-860.035278 1643.337891 -110.250000 ) (-856.072388 1632.450806 -110.250000 ) 
4 717 721 (-860.035645 1643.337036 71.750046 ) (-872.936829 1678.779785 71.750046 ) (-872.936035 1678.779663 -110.250000 ) (-860.035278 1643.337891 -110.250000 ) 
4 717 728 (-872.936035 1678.779663 -113.250000 ) (-835.164063 1575.010132 -113.250000 ) (-835.164063 1575.010132 -110.250000 ) (-872.936035 1678.779663 -110.250000 ) 
4 717 718 (-714.131653 1620.881836 -113.250000 ) (-872.936462 1678.780518 -113.250000 ) (-872.938782 1678.781372 71.750046 ) (-714.131653 1620.881836 71.750046 ) 
4 717 729 (-829.729187 1575.010132 -113.250000 ) (-835.163940 1575.010132 -113.250000 ) (-872.936218 1678.779663 -113.250000 ) (-709 1619.010010 -113.250000 ) 
4 718 721 (-872.936035 1678.779663 -110.250000 ) (-872.936829 1678.779785 71.750046 ) (-878.530029 1694.145752 71.750046 ) (-878.529175 1694.145386 -110.250000 ) 
4 718 728 (-878.529175 1694.145386 -113.250000 ) (-872.936035 1678.779663 -113.250000 ) (-872.936035 1678.779663 -110.250000 ) (-878.529175 1694.145386 -110.250000 ) 
4 718 719 (-716 1626.009277 -113.250000 ) (-719.995605 1636.975830 -113.250000 ) (-719.995605 1636.975830 71.750046 ) (-716 1626.009277 71.750046 ) 
4 718 729 (-872.936218 1678.779663 -113.250000 ) (-878.529358 1694.145386 -113.250000 ) (-719.994873 1636.974976 -113.250000 ) (-714.131348 1620.880859 -113.250000 ) 
4 719 720 (-714.143372 1631.141602 -113.250000 ) (-712.951233 1634.434937 -113.250000 ) (-712.951233 1634.434937 71.750046 ) (-714.143555 1631.141113 71.750046 ) 
3 719 729 (-719.994873 1636.974976 -113.250000 ) (-712.950378 1634.434570 -113.250000 ) (-716 1626.010010 -113.250000 ) 
3 720 729 (-712.950378 1634.434570 -113.250000 ) (-709.003479 1633.011230 -113.250000 ) (-714.142212 1631.142090 -113.250000 ) 
4 721 757 (-1024 1575.010132 -110.250000 ) (-1024 1575.010132 71.750046 ) (-1024 2048 71.750046 ) (-1024 2048 -110.250000 ) 
4 721 745 (-1024 1575.010132 71.750046 ) (-1024 1575.010132 -110.250000 ) (-884.657043 1575.010132 -110.250000 ) (-884.656982 1575.010132 71.750046 ) 
4 721 727 (-868.416321 1620.078491 -110.250000 ) (-867 1624.009521 -110.250000 ) (-867 1624.009644 71.750046 ) (-868.416260 1620.078979 71.750046 ) 
4 721 723 (-884.656250 1575.010132 -110.250000 ) (-868.416321 1620.078491 -110.250000 ) (-868.416260 1620.078979 71.750046 ) (-884.656677 1575.010132 71.750046 ) 
4 721 722 (-865.154907 1629.129395 -110.250000 ) (-860.037109 1643.332031 -110.250000 ) (-860.038086 1643.329346 71.750046 ) (-865.154785 1629.130005 71.750046 ) 
5 721 728 (-1007.334229 2048 -110.250000 ) (-860.036316 1643.335205 -110.250000 ) (-884.656982 1575.010132 -110.250000 ) (-1024 1575.010132 -110.250000 ) (-1024 2048 -110.250000 ) 
4 722 725 (-860.003540 1631.011353 -110.250000 ) (-856.071777 1632.449097 -110.250000 ) (-856.073730 1632.449097 71.750046 ) (-860.005188 1631.011475 71.750046 ) 
3 722 728 (-860.036316 1643.335205 -110.250000 ) (-856.074097 1632.450073 -110.250000 ) (-865.155457 1629.129028 -110.250000 ) 
4 723 744 (-883 1575.010132 -110.250000 ) (-835.164001 1575.010132 -110.250000 ) (-835.165955 1575.010132 71.750046 ) (-883 1575.010132 71.750046 ) 
4 723 745 (-884.657043 1575.010132 -110.250000 ) (-883 1575.010132 -110.250000 ) (-883 1575.010132 71.750046 ) (-884.656982 1575.010132 71.750046 ) 
4 723 727 (-865.127014 1618.879883 -110.250000 ) (-868.415161 1620.078613 -110.250000 ) (-868.414917 1620.079224 71.750046 ) (-865.127319 1618.880615 71.750046 ) 
4 723 726 (-856.077637 1615.580688 -110.250000 ) (-860 1617.010376 -110.250000 ) (-859.998169 1617.010742 71.750046 ) (-856.075623 1615.580688 71.750046 ) 
4 723 724 (-848.990845 1612.997803 71.750046 ) (-848.988281 1612.996094 -110.250000 ) (-856.077637 1615.580688 -110.250000 ) (-856.075623 1615.580688 71.750046 ) 
4 723 728 (-848.993225 1612.997070 -110.250000 ) (-835.166016 1575.010132 -110.250000 ) (-884.656982 1575.010132 -110.250000 ) (-868.416748 1620.078613 -110.250000 ) 
4 724 726 (-854.874695 1618.879028 -110.250000 ) (-856.078369 1615.582031 -110.250000 ) (-856.076416 1615.582031 71.750046 ) (-854.872375 1618.879883 71.750046 ) 
3 724 728 (-853 1624.007446 -110.250000 ) (-848.993225 1612.997070 -110.250000 ) (-856.077820 1615.579956 -110.250000 ) 
3 725 728 (-856.074097 1632.450073 -110.250000 ) (-854.872986 1629.150391 -110.250000 ) (-860.005981 1631.012207 -110.250000 ) 
3 726 728 (-854.873108 1618.879639 -110.250000 ) (-856.077820 1615.579956 -110.250000 ) (-860 1617.010010 -110.250000 ) 
3 727 728 (-865.126709 1618.879150 -110.250000 ) (-868.416748 1620.078613 -110.250000 ) (-867 1624.010132 -110.250000 ) 
4 728 757 (-1024 1575.010132 -113.250000 ) (-1024 1575.010132 -110.250000 ) (-1024 2048 -110.250000 ) (-1024 2048 -113.250000 ) 
4 728 744 (-883 1575.010132 -113.250000 ) (-835.163940 1575.010132 -113.250000 ) (-835.164001 1575.010132 -110.250000 ) (-883 1575.010132 -110.250000 ) 
4 728 745 (-1024 1575.010132 -110.250000 ) (-1024 1575.010132 -113.250000 ) (-883 1575.010132 -113.250000 ) (-883 1575.010132 -110.250000 ) 
4 728 729 (-835.163940 1575.010132 -113.250000 ) (-1024 1575.010132 -113.250000 ) (-1024 2048 -113.250000 ) (-1007.332825 2048 -113.250000 ) 
4 729 757 (-1024 1575.010132 -120 ) (-1024 1575.010132 -113.250000 ) (-1024 2048 -113.250000 ) (-1024 2048 -120 ) 
4 729 744 (-883 1575.010132 -120 ) (-817 1575.010132 -120 ) (-817 1575.010132 -113.250000 ) (-883 1575.010132 -113.250000 ) 
4 729 742 (-817 1575.010132 -120 ) (-792 1575.010132 -120 ) (-792 1575.010132 -113.250000 ) (-817 1575.010132 -113.250000 ) 
4 729 745 (-1024 1575.010132 -113.250000 ) (-1024 1575.010132 -120 ) (-883 1575.010132 -120 ) (-883 1575.010132 -113.250000 ) 
4 729 735 (-792 1575.010132 -120 ) (-671 1575.010132 -120 ) (-671 1575.010132 -113.250000 ) (-792 1575.010132 -113.250000 ) 
4 730 758 (-1024 1575.010132 -248 ) (-1024 1575.010132 -166 ) (-1024 2048 -166 ) (-1024 2048 -248 ) 
4 730 751 (-1024 1575.010132 -166 ) (-1024 1575.010132 -248 ) (-665 1575.010132 -248 ) (-665 1575.010132 -166 ) 
4 731 783 (0 1024 80 ) (0 1024 696 ) (-1024 1024 696 ) (-1024 1024 80 ) 
4 731 757 (-1024 1024 80 ) (-1024 1024 696 ) (-1024 1575.010132 696 ) (-1024 1575.010132 80 ) 
4 731 747 (-883 1364.010010 80 ) (-883 1371.010132 80 ) (-817 1371.010132 80 ) (-817 1364.010010 80 ) 
4 731 749 (-817 1024 80 ) (-883 1024 80 ) (-883 1364.010010 80 ) (-817 1364.010010 80 ) 
4 731 746 (-792 1024 80 ) (-817 1024 80 ) (-817 1371.010132 80 ) (-792 1371.010132 80 ) 
4 731 750 (-883 1024 80 ) (-1024 1024 80 ) (-1024 1371.010132 80 ) (-883 1371.010132 80 ) 
4 731 743 (-883 1575.010132 80 ) (-817 1575.010132 80 ) (-817 1371.010132 80 ) (-883 1371.010132 80 ) 
4 731 742 (-817 1575.010132 80 ) (-792 1575.010132 80 ) (-792 1371.010132 80 ) (-817 1371.010132 80 ) 
4 731 745 (-1024 1371.010132 80 ) (-1024 1575.010132 80 ) (-883 1575.010132 80 ) (-883 1371.010132 80 ) 
4 731 733 (0 1024 80 ) (-696 1024 80 ) (-696 1448.010132 80 ) (0 1448.010132 80 ) 
4 731 732 (-792 1544.010132 80 ) (-792 1575.010132 80 ) (0 1575.010132 80 ) (0 1544.010132 80 ) 
4 732 742 (-792 1544.010132 80 ) (-792 1575.010132 80 ) (-792 1575.010132 64 ) (-792 1544.010132 64 ) 
4 732 736 (-663.780640 1575.010132 64 ) (0 1575.010132 64 ) (0 1544.010132 64 ) (-749.005737 1544.010132 64 ) 
4 732 735 (-792 1544.010132 64 ) (-792 1575.010132 64 ) (-663.780640 1575.010132 64 ) (-749.005737 1544.010132 64 ) 
4 733 787 (-264 1024 80 ) (-696 1024 80 ) (-696 1024 64 ) (-264 1024 64 ) 
4 733 786 (-168 1024 80 ) (-264 1024 80 ) (-264 1024 64 ) (-168 1024 64 ) 
4 733 784 (0 1024 64 ) (0 1024 80 ) (-168 1024 80 ) (-168 1024 64 ) 
3 733 736 (-568.839539 1448.010132 64 ) (0 1448.010132 64 ) (0 1239.788940 64 ) 
5 733 734 (0 1024 64 ) (-696 1024 64 ) (-696 1448.010132 64 ) (-568.839539 1448.010132 64 ) (0 1239.788940 64 ) 
4 734 789 (0 1024 -120 ) (0 1024 64 ) (-792 1024 64 ) (-792 1024 -120 ) 
4 734 746 (-792 1371.010132 -120 ) (-792 1024 -120 ) (-792 1024 64 ) (-792 1371.010132 64 ) 
4 734 742 (-792 1529.697021 -120 ) (-792 1371.010132 -120 ) (-792 1371.010132 64 ) (-792 1529.697021 64 ) 
4 734 738 (-767.077698 1520.572632 -120 ) (-771.002197 1522.009155 -120 ) (-771.002136 1522.009155 64 ) (-767.075073 1520.571655 64 ) 
4 734 737 (-776.135254 1523.888062 -120 ) (-790.185913 1529.031250 -120 ) (-790.185913 1529.031250 64 ) (-776.135254 1523.888062 64 ) 
4 734 736 (0 1239.787109 -120 ) (-767.077698 1520.572632 -120 ) (-767.075073 1520.571655 64 ) (0 1239.787231 64 ) 
4 734 735 (-790.185913 1529.031250 -120 ) (-792 1529.695313 -120 ) (-792 1529.695313 64 ) (-790.185913 1529.031250 64 ) 
4 735 742 (-792 1575.010132 -120 ) (-792 1529.697021 -120 ) (-792 1529.697021 64 ) (-792 1575.010132 64 ) 
4 735 740 (-770.998962 1536.009521 -120 ) (-759.985168 1540.015625 -120 ) (-759.981750 1540.016846 64 ) (-770.998901 1536.009521 64 ) 
4 735 739 (-779.431519 1532.942261 -120 ) (-776.141418 1534.139038 -120 ) (-776.141418 1534.139038 64 ) (-779.431519 1532.942261 64 ) 
4 735 737 (-790.183594 1529.031250 64 ) (-790.183594 1529.031250 -120 ) (-779.431519 1532.942261 -120 ) (-779.431519 1532.942261 64 ) 
4 735 736 (-759.985168 1540.015625 -120 ) (-663.778442 1575.010132 -120 ) (-663.777344 1575.010132 64 ) (-759.981750 1540.016846 64 ) 
4 736 741 (-762.557007 1532.962769 -120 ) (-764 1529.008545 -120 ) (-763.998047 1529.004517 64 ) (-762.554382 1532.961914 64 ) 
4 736 740 (-759.980286 1540.018066 64 ) (-759.983704 1540.016846 -120 ) (-762.557007 1532.962769 -120 ) (-762.554382 1532.961914 64 ) 
4 736 738 (-765.873718 1523.870850 -120 ) (-767.076172 1520.574585 -120 ) (-767.073547 1520.573608 64 ) (-765.870361 1523.871948 64 ) 
4 737 739 (-778 1529.009888 -120 ) (-779.431702 1532.942139 -120 ) (-779.431702 1532.942139 64 ) (-778 1529.009888 64 ) 
4 740 741 (-765.875183 1534.160522 -120 ) (-762.557983 1532.963257 -120 ) (-762.555359 1532.962280 64 ) (-765.875183 1534.160522 64 ) 
4 742 746 (-817 1371.010132 -120 ) (-792 1371.010132 -120 ) (-792 1371.010132 80 ) (-817 1371.010132 80 ) 
4 742 743 (-817 1371.010132 76.750000 ) (-817 1371.010132 80 ) (-817 1575.010132 80 ) (-817 1575.010132 76.750000 ) 
4 742 744 (-817 1575.010132 -120 ) (-817 1371.010132 -120 ) (-817 1371.010132 71.750046 ) (-817 1575.010132 71.750046 ) 
4 743 747 (-817 1371.010132 77 ) (-817 1371.010132 80 ) (-883 1371.010132 80 ) (-883 1371.010132 77 ) 
4 743 745 (-883 1371.010132 76.750000 ) (-883 1371.010132 80 ) (-883 1575.010132 80 ) (-883 1575.010132 76.750000 ) 
4 744 748 (-883 1371.010132 -120 ) (-817 1371.010132 -120 ) (-817 1371.010132 48 ) (-883 1371.010132 48 ) 
4 744 745 (-883 1575.010132 -120 ) (-883 1371.010132 -120 ) (-883 1371.010132 71.750046 ) (-883 1575.010132 71.750046 ) 
4 745 757 (-1024 1371.010132 80 ) (-1024 1575.010132 80 ) (-1024 1575.010132 -120 ) (-1024 1371.010132 -120 ) 
4 745 750 (-1024 1371.010132 -120 ) (-883 1371.010132 -120 ) (-883 1371.010132 80 ) (-1024 1371.010132 80 ) 
4 746 789 (-817 1024 64 ) (-817 1024 -120 ) (-792 1024 -120 ) (-792 1024 64 ) 
4 746 788 (-792 1024 80 ) (-817 1024 80 ) (-817 1024 64 ) (-792 1024 64 ) 
4 746 747 (-817 1371.010132 80 ) (-817 1371.010132 77 ) (-817 1364.010010 77 ) (-817 1364.010010 80 ) 
4 746 748 (-817 1371.010132 48 ) (-817 1371.010132 -120 ) (-817 1364.010010 -120 ) (-817 1364.010010 48 ) 
4 746 749 (-817 1364.010010 -120 ) (-817 1024 -120 ) (-817 1024 80 ) (-817 1364.010010 80 ) 
4 747 750 (-883 1371.010132 80 ) (-883 1371.010132 77 ) (-883 1364.010010 77 ) (-883 1364.010010 80 ) 
4 747 749 (-883 1364.010010 80 ) (-883 1364.010010 77 ) (-817 1364.010010 77 ) (-817 1364.010010 80 ) 
4 748 749 (-883 1364.010010 48 ) (-883 1364.010010 -120 ) (-817 1364.010010 -120 ) (-817 1364.010010 48 ) 
4 748 750 (-883 1371.010132 48 ) (-883 1371.010132 -120 ) (-883 1364.010010 -120 ) (-883 1364.010010 48 ) 
4 749 789 (-883 1024 64 ) (-883 1024 -120 ) (-817 1024 -120 ) (-817 1024 64 ) 
4 749 788 (-817 1024 80 ) (-883 1024 80 ) (-883 1024 64 ) (-817 1024 64 ) 
4 749 750 (-883 1364.010010 -120 ) (-883 1024 -120 ) (-883 1024 80 ) (-883 1364.010010 80 ) 
4 750 789 (-1024 1024 64 ) (-1024 1024 -120 ) (-883 1024 -120 ) (-883 1024 64 ) 
4 750 788 (-883 1024 80 ) (-1024 1024 80 ) (-1024 1024 64 ) (-883 1024 64 ) 
4 750 757 (-1024 1024 -120 ) (-1024 1024 80 ) (-1024 1371.010132 80 ) (-1024 1371.010132 -120 ) 
4 751 790 (0 1024 -248 ) (0 1024 -166 ) (-1024 1024 -166 ) (-1024 1024 -248 ) 
4 751 758 (-1024 1024 -248 ) (-1024 1024 -166 ) (-1024 1575.010132 -166 ) (-1024 1575.010132 -248 ) 
4 752 757 (-1024 2048 -120 ) (-1024 2048 696 ) (-2048 2048 696 ) (-2048 2048 -120 ) 
4 752 755 (-2048 3072 696 ) (-2048 3072 -120 ) (-2048 2048 -120 ) (-2048 2048 696 ) 
4 753 758 (-1024 2048 -248 ) (-1024 2048 -166 ) (-2048 2048 -166 ) (-2048 2048 -248 ) 
4 753 756 (-2048 3072 -166 ) (-2048 3072 -248 ) (-2048 2048 -248 ) (-2048 2048 -166 ) 
4 755 773 (-3072 2048 -120 ) (-3072 2048 696 ) (-3072 3072 696 ) (-3072 3072 -120 ) 
4 755 759 (-3072 2048 696 ) (-3072 2048 -120 ) (-2048 2048 -120 ) (-2048 2048 696 ) 
4 756 774 (-3072 2048 -248 ) (-3072 2048 -166 ) (-3072 3072 -166 ) (-3072 3072 -248 ) 
4 756 760 (-3072 2048 -166 ) (-3072 2048 -248 ) (-2048 2048 -248 ) (-2048 2048 -166 ) 
4 757 861 (-1024 1024 -120 ) (-1024 1024 696 ) (-2048 1024 696 ) (-2048 1024 -120 ) 
4 757 759 (-2048 2048 696 ) (-2048 2048 -120 ) (-2048 1024 -120 ) (-2048 1024 696 ) 
4 758 862 (-1024 1024 -248 ) (-1024 1024 -166 ) (-2048 1024 -166 ) (-2048 1024 -248 ) 
4 758 760 (-2048 2048 -166 ) (-2048 2048 -248 ) (-2048 1024 -248 ) (-2048 1024 -166 ) 
4 759 863 (-2048 1024 -120 ) (-2048 1024 696 ) (-3072 1024 696 ) (-3072 1024 -120 ) 
4 759 775 (-3072 1024 -120 ) (-3072 1024 696 ) (-3072 2048 696 ) (-3072 2048 -120 ) 
4 760 864 (-2048 1024 -248 ) (-2048 1024 -166 ) (-3072 1024 -166 ) (-3072 1024 -248 ) 
4 760 776 (-3072 1024 -248 ) (-3072 1024 -166 ) (-3072 2048 -166 ) (-3072 2048 -248 ) 
4 761 764 (-4096 4736 696 ) (-4096 4856 696 ) (-4096 4856 -248 ) (-4096 4736 -248 ) 
4 761 762 (-3072 4736 -120 ) (-3072 4736 696 ) (-4096 4736 696 ) (-4096 4736 -120 ) 
4 761 763 (-4096 4736 -248 ) (-3072 4736 -248 ) (-3072 4736 -166 ) (-4096 4736 -166 ) 
4 762 768 (-3072 4096 -120 ) (-3072 4096 696 ) (-4096 4096 696 ) (-4096 4096 -120 ) 
4 762 765 (-4096 4096 -120 ) (-4096 4096 696 ) (-4096 4736 696 ) (-4096 4736 -120 ) 
4 763 769 (-3072 4096 -248 ) (-3072 4096 -166 ) (-4096 4096 -166 ) (-4096 4096 -248 ) 
4 763 766 (-4096 4096 -248 ) (-4096 4096 -166 ) (-4096 4736 -166 ) (-4096 4736 -248 ) 
4 764 765 (-4352 4736 696 ) (-4352 4736 -120 ) (-4096 4736 -120 ) (-4096 4736 696 ) 
4 764 766 (-4352 4736 -166 ) (-4352 4736 -248 ) (-4096 4736 -248 ) (-4096 4736 -166 ) 
4 764 767 (-4352 4856 696 ) (-4352 4856 -248 ) (-4352 4736 -248 ) (-4352 4736 696 ) 
4 765 770 (-4096 4096 -120 ) (-4096 4096 696 ) (-4352 4096 696 ) (-4352 4096 -120 ) 
4 765 767 (-4352 4096 -120 ) (-4352 4096 696 ) (-4352 4736 696 ) (-4352 4736 -120 ) 
4 766 771 (-4096 4096 -248 ) (-4096 4096 -166 ) (-4352 4096 -166 ) (-4352 4096 -248 ) 
4 766 767 (-4352 4736 -248 ) (-4352 4096 -248 ) (-4352 4096 -166 ) (-4352 4736 -166 ) 
4 767 772 (-4352 4096 696 ) (-4472 4096 696 ) (-4472 4096 -248 ) (-4352 4096 -248 ) 
4 768 773 (-3072 3072 -120 ) (-3072 3072 696 ) (-4096 3072 696 ) (-4096 3072 -120 ) 
4 768 770 (-4096 3072 -120 ) (-4096 3072 696 ) (-4096 4096 696 ) (-4096 4096 -120 ) 
4 769 774 (-3072 3072 -248 ) (-3072 3072 -166 ) (-4096 3072 -166 ) (-4096 3072 -248 ) 
4 769 771 (-4096 3072 -248 ) (-4096 3072 -166 ) (-4096 4096 -166 ) (-4096 4096 -248 ) 
4 770 777 (-4096 3072 -120 ) (-4096 3072 696 ) (-4352 3072 696 ) (-4352 3072 -120 ) 
4 770 772 (-4352 3072 -120 ) (-4352 3072 696 ) (-4352 4096 696 ) (-4352 4096 -120 ) 
4 771 778 (-4096 3072 -248 ) (-4096 3072 -166 ) (-4352 3072 -166 ) (-4352 3072 -248 ) 
4 771 772 (-4352 4096 -248 ) (-4352 3072 -248 ) (-4352 3072 -166 ) (-4352 4096 -166 ) 
4 772 779 (-4352 3072 696 ) (-4472 3072 696 ) (-4472 3072 -248 ) (-4352 3072 -248 ) 
4 773 777 (-4096 3072 696 ) (-4096 3072 -120 ) (-4096 2048 -120 ) (-4096 2048 696 ) 
4 773 775 (-3072 2048 -120 ) (-3072 2048 696 ) (-4096 2048 696 ) (-4096 2048 -120 ) 
4 774 778 (-4096 3072 -166 ) (-4096 3072 -248 ) (-4096 2048 -248 ) (-4096 2048 -166 ) 
4 774 776 (-3072 2048 -248 ) (-3072 2048 -166 ) (-4096 2048 -166 ) (-4096 2048 -248 ) 
4 775 920 (-3072 1024 -120 ) (-3072 1024 696 ) (-4096 1024 696 ) (-4096 1024 -120 ) 
4 775 780 (-4096 1024 -120 ) (-4096 1024 696 ) (-4096 2048 696 ) (-4096 2048 -120 ) 
4 776 921 (-3072 1024 -248 ) (-3072 1024 -166 ) (-4096 1024 -166 ) (-4096 1024 -248 ) 
4 776 781 (-4096 1024 -248 ) (-4096 1024 -166 ) (-4096 2048 -166 ) (-4096 2048 -248 ) 
4 777 780 (-4096 2048 -120 ) (-4096 2048 696 ) (-4352 2048 696 ) (-4352 2048 -120 ) 
4 777 779 (-4352 2048 -120 ) (-4352 2048 696 ) (-4352 3072 696 ) (-4352 3072 -120 ) 
4 778 781 (-4096 2048 -248 ) (-4096 2048 -166 ) (-4352 2048 -166 ) (-4352 2048 -248 ) 
4 778 779 (-4352 3072 -248 ) (-4352 2048 -248 ) (-4352 2048 -166 ) (-4352 3072 -166 ) 
4 779 782 (-4352 2048 696 ) (-4472 2048 696 ) (-4472 2048 -248 ) (-4352 2048 -248 ) 
4 780 924 (-4096 1024 -120 ) (-4096 1024 696 ) (-4352 1024 696 ) (-4352 1024 -120 ) 
4 780 782 (-4352 1024 -120 ) (-4352 1024 696 ) (-4352 2048 696 ) (-4352 2048 -120 ) 
4 781 925 (-4096 1024 -248 ) (-4096 1024 -166 ) (-4352 1024 -166 ) (-4352 1024 -248 ) 
4 781 782 (-4352 2048 -248 ) (-4352 1024 -248 ) (-4352 1024 -166 ) (-4352 2048 -166 ) 
4 782 926 (-4352 1024 696 ) (-4472 1024 696 ) (-4472 1024 -248 ) (-4352 1024 -248 ) 
4 783 861 (-1024 1024 696 ) (-1024 1024 80 ) (-1024 0 80 ) (-1024 0 696 ) 
4 783 791 (0 0 80 ) (0 0 696 ) (-1024 0 696 ) (-1024 0 80 ) 
4 783 787 (-264 0 80 ) (-696 0 80 ) (-696 1024 80 ) (-264 1024 80 ) 
4 783 788 (-792 0 80 ) (-1024 0 80 ) (-1024 1024 80 ) (-792 1024 80 ) 
4 783 786 (-264 816.012085 80 ) (-264 1024 80 ) (-168 1024 80 ) (-168 816.012085 80 ) 
4 783 784 (-168 816.012085 80 ) (-168 1024 80 ) (0 1024 80 ) (0 816.012085 80 ) 
4 783 785 (0 0 80 ) (-168 0 80 ) (-168 720.012085 80 ) (0 720.012085 80 ) 
4 784 789 (-168 1024 64 ) (0 1024 64 ) (0 816.012085 64 ) (-168 816.012085 64 ) 
4 784 786 (-168 1024 64 ) (-168 816.012085 64 ) (-168 816.012085 80 ) (-168 1024 80 ) 
4 785 792 (0 0 64 ) (0 0 80 ) (-168 0 80 ) (-168 0 64 ) 
4 785 789 (0 720.012085 64 ) (0 0 64 ) (-168 0 64 ) (-168 720.012085 64 ) 
4 786 789 (-264 1024 64 ) (-168 1024 64 ) (-168 816.012085 64 ) (-264 816.012085 64 ) 
4 786 787 (-264 1024 64 ) (-264 816.012085 64 ) (-264 816.012085 80 ) (-264 1024 80 ) 
4 787 793 (-264 0 80 ) (-696 0 80 ) (-696 0 64 ) (-264 0 64 ) 
4 787 789 (-696 1024 64 ) (-264 1024 64 ) (-264 0 64 ) (-696 0 64 ) 
4 788 861 (-1024 1024 80 ) (-1024 1024 64 ) (-1024 0 64 ) (-1024 0 80 ) 
4 788 796 (-792 0 80 ) (-1024 0 80 ) (-1024 0 64 ) (-792 0 64 ) 
4 788 789 (-1024 0 64 ) (-1024 1024 64 ) (-792 1024 64 ) (-792 0 64 ) 
4 789 861 (-1024 1024 64 ) (-1024 1024 -120 ) (-1024 0 -120 ) (-1024 0 64 ) 
4 789 821 (0 0 -120 ) (0 0 -52 ) (-1024 0 -52 ) (-1024 0 -120 ) 
4 789 799 (0 0 2 ) (0 0 64 ) (-620.262878 0 64 ) (-620.262817 0 2 ) 
4 789 798 (-620.262878 0 64 ) (-1024 0 64 ) (-1024 0 2 ) (-620.262817 0 2 ) 
4 789 806 (0 0 -52 ) (0 0 2 ) (-1024 0 2 ) (-1024 0 -52 ) 
4 790 862 (-1024 1024 -166 ) (-1024 1024 -248 ) (-1024 0 -248 ) (-1024 0 -166 ) 
4 790 822 (0 0 -248 ) (0 0 -166 ) (-1024 0 -166 ) (-1024 0 -248 ) 
4 791 865 (-1024 -735.987976 80 ) (-1024 -735.987976 696 ) (-1024 0 696 ) (-1024 0 80 ) 
4 791 846 (-432 -735.987976 80 ) (-410.173492 -735.987976 80 ) (-410.173492 -735.987976 96 ) (-432 -735.987976 96 ) 
4 791 844 (-410.173492 -735.987976 80 ) (-343.997040 -735.987976 80 ) (-343.997040 -735.987976 96 ) (-410.173492 -735.987976 96 ) 
4 791 842 (-343.997040 -735.987976 80 ) (-112 -735.987976 80 ) (-112 -735.987976 96 ) (-343.997040 -735.987976 96 ) 
4 791 838 (-448 -735.987976 80 ) (-432 -735.987976 80 ) (-432 -735.987976 96 ) (-448 -735.987976 96 ) 
4 791 837 (-112 -735.987976 96 ) (-112 -735.987976 240 ) (-448 -735.987976 240 ) (-448 -735.987976 96 ) 
4 791 834 (-112 -735.987976 80 ) (-104 -735.987976 80 ) (-104 -735.987976 240 ) (-112 -735.987976 240 ) 
4 791 833 (-104 -735.987976 240 ) (-104 -735.987976 696 ) (-448 -735.987976 696 ) (-448 -735.987976 240 ) 
4 791 859 (-1024 -735.987976 696 ) (-1024 -735.987976 80 ) (-448 -735.987976 80 ) (-448 -735.987976 696 ) 
4 791 827 (-56 -735.987976 80 ) (0 -735.987976 80 ) (0 -735.987976 168 ) (-56 -735.987976 168 ) 
4 791 831 (-104 -735.987976 80 ) (-56 -735.987976 80 ) (-56 -735.987976 168 ) (-104 -735.987976 168 ) 
4 791 823 (0 -735.987976 168 ) (0 -735.987976 696 ) (-104 -735.987976 696 ) (-104 -735.987976 168 ) 
4 791 797 (-56 -735.987976 80 ) (-1024 -735.987976 80 ) (-1024 -447.988007 80 ) (-56 -447.988007 80 ) 
4 791 796 (-1024 -447.988007 80 ) (-1024 0 80 ) (-792 0 80 ) (-792 -447.988007 80 ) 
4 791 794 (0 -127.987999 80 ) (0 -351.988007 80 ) (-264 -351.988007 80 ) (-264 -127.987999 80 ) 
4 791 795 (-264 -351.988007 80 ) (-696 -351.988007 80 ) (-696 -31.988302 80 ) (-264 -31.988302 80 ) 
4 791 792 (-168 0 80 ) (0 0 80 ) (0 -31.988302 80 ) (-168 -31.988302 80 ) 
4 791 793 (-696 0 80 ) (-264 0 80 ) (-264 -31.988302 80 ) (-696 -31.988302 80 ) 
4 792 799 (-168 0 64 ) (0 0 64 ) (0 -31.988302 64 ) (-168 -31.988302 64 ) 
4 793 799 (-620.262878 0 64 ) (-264 0 64 ) (-264 -31.988302 64 ) (-631.875732 -31.988302 64 ) 
4 793 798 (-696 0 64 ) (-620.262878 0 64 ) (-631.875732 -31.988302 64 ) (-696 -31.988302 64 ) 
4 793 795 (-696 -31.988302 80 ) (-696 -31.988302 64 ) (-264 -31.988302 64 ) (-264 -31.988302 80 ) 
4 794 799 (0 -127.987999 64 ) (0 -351.988007 64 ) (-264 -351.988007 64 ) (-264 -127.987999 64 ) 
4 794 795 (-264 -127.987999 64 ) (-264 -351.988007 64 ) (-264 -351.988007 80 ) (-264 -127.987999 80 ) 
5 795 799 (-264 -351.988007 64 ) (-696 -351.988007 64 ) (-696 -208.622894 64 ) (-631.875671 -31.988302 64 ) (-264 -31.988302 64 ) 
3 795 798 (-696 -208.622894 64 ) (-696 -31.988302 64 ) (-631.875671 -31.988302 64 ) 
4 796 865 (-1024 -447.988007 80 ) (-1024 0 80 ) (-1024 0 64 ) (-1024 -447.988007 64 ) 
4 796 798 (-1024 -447.988007 64 ) (-1024 0 64 ) (-792 0 64 ) (-792 -447.988007 64 ) 
4 796 797 (-1024 -447.988007 64 ) (-792 -447.988007 64 ) (-792 -447.988007 80 ) (-1024 -447.988007 80 ) 
4 797 865 (-1024 -735.987976 64 ) (-1024 -735.987976 80 ) (-1024 -447.988007 80 ) (-1024 -447.988007 64 ) 
4 797 846 (-432 -735.987976 64 ) (-410.173492 -735.987976 64 ) (-410.173492 -735.987976 80 ) (-432 -735.987976 80 ) 
4 797 844 (-410.173492 -735.987976 64 ) (-343.997040 -735.987976 64 ) (-343.997040 -735.987976 80 ) (-410.173492 -735.987976 80 ) 
4 797 842 (-343.997040 -735.987976 64 ) (-112 -735.987976 64 ) (-112 -735.987976 80 ) (-343.997040 -735.987976 80 ) 
4 797 838 (-448 -735.987976 64 ) (-432 -735.987976 64 ) (-432 -735.987976 80 ) (-448 -735.987976 80 ) 
4 797 834 (-112 -735.987976 64 ) (-104 -735.987976 64 ) (-104 -735.987976 80 ) (-112 -735.987976 80 ) 
4 797 859 (-1024 -735.987976 80 ) (-1024 -735.987976 64 ) (-448 -735.987976 64 ) (-448 -735.987976 80 ) 
4 797 831 (-104 -735.987976 64 ) (-56 -735.987976 64 ) (-56 -735.987976 80 ) (-104 -735.987976 80 ) 
4 797 808 (-684 -735.987976 64 ) (-796 -735.987976 64 ) (-796 -543.987976 64 ) (-684 -543.987976 64 ) 
4 797 807 (-56 -735.987976 64 ) (-684 -735.987976 64 ) (-684 -463.988007 64 ) (-56 -463.988007 64 ) 
4 797 809 (-796 -735.987976 64 ) (-1024 -735.987976 64 ) (-1024 -463.988007 64 ) (-796 -463.988007 64 ) 
4 797 802 (-782.897644 -447.988007 64 ) (-755.093567 -447.988007 64 ) (-749.277771 -463.988007 64 ) (-788.706177 -463.988007 64 ) 
4 797 799 (-755.093567 -447.988007 64 ) (-56 -447.988007 64 ) (-56 -463.988007 64 ) (-749.277771 -463.988007 64 ) 
4 797 798 (-1024 -463.988007 64 ) (-1024 -447.988007 64 ) (-782.897644 -447.988007 64 ) (-788.706177 -463.988007 64 ) 
4 798 865 (-1024 -463.988007 64 ) (-1024 0 64 ) (-1024 0 2 ) (-1024 -463.988007 2 ) 
4 798 820 (-1024 -463.988007 56 ) (-1024 -463.988007 2 ) (-788.706116 -463.988007 2 ) (-788.706116 -463.988007 56 ) 
4 798 809 (-796 -463.988007 64 ) (-1024 -463.988007 64 ) (-1024 -463.988007 56 ) (-796 -463.988007 56 ) 
4 798 804 (-780.004395 -440.015961 2 ) (-776 -428.986694 2 ) (-776 -428.988068 64 ) (-780.004883 -440.017365 64 ) 
4 798 802 (-788.707031 -463.988007 64 ) (-788.707031 -463.988007 2 ) (-780.004395 -440.015961 2 ) (-780.004883 -440.017365 64 ) 
4 798 801 (-774.138306 -423.857483 2 ) (-772.941101 -420.559692 2 ) (-772.941101 -420.559692 64 ) (-774.139099 -423.859589 64 ) 
4 798 800 (-772.941101 -420.559692 2 ) (-769.004822 -409.716980 2 ) (-769.004822 -409.716980 64 ) (-772.941101 -420.559692 64 ) 
4 798 799 (-769.004822 -409.716980 2 ) (-620.263672 0 2 ) (-620.263550 0 64 ) (-769.004822 -409.716980 64 ) 
4 798 806 (-788.706116 -463.988007 2 ) (-1024 -463.988007 2 ) (-1024 0 2 ) (-620.262817 0 2 ) 
4 799 815 (-720 -463.988007 56 ) (-749.277832 -463.988007 56 ) (-749.277771 -463.988007 2 ) (-720 -463.988007 2 ) 
4 799 811 (-712 -463.988007 56 ) (-720 -463.988007 56 ) (-720 -463.988007 2 ) (-712 -463.988007 2 ) 
4 799 810 (0 -463.988007 2 ) (0 -463.988007 56 ) (-712 -463.988007 56 ) (-712 -463.988007 2 ) 
4 799 807 (0 -463.988007 56 ) (0 -463.988007 64 ) (-684 -463.988007 64 ) (-684 -463.988007 56 ) 
4 799 803 (-762 -428.985657 2 ) (-760.570923 -432.914917 2 ) (-760.570557 -432.915955 64 ) (-762 -428.985718 64 ) 
4 799 802 (-760.570923 -432.914917 2 ) (-749.276123 -463.988007 2 ) (-749.276123 -463.988007 64 ) (-760.570557 -432.915955 64 ) 
4 799 800 (-769.003906 -409.714844 64 ) (-769.003906 -409.714844 2 ) (-763.866455 -423.848541 2 ) (-763.866455 -423.848541 64 ) 
5 799 806 (0 -463.988007 2 ) (-749.277832 -463.988007 2 ) (-769.004333 -409.718231 2 ) (-620.262817 0 2 ) (0 0 2 ) 
4 800 801 (-772.940735 -420.559937 64 ) (-772.940735 -420.559937 2 ) (-769 -421.988068 2 ) (-768.997620 -421.988983 64 ) 
3 800 806 (-772.940247 -420.559967 2 ) (-769.004333 -409.718231 2 ) (-763.868347 -423.847870 2 ) 
3 801 806 (-774.137207 -423.857086 2 ) (-772.940247 -420.559967 2 ) (-769 -421.988037 2 ) 
4 802 816 (-776 -463.988007 2 ) (-768 -463.988007 2 ) (-768 -463.988007 56 ) (-776 -463.988007 56 ) 
4 802 815 (-768 -463.988007 2 ) (-749.277771 -463.988007 2 ) (-749.277832 -463.988007 56 ) (-768 -463.988007 56 ) 
4 802 820 (-788.706116 -463.988007 56 ) (-788.706116 -463.988007 2 ) (-776 -463.988007 2 ) (-776 -463.988007 56 ) 
4 802 805 (-768.980896 -435.987274 2 ) (-772.928101 -437.429657 2 ) (-772.928589 -437.431061 64 ) (-768.979675 -435.988068 64 ) 
4 802 804 (-772.928101 -437.429657 2 ) (-780.002930 -440.014923 2 ) (-780.003418 -440.016296 64 ) (-772.928589 -437.431061 64 ) 
4 802 803 (-760.572449 -432.915894 64 ) (-760.572815 -432.914825 2 ) (-763.870972 -434.120026 2 ) (-763.871399 -434.121399 64 ) 
4 802 806 (-749.277832 -463.988007 2 ) (-788.706116 -463.988007 2 ) (-780.003296 -440.015564 2 ) (-760.572388 -432.915436 2 ) 
3 803 806 (-762 -428.987885 2 ) (-760.572388 -432.915436 2 ) (-763.871216 -434.120850 2 ) 
4 804 805 (-772.927063 -437.433472 64 ) (-772.926636 -437.432129 2 ) (-774.133606 -434.115112 2 ) (-774.134583 -434.115112 64 ) 
3 804 806 (-780.003296 -440.015564 2 ) (-776 -428.988037 2 ) (-772.927917 -437.430206 2 ) 
3 805 806 (-768.979980 -435.987610 2 ) (-772.927917 -437.430206 2 ) (-774.134338 -434.114807 2 ) 
4 806 865 (-1024 0 2 ) (-1024 0 -52 ) (-1024 -463.988007 -52 ) (-1024 -463.988007 2 ) 
4 806 821 (-1024 -463.988007 -52 ) (-1024 0 -52 ) (0 0 -52 ) (0 -463.988007 -52 ) 
4 806 816 (-776 -463.988007 -52 ) (-768 -463.988007 -52 ) (-768 -463.988007 2 ) (-776 -463.988007 2 ) 
4 806 815 (-768 -463.988007 -52 ) (-720 -463.988007 -52 ) (-720 -463.988007 2 ) (-768 -463.988007 2 ) 
4 806 820 (-1024 -463.988007 -52 ) (-776 -463.988007 -52 ) (-776 -463.988007 2 ) (-1024 -463.988007 2 ) 
4 806 811 (-720 -463.988007 -52 ) (-712 -463.988007 -52 ) (-712 -463.988007 2 ) (-720 -463.988007 2 ) 
4 806 810 (-712 -463.988007 -52 ) (0 -463.988007 -52 ) (0 -463.988007 2 ) (-712 -463.988007 2 ) 
4 807 847 (-432 -735.987976 56 ) (-410.173492 -735.987976 56 ) (-410.173492 -735.987976 58 ) (-432 -735.987976 58 ) 
4 807 845 (-410.173492 -735.987976 56 ) (-343.997040 -735.987976 56 ) (-343.997040 -735.987976 58 ) (-410.173492 -735.987976 58 ) 
4 807 843 (-343.997040 -735.987976 56 ) (-112 -735.987976 56 ) (-112 -735.987976 58 ) (-343.997040 -735.987976 58 ) 
4 807 839 (-448 -735.987976 56 ) (-432 -735.987976 56 ) (-432 -735.987976 58 ) (-448 -735.987976 58 ) 
4 807 835 (-112 -735.987976 56 ) (-104 -735.987976 56 ) (-104 -735.987976 58 ) (-112 -735.987976 58 ) 
4 807 859 (-684 -735.987976 56 ) (-448 -735.987976 56 ) (-448 -735.987976 64 ) (-684 -735.987976 64 ) 
4 807 832 (-104 -735.987976 56 ) (0 -735.987976 56 ) (0 -735.987976 58 ) (-104 -735.987976 58 ) 
4 807 810 (0 -735.987976 56 ) (-684 -735.987976 56 ) (-684 -463.988007 56 ) (0 -463.988007 56 ) 
4 807 808 (-684 -543.987976 56 ) (-684 -735.987976 56 ) (-684 -735.987976 64 ) (-684 -543.987976 64 ) 
4 808 859 (-796 -735.987976 56 ) (-684 -735.987976 56 ) (-684 -735.987976 64 ) (-796 -735.987976 64 ) 
4 808 818 (-768 -735.987976 56 ) (-776 -735.987976 56 ) (-776 -543.987976 56 ) (-768 -543.987976 56 ) 
4 808 815 (-720 -735.987976 56 ) (-768 -735.987976 56 ) (-768 -543.987976 56 ) (-720 -543.987976 56 ) 
4 808 820 (-776 -735.987976 56 ) (-796 -735.987976 56 ) (-796 -543.987976 56 ) (-776 -543.987976 56 ) 
4 808 814 (-712 -735.987976 56 ) (-720 -735.987976 56 ) (-720 -543.987976 56 ) (-712 -543.987976 56 ) 
4 808 810 (-684 -735.987976 56 ) (-712 -735.987976 56 ) (-712 -543.987976 56 ) (-684 -543.987976 56 ) 
4 808 809 (-796 -543.987976 56 ) (-796 -735.987976 56 ) (-796 -735.987976 64 ) (-796 -543.987976 64 ) 
4 809 865 (-1024 -735.987976 56 ) (-1024 -735.987976 64 ) (-1024 -463.988007 64 ) (-1024 -463.988007 56 ) 
4 809 859 (-1024 -735.987976 64 ) (-1024 -735.987976 56 ) (-796 -735.987976 56 ) (-796 -735.987976 64 ) 
4 809 820 (-796 -735.987976 56 ) (-1024 -735.987976 56 ) (-1024 -463.988007 56 ) (-796 -463.988007 56 ) 
4 810 847 (-432 -735.987976 -52 ) (-410.173492 -735.987976 -52 ) (-410.173492 -735.987976 56 ) (-432 -735.987976 56 ) 
4 810 845 (-410.173492 -735.987976 -52 ) (-343.997040 -735.987976 -52 ) (-343.997040 -735.987976 56 ) (-410.173492 -735.987976 56 ) 
4 810 843 (-343.997040 -735.987976 -52 ) (-112 -735.987976 -52 ) (-112 -735.987976 56 ) (-343.997040 -735.987976 56 ) 
4 810 839 (-448 -735.987976 -52 ) (-432 -735.987976 -52 ) (-432 -735.987976 56 ) (-448 -735.987976 56 ) 
4 810 835 (-104 -735.987976 0 ) (-104 -735.987976 56 ) (-112 -735.987976 56 ) (-112 -735.987976 0 ) 
4 810 836 (-112 -735.987976 -52 ) (-104 -735.987976 -52 ) (-104 -735.987976 0 ) (-112 -735.987976 0 ) 
4 810 859 (-712 -735.987976 -52 ) (-448 -735.987976 -52 ) (-448 -735.987976 56 ) (-712 -735.987976 56 ) 
4 810 832 (-104 -735.987976 -52 ) (0 -735.987976 -52 ) (0 -735.987976 56 ) (-104 -735.987976 56 ) 
4 810 821 (0 -735.987976 -52 ) (-712 -735.987976 -52 ) (-712 -463.988007 -52 ) (0 -463.988007 -52 ) 
4 810 814 (-712 -735.987976 56 ) (-712 -531.987976 56 ) (-712 -483.988007 -52 ) (-712 -735.987976 -52 ) 
3 810 813 (-712 -523.987976 56 ) (-712 -479.988007 56 ) (-712 -479.988007 -43 ) 
4 810 812 (-712 -471.988007 -48 ) (-712 -471.988007 -52 ) (-712 -475.987976 -52 ) (-712 -477.765778 -48 ) 
4 810 811 (-712 -471.988007 56 ) (-712 -463.988007 56 ) (-712 -463.988007 -52 ) (-712 -471.988007 -52 ) 
4 811 821 (-720 -471.988007 -52 ) (-720 -463.988007 -52 ) (-712 -463.988007 -52 ) (-712 -471.988007 -52 ) 
4 811 815 (-720 -471.988007 56 ) (-720 -463.988007 56 ) (-720 -463.988007 -52 ) (-720 -471.988007 -52 ) 
4 811 812 (-720 -471.988007 -48 ) (-720 -471.988007 -52 ) (-712 -471.988007 -52 ) (-712 -471.988007 -48 ) 
4 812 821 (-720 -475.987976 -52 ) (-720 -471.988007 -52 ) (-712 -471.988007 -52 ) (-712 -475.987976 -52 ) 
4 812 815 (-720 -471.988007 -48 ) (-720 -471.988007 -52 ) (-720 -475.987976 -52 ) (-720 -477.765778 -48 ) 
3 813 815 (-720 -523.987976 56 ) (-720 -479.988007 56 ) (-720 -479.988007 -43 ) 
4 814 859 (-720 -735.987976 -52 ) (-712 -735.987976 -52 ) (-712 -735.987976 56 ) (-720 -735.987976 56 ) 
4 814 821 (-712 -735.987976 -52 ) (-720 -735.987976 -52 ) (-720 -483.988007 -52 ) (-712 -483.988007 -52 ) 
4 814 815 (-720 -735.987976 56 ) (-720 -531.987976 56 ) (-720 -483.988007 -52 ) (-720 -735.987976 -52 ) 
4 815 859 (-768 -735.987976 -52 ) (-720 -735.987976 -52 ) (-720 -735.987976 56 ) (-768 -735.987976 56 ) 
4 815 821 (-720 -735.987976 -52 ) (-768 -735.987976 -52 ) (-768 -463.988007 -52 ) (-720 -463.988007 -52 ) 
3 815 819 (-768 -523.987976 56 ) (-768 -479.988007 56 ) (-768 -479.988007 -43 ) 
4 815 818 (-768 -735.987976 56 ) (-768 -531.987976 56 ) (-768 -483.988007 -52 ) (-768 -735.987976 -52 ) 
4 815 817 (-768 -471.988007 -48 ) (-768 -471.988007 -52 ) (-768 -475.987976 -52 ) (-768 -477.765778 -48 ) 
4 815 816 (-768 -471.988007 56 ) (-768 -463.988007 56 ) (-768 -463.988007 -52 ) (-768 -471.988007 -52 ) 
4 816 821 (-776 -471.988007 -52 ) (-776 -463.988007 -52 ) (-768 -463.988007 -52 ) (-768 -471.988007 -52 ) 
4 816 817 (-776 -471.988007 -48 ) (-776 -471.988007 -52 ) (-768 -471.988007 -52 ) (-768 -471.988007 -48 ) 
4 816 820 (-776 -471.988007 56 ) (-776 -463.988007 56 ) (-776 -463.988007 -52 ) (-776 -471.988007 -52 ) 
4 817 821 (-776 -475.987976 -52 ) (-776 -471.988007 -52 ) (-768 -471.988007 -52 ) (-768 -475.987976 -52 ) 
4 817 820 (-776 -471.988007 -48 ) (-776 -471.988007 -52 ) (-776 -475.987976 -52 ) (-776 -477.765778 -48 ) 
4 818 859 (-776 -735.987976 -52 ) (-768 -735.987976 -52 ) (-768 -735.987976 56 ) (-776 -735.987976 56 ) 
4 818 821 (-768 -735.987976 -52 ) (-776 -735.987976 -52 ) (-776 -483.988007 -52 ) (-768 -483.988007 -52 ) 
4 818 820 (-776 -735.987976 56 ) (-776 -531.987976 56 ) (-776 -483.988007 -52 ) (-776 -735.987976 -52 ) 
3 819 820 (-776 -523.987976 56 ) (-776 -479.988007 56 ) (-776 -479.988007 -43 ) 
4 820 865 (-1024 -735.987976 -52 ) (-1024 -735.987976 56 ) (-1024 -463.988007 56 ) (-1024 -463.988007 -52 ) 
4 820 859 (-1024 -735.987976 56 ) (-1024 -735.987976 -52 ) (-776 -735.987976 -52 ) (-776 -735.987976 56 ) 
4 820 821 (-776 -735.987976 -52 ) (-1024 -735.987976 -52 ) (-1024 -463.988007 -52 ) (-776 -463.988007 -52 ) 
4 821 865 (-1024 -735.987976 -120 ) (-1024 -735.987976 -52 ) (-1024 0 -52 ) (-1024 0 -120 ) 
4 821 847 (-432 -735.987976 -120 ) (-410.173492 -735.987976 -120 ) (-410.173492 -735.987976 -52 ) (-432 -735.987976 -52 ) 
4 821 845 (-410.173492 -735.987976 -120 ) (-343.997040 -735.987976 -120 ) (-343.997040 -735.987976 -52 ) (-410.173492 -735.987976 -52 ) 
4 821 843 (-343.997040 -735.987976 -120 ) (-112 -735.987976 -120 ) (-112 -735.987976 -52 ) (-343.997040 -735.987976 -52 ) 
4 821 839 (-448 -735.987976 -120 ) (-432 -735.987976 -120 ) (-432 -735.987976 -52 ) (-448 -735.987976 -52 ) 
4 821 836 (-112 -735.987976 -120 ) (-104 -735.987976 -120 ) (-104 -735.987976 -52 ) (-112 -735.987976 -52 ) 
4 821 859 (-1024 -735.987976 -52 ) (-1024 -735.987976 -120 ) (-448 -735.987976 -120 ) (-448 -735.987976 -52 ) 
4 821 832 (-104 -735.987976 -120 ) (0 -735.987976 -120 ) (0 -735.987976 -52 ) (-104 -735.987976 -52 ) 
4 822 866 (-1024 -735.987976 -248 ) (-1024 -735.987976 -166 ) (-1024 0 -166 ) (-1024 0 -248 ) 
4 822 860 (-1024 -735.987976 -166 ) (-1024 -735.987976 -248 ) (0 -735.987976 -248 ) (0 -735.987976 -166 ) 
4 823 834 (-104 -735.987976 240 ) (-104 -735.987976 168 ) (-104 -983.987976 168 ) (-104 -983.987976 240 ) 
4 823 833 (-104 -735.987976 696 ) (-104 -735.987976 240 ) (-104 -983.987976 240 ) (-104 -983.987976 696 ) 
4 823 829 (0 -746.670044 168 ) (0 -752 168 ) (-56 -752 168 ) (-56 -746.670044 168 ) 
4 823 830 (0 -752 168 ) (0 -983.987976 168 ) (-56 -983.987976 168 ) (-56 -752 168 ) 
4 823 828 (0 -741.330017 168 ) (0 -746.670044 168 ) (-56 -746.670044 168 ) (-56 -741.330017 168 ) 
4 823 827 (-56 -735.987976 168 ) (0 -735.987976 168 ) (0 -741.330017 168 ) (-56 -741.330017 168 ) 
4 823 831 (-104 -983.987976 168 ) (-104 -735.987976 168 ) (-56 -735.987976 168 ) (-56 -983.987976 168 ) 
4 823 825 (0 -983.987976 176 ) (0 -983.987976 216 ) (-104 -983.987976 216 ) (-104 -983.987976 176 ) 
4 823 824 (0 -983.987976 224 ) (0 -983.987976 696 ) (-104 -983.987976 696 ) (-104 -983.987976 224 ) 
4 824 833 (-104 -991.987976 240 ) (-104 -991.987976 696 ) (-104 -983.987976 696 ) (-104 -983.987976 240 ) 
4 824 826 (0 -991.987976 224 ) (0 -991.987976 696 ) (-104 -991.987976 696 ) (-104 -991.987976 224 ) 
4 825 826 (0 -991.987976 176 ) (0 -991.987976 216 ) (-104 -991.987976 216 ) (-104 -991.987976 176 ) 
4 826 872 (0 -1024 168 ) (0 -1024 216 ) (-104 -1024 216 ) (-104 -1024 168 ) 
4 826 869 (0 -1024 216 ) (0 -1024 696 ) (-104 -1024 696 ) (-104 -1024 216 ) 
4 826 854 (-104 -1024 224 ) (-104 -1024 696 ) (-104 -991.987976 696 ) (-104 -991.987976 224 ) 
4 826 855 (-104 -1024 176 ) (-104 -1024 216 ) (-104 -991.987976 216 ) (-104 -991.987976 176 ) 
4 826 830 (-56 -991.987976 168 ) (0 -991.987976 168 ) (0 -1024 168 ) (-56 -1024 168 ) 
4 826 831 (-104 -1024 168 ) (-104 -991.987976 168 ) (-56 -991.987976 168 ) (-56 -1024 168 ) 
4 827 828 (-56 -741.330017 168 ) (-56 -741.330017 76 ) (0 -741.330017 76 ) (0 -741.330017 168 ) 
4 827 831 (-56 -741.330017 76 ) (-56 -741.330017 168 ) (-56 -735.987976 168 ) (-56 -735.987976 76 ) 
4 828 829 (-56 -746.670044 168 ) (-56 -746.670044 72 ) (0 -746.670044 72 ) (0 -746.670044 168 ) 
4 828 831 (-56 -746.670044 72 ) (-56 -746.670044 168 ) (-56 -741.330017 168 ) (-56 -741.330017 72 ) 
4 829 830 (-56 -752 168 ) (-56 -752 68 ) (0 -752 68 ) (0 -752 168 ) 
4 829 831 (-56 -752 68 ) (-56 -752 168 ) (-56 -746.670044 168 ) (-56 -746.670044 68 ) 
4 830 872 (0 -1024 64 ) (0 -1024 168 ) (-56 -1024 168 ) (-56 -1024 64 ) 
4 830 831 (-56 -752 64 ) (-56 -1024 64 ) (-56 -1024 168 ) (-56 -752 168 ) 
4 831 872 (-56 -1024 168 ) (-104 -1024 168 ) (-104 -1024 64 ) (-56 -1024 64 ) 
4 831 857 (-104 -991.987976 64 ) (-104 -1024 64 ) (-104 -1024 168 ) (-104 -991.987976 168 ) 
4 831 834 (-104 -735.987976 168 ) (-104 -735.987976 64 ) (-104 -983.987976 64 ) (-104 -983.987976 168 ) 
4 832 876 (0 -1024 -120 ) (0 -1024 58 ) (-104 -1024 58 ) (-104 -1024 -120 ) 
4 832 858 (-104 -991.987976 -120 ) (-104 -1024 -120 ) (-104 -1024 58 ) (-104 -991.987976 58 ) 
4 832 835 (-104 -735.987976 58 ) (-104 -735.987976 0 ) (-104 -983.987976 0 ) (-104 -983.987976 58 ) 
4 832 836 (-104 -735.987976 0 ) (-104 -735.987976 -120 ) (-104 -991.987976 -120 ) (-104 -991.987976 0 ) 
4 833 854 (-112 -991.987976 240 ) (-104 -991.987976 240 ) (-104 -991.987976 696 ) (-112 -991.987976 696 ) 
4 833 856 (-448 -991.987976 696 ) (-448 -991.987976 240 ) (-112 -991.987976 240 ) (-112 -991.987976 696 ) 
4 833 837 (-112 -991.987976 240 ) (-448 -991.987976 240 ) (-448 -735.987976 240 ) (-112 -735.987976 240 ) 
4 833 834 (-112 -983.987976 240 ) (-112 -735.987976 240 ) (-104 -735.987976 240 ) (-104 -983.987976 240 ) 
4 833 859 (-448 -991.987976 240 ) (-448 -991.987976 696 ) (-448 -735.987976 696 ) (-448 -735.987976 240 ) 
4 834 842 (-112 -735.987976 96 ) (-112 -735.987976 64 ) (-112 -983.987976 64 ) (-112 -983.987976 96 ) 
4 834 837 (-112 -983.987976 240 ) (-112 -735.987976 240 ) (-112 -735.987976 96 ) (-112 -983.987976 96 ) 
4 835 843 (-112 -983.987976 58 ) (-112 -735.987976 58 ) (-112 -735.987976 0 ) (-112 -983.987976 0 ) 
4 835 836 (-112 -983.987976 0 ) (-112 -735.987976 0 ) (-104 -735.987976 0 ) (-104 -983.987976 0 ) 
4 836 858 (-112 -991.987976 -120 ) (-104 -991.987976 -120 ) (-104 -991.987976 0 ) (-112 -991.987976 0 ) 
4 836 843 (-112 -735.987976 -120 ) (-112 -991.987976 -120 ) (-112 -991.987976 0 ) (-112 -735.987976 0 ) 
4 837 857 (-448 -991.987976 168 ) (-448 -991.987976 96 ) (-112 -991.987976 96 ) (-112 -991.987976 168 ) 
4 837 856 (-448 -991.987976 240 ) (-448 -991.987976 168 ) (-112 -991.987976 168 ) (-112 -991.987976 240 ) 
3 837 850 (-432.004059 -767.989502 96 ) (-440.986694 -771.255798 96 ) (-443.729370 -763.721191 96 ) 
3 837 849 (-448 -773.806030 96 ) (-448 -751.989014 96 ) (-440.986694 -771.255798 96 ) 
3 837 848 (-420.264008 -740.261108 96 ) (-412.729156 -743.006042 96 ) (-416 -751.985596 96 ) 
3 837 846 (-431.993927 -735.987976 96 ) (-410.173492 -735.987976 96 ) (-412.729156 -743.006042 96 ) 
3 837 844 (-410.173492 -735.987976 96 ) (-343.997040 -735.987976 96 ) (-420.273743 -763.724060 96 ) 
5 837 842 (-112 -735.987976 96 ) (-112 -991.987976 96 ) (-448 -991.987976 96 ) (-448 -773.806030 96 ) (-343.997040 -735.987976 96 ) 
3 837 840 (-448 -751.989014 96 ) (-448 -741.804993 96 ) (-443.733582 -740.253906 96 ) 
3 837 838 (-448 -741.804993 96 ) (-448 -735.987976 96 ) (-432 -735.987976 96 ) 
4 837 859 (-448 -991.987976 96 ) (-448 -991.987976 240 ) (-448 -735.987976 240 ) (-448 -735.987976 96 ) 
4 838 840 (-443.733856 -740.254578 96 ) (-448 -741.805603 96 ) (-448 -741.805603 64 ) (-443.733917 -740.254639 64 ) 
4 838 859 (-448 -741.804993 64 ) (-448 -741.804993 96 ) (-448 -735.987976 96 ) (-448 -735.987976 64 ) 
4 839 841 (-448 -741.805603 58 ) (-448 -741.805603 -120 ) (-443.734253 -740.254761 -120 ) (-443.733917 -740.254639 58 ) 
4 839 859 (-448 -735.987976 -120 ) (-448 -741.804993 -120 ) (-448 -741.804993 58 ) (-448 -735.987976 58 ) 
4 840 859 (-448 -751.988831 64 ) (-448 -751.989014 96 ) (-448 -741.804993 96 ) (-448 -741.804993 64 ) 
4 841 859 (-448 -741.804993 -120 ) (-448 -751.987976 -120 ) (-448 -751.988831 58 ) (-448 -741.804993 58 ) 
4 842 857 (-448 -991.987976 96 ) (-448 -991.987976 64 ) (-112 -991.987976 64 ) (-112 -991.987976 96 ) 
4 842 850 (-440.986633 -771.255920 96 ) (-432.003876 -767.989563 96 ) (-432.003326 -767.989380 64 ) (-440.986633 -771.255920 64 ) 
4 842 849 (-448 -773.806152 64 ) (-448 -773.806152 96 ) (-440.986633 -771.255920 96 ) (-440.986633 -771.255920 64 ) 
4 842 844 (-420.273804 -763.724243 96 ) (-343.996643 -735.987976 96 ) (-343.996643 -735.987976 64 ) (-420.273804 -763.724243 64 ) 
4 842 859 (-448 -991.987976 64 ) (-448 -991.987976 96 ) (-448 -773.806030 96 ) (-448 -773.806030 64 ) 
4 843 858 (-448 -991.987976 58 ) (-448 -991.987976 -120 ) (-112 -991.987976 -120 ) (-112 -991.987976 58 ) 
4 843 853 (-440.986633 -771.255920 58 ) (-432.003174 -767.989319 58 ) (-432 -767.988098 -120 ) (-440.986633 -771.255920 -120 ) 
4 843 852 (-448 -773.806152 -120 ) (-448 -773.806152 58 ) (-440.986633 -771.255920 58 ) (-440.986633 -771.255920 -120 ) 
4 843 845 (-420.273804 -763.724243 58 ) (-343.996643 -735.987976 58 ) (-343.996643 -735.987976 -120 ) (-420.273804 -763.724243 -120 ) 
4 843 859 (-448 -773.805969 -120 ) (-448 -991.987976 -120 ) (-448 -991.987976 58 ) (-448 -773.806030 58 ) 
4 844 848 (-416 -751.985352 96 ) (-412.729370 -743.005981 96 ) (-412.729462 -743.006287 64 ) (-415.998962 -751.984619 64 ) 
4 844 846 (-412.729370 -743.005981 96 ) (-410.173706 -735.987976 96 ) (-410.173706 -735.987976 64 ) (-412.729462 -743.006287 64 ) 
4 845 851 (-412.730072 -743.007935 -120 ) (-415.997498 -751.980530 -120 ) (-415.998962 -751.984558 58 ) (-412.729492 -743.006348 58 ) 
4 845 847 (-410.173706 -735.987976 -120 ) (-412.730072 -743.007935 -120 ) (-412.729492 -743.006348 58 ) (-410.173706 -735.987976 58 ) 
4 846 848 (-412.728302 -743.006287 64 ) (-412.728210 -743.005981 96 ) (-420.264191 -740.260803 96 ) (-420.263428 -740.261414 64 ) 
4 847 851 (-420.259186 -740.264832 -120 ) (-412.728912 -743.007935 -120 ) (-412.728333 -743.006348 58 ) (-420.263336 -740.261475 58 ) 
4 849 850 (-440.986053 -771.255493 96 ) (-440.986053 -771.255493 64 ) (-443.728485 -763.721191 64 ) (-443.728333 -763.721619 96 ) 
4 849 859 (-448 -773.806030 64 ) (-448 -773.806030 96 ) (-448 -751.989014 96 ) (-448 -751.988831 64 ) 
4 852 853 (-443.728638 -763.721008 58 ) (-440.986115 -771.255554 58 ) (-440.986115 -771.255554 -120 ) (-443.729675 -763.718140 -120 ) 
4 852 859 (-448 -751.987976 -120 ) (-448 -773.805969 -120 ) (-448 -773.806030 58 ) (-448 -751.988831 58 ) 
4 854 870 (-104 -1024 224 ) (-104 -1024 696 ) (-112 -1024 696 ) (-112 -1024 224 ) 
4 854 856 (-112 -991.987976 696 ) (-112 -991.987976 224 ) (-112 -1024 224 ) (-112 -1024 696 ) 
4 855 873 (-104 -1024 176 ) (-104 -1024 216 ) (-112 -1024 216 ) (-112 -1024 176 ) 
4 855 856 (-112 -991.987976 216 ) (-112 -991.987976 176 ) (-112 -1024 176 ) (-112 -1024 216 ) 
4 856 875 (-448 -1024 216 ) (-448 -1024 168 ) (-112 -1024 168 ) (-112 -1024 216 ) 
4 856 871 (-112 -1024 696 ) (-448 -1024 696 ) (-448 -1024 216 ) (-112 -1024 216 ) 
4 856 857 (-448 -1024 168 ) (-448 -991.987976 168 ) (-112 -991.987976 168 ) (-112 -1024 168 ) 
4 856 859 (-448 -1024 168 ) (-448 -1024 696 ) (-448 -991.987976 696 ) (-448 -991.987976 168 ) 
4 857 874 (-104 -1024 64 ) (-104 -1024 168 ) (-112 -1024 168 ) (-112 -1024 64 ) 
4 857 875 (-112 -1024 168 ) (-448 -1024 168 ) (-448 -1024 64 ) (-112 -1024 64 ) 
4 857 859 (-448 -1024 64 ) (-448 -1024 168 ) (-448 -991.987976 168 ) (-448 -991.987976 64 ) 
4 858 876 (-448 -1024 -120 ) (-104 -1024 -120 ) (-104 -1024 58 ) (-448 -1024 58 ) 
4 858 859 (-448 -991.987976 -120 ) (-448 -1024 -120 ) (-448 -1024 58 ) (-448 -991.987976 58 ) 
4 859 877 (-1024 -1024 64 ) (-1024 -1024 -120 ) (-448 -1024 -120 ) (-448 -1024 64 ) 
4 859 875 (-1024 -1024 216 ) (-1024 -1024 64 ) (-448 -1024 64 ) (-448 -1024 216 ) 
4 859 871 (-1024 -1024 696 ) (-1024 -1024 216 ) (-448 -1024 216 ) (-448 -1024 696 ) 
4 859 865 (-1024 -1024 -120 ) (-1024 -1024 696 ) (-1024 -735.987976 696 ) (-1024 -735.987976 -120 ) 
4 860 906 (0 -1024 -248 ) (0 -1024 -166 ) (-1024 -1024 -166 ) (-1024 -1024 -248 ) 
4 860 866 (-1024 -1024 -248 ) (-1024 -1024 -166 ) (-1024 -735.987976 -166 ) (-1024 -735.987976 -248 ) 
4 861 865 (-1024 0 -120 ) (-1024 0 696 ) (-2048 0 696 ) (-2048 0 -120 ) 
4 861 863 (-2048 1024 696 ) (-2048 1024 -120 ) (-2048 0 -120 ) (-2048 0 696 ) 
4 862 866 (-1024 0 -248 ) (-1024 0 -166 ) (-2048 0 -166 ) (-2048 0 -248 ) 
4 862 864 (-2048 1024 -166 ) (-2048 1024 -248 ) (-2048 0 -248 ) (-2048 0 -166 ) 
4 863 920 (-3072 1024 696 ) (-3072 1024 -120 ) (-3072 0 -120 ) (-3072 0 696 ) 
4 863 867 (-2048 0 -120 ) (-2048 0 696 ) (-3072 0 696 ) (-3072 0 -120 ) 
4 864 921 (-3072 1024 -166 ) (-3072 1024 -248 ) (-3072 0 -248 ) (-3072 0 -166 ) 
4 864 868 (-2048 0 -248 ) (-2048 0 -166 ) (-3072 0 -166 ) (-3072 0 -248 ) 
4 865 907 (-1024 -1024 -120 ) (-1024 -1024 696 ) (-2048 -1024 696 ) (-2048 -1024 -120 ) 
4 865 867 (-2048 0 696 ) (-2048 0 -120 ) (-2048 -1024 -120 ) (-2048 -1024 696 ) 
4 866 908 (-1024 -1024 -248 ) (-1024 -1024 -166 ) (-2048 -1024 -166 ) (-2048 -1024 -248 ) 
4 866 868 (-2048 0 -166 ) (-2048 0 -248 ) (-2048 -1024 -248 ) (-2048 -1024 -166 ) 
4 867 922 (-3072 -1024 -120 ) (-3072 -1024 696 ) (-3072 0 696 ) (-3072 0 -120 ) 
4 867 909 (-2048 -1024 -120 ) (-2048 -1024 696 ) (-3072 -1024 696 ) (-3072 -1024 -120 ) 
4 868 923 (-3072 -1024 -248 ) (-3072 -1024 -166 ) (-3072 0 -166 ) (-3072 0 -248 ) 
4 868 910 (-2048 -1024 -248 ) (-2048 -1024 -166 ) (-3072 -1024 -166 ) (-3072 -1024 -248 ) 
4 869 879 (0 -1183.989990 224 ) (0 -1183.989990 240 ) (-104 -1183.989990 240 ) (-104 -1183.989990 224 ) 
4 869 878 (0 -1183.989990 240 ) (0 -1183.989990 696 ) (-104 -1183.989990 696 ) (-104 -1183.989990 240 ) 
4 869 872 (0 -1183.989990 216 ) (-104 -1183.989990 216 ) (-104 -1024 216 ) (0 -1024 216 ) 
4 869 870 (-104 -1183.989990 224 ) (-104 -1183.989990 696 ) (-104 -1024 696 ) (-104 -1024 224 ) 
4 870 878 (-104 -1183.989990 240 ) (-104 -1183.989990 696 ) (-112 -1183.989990 696 ) (-112 -1183.989990 240 ) 
4 870 871 (-112 -1183.989990 224 ) (-112 -1183.989990 696 ) (-112 -1024 696 ) (-112 -1024 224 ) 
4 871 907 (-1024 -1024 696 ) (-1024 -1024 216 ) (-1024 -1183.989990 216 ) (-1024 -1183.989990 696 ) 
4 871 883 (-448 -1183.989990 216 ) (-112 -1183.989990 216 ) (-112 -1183.989990 240 ) (-448 -1183.989990 240 ) 
4 871 905 (-1024 -1183.989990 240 ) (-1024 -1183.989990 216 ) (-448 -1183.989990 216 ) (-448 -1183.989990 240 ) 
4 871 878 (-1024 -1183.989990 696 ) (-1024 -1183.989990 240 ) (-112 -1183.989990 240 ) (-112 -1183.989990 696 ) 
4 871 875 (-112 -1183.989990 216 ) (-1024 -1183.989990 216 ) (-1024 -1024 216 ) (-112 -1024 216 ) 
4 872 881 (-104 -1183.989990 64 ) (0 -1183.989990 64 ) (0 -1183.989990 168 ) (-104 -1183.989990 168 ) 
4 872 880 (0 -1183.989990 176 ) (0 -1183.989990 216 ) (-104 -1183.989990 216 ) (-104 -1183.989990 176 ) 
4 872 873 (-104 -1183.989990 176 ) (-104 -1183.989990 216 ) (-104 -1024 216 ) (-104 -1024 176 ) 
4 872 874 (-104 -1024 64 ) (-104 -1183.989990 64 ) (-104 -1183.989990 168 ) (-104 -1024 168 ) 
4 873 875 (-112 -1183.989990 176 ) (-112 -1183.989990 216 ) (-112 -1024 216 ) (-112 -1024 176 ) 
4 874 875 (-112 -1024 64 ) (-112 -1183.989990 64 ) (-112 -1183.989990 168 ) (-112 -1024 168 ) 
4 875 907 (-1024 -1024 216 ) (-1024 -1024 64 ) (-1024 -1183.989990 64 ) (-1024 -1183.989990 216 ) 
4 875 883 (-448 -1183.989990 64 ) (-112 -1183.989990 64 ) (-112 -1183.989990 216 ) (-448 -1183.989990 216 ) 
4 875 905 (-1024 -1183.989990 216 ) (-1024 -1183.989990 64 ) (-448 -1183.989990 64 ) (-448 -1183.989990 216 ) 
4 875 877 (-448 -1183.989990 64 ) (-1024 -1183.989990 64 ) (-1024 -1024 64 ) (-448 -1024 64 ) 
4 876 884 (-112 -1183.989990 58 ) (-448 -1183.989990 58 ) (-448 -1183.989990 0 ) (-112 -1183.989990 0 ) 
4 876 885 (-448 -1183.989990 -120 ) (-104 -1183.989990 -120 ) (-104 -1183.989990 0 ) (-448 -1183.989990 0 ) 
4 876 882 (-104 -1183.989990 -120 ) (0 -1183.989990 -120 ) (0 -1183.989990 58 ) (-104 -1183.989990 58 ) 
4 876 877 (-448 -1024 -120 ) (-448 -1183.989990 -120 ) (-448 -1183.989990 58 ) (-448 -1024 58 ) 
4 877 907 (-1024 -1024 64 ) (-1024 -1024 -120 ) (-1024 -1183.989990 -120 ) (-1024 -1183.989990 64 ) 
4 877 905 (-1024 -1183.989990 64 ) (-1024 -1183.989990 -120 ) (-448 -1183.989990 -120 ) (-448 -1183.989990 64 ) 
4 878 911 (0 -2048 240 ) (0 -2048 696 ) (-1024 -2048 696 ) (-1024 -2048 240 ) 
4 878 907 (-1024 -2048 240 ) (-1024 -2048 696 ) (-1024 -1183.989990 696 ) (-1024 -1183.989990 240 ) 
4 878 886 (0 -2048 240 ) (-448 -2048 240 ) (-448 -1191.989990 240 ) (0 -1191.989990 240 ) 
4 878 883 (-448 -1191.989990 240 ) (-448 -1183.989990 240 ) (-112 -1183.989990 240 ) (-112 -1191.989990 240 ) 
4 878 879 (-104 -1183.989990 240 ) (0 -1183.989990 240 ) (0 -1191.989990 240 ) (-104 -1191.989990 240 ) 
4 878 905 (-448 -2048 240 ) (-1024 -2048 240 ) (-1024 -1183.989990 240 ) (-448 -1183.989990 240 ) 
4 879 886 (0 -1191.989990 224 ) (0 -1191.989990 240 ) (-104 -1191.989990 240 ) (-104 -1191.989990 224 ) 
4 880 886 (0 -1191.989990 176 ) (0 -1191.989990 216 ) (-104 -1191.989990 216 ) (-104 -1191.989990 176 ) 
4 881 891 (0 -1191.989990 64 ) (0 -1191.989990 96 ) (-102.015480 -1191.989990 96 ) (-102.015480 -1191.989990 64 ) 
4 881 889 (-102.015480 -1191.989990 96 ) (-104 -1191.989990 96 ) (-104 -1191.989990 64 ) (-102.015480 -1191.989990 64 ) 
4 881 886 (0 -1191.989990 96 ) (0 -1191.989990 168 ) (-104 -1191.989990 168 ) (-104 -1191.989990 96 ) 
4 882 892 (-102.015480 -1191.989990 -120 ) (0 -1191.989990 -120 ) (0 -1191.989990 58 ) (-102.015480 -1191.989990 58 ) 
4 882 890 (-104 -1191.989990 -120 ) (-102.015480 -1191.989990 -120 ) (-102.015480 -1191.989990 58 ) (-104 -1191.989990 58 ) 
4 882 885 (-104 -1191.989990 -120 ) (-104 -1191.989990 0 ) (-104 -1183.989990 0 ) (-104 -1183.989990 -120 ) 
4 883 889 (-398.609344 -1191.989990 64 ) (-112 -1191.989990 64 ) (-112 -1191.989990 96 ) (-398.609497 -1191.989990 96 ) 
4 883 887 (-448 -1191.989990 96 ) (-448 -1191.989990 64 ) (-398.609344 -1191.989990 64 ) (-398.609497 -1191.989990 96 ) 
4 883 886 (-448 -1191.989990 240 ) (-448 -1191.989990 96 ) (-112 -1191.989990 96 ) (-112 -1191.989990 240 ) 
4 883 905 (-448 -1191.989990 240 ) (-448 -1183.989990 240 ) (-448 -1183.989990 64 ) (-448 -1191.989990 64 ) 
4 884 890 (-398.609070 -1191.989990 0 ) (-112 -1191.989990 0 ) (-112 -1191.989990 58 ) (-398.609344 -1191.989990 58 ) 
4 884 888 (-448 -1191.989990 58 ) (-448 -1191.989990 0 ) (-398.609070 -1191.989990 0 ) (-398.609344 -1191.989990 58 ) 
4 884 905 (-448 -1183.989990 58 ) (-448 -1183.989990 0 ) (-448 -1191.989990 0 ) (-448 -1191.989990 58 ) 
4 884 885 (-112 -1191.989990 0 ) (-448 -1191.989990 0 ) (-448 -1183.989990 0 ) (-112 -1183.989990 0 ) 
4 885 890 (-398.608490 -1191.989990 -120 ) (-104 -1191.989990 -120 ) (-104 -1191.989990 0 ) (-398.609039 -1191.989990 0 ) 
4 885 888 (-448 -1191.989990 0 ) (-448 -1191.989990 -120 ) (-398.608490 -1191.989990 -120 ) (-398.609039 -1191.989990 0 ) 
4 885 905 (-448 -1183.989990 0 ) (-448 -1183.989990 -120 ) (-448 -1191.989990 -120 ) (-448 -1191.989990 0 ) 
4 886 911 (0 -2048 96 ) (0 -2048 240 ) (-448 -2048 240 ) (-448 -2048 96 ) 
3 886 900 (-448 -1338.164795 96 ) (-448 -1327.987305 96 ) (-443.723206 -1339.722168 96 ) 
3 886 899 (-448 -1349.815796 96 ) (-448 -1338.164795 96 ) (-432.001648 -1343.990601 96 ) 
3 886 898 (-448 -1415.857788 96 ) (-448 -1349.815796 96 ) (-420.270660 -1339.719116 96 ) 
3 886 896 (-431.996094 -1311.988647 96 ) (-423.027466 -1308.727173 96 ) (-420.284454 -1316.245972 96 ) 
3 886 894 (-423.027466 -1308.727173 96 ) (-406.839600 -1302.840332 96 ) (-416 -1327.991333 96 ) 
5 886 891 (-421.826111 -1343.989990 96 ) (-406.839600 -1302.840332 96 ) (-102.015411 -1191.989990 96 ) (0 -1191.989990 96 ) (0 -1343.989990 96 ) 
5 886 893 (-448 -2048 96 ) (-448 -1415.857788 96 ) (-421.826111 -1343.989990 96 ) (0 -1343.989990 96 ) (0 -2048 96 ) 
3 886 889 (-443.740845 -1316.259644 96 ) (-398.609497 -1191.989990 96 ) (-102.015411 -1191.989990 96 ) 
3 886 887 (-448 -1327.987305 96 ) (-448 -1191.989990 96 ) (-398.609497 -1191.989990 96 ) 
4 886 905 (-448 -2048 240 ) (-448 -1191.989990 240 ) (-448 -1191.989990 96 ) (-448 -2048 96 ) 
4 887 889 (-398.609222 -1191.989990 64 ) (-398.609375 -1191.989990 96 ) (-443.740723 -1316.259521 96 ) (-443.740570 -1316.259521 64 ) 
4 887 905 (-448 -1191.989990 96 ) (-448 -1191.989990 64 ) (-448 -1327.987671 64 ) (-448 -1327.987305 96 ) 
4 888 890 (-398.608368 -1191.989990 -120 ) (-398.609192 -1191.989990 58 ) (-443.740509 -1316.259521 58 ) (-443.739532 -1316.259155 -120 ) 
4 888 905 (-448 -1191.989990 58 ) (-448 -1191.989990 -120 ) (-448 -1327.989990 -120 ) (-448 -1327.987793 58 ) 
4 889 896 (-432 -1311.987915 64 ) (-423.028046 -1308.725586 64 ) (-423.028046 -1308.725586 96 ) (-431.998413 -1311.987671 96 ) 
4 889 894 (-423.028046 -1308.725586 64 ) (-406.838989 -1302.838379 64 ) (-406.838837 -1302.838257 96 ) (-423.028046 -1308.725586 96 ) 
4 889 891 (-406.838989 -1302.838379 64 ) (-102.019531 -1191.989990 64 ) (-102.019531 -1191.989990 96 ) (-406.838837 -1302.838257 96 ) 
4 890 897 (-432.002380 -1311.989136 -120 ) (-423.028015 -1308.725586 -120 ) (-423.028046 -1308.725586 58 ) (-432 -1311.987915 58 ) 
4 890 895 (-423.028015 -1308.725586 -120 ) (-406.840027 -1302.838745 -120 ) (-406.839020 -1302.838379 58 ) (-423.028046 -1308.725586 58 ) 
4 890 892 (-406.840027 -1302.838745 -120 ) (-102.019531 -1191.989990 -120 ) (-102.019531 -1191.989990 58 ) (-406.839020 -1302.838379 58 ) 
4 891 898 (-420.269989 -1339.718872 64 ) (-421.825500 -1343.989990 64 ) (-421.825348 -1343.989990 96 ) (-420.269836 -1339.718872 96 ) 
4 891 894 (-406.840302 -1302.843506 96 ) (-406.840485 -1302.843628 64 ) (-416 -1327.992065 64 ) (-416 -1327.992188 96 ) 
4 891 893 (-421.825714 -1343.989990 96 ) (-421.825867 -1343.989990 64 ) (0 -1343.989990 64 ) (0 -1343.989990 96 ) 
4 892 902 (-420.270996 -1339.719238 -120 ) (-421.826355 -1343.989990 -120 ) (-421.825531 -1343.989990 58 ) (-420.270020 -1339.718872 58 ) 
4 892 895 (-406.840515 -1302.843628 58 ) (-406.841461 -1302.843872 -120 ) (-416 -1327.990845 -120 ) (-416 -1327.992065 58 ) 
4 892 893 (-421.825897 -1343.989990 58 ) (-421.826721 -1343.989990 -120 ) (0 -1343.989990 -120 ) (0 -1343.989990 58 ) 
4 893 911 (0 -2048 -120 ) (0 -2048 96 ) (-448 -2048 96 ) (-448 -2048 -120 ) 
4 893 902 (-421.826355 -1343.989990 -120 ) (-448 -1415.858521 -120 ) (-448 -1415.860840 58 ) (-421.825531 -1343.989990 58 ) 
4 893 901 (-448 -1415.860840 58 ) (-448 -1415.860962 64 ) (-421.825500 -1343.989990 64 ) (-421.825531 -1343.989990 58 ) 
4 893 898 (-448 -1415.860962 64 ) (-448 -1415.861328 96 ) (-421.825348 -1343.989990 96 ) (-421.825500 -1343.989990 64 ) 
4 893 905 (-448 -1415.854980 -120 ) (-448 -2048 -120 ) (-448 -2048 96 ) (-448 -1415.857788 96 ) 
4 894 896 (-423.027191 -1308.728638 96 ) (-423.027191 -1308.728638 64 ) (-420.284698 -1316.246094 64 ) (-420.284882 -1316.245605 96 ) 
4 895 897 (-423.027191 -1308.728638 58 ) (-423.027191 -1308.728638 -120 ) (-420.283691 -1316.248901 -120 ) (-420.284637 -1316.246216 58 ) 
4 898 901 (-421.826233 -1343.989990 64 ) (-448 -1415.857422 64 ) (-448 -1349.815918 64 ) (-432 -1343.989990 64 ) 
4 898 899 (-432 -1343.990845 64 ) (-448 -1349.816528 64 ) (-448 -1349.816528 96 ) (-432 -1343.990845 96 ) 
4 898 905 (-448 -1415.857422 64 ) (-448 -1415.857788 96 ) (-448 -1349.815796 96 ) (-448 -1349.815796 64 ) 
3 899 901 (-432.001221 -1343.990356 64 ) (-448 -1349.815918 64 ) (-448 -1343.989990 64 ) 
4 899 900 (-443.723663 -1339.720825 64 ) (-448 -1338.163574 64 ) (-448 -1338.163696 96 ) (-443.723633 -1339.720947 96 ) 
4 899 905 (-448 -1349.815796 96 ) (-448 -1338.164795 96 ) (-448 -1338.164429 64 ) (-448 -1349.815796 64 ) 
4 900 905 (-448 -1338.164795 96 ) (-448 -1327.987305 96 ) (-448 -1327.987671 64 ) (-448 -1338.164429 64 ) 
3 901 903 (-448 -1349.815796 58 ) (-448 -1343.989990 58 ) (-432 -1343.989990 58 ) 
4 901 902 (-421.826263 -1343.989990 58 ) (-448 -1415.857300 58 ) (-448 -1349.815796 58 ) (-432 -1343.989990 58 ) 
4 901 905 (-448 -1415.857300 58 ) (-448 -1415.857422 64 ) (-448 -1343.989990 64 ) (-448 -1343.989990 58 ) 
4 902 903 (-448 -1349.813843 -120 ) (-448 -1349.813843 58 ) (-432.003937 -1343.989502 58 ) (-432.002625 -1343.989014 -120 ) 
4 902 905 (-448 -1349.815918 -120 ) (-448 -1415.854980 -120 ) (-448 -1415.857300 58 ) (-448 -1349.815796 58 ) 
4 903 904 (-443.724030 -1339.719727 -120 ) (-448 -1338.162720 -120 ) (-448 -1338.163574 58 ) (-443.723663 -1339.720825 58 ) 
4 903 905 (-448 -1338.163574 -120 ) (-448 -1349.815918 -120 ) (-448 -1349.815796 58 ) (-448 -1338.164429 58 ) 
4 904 905 (-448 -1327.989990 -120 ) (-448 -1338.163574 -120 ) (-448 -1338.164429 58 ) (-448 -1327.987793 58 ) 
4 905 911 (-448 -2048 240 ) (-1024 -2048 240 ) (-1024 -2048 -120 ) (-448 -2048 -120 ) 
4 905 907 (-1024 -2048 -120 ) (-1024 -2048 240 ) (-1024 -1183.989990 240 ) (-1024 -1183.989990 -120 ) 
4 906 912 (0 -2048 -248 ) (0 -2048 -166 ) (-1024 -2048 -166 ) (-1024 -2048 -248 ) 
4 906 908 (-1024 -2048 -248 ) (-1024 -2048 -166 ) (-1024 -1024 -166 ) (-1024 -1024 -248 ) 
4 907 914 (-1024 -2048 -120 ) (-1024 -2048 696 ) (-2048 -2048 696 ) (-2048 -2048 -120 ) 
4 907 909 (-2048 -1024 696 ) (-2048 -1024 -120 ) (-2048 -2048 -120 ) (-2048 -2048 696 ) 
4 908 915 (-1024 -2048 -248 ) (-1024 -2048 -166 ) (-2048 -2048 -166 ) (-2048 -2048 -248 ) 
4 908 910 (-2048 -1024 -166 ) (-2048 -1024 -248 ) (-2048 -2048 -248 ) (-2048 -2048 -166 ) 
4 909 930 (-3072 -2048 -120 ) (-3072 -2048 696 ) (-3072 -1024 696 ) (-3072 -1024 -120 ) 
4 909 917 (-3072 -2048 696 ) (-3072 -2048 -120 ) (-2048 -2048 -120 ) (-2048 -2048 696 ) 
4 910 931 (-3072 -2048 -248 ) (-3072 -2048 -166 ) (-3072 -1024 -166 ) (-3072 -1024 -248 ) 
4 910 918 (-3072 -2048 -166 ) (-3072 -2048 -248 ) (-2048 -2048 -248 ) (-2048 -2048 -166 ) 
4 911 914 (-1024 -2048 696 ) (-1024 -2048 -120 ) (-1024 -2432 -120 ) (-1024 -2432 696 ) 
4 911 913 (0 -2432 -120 ) (0 -2432 696 ) (-1024 -2432 696 ) (-1024 -2432 -120 ) 
4 912 915 (-1024 -2048 -166 ) (-1024 -2048 -248 ) (-1024 -2432 -248 ) (-1024 -2432 -166 ) 
4 912 913 (-1024 -2432 -248 ) (0 -2432 -248 ) (0 -2432 -166 ) (-1024 -2432 -166 ) 
4 913 916 (-1024 -2432 -248 ) (-1024 -2552 -248 ) (-1024 -2552 696 ) (-1024 -2432 696 ) 
4 914 917 (-2048 -2048 696 ) (-2048 -2048 -120 ) (-2048 -2432 -120 ) (-2048 -2432 696 ) 
4 914 916 (-1024 -2432 -120 ) (-1024 -2432 696 ) (-2048 -2432 696 ) (-2048 -2432 -120 ) 
4 915 918 (-2048 -2048 -166 ) (-2048 -2048 -248 ) (-2048 -2432 -248 ) (-2048 -2432 -166 ) 
4 915 916 (-2048 -2432 -248 ) (-1024 -2432 -248 ) (-1024 -2432 -166 ) (-2048 -2432 -166 ) 
4 916 919 (-2048 -2432 -248 ) (-2048 -2552 -248 ) (-2048 -2552 696 ) (-2048 -2432 696 ) 
4 917 935 (-3072 -2432 696 ) (-3072 -2048 696 ) (-3072 -2048 -120 ) (-3072 -2432 -120 ) 
4 917 919 (-2048 -2432 -120 ) (-2048 -2432 696 ) (-3072 -2432 696 ) (-3072 -2432 -120 ) 
4 918 936 (-3072 -2048 -166 ) (-3072 -2048 -248 ) (-3072 -2432 -248 ) (-3072 -2432 -166 ) 
4 918 919 (-3072 -2432 -248 ) (-2048 -2432 -248 ) (-2048 -2432 -166 ) (-3072 -2432 -166 ) 
4 919 937 (-3072 -2552 696 ) (-3072 -2432 696 ) (-3072 -2432 -248 ) (-3072 -2552 -248 ) 
4 920 924 (-4096 1024 696 ) (-4096 1024 -120 ) (-4096 0 -120 ) (-4096 0 696 ) 
4 920 922 (-3072 0 -120 ) (-3072 0 696 ) (-4096 0 696 ) (-4096 0 -120 ) 
4 921 925 (-4096 1024 -166 ) (-4096 1024 -248 ) (-4096 0 -248 ) (-4096 0 -166 ) 
4 921 923 (-3072 0 -248 ) (-3072 0 -166 ) (-4096 0 -166 ) (-4096 0 -248 ) 
4 922 930 (-3072 -1024 -120 ) (-3072 -1024 696 ) (-4096 -1024 696 ) (-4096 -1024 -120 ) 
4 922 927 (-4096 -1024 -120 ) (-4096 -1024 696 ) (-4096 0 696 ) (-4096 0 -120 ) 
4 923 931 (-3072 -1024 -248 ) (-3072 -1024 -166 ) (-4096 -1024 -166 ) (-4096 -1024 -248 ) 
4 923 928 (-4096 -1024 -248 ) (-4096 -1024 -166 ) (-4096 0 -166 ) (-4096 0 -248 ) 
4 924 927 (-4096 0 -120 ) (-4096 0 696 ) (-4352 0 696 ) (-4352 0 -120 ) 
4 924 926 (-4352 0 -120 ) (-4352 0 696 ) (-4352 1024 696 ) (-4352 1024 -120 ) 
4 925 928 (-4096 0 -248 ) (-4096 0 -166 ) (-4352 0 -166 ) (-4352 0 -248 ) 
4 925 926 (-4352 1024 -248 ) (-4352 0 -248 ) (-4352 0 -166 ) (-4352 1024 -166 ) 
4 926 929 (-4352 0 696 ) (-4472 0 696 ) (-4472 0 -248 ) (-4352 0 -248 ) 
4 927 932 (-4096 -1024 -120 ) (-4096 -1024 696 ) (-4352 -1024 696 ) (-4352 -1024 -120 ) 
4 927 929 (-4352 -1024 -120 ) (-4352 -1024 696 ) (-4352 0 696 ) (-4352 0 -120 ) 
4 928 933 (-4096 -1024 -248 ) (-4096 -1024 -166 ) (-4352 -1024 -166 ) (-4352 -1024 -248 ) 
4 928 929 (-4352 0 -248 ) (-4352 -1024 -248 ) (-4352 -1024 -166 ) (-4352 0 -166 ) 
4 929 934 (-4352 -1024 696 ) (-4472 -1024 696 ) (-4472 -1024 -248 ) (-4352 -1024 -248 ) 
4 930 935 (-3072 -2048 -120 ) (-3072 -2048 696 ) (-4096 -2048 696 ) (-4096 -2048 -120 ) 
4 930 932 (-4096 -2048 -120 ) (-4096 -2048 696 ) (-4096 -1024 696 ) (-4096 -1024 -120 ) 
4 931 936 (-3072 -2048 -248 ) (-3072 -2048 -166 ) (-4096 -2048 -166 ) (-4096 -2048 -248 ) 
4 931 933 (-4096 -2048 -248 ) (-4096 -2048 -166 ) (-4096 -1024 -166 ) (-4096 -1024 -248 ) 
4 932 938 (-4096 -2048 -120 ) (-4096 -2048 696 ) (-4352 -2048 696 ) (-4352 -2048 -120 ) 
4 932 934 (-4352 -2048 -120 ) (-4352 -2048 696 ) (-4352 -1024 696 ) (-4352 -1024 -120 ) 
4 933 939 (-4096 -2048 -248 ) (-4096 -2048 -166 ) (-4352 -2048 -166 ) (-4352 -2048 -248 ) 
4 933 934 (-4352 -1024 -248 ) (-4352 -2048 -248 ) (-4352 -2048 -166 ) (-4352 -1024 -166 ) 
4 934 941 (-4352 -2048 696 ) (-4472 -2048 696 ) (-4472 -2048 -248 ) (-4352 -2048 -248 ) 
4 935 938 (-4096 -2048 696 ) (-4096 -2048 -120 ) (-4096 -2432 -120 ) (-4096 -2432 696 ) 
4 935 937 (-3072 -2432 -120 ) (-3072 -2432 696 ) (-4096 -2432 696 ) (-4096 -2432 -120 ) 
4 936 939 (-4096 -2048 -166 ) (-4096 -2048 -248 ) (-4096 -2432 -248 ) (-4096 -2432 -166 ) 
4 936 937 (-4096 -2432 -248 ) (-3072 -2432 -248 ) (-3072 -2432 -166 ) (-4096 -2432 -166 ) 
4 937 940 (-4096 -2432 -248 ) (-4096 -2552 -248 ) (-4096 -2552 696 ) (-4096 -2432 696 ) 
4 938 941 (-4352 -2432 -120 ) (-4352 -2432 696 ) (-4352 -2048 696 ) (-4352 -2048 -120 ) 
4 938 940 (-4352 -2432 696 ) (-4352 -2432 -120 ) (-4096 -2432 -120 ) (-4096 -2432 696 ) 
4 939 940 (-4352 -2432 -166 ) (-4352 -2432 -248 ) (-4096 -2432 -248 ) (-4096 -2432 -166 ) 
4 939 941 (-4352 -2048 -248 ) (-4352 -2432 -248 ) (-4352 -2432 -166 ) (-4352 -2048 -166 ) 
4 940 941 (-4352 -2432 -248 ) (-4352 -2552 -248 ) (-4352 -2552 696 ) (-4352 -2432 696 ) 
