PRT1
965
3143
4 0 4 (4219.209961 4096 631.854980 ) (4096 4096 631.854980 ) (4096 4096 -247.855011 ) (4219.209961 4096 -247.855011 ) 
4 0 2 (4096 4096 -120 ) (4096 4096 631.854980 ) (4096 4736 631.854980 ) (4096 4736 -120 ) 
4 0 3 (4096 4096 -247.855011 ) (4096 4096 -166 ) (4096 4736 -166 ) (4096 4736 -247.855011 ) 
4 0 1 (4096 4736 631.854980 ) (4096 4859.160156 631.854980 ) (4096 4859.160156 -247.855011 ) (4096 4736 -247.855011 ) 
4 1 13 (3072 4736 631.854980 ) (3072 4859.160156 631.854980 ) (3072 4859.160156 -247.855011 ) (3072 4736 -247.855011 ) 
4 1 2 (4096 4736 -120 ) (4096 4736 631.854980 ) (3072 4736 631.854980 ) (3072 4736 -120 ) 
4 1 3 (3072 4736 -247.855011 ) (4096 4736 -247.855011 ) (4096 4736 -166 ) (3072 4736 -166 ) 
4 2 14 (3072 4096 -120 ) (3072 4096 631.854980 ) (3072 4736 631.854980 ) (3072 4736 -120 ) 
4 2 5 (4096 4096 -120 ) (4096 4096 631.854980 ) (3072 4096 631.854980 ) (3072 4096 -120 ) 
4 3 15 (3072 4096 -247.855011 ) (3072 4096 -166 ) (3072 4736 -166 ) (3072 4736 -247.855011 ) 
4 3 6 (4096 4096 -247.855011 ) (4096 4096 -166 ) (3072 4096 -166 ) (3072 4096 -247.855011 ) 
4 4 7 (4219.209961 3072 631.854980 ) (4096 3072 631.854980 ) (4096 3072 -247.855011 ) (4219.209961 3072 -247.855011 ) 
4 4 6 (4096 4096 -166 ) (4096 4096 -247.855011 ) (4096 3072 -247.855011 ) (4096 3072 -166 ) 
4 4 5 (4096 4096 631.854980 ) (4096 4096 -120 ) (4096 3072 -120 ) (4096 3072 631.854980 ) 
4 5 22 (3072 3072 -120 ) (3072 3072 631.854980 ) (3072 4096 631.854980 ) (3072 4096 -120 ) 
4 5 8 (3072 3072 631.854980 ) (3072 3072 -120 ) (4096 3072 -120 ) (4096 3072 631.854980 ) 
4 6 23 (3072 3072 -247.855011 ) (3072 3072 -166 ) (3072 4096 -166 ) (3072 4096 -247.855011 ) 
4 6 9 (3072 3072 -166 ) (3072 3072 -247.855011 ) (4096 3072 -247.855011 ) (4096 3072 -166 ) 
4 7 10 (4219.209961 2048 631.854980 ) (4096 2048 631.854980 ) (4096 2048 -247.855011 ) (4219.209961 2048 -247.855011 ) 
4 7 9 (4096 3072 -166 ) (4096 3072 -247.855011 ) (4096 2048 -247.855011 ) (4096 2048 -166 ) 
4 7 8 (4096 3072 631.854980 ) (4096 3072 -120 ) (4096 2048 -120 ) (4096 2048 631.854980 ) 
4 8 28 (3072 2048 -120 ) (3072 2048 631.854980 ) (3072 3072 631.854980 ) (3072 3072 -120 ) 
4 8 11 (3072 2048 631.854980 ) (3072 2048 -120 ) (4096 2048 -120 ) (4096 2048 631.854980 ) 
4 9 29 (3072 2048 -247.855011 ) (3072 2048 -166 ) (3072 3072 -166 ) (3072 3072 -247.855011 ) 
4 9 12 (3072 2048 -166 ) (3072 2048 -247.855011 ) (4096 2048 -247.855011 ) (4096 2048 -166 ) 
4 10 101 (4219.209961 1024 631.854980 ) (4096 1024 631.854980 ) (4096 1024 -247.855011 ) (4219.209961 1024 -247.855011 ) 
4 10 12 (4096 2048 -166 ) (4096 2048 -247.855011 ) (4096 1024 -247.855011 ) (4096 1024 -166 ) 
4 10 11 (4096 2048 631.854980 ) (4096 2048 -120 ) (4096 1024 -120 ) (4096 1024 631.854980 ) 
4 11 102 (4096 1024 -120 ) (4096 1024 631.854980 ) (3072 1024 631.854980 ) (3072 1024 -120 ) 
4 11 30 (3072 1024 -120 ) (3072 1024 631.854980 ) (3072 2048 631.854980 ) (3072 2048 -120 ) 
4 12 103 (4096 1024 -247.855011 ) (4096 1024 -166 ) (3072 1024 -166 ) (3072 1024 -247.855011 ) 
4 12 31 (3072 1024 -247.855011 ) (3072 1024 -166 ) (3072 2048 -166 ) (3072 2048 -247.855011 ) 
4 13 16 (2048 4736 631.854980 ) (2048 4859.160156 631.854980 ) (2048 4859.160156 -247.855011 ) (2048 4736 -247.855011 ) 
4 13 14 (3072 4736 -120 ) (3072 4736 631.854980 ) (2048 4736 631.854980 ) (2048 4736 -120 ) 
4 13 15 (2048 4736 -247.855011 ) (3072 4736 -247.855011 ) (3072 4736 -166 ) (2048 4736 -166 ) 
4 14 22 (3072 4096 -120 ) (3072 4096 631.854980 ) (2048 4096 631.854980 ) (2048 4096 -120 ) 
4 14 17 (2048 4096 -120 ) (2048 4096 631.854980 ) (2048 4736 631.854980 ) (2048 4736 -120 ) 
4 15 23 (3072 4096 -247.855011 ) (3072 4096 -166 ) (2048 4096 -166 ) (2048 4096 -247.855011 ) 
4 15 18 (2048 4096 -247.855011 ) (2048 4096 -166 ) (2048 4736 -166 ) (2048 4736 -247.855011 ) 
4 16 19 (1024 4736 631.854980 ) (1024 4859.160156 631.854980 ) (1024 4859.160156 -247.855011 ) (1024 4736 -247.855011 ) 
4 16 17 (2048 4736 -120 ) (2048 4736 631.854980 ) (1024 4736 631.854980 ) (1024 4736 -120 ) 
4 16 18 (1024 4736 -247.855011 ) (2048 4736 -247.855011 ) (2048 4736 -166 ) (1024 4736 -166 ) 
4 17 24 (2048 4096 -120 ) (2048 4096 631.854980 ) (1024 4096 631.854980 ) (1024 4096 -120 ) 
4 17 20 (1024 4096 -120 ) (1024 4096 631.854980 ) (1024 4736 631.854980 ) (1024 4736 -120 ) 
4 18 25 (2048 4096 -247.855011 ) (2048 4096 -166 ) (1024 4096 -166 ) (1024 4096 -247.855011 ) 
4 18 21 (1024 4096 -247.855011 ) (1024 4096 -166 ) (1024 4736 -166 ) (1024 4736 -247.855011 ) 
4 19 702 (0 4736 631.854980 ) (0 4859.160156 631.854980 ) (0 4859.160156 -247.855011 ) (0 4736 -247.855011 ) 
4 19 20 (1024 4736 -120 ) (1024 4736 631.854980 ) (0 4736 631.854980 ) (0 4736 -120 ) 
4 19 21 (0 4736 -247.855011 ) (1024 4736 -247.855011 ) (1024 4736 -166 ) (0 4736 -166 ) 
4 20 703 (0 4096 -120 ) (0 4096 631.854980 ) (0 4736 631.854980 ) (0 4736 -120 ) 
4 20 26 (1024 4096 -120 ) (1024 4096 631.854980 ) (0 4096 631.854980 ) (0 4096 -120 ) 
4 21 704 (0 4096 -247.855011 ) (0 4096 -166 ) (0 4736 -166 ) (0 4736 -247.855011 ) 
4 21 27 (1024 4096 -247.855011 ) (1024 4096 -166 ) (0 4096 -166 ) (0 4096 -247.855011 ) 
4 22 28 (3072 3072 -120 ) (3072 3072 631.854980 ) (2048 3072 631.854980 ) (2048 3072 -120 ) 
4 22 24 (2048 3072 -120 ) (2048 3072 631.854980 ) (2048 4096 631.854980 ) (2048 4096 -120 ) 
4 23 29 (3072 3072 -247.855011 ) (3072 3072 -166 ) (2048 3072 -166 ) (2048 3072 -247.855011 ) 
4 23 25 (2048 3072 -247.855011 ) (2048 3072 -166 ) (2048 4096 -166 ) (2048 4096 -247.855011 ) 
4 24 32 (2048 3072 -120 ) (2048 3072 631.854980 ) (1024 3072 631.854980 ) (1024 3072 -120 ) 
4 24 26 (1024 4096 631.854980 ) (1024 4096 -120 ) (1024 3072 -120 ) (1024 3072 631.854980 ) 
4 25 33 (2048 3072 -247.855011 ) (2048 3072 -166 ) (1024 3072 -166 ) (1024 3072 -247.855011 ) 
4 25 27 (1024 4096 -166 ) (1024 4096 -247.855011 ) (1024 3072 -247.855011 ) (1024 3072 -166 ) 
4 26 711 (0 3072 -120 ) (0 3072 631.854980 ) (0 4096 631.854980 ) (0 4096 -120 ) 
4 26 51 (0 3072 48 ) (0 3072 -120 ) (1024 3072 -120 ) (1024 3072 48 ) 
4 26 46 (0 3072 88 ) (0 3072 48 ) (1024 3072 48 ) (1024 3072 88 ) 
4 26 36 (268 3072 88 ) (873 3072 88 ) (873 3072 264 ) (268 3072 264 ) 
4 26 35 (873 3072 88 ) (1024 3072 88 ) (1024 3072 264 ) (873 3072 264 ) 
4 26 37 (0 3072 264 ) (0 3072 88 ) (268 3072 88 ) (268 3072 264 ) 
4 26 34 (0 3072 631.854980 ) (0 3072 264 ) (1024 3072 264 ) (1024 3072 631.854980 ) 
4 27 712 (0 3072 -247.855011 ) (0 3072 -166 ) (0 4096 -166 ) (0 4096 -247.855011 ) 
4 27 52 (0 3072 -166 ) (0 3072 -247.855011 ) (1024 3072 -247.855011 ) (1024 3072 -166 ) 
4 28 32 (2048 3072 631.854980 ) (2048 3072 -120 ) (2048 2048 -120 ) (2048 2048 631.854980 ) 
4 28 30 (3072 2048 -120 ) (3072 2048 631.854980 ) (2048 2048 631.854980 ) (2048 2048 -120 ) 
4 29 33 (2048 3072 -166 ) (2048 3072 -247.855011 ) (2048 2048 -247.855011 ) (2048 2048 -166 ) 
4 29 31 (3072 2048 -247.855011 ) (3072 2048 -166 ) (2048 2048 -166 ) (2048 2048 -247.855011 ) 
4 30 114 (3072 1024 -120 ) (3072 1024 631.854980 ) (2048 1024 631.854980 ) (2048 1024 -120 ) 
4 30 58 (2048 1024 -120 ) (2048 1024 64 ) (2048 2048 64 ) (2048 2048 -120 ) 
4 30 54 (2048 1024 64 ) (2048 1024 80 ) (2048 2048 80 ) (2048 2048 64 ) 
4 30 53 (2048 1024 80 ) (2048 1024 631.854980 ) (2048 2048 631.854980 ) (2048 2048 80 ) 
4 31 115 (3072 1024 -247.855011 ) (3072 1024 -166 ) (2048 1024 -166 ) (2048 1024 -247.855011 ) 
4 31 59 (2048 1024 -247.855011 ) (2048 1024 -166 ) (2048 2048 -166 ) (2048 2048 -247.855011 ) 
4 32 58 (2048 2048 -120 ) (2048 2048 64 ) (1024 2048 64 ) (1024 2048 -120 ) 
4 32 56 (1056 2048 80 ) (1024 2048 80 ) (1024 2048 64 ) (1056 2048 64 ) 
4 32 55 (1152 2048 80 ) (1056 2048 80 ) (1056 2048 64 ) (1152 2048 64 ) 
4 32 54 (2048 2048 64 ) (2048 2048 80 ) (1152 2048 80 ) (1152 2048 64 ) 
4 32 53 (2048 2048 80 ) (2048 2048 631.854980 ) (1024 2048 631.854980 ) (1024 2048 80 ) 
4 32 51 (1024 3072 48 ) (1024 3072 -120 ) (1024 2048 -120 ) (1024 2048 48 ) 
4 32 47 (1024 2080.010254 48 ) (1024 2072.010254 48 ) (1024 2072.010254 88 ) (1024 2080.010254 88 ) 
4 32 46 (1024 3072 88 ) (1024 3072 48 ) (1024 2080.010254 48 ) (1024 2080.010254 88 ) 
4 32 50 (1024 2072.010254 48 ) (1024 2048 48 ) (1024 2048 88 ) (1024 2072.010254 88 ) 
4 32 43 (1024 2072.010254 88 ) (1024 2048 88 ) (1024 2048 107 ) (1024 2072.010254 107 ) 
4 32 41 (1024 2048 107 ) (1024 2048 256 ) (1024 2072.010254 256 ) (1024 2072.010254 107 ) 
4 32 38 (1024 2048 256 ) (1024 2048 631.854980 ) (1024 2072.010254 631.854980 ) (1024 2072.010254 256 ) 
4 32 35 (1024 3072 264 ) (1024 3072 88 ) (1024 2072.010254 88 ) (1024 2072.010254 264 ) 
4 32 34 (1024 3072 631.854980 ) (1024 3072 264 ) (1024 2072.010254 264 ) (1024 2072.010254 631.854980 ) 
4 33 59 (2048 2048 -247.855011 ) (2048 2048 -166 ) (1024 2048 -166 ) (1024 2048 -247.855011 ) 
4 33 52 (1024 3072 -166 ) (1024 3072 -247.855011 ) (1024 2048 -247.855011 ) (1024 2048 -166 ) 
4 34 717 (0 3072 631.854980 ) (0 3072 264 ) (0 2072.010254 264 ) (0 2072.010254 631.854980 ) 
4 34 39 (873 2072.010254 631.854980 ) (268 2072.010254 631.854980 ) (268 2072.010254 264 ) (873 2072.010254 264 ) 
4 34 38 (1024 2072.010254 264 ) (1024 2072.010254 631.854980 ) (873 2072.010254 631.854980 ) (873 2072.010254 264 ) 
4 34 40 (268 2072.010254 631.854980 ) (0 2072.010254 631.854980 ) (0 2072.010254 264 ) (268 2072.010254 264 ) 
4 34 36 (268 2080.010254 264 ) (268 3072 264 ) (873 3072 264 ) (873 2080.010254 264 ) 
4 34 35 (1024 2072.010254 264 ) (873 2072.010254 264 ) (873 3072 264 ) (1024 3072 264 ) 
4 34 37 (268 2072.010254 264 ) (0 2072.010254 264 ) (0 3072 264 ) (268 3072 264 ) 
4 35 47 (1024 2080.010254 88 ) (1024 2072.010254 88 ) (873 2072.010254 88 ) (873 2080.010254 88 ) 
4 35 46 (1024 3072 88 ) (1024 2080.010254 88 ) (873 2080.010254 88 ) (873 3072 88 ) 
4 35 43 (873 2072.010254 88 ) (1024 2072.010254 88 ) (1024 2072.010254 107 ) (873 2072.010254 107 ) 
4 35 41 (1024 2072.010254 107 ) (1024 2072.010254 256 ) (873 2072.010254 256 ) (873 2072.010254 107 ) 
4 35 38 (1024 2072.010254 256 ) (1024 2072.010254 264 ) (873 2072.010254 264 ) (873 2072.010254 256 ) 
4 35 36 (873 3072 88 ) (873 2080.010254 88 ) (873 2080.010254 264 ) (873 3072 264 ) 
4 36 46 (268 2080.010254 88 ) (268 3072 88 ) (873 3072 88 ) (873 2080.010254 88 ) 
4 36 37 (268 3072 88 ) (268 2080.010254 88 ) (268 2080.010254 264 ) (268 3072 264 ) 
4 37 717 (0 3072 264 ) (0 3072 88 ) (0 2072.010254 88 ) (0 2072.010254 264 ) 
4 37 49 (268 2072.010254 88 ) (0 2072.010254 88 ) (0 2080.010254 88 ) (268 2080.010254 88 ) 
4 37 46 (0 2080.010254 88 ) (0 3072 88 ) (268 3072 88 ) (268 2080.010254 88 ) 
4 37 45 (0 2072.010254 88 ) (268 2072.010254 88 ) (268 2072.010254 107 ) (0 2072.010254 107 ) 
4 37 42 (268 2072.010254 107 ) (268 2072.010254 256 ) (0 2072.010254 256 ) (0 2072.010254 107 ) 
4 37 40 (268 2072.010254 256 ) (268 2072.010254 264 ) (0 2072.010254 264 ) (0 2072.010254 256 ) 
4 38 60 (873 2048 256 ) (1024 2048 256 ) (1024 2048 631.854980 ) (873 2048 631.854980 ) 
4 38 41 (873 2072.010254 256 ) (1024 2072.010254 256 ) (1024 2048 256 ) (873 2048 256 ) 
4 38 39 (873 2048 264 ) (873 2048 631.854980 ) (873 2072.010254 631.854980 ) (873 2072.010254 264 ) 
4 39 61 (873 2048 264 ) (873 2048 631.854980 ) (268 2048 631.854980 ) (268 2048 264 ) 
4 39 40 (268 2048 264 ) (268 2048 631.854980 ) (268 2072.010254 631.854980 ) (268 2072.010254 264 ) 
4 40 717 (0 2048 256 ) (0 2048 631.854980 ) (0 2072.010254 631.854980 ) (0 2072.010254 256 ) 
4 40 64 (0 2048 631.854980 ) (0 2048 256 ) (268 2048 256 ) (268 2048 631.854980 ) 
4 40 42 (0 2072.010254 256 ) (268 2072.010254 256 ) (268 2048 256 ) (0 2048 256 ) 
4 41 62 (284 2048 107 ) (873 2048 107 ) (873 2048 256 ) (284 2048 256 ) 
4 41 60 (873 2048 107 ) (1024 2048 107 ) (1024 2048 256 ) (873 2048 256 ) 
4 41 43 (1024 2048 107 ) (873 2048 107 ) (873 2072.010254 107 ) (1024 2072.010254 107 ) 
4 42 717 (0 2048 107 ) (0 2048 256 ) (0 2072.010254 256 ) (0 2072.010254 107 ) 
4 42 64 (0 2048 256 ) (0 2048 107 ) (268 2048 107 ) (268 2048 256 ) 
4 42 45 (268 2048 107 ) (0 2048 107 ) (0 2072.010254 107 ) (268 2072.010254 107 ) 
4 43 65 (873 2048 88 ) (1024 2048 88 ) (1024 2048 107 ) (873 2048 107 ) 
4 43 50 (1024 2072.010254 88 ) (1024 2048 88 ) (873 2048 88 ) (873 2072.010254 88 ) 
4 43 44 (873 2072.010254 99 ) (873 2072.010254 88 ) (873 2048 88 ) (873 2048 99 ) 
4 44 66 (268 2048 88 ) (873 2048 88 ) (873 2048 99 ) (268 2048 99 ) 
4 44 50 (873 2048 88 ) (268 2048 88 ) (268 2072.010254 88 ) (873 2072.010254 88 ) 
4 44 45 (268 2072.010254 99 ) (268 2072.010254 88 ) (268 2048 88 ) (268 2048 99 ) 
4 45 717 (0 2048 88 ) (0 2048 107 ) (0 2072.010254 107 ) (0 2072.010254 88 ) 
4 45 68 (0 2048 107 ) (0 2048 88 ) (268 2048 88 ) (268 2048 107 ) 
4 45 50 (268 2048 88 ) (0 2048 88 ) (0 2072.010254 88 ) (268 2072.010254 88 ) 
4 46 717 (0 2080.010254 88 ) (0 3072 88 ) (0 3072 48 ) (0 2080.010254 48 ) 
4 46 51 (0 2080.010254 48 ) (0 3072 48 ) (1024 3072 48 ) (1024 2080.010254 48 ) 
4 46 48 (304 2080.010254 48 ) (854 2080.010254 48 ) (854 2080.010254 88 ) (304 2080.010254 88 ) 
4 46 49 (0 2080.010254 48 ) (296 2080.010254 48 ) (296 2080.010254 88 ) (0 2080.010254 88 ) 
4 46 47 (862 2080.010254 48 ) (1024 2080.010254 48 ) (1024 2080.010254 88 ) (862 2080.010254 88 ) 
4 47 51 (862 2080.010254 48 ) (1024 2080.010254 48 ) (1024 2072.010254 48 ) (862 2072.010254 48 ) 
4 47 50 (862 2072.010254 48 ) (1024 2072.010254 48 ) (1024 2072.010254 88 ) (862 2072.010254 88 ) 
4 48 51 (304 2080.010254 48 ) (854 2080.010254 48 ) (854 2072.010254 48 ) (304 2072.010254 48 ) 
4 48 50 (304 2072.010254 48 ) (854 2072.010254 48 ) (854 2072.010254 88 ) (304 2072.010254 88 ) 
4 49 717 (0 2072.010254 88 ) (0 2080.010254 88 ) (0 2080.010254 48 ) (0 2072.010254 48 ) 
4 49 51 (0 2072.010254 48 ) (0 2080.010254 48 ) (296 2080.010254 48 ) (296 2072.010254 48 ) 
4 49 50 (0 2072.010254 48 ) (296 2072.010254 48 ) (296 2072.010254 88 ) (0 2072.010254 88 ) 
4 50 717 (0 2048 48 ) (0 2048 88 ) (0 2072.010254 88 ) (0 2072.010254 48 ) 
4 50 96 (400 2048 48 ) (416 2048 48 ) (416 2048 64 ) (400 2048 64 ) 
4 50 95 (416 2048 48 ) (1024 2048 48 ) (1024 2048 64 ) (416 2048 64 ) 
4 50 99 (0 2048 64 ) (0 2048 48 ) (400 2048 48 ) (400 2048 64 ) 
4 50 66 (268 2048 64 ) (873 2048 64 ) (873 2048 88 ) (268 2048 88 ) 
4 50 65 (873 2048 64 ) (1024 2048 64 ) (1024 2048 88 ) (873 2048 88 ) 
4 50 68 (0 2048 88 ) (0 2048 64 ) (268 2048 64 ) (268 2048 88 ) 
4 50 51 (1024 2048 48 ) (0 2048 48 ) (0 2072.010254 48 ) (1024 2072.010254 48 ) 
4 51 717 (0 2048 -120 ) (0 2048 48 ) (0 3072 48 ) (0 3072 -120 ) 
4 51 96 (400 2048 -120 ) (416 2048 -120 ) (416 2048 48 ) (400 2048 48 ) 
4 51 95 (416 2048 -120 ) (1024 2048 -120 ) (1024 2048 48 ) (416 2048 48 ) 
4 51 99 (0 2048 48 ) (0 2048 -120 ) (400 2048 -120 ) (400 2048 48 ) 
4 52 718 (0 2048 -247.855011 ) (0 2048 -166 ) (0 3072 -166 ) (0 3072 -247.855011 ) 
4 52 100 (0 2048 -166 ) (0 2048 -247.855011 ) (1024 2048 -247.855011 ) (1024 2048 -166 ) 
4 53 118 (2048 1024 80 ) (2048 1024 631.854980 ) (1024 1024 631.854980 ) (1024 1024 80 ) 
4 53 94 (1024 1200.010010 80 ) (1024 1024 80 ) (1024 1024 631.854980 ) (1024 1200.010010 631.854980 ) 
4 53 70 (1024 1544.010132 80 ) (1024 1448.010132 80 ) (1024 1448.010132 631.854980 ) (1024 1544.010132 631.854980 ) 
4 53 69 (1024 1776.010132 80 ) (1024 1544.010132 80 ) (1024 1544.010132 631.854980 ) (1024 1776.010132 631.854980 ) 
4 53 71 (1024 1448.010132 80 ) (1024 1200.010010 80 ) (1024 1200.010010 631.854980 ) (1024 1448.010132 631.854980 ) 
4 53 65 (1024 2048 107 ) (1024 2048 80 ) (1024 1776.010132 80 ) (1024 1776.010132 107 ) 
4 53 60 (1024 2048 631.854980 ) (1024 2048 107 ) (1024 1776.010132 107 ) (1024 1776.010132 631.854980 ) 
4 53 56 (1024 1544.010132 80 ) (1024 2048 80 ) (1056 2048 80 ) (1056 1544.010132 80 ) 
4 53 57 (1056 1024 80 ) (1024 1024 80 ) (1024 1448.010132 80 ) (1056 1448.010132 80 ) 
4 53 55 (1056 1544.010132 80 ) (1056 2048 80 ) (1152 2048 80 ) (1152 1544.010132 80 ) 
4 53 54 (2048 1024 80 ) (1152 1024 80 ) (1152 2048 80 ) (2048 2048 80 ) 
4 54 119 (2048 1024 64 ) (2048 1024 80 ) (1152 1024 80 ) (1152 1024 64 ) 
4 54 58 (1152 2048 64 ) (2048 2048 64 ) (2048 1024 64 ) (1152 1024 64 ) 
4 54 55 (1152 2048 64 ) (1152 1544.010132 64 ) (1152 1544.010132 80 ) (1152 2048 80 ) 
4 55 58 (1056 2048 64 ) (1152 2048 64 ) (1152 1544.010132 64 ) (1056 1544.010132 64 ) 
4 55 56 (1056 2048 64 ) (1056 1544.010132 64 ) (1056 1544.010132 80 ) (1056 2048 80 ) 
4 56 72 (1024 1776.010132 64 ) (1024 1544.010132 64 ) (1024 1544.010132 71 ) (1024 1776.010132 71 ) 
4 56 69 (1024 1544.010132 71 ) (1024 1544.010132 80 ) (1024 1776.010132 80 ) (1024 1776.010132 71 ) 
4 56 65 (1024 2048 80 ) (1024 2048 64 ) (1024 1776.010132 64 ) (1024 1776.010132 80 ) 
4 56 58 (1024 2048 64 ) (1056 2048 64 ) (1056 1544.010132 64 ) (1024 1544.010132 64 ) 
4 57 120 (1056 1024 80 ) (1024 1024 80 ) (1024 1024 64 ) (1056 1024 64 ) 
4 57 94 (1024 1200.010010 64 ) (1024 1024 64 ) (1024 1024 80 ) (1024 1200.010010 80 ) 
4 57 74 (1024 1448.010132 64 ) (1024 1200.010010 64 ) (1024 1200.010010 71 ) (1024 1448.010132 71 ) 
4 57 71 (1024 1200.010010 71 ) (1024 1200.010010 80 ) (1024 1448.010132 80 ) (1024 1448.010132 71 ) 
4 57 58 (1056 1448.010132 64 ) (1056 1024 64 ) (1024 1024 64 ) (1024 1448.010132 64 ) 
4 58 125 (2048 1024 -120 ) (2048 1024 64 ) (1024 1024 64 ) (1024 1024 -120 ) 
4 58 95 (1024 2048 64 ) (1024 2048 -120 ) (1024 1024 -120 ) (1024 1024 64 ) 
4 59 126 (2048 1024 -247.855011 ) (2048 1024 -166 ) (1024 1024 -166 ) (1024 1024 -247.855011 ) 
4 59 100 (1024 2048 -166 ) (1024 2048 -247.855011 ) (1024 1024 -247.855011 ) (1024 1024 -166 ) 
4 60 69 (1024 1776.010132 107 ) (1024 1776.010132 631.854980 ) (873 1776.010132 631.854980 ) (873 1776.010132 107 ) 
4 60 65 (1024 1776.010132 107 ) (873 1776.010132 107 ) (873 2048 107 ) (1024 2048 107 ) 
4 60 61 (873 2025.010132 264 ) (873 2025.010132 631.854980 ) (873 2048 631.854980 ) (873 2048 264 ) 
4 60 62 (873 2048 107 ) (873 2025.010132 107 ) (873 2025.010132 256 ) (873 2048 256 ) 
4 60 63 (873 2025.010132 107 ) (873 1776.010132 107 ) (873 1776.010132 631.854980 ) (873 2025.010132 631.854980 ) 
4 61 64 (268 2025.010132 264 ) (268 2025.010132 631.854980 ) (268 2048 631.854980 ) (268 2048 264 ) 
4 61 63 (268 2025.010132 631.854980 ) (268 2025.010132 264 ) (873 2025.010132 264 ) (873 2025.010132 631.854980 ) 
4 62 63 (268 2025.010132 256 ) (268 2025.010132 107 ) (873 2025.010132 107 ) (873 2025.010132 256 ) 
4 62 64 (268 2048 107 ) (268 2025.010132 107 ) (268 2025.010132 256 ) (268 2048 256 ) 
4 63 83 (268 1776.010132 196 ) (268 1776.010132 107 ) (280 1776.010132 107 ) (280 1776.010132 196 ) 
4 63 82 (280 1776.010132 631.854980 ) (268 1776.010132 631.854980 ) (268 1776.010132 196 ) (280 1776.010132 196 ) 
4 63 69 (873 1776.010132 631.854980 ) (280 1776.010132 631.854980 ) (280 1776.010132 107 ) (873 1776.010132 107 ) 
4 63 67 (873 1776.010132 107 ) (268 1776.010132 107 ) (268 2025.010132 107 ) (873 2025.010132 107 ) 
4 63 64 (268 2025.010132 107 ) (268 1776.010132 107 ) (268 1776.010132 631.854980 ) (268 2025.010132 631.854980 ) 
4 64 723 (0 2048 631.854980 ) (0 2048 107 ) (0 1776.010132 107 ) (0 1776.010132 631.854980 ) 
4 64 91 (0 1776.010132 196 ) (0 1776.010132 107 ) (200 1776.010132 107 ) (200 1776.010132 196 ) 
4 64 83 (200 1776.010132 107 ) (268 1776.010132 107 ) (268 1776.010132 196 ) (200 1776.010132 196 ) 
4 64 82 (268 1776.010132 631.854980 ) (0 1776.010132 631.854980 ) (0 1776.010132 196 ) (268 1776.010132 196 ) 
4 64 68 (268 1776.010132 107 ) (0 1776.010132 107 ) (0 2048 107 ) (268 2048 107 ) 
4 65 95 (873 2048 64 ) (1024 2048 64 ) (1024 1776.010132 64 ) (873 1776.010132 64 ) 
4 65 72 (873 1776.010132 64 ) (1024 1776.010132 64 ) (1024 1776.010132 71 ) (873 1776.010132 71 ) 
4 65 69 (1024 1776.010132 71 ) (1024 1776.010132 107 ) (873 1776.010132 107 ) (873 1776.010132 71 ) 
4 65 66 (873 2048 64 ) (873 2025.010132 64 ) (873 2025.010132 99 ) (873 2048 99 ) 
4 65 67 (873 2025.010132 64 ) (873 1776.010132 64 ) (873 1776.010132 107 ) (873 2025.010132 107 ) 
4 66 96 (400 2048 64 ) (416 2048 64 ) (416 2025.010132 64 ) (400 2025.010132 64 ) 
4 66 95 (416 2048 64 ) (873 2048 64 ) (873 2025.010132 64 ) (416 2025.010132 64 ) 
4 66 99 (268 2048 64 ) (400 2048 64 ) (400 2025.010132 64 ) (268 2025.010132 64 ) 
4 66 67 (268 2025.010132 99 ) (268 2025.010132 64 ) (873 2025.010132 64 ) (873 2025.010132 99 ) 
4 66 68 (268 2048 64 ) (268 2025.010132 64 ) (268 2025.010132 99 ) (268 2048 99 ) 
4 67 96 (416 1776.010132 64 ) (400 1776.010132 64 ) (400 2025.010132 64 ) (416 2025.010132 64 ) 
4 67 95 (873 2025.010132 64 ) (873 1776.010132 64 ) (416 1776.010132 64 ) (416 2025.010132 64 ) 
4 67 99 (400 1776.010132 64 ) (268 1776.010132 64 ) (268 2025.010132 64 ) (400 2025.010132 64 ) 
4 67 83 (268 1776.010132 64 ) (280 1776.010132 64 ) (280 1776.010132 107 ) (268 1776.010132 107 ) 
4 67 79 (280 1776.010132 64 ) (762 1776.010132 64 ) (762 1776.010132 71 ) (280 1776.010132 71 ) 
4 67 78 (762 1776.010132 64 ) (768 1776.010132 64 ) (768 1776.010132 65 ) (762 1776.010132 65 ) 
4 67 76 (768 1776.010132 64 ) (770 1776.010132 64 ) (770 1776.010132 67 ) (768 1776.010132 67 ) 
4 67 73 (770 1776.010132 64 ) (776 1776.010132 64 ) (776 1776.010132 65 ) (770 1776.010132 65 ) 
4 67 72 (776 1776.010132 64 ) (873 1776.010132 64 ) (873 1776.010132 71 ) (776 1776.010132 71 ) 
4 67 69 (873 1776.010132 71 ) (873 1776.010132 107 ) (280 1776.010132 107 ) (280 1776.010132 71 ) 
4 67 68 (268 2025.010132 64 ) (268 1776.010132 64 ) (268 1776.010132 107 ) (268 2025.010132 107 ) 
4 68 727 (0 2048 71.750000 ) (0 2048 64 ) (0 1776.010132 64 ) (0 1776.010132 71.750000 ) 
4 68 724 (0 2048 76.750000 ) (0 2048 71.750000 ) (0 1776.010132 71.750000 ) (0 1776.010132 76.750000 ) 
4 68 723 (0 2048 107 ) (0 2048 76.750000 ) (0 1776.010132 76.750000 ) (0 1776.010132 107 ) 
4 68 99 (0 1776.010132 64 ) (0 2048 64 ) (268 2048 64 ) (268 1776.010132 64 ) 
4 68 91 (0 1776.010132 64 ) (200 1776.010132 64 ) (200 1776.010132 107 ) (0 1776.010132 107 ) 
4 68 83 (200 1776.010132 64 ) (268 1776.010132 64 ) (268 1776.010132 107 ) (200 1776.010132 107 ) 
4 69 86 (280 1620 71 ) (280 1544.010132 71 ) (280 1544.010132 80 ) (280 1620 80 ) 
5 69 85 (280 1544.010132 80 ) (280 1544.010132 192 ) (280 1547.996216 192 ) (280 1620 111.995979 ) (280 1620 80 ) 
3 69 84 (280 1548 196 ) (280 1620 196 ) (280 1620 139.476578 ) 
5 69 83 (280 1776.010132 196 ) (280 1776.010132 71 ) (280 1707.074097 71 ) (280 1620 139.438782 ) (280 1620 196 ) 
4 69 82 (280 1776.010132 631.854980 ) (280 1776.010132 196 ) (280 1544.010132 196 ) (280 1544.010132 631.854980 ) 
4 69 79 (280 1544.010132 71 ) (280 1776.010132 71 ) (762 1776.010132 71 ) (762 1544.010132 71 ) 
4 69 72 (776 1776.010132 71 ) (1024 1776.010132 71 ) (1024 1544.010132 71 ) (776 1544.010132 71 ) 
4 69 70 (1024 1544.010132 80 ) (1024 1544.010132 631.854980 ) (280 1544.010132 631.854980 ) (280 1544.010132 80 ) 
4 70 85 (280 1448.010132 80 ) (280 1448.010132 192 ) (280 1544.010132 192 ) (280 1544.010132 80 ) 
4 70 82 (280 1448.010132 196 ) (280 1448.010132 631.854980 ) (280 1544.010132 631.854980 ) (280 1544.010132 196 ) 
4 70 71 (1024 1448.010132 80 ) (1024 1448.010132 631.854980 ) (280 1448.010132 631.854980 ) (280 1448.010132 80 ) 
4 71 94 (1024 1200.010010 71 ) (1024 1200.010010 631.854980 ) (280 1200.010010 631.854980 ) (280 1200.010010 71 ) 
5 71 90 (280 1280.773804 71 ) (280 1200.010010 71 ) (280 1200.010010 196 ) (280 1364 196 ) (280 1364 136.336411 ) 
5 71 89 (280 1448.010132 71 ) (280 1364 71 ) (280 1364 112 ) (280 1439.996216 192 ) (280 1448.010132 192 ) 
3 71 88 (280 1364 136.336426 ) (280 1364 192 ) (280 1434.904907 192 ) 
4 71 87 (280 1364 192 ) (280 1364 196 ) (280 1440 196 ) (280 1434.904785 192 ) 
4 71 82 (280 1200.010010 196 ) (280 1200.010010 631.854980 ) (280 1448.010132 631.854980 ) (280 1448.010132 196 ) 
4 71 81 (762 1200.010010 71 ) (280 1200.010010 71 ) (280 1448.010132 71 ) (762 1448.010132 71 ) 
4 71 74 (1024 1200.010010 71 ) (776 1200.010010 71 ) (776 1448.010132 71 ) (1024 1448.010132 71 ) 
4 72 95 (776 1776.010132 64 ) (1024 1776.010132 64 ) (1024 1544.010132 64 ) (776 1544.010132 64 ) 
4 72 73 (776 1776.010132 65 ) (776 1776.010132 64 ) (776 1544.010132 64 ) (776 1544.010132 65 ) 
4 73 95 (770 1776.010132 64 ) (776 1776.010132 64 ) (776 1544.010132 64 ) (770 1544.010132 64 ) 
4 73 76 (770 1776.010132 65 ) (770 1776.010132 64 ) (770 1544.010132 64 ) (770 1544.010132 65 ) 
4 74 95 (1024 1448.010132 64 ) (1024 1200.010010 64 ) (776 1200.010010 64 ) (776 1448.010132 64 ) 
4 74 94 (776 1200.010010 64 ) (1024 1200.010010 64 ) (1024 1200.010010 71 ) (776 1200.010010 71 ) 
4 74 75 (776 1448.010132 65 ) (776 1448.010132 64 ) (776 1200.010010 64 ) (776 1200.010010 65 ) 
4 75 95 (776 1200.010010 64 ) (770 1200.010010 64 ) (770 1448.010132 64 ) (776 1448.010132 64 ) 
4 75 94 (770 1200.010010 64 ) (776 1200.010010 64 ) (776 1200.010010 65 ) (770 1200.010010 65 ) 
4 75 77 (770 1200.010010 64 ) (770 1200.010010 65 ) (770 1448.010132 65 ) (770 1448.010132 64 ) 
4 76 95 (768 1776.010132 64 ) (770 1776.010132 64 ) (770 1544.010132 64 ) (768 1544.010132 64 ) 
4 76 78 (768 1776.010132 65 ) (768 1776.010132 64 ) (768 1544.010132 64 ) (768 1544.010132 65 ) 
4 77 95 (770 1448.010132 64 ) (770 1200.010010 64 ) (768 1200.010010 64 ) (768 1448.010132 64 ) 
4 77 94 (768 1200.010010 64 ) (770 1200.010010 64 ) (770 1200.010010 67 ) (768 1200.010010 67 ) 
4 77 80 (768 1200.010010 64 ) (768 1200.010010 65 ) (768 1448.010132 65 ) (768 1448.010132 64 ) 
4 78 95 (762 1776.010132 64 ) (768 1776.010132 64 ) (768 1544.010132 64 ) (762 1544.010132 64 ) 
4 78 79 (762 1776.010132 65 ) (762 1776.010132 64 ) (762 1544.010132 64 ) (762 1544.010132 65 ) 
4 79 95 (416 1776.010132 64 ) (762 1776.010132 64 ) (762 1544.010132 64 ) (416 1544.010132 64 ) 
4 79 99 (280 1776.010132 64 ) (400 1776.010132 64 ) (400 1544.010132 64 ) (280 1544.010132 64 ) 
4 79 86 (280 1620 64 ) (280 1544.010132 64 ) (280 1544.010132 71 ) (280 1620 71 ) 
4 79 83 (280 1776.010132 71 ) (280 1776.010132 64 ) (280 1715.980103 64 ) (280 1707.074097 71 ) 
4 80 95 (768 1448.010132 64 ) (768 1200.010010 64 ) (762 1200.010010 64 ) (762 1448.010132 64 ) 
4 80 94 (762 1200.010010 64 ) (768 1200.010010 64 ) (768 1200.010010 65 ) (762 1200.010010 65 ) 
4 80 81 (762 1448.010132 65 ) (762 1448.010132 64 ) (762 1200.010010 64 ) (762 1200.010010 65 ) 
4 81 95 (762 1200.010010 64 ) (416 1200.010010 64 ) (416 1448.010132 64 ) (762 1448.010132 64 ) 
4 81 99 (400 1200.010010 64 ) (280 1200.010010 64 ) (280 1448.010132 64 ) (400 1448.010132 64 ) 
4 81 94 (280 1200.010010 64 ) (762 1200.010010 64 ) (762 1200.010010 71 ) (280 1200.010010 71 ) 
4 81 90 (280 1271.857178 64 ) (280 1200.010010 64 ) (280 1200.010010 71 ) (280 1280.773804 71 ) 
4 81 89 (280 1448.010132 64 ) (280 1364 64 ) (280 1364 71 ) (280 1448.010132 71 ) 
4 82 755 (0 1575.010132 196 ) (0 1200.010010 196 ) (0 1200.010010 631.854980 ) (0 1575.010132 631.854980 ) 
4 82 723 (0 1776.010132 631.854980 ) (0 1776.010132 196 ) (0 1575.010132 196 ) (0 1575.010132 631.854980 ) 
4 82 94 (0 1200.010010 631.854980 ) (0 1200.010010 196 ) (280 1200.010010 196 ) (280 1200.010010 631.854980 ) 
4 82 92 (200 1544.010132 196 ) (200 1448.010132 196 ) (0 1448.010132 196 ) (0 1544.010132 196 ) 
4 82 91 (0 1776.010132 196 ) (200 1776.010132 196 ) (200 1544.010132 196 ) (0 1544.010132 196 ) 
4 82 93 (200 1448.010132 196 ) (200 1200.010010 196 ) (0 1200.010010 196 ) (0 1448.010132 196 ) 
4 82 90 (280 1364 196 ) (280 1200.010010 196 ) (200 1200.010010 196 ) (200 1364 196 ) 
4 82 87 (280 1440 196 ) (280 1364 196 ) (200 1364 196 ) (200 1440 196 ) 
4 82 84 (280 1620 196 ) (280 1548 196 ) (200 1547.994995 196 ) (200 1620 196 ) 
4 82 83 (200 1776.010132 196 ) (280 1776.010132 196 ) (280 1620 196 ) (200 1620 196 ) 
4 83 99 (200 1776.010132 64 ) (280 1776.010132 64 ) (280 1715.980103 64 ) (200 1715.970215 64 ) 
5 83 91 (200 1620 196 ) (200 1776.010132 196 ) (200 1776.010132 64 ) (200 1715.970215 64 ) (200 1620 139.430908 ) 
4 83 84 (200 1620 196 ) (200 1620 139.430893 ) (280 1620 139.438782 ) (280 1620 196 ) 
3 84 91 (200 1547.994995 196 ) (200 1620 196 ) (200 1620 139.472626 ) 
4 85 92 (200 1544.010132 80 ) (200 1448.010132 80 ) (200 1448.010132 192 ) (200 1544.010132 192 ) 
5 85 91 (200 1620 112 ) (200 1620 80 ) (200 1544.010132 80 ) (200 1544.010132 192 ) (200 1548 192 ) 
4 85 89 (200 1448.010132 192 ) (200 1448.010132 80 ) (280 1448.010132 80 ) (280 1448.010132 192 ) 
4 85 86 (200 1544.010132 80 ) (200 1620 80 ) (280 1620 80 ) (280 1544.010132 80 ) 
4 86 99 (280 1620 64 ) (280 1544.010132 64 ) (200 1544.010132 64 ) (200 1620 64 ) 
4 86 91 (200 1620 80 ) (200 1620 64 ) (200 1544.010132 64 ) (200 1544.010132 80 ) 
4 87 93 (200 1364 196 ) (200 1440 196 ) (200 1434.904785 192 ) (200 1364 192 ) 
4 87 90 (200 1364 196 ) (200 1364 192 ) (280 1364 192 ) (280 1364 196 ) 
4 87 88 (280 1364 192 ) (200 1364 192 ) (200 1434.904785 192 ) (280 1434.904785 192 ) 
3 88 93 (200 1364 136.336395 ) (200 1364 192 ) (200 1434.904907 192 ) 
4 88 90 (200 1364 192 ) (200 1364 136.336395 ) (280 1364 136.336395 ) (280 1364 192 ) 
4 89 99 (280 1448.010132 64 ) (280 1364 64 ) (200 1364 64 ) (200 1448.010132 64 ) 
5 89 93 (200 1448.010132 192 ) (200 1448.010132 64 ) (200 1364 64 ) (200 1364 112 ) (200 1439.996216 192 ) 
4 90 99 (280 1271.857178 64 ) (280 1200.010010 64 ) (200 1200.010010 64 ) (200 1271.857178 64 ) 
4 90 94 (200 1200.010010 64 ) (280 1200.010010 64 ) (280 1200.010010 196 ) (200 1200.010010 196 ) 
5 90 93 (200 1200.010010 64 ) (200 1200.010010 196 ) (200 1364 196 ) (200 1364 136.336395 ) (200 1271.857178 64 ) 
4 91 756 (0 1575.010132 64 ) (0 1544.010132 64 ) (0 1544.010132 80 ) (0 1575.010132 80 ) 
4 91 755 (0 1544.010132 80 ) (0 1544.010132 196 ) (0 1575.010132 196 ) (0 1575.010132 80 ) 
4 91 729 (0 1626.010132 64 ) (0 1575.010132 64 ) (0 1575.010132 71.750000 ) (0 1626.010132 71.750000 ) 
4 91 727 (0 1776.010132 71.750000 ) (0 1776.010132 64 ) (0 1626.010132 64 ) (0 1626.010132 71.750000 ) 
4 91 724 (0 1776.010132 76.750000 ) (0 1776.010132 71.750000 ) (0 1575.010132 71.750000 ) (0 1575.010132 76.750000 ) 
4 91 723 (0 1776.010132 196 ) (0 1776.010132 76.750000 ) (0 1575.010132 76.750000 ) (0 1575.010132 196 ) 
4 91 99 (0 1544.010132 64 ) (0 1776.010132 64 ) (200 1776.010132 64 ) (200 1544.010132 64 ) 
4 91 92 (200 1544.010132 80 ) (200 1544.010132 196 ) (0 1544.010132 196 ) (0 1544.010132 80 ) 
4 92 755 (0 1448.010132 80 ) (0 1448.010132 196 ) (0 1544.010132 196 ) (0 1544.010132 80 ) 
4 92 93 (200 1448.010132 80 ) (200 1448.010132 196 ) (0 1448.010132 196 ) (0 1448.010132 80 ) 
4 93 757 (0 1448.010132 64 ) (0 1200.010010 64 ) (0 1200.010010 80 ) (0 1448.010132 80 ) 
4 93 755 (0 1200.010010 80 ) (0 1200.010010 196 ) (0 1448.010132 196 ) (0 1448.010132 80 ) 
4 93 99 (0 1200.010010 64 ) (0 1448.010132 64 ) (200 1448.010132 64 ) (200 1200.010010 64 ) 
4 93 94 (0 1200.010010 196 ) (0 1200.010010 64 ) (200 1200.010010 64 ) (200 1200.010010 196 ) 
4 94 757 (0 1024 64 ) (0 1024 80 ) (0 1200.010010 80 ) (0 1200.010010 64 ) 
4 94 755 (0 1024 80 ) (0 1024 631.854980 ) (0 1200.010010 631.854980 ) (0 1200.010010 80 ) 
4 94 152 (200 1024 196 ) (0 1024 196 ) (0 1024 64 ) (200 1024 64 ) 
4 94 141 (200 1024 192 ) (200 1024 64 ) (280 1024 64 ) (280 1024 192 ) 
4 94 140 (280 1024 196 ) (200 1024 196 ) (200 1024 192 ) (280 1024 192 ) 
4 94 134 (1024 1024 64 ) (1024 1024 80 ) (280 1024 80 ) (280 1024 64 ) 
4 94 129 (584 1024 196 ) (492 1024 196 ) (492 1024 80 ) (584 1024 80 ) 
4 94 128 (1024 1024 80 ) (1024 1024 196 ) (584 1024 196 ) (584 1024 80 ) 
4 94 133 (492 1024 196 ) (280 1024 196 ) (280 1024 80 ) (492 1024 80 ) 
4 94 127 (1024 1024 196 ) (1024 1024 631.854980 ) (0 1024 631.854980 ) (0 1024 196 ) 
4 94 98 (400 1200.010010 64 ) (416 1200.010010 64 ) (416 1024 64 ) (400 1024 64 ) 
4 94 95 (416 1200.010010 64 ) (1024 1200.010010 64 ) (1024 1024 64 ) (416 1024 64 ) 
4 94 99 (0 1024 64 ) (0 1200.010010 64 ) (400 1200.010010 64 ) (400 1024 64 ) 
4 95 156 (1024 1024 -120 ) (1024 1024 57 ) (416 1024 57 ) (416 1024 -120 ) 
4 95 139 (1024 1024 57 ) (1024 1024 64 ) (416 1024 64 ) (416 1024 57 ) 
4 95 97 (416 1776.010132 -120 ) (416 1200.010010 -120 ) (416 1200.010010 63 ) (416 1776.010132 63 ) 
4 95 96 (416 2048 -120 ) (416 1776.010132 -120 ) (416 1776.010132 64 ) (416 2048 64 ) 
4 95 98 (416 1200.010010 -120 ) (416 1024 -120 ) (416 1024 64 ) (416 1200.010010 64 ) 
4 96 97 (400 1776.010132 63 ) (400 1776.010132 -120 ) (416 1776.010132 -120 ) (416 1776.010132 63 ) 
4 96 99 (400 2048 -120 ) (400 1776.010132 -120 ) (400 1776.010132 64 ) (400 2048 64 ) 
4 97 99 (400 1776.010132 -120 ) (400 1200.010010 -120 ) (400 1200.010010 63 ) (400 1776.010132 63 ) 
4 97 98 (400 1200.010010 63 ) (400 1200.010010 -120 ) (416 1200.010010 -120 ) (416 1200.010010 63 ) 
4 98 156 (400 1024 57 ) (400 1024 -120 ) (416 1024 -120 ) (416 1024 57 ) 
4 98 139 (416 1024 64 ) (400 1024 64 ) (400 1024 57 ) (416 1024 57 ) 
4 98 99 (400 1200.010010 -120 ) (400 1024 -120 ) (400 1024 64 ) (400 1200.010010 64 ) 
4 99 760 (0 1239.788940 64 ) (0 1575.010132 64 ) (0 1575.010132 -120 ) (0 1239.788940 -120 ) 
4 99 758 (0 1024 -120 ) (0 1024 64 ) (0 1239.788940 64 ) (0 1239.788940 -120 ) 
4 99 732 (0 1626.010132 41.748001 ) (0 1626.010132 7 ) (0 1575.010132 7 ) (0 1575.010132 41.748001 ) 
4 99 733 (0 1626.010132 7 ) (0 1626.010132 -120 ) (0 1575.010132 -120 ) (0 1575.010132 7 ) 
4 99 731 (0 1626.010132 51.750000 ) (0 1626.010132 41.748001 ) (0 1575.010132 41.748001 ) (0 1575.010132 51.750000 ) 
4 99 729 (0 1575.010132 64 ) (0 1626.010132 64 ) (0 1626.010132 51.750000 ) (0 1575.010132 51.750000 ) 
4 99 727 (0 1626.010132 64 ) (0 2048 64 ) (0 2048 -120 ) (0 1626.010132 -120 ) 
4 99 156 (0 1024 57 ) (0 1024 -120 ) (400 1024 -120 ) (400 1024 57 ) 
4 99 152 (200 1024 64 ) (0 1024 64 ) (0 1024 57 ) (200 1024 57 ) 
4 99 141 (280 1024 64 ) (200 1024 64 ) (200 1024 57 ) (280 1024 57 ) 
4 99 139 (400 1024 64 ) (280 1024 64 ) (280 1024 57 ) (400 1024 57 ) 
4 100 775 (0 1024 -247.855011 ) (0 1024 -166 ) (0 1575.010132 -166 ) (0 1575.010132 -247.855011 ) 
4 100 734 (0 1575.010132 -166 ) (0 1626.010132 -166 ) (0 1626.010132 -247.855011 ) (0 1575.010132 -247.855011 ) 
4 100 728 (0 1626.010132 -166 ) (0 2048 -166 ) (0 2048 -247.855011 ) (0 1626.010132 -247.855011 ) 
4 100 157 (1024 1024 -247.855011 ) (1024 1024 -166 ) (0 1024 -166 ) (0 1024 -247.855011 ) 
4 101 104 (4219.209961 0 631.854980 ) (4096 0 631.854980 ) (4096 0 -247.855011 ) (4219.209961 0 -247.855011 ) 
4 101 103 (4096 1024 -166 ) (4096 1024 -247.855011 ) (4096 0 -247.855011 ) (4096 0 -166 ) 
4 101 102 (4096 1024 631.854980 ) (4096 1024 -120 ) (4096 0 -120 ) (4096 0 631.854980 ) 
4 102 114 (3072 1024 631.854980 ) (3072 1024 -120 ) (3072 0 -120 ) (3072 0 631.854980 ) 
4 102 105 (4096 0 -120 ) (4096 0 631.854980 ) (3072 0 631.854980 ) (3072 0 -120 ) 
4 103 115 (3072 1024 -166 ) (3072 1024 -247.855011 ) (3072 0 -247.855011 ) (3072 0 -166 ) 
4 103 106 (4096 0 -247.855011 ) (4096 0 -166 ) (3072 0 -166 ) (3072 0 -247.855011 ) 
4 104 107 (4219.209961 -1024 631.854980 ) (4096 -1024 631.854980 ) (4096 -1024 -247.855011 ) (4219.209961 -1024 -247.855011 ) 
4 104 106 (4096 0 -166 ) (4096 0 -247.855011 ) (4096 -1024 -247.855011 ) (4096 -1024 -166 ) 
4 104 105 (4096 0 631.854980 ) (4096 0 -120 ) (4096 -1024 -120 ) (4096 -1024 631.854980 ) 
4 105 116 (3072 -1024 -120 ) (3072 -1024 631.854980 ) (3072 0 631.854980 ) (3072 0 -120 ) 
4 105 108 (4096 -1024 -120 ) (4096 -1024 631.854980 ) (3072 -1024 631.854980 ) (3072 -1024 -120 ) 
4 106 117 (3072 -1024 -247.855011 ) (3072 -1024 -166 ) (3072 0 -166 ) (3072 0 -247.855011 ) 
4 106 109 (4096 -1024 -247.855011 ) (4096 -1024 -166 ) (3072 -1024 -166 ) (3072 -1024 -247.855011 ) 
4 107 110 (4219.209961 -2048 631.854980 ) (4096 -2048 631.854980 ) (4096 -2048 -247.855011 ) (4219.209961 -2048 -247.855011 ) 
4 107 109 (4096 -1024 -166 ) (4096 -1024 -247.855011 ) (4096 -2048 -247.855011 ) (4096 -2048 -166 ) 
4 107 108 (4096 -1024 631.854980 ) (4096 -1024 -120 ) (4096 -2048 -120 ) (4096 -2048 631.854980 ) 
4 108 592 (3072 -2048 -120 ) (3072 -2048 631.854980 ) (3072 -1024 631.854980 ) (3072 -1024 -120 ) 
4 108 111 (3072 -2048 631.854980 ) (3072 -2048 -120 ) (4096 -2048 -120 ) (4096 -2048 631.854980 ) 
4 109 593 (3072 -2048 -247.855011 ) (3072 -2048 -166 ) (3072 -1024 -166 ) (3072 -1024 -247.855011 ) 
4 109 112 (3072 -2048 -166 ) (3072 -2048 -247.855011 ) (4096 -2048 -247.855011 ) (4096 -2048 -166 ) 
4 110 113 (4096 -2432 -247.855011 ) (4096 -2555.159912 -247.855011 ) (4096 -2555.159912 631.854980 ) (4096 -2432 631.854980 ) 
4 110 111 (4096 -2048 631.854980 ) (4096 -2048 -120 ) (4096 -2432 -120 ) (4096 -2432 631.854980 ) 
4 110 112 (4096 -2048 -166 ) (4096 -2048 -247.855011 ) (4096 -2432 -247.855011 ) (4096 -2432 -166 ) 
4 111 693 (3072 -2432 631.854980 ) (3072 -2048 631.854980 ) (3072 -2048 -120 ) (3072 -2432 -120 ) 
4 111 113 (4096 -2432 -120 ) (4096 -2432 631.854980 ) (3072 -2432 631.854980 ) (3072 -2432 -120 ) 
4 112 694 (3072 -2048 -166 ) (3072 -2048 -247.855011 ) (3072 -2432 -247.855011 ) (3072 -2432 -166 ) 
4 112 113 (3072 -2432 -247.855011 ) (4096 -2432 -247.855011 ) (4096 -2432 -166 ) (3072 -2432 -166 ) 
4 113 695 (3072 -2555.159912 631.854980 ) (3072 -2432 631.854980 ) (3072 -2432 -247.855011 ) (3072 -2555.159912 -247.855011 ) 
4 114 125 (2048 1024 64 ) (2048 1024 -120 ) (2048 0 -120 ) (2048 0 64 ) 
4 114 123 (2048 280.012024 64 ) (2048 0 64 ) (2048 0 80 ) (2048 280.012024 80 ) 
4 114 121 (2048 816.012085 64 ) (2048 280.012024 64 ) (2048 280.012024 80 ) (2048 816.012085 80 ) 
4 114 119 (2048 1024 80 ) (2048 1024 64 ) (2048 816.012085 64 ) (2048 816.012085 80 ) 
4 114 118 (2048 1024 631.854980 ) (2048 1024 80 ) (2048 0 80 ) (2048 0 631.854980 ) 
4 114 116 (3072 0 -120 ) (3072 0 631.854980 ) (2048 0 631.854980 ) (2048 0 -120 ) 
4 115 126 (2048 1024 -166 ) (2048 1024 -247.855011 ) (2048 0 -247.855011 ) (2048 0 -166 ) 
4 115 117 (3072 0 -247.855011 ) (3072 0 -166 ) (2048 0 -166 ) (2048 0 -247.855011 ) 
4 116 592 (3072 -1024 -120 ) (3072 -1024 631.854980 ) (2048 -1024 631.854980 ) (2048 -1024 -120 ) 
4 116 178 (2048 -1024 -120 ) (2048 -1024 -118 ) (2048 0 -118 ) (2048 0 -120 ) 
4 116 174 (2048 -359.037506 64 ) (2048 -345.469849 64 ) (2048 -345.469879 -118 ) (2048 -359.037537 -118 ) 
4 116 172 (2048 -645.169922 64 ) (2048 -359.037506 64 ) (2048 -359.037537 -118 ) (2048 -645.169006 -118 ) 
4 116 171 (2048 -1024 -118 ) (2048 -1024 64 ) (2048 -645.169922 64 ) (2048 -645.169006 -118 ) 
4 116 166 (2048 -345.469849 64 ) (2048 -324.086700 64 ) (2048 -324.086731 -118 ) (2048 -345.469879 -118 ) 
4 116 163 (2048 -324.086700 64 ) (2048 0 64 ) (2048 0 -118 ) (2048 -324.086731 -118 ) 
4 116 161 (2048 -1024 64 ) (2048 -1024 80 ) (2048 -415.988007 80 ) (2048 -415.988007 64 ) 
4 116 159 (2048 -415.988007 80 ) (2048 0 80 ) (2048 0 64 ) (2048 -415.988007 64 ) 
4 116 158 (2048 -1024 80 ) (2048 -1024 631.854980 ) (2048 0 631.854980 ) (2048 0 80 ) 
4 117 593 (3072 -1024 -247.855011 ) (3072 -1024 -166 ) (2048 -1024 -166 ) (2048 -1024 -247.855011 ) 
4 117 179 (2048 -1024 -247.855011 ) (2048 -1024 -166 ) (2048 0 -166 ) (2048 0 -247.855011 ) 
4 118 158 (2048 0 80 ) (2048 0 631.854980 ) (1024 0 631.854980 ) (1024 0 80 ) 
4 118 128 (1024 1024 196 ) (1024 1024 80 ) (1024 0 80 ) (1024 0 196 ) 
4 118 127 (1024 1024 631.854980 ) (1024 1024 196 ) (1024 0 196 ) (1024 0 631.854980 ) 
4 118 124 (1024 0 80 ) (1024 184.012009 80 ) (1600 184.012009 80 ) (1600 0 80 ) 
4 118 123 (1696 280.012024 80 ) (2048 280.012024 80 ) (2048 0 80 ) (1696 0 80 ) 
4 118 122 (1024 280.012024 80 ) (1024 720.012085 80 ) (1152 720.012085 80 ) (1152 280.012024 80 ) 
4 118 121 (1152 816.012085 80 ) (2048 816.012085 80 ) (2048 280.012024 80 ) (1152 280.012024 80 ) 
4 118 119 (1152 1024 80 ) (2048 1024 80 ) (2048 816.012085 80 ) (1152 816.012085 80 ) 
4 118 120 (1024 816.012085 80 ) (1024 1024 80 ) (1056 1024 80 ) (1056 816.012085 80 ) 
4 119 125 (1152 1024 64 ) (2048 1024 64 ) (2048 816.012085 64 ) (1152 816.012085 64 ) 
4 119 121 (1152 816.012085 64 ) (2048 816.012085 64 ) (2048 816.012085 80 ) (1152 816.012085 80 ) 
4 120 134 (1024 1024 80 ) (1024 1024 64 ) (1024 816.012085 64 ) (1024 816.012085 80 ) 
4 120 125 (1024 816.012085 64 ) (1024 1024 64 ) (1056 1024 64 ) (1056 816.012085 64 ) 
4 121 125 (1152 816.012085 64 ) (2048 816.012085 64 ) (2048 280.012024 64 ) (1152 280.012024 64 ) 
4 121 123 (1696 280.012024 64 ) (2048 280.012024 64 ) (2048 280.012024 80 ) (1696 280.012024 80 ) 
4 121 122 (1152 720.012085 64 ) (1152 280.012024 64 ) (1152 280.012024 80 ) (1152 720.012085 80 ) 
4 122 135 (1024 720.012085 64 ) (1024 280.012024 64 ) (1024 280.012024 80 ) (1024 720.012085 80 ) 
4 122 125 (1024 280.012024 64 ) (1024 720.012085 64 ) (1152 720.012085 64 ) (1152 280.012024 64 ) 
4 123 159 (2048 0 64 ) (2048 0 80 ) (1696 0 80 ) (1696 0 64 ) 
4 123 125 (2048 0 64 ) (1696 0 64 ) (1696 280.012024 64 ) (2048 280.012024 64 ) 
4 124 160 (1600 0 80 ) (1024 0 80 ) (1024 0 64 ) (1600 0 64 ) 
4 124 137 (1024 184.012009 64 ) (1024 0 64 ) (1024 0 80 ) (1024 184.012009 80 ) 
4 124 125 (1600 0 64 ) (1024 0 64 ) (1024 184.012009 64 ) (1600 184.012009 64 ) 
4 125 178 (2048 0 -120 ) (2048 0 -118 ) (1024 0 -118 ) (1024 0 -120 ) 
4 125 163 (2048 0 -118 ) (2048 0 64 ) (1024 0 64 ) (1024 0 -118 ) 
4 125 156 (1024 1024 57 ) (1024 1024 -120 ) (1024 0 -120 ) (1024 0 57 ) 
4 125 139 (1024 1024 64 ) (1024 1024 57 ) (1024 0 57 ) (1024 0 64 ) 
4 126 179 (2048 0 -247.855011 ) (2048 0 -166 ) (1024 0 -166 ) (1024 0 -247.855011 ) 
4 126 157 (1024 1024 -166 ) (1024 1024 -247.855011 ) (1024 0 -247.855011 ) (1024 0 -166 ) 
4 127 807 (0 0 196 ) (0 0 631.854980 ) (0 1024 631.854980 ) (0 1024 196 ) 
4 127 531 (364.100037 0 242 ) (0 0 242 ) (0 0 196 ) (364.100037 0 196 ) 
4 127 259 (512 0 242 ) (364.100037 0 242 ) (364.100037 0 196 ) (512 0 196 ) 
4 127 257 (608 0 242 ) (512 0 242 ) (512 0 196 ) (608 0 196 ) 
4 127 256 (1024 0 196 ) (1024 0 242 ) (608 0 242 ) (608 0 196 ) 
4 127 223 (1024 0 242 ) (1024 0 247 ) (0 0 247 ) (0 0 242 ) 
3 127 221 (456.101990 0 631.854980 ) (43.110352 0 631.854980 ) (456.101990 0 317 ) 
4 127 219 (456.101990 0 323 ) (456.101990 0 317 ) (547.920105 0 247 ) (555.190552 0 247 ) 
5 127 218 (1024 0 247 ) (1024 0 631.854980 ) (456.101990 0 631.854980 ) (456.101990 0 323 ) (555.190552 0 247 ) 
4 127 180 (43.110352 0 631.854980 ) (0 0 631.854980 ) (0 0 247 ) (547.920105 0 247 ) 
4 127 153 (0 720.012085 196 ) (0 816.012085 196 ) (200 816.012085 196 ) (200 720.012085 196 ) 
4 127 152 (0 816.012085 196 ) (0 1024 196 ) (200 1024 196 ) (200 816.012085 196 ) 
4 127 155 (200 0 196 ) (0 0 196 ) (0 720.012085 196 ) (200 720.012085 196 ) 
4 127 150 (280 0 196 ) (200 0 196 ) (200 640.012085 196 ) (280 640.012085 196 ) 
4 127 147 (200 640.012085 196 ) (200 716 196 ) (280 716 196 ) (280 640.012085 196 ) 
4 127 140 (200 824 196 ) (200 1024 196 ) (280 1024 196 ) (280 824 196 ) 
4 127 130 (492 480.012024 196 ) (492 572.012085 196 ) (584 572.012085 196 ) (584 480.012024 196 ) 
4 127 129 (492 572.012085 196 ) (492 1024 196 ) (584 1024 196 ) (584 572.012085 196 ) 
4 127 132 (584 0 196 ) (492 0 196 ) (492 480.012024 196 ) (584 480.012024 196 ) 
4 127 128 (1024 1024 196 ) (1024 0 196 ) (584 0 196 ) (584 1024 196 ) 
4 127 133 (492 0 196 ) (280 0 196 ) (280 1024 196 ) (492 1024 196 ) 
4 128 257 (608 0 196 ) (584 0 196 ) (584 0 80 ) (608 0 80 ) 
4 128 256 (1024 0 80 ) (1024 0 196 ) (608 0 196 ) (608 0 80 ) 
4 128 137 (1024 0 80 ) (608 0 80 ) (608 184.012009 80 ) (1024 184.012009 80 ) 
4 128 134 (584 816.012085 80 ) (584 1024 80 ) (1024 1024 80 ) (1024 816.012085 80 ) 
4 128 135 (584 280.012024 80 ) (584 720.012085 80 ) (1024 720.012085 80 ) (1024 280.012024 80 ) 
4 128 130 (584 480.012024 108 ) (584 480.012024 196 ) (584 572.012085 196 ) (584 572.012085 108 ) 
4 128 131 (584 572.012085 80 ) (584 480.012024 80 ) (584 480.012024 88 ) (584 572.012085 88 ) 
4 128 129 (584 1024 80 ) (584 572.012085 80 ) (584 572.012085 196 ) (584 1024 196 ) 
4 128 132 (584 480.012024 80 ) (584 0 80 ) (584 0 196 ) (584 480.012024 196 ) 
4 129 134 (492 816.012085 80 ) (492 1024 80 ) (584 1024 80 ) (584 816.012085 80 ) 
4 129 135 (492 572.012085 80 ) (492 720.012085 80 ) (584 720.012085 80 ) (584 572.012085 80 ) 
4 129 130 (492 572.012085 196 ) (492 572.012085 108 ) (584 572.012085 108 ) (584 572.012085 196 ) 
4 129 131 (492 572.012085 88 ) (492 572.012085 80 ) (584 572.012085 80 ) (584 572.012085 88 ) 
4 129 133 (492 1024 80 ) (492 572.012085 80 ) (492 572.012085 196 ) (492 1024 196 ) 
4 130 132 (492 480.012024 196 ) (492 480.012024 108 ) (584 480.012024 108 ) (584 480.012024 196 ) 
4 130 133 (492 480.012024 108 ) (492 480.012024 196 ) (492 572.012085 196 ) (492 572.012085 108 ) 
4 131 135 (492 480.012024 80 ) (492 572.012085 80 ) (584 572.012085 80 ) (584 480.012024 80 ) 
4 131 133 (492 572.012085 80 ) (492 480.012024 80 ) (492 480.012024 88 ) (492 572.012085 88 ) 
4 131 132 (492 480.012024 88 ) (492 480.012024 80 ) (584 480.012024 80 ) (584 480.012024 88 ) 
4 132 259 (512 0 196 ) (492 0 196 ) (492 0 80 ) (512 0 80 ) 
4 132 257 (584 0 196 ) (512 0 196 ) (512 0 80 ) (584 0 80 ) 
4 132 138 (512 0 80 ) (492 0 80 ) (492 184.012009 80 ) (512 184.012009 80 ) 
4 132 136 (492 184.012009 80 ) (492 280.012024 80 ) (512 280.012024 80 ) (512 184.012009 80 ) 
4 132 135 (492 280.012024 80 ) (492 480.012024 80 ) (584 480.012024 80 ) (584 280.012024 80 ) 
4 132 133 (492 480.012024 80 ) (492 0 80 ) (492 0 196 ) (492 480.012024 196 ) 
4 133 531 (364.100037 0 196 ) (280 0 196 ) (280 0 80 ) (364.100037 0 80 ) 
4 133 259 (492 0 196 ) (364.100037 0 196 ) (364.100037 0 80 ) (492 0 80 ) 
5 133 150 (280 0 80 ) (280 0 196 ) (280 640.012085 196 ) (280 640.012085 136.345963 ) (280 568.238098 80 ) 
3 133 149 (280 640.012085 136.345963 ) (280 640.012085 192 ) (280 710.904724 192 ) 
5 133 148 (280 720.012085 192 ) (280 720.012085 80 ) (280 640.012085 80 ) (280 640.012085 112.012711 ) (280 716 192 ) 
4 133 147 (280 640.012085 196 ) (280 716 196 ) (280 710.904724 192 ) (280 640.012085 192 ) 
4 133 145 (280 816.012085 192 ) (280 816.012085 80 ) (280 720.012085 80 ) (280 720.012085 192 ) 
3 133 144 (280 829.095215 192 ) (280 896.012085 192 ) (280 896.012085 139.467102 ) 
5 133 143 (280 896.012085 80 ) (280 816.012085 80 ) (280 816.012085 192 ) (280 823.996399 192 ) (280 896.012085 111.982040 ) 
3 133 142 (280 971.761902 80 ) (280 966.461304 80 ) (280 930.304321 112.546143 ) 
5 133 141 (280 1024 192 ) (280 1024 80 ) (280 971.761902 80 ) (280 896.012085 139.467117 ) (280 896.012085 192 ) 
4 133 140 (280 824 196 ) (280 1024 196 ) (280 1024 192 ) (280 829.095215 192 ) 
4 133 138 (492 0 80 ) (280 0 80 ) (280 184.012009 80 ) (492 184.012009 80 ) 
4 133 136 (280 184.012009 80 ) (280 280.012024 80 ) (492 280.012024 80 ) (492 184.012009 80 ) 
4 133 134 (280 816.012085 80 ) (280 1024 80 ) (492 1024 80 ) (492 816.012085 80 ) 
4 133 135 (280 280.012024 80 ) (280 720.012085 80 ) (492 720.012085 80 ) (492 280.012024 80 ) 
4 134 143 (280 816.012085 80 ) (280 896.012085 80 ) (280 896.012085 64 ) (280 816.012085 64 ) 
4 134 142 (280 966.461304 80 ) (280 971.761902 80 ) (280 992.142822 64 ) (280 984.236389 64 ) 
4 134 141 (280 971.761902 80 ) (280 1024 80 ) (280 1024 64 ) (280 992.142822 64 ) 
4 134 139 (280 816.012085 64 ) (280 1024 64 ) (1024 1024 64 ) (1024 816.012085 64 ) 
4 135 150 (280 280.012024 80 ) (280 568.238098 80 ) (280 547.857117 64 ) (280 280.012024 64 ) 
4 135 148 (280 640.012085 80 ) (280 720.012085 80 ) (280 720.012085 64 ) (280 640.012085 64 ) 
4 135 136 (280 280.012024 64 ) (512 280.012024 64 ) (512 280.012024 80 ) (280 280.012024 80 ) 
4 135 139 (280 280.012024 64 ) (280 720.012085 64 ) (1024 720.012085 64 ) (1024 280.012024 64 ) 
4 136 150 (280 184.012009 80 ) (280 280.012024 80 ) (280 280.012024 64 ) (280 184.012009 64 ) 
4 136 138 (280 184.012009 64 ) (512 184.012009 64 ) (512 184.012009 80 ) (280 184.012009 80 ) 
4 136 139 (280 184.012009 64 ) (280 280.012024 64 ) (512 280.012024 64 ) (512 184.012009 64 ) 
4 137 256 (1024 0 64 ) (1024 0 80 ) (608 0 80 ) (608 0 64 ) 
4 137 139 (608 184.012009 64 ) (1024 184.012009 64 ) (1024 0 64 ) (608 0 64 ) 
4 138 532 (364.100037 0 80 ) (280 0 80 ) (280 0 64 ) (364.100037 0 64 ) 
4 138 259 (512 0 80 ) (364.100037 0 80 ) (364.100037 0 64 ) (512 0 64 ) 
4 138 150 (280 0 64 ) (280 0 80 ) (280 184.012009 80 ) (280 184.012009 64 ) 
4 138 139 (280 0 64 ) (280 184.012009 64 ) (512 184.012009 64 ) (512 0 64 ) 
4 139 535 (364.100037 0 64 ) (280 0 64 ) (280 0 57 ) (364.100037 0 57 ) 
4 139 259 (512 0 64 ) (364.100037 0 64 ) (364.100037 0 57 ) (512 0 57 ) 
4 139 258 (608 0 64 ) (512 0 64 ) (512 0 57 ) (608 0 57 ) 
4 139 256 (1024 0 57 ) (1024 0 64 ) (608 0 64 ) (608 0 57 ) 
4 139 156 (1024 0 57 ) (280 0 57 ) (280 1024 57 ) (1024 1024 57 ) 
4 139 151 (280 720.012085 57 ) (280 0 57 ) (280 0 64 ) (280 720.012085 64 ) 
4 139 146 (280 816.012085 57 ) (280 720.012085 57 ) (280 720.012085 64 ) (280 816.012085 64 ) 
4 139 143 (280 896.012085 57 ) (280 816.012085 57 ) (280 816.012085 64 ) (280 896.012085 64 ) 
4 139 142 (280 1001.059570 57 ) (280 992.013123 57 ) (280 984.236389 64 ) (280 992.142822 64 ) 
4 139 141 (280 1024 57 ) (280 1001.059570 57 ) (280 992.142822 64 ) (280 1024 64 ) 
4 140 152 (200 824 196 ) (200 1024 196 ) (200 1024 192 ) (200 829.095215 192 ) 
4 140 144 (200 829.095215 192 ) (200 896.012085 192 ) (280 896.012085 192 ) (280 829.095215 192 ) 
4 140 141 (200 896.012085 192 ) (200 1024 192 ) (280 1024 192 ) (280 896.012085 192 ) 
4 141 156 (200 1001.059570 57 ) (200 1024 57 ) (280 1024 57 ) (280 1001.059570 57 ) 
5 141 152 (200 1024 57 ) (200 1001.059570 57 ) (200 896.012085 139.467102 ) (200 896.012085 192 ) (200 1024 192 ) 
4 141 144 (280 896.012085 139.467102 ) (280 896.012085 192 ) (200 896.012085 192 ) (200 896.012085 139.467117 ) 
4 141 142 (200 930.281738 112.565475 ) (200 1001.061584 57 ) (280 1001.058594 57 ) (280 930.296997 112.552719 ) 
4 142 156 (200 992.012024 57 ) (200 1001.059570 57 ) (280 1001.059570 57 ) (280 992.013123 57 ) 
3 142 152 (200 1001.059570 57 ) (200 992.012024 57 ) (200 930.295837 112.552795 ) 
4 143 156 (200 816.012085 57 ) (200 896.012085 57 ) (280 896.012085 57 ) (280 816.012085 57 ) 
5 143 152 (200 896.012085 57 ) (200 816.012085 57 ) (200 816.012085 192 ) (200 823.996399 192 ) (200 896.012085 111.982071 ) 
4 143 145 (200 816.012085 192 ) (200 816.012085 80 ) (280 816.012085 80 ) (280 816.012085 192 ) 
4 143 146 (200 816.012085 64 ) (200 816.012085 57 ) (280 816.012085 57 ) (280 816.012085 64 ) 
3 144 152 (200 829.095215 192 ) (200 896.012085 192 ) (200 896.012085 139.467117 ) 
4 145 153 (200 720.012085 80 ) (200 720.012085 192 ) (200 816.012085 192 ) (200 816.012085 80 ) 
4 145 148 (200 720.012085 192 ) (200 720.012085 80 ) (280 720.012085 80 ) (280 720.012085 192 ) 
4 146 156 (200 720.012085 57 ) (200 816.012085 57 ) (280 816.012085 57 ) (280 720.012085 57 ) 
4 146 154 (200 816.012085 57 ) (200 720.012085 57 ) (200 720.012085 64 ) (200 816.012085 64 ) 
4 146 151 (200 720.012085 64 ) (200 720.012085 57 ) (280 720.012085 57 ) (280 720.012085 64 ) 
4 147 155 (200 640.012085 196 ) (200 716 196 ) (200 710.904724 192 ) (200 640.012085 192 ) 
4 147 150 (200 640.012085 196 ) (200 640.012085 192 ) (280 640.012085 192 ) (280 640.012085 196 ) 
4 147 149 (280 640.012085 192 ) (200 640.012085 192 ) (200 710.904724 192 ) (280 710.904724 192 ) 
5 148 155 (200 720.012085 192 ) (200 720.012085 64 ) (200 640.012085 64 ) (200 640.012085 112.012695 ) (200 716 192 ) 
4 148 151 (200 640.012085 64 ) (200 720.012085 64 ) (280 720.012085 64 ) (280 640.012085 64 ) 
3 149 155 (200 640.012085 136.345947 ) (200 640.012085 192 ) (200 710.904724 192 ) 
4 149 150 (200 640.012085 192 ) (200 640.012085 136.345963 ) (280 640.012085 136.345947 ) (280 640.012085 192 ) 
4 150 532 (200 0 80 ) (200 0 64 ) (280 0 64 ) (280 0 80 ) 
4 150 531 (280 0 196 ) (200 0 196 ) (200 0 80 ) (280 0 80 ) 
5 150 155 (200 0 64 ) (200 0 196 ) (200 640.012085 196 ) (200 640.012085 136.345963 ) (200 547.857117 64 ) 
4 150 151 (200 0 64 ) (200 547.857178 64 ) (280 547.857117 64 ) (280 0 64 ) 
4 151 535 (200 0 64 ) (200 0 57 ) (280 0 57 ) (280 0 64 ) 
4 151 156 (280 0 57 ) (200 0 57 ) (200 720.012085 57 ) (280 720.012085 57 ) 
4 151 155 (200 720.012085 57 ) (200 0 57 ) (200 0 64 ) (200 720.012085 64 ) 
4 152 813 (0 1024 64 ) (0 1024 57 ) (0 816.012085 57 ) (0 816.012085 64 ) 
4 152 808 (0 1024 80 ) (0 1024 64 ) (0 816.012085 64 ) (0 816.012085 80 ) 
4 152 807 (0 816.012085 196 ) (0 1024 196 ) (0 1024 80 ) (0 816.012085 80 ) 
4 152 156 (0 816.012085 57 ) (0 1024 57 ) (200 1024 57 ) (200 816.012085 57 ) 
4 152 153 (200 816.012085 80 ) (200 816.012085 196 ) (0 816.012085 196 ) (0 816.012085 80 ) 
4 152 154 (0 816.012085 57 ) (200 816.012085 57 ) (200 816.012085 64 ) (0 816.012085 64 ) 
4 153 807 (0 720.012085 196 ) (0 816.012085 196 ) (0 816.012085 80 ) (0 720.012085 80 ) 
4 153 155 (200 720.012085 80 ) (200 720.012085 196 ) (0 720.012085 196 ) (0 720.012085 80 ) 
4 154 813 (0 816.012085 64 ) (0 816.012085 57 ) (0 720.012085 57 ) (0 720.012085 64 ) 
4 154 156 (0 720.012085 57 ) (0 816.012085 57 ) (200 816.012085 57 ) (200 720.012085 57 ) 
4 154 155 (0 720.012085 57 ) (200 720.012085 57 ) (200 720.012085 64 ) (0 720.012085 64 ) 
4 155 813 (0 0 57 ) (0 0 64 ) (0 720.012085 64 ) (0 720.012085 57 ) 
4 155 809 (0 0 64 ) (0 0 80 ) (0 720.012085 80 ) (0 720.012085 64 ) 
4 155 807 (0 0 80 ) (0 0 196 ) (0 720.012085 196 ) (0 720.012085 80 ) 
4 155 532 (0 0 80 ) (0 0 64 ) (200 0 64 ) (200 0 80 ) 
4 155 531 (200 0 196 ) (0 0 196 ) (0 0 80 ) (200 0 80 ) 
4 155 535 (0 0 64 ) (0 0 57 ) (200 0 57 ) (200 0 64 ) 
4 155 156 (200 0 57 ) (0 0 57 ) (0 720.012085 57 ) (200 720.012085 57 ) 
4 156 813 (0 0 -120 ) (0 0 57 ) (0 1024 57 ) (0 1024 -120 ) 
4 156 535 (364.100037 0 57 ) (0 0 57 ) (0 0 -120 ) (364.100037 0 -120 ) 
4 156 259 (512 0 57 ) (364.100037 0 57 ) (364.100037 0 -120 ) (512 0 -120 ) 
4 156 258 (608 0 57 ) (512 0 57 ) (512 0 -120 ) (608 0 -120 ) 
4 156 256 (1024 0 -120 ) (1024 0 57 ) (608 0 57 ) (608 0 -120 ) 
4 157 814 (0 0 -247.855011 ) (0 0 -166 ) (0 1024 -166 ) (0 1024 -247.855011 ) 
4 157 591 (1024 0 -247.855011 ) (1024 0 -166 ) (0 0 -166 ) (0 0 -247.855011 ) 
4 158 594 (2048 -1024 80 ) (2048 -1024 631.854980 ) (1024 -1024 631.854980 ) (1024 -1024 80 ) 
4 158 530 (1024 -896.987976 80 ) (1024 -1024 80 ) (1024 -1024 242 ) (1024 -896.987976 242 ) 
4 158 529 (1024 -832.987976 80 ) (1024 -896.987976 80 ) (1024 -896.987976 242 ) (1024 -832.987976 242 ) 
4 158 528 (1024 -686.987976 80 ) (1024 -832.987976 80 ) (1024 -832.987976 242 ) (1024 -686.987976 242 ) 
4 158 527 (1024 -511.988007 80 ) (1024 -686.987976 80 ) (1024 -686.987976 242 ) (1024 -511.988007 242 ) 
4 158 525 (1024 -415.988007 80 ) (1024 -511.988007 80 ) (1024 -511.988007 242 ) (1024 -415.988007 242 ) 
4 158 262 (1024 -127.987999 80 ) (1024 -415.988007 80 ) (1024 -415.988007 242 ) (1024 -127.987999 242 ) 
4 158 256 (1024 0 242 ) (1024 0 80 ) (1024 -127.987999 80 ) (1024 -127.987999 242 ) 
4 158 224 (1024 -686.987976 242 ) (1024 -1024 242 ) (1024 -1024 247 ) (1024 -686.987976 247 ) 
4 158 223 (1024 0 247 ) (1024 0 242 ) (1024 -686.987976 242 ) (1024 -686.987976 247 ) 
4 158 218 (1024 0 631.854980 ) (1024 0 247 ) (1024 -1024 247 ) (1024 -1024 631.854980 ) 
4 158 162 (1696 -1024 80 ) (1024 -1024 80 ) (1024 -511.988007 80 ) (1696 -511.988007 80 ) 
4 158 161 (2048 -1024 80 ) (1696 -1024 80 ) (1696 -415.988007 80 ) (2048 -415.988007 80 ) 
4 158 159 (1696 0 80 ) (2048 0 80 ) (2048 -415.988007 80 ) (1696 -415.988007 80 ) 
4 158 160 (1024 -415.988007 80 ) (1024 0 80 ) (1600 0 80 ) (1600 -415.988007 80 ) 
4 159 174 (2048 -345.469879 64 ) (2048 -359.037537 64 ) (1891.431641 -415.988007 64 ) (1853.543213 -415.988007 64 ) 
3 159 172 (2048 -359.037537 64 ) (2048 -415.988007 64 ) (1891.431641 -415.988007 64 ) 
4 159 166 (2048 -324.086731 64 ) (2048 -345.469879 64 ) (1853.543213 -415.988007 64 ) (1795.256958 -415.988007 64 ) 
5 159 163 (1696 0 64 ) (2048 0 64 ) (2048 -324.086731 64 ) (1795.256958 -415.988007 64 ) (1696 -415.988007 64 ) 
4 159 161 (1696 -415.988007 64 ) (2048 -415.988007 64 ) (2048 -415.988007 80 ) (1696 -415.988007 80 ) 
4 160 262 (1024 -127.987999 64 ) (1024 -415.988007 64 ) (1024 -415.988007 80 ) (1024 -127.987999 80 ) 
4 160 256 (1024 0 80 ) (1024 0 64 ) (1024 -127.987999 64 ) (1024 -127.987999 80 ) 
4 160 163 (1024 0 64 ) (1600 0 64 ) (1600 -415.988007 64 ) (1024 -415.988007 64 ) 
4 161 594 (2048 -1024 64 ) (2048 -1024 80 ) (1696 -1024 80 ) (1696 -1024 64 ) 
4 161 174 (1696 -487.074615 64 ) (1696 -473.119751 64 ) (1853.543213 -415.988007 64 ) (1891.431641 -415.988007 64 ) 
5 161 172 (2048 -415.988007 64 ) (2048 -645.169922 64 ) (1696 -516.925537 64 ) (1696 -487.074615 64 ) (1891.431641 -415.988007 64 ) 
4 161 171 (2048 -645.169922 64 ) (2048 -1024 64 ) (1696 -1024 64 ) (1696 -516.925537 64 ) 
4 161 166 (1696 -473.119751 64 ) (1696 -452.079285 64 ) (1795.256958 -415.988007 64 ) (1853.543213 -415.988007 64 ) 
3 161 163 (1696 -452.079285 64 ) (1696 -415.988007 64 ) (1795.256958 -415.988007 64 ) 
4 161 162 (1696 -511.988007 64 ) (1696 -1024 64 ) (1696 -1024 80 ) (1696 -511.988007 80 ) 
4 162 594 (1696 -1024 80 ) (1024 -1024 80 ) (1024 -1024 64 ) (1696 -1024 64 ) 
4 162 530 (1024 -896.987976 64 ) (1024 -1024 64 ) (1024 -1024 80 ) (1024 -896.987976 80 ) 
4 162 529 (1024 -832.987976 64 ) (1024 -896.987976 64 ) (1024 -896.987976 80 ) (1024 -832.987976 80 ) 
4 162 528 (1024 -686.987976 64 ) (1024 -832.987976 64 ) (1024 -832.987976 80 ) (1024 -686.987976 80 ) 
4 162 527 (1024 -511.988007 64 ) (1024 -686.987976 64 ) (1024 -686.987976 80 ) (1024 -511.988007 80 ) 
3 162 172 (1682.447632 -511.988007 64 ) (1696 -511.988007 64 ) (1696 -516.925537 64 ) 
6 162 171 (1696 -1024 64 ) (1024 -1024 64 ) (1024 -716.814941 64 ) (1588.819214 -511.988007 64 ) (1682.447632 -511.988007 64 ) (1696 -516.925537 64 ) 
4 162 164 (1024 -716.814941 64 ) (1024 -696.428833 64 ) (1531.241699 -511.988007 64 ) (1588.819214 -511.988007 64 ) 
3 162 163 (1024 -696.428833 64 ) (1024 -511.988007 64 ) (1531.241699 -511.988007 64 ) 
4 163 528 (1024 -696.428833 -115.952011 ) (1024 -696.428833 64 ) (1024 -686.987976 64 ) (1024 -686.987976 -115.952011 ) 
4 163 527 (1024 -686.987976 64 ) (1024 -511.988007 64 ) (1024 -511.988007 -115.952019 ) (1024 -686.987976 -115.952011 ) 
4 163 526 (1024 -511.988007 64 ) (1024 -415.988007 64 ) (1024 -415.988007 -115.952026 ) (1024 -511.988007 -115.952019 ) 
4 163 269 (1024 -511.988007 -118 ) (1024 -696.428833 -118 ) (1024 -696.428833 -115.952011 ) (1024 -511.988007 -115.952019 ) 
4 163 264 (1024 -415.988007 -118 ) (1024 -511.988007 -118 ) (1024 -511.988007 -115.952019 ) (1024 -415.988007 -115.952026 ) 
4 163 262 (1024 -127.987999 -118 ) (1024 -415.988007 -118 ) (1024 -415.988007 64 ) (1024 -127.987999 64 ) 
4 163 256 (1024 0 64 ) (1024 0 -118 ) (1024 -127.987999 -118 ) (1024 -127.987999 64 ) 
4 163 178 (1024 -696.428833 -118 ) (1024 0 -118 ) (2048 0 -118 ) (2048 -324.086731 -118 ) 
4 163 169 (1668.566650 -462.054871 -118 ) (1671.860229 -460.857269 -118 ) (1671.859985 -460.857910 64 ) (1668.566772 -462.055389 64 ) 
4 163 167 (1677.003296 -458.987183 -118 ) (1688.015381 -454.983032 -118 ) (1688.015137 -454.983643 64 ) (1677.001343 -458.988434 64 ) 
4 163 166 (1688.015381 -454.983032 -118 ) (2048 -324.087097 -118 ) (2048 -324.087677 64 ) (1688.015137 -454.983643 64 ) 
4 163 165 (1657.763184 -465.983185 -118 ) (1668.566650 -462.054871 -118 ) (1668.566772 -462.055389 64 ) (1657.763916 -465.983490 64 ) 
4 163 164 (1024 -696.429199 -118 ) (1657.763184 -465.983185 -118 ) (1657.763916 -465.983490 64 ) (1024 -696.429688 64 ) 
4 164 528 (1024 -716.814941 -115.952011 ) (1024 -716.814941 64 ) (1024 -696.428833 64 ) (1024 -696.428833 -115.952026 ) 
4 164 269 (1024 -696.428833 -118 ) (1024 -716.814941 -118 ) (1024 -716.814941 -115.952011 ) (1024 -696.428833 -115.952026 ) 
4 164 178 (1024 -716.814941 -118 ) (1024 -696.428833 -118 ) (1657.762695 -465.983032 -118 ) (1686.661743 -476.506165 -118 ) 
4 164 177 (1655.002563 -487.987946 -118 ) (1658.936646 -486.561279 -118 ) (1658.936646 -486.561218 64 ) (1655.001099 -487.988403 64 ) 
4 164 175 (1646.564209 -491.048065 -118 ) (1649.860352 -489.852722 -118 ) (1649.860474 -489.852600 64 ) (1646.564087 -491.048004 64 ) 
4 164 174 (1658.936646 -486.561279 -118 ) (1686.662842 -476.506592 -118 ) (1686.662842 -476.506561 64 ) (1658.936646 -486.561218 64 ) 
4 164 173 (1635.744629 -494.971680 -118 ) (1646.564209 -491.048065 -118 ) (1646.564087 -491.048004 64 ) (1635.743164 -494.972137 64 ) 
4 164 171 (1024 -716.815674 -118 ) (1635.744629 -494.971680 -118 ) (1635.743164 -494.972137 64 ) (1024 -716.815674 64 ) 
4 164 168 (1680.924805 -474.416077 -118 ) (1677.004150 -472.988525 -118 ) (1677.001465 -472.987518 64 ) (1680.924805 -474.416077 64 ) 
4 164 166 (1686.663696 -476.505737 64 ) (1686.663696 -476.505737 -118 ) (1680.924805 -474.416077 -118 ) (1680.924805 -474.416077 64 ) 
4 164 165 (1671.869995 -471.119080 -118 ) (1657.765625 -465.983398 -118 ) (1657.765625 -465.983398 64 ) (1671.869995 -471.119080 64 ) 
3 165 178 (1657.762695 -465.983032 -118 ) (1668.566528 -462.054596 -118 ) (1671.870483 -471.120148 -118 ) 
4 165 169 (1670 -465.989960 -118 ) (1668.565063 -462.054840 -118 ) (1668.565063 -462.054840 64 ) (1670 -465.989960 64 ) 
5 166 178 (1688.015503 -454.982635 -118 ) (2048 -324.086731 -118 ) (2048 -345.469879 -118 ) (1686.661743 -476.506165 -118 ) (1680.924438 -474.416992 -118 ) 
4 166 174 (1686.662842 -476.506592 -118 ) (2048 -345.470703 -118 ) (2048 -345.470703 64 ) (1686.662842 -476.506561 64 ) 
4 166 170 (1685.437012 -462.048309 -118 ) (1684 -465.987335 -118 ) (1684 -465.987885 64 ) (1685.436401 -462.050079 64 ) 
4 166 168 (1682.127930 -471.117828 -118 ) (1680.923950 -474.417450 -118 ) (1680.923950 -474.417450 64 ) (1682.128662 -471.115509 64 ) 
4 166 167 (1688.015381 -454.981628 64 ) (1688.015381 -454.981628 -118 ) (1685.437012 -462.048309 -118 ) (1685.436401 -462.050079 64 ) 
3 167 178 (1677.002930 -458.987000 -118 ) (1688.015503 -454.982635 -118 ) (1685.437378 -462.048431 -118 ) 
4 167 170 (1682.128296 -460.846405 -118 ) (1685.437866 -462.047699 -118 ) (1685.437256 -462.049438 64 ) (1682.128784 -460.848511 64 ) 
3 168 178 (1682.128296 -471.117645 -118 ) (1680.924438 -474.416992 -118 ) (1677.002808 -472.989014 -118 ) 
3 169 178 (1668.566528 -462.054596 -118 ) (1671.860474 -460.856903 -118 ) (1670 -465.987976 -118 ) 
3 170 178 (1682.128784 -460.847534 -118 ) (1685.437378 -462.048431 -118 ) (1684 -465.987854 -118 ) 
4 171 594 (2048 -1024 -118 ) (2048 -1024 64 ) (1024 -1024 64 ) (1024 -1024 -118 ) 
4 171 530 (1024 -1024 -115.952011 ) (1024 -1024 64 ) (1024 -896.987976 64 ) (1024 -896.987976 -115.952019 ) 
4 171 529 (1024 -896.987976 64 ) (1024 -832.987976 64 ) (1024 -832.987976 -115.952019 ) (1024 -896.987976 -115.952019 ) 
4 171 528 (1024 -832.987976 64 ) (1024 -716.814941 64 ) (1024 -716.814941 -115.952026 ) (1024 -832.987976 -115.952019 ) 
4 171 509 (1024 -1014.989990 -118 ) (1024 -1024 -118 ) (1024 -1024 -115.952011 ) (1024 -1014.989990 -115.952011 ) 
4 171 271 (1024 -982.748352 -118 ) (1024 -1014.989990 -118 ) (1024 -1014.989990 -115.952011 ) (1024 -982.748352 -115.952011 ) 
4 171 269 (1024 -716.814941 -118 ) (1024 -982.748352 -118 ) (1024 -982.748352 -115.952011 ) (1024 -716.814941 -115.952026 ) 
5 171 178 (2048 -1024 -118 ) (1024 -1024 -118 ) (1024 -716.814941 -118 ) (1635.743408 -494.971252 -118 ) (2048 -645.169006 -118 ) 
4 171 173 (1649.869507 -500.117340 -118 ) (1635.744995 -494.971375 -118 ) (1635.743652 -494.971863 64 ) (1649.869751 -500.118439 64 ) 
4 171 172 (2048 -645.168152 -118 ) (1655.002197 -501.987335 -118 ) (1655 -501.987762 64 ) (2048 -645.169556 64 ) 
3 172 178 (2048 -359.037537 -118 ) (2048 -645.169006 -118 ) (1655.001465 -501.987549 -118 ) 
4 172 176 (1663.430176 -498.921875 -118 ) (1660.128540 -500.122803 -118 ) (1660.128540 -500.122803 64 ) (1663.430054 -498.921906 64 ) 
4 172 174 (2048 -359.037598 -118 ) (1663.430176 -498.921875 -118 ) (1663.430054 -498.921906 64 ) (2048 -359.037750 64 ) 
3 173 178 (1635.743408 -494.971252 -118 ) (1646.563843 -491.047333 -118 ) (1649.869629 -500.117859 -118 ) 
4 173 175 (1648 -494.987457 -118 ) (1646.564087 -491.047089 -118 ) (1646.564087 -491.047089 64 ) (1648 -494.987457 64 ) 
4 174 178 (1658.936401 -486.560516 -118 ) (2048 -345.469879 -118 ) (2048 -359.037537 -118 ) (1663.430054 -498.921722 -118 ) 
4 174 177 (1658.935791 -486.557678 64 ) (1658.935791 -486.557678 -118 ) (1660.131714 -489.847595 -118 ) (1660.132080 -489.848724 64 ) 
4 174 176 (1662 -494.987793 -118 ) (1663.428711 -498.917969 -118 ) (1663.428711 -498.917969 64 ) (1662 -494.987793 64 ) 
3 175 178 (1646.563843 -491.047333 -118 ) (1649.860718 -489.851746 -118 ) (1648 -494.987854 -118 ) 
3 176 178 (1662 -494.987885 -118 ) (1663.430054 -498.921722 -118 ) (1660.128540 -500.122589 -118 ) 
3 177 178 (1655.001343 -487.987518 -118 ) (1658.936401 -486.560516 -118 ) (1660.131348 -489.847504 -118 ) 
4 178 594 (2048 -1024 -120 ) (2048 -1024 -118 ) (1024 -1024 -118 ) (1024 -1024 -120 ) 
4 178 509 (1024 -1014.989990 -120 ) (1024 -1024 -120 ) (1024 -1024 -118 ) (1024 -1014.989990 -118 ) 
4 178 271 (1024 -982.748352 -120 ) (1024 -1014.989990 -120 ) (1024 -1014.989990 -118 ) (1024 -982.748352 -118 ) 
4 178 269 (1024 -511.988007 -120 ) (1024 -982.748352 -120 ) (1024 -982.748352 -118 ) (1024 -511.988007 -118 ) 
4 178 264 (1024 -415.988007 -120 ) (1024 -511.988007 -120 ) (1024 -511.988007 -118 ) (1024 -415.988007 -118 ) 
4 178 262 (1024 -127.987999 -120 ) (1024 -415.988007 -120 ) (1024 -415.988007 -118 ) (1024 -127.987999 -118 ) 
4 178 256 (1024 0 -118 ) (1024 0 -120 ) (1024 -127.987999 -120 ) (1024 -127.987999 -118 ) 
4 179 595 (2048 -1024 -247.855011 ) (2048 -1024 -166 ) (1024 -1024 -166 ) (1024 -1024 -247.855011 ) 
4 179 591 (1024 0 -166 ) (1024 0 -247.855011 ) (1024 -1024 -247.855011 ) (1024 -1024 -166 ) 
4 180 815 (0 -681.987976 631.854980 ) (0 0 631.854980 ) (0 0 247 ) (0 -681.987976 247 ) 
4 180 223 (0 -681.987976 247 ) (0 0 247 ) (547.920105 0 247 ) (547.920105 -681.987976 247 ) 
4 180 221 (456.101990 0 317.001312 ) (43.112152 0 631.854980 ) (43.112148 -681.987976 631.854980 ) (456.101990 -681.987976 317.001312 ) 
4 180 219 (547.921875 -681.987976 247 ) (547.921875 0 247 ) (456.101990 0 317.001312 ) (456.101990 -681.987976 317.001312 ) 
5 180 198 (357.011475 -681.987976 247 ) (364.283173 -681.987976 247 ) (456.101990 -681.987976 316.998444 ) (456.101990 -681.987976 317 ) (452.179352 -681.987976 319.991425 ) 
4 180 192 (364.283173 -681.987976 247 ) (456.101990 -681.987976 247 ) (456.101990 -681.987976 305 ) (440.363312 -681.987976 305 ) 
5 180 191 (456.101990 -681.987976 311 ) (456.101990 -681.987976 311.001495 ) (452.136444 -681.987976 313.975311 ) (440.363312 -681.987976 305 ) (448.109009 -681.987976 305 ) 
3 180 190 (456.101990 -681.987976 311.001495 ) (456.101990 -681.987976 316.998444 ) (452.136444 -681.987976 313.975311 ) 
4 180 186 (456.101990 -681.987976 247 ) (547.921875 -681.987976 247 ) (491.518982 -681.987976 290 ) (456.101990 -681.987976 290 ) 
4 180 184 (491.518982 -681.987976 290 ) (471.843536 -681.987976 305 ) (456.101990 -681.987976 305 ) (456.101990 -681.987976 290 ) 
4 180 183 (471.843536 -681.987976 305 ) (460.068146 -681.987976 313.977234 ) (456.102997 -681.987976 311 ) (464.104919 -681.987976 305 ) 
3 180 182 (460.068146 -681.987976 313.977234 ) (456.101990 -681.987976 317 ) (456.101990 -681.987976 311 ) 
5 180 181 (0 -681.987976 247 ) (357.011475 -681.987976 247 ) (452.179352 -681.987976 319.991425 ) (43.109375 -681.987976 631.854980 ) (0 -681.987976 631.854980 ) 
4 181 848 (0 -991.987976 631.854980 ) (0 -983.987976 631.854980 ) (0 -983.987976 247 ) (0 -991.987976 247 ) 
4 181 847 (0 -983.987976 631.854980 ) (0 -735.987976 631.854980 ) (0 -735.987976 247 ) (0 -983.987976 247 ) 
4 181 850 (0 -1024 247 ) (0 -1024 631.854980 ) (0 -991.987976 631.854980 ) (0 -991.987976 247 ) 
4 181 815 (0 -735.987976 631.854980 ) (0 -681.987976 631.854980 ) (0 -681.987976 247 ) (0 -735.987976 247 ) 
5 181 656 (0 -1024 631.854980 ) (0 -1024 247 ) (352 -1024 247 ) (352 -1024 396.364838 ) (43.110321 -1024 631.854980 ) 
4 181 605 (352 -1024 247 ) (357.011444 -1024 247 ) (452.178711 -1024 319.990967 ) (352 -1024 396.364838 ) 
4 181 251 (357.011475 -1024 247 ) (0 -1024 247 ) (0 -947.987976 247 ) (357.011475 -947.987976 247 ) 
4 181 246 (0 -947.987976 247 ) (0 -812.987976 247 ) (357.011444 -812.987976 247 ) (357.011475 -947.987976 247 ) 
4 181 226 (0 -812.987976 247 ) (0 -686.987976 247 ) (357.011444 -686.987976 247 ) (357.011444 -812.987976 247 ) 
4 181 223 (0 -686.987976 247 ) (0 -681.987976 247 ) (357.011444 -681.987976 247 ) (357.011444 -686.987976 247 ) 
4 181 222 (43.112144 -1024 631.854980 ) (452.179596 -1024 319.991638 ) (452.179626 -686.987976 319.991638 ) (43.112148 -686.987976 631.854980 ) 
4 181 221 (452.179626 -686.987976 319.991638 ) (452.179626 -681.987976 319.991638 ) (43.112148 -681.987976 631.854980 ) (43.112148 -686.987976 631.854980 ) 
4 181 198 (357.015625 -686.987976 247 ) (357.015625 -681.987976 247 ) (452.179688 -681.987976 319.988281 ) (452.179688 -686.987976 319.988281 ) 
4 182 219 (460.068390 -681.987976 313.977417 ) (456.101990 -681.987976 317.001312 ) (456.101990 -686.987976 317.001312 ) (460.068359 -686.987976 313.977448 ) 
4 182 190 (456.101990 -693.987976 317 ) (456.101990 -681.987976 317 ) (456.101990 -681.987976 311 ) (456.101990 -693.987976 311 ) 
4 182 183 (456.101990 -693.987976 311 ) (456.101990 -681.987976 311 ) (460.067566 -681.987976 313.976685 ) (460.067535 -693.987976 313.976715 ) 
4 183 219 (471.843964 -681.987976 305 ) (460.068390 -681.987976 313.977417 ) (460.068359 -686.987976 313.977448 ) (471.843964 -686.987976 305 ) 
4 183 184 (464.104950 -681.987976 305 ) (471.842194 -681.987976 305 ) (471.843170 -693.987976 305 ) (464.104828 -693.987976 305 ) 
4 184 219 (491.519287 -681.987976 290 ) (471.843964 -681.987976 305 ) (471.843964 -686.987976 305 ) (491.519287 -686.987976 290 ) 
4 184 192 (456.101990 -681.987976 305 ) (456.101990 -681.987976 290 ) (456.101990 -693.987976 290 ) (456.101990 -693.987976 305 ) 
4 184 186 (456.101990 -693.987976 290 ) (456.101990 -681.987976 290 ) (491.517517 -681.987976 290 ) (491.516327 -693.987976 290 ) 
4 184 185 (456.101990 -693.987976 290 ) (483.969055 -693.987976 290 ) (464.048767 -693.987976 305 ) (456.101990 -693.987976 305 ) 
4 185 193 (456.101990 -693.987976 290 ) (456.101990 -700.987976 290 ) (456.101990 -700.987976 305 ) (456.101990 -693.987976 305 ) 
4 185 189 (456.101990 -700.987976 305 ) (456.101990 -700.987976 290 ) (483.969025 -700.987976 290 ) (464.048798 -700.987976 305 ) 
4 186 228 (547.920105 -686.987976 247 ) (547.920105 -693.987976 247 ) (456.101990 -693.987976 247 ) (456.101990 -686.987976 247 ) 
4 186 223 (456.101990 -681.987976 247 ) (547.920105 -681.987976 247 ) (547.920105 -686.987976 247 ) (456.101990 -686.987976 247 ) 
4 186 219 (547.921875 -686.987976 247 ) (547.921875 -681.987976 247 ) (491.519287 -681.987976 290 ) (491.519287 -686.987976 290 ) 
4 186 192 (456.101990 -681.987976 290 ) (456.101990 -681.987976 247 ) (456.101990 -693.987976 247 ) (456.101990 -693.987976 290 ) 
4 186 187 (490.609192 -693.987976 285 ) (456.101990 -693.987976 285 ) (456.101990 -693.987976 247 ) (541.073914 -693.987976 247 ) 
4 187 194 (456.101990 -693.987976 247 ) (456.101990 -700.987976 247 ) (456.101990 -700.987976 285 ) (456.101990 -693.987976 285 ) 
4 187 189 (456.101990 -700.987976 285 ) (456.101990 -700.987976 247 ) (541.073914 -700.987976 247 ) (490.609192 -700.987976 285 ) 
4 188 195 (456.101990 -805.987976 311 ) (456.101990 -805.987976 316.996094 ) (456.101990 -700.987976 317 ) (456.101990 -700.987976 311.001404 ) 
4 188 189 (471.843750 -805.987976 305 ) (464.103912 -805.987976 305 ) (464.104797 -700.987976 305 ) (471.842194 -700.987976 305 ) 
4 189 232 (531.101990 -805.987976 247 ) (456.101990 -805.987976 247 ) (456.101990 -700.987976 247 ) (531.101990 -700.987976 247 ) 
4 189 200 (490.629089 -805.987976 285 ) (456.101990 -805.987976 285 ) (456.101990 -805.987976 247 ) (541.088928 -805.987976 247 ) 
4 189 199 (464.071259 -805.987976 305 ) (456.101990 -805.987976 305 ) (456.101990 -805.987976 290 ) (483.989655 -805.987976 290 ) 
4 189 197 (456.101990 -805.987976 247 ) (456.101990 -805.987976 305 ) (456.101990 -700.987976 305 ) (456.101990 -700.987976 247 ) 
4 190 198 (456.101990 -686.987976 317 ) (456.101990 -681.987976 317 ) (452.136078 -681.987976 313.975586 ) (452.136047 -686.987976 313.975586 ) 
4 190 191 (456.101990 -681.987976 311.001923 ) (456.101990 -693.987976 311.001831 ) (452.136627 -693.987976 313.975494 ) (452.136719 -681.987976 313.975525 ) 
4 191 198 (452.136078 -681.987976 313.975586 ) (440.362549 -681.987976 305 ) (440.362518 -686.987976 305 ) (452.136047 -686.987976 313.975586 ) 
4 191 192 (440.359406 -693.987976 305 ) (440.359467 -681.987976 305 ) (448.109009 -681.987976 305 ) (448.108887 -693.987976 305 ) 
4 192 228 (456.101990 -686.987976 247 ) (456.101990 -693.987976 247 ) (364.283081 -693.987976 247 ) (364.283112 -686.987976 247 ) 
4 192 223 (364.283142 -681.987976 247 ) (456.101990 -681.987976 247 ) (456.101990 -686.987976 247 ) (364.283112 -686.987976 247 ) 
4 192 198 (440.362549 -681.987976 305 ) (364.282410 -681.987976 247 ) (364.282379 -686.987976 247 ) (440.362518 -686.987976 305 ) 
4 192 194 (456.101990 -693.987976 247 ) (456.101990 -693.987976 285 ) (421.571960 -693.987976 285 ) (371.105011 -693.987976 247 ) 
4 192 193 (456.101990 -693.987976 290 ) (456.101990 -693.987976 305 ) (448.133514 -693.987976 305 ) (428.212341 -693.987976 290 ) 
4 193 197 (456.101990 -700.987976 290 ) (456.101990 -700.987976 305 ) (448.133514 -700.987976 305 ) (428.212341 -700.987976 290 ) 
4 194 197 (456.101990 -700.987976 247 ) (456.101990 -700.987976 285 ) (421.571991 -700.987976 285 ) (371.105011 -700.987976 247 ) 
4 195 196 (452.135986 -805.987976 313.976440 ) (452.136719 -700.987976 313.976563 ) (456.101990 -700.987976 311.002594 ) (456.101990 -805.987976 311.001923 ) 
4 196 197 (440.354889 -805.987976 305 ) (440.355469 -700.987976 305 ) (448.108795 -700.987976 305 ) (448.107941 -805.987976 305 ) 
4 197 232 (456.101990 -700.987976 247 ) (456.101990 -805.987976 247 ) (381.100037 -805.987976 247 ) (381.100037 -700.987976 247 ) 
4 197 200 (371.100006 -805.987976 247 ) (456.101990 -805.987976 247 ) (456.101990 -805.987976 285 ) (421.569305 -805.987976 285 ) 
4 197 199 (428.210022 -805.987976 290 ) (456.101990 -805.987976 290 ) (456.101990 -805.987976 305 ) (448.132111 -805.987976 305 ) 
4 198 223 (357.011444 -686.987976 247 ) (357.011444 -681.987976 247 ) (364.283142 -681.987976 247 ) (364.283112 -686.987976 247 ) 
4 198 221 (456.101990 -681.987976 317.001312 ) (452.179626 -681.987976 319.991638 ) (452.179626 -686.987976 319.991638 ) (456.101990 -686.987976 317.001312 ) 
4 199 209 (456.101990 -812.987976 305 ) (448.133118 -812.987976 305 ) (428.211029 -812.987976 290 ) (456.101990 -812.987976 290 ) 
4 199 202 (464.071289 -812.987976 305 ) (456.101990 -812.987976 305 ) (456.101990 -812.987976 290 ) (483.989655 -812.987976 290 ) 
4 200 211 (456.101990 -812.987976 285 ) (421.570313 -812.987976 285 ) (371.101013 -812.987976 247 ) (456.101990 -812.987976 247 ) 
4 200 202 (490.629089 -812.987976 285 ) (456.101990 -812.987976 285 ) (456.101990 -812.987976 247 ) (541.088928 -812.987976 247 ) 
4 201 220 (456.101990 -832.987976 317.001312 ) (456.101990 -896.987976 317.001312 ) (471.843964 -896.987976 305 ) (471.843964 -832.987976 305 ) 
4 201 207 (456.101990 -812.987976 317 ) (456.101990 -812.987976 311 ) (456.101990 -940.987976 311 ) (456.101990 -940.987976 316.997589 ) 
4 201 202 (464.103851 -812.987976 305 ) (471.842194 -812.987976 305 ) (471.843658 -940.987976 305 ) (464.102783 -940.987976 305 ) 
4 202 241 (456.101990 -812.987976 247 ) (531.101990 -812.987976 247 ) (531.101990 -940.987976 247 ) (456.101990 -940.987976 247 ) 
4 202 220 (547.921875 -896.987976 247 ) (547.921875 -832.987976 247 ) (471.843964 -832.987976 305 ) (471.843964 -896.987976 305 ) 
4 202 211 (456.101990 -812.987976 290 ) (456.101990 -812.987976 247 ) (456.101990 -940.987976 247 ) (456.101990 -940.987976 290 ) 
4 202 209 (456.101990 -812.987976 305 ) (456.101990 -812.987976 290 ) (456.101990 -940.987976 290 ) (456.101990 -940.987976 305 ) 
4 202 204 (490.633240 -940.987976 285 ) (456.101990 -940.987976 285 ) (456.101990 -940.987976 247 ) (541.101990 -940.987976 247 ) 
4 202 203 (464.070740 -940.987976 305 ) (456.101990 -940.987976 305 ) (456.101990 -940.987976 290 ) (483.992615 -940.987976 290 ) 
4 203 210 (456.101990 -947.987976 290 ) (456.101990 -947.987976 305 ) (456.101990 -940.987976 305 ) (456.101990 -940.987976 290 ) 
4 203 206 (456.101990 -947.987976 305 ) (456.101990 -947.987976 290 ) (483.992584 -947.987976 290 ) (464.070740 -947.987976 305 ) 
4 204 212 (456.101990 -940.987976 247 ) (456.101990 -947.987976 247 ) (456.101990 -947.987976 285 ) (456.101990 -940.987976 285 ) 
4 204 206 (456.101990 -947.987976 285 ) (456.101990 -947.987976 247 ) (541.101929 -947.987976 247 ) (490.633240 -947.987976 285 ) 
4 205 213 (456.101990 -1021.989990 311 ) (456.101990 -1021.989990 316.996094 ) (456.101990 -947.987976 316.997467 ) (456.101990 -947.987976 311 ) 
4 205 206 (471.843750 -1021.989990 305 ) (464.102081 -1021.989990 305 ) (464.102722 -947.987976 305 ) (471.842194 -947.987976 305 ) 
4 206 244 (531.101990 -1014.989990 247 ) (456.101990 -1014.989990 247 ) (456.101990 -947.987976 247 ) (531.101990 -947.987976 247 ) 
4 206 217 (490.644897 -1021.989990 285 ) (456.101990 -1021.989990 285 ) (456.101990 -1021.989990 247 ) (541.109314 -1021.989990 247 ) 
4 206 216 (464.084656 -1021.989990 305 ) (456.101990 -1021.989990 305 ) (456.101990 -1021.989990 290 ) (484.004822 -1021.989990 290 ) 
4 206 215 (456.101990 -947.987976 247 ) (456.101990 -1021.989990 247 ) (456.101990 -1021.989990 305 ) (456.101990 -947.987976 305 ) 
4 207 208 (456.101990 -940.987976 310.998932 ) (452.134033 -940.987976 313.974548 ) (452.134949 -812.987976 313.974701 ) (456.101990 -812.987976 311 ) 
4 208 209 (440.359406 -940.987976 305 ) (440.360138 -812.987976 305 ) (448.107880 -812.987976 305 ) (448.106812 -940.987976 305 ) 
4 209 211 (420.683624 -940.987976 290 ) (420.684326 -812.987976 290 ) (456.101990 -812.987976 290 ) (456.101990 -940.987976 290 ) 
4 209 210 (428.212341 -940.987976 290 ) (456.101990 -940.987976 290 ) (456.101990 -940.987976 305 ) (448.133514 -940.987976 305 ) 
4 210 215 (456.101990 -947.987976 290 ) (456.101990 -947.987976 305 ) (448.134460 -947.987976 305 ) (428.213318 -947.987976 290 ) 
4 211 241 (381.100037 -812.987976 247 ) (456.101990 -812.987976 247 ) (456.101990 -940.987976 247 ) (381.100037 -940.987976 247 ) 
4 211 212 (456.101990 -940.987976 247 ) (456.101990 -940.987976 285 ) (421.571960 -940.987976 285 ) (371.104980 -940.987976 247 ) 
4 212 215 (456.101990 -947.987976 247 ) (456.101990 -947.987976 285 ) (421.572937 -947.987976 285 ) (371.105988 -947.987976 247 ) 
4 213 214 (452.132294 -1021.989990 313.976471 ) (452.132813 -947.987976 313.976563 ) (456.101990 -947.987976 311 ) (456.101990 -1021.989990 311 ) 
4 214 215 (440.355072 -1021.989990 305 ) (440.355469 -947.987976 305 ) (448.106689 -947.987976 305 ) (448.106110 -1021.989990 305 ) 
4 215 244 (456.101990 -947.987976 247 ) (456.101990 -1014.989990 247 ) (381.100037 -1014.989990 247 ) (381.100037 -947.987976 247 ) 
4 215 217 (371.109009 -1021.989990 247 ) (456.101990 -1021.989990 247 ) (456.101990 -1021.989990 285 ) (421.573608 -1021.989990 285 ) 
4 215 216 (428.213654 -1021.989990 290 ) (456.101990 -1021.989990 290 ) (456.101990 -1021.989990 305 ) (448.133881 -1021.989990 305 ) 
4 216 599 (464.085358 -1024 305 ) (448.133881 -1024 305 ) (428.213654 -1024 290 ) (484.005615 -1024 290 ) 
4 217 600 (371.109009 -1024 247 ) (541.110107 -1024 247 ) (490.645630 -1024 285 ) (421.573578 -1024 285 ) 
5 218 596 (1024 -1024 247 ) (1024 -1024 631.854980 ) (456.101990 -1024 631.854980 ) (456.101990 -1024 323 ) (555.190552 -1024 247 ) 
4 218 224 (1024 -1024 247 ) (555.190552 -1024 247 ) (555.190552 -686.987976 247 ) (1024 -686.987976 247 ) 
4 218 223 (555.190552 -686.987976 247 ) (555.190552 0 247 ) (1024 0 247 ) (1024 -686.987976 247 ) 
4 218 222 (456.101990 -686.987976 323 ) (456.101990 -1024 323 ) (456.101990 -1024 631.854980 ) (456.101990 -686.987976 631.854980 ) 
4 218 221 (456.101990 0 631.854980 ) (456.101990 0 323 ) (456.101990 -686.987976 323 ) (456.101990 -686.987976 631.854980 ) 
4 218 219 (456.101990 -686.987976 323.001923 ) (456.101990 0 323.001953 ) (555.193176 0 247 ) (555.193115 -686.987976 247 ) 
4 218 220 (456.101990 -896.987976 323.001923 ) (456.101990 -832.987976 323.001923 ) (555.193115 -832.987976 247 ) (555.193115 -896.987976 247 ) 
4 219 223 (547.920105 -686.987976 247 ) (547.920105 0 247 ) (555.190552 0 247 ) (555.190552 -686.987976 247 ) 
4 219 221 (456.101990 0 323 ) (456.101990 0 316.998047 ) (456.101990 -686.987976 316.998016 ) (456.101990 -686.987976 323 ) 
4 220 239 (547.920105 -896.987976 247 ) (547.920105 -832.987976 247 ) (555.190552 -832.987976 247 ) (555.190552 -896.987976 247 ) 
4 221 222 (456.101990 -686.987976 323 ) (456.101990 -686.987976 631.854980 ) (43.110260 -686.987976 631.854980 ) (452.176208 -686.987976 319.989044 ) 
3 222 656 (43.110313 -1024 631.854980 ) (352 -1024 396.364838 ) (352 -1024 631.854980 ) 
4 222 607 (352 -1024 396.364838 ) (452.178711 -1024 319.990967 ) (456.101990 -1024 323 ) (352 -1024 402.845245 ) 
4 222 596 (456.101990 -1024 323 ) (456.101990 -1024 631.854980 ) (352 -1024 631.854980 ) (352 -1024 402.845245 ) 
4 223 815 (0 -686.987976 247 ) (0 0 247 ) (0 0 242 ) (0 -686.987976 242 ) 
4 223 548 (40 -686.987976 242 ) (0 -686.987976 242 ) (0 -447.988007 242 ) (40 -447.988007 242 ) 
4 223 544 (202 -586 242 ) (202 -580 242 ) (304 -580 242 ) (304 -586 242 ) 
4 223 543 (202 -580 242 ) (202 -447.988007 242 ) (304 -447.988007 242 ) (304 -580 242 ) 
4 223 546 (304 -686.987976 242 ) (202 -686.987976 242 ) (202 -586 242 ) (304 -586 242 ) 
4 223 547 (202 -686.987976 242 ) (40 -686.987976 242 ) (40 -447.988007 242 ) (202 -447.988007 242 ) 
4 223 537 (359.100037 -598.987976 242 ) (359.100037 -578.987976 242 ) (364.100037 -578.987976 242 ) (364.100037 -598.987976 242 ) 
4 223 536 (359.100037 -578.987976 242 ) (359.100037 -447.988007 242 ) (364.100037 -447.988007 242 ) (364.100037 -578.987976 242 ) 
4 223 539 (364.100037 -686.987976 242 ) (359.100037 -686.987976 242 ) (359.100037 -598.987976 242 ) (364.100037 -598.987976 242 ) 
4 223 540 (359.100037 -686.987976 242 ) (304 -686.987976 242 ) (304 -447.988007 242 ) (359.100037 -447.988007 242 ) 
4 223 531 (0 -447.988007 242 ) (0 0 242 ) (364.100037 0 242 ) (364.100037 -447.988007 242 ) 
4 223 527 (1024 -511.988007 242 ) (1024 -686.987976 242 ) (554.478577 -686.987976 242 ) (554.478577 -511.988007 242 ) 
4 223 525 (1024 -415.988007 242 ) (1024 -511.988007 242 ) (554.478577 -511.988007 242 ) (554.478577 -415.988007 242 ) 
4 223 504 (512.101929 -686.987976 242 ) (507.101959 -686.987976 242 ) (507.101959 -661.987976 242 ) (512.101929 -661.987976 242 ) 
4 223 503 (531.101990 -686.987976 242 ) (512.101929 -686.987976 242 ) (512.101929 -661.987976 242 ) (531.101990 -661.987976 242 ) 
4 223 414 (376.100037 -686.987976 242 ) (364.100037 -686.987976 242 ) (364.100037 -661.987976 242 ) (376.100037 -661.987976 242 ) 
4 223 394 (381.100037 -686.987976 242 ) (376.100037 -686.987976 242 ) (376.100037 -661.987976 242 ) (381.100037 -661.987976 242 ) 
4 223 392 (405.093964 -686.987976 242 ) (381.100037 -686.987976 242 ) (381.100037 -661.987976 242 ) (405.093964 -661.987976 242 ) 
4 223 378 (500 -686.987976 242 ) (405.093964 -686.987976 242 ) (405.093964 -672 242 ) (500 -672 242 ) 
4 223 377 (405.093964 -672 242 ) (405.093964 -661.987976 242 ) (500 -661.987976 242 ) (500 -672 242 ) 
4 223 376 (507.101959 -686.987976 242 ) (500 -686.987976 242 ) (500 -661.987976 242 ) (507.101959 -661.987976 242 ) 
4 223 326 (550.101990 -686.987976 242 ) (531.101990 -686.987976 242 ) (531.101990 -661.987976 242 ) (550.101990 -661.987976 242 ) 
4 223 279 (364.100037 -661.987976 242 ) (364.100037 -526.987976 242 ) (550.101990 -526.987976 242 ) (550.101990 -661.987976 242 ) 
4 223 276 (384 -511.988007 242 ) (480 -511.988007 242 ) (480 -526.987976 242 ) (384 -526.987976 242 ) 
4 223 275 (480 -511.988007 242 ) (550.101990 -511.988007 242 ) (550.101990 -526.987976 242 ) (480 -526.987976 242 ) 
4 223 278 (364.100037 -526.987976 242 ) (364.100037 -511.988007 242 ) (384 -511.988007 242 ) (384 -526.987976 242 ) 
4 223 268 (554.478577 -686.987976 242 ) (550.101990 -686.987976 242 ) (550.101990 -511.988007 242 ) (554.478577 -511.988007 242 ) 
4 223 265 (384 -415.988007 242 ) (480 -415.988007 242 ) (480 -511.988007 242 ) (384 -511.988007 242 ) 
4 223 267 (364.100037 -511.988007 242 ) (364.100037 -415.988007 242 ) (384 -415.988007 242 ) (384 -511.988007 242 ) 
4 223 263 (480 -415.988007 242 ) (554.478577 -415.988007 242 ) (554.478577 -511.988007 242 ) (480 -511.988007 242 ) 
4 223 262 (1024 -127.987999 242 ) (1024 -415.988007 242 ) (364.100037 -415.988007 242 ) (364.100037 -127.987999 242 ) 
4 223 260 (512 -127.987999 242 ) (364.100037 -127.987999 242 ) (364.100037 -31.988302 242 ) (512 -31.988302 242 ) 
4 223 259 (364.100037 -31.988302 242 ) (364.100037 0 242 ) (512 0 242 ) (512 -31.988302 242 ) 
4 223 257 (608 -127.987999 242 ) (512 -127.987999 242 ) (512 0 242 ) (608 0 242 ) 
4 223 256 (1024 0 242 ) (1024 -127.987999 242 ) (608 -127.987999 242 ) (608 0 242 ) 
4 223 228 (357.724457 -686.987976 242 ) (554.478516 -686.987976 242 ) (547.920105 -686.987976 247 ) (364.283112 -686.987976 247 ) 
3 223 227 (350.492340 -686.987976 242 ) (354.101471 -686.987976 242 ) (353.101410 -686.987976 244.001099 ) 
4 223 226 (0 -686.987976 242 ) (350.492340 -686.987976 242 ) (357.011475 -686.987976 247 ) (0 -686.987976 247 ) 
3 223 225 (558.103516 -686.987976 242 ) (561.709534 -686.987976 242 ) (559.103455 -686.987976 243.998871 ) 
4 223 224 (561.709534 -686.987976 242 ) (1024 -686.987976 242 ) (1024 -686.987976 247 ) (555.190613 -686.987976 247 ) 
4 224 596 (1024 -1024 242 ) (1024 -1024 247 ) (555.190613 -1024 247 ) (561.709534 -1024 242 ) 
4 224 530 (1024 -896.987976 242 ) (1024 -1024 242 ) (561.709595 -1024 242 ) (561.709534 -896.987976 242 ) 
4 224 529 (1024 -832.987976 242 ) (1024 -896.987976 242 ) (561.709534 -896.987976 242 ) (561.709534 -832.987976 242 ) 
4 224 528 (1024 -686.987976 242 ) (1024 -832.987976 242 ) (561.709534 -832.987976 242 ) (561.709534 -686.987976 242 ) 
4 224 239 (555.191406 -896.987976 247 ) (555.191406 -832.987976 247 ) (559.104370 -832.987976 243.998795 ) (559.104675 -896.987976 243.998566 ) 
4 224 225 (559.103638 -686.987976 244 ) (561.710388 -686.987976 242 ) (561.710388 -1024 242 ) (559.105286 -1024 243.998093 ) 
3 225 598 (558.105774 -1024 242 ) (561.709534 -1024 242 ) (559.105042 -1024 243.997620 ) 
4 225 530 (561.709595 -1024 242 ) (558.105774 -1024 242 ) (558.104919 -896.987976 242 ) (561.709534 -896.987976 242 ) 
4 225 529 (558.104919 -896.987976 242 ) (558.104492 -832.987976 242 ) (561.709534 -832.987976 242 ) (561.709534 -896.987976 242 ) 
4 225 528 (558.104492 -832.987976 242 ) (558.103516 -686.987976 242 ) (561.709534 -686.987976 242 ) (561.709534 -832.987976 242 ) 
4 225 239 (559.104980 -896.987976 243.998672 ) (559.104675 -832.987976 243.998901 ) (558.104736 -832.987976 242 ) (558.105164 -896.987976 242 ) 
4 226 847 (0 -812.987976 247 ) (0 -735.987976 247 ) (0 -735.987976 242 ) (0 -812.987976 242 ) 
4 226 815 (0 -735.987976 247 ) (0 -686.987976 247 ) (0 -686.987976 242 ) (0 -735.987976 242 ) 
4 226 584 (0 -752 242 ) (0 -746.670044 242 ) (40 -746.670044 242 ) (40 -752 242 ) 
4 226 585 (0 -812.987976 242 ) (0 -752 242 ) (40 -752 242 ) (40 -812.987976 242 ) 
4 226 583 (40 -746.670044 242 ) (88 -746.670044 242 ) (88 -812.987976 242 ) (40 -812.987976 242 ) 
4 226 582 (0 -746.670044 242 ) (0 -741.330017 242 ) (40 -741.330017 242 ) (40 -746.670044 242 ) 
4 226 581 (40 -741.330017 242 ) (88 -741.330017 242 ) (88 -746.670044 242 ) (40 -746.670044 242 ) 
4 226 580 (0 -741.330017 242 ) (0 -735.987976 242 ) (40 -735.987976 242 ) (40 -741.330017 242 ) 
4 226 579 (40 -735.987976 242 ) (88 -735.987976 242 ) (88 -741.330017 242 ) (40 -741.330017 242 ) 
4 226 552 (88 -735.987976 242 ) (350.492340 -735.987976 242 ) (350.492371 -812.987976 242 ) (88 -812.987976 242 ) 
4 226 548 (0 -735.987976 242 ) (0 -686.987976 242 ) (40 -686.987976 242 ) (40 -735.987976 242 ) 
4 226 546 (202 -686.987976 242 ) (304 -686.987976 242 ) (304 -735.987976 242 ) (202 -735.987976 242 ) 
4 226 547 (40 -686.987976 242 ) (202 -686.987976 242 ) (202 -735.987976 242 ) (40 -735.987976 242 ) 
4 226 542 (304 -686.987976 242 ) (350.492340 -686.987976 242 ) (350.492340 -735.987976 242 ) (304 -735.987976 242 ) 
4 226 246 (0 -812.987976 242 ) (350.492340 -812.987976 242 ) (357.011444 -812.987976 247 ) (0 -812.987976 247 ) 
4 226 235 (353.101349 -812.987976 244 ) (350.492950 -812.987976 242 ) (350.492920 -805.987976 242 ) (353.101349 -805.987976 244 ) 
4 226 233 (350.492920 -805.987976 242 ) (350.492279 -700.987976 242 ) (353.101410 -700.987976 244.001038 ) (353.101349 -805.987976 244 ) 
4 226 227 (350.492279 -700.987976 242 ) (350.492188 -686.987976 242 ) (353.101410 -686.987976 244.001083 ) (353.101410 -700.987976 244.001038 ) 
4 227 542 (350.492340 -686.987976 242 ) (354.101471 -686.987976 242 ) (354.101440 -700.987976 242 ) (350.492340 -700.987976 242 ) 
3 227 233 (353.101837 -700.987976 244 ) (350.493988 -700.987976 242 ) (354.101440 -700.987976 242 ) 
4 228 541 (357.724457 -686.987976 242 ) (364.100037 -686.987976 242 ) (364.100037 -693.987976 242 ) (357.724426 -693.987976 242 ) 
4 228 504 (507.101959 -686.987976 242 ) (512.101929 -686.987976 242 ) (512.101929 -693.987976 242 ) (507.101959 -693.987976 242 ) 
4 228 503 (512.101929 -686.987976 242 ) (531.101990 -686.987976 242 ) (531.101990 -693.987976 242 ) (512.101929 -693.987976 242 ) 
4 228 414 (364.100037 -686.987976 242 ) (376.100037 -686.987976 242 ) (376.100037 -693.987976 242 ) (364.100037 -693.987976 242 ) 
4 228 394 (376.100037 -686.987976 242 ) (381.100037 -686.987976 242 ) (381.100037 -693.987976 242 ) (376.100037 -693.987976 242 ) 
4 228 392 (381.100037 -686.987976 242 ) (405.093964 -686.987976 242 ) (405.093964 -693.987976 242 ) (381.100037 -693.987976 242 ) 
4 228 378 (405.093964 -686.987976 242 ) (500 -686.987976 242 ) (500 -693.987976 242 ) (405.093964 -693.987976 242 ) 
4 228 376 (500 -686.987976 242 ) (507.101959 -686.987976 242 ) (507.101959 -693.987976 242 ) (500 -693.987976 242 ) 
4 228 326 (531.101990 -686.987976 242 ) (550.101990 -686.987976 242 ) (550.101990 -693.987976 242 ) (531.101990 -693.987976 242 ) 
4 228 268 (550.101990 -686.987976 242 ) (554.478516 -686.987976 242 ) (554.478577 -693.987976 242 ) (550.101990 -693.987976 242 ) 
3 228 230 (357.724426 -693.987976 242 ) (364.100037 -693.987976 242 ) (364.100037 -693.987976 246.860458 ) 
3 228 229 (548.101990 -693.987976 242 ) (554.478516 -693.987976 242 ) (548.101990 -693.987976 246.861328 ) 
4 229 327 (550.101990 -700.987976 242 ) (548.101990 -700.987976 242 ) (548.101990 -693.987976 242 ) (550.101990 -693.987976 242 ) 
4 229 268 (554.478516 -700.987976 242 ) (550.101990 -700.987976 242 ) (550.101990 -693.987976 242 ) (554.478577 -693.987976 242 ) 
3 229 231 (548.101990 -700.987976 246.861313 ) (548.101990 -700.987976 242 ) (554.478577 -700.987976 242 ) 
4 230 541 (364.100037 -700.987976 242 ) (357.724365 -700.987976 242 ) (357.724426 -693.987976 242 ) (364.100037 -693.987976 242 ) 
3 230 234 (357.724365 -700.987976 242 ) (364.100037 -700.987976 242 ) (364.100037 -700.987976 246.860489 ) 
4 231 329 (550.101990 -805.987976 242 ) (548.101990 -805.987976 242 ) (548.101990 -700.987976 242 ) (550.101990 -700.987976 242 ) 
4 231 268 (554.478516 -805.987976 242 ) (550.101990 -805.987976 242 ) (550.101990 -700.987976 242 ) (554.478516 -700.987976 242 ) 
3 231 236 (548.101990 -805.987976 246.861313 ) (548.101990 -805.987976 242 ) (554.478577 -805.987976 242 ) 
4 232 505 (512.101929 -805.987976 242 ) (507.101959 -805.987976 242 ) (507.101959 -700.987976 242 ) (512.101929 -700.987976 242 ) 
4 232 503 (531.101990 -805.987976 242 ) (512.101929 -805.987976 242 ) (512.101929 -700.987976 242 ) (531.101990 -700.987976 242 ) 
4 232 396 (500 -805.987976 242 ) (404.149994 -805.987976 242 ) (404.149994 -700.987976 242 ) (500 -700.987976 242 ) 
4 232 395 (507.101959 -805.987976 242 ) (500 -805.987976 242 ) (500 -700.987976 242 ) (507.101959 -700.987976 242 ) 
4 232 398 (404.149994 -805.987976 242 ) (381.100037 -805.987976 242 ) (381.100037 -700.987976 242 ) (404.149994 -700.987976 242 ) 
4 233 552 (352 -805.987976 242 ) (350.492371 -805.987976 242 ) (350.492340 -735.987976 242 ) (352 -735.987976 242 ) 
4 233 551 (354.101166 -805.987976 242 ) (352 -805.987976 242 ) (352 -735.987976 242 ) (354.101349 -735.987976 242 ) 
4 233 542 (350.492340 -735.987976 242 ) (350.492340 -700.987976 242 ) (354.101440 -700.987976 242 ) (354.101349 -735.987976 242 ) 
3 233 235 (353.101654 -805.987976 244 ) (350.493988 -805.987976 242 ) (354.101166 -805.987976 242 ) 
4 234 550 (364.100037 -805.987976 242 ) (357.723816 -805.987976 242 ) (357.724182 -735.987976 242 ) (364.100037 -735.987976 242 ) 
4 234 541 (357.724182 -735.987976 242 ) (357.724365 -700.987976 242 ) (364.100037 -700.987976 242 ) (364.100037 -735.987976 242 ) 
3 234 237 (357.723816 -805.987976 242 ) (364.100037 -805.987976 242 ) (364.100037 -805.987976 246.860931 ) 
4 235 552 (352 -812.987976 242 ) (350.492371 -812.987976 242 ) (350.492371 -805.987976 242 ) (352 -805.987976 242 ) 
4 235 551 (354.101135 -812.987976 242 ) (352 -812.987976 242 ) (352 -805.987976 242 ) (354.101166 -805.987976 242 ) 
3 235 247 (350.492340 -812.987976 242 ) (354.101135 -812.987976 242 ) (353.101166 -812.987976 244 ) 
4 236 336 (550.101990 -812.987976 242 ) (548.101990 -812.987976 242 ) (548.101990 -805.987976 242 ) (550.101990 -805.987976 242 ) 
4 236 268 (554.478577 -812.987976 242 ) (550.101990 -812.987976 242 ) (550.101990 -805.987976 242 ) (554.478516 -805.987976 242 ) 
3 236 238 (548.101990 -812.987976 242 ) (554.478577 -812.987976 242 ) (548.101990 -812.987976 246.861313 ) 
4 237 550 (364.100037 -812.987976 242 ) (357.723755 -812.987976 242 ) (357.723816 -805.987976 242 ) (364.100037 -805.987976 242 ) 
3 237 248 (357.723755 -812.987976 242 ) (364.100037 -812.987976 242 ) (364.100037 -812.987976 246.860962 ) 
4 238 353 (548.101990 -812.987976 242 ) (550.101990 -812.987976 242 ) (550.101990 -832.987976 242 ) (548.101990 -832.987976 242 ) 
4 238 268 (550.101990 -812.987976 242 ) (554.478577 -812.987976 242 ) (554.478577 -832.987976 242 ) (550.101990 -832.987976 242 ) 
3 238 239 (548.101990 -832.987976 242 ) (554.478577 -832.987976 242 ) (548.101990 -832.987976 246.861313 ) 
4 239 529 (558.104492 -832.987976 242 ) (558.104919 -896.987976 242 ) (554.478516 -896.987976 242 ) (554.478577 -832.987976 242 ) 
4 239 353 (550.101990 -896.987976 242 ) (548.101990 -896.987976 242 ) (548.101990 -832.987976 242 ) (550.101990 -832.987976 242 ) 
4 239 268 (554.478516 -896.987976 242 ) (550.101990 -896.987976 242 ) (550.101990 -832.987976 242 ) (554.478577 -832.987976 242 ) 
3 239 240 (548.101990 -896.987976 242 ) (554.478577 -896.987976 242 ) (548.101990 -896.987976 246.861313 ) 
4 240 353 (550.101990 -940.987976 242 ) (548.101990 -940.987976 242 ) (548.101990 -896.987976 242 ) (550.101990 -896.987976 242 ) 
4 240 268 (554.478516 -940.987976 242 ) (550.101990 -940.987976 242 ) (550.101990 -896.987976 242 ) (554.478516 -896.987976 242 ) 
3 240 242 (548.101990 -940.987976 242 ) (554.478516 -940.987976 242 ) (548.101990 -940.987976 246.861313 ) 
4 241 506 (507.101959 -812.987976 242 ) (512.101929 -812.987976 242 ) (512.101929 -940.987976 242 ) (507.101959 -940.987976 242 ) 
4 241 503 (512.101929 -812.987976 242 ) (531.101990 -812.987976 242 ) (531.101990 -940.987976 242 ) (512.101929 -940.987976 242 ) 
4 241 419 (381.100037 -940.987976 242 ) (381.100037 -812.987976 242 ) (507.101959 -812.987976 242 ) (507.101959 -940.987976 242 ) 
4 242 353 (548.101990 -940.987976 242 ) (550.101990 -940.987976 242 ) (550.101990 -947.987976 242 ) (548.101990 -947.987976 242 ) 
4 242 268 (550.101990 -940.987976 242 ) (554.478516 -940.987976 242 ) (554.478577 -947.987976 242 ) (550.101990 -947.987976 242 ) 
3 242 243 (548.101990 -947.987976 242 ) (554.478516 -947.987976 242 ) (548.101990 -947.987976 246.861313 ) 
4 243 353 (548.101990 -947.987976 242 ) (550.101990 -947.987976 242 ) (550.101990 -1014.989990 242 ) (548.101990 -1014.989990 242 ) 
4 243 268 (550.101990 -947.987976 242 ) (554.478577 -947.987976 242 ) (554.478516 -1014.989990 242 ) (550.101990 -1014.989990 242 ) 
3 243 245 (548.101990 -1014.989990 242 ) (554.478516 -1014.989990 242 ) (548.101990 -1014.989990 246.861313 ) 
4 244 507 (507.101959 -947.987976 242 ) (512.101929 -947.987976 242 ) (512.101929 -1014.989990 242 ) (507.101959 -1014.989990 242 ) 
4 244 503 (512.101929 -947.987976 242 ) (531.101990 -947.987976 242 ) (531.101990 -1014.989990 242 ) (512.101929 -1014.989990 242 ) 
4 244 453 (404.149994 -947.987976 242 ) (500 -947.987976 242 ) (500 -1004 242 ) (404.149994 -1004 242 ) 
4 244 455 (500 -1004 242 ) (500 -1014.989990 242 ) (404.149994 -1014.989990 242 ) (404.149994 -1004 242 ) 
4 244 452 (500 -947.987976 242 ) (507.101959 -947.987976 242 ) (507.101959 -1014.989990 242 ) (500 -1014.989990 242 ) 
4 244 456 (381.100037 -1014.989990 242 ) (381.100037 -947.987976 242 ) (404.149994 -947.987976 242 ) (404.149994 -1014.989990 242 ) 
3 245 609 (548.101990 -1024 246.861313 ) (548.101990 -1024 242 ) (554.478577 -1024 242 ) 
4 245 508 (554.478577 -1024 242 ) (548.101990 -1024 242 ) (548.101990 -1014.989990 242 ) (554.478516 -1014.989990 242 ) 
4 246 847 (0 -947.987976 247 ) (0 -812.987976 247 ) (0 -812.987976 242 ) (0 -947.987976 242 ) 
4 246 585 (0 -947.987976 242 ) (0 -812.987976 242 ) (40 -812.987976 242 ) (40 -947.987976 242 ) 
4 246 583 (40 -812.987976 242 ) (88 -812.987976 242 ) (88 -947.987976 242 ) (40 -947.987976 242 ) 
4 246 552 (88 -812.987976 242 ) (350.492340 -812.987976 242 ) (350.492340 -947.987976 242 ) (88 -947.987976 242 ) 
4 246 251 (0 -947.987976 242 ) (350.492340 -947.987976 242 ) (357.011444 -947.987976 247 ) (0 -947.987976 247 ) 
4 246 249 (353.100464 -947.987976 244.001572 ) (350.490784 -947.987976 242 ) (350.490845 -940.987976 242 ) (353.100494 -940.987976 244.001526 ) 
4 246 247 (350.490845 -940.987976 242 ) (350.492188 -812.987976 242 ) (353.101166 -812.987976 244 ) (353.100494 -940.987976 244.001526 ) 
4 247 552 (350.492340 -812.987976 242 ) (352 -812.987976 242 ) (352 -940.987976 242 ) (350.492340 -940.987976 242 ) 
4 247 551 (352 -812.987976 242 ) (354.101135 -812.987976 242 ) (354.100769 -940.987976 242 ) (352 -940.987976 242 ) 
3 247 249 (353.101868 -940.987976 243.998749 ) (350.495850 -940.987976 242 ) (354.100769 -940.987976 242 ) 
4 248 550 (357.723755 -812.987976 242 ) (364.100037 -812.987976 242 ) (364.100037 -940.987976 242 ) (357.723053 -940.987976 242 ) 
3 248 250 (357.723053 -940.987976 242 ) (364.100037 -940.987976 242 ) (364.100037 -940.987976 246.861511 ) 
4 249 552 (352 -947.987976 242 ) (350.492340 -947.987976 242 ) (350.492340 -940.987976 242 ) (352 -940.987976 242 ) 
4 249 551 (354.100769 -947.987976 242 ) (352 -947.987976 242 ) (352 -940.987976 242 ) (354.100769 -940.987976 242 ) 
3 249 252 (350.492340 -947.987976 242 ) (354.100769 -947.987976 242 ) (353.100891 -947.987976 244 ) 
4 250 550 (364.100037 -947.987976 242 ) (357.722992 -947.987976 242 ) (357.723053 -940.987976 242 ) (364.100037 -940.987976 242 ) 
3 250 253 (357.722992 -947.987976 242 ) (364.100037 -947.987976 242 ) (364.100037 -947.987976 246.861542 ) 
4 251 848 (0 -991.987976 247 ) (0 -983.987976 247 ) (0 -983.987976 242 ) (0 -991.987976 242 ) 
4 251 847 (0 -983.987976 247 ) (0 -947.987976 247 ) (0 -947.987976 242 ) (0 -983.987976 242 ) 
4 251 850 (0 -1024 242 ) (0 -1024 247 ) (0 -991.987976 247 ) (0 -991.987976 242 ) 
5 251 656 (352 -1024 247 ) (0 -1024 247 ) (0 -1024 242 ) (350.492340 -1024 242 ) (352 -1024 243.156342 ) 
4 251 608 (357.011444 -1024 247 ) (352 -1024 247 ) (352 -1024 246.203125 ) (353.100739 -1024 244 ) 
3 251 597 (352 -1024 246.203125 ) (352 -1024 243.156342 ) (353.100739 -1024 244 ) 
4 251 586 (0 -991.987976 242 ) (0 -983.987976 242 ) (88 -983.987976 242 ) (88 -991.987976 242 ) 
4 251 589 (88 -1024 242 ) (0 -1024 242 ) (0 -991.987976 242 ) (88 -991.987976 242 ) 
4 251 585 (0 -983.987976 242 ) (0 -947.987976 242 ) (40 -947.987976 242 ) (40 -983.987976 242 ) 
4 251 583 (40 -947.987976 242 ) (88 -947.987976 242 ) (88 -983.987976 242 ) (40 -983.987976 242 ) 
4 251 574 (96 -1024 242 ) (88 -1024 242 ) (88 -991.987976 242 ) (96 -991.987976 242 ) 
4 251 573 (350.492340 -1024 242 ) (96 -1024 242 ) (96 -991.987976 242 ) (350.492340 -991.987976 242 ) 
4 251 552 (88 -991.987976 242 ) (88 -947.987976 242 ) (350.492340 -947.987976 242 ) (350.492340 -991.987976 242 ) 
4 251 254 (350.492188 -1024 242 ) (350.492188 -1014.989990 242 ) (353.100739 -1014.989990 244 ) (353.100739 -1024 244 ) 
4 251 252 (350.492188 -1014.989990 242 ) (350.492188 -947.987976 242 ) (353.100891 -947.987976 244 ) (353.100739 -1014.989990 244 ) 
4 252 573 (350.492340 -1014.989990 242 ) (350.492340 -991.987976 242 ) (352 -991.987976 242 ) (352 -1014.989990 242 ) 
4 252 552 (350.492340 -991.987976 242 ) (350.492340 -947.987976 242 ) (352 -947.987976 242 ) (352 -991.987976 242 ) 
4 252 551 (352 -947.987976 242 ) (354.100769 -947.987976 242 ) (354.100555 -1014.989990 242 ) (352 -1014.989990 242 ) 
3 252 254 (353.101715 -1014.989990 243.998642 ) (350.495850 -1014.989990 242 ) (354.100555 -1014.989990 242 ) 
4 253 550 (357.722992 -947.987976 242 ) (364.100037 -947.987976 242 ) (364.100037 -1014.989990 242 ) (357.722626 -1014.989990 242 ) 
3 253 255 (357.722626 -1014.989990 242 ) (364.100037 -1014.989990 242 ) (364.100037 -1014.989990 246.861832 ) 
3 254 656 (352 -1024 243.156342 ) (350.492340 -1024 242 ) (352 -1024 242 ) 
4 254 597 (353.100739 -1024 244 ) (352 -1024 243.156342 ) (352 -1024 242 ) (354.100555 -1024 242 ) 
4 254 573 (352 -1024 242 ) (350.492340 -1024 242 ) (350.492340 -1014.989990 242 ) (352 -1014.989990 242 ) 
4 254 551 (354.100555 -1024 242 ) (352 -1024 242 ) (352 -1014.989990 242 ) (354.100555 -1014.989990 242 ) 
3 255 610 (357.722595 -1024 242 ) (364.100037 -1024 242 ) (364.100037 -1024 246.861877 ) 
4 255 550 (364.100037 -1024 242 ) (357.722595 -1024 242 ) (357.722626 -1014.989990 242 ) (364.100037 -1014.989990 242 ) 
4 256 262 (608 -127.987999 -120 ) (1024 -127.987999 -120 ) (1024 -127.987999 242 ) (608 -127.987999 242 ) 
4 256 257 (608 -127.987999 80 ) (608 -127.987999 242 ) (608 0 242 ) (608 0 80 ) 
4 256 258 (608 0 -120 ) (608 -127.987999 -120 ) (608 -127.987999 64 ) (608 0 64 ) 
4 257 262 (608 -127.987999 80 ) (608 -127.987999 242 ) (512 -127.987999 242 ) (512 -127.987999 80 ) 
4 257 260 (512 -127.987999 80 ) (512 -127.987999 242 ) (512 -31.988302 242 ) (512 -31.988302 80 ) 
4 257 259 (512 -31.988302 242 ) (512 0 242 ) (512 0 80 ) (512 -31.988302 80 ) 
4 258 262 (512 -127.987999 -120 ) (608 -127.987999 -120 ) (608 -127.987999 64 ) (512 -127.987999 64 ) 
4 258 261 (512 -31.988302 -120 ) (512 -127.987999 -120 ) (512 -127.987999 64 ) (512 -31.988302 64 ) 
4 258 259 (512 0 -120 ) (512 -31.988302 -120 ) (512 -31.988302 64 ) (512 0 64 ) 
4 259 532 (364.100037 -31.988302 64 ) (364.100037 -31.988302 80 ) (364.100037 0 80 ) (364.100037 0 64 ) 
4 259 531 (364.100037 -31.988302 80 ) (364.100037 -31.988302 242 ) (364.100037 0 242 ) (364.100037 0 80 ) 
4 259 535 (364.100037 0 -120 ) (364.100037 -31.988302 -120 ) (364.100037 -31.988302 64 ) (364.100037 0 64 ) 
4 259 260 (364.100037 -31.988302 242 ) (364.100037 -31.988302 80 ) (512 -31.988302 80 ) (512 -31.988302 242 ) 
4 259 261 (364.100037 -31.988302 64 ) (364.100037 -31.988302 -120 ) (512 -31.988302 -120 ) (512 -31.988302 64 ) 
4 260 531 (364.100037 -127.987999 80 ) (364.100037 -127.987999 242 ) (364.100037 -31.988302 242 ) (364.100037 -31.988302 80 ) 
4 260 262 (364.100037 -127.987999 242 ) (364.100037 -127.987999 80 ) (512 -127.987999 80 ) (512 -127.987999 242 ) 
4 261 535 (364.100037 -31.988302 -120 ) (364.100037 -127.987999 -120 ) (364.100037 -127.987999 64 ) (364.100037 -31.988302 64 ) 
4 261 262 (364.100037 -127.987999 64 ) (364.100037 -127.987999 -120 ) (512 -127.987999 -120 ) (512 -127.987999 64 ) 
4 262 533 (364.100037 -415.988007 64 ) (364.100037 -415.988007 80 ) (364.100037 -127.987999 80 ) (364.100037 -127.987999 64 ) 
4 262 531 (364.100037 -415.988007 80 ) (364.100037 -415.988007 242 ) (364.100037 -127.987999 242 ) (364.100037 -127.987999 80 ) 
4 262 535 (364.100037 -127.987999 -120 ) (364.100037 -415.988007 -120 ) (364.100037 -415.988007 64 ) (364.100037 -127.987999 64 ) 
4 262 525 (1024 -415.988007 80 ) (1024 -415.988007 242 ) (554.478577 -415.988007 242 ) (766.972107 -415.988007 80 ) 
3 262 526 (1024 -415.988007 -115.951996 ) (1024 -415.988007 64 ) (787.959106 -415.988007 64 ) 
4 262 265 (480 -415.988007 80 ) (480 -415.988007 242 ) (384 -415.988007 242 ) (384 -415.988007 80 ) 
4 262 266 (384 -415.988007 -120 ) (480 -415.988007 -120 ) (480 -415.988007 64 ) (384 -415.988007 64 ) 
4 262 267 (364.100037 -415.988007 242 ) (364.100037 -415.988007 -120 ) (384 -415.988007 -120 ) (384 -415.988007 242 ) 
4 262 263 (766.972107 -415.988007 80 ) (554.478577 -415.988007 242 ) (480 -415.988007 242 ) (480 -415.988007 80 ) 
5 262 264 (480 -415.988007 -120 ) (1024 -415.988007 -120 ) (1024 -415.988007 -115.951996 ) (787.959106 -415.988007 64 ) (480 -415.988007 64 ) 
4 263 525 (766.974060 -415.988007 80 ) (554.479858 -415.988007 242 ) (554.479858 -511.988007 242 ) (766.974060 -511.988007 80 ) 
4 263 275 (550.101990 -511.988007 242 ) (480 -511.988007 242 ) (480 -511.988007 80 ) (550.101990 -511.988007 80 ) 
4 263 269 (766.974060 -511.988007 80 ) (765.662354 -511.988007 81 ) (550.101990 -511.988007 81 ) (550.101990 -511.988007 80 ) 
4 263 268 (765.662354 -511.988007 81 ) (554.479858 -511.988007 242 ) (550.101990 -511.988007 242 ) (550.101990 -511.988007 81 ) 
4 263 265 (480 -511.988007 80 ) (480 -511.988007 242 ) (480 -415.988007 242 ) (480 -415.988007 80 ) 
4 264 526 (1024 -415.988007 -115.949890 ) (787.961121 -415.988007 64 ) (787.961121 -511.988007 64 ) (1024 -511.988007 -115.949890 ) 
4 264 275 (550.101990 -511.988007 64 ) (480 -511.988007 64 ) (480 -511.988007 -120 ) (550.101990 -511.988007 -120 ) 
5 264 269 (1024 -511.988007 -115.949890 ) (787.961121 -511.988007 64 ) (550.101990 -511.988007 64 ) (550.101990 -511.988007 -120 ) (1024 -511.988007 -120 ) 
4 264 266 (480 -511.988007 -120 ) (480 -511.988007 64 ) (480 -415.988007 64 ) (480 -415.988007 -120 ) 
4 265 276 (480 -511.988007 242 ) (384 -511.988007 242 ) (384 -511.988007 80 ) (480 -511.988007 80 ) 
4 265 267 (384 -511.988007 80 ) (384 -511.988007 242 ) (384 -415.988007 242 ) (384 -415.988007 80 ) 
4 266 277 (384 -511.988007 64 ) (384 -511.988007 -120 ) (480 -511.988007 -120 ) (480 -511.988007 64 ) 
4 266 267 (384 -511.988007 -120 ) (384 -511.988007 64 ) (384 -415.988007 64 ) (384 -415.988007 -120 ) 
4 267 536 (364.100037 -447.988007 -120 ) (364.100037 -511.988007 -120 ) (364.100037 -511.988007 242 ) (364.100037 -447.988007 242 ) 
4 267 533 (364.100037 -447.988007 64 ) (364.100037 -447.988007 80 ) (364.100037 -415.988007 80 ) (364.100037 -415.988007 64 ) 
4 267 531 (364.100037 -447.988007 80 ) (364.100037 -447.988007 242 ) (364.100037 -415.988007 242 ) (364.100037 -415.988007 80 ) 
4 267 535 (364.100037 -415.988007 -120 ) (364.100037 -447.988007 -120 ) (364.100037 -447.988007 64 ) (364.100037 -415.988007 64 ) 
4 267 278 (384 -511.988007 242 ) (364.100037 -511.988007 242 ) (364.100037 -511.988007 -120 ) (384 -511.988007 -120 ) 
4 268 530 (557.100464 -1014.989990 240.002136 ) (765.662354 -1014.989990 81 ) (765.662354 -896.987976 81 ) (557.101624 -896.987976 240.001251 ) 
4 268 529 (554.479858 -832.987976 242 ) (554.479858 -896.987976 242 ) (765.662354 -896.987976 81 ) (765.662354 -832.987976 81 ) 
4 268 528 (557.103760 -832.987976 240 ) (765.662354 -832.987976 81 ) (765.662354 -686.987976 81 ) (557.103088 -686.987976 240 ) 
4 268 527 (554.479858 -511.988007 242 ) (554.479858 -686.987976 242 ) (765.662354 -686.987976 81 ) (765.662354 -511.988007 81 ) 
4 268 508 (765.662354 -1014.989990 81 ) (554.479858 -1014.989990 242 ) (550.101990 -1014.989990 242 ) (550.101990 -1014.989990 81 ) 
4 268 353 (550.101990 -812.987976 81 ) (550.101990 -1014.989990 81 ) (550.101990 -1014.989990 242 ) (550.101990 -812.987976 242 ) 
4 268 336 (550.101990 -805.987976 81 ) (550.101990 -812.987976 81 ) (550.101990 -812.987976 242 ) (550.101990 -805.987976 242 ) 
4 268 334 (550.101990 -700.987976 81 ) (550.101990 -805.987976 81 ) (550.101990 -805.987976 83 ) (550.101990 -700.987976 83 ) 
4 268 329 (550.101990 -805.987976 83 ) (550.101990 -805.987976 242 ) (550.101990 -700.987976 242 ) (550.101990 -700.987976 83 ) 
4 268 327 (550.101990 -693.987976 81 ) (550.101990 -700.987976 81 ) (550.101990 -700.987976 242 ) (550.101990 -693.987976 242 ) 
4 268 326 (550.101990 -661.987976 81 ) (550.101990 -693.987976 81 ) (550.101990 -693.987976 242 ) (550.101990 -661.987976 242 ) 
4 268 281 (550.101990 -547.987976 81 ) (550.101990 -562.987976 81 ) (550.101990 -562.987976 101 ) (550.101990 -547.987976 101 ) 
4 268 280 (550.101990 -526.987976 81 ) (550.101990 -547.987976 81 ) (550.101990 -547.987976 101 ) (550.101990 -526.987976 101 ) 
4 268 283 (550.101990 -562.987976 81 ) (550.101990 -661.987976 81 ) (550.101990 -661.987976 101 ) (550.101990 -562.987976 101 ) 
4 268 279 (550.101990 -661.987976 101 ) (550.101990 -661.987976 242 ) (550.101990 -526.987976 242 ) (550.101990 -526.987976 101 ) 
4 268 275 (550.101990 -511.988007 242 ) (550.101990 -511.988007 81 ) (550.101990 -526.987976 81 ) (550.101990 -526.987976 242 ) 
3 268 274 (552 -936.990540 81 ) (553.427002 -940.916748 81 ) (550.130615 -942.118103 81 ) 
4 268 273 (580.367004 -1014.989990 81 ) (550.101990 -1014.989990 81 ) (550.101990 -942.128540 81 ) (553.427002 -940.916748 81 ) 
5 268 272 (624.905945 -1014.989990 81 ) (580.367004 -1014.989990 81 ) (550.101990 -931.774475 81 ) (550.101990 -820.205688 81 ) (552 -814.986572 81 ) 
4 268 271 (765.660156 -1014.989990 81 ) (624.905945 -1014.989990 81 ) (550.131836 -809.860229 81 ) (765.660217 -888.494629 81 ) 
4 268 270 (550.101990 -809.849365 81 ) (550.101990 -708.202148 81 ) (552 -702.988037 81 ) (597.186951 -827.028076 81 ) 
5 268 269 (550.101990 -697.777954 81 ) (550.101990 -511.988007 81 ) (765.660400 -511.988007 81 ) (765.660217 -888.494629 81 ) (597.186951 -827.028076 81 ) 
3 269 530 (1024 -982.748352 -115.949890 ) (1024 -896.987976 -115.949890 ) (788.939697 -896.987976 63.253937 ) 
5 269 529 (1024 -896.987976 -115.949890 ) (1024 -832.987976 -115.949890 ) (765.662354 -832.987976 81 ) (765.662354 -888.495361 81 ) (788.939697 -896.987976 63.253937 ) 
4 269 528 (1024 -832.987976 -115.949890 ) (1024 -686.987976 -115.949890 ) (765.662354 -686.987976 81 ) (765.662354 -832.987976 81 ) 
4 269 527 (1024 -686.987976 -115.949890 ) (1024 -511.988007 -115.949890 ) (765.662354 -511.988007 81 ) (765.662354 -686.987976 81 ) 
4 269 340 (550.101990 -687.987976 -120 ) (550.101990 -697.782471 -120 ) (550.101990 -697.778015 78 ) (550.101990 -687.987976 78 ) 
4 269 338 (550.101990 -661.987976 -120 ) (550.101990 -687.987976 -120 ) (550.101990 -687.987976 73 ) (550.101990 -661.987976 73 ) 
4 269 328 (550.101990 -697.778015 78 ) (550.101990 -697.777954 81 ) (550.101990 -693.987976 81 ) (550.101990 -693.987976 78 ) 
4 269 326 (550.101990 -693.987976 81 ) (550.101990 -661.987976 81 ) (550.101990 -661.987976 78 ) (550.101990 -693.987976 78 ) 
4 269 281 (550.101990 -562.987976 81 ) (550.101990 -547.987976 81 ) (550.101990 -547.987976 78 ) (550.101990 -562.987976 78 ) 
4 269 282 (550.101990 -547.987976 73 ) (550.101990 -547.987976 -45 ) (550.101990 -562.987976 -45 ) (550.101990 -562.987976 73 ) 
4 269 280 (550.101990 -547.987976 81 ) (550.101990 -526.987976 81 ) (550.101990 -526.987976 -45 ) (550.101990 -547.987976 -45 ) 
4 269 283 (550.101990 -661.987976 -45 ) (550.101990 -661.987976 81 ) (550.101990 -562.987976 81 ) (550.101990 -562.987976 -45 ) 
4 269 325 (550.101990 -526.987976 -120 ) (550.101990 -661.987976 -120 ) (550.101990 -661.987976 -45 ) (550.101990 -526.987976 -45 ) 
4 269 275 (550.101990 -511.988007 81 ) (550.101990 -511.988007 -120 ) (550.101990 -526.987976 -120 ) (550.101990 -526.987976 81 ) 
5 269 271 (1024 -982.748291 -115.949188 ) (765.660400 -888.494751 81 ) (597.187073 -827.028320 81 ) (597.185120 -827.027588 -120 ) (1024 -982.748291 -120 ) 
4 269 270 (597.183472 -827.023010 -120 ) (597.185364 -827.023743 81 ) (552 -702.988037 81 ) (552 -702.990356 -120 ) 
4 270 341 (550.101990 -708.202209 -120 ) (550.101990 -809.849365 -120 ) (550.101990 -809.849365 78 ) (550.101990 -708.202148 78 ) 
4 270 337 (550.101990 -809.849365 78 ) (550.101990 -809.849365 81 ) (550.101990 -805.987976 81 ) (550.101990 -805.987976 78 ) 
4 270 335 (550.101990 -805.987976 81 ) (550.101990 -708.202148 81 ) (550.101990 -708.202148 78 ) (550.101990 -805.987976 78 ) 
4 270 271 (597.187073 -827.028320 81 ) (550.101990 -809.849609 81 ) (550.101990 -809.849609 -120 ) (597.185120 -827.027588 -120 ) 
5 271 530 (765.662354 -1014.989990 81 ) (1024 -1014.989990 -115.949890 ) (1024 -982.748352 -115.949890 ) (788.939697 -896.987976 63.253937 ) (765.662354 -896.987976 81 ) 
3 271 529 (788.939697 -896.987976 63.253937 ) (765.662354 -888.495361 81 ) (765.662354 -896.987976 81 ) 
5 271 509 (1024 -1014.989990 -115.949890 ) (765.662354 -1014.989990 81 ) (624.905945 -1014.989990 81 ) (624.904968 -1014.989990 -120 ) (1024 -1014.989990 -120 ) 
4 271 272 (551.998779 -814.991272 -120 ) (624.903320 -1014.989990 -120 ) (624.904297 -1014.989990 81 ) (552 -814.989990 81 ) 
4 272 509 (624.905945 -1014.989990 81 ) (580.367004 -1014.989990 81 ) (580.368896 -1014.989990 -120 ) (624.904968 -1014.989990 -120 ) 
4 272 354 (550.101990 -820.205750 -120 ) (550.101990 -931.769226 -120 ) (550.101990 -931.774475 81 ) (550.101990 -820.205688 81 ) 
4 272 274 (553.428406 -940.916260 81 ) (552 -936.988281 81 ) (552 -936.985657 -120 ) (553.430054 -940.915588 -120 ) 
4 272 273 (580.369080 -1014.989990 -120 ) (580.367188 -1014.989990 81 ) (553.428406 -940.916260 81 ) (553.430054 -940.915588 -120 ) 
4 273 509 (580.367004 -1014.989990 81 ) (550.101990 -1014.989990 81 ) (550.101990 -1014.989990 -120 ) (580.368896 -1014.989990 -120 ) 
4 273 355 (550.101990 -942.128479 -120 ) (550.101990 -1014.989990 -120 ) (550.101990 -1014.989990 81 ) (550.101990 -942.128540 81 ) 
4 273 274 (553.429016 -940.916260 81 ) (553.430664 -940.915649 -120 ) (550.101990 -942.128906 -120 ) (550.101990 -942.128906 81 ) 
4 275 316 (480 -526.987976 73 ) (480 -526.987976 -45 ) (517.101990 -526.987976 -45 ) (517.101990 -526.987976 73 ) 
4 275 307 (517.101990 -526.987976 -45 ) (536.101990 -526.987976 -45 ) (536.101990 -526.987976 73 ) (517.101990 -526.987976 73 ) 
4 275 306 (536.101990 -526.987976 -45 ) (549.101990 -526.987976 -45 ) (549.101990 -526.987976 73 ) (536.101990 -526.987976 73 ) 
4 275 285 (480 -526.987976 80 ) (480 -526.987976 73 ) (549.101990 -526.987976 73 ) (549.101990 -526.987976 80 ) 
4 275 284 (549.101990 -526.987976 101 ) (480 -526.987976 101 ) (480 -526.987976 80 ) (549.101990 -526.987976 80 ) 
4 275 280 (550.101990 -526.987976 -45 ) (550.101990 -526.987976 101 ) (549.101990 -526.987976 101 ) (549.101990 -526.987976 -45 ) 
4 275 279 (550.101990 -526.987976 101 ) (550.101990 -526.987976 242 ) (480 -526.987976 242 ) (480 -526.987976 101 ) 
4 275 325 (550.101990 -526.987976 -120 ) (550.101990 -526.987976 -45 ) (480 -526.987976 -45 ) (480 -526.987976 -120 ) 
4 275 276 (480 -511.988007 242 ) (480 -511.988007 80 ) (480 -526.987976 80 ) (480 -526.987976 242 ) 
4 275 277 (480 -511.988007 64 ) (480 -511.988007 -120 ) (480 -526.987976 -120 ) (480 -526.987976 64 ) 
4 276 284 (384 -526.987976 101 ) (384 -526.987976 80 ) (480 -526.987976 80 ) (480 -526.987976 101 ) 
4 276 279 (480 -526.987976 242 ) (384 -526.987976 242 ) (384 -526.987976 101 ) (480 -526.987976 101 ) 
4 276 278 (384 -511.988007 242 ) (384 -511.988007 80 ) (384 -526.987976 80 ) (384 -526.987976 242 ) 
4 277 317 (395.100037 -526.987976 61 ) (480 -526.987976 61 ) (480 -526.987976 64 ) (395.100037 -526.987976 64 ) 
4 277 319 (384 -526.987976 61 ) (384 -526.987976 -45 ) (480 -526.987976 -45 ) (480 -526.987976 61 ) 
4 277 325 (384 -526.987976 -45 ) (384 -526.987976 -120 ) (480 -526.987976 -120 ) (480 -526.987976 -45 ) 
4 277 278 (384 -511.988007 64 ) (384 -511.988007 -120 ) (384 -526.987976 -120 ) (384 -526.987976 64 ) 
4 278 536 (364.100037 -511.988007 -120 ) (364.100037 -526.987976 -120 ) (364.100037 -526.987976 242 ) (364.100037 -511.988007 242 ) 
4 278 321 (364.100037 -526.987976 101 ) (364.100037 -526.987976 -45 ) (367.100037 -526.987976 -45 ) (367.100037 -526.987976 101 ) 
4 278 319 (376.100037 -526.987976 -45 ) (384 -526.987976 -45 ) (384 -526.987976 61 ) (376.100037 -526.987976 61 ) 
4 278 320 (367.100037 -526.987976 -45 ) (376.100037 -526.987976 -45 ) (376.100037 -526.987976 73 ) (367.100037 -526.987976 73 ) 
4 278 287 (384 -526.987976 73 ) (384 -526.987976 80 ) (369.100037 -526.987976 80 ) (369.100037 -526.987976 73 ) 
4 278 284 (384 -526.987976 80 ) (384 -526.987976 101 ) (369.100037 -526.987976 101 ) (369.100037 -526.987976 80 ) 
4 278 290 (369.100037 -526.987976 101 ) (367.100037 -526.987976 101 ) (367.100037 -526.987976 73 ) (369.100037 -526.987976 73 ) 
4 278 279 (384 -526.987976 242 ) (364.100037 -526.987976 242 ) (364.100037 -526.987976 101 ) (384 -526.987976 101 ) 
4 278 325 (364.100037 -526.987976 -45 ) (364.100037 -526.987976 -120 ) (384 -526.987976 -120 ) (384 -526.987976 -45 ) 
4 279 537 (364.100037 -598.987976 242 ) (364.100037 -578.987976 242 ) (364.100037 -578.987976 101 ) (364.100037 -598.987976 101 ) 
4 279 536 (364.100037 -578.987976 242 ) (364.100037 -526.987976 242 ) (364.100037 -526.987976 101 ) (364.100037 -578.987976 101 ) 
4 279 539 (364.100037 -661.987976 101 ) (364.100037 -661.987976 242 ) (364.100037 -598.987976 242 ) (364.100037 -598.987976 101 ) 
4 279 504 (512.101929 -661.987976 242 ) (507.101959 -661.987976 242 ) (531.101990 -661.987976 218 ) (531.101990 -661.987976 223 ) 
3 279 503 (531.101990 -661.987976 242 ) (512.101929 -661.987976 242 ) (531.101990 -661.987976 223 ) 
4 279 414 (376.100037 -661.987976 242 ) (364.100037 -661.987976 242 ) (364.100037 -661.987976 101 ) (376.100037 -661.987976 101 ) 
4 279 394 (381.100037 -661.987976 242 ) (376.100037 -661.987976 242 ) (376.100037 -661.987976 213.001251 ) (381.100037 -661.987976 218.002075 ) 
3 279 392 (405.093964 -661.987976 242 ) (381.100037 -661.987976 242 ) (381.100037 -661.987976 218.002075 ) 
4 279 389 (381.100037 -661.987976 218.002075 ) (376.100037 -661.987976 213.001251 ) (376.100037 -661.987976 101 ) (381.100037 -661.987976 101 ) 
4 279 382 (381.100037 -661.987976 178 ) (381.100037 -661.987976 101 ) (500 -661.987976 101 ) (500 -661.987976 178 ) 
4 279 381 (500 -661.987976 101 ) (531.101990 -661.987976 101 ) (531.101990 -661.987976 178 ) (500 -661.987976 178 ) 
5 279 377 (500 -661.987976 242 ) (405.093964 -661.987976 242 ) (404.149994 -661.987976 241.055878 ) (404.149994 -661.987976 178 ) (500 -661.987976 178 ) 
5 279 376 (507.101959 -661.987976 242 ) (500 -661.987976 242 ) (500 -661.987976 178 ) (531.101990 -661.987976 178 ) (531.101990 -661.987976 218 ) 
4 279 380 (404.149994 -661.987976 241.055878 ) (381.100037 -661.987976 218.002075 ) (381.100037 -661.987976 178 ) (404.149994 -661.987976 178 ) 
4 279 326 (550.101990 -661.987976 101 ) (550.101990 -661.987976 242 ) (531.101990 -661.987976 242 ) (531.101990 -661.987976 101 ) 
4 279 322 (364.100037 -598.987976 101 ) (364.100037 -578.987976 101 ) (367.100037 -578.987976 101 ) (367.100037 -598.987976 101 ) 
4 279 321 (364.100037 -578.987976 101 ) (364.100037 -526.987976 101 ) (367.100037 -526.987976 101 ) (367.100037 -578.987976 101 ) 
4 279 324 (367.100037 -661.987976 101 ) (364.100037 -661.987976 101 ) (364.100037 -598.987976 101 ) (367.100037 -598.987976 101 ) 
4 279 299 (549.101990 -661.987976 101 ) (367.100037 -661.987976 101 ) (367.100037 -578.987976 101 ) (549.101990 -578.987976 101 ) 
4 279 298 (522.003540 -562.987976 101 ) (523.378723 -562.987976 101 ) (526.113464 -563.987366 101 ) (520.957336 -565.871643 101 ) 
3 279 297 (516.186401 -562.987976 101 ) (522.003540 -562.987976 101 ) (519.101501 -570.986694 101 ) 
4 279 296 (531.236694 -576.114624 101 ) (530.190674 -578.987976 101 ) (528.841309 -578.987976 101 ) (526.093750 -577.986816 101 ) 
3 279 295 (533.103943 -570.985474 101 ) (536.021423 -578.987976 101 ) (530.190674 -578.987976 101 ) 
3 279 294 (528.841309 -578.987976 101 ) (522.017578 -578.987976 101 ) (520.972595 -576.120728 101 ) 
4 279 293 (367.100037 -578.987976 101 ) (367.100037 -562.987976 101 ) (516.186401 -562.987976 101 ) (522.017578 -578.987976 101 ) 
3 279 292 (523.378723 -562.987976 101 ) (530.188293 -562.987976 101 ) (531.234985 -565.858948 101 ) 
4 279 291 (530.188293 -562.987976 101 ) (549.101990 -562.987976 101 ) (549.101990 -578.987976 101 ) (536.021423 -578.987976 101 ) 
4 279 284 (369.100037 -526.987976 101 ) (549.101990 -526.987976 101 ) (549.101990 -562.987976 101 ) (369.100037 -562.987976 101 ) 
4 279 290 (367.100037 -562.987976 101 ) (367.100037 -526.987976 101 ) (369.100037 -526.987976 101 ) (369.100037 -562.987976 101 ) 
4 279 281 (549.101990 -562.987976 101 ) (549.101990 -547.987976 101 ) (550.101990 -547.987976 101 ) (550.101990 -562.987976 101 ) 
4 279 280 (549.101990 -547.987976 101 ) (549.101990 -526.987976 101 ) (550.101990 -526.987976 101 ) (550.101990 -547.987976 101 ) 
4 279 283 (550.101990 -661.987976 101 ) (549.101990 -661.987976 101 ) (549.101990 -562.987976 101 ) (550.101990 -562.987976 101 ) 
4 280 306 (549.101990 -526.987976 -45 ) (549.101990 -547.987976 -45 ) (549.101990 -547.987976 73 ) (549.101990 -526.987976 73 ) 
4 280 285 (549.101990 -547.987976 73 ) (549.101990 -547.987976 80 ) (549.101990 -526.987976 80 ) (549.101990 -526.987976 73 ) 
4 280 284 (549.101990 -547.987976 80 ) (549.101990 -547.987976 101 ) (549.101990 -526.987976 101 ) (549.101990 -526.987976 80 ) 
4 280 281 (549.101990 -547.987976 101 ) (549.101990 -547.987976 78 ) (550.101990 -547.987976 78 ) (550.101990 -547.987976 101 ) 
4 280 282 (549.101990 -547.987976 73 ) (549.101990 -547.987976 -45 ) (550.101990 -547.987976 -45 ) (550.101990 -547.987976 73 ) 
4 280 325 (549.101990 -547.987976 -45 ) (549.101990 -526.987976 -45 ) (550.101990 -526.987976 -45 ) (550.101990 -547.987976 -45 ) 
4 281 289 (549.101990 -562.987976 78 ) (549.101990 -562.987976 80 ) (549.101990 -555.987976 80 ) (549.101990 -555.987976 78 ) 
4 281 286 (549.101990 -555.987976 80 ) (549.101990 -547.987976 80 ) (549.101990 -547.987976 78 ) (549.101990 -555.987976 78 ) 
4 281 284 (549.101990 -562.987976 80 ) (549.101990 -562.987976 101 ) (549.101990 -547.987976 101 ) (549.101990 -547.987976 80 ) 
4 281 283 (549.101990 -562.987976 101 ) (549.101990 -562.987976 78 ) (550.101990 -562.987976 78 ) (550.101990 -562.987976 101 ) 
4 282 306 (549.101990 -547.987976 -45 ) (549.101990 -562.987976 -45 ) (549.101990 -562.987976 73 ) (549.101990 -547.987976 73 ) 
4 282 325 (549.101990 -562.987976 -45 ) (549.101990 -547.987976 -45 ) (550.101990 -547.987976 -45 ) (550.101990 -562.987976 -45 ) 
4 282 283 (549.101990 -562.987976 73 ) (549.101990 -562.987976 -45 ) (550.101990 -562.987976 -45 ) (550.101990 -562.987976 73 ) 
4 283 338 (550.101990 -661.987976 -45 ) (550.101990 -661.987976 73 ) (549.101990 -661.987976 73 ) (549.101990 -661.987976 -45 ) 
4 283 326 (550.101990 -661.987976 78 ) (550.101990 -661.987976 101 ) (549.101990 -661.987976 101 ) (549.101990 -661.987976 78 ) 
4 283 306 (549.101990 -562.987976 -45 ) (549.101990 -661.987976 -45 ) (549.101990 -661.987976 73 ) (549.101990 -562.987976 73 ) 
4 283 304 (549.101990 -661.987976 73 ) (549.101990 -661.987976 78 ) (549.101990 -630.987976 78 ) (549.101990 -630.987976 73 ) 
4 283 301 (549.101990 -603.987976 78 ) (549.101990 -598.987976 78 ) (549.101990 -598.987976 73 ) (549.101990 -603.987976 73 ) 
4 283 302 (549.101990 -630.987976 78 ) (549.101990 -625.987976 78 ) (549.101990 -625.987976 73 ) (549.101990 -630.987976 73 ) 
4 283 300 (549.101990 -598.987976 78 ) (549.101990 -578.987976 78 ) (549.101990 -578.987976 73 ) (549.101990 -598.987976 73 ) 
4 283 299 (549.101990 -661.987976 78 ) (549.101990 -661.987976 101 ) (549.101990 -578.987976 101 ) (549.101990 -578.987976 78 ) 
4 283 291 (549.101990 -578.987976 101 ) (549.101990 -562.987976 101 ) (549.101990 -562.987976 73 ) (549.101990 -578.987976 73 ) 
4 283 325 (550.101990 -661.987976 -45 ) (549.101990 -661.987976 -45 ) (549.101990 -562.987976 -45 ) (550.101990 -562.987976 -45 ) 
4 284 298 (523.378723 -562.987976 101 ) (522.003540 -562.987976 101 ) (522.003418 -562.987976 80 ) (523.379517 -562.987976 80 ) 
4 284 297 (522.003540 -562.987976 101 ) (516.186401 -562.987976 101 ) (516.186401 -562.987976 80 ) (522.003418 -562.987976 80 ) 
4 284 293 (516.186401 -562.987976 101 ) (369.100037 -562.987976 101 ) (369.100037 -562.987976 80 ) (516.186401 -562.987976 80 ) 
4 284 292 (530.188293 -562.987976 101 ) (523.378723 -562.987976 101 ) (523.379517 -562.987976 80 ) (530.187866 -562.987976 80 ) 
4 284 291 (549.101990 -562.987976 80 ) (549.101990 -562.987976 101 ) (530.188293 -562.987976 101 ) (530.187866 -562.987976 80 ) 
4 284 289 (549.101990 -562.987976 80 ) (369.100037 -562.987976 80 ) (369.100037 -555.987976 80 ) (549.101990 -555.987976 80 ) 
4 284 288 (369.100037 -555.987976 80 ) (369.100037 -547.987976 80 ) (384 -547.987976 80 ) (384 -555.987976 80 ) 
4 284 287 (369.100037 -547.987976 80 ) (369.100037 -526.987976 80 ) (384 -526.987976 80 ) (384 -547.987976 80 ) 
4 284 286 (549.101990 -547.987976 80 ) (549.101990 -555.987976 80 ) (480 -555.987976 80 ) (480 -547.987976 80 ) 
4 284 285 (480 -526.987976 80 ) (549.101990 -526.987976 80 ) (549.101990 -547.987976 80 ) (480 -547.987976 80 ) 
4 284 290 (369.100037 -562.987976 80 ) (369.100037 -562.987976 101 ) (369.100037 -526.987976 101 ) (369.100037 -526.987976 80 ) 
4 285 316 (480 -526.987976 73 ) (517.101990 -526.987976 73 ) (517.101990 -547.987976 73 ) (480 -547.987976 73 ) 
4 285 307 (517.101990 -526.987976 73 ) (536.101990 -526.987976 73 ) (536.101990 -547.987976 73 ) (517.101990 -547.987976 73 ) 
4 285 306 (536.101990 -526.987976 73 ) (549.101990 -526.987976 73 ) (549.101990 -547.987976 73 ) (536.101990 -547.987976 73 ) 
4 285 286 (549.101990 -547.987976 78 ) (549.101990 -547.987976 80 ) (480 -547.987976 80 ) (480 -547.987976 78 ) 
4 286 289 (549.101990 -555.987976 80 ) (480 -555.987976 80 ) (480 -555.987976 78 ) (549.101990 -555.987976 78 ) 
4 287 320 (369.100037 -526.987976 73 ) (376.100037 -526.987976 73 ) (376.100037 -547.987976 73 ) (369.100037 -547.987976 73 ) 
4 287 288 (384 -547.987976 78 ) (384 -547.987976 80 ) (369.100037 -547.987976 80 ) (369.100037 -547.987976 78 ) 
4 287 290 (369.100037 -526.987976 73 ) (369.100037 -547.987976 73 ) (369.100037 -547.987976 80 ) (369.100037 -526.987976 80 ) 
4 288 289 (384 -555.987976 80 ) (369.100037 -555.987976 80 ) (369.100037 -555.987976 78 ) (384 -555.987976 78 ) 
4 288 290 (369.100037 -555.987976 78 ) (369.100037 -555.987976 80 ) (369.100037 -547.987976 80 ) (369.100037 -547.987976 78 ) 
4 289 298 (523.379578 -562.987976 80 ) (522.003418 -562.987976 80 ) (522.003418 -562.987976 78 ) (523.379639 -562.987976 78 ) 
4 289 297 (522.003418 -562.987976 80 ) (516.186462 -562.987976 80 ) (516.186401 -562.987976 78 ) (522.003418 -562.987976 78 ) 
4 289 293 (516.186462 -562.987976 80 ) (369.100037 -562.987976 80 ) (369.100037 -562.987976 78 ) (516.186401 -562.987976 78 ) 
4 289 292 (530.187927 -562.987976 80 ) (523.379578 -562.987976 80 ) (523.379639 -562.987976 78 ) (530.187866 -562.987976 78 ) 
4 289 291 (549.101990 -562.987976 78 ) (549.101990 -562.987976 80 ) (530.187927 -562.987976 80 ) (530.187866 -562.987976 78 ) 
4 289 290 (369.100037 -562.987976 78 ) (369.100037 -562.987976 80 ) (369.100037 -555.987976 80 ) (369.100037 -555.987976 78 ) 
4 290 321 (367.100037 -562.987976 101 ) (367.100037 -526.987976 101 ) (367.100037 -526.987976 73 ) (367.100037 -562.987976 73 ) 
4 290 320 (367.100037 -562.987976 73 ) (367.100037 -526.987976 73 ) (369.100037 -526.987976 73 ) (369.100037 -562.987976 73 ) 
4 290 293 (367.100037 -562.987976 101 ) (367.100037 -562.987976 73 ) (369.100037 -562.987976 73 ) (369.100037 -562.987976 101 ) 
4 291 306 (536.101990 -562.987976 73 ) (549.101990 -562.987976 73 ) (549.101990 -578.987976 73 ) (536.101990 -578.987976 73 ) 
4 291 300 (540.101990 -578.987976 73 ) (549.101990 -578.987976 73 ) (549.101990 -578.987976 78 ) (540.101990 -578.987976 78 ) 
4 291 299 (549.101990 -578.987976 78 ) (549.101990 -578.987976 101 ) (536.021423 -578.987976 101 ) (536.020996 -578.987976 78 ) 
4 291 295 (533.103760 -570.985168 73 ) (536.021545 -578.987976 73 ) (536.022095 -578.987976 101 ) (533.104187 -570.984863 101 ) 
4 291 292 (530.188538 -562.987976 101 ) (530.187988 -562.987976 73 ) (531.234558 -565.858398 73 ) (531.235352 -565.859131 101 ) 
4 292 298 (523.376526 -562.987976 101 ) (523.377686 -562.987976 73 ) (526.113525 -563.987793 73 ) (526.112244 -563.987793 101 ) 
4 293 321 (367.100037 -578.987976 101 ) (367.100037 -562.987976 101 ) (367.100037 -562.987976 73 ) (367.100037 -578.987976 73 ) 
4 293 318 (395.100037 -562.987976 73 ) (480 -562.987976 73 ) (480 -578.987976 73 ) (395.100037 -578.987976 73 ) 
4 293 320 (367.100037 -578.987976 73 ) (367.100037 -562.987976 73 ) (376.100037 -562.987976 73 ) (376.100037 -578.987976 73 ) 
5 293 316 (480 -562.987976 73 ) (516.186401 -562.987976 73 ) (517.101990 -565.500244 73 ) (517.101990 -578.987976 73 ) (480 -578.987976 73 ) 
4 293 299 (367.100037 -578.987976 101 ) (367.100037 -578.987976 78 ) (522.017578 -578.987976 78 ) (522.017578 -578.987976 101 ) 
4 293 297 (519.101074 -570.987488 73 ) (516.185425 -562.987976 73 ) (516.185425 -562.987976 101 ) (519.101135 -570.987793 101 ) 
4 293 294 (522.017029 -578.987976 101 ) (522.017029 -578.987976 73 ) (520.971802 -576.120178 73 ) (520.971863 -576.120483 101 ) 
4 294 299 (528.841919 -578.987976 78 ) (528.841309 -578.987976 101 ) (522.017578 -578.987976 101 ) (522.017578 -578.987976 78 ) 
4 294 296 (528.842834 -578.987976 101 ) (528.843628 -578.987976 73 ) (526.095825 -577.986694 73 ) (526.094482 -577.986511 101 ) 
4 295 299 (536.020996 -578.987976 78 ) (536.021423 -578.987976 101 ) (530.190674 -578.987976 101 ) (530.190430 -578.987976 78 ) 
4 295 296 (531.237427 -576.115112 73 ) (530.191467 -578.987976 73 ) (530.191833 -578.987976 101 ) (531.238159 -576.114075 101 ) 
4 296 299 (530.190430 -578.987976 78 ) (530.190674 -578.987976 101 ) (528.841309 -578.987976 101 ) (528.841919 -578.987976 78 ) 
3 297 316 (516.186401 -562.987976 73 ) (517.101990 -562.987976 73 ) (517.101990 -565.500183 73 ) 
4 297 298 (520.955994 -565.872559 73 ) (522.002502 -562.987976 73 ) (522.002686 -562.987976 101 ) (520.956421 -565.871887 101 ) 
4 299 414 (376.100037 -661.987976 101 ) (367.100037 -661.987976 101 ) (367.100037 -661.987976 78 ) (376.100037 -661.987976 78 ) 
4 299 389 (381.100037 -661.987976 101 ) (376.100037 -661.987976 101 ) (376.100037 -661.987976 78 ) (381.100037 -661.987976 78 ) 
4 299 382 (500 -661.987976 101 ) (381.100037 -661.987976 101 ) (381.100037 -661.987976 78 ) (500 -661.987976 78 ) 
4 299 381 (531.101990 -661.987976 101 ) (500 -661.987976 101 ) (500 -661.987976 78 ) (531.101990 -661.987976 78 ) 
4 299 326 (549.101990 -661.987976 101 ) (531.101990 -661.987976 101 ) (531.101990 -661.987976 78 ) (549.101990 -661.987976 78 ) 
4 299 322 (367.100037 -598.987976 101 ) (367.100037 -578.987976 101 ) (367.100037 -578.987976 78 ) (367.100037 -598.987976 78 ) 
4 299 324 (367.100037 -661.987976 78 ) (367.100037 -661.987976 101 ) (367.100037 -598.987976 101 ) (367.100037 -598.987976 78 ) 
4 299 305 (367.100037 -661.987976 78 ) (367.100037 -652.987976 78 ) (548.101990 -652.987976 78 ) (548.101990 -661.987976 78 ) 
4 299 304 (548.101990 -630.987976 78 ) (549.101990 -630.987976 78 ) (549.101990 -661.987976 78 ) (548.101990 -661.987976 78 ) 
4 299 301 (368.100037 -598.987976 78 ) (549.101990 -598.987976 78 ) (549.101990 -603.987976 78 ) (368.100037 -603.987976 78 ) 
4 299 302 (549.101990 -625.987976 78 ) (549.101990 -630.987976 78 ) (368.100037 -630.987976 78 ) (368.100037 -625.987976 78 ) 
4 299 303 (367.100037 -630.987976 78 ) (367.100037 -598.987976 78 ) (368.100037 -598.987976 78 ) (368.100037 -630.987976 78 ) 
4 299 300 (540.101990 -578.987976 78 ) (549.101990 -578.987976 78 ) (549.101990 -598.987976 78 ) (540.101990 -598.987976 78 ) 
4 300 306 (540.101990 -578.987976 73 ) (549.101990 -578.987976 73 ) (549.101990 -598.987976 73 ) (540.101990 -598.987976 73 ) 
4 300 301 (540.101990 -598.987976 73 ) (549.101990 -598.987976 73 ) (549.101990 -598.987976 78 ) (540.101990 -598.987976 78 ) 
4 301 318 (395.100037 -598.987976 73 ) (480 -598.987976 73 ) (480 -603.987976 73 ) (395.100037 -603.987976 73 ) 
4 301 320 (368.100037 -598.987976 73 ) (376.100037 -598.987976 73 ) (376.100037 -603.987976 73 ) (368.100037 -603.987976 73 ) 
4 301 316 (480 -598.987976 73 ) (517.101990 -598.987976 73 ) (517.101990 -603.987976 73 ) (480 -603.987976 73 ) 
4 301 306 (536.101990 -598.987976 73 ) (549.101990 -598.987976 73 ) (549.101990 -603.987976 73 ) (536.101990 -603.987976 73 ) 
4 301 303 (368.100037 -598.987976 78 ) (368.100037 -598.987976 73 ) (368.100037 -603.987976 73 ) (368.100037 -603.987976 78 ) 
4 302 318 (480 -630.987976 73 ) (395.100037 -630.987976 73 ) (395.100037 -625.987976 73 ) (480 -625.987976 73 ) 
4 302 320 (376.100037 -630.987976 73 ) (368.100037 -630.987976 73 ) (368.100037 -625.987976 73 ) (376.100037 -625.987976 73 ) 
4 302 316 (517.101990 -630.987976 73 ) (480 -630.987976 73 ) (480 -625.987976 73 ) (517.101990 -625.987976 73 ) 
4 302 306 (549.101990 -625.987976 73 ) (549.101990 -630.987976 73 ) (536.101990 -630.987976 73 ) (536.101990 -625.987976 73 ) 
4 302 304 (548.101990 -630.987976 73 ) (549.101990 -630.987976 73 ) (549.101990 -630.987976 78 ) (548.101990 -630.987976 78 ) 
4 302 303 (368.100037 -625.987976 73 ) (368.100037 -630.987976 73 ) (368.100037 -630.987976 78 ) (368.100037 -625.987976 78 ) 
4 303 324 (367.100037 -630.987976 78 ) (367.100037 -598.987976 78 ) (367.100037 -598.987976 73 ) (367.100037 -630.987976 73 ) 
4 303 320 (367.100037 -630.987976 73 ) (367.100037 -598.987976 73 ) (368.100037 -598.987976 73 ) (368.100037 -630.987976 73 ) 
4 304 306 (548.101990 -630.987976 73 ) (549.101990 -630.987976 73 ) (549.101990 -661.987976 73 ) (548.101990 -661.987976 73 ) 
4 304 305 (548.101990 -652.987976 73 ) (548.101990 -661.987976 73 ) (548.101990 -661.987976 78 ) (548.101990 -652.987976 78 ) 
4 305 324 (367.100037 -661.987976 73 ) (367.100037 -661.987976 78 ) (367.100037 -652.987976 78 ) (367.100037 -652.987976 73 ) 
4 305 318 (395.100037 -652.987976 73 ) (480 -652.987976 73 ) (480 -661.987976 73 ) (395.100037 -661.987976 73 ) 
4 305 320 (367.100037 -661.987976 73 ) (367.100037 -652.987976 73 ) (376.100037 -652.987976 73 ) (376.100037 -661.987976 73 ) 
4 305 316 (480 -652.987976 73 ) (517.101990 -652.987976 73 ) (517.101990 -661.987976 73 ) (480 -661.987976 73 ) 
4 305 306 (536.101990 -652.987976 73 ) (548.101990 -652.987976 73 ) (548.101990 -661.987976 73 ) (536.101990 -661.987976 73 ) 
4 306 338 (536.101990 -661.987976 -45 ) (549.101990 -661.987976 -45 ) (549.101990 -661.987976 73 ) (536.101990 -661.987976 73 ) 
4 306 312 (536.101990 -579.216736 -45 ) (536.101990 -581.632263 -45 ) (536.101990 -581.633362 61 ) (536.101990 -579.211060 61 ) 
4 306 311 (536.101990 -581.632263 -45 ) (536.101990 -617.633911 -45 ) (536.101990 -617.633911 61 ) (536.101990 -581.633362 61 ) 
4 306 310 (536.101990 -617.633911 -45 ) (536.101990 -661.987976 -45 ) (536.101990 -661.987976 61 ) (536.101990 -617.633911 61 ) 
4 306 308 (536.101990 -550.987976 -45 ) (536.101990 -579.216736 -45 ) (536.101990 -579.211060 61 ) (536.101990 -550.987976 61 ) 
4 306 307 (536.101990 -526.987976 -45 ) (536.101990 -550.987976 -45 ) (536.101990 -550.987976 73 ) (536.101990 -526.987976 73 ) 
4 306 325 (549.101990 -661.987976 -45 ) (536.101990 -661.987976 -45 ) (536.101990 -526.987976 -45 ) (549.101990 -526.987976 -45 ) 
4 307 316 (517.101990 -526.987976 -45 ) (517.101990 -550.987976 -45 ) (517.101990 -550.987976 73 ) (517.101990 -526.987976 73 ) 
4 307 309 (517.101990 -550.987976 61 ) (517.101990 -550.987976 -45 ) (525.810547 -550.987976 -45 ) (525.812622 -550.987976 61 ) 
4 307 308 (525.810547 -550.987976 -45 ) (536.101990 -550.987976 -45 ) (536.101990 -550.987976 61 ) (525.812622 -550.987976 61 ) 
4 307 325 (517.101990 -550.987976 -45 ) (517.101990 -526.987976 -45 ) (536.101990 -526.987976 -45 ) (536.101990 -550.987976 -45 ) 
4 308 312 (533.101440 -570.986816 -45 ) (536.101990 -579.217346 -45 ) (536.101990 -579.211609 61 ) (533.103210 -570.986023 61 ) 
4 308 309 (525.812744 -550.987976 61 ) (525.810669 -550.987976 -45 ) (531.230652 -565.855164 -45 ) (531.233704 -565.857849 61 ) 
3 308 325 (525.810547 -550.987976 -45 ) (536.101990 -550.987976 -45 ) (536.101990 -579.216736 -45 ) 
4 309 316 (517.101990 -550.987976 -45 ) (517.101990 -560.692078 -45 ) (517.101990 -560.693665 61 ) (517.101990 -550.987976 61 ) 
4 309 315 (522.164001 -562.542908 -45 ) (526.118286 -563.987915 -45 ) (526.113770 -563.987854 61 ) (522.164185 -562.544556 61 ) 
4 309 314 (517.101990 -560.694702 61 ) (517.101990 -560.693115 -45 ) (522.164001 -562.542908 -45 ) (522.164185 -562.544556 61 ) 
4 309 325 (517.101990 -560.692078 -45 ) (517.101990 -550.987976 -45 ) (525.810547 -550.987976 -45 ) (531.230713 -565.855164 -45 ) 
4 310 471 (517.101990 -661.987976 -45 ) (531.101990 -661.987976 -45 ) (531.101990 -661.987976 61 ) (517.101990 -661.987976 61 ) 
4 310 339 (531.101990 -661.987976 -45 ) (536.101990 -661.987976 -45 ) (536.101990 -661.987976 61 ) (531.101990 -661.987976 61 ) 
4 310 316 (517.101990 -565.500244 -45 ) (517.101990 -661.987976 -45 ) (517.101990 -661.987976 61 ) (517.101990 -565.500244 61 ) 
4 310 314 (519.100464 -570.986633 -45 ) (517.101990 -565.502991 -45 ) (517.101990 -565.502991 61 ) (519.100891 -570.987732 61 ) 
4 310 311 (536.101990 -617.636780 61 ) (536.101990 -617.636780 -45 ) (520.970825 -576.118591 -45 ) (520.971252 -576.119812 61 ) 
4 310 325 (536.101990 -661.987976 -45 ) (517.101990 -661.987976 -45 ) (517.101990 -565.500244 -45 ) (536.101990 -617.633911 -45 ) 
4 311 313 (530.031555 -579.419678 -45 ) (526.101318 -577.987549 -45 ) (526.096375 -577.986816 61 ) (530.032532 -579.421082 61 ) 
4 311 312 (536.101990 -581.632690 61 ) (536.101990 -581.631653 -45 ) (530.031555 -579.419678 -45 ) (530.032532 -579.421082 61 ) 
3 311 325 (536.101990 -581.632263 -45 ) (536.101990 -617.633911 -45 ) (520.971985 -576.119080 -45 ) 
4 312 313 (531.234375 -576.119080 -45 ) (530.032837 -579.419312 -45 ) (530.033752 -579.420715 61 ) (531.237122 -576.115417 61 ) 
4 312 325 (533.101501 -570.986694 -45 ) (536.101990 -579.216736 -45 ) (536.101990 -581.632263 -45 ) (530.031311 -579.420166 -45 ) 
3 313 325 (531.232910 -576.119568 -45 ) (530.031311 -579.420166 -45 ) (526.100525 -577.987854 -45 ) 
4 314 316 (517.101990 -560.692078 -45 ) (517.101990 -565.500244 -45 ) (517.101990 -565.500244 61 ) (517.101990 -560.693665 61 ) 
4 314 315 (522.160034 -562.545227 -45 ) (522.160156 -562.546875 61 ) (520.953430 -565.873718 61 ) (520.951843 -565.875977 -45 ) 
4 314 325 (517.101990 -565.500244 -45 ) (517.101990 -560.692078 -45 ) (522.164307 -562.541992 -45 ) (519.101013 -570.985291 -45 ) 
3 315 325 (522.164307 -562.541992 -45 ) (526.119629 -563.987427 -45 ) (520.955200 -565.874695 -45 ) 
4 316 472 (480 -661.987976 -45 ) (517.101990 -661.987976 -45 ) (517.101990 -661.987976 73 ) (480 -661.987976 73 ) 
4 316 318 (480 -661.987976 61 ) (480 -661.987976 73 ) (480 -555.987976 73 ) (480 -555.987976 61 ) 
4 316 317 (480 -526.987976 64 ) (480 -526.987976 61 ) (480 -555.987976 61 ) (480 -555.987976 64 ) 
4 316 319 (480 -526.987976 -45 ) (480 -661.987976 -45 ) (480 -661.987976 61 ) (480 -526.987976 61 ) 
4 316 325 (517.101990 -661.987976 -45 ) (480 -661.987976 -45 ) (480 -526.987976 -45 ) (517.101990 -526.987976 -45 ) 
4 317 318 (395.100037 -555.987976 61 ) (480 -555.987976 61 ) (480 -555.987976 64 ) (395.100037 -555.987976 64 ) 
4 317 319 (395.100037 -526.987976 61 ) (480 -526.987976 61 ) (480 -555.987976 61 ) (395.100037 -555.987976 61 ) 
4 318 472 (480 -661.987976 61 ) (480 -661.987976 73 ) (395.100037 -661.987976 73 ) (395.100037 -661.987976 61 ) 
4 318 319 (480 -555.987976 61 ) (480 -661.987976 61 ) (395.100037 -661.987976 61 ) (395.100037 -555.987976 61 ) 
4 319 474 (376.100037 -661.987976 -45 ) (395.100037 -661.987976 -45 ) (395.100037 -661.987976 61 ) (376.100037 -661.987976 61 ) 
4 319 472 (395.100037 -661.987976 -45 ) (480 -661.987976 -45 ) (480 -661.987976 61 ) (395.100037 -661.987976 61 ) 
4 319 320 (376.100037 -526.987976 -45 ) (376.100037 -661.987976 -45 ) (376.100037 -661.987976 61 ) (376.100037 -526.987976 61 ) 
4 319 325 (480 -661.987976 -45 ) (376.100037 -661.987976 -45 ) (376.100037 -526.987976 -45 ) (480 -526.987976 -45 ) 
4 320 475 (367.100037 -661.987976 73 ) (367.100037 -661.987976 -45 ) (376.100037 -661.987976 -45 ) (376.100037 -661.987976 73 ) 
4 320 323 (367.100037 -578.987976 -45 ) (367.100037 -598.987976 -45 ) (367.100037 -598.987976 73 ) (367.100037 -578.987976 73 ) 
4 320 321 (367.100037 -526.987976 -45 ) (367.100037 -578.987976 -45 ) (367.100037 -578.987976 73 ) (367.100037 -526.987976 73 ) 
4 320 324 (367.100037 -598.987976 -45 ) (367.100037 -661.987976 -45 ) (367.100037 -661.987976 73 ) (367.100037 -598.987976 73 ) 
4 320 325 (376.100037 -661.987976 -45 ) (367.100037 -661.987976 -45 ) (367.100037 -526.987976 -45 ) (376.100037 -526.987976 -45 ) 
4 321 536 (364.100037 -578.987976 101 ) (364.100037 -526.987976 101 ) (364.100037 -526.987976 -45 ) (364.100037 -578.987976 -45 ) 
4 321 322 (367.100037 -578.987976 78 ) (367.100037 -578.987976 101 ) (364.100037 -578.987976 101 ) (364.100037 -578.987976 78 ) 
4 321 323 (364.100037 -578.987976 -45 ) (367.100037 -578.987976 -45 ) (367.100037 -578.987976 73 ) (364.100037 -578.987976 73 ) 
4 321 325 (364.100037 -578.987976 -45 ) (364.100037 -526.987976 -45 ) (367.100037 -526.987976 -45 ) (367.100037 -578.987976 -45 ) 
4 322 537 (364.100037 -598.987976 101 ) (364.100037 -578.987976 101 ) (364.100037 -578.987976 78 ) (364.100037 -598.987976 78 ) 
4 322 324 (367.100037 -598.987976 78 ) (367.100037 -598.987976 101 ) (364.100037 -598.987976 101 ) (364.100037 -598.987976 78 ) 
4 323 538 (364.100037 -578.987976 73 ) (364.100037 -578.987976 -45 ) (364.100037 -598.987976 -45 ) (364.100037 -598.987976 73 ) 
4 323 325 (364.100037 -598.987976 -45 ) (364.100037 -578.987976 -45 ) (367.100037 -578.987976 -45 ) (367.100037 -598.987976 -45 ) 
4 323 324 (364.100037 -598.987976 -45 ) (367.100037 -598.987976 -45 ) (367.100037 -598.987976 73 ) (364.100037 -598.987976 73 ) 
4 324 539 (364.100037 -661.987976 -45 ) (364.100037 -661.987976 101 ) (364.100037 -598.987976 101 ) (364.100037 -598.987976 -45 ) 
4 324 475 (364.100037 -661.987976 73 ) (364.100037 -661.987976 -45 ) (367.100037 -661.987976 -45 ) (367.100037 -661.987976 73 ) 
4 324 414 (367.100037 -661.987976 101 ) (364.100037 -661.987976 101 ) (364.100037 -661.987976 78 ) (367.100037 -661.987976 78 ) 
4 324 325 (367.100037 -661.987976 -45 ) (364.100037 -661.987976 -45 ) (364.100037 -598.987976 -45 ) (367.100037 -598.987976 -45 ) 
4 325 538 (364.100037 -578.987976 -120 ) (364.100037 -598.987976 -120 ) (364.100037 -598.987976 -45 ) (364.100037 -578.987976 -45 ) 
4 325 536 (364.100037 -526.987976 -120 ) (364.100037 -578.987976 -120 ) (364.100037 -578.987976 -45 ) (364.100037 -526.987976 -45 ) 
4 325 539 (364.100037 -598.987976 -120 ) (364.100037 -661.987976 -120 ) (364.100037 -661.987976 -45 ) (364.100037 -598.987976 -45 ) 
4 325 474 (395.100037 -661.987976 -45 ) (376.100037 -661.987976 -45 ) (376.100037 -661.987976 -120 ) (395.100037 -661.987976 -120 ) 
4 325 475 (376.100037 -661.987976 -45 ) (364.100037 -661.987976 -45 ) (364.100037 -661.987976 -120 ) (376.100037 -661.987976 -120 ) 
4 325 471 (531.101990 -661.987976 -45 ) (517.101990 -661.987976 -45 ) (517.101990 -661.987976 -120 ) (531.101990 -661.987976 -120 ) 
4 325 472 (517.101990 -661.987976 -45 ) (395.100037 -661.987976 -45 ) (395.100037 -661.987976 -120 ) (517.101990 -661.987976 -120 ) 
4 325 339 (536.101990 -661.987976 -45 ) (531.101990 -661.987976 -45 ) (531.101990 -661.987976 -120 ) (536.101990 -661.987976 -120 ) 
4 325 338 (550.101990 -661.987976 -120 ) (550.101990 -661.987976 -45 ) (536.101990 -661.987976 -45 ) (536.101990 -661.987976 -120 ) 
4 326 504 (531.101990 -661.987976 223 ) (531.101990 -661.987976 218 ) (531.101990 -693.987976 218 ) (531.101990 -693.987976 223 ) 
4 326 503 (531.101990 -661.987976 242 ) (531.101990 -661.987976 223 ) (531.101990 -693.987976 223 ) (531.101990 -693.987976 242 ) 
4 326 381 (531.101990 -661.987976 178 ) (531.101990 -661.987976 78 ) (531.101990 -693.987976 78 ) (531.101990 -693.987976 178 ) 
4 326 376 (531.101990 -661.987976 218 ) (531.101990 -661.987976 178 ) (531.101990 -693.987976 178 ) (531.101990 -693.987976 218 ) 
4 326 349 (531.101990 -693.987976 78 ) (531.101990 -687.987976 78 ) (536.101990 -687.987976 78 ) (536.101990 -693.987976 78 ) 
4 326 342 (536.101990 -687.987976 78 ) (548.101990 -687.987976 78 ) (548.101990 -693.987976 78 ) (536.101990 -693.987976 78 ) 
4 326 340 (548.101990 -687.987976 78 ) (550.101990 -687.987976 78 ) (550.101990 -693.987976 78 ) (548.101990 -693.987976 78 ) 
4 326 328 (548.101990 -693.987976 78 ) (550.101990 -693.987976 78 ) (550.101990 -693.987976 81 ) (548.101990 -693.987976 81 ) 
4 326 327 (550.101990 -693.987976 81 ) (550.101990 -693.987976 242 ) (548.101990 -693.987976 242 ) (548.101990 -693.987976 81 ) 
4 327 334 (550.101990 -700.987976 81 ) (550.101990 -700.987976 83 ) (548.101990 -700.987976 83 ) (548.101990 -700.987976 81 ) 
4 327 329 (550.101990 -700.987976 83 ) (550.101990 -700.987976 242 ) (548.101990 -700.987976 242 ) (548.101990 -700.987976 83 ) 
4 327 328 (548.101990 -697.119507 81 ) (548.101990 -693.987976 81 ) (550.101990 -693.987976 81 ) (550.101990 -697.848633 81 ) 
4 328 340 (548.101990 -693.987976 78 ) (550.101990 -693.987976 78 ) (550.101990 -697.848633 78 ) (548.101990 -697.119446 78 ) 
4 329 336 (548.101990 -805.987976 83 ) (550.101990 -805.987976 83 ) (550.101990 -805.987976 242 ) (548.101990 -805.987976 242 ) 
4 329 334 (550.101990 -805.987976 83 ) (548.101990 -805.987976 83 ) (548.101990 -700.987976 83 ) (550.101990 -700.987976 83 ) 
3 329 331 (548.101990 -700.987976 236 ) (548.101990 -700.987976 83 ) (548.101990 -799.987915 83 ) 
3 329 330 (548.101990 -805.987976 89 ) (548.101990 -805.987976 242 ) (548.101990 -706.987976 242 ) 
4 332 505 (531.101990 -805.987976 218 ) (531.101990 -805.987976 223 ) (531.101990 -719.282104 223 ) (531.101990 -722.517395 218 ) 
4 332 503 (531.101990 -805.987976 223 ) (531.101990 -805.987976 242 ) (531.101990 -706.987976 242 ) (531.101990 -719.282104 223 ) 
3 332 399 (531.101990 -805.987976 89 ) (531.101990 -805.987976 178 ) (531.101990 -748.399719 178 ) 
4 332 395 (531.101990 -805.987976 178 ) (531.101990 -805.987976 218 ) (531.101990 -722.517395 218 ) (531.101990 -748.399719 178 ) 
4 333 505 (531.101990 -700.987976 223 ) (531.101990 -700.987976 218 ) (531.101990 -712.635010 218 ) (531.101990 -709.399719 223 ) 
3 333 503 (531.101990 -700.987976 236 ) (531.101990 -700.987976 223 ) (531.101990 -709.399719 223 ) 
4 333 399 (531.101990 -700.987976 178 ) (531.101990 -700.987976 83 ) (531.101990 -799.987915 83 ) (531.101990 -738.517334 178 ) 
4 333 395 (531.101990 -700.987976 218 ) (531.101990 -700.987976 178 ) (531.101990 -738.517334 178 ) (531.101990 -712.635010 218 ) 
4 334 336 (550.101990 -805.987976 81 ) (550.101990 -805.987976 83 ) (548.101990 -805.987976 83 ) (548.101990 -805.987976 81 ) 
4 334 335 (550.101990 -805.987976 81 ) (548.101990 -805.987976 81 ) (548.101990 -708.854126 81 ) (550.101990 -708.123047 81 ) 
4 335 341 (550.101990 -708.123108 78 ) (550.101990 -805.987976 78 ) (548.101990 -805.987976 78 ) (548.101990 -708.854187 78 ) 
4 335 337 (548.101990 -805.987976 78 ) (550.101990 -805.987976 78 ) (550.101990 -805.987976 81 ) (548.101990 -805.987976 81 ) 
4 336 353 (550.101990 -812.987976 81 ) (550.101990 -812.987976 242 ) (548.101990 -812.987976 242 ) (548.101990 -812.987976 81 ) 
4 336 337 (548.101990 -809.119751 81 ) (548.101990 -805.987976 81 ) (550.101990 -805.987976 81 ) (550.101990 -809.849426 81 ) 
4 337 341 (548.101990 -809.119751 78 ) (548.101990 -805.987976 78 ) (550.101990 -805.987976 78 ) (550.101990 -809.849426 78 ) 
4 338 342 (548.101990 -687.987976 73 ) (536.101990 -687.987976 73 ) (536.101990 -687.987976 -120 ) (548.101990 -687.987976 -120 ) 
4 338 340 (550.101990 -687.987976 -120 ) (550.101990 -687.987976 73 ) (548.101990 -687.987976 73 ) (548.101990 -687.987976 -120 ) 
4 338 339 (536.101990 -687.987976 -120 ) (536.101990 -687.987976 61 ) (536.101990 -661.987976 61 ) (536.101990 -661.987976 -120 ) 
4 339 471 (531.101990 -661.987976 61 ) (531.101990 -661.987976 -120 ) (531.101990 -687.987976 -120 ) (531.101990 -687.987976 61 ) 
4 339 350 (531.101990 -687.987976 61 ) (531.101990 -687.987976 -120 ) (536.101990 -687.987976 -120 ) (536.101990 -687.987976 61 ) 
4 340 345 (548.101990 -694.858093 -120 ) (548.101990 -697.118896 -120 ) (548.101990 -697.119446 73 ) (548.101990 -694.858093 73 ) 
4 340 343 (548.101990 -693.987976 -120 ) (548.101990 -694.858093 -120 ) (548.101990 -694.858093 73 ) (548.101990 -693.987976 73 ) 
4 340 342 (548.101990 -687.987976 78 ) (548.101990 -687.987976 -120 ) (548.101990 -693.987976 -120 ) (548.101990 -693.987976 78 ) 
4 341 351 (548.101990 -787.116821 -120 ) (548.101990 -809.119690 -120 ) (548.101990 -809.119690 73 ) (548.101990 -787.116821 73 ) 
4 341 348 (548.101990 -708.858093 -120 ) (548.101990 -711.118896 -120 ) (548.101990 -711.118896 73 ) (548.101990 -708.854309 73 ) 
4 341 344 (548.101990 -711.118896 -120 ) (548.101990 -787.116821 -120 ) (548.101990 -787.116821 73 ) (548.101990 -711.118896 73 ) 
4 342 350 (536.101990 -687.987976 61 ) (536.101990 -687.987976 -120 ) (536.101990 -693.987976 -120 ) (536.101990 -693.987976 61 ) 
4 342 349 (536.101990 -687.987976 78 ) (536.101990 -687.987976 73 ) (536.101990 -693.987976 73 ) (536.101990 -693.987976 78 ) 
4 342 343 (536.101990 -693.987976 73 ) (536.101990 -693.987976 -120 ) (548.101990 -693.987976 -120 ) (548.101990 -693.987976 73 ) 
4 343 350 (536.101990 -693.987976 -120 ) (536.101990 -699.229004 -120 ) (536.101990 -699.229004 61 ) (536.101990 -693.987976 61 ) 
4 343 346 (536.101990 -699.228271 73 ) (536.101990 -699.228271 -120 ) (539.865173 -697.857544 -120 ) (539.868469 -697.856323 73 ) 
4 343 345 (544.998840 -695.987549 -120 ) (548.101990 -694.857178 -120 ) (548.101990 -694.857178 73 ) (544.998047 -695.987793 73 ) 
4 344 360 (537.270203 -812.987976 -120 ) (538.724854 -812.987976 -120 ) (538.724854 -812.987976 73 ) (537.270752 -812.987976 73 ) 
4 344 359 (536.101990 -812.987976 -120 ) (537.270203 -812.987976 -120 ) (537.270752 -812.987976 73 ) (536.101990 -812.987976 73 ) 
4 344 352 (541.059204 -806.550171 73 ) (539.860718 -809.856750 73 ) (539.860718 -809.856750 -120 ) (541.059204 -806.550171 -120 ) 
4 344 351 (548.101990 -787.119141 -120 ) (548.101990 -787.119141 73 ) (541.059204 -806.550171 73 ) (541.059204 -806.550171 -120 ) 
4 344 350 (536.101990 -706.743713 -120 ) (536.101990 -812.987976 -120 ) (536.101990 -812.987976 61 ) (536.101990 -706.743713 61 ) 
4 344 348 (548.101990 -711.119019 73 ) (548.101990 -711.119019 -120 ) (545.005310 -709.989929 -120 ) (545 -709.988037 73 ) 
4 344 347 (539.865967 -708.116028 -120 ) (536.572327 -706.915100 -120 ) (536.574829 -706.916016 73 ) (539.865906 -708.116028 73 ) 
4 344 346 (536.572327 -706.915100 -120 ) (536.101990 -706.743591 -120 ) (536.101990 -706.743591 73 ) (536.574829 -706.916016 73 ) 
4 346 350 (536.101990 -699.229004 -120 ) (536.101990 -706.743713 -120 ) (536.101990 -706.743713 61 ) (536.101990 -699.229004 61 ) 
4 346 347 (538.001221 -702.991333 73 ) (536.574463 -706.915955 73 ) (536.571899 -706.915039 -120 ) (538 -702.987427 -120 ) 
4 349 470 (531.101990 -693.987976 78 ) (531.101990 -687.987976 78 ) (531.101990 -687.987976 73 ) (531.101990 -693.987976 73 ) 
4 350 471 (531.101990 -687.987976 -120 ) (531.101990 -812.987976 -120 ) (531.101990 -812.987976 61 ) (531.101990 -687.987976 61 ) 
4 350 366 (531.101990 -812.987976 61 ) (531.101990 -812.987976 -120 ) (536.101990 -812.987976 -120 ) (536.101990 -812.987976 61 ) 
4 351 352 (541.058594 -806.548828 73 ) (541.058594 -806.548828 -120 ) (545.001343 -807.987488 -120 ) (545.001343 -807.987488 73 ) 
4 353 508 (550.101990 -1014.989990 242 ) (548.101990 -1014.989990 242 ) (548.101990 -1014.989990 81 ) (550.101990 -1014.989990 81 ) 
3 353 368 (548.101990 -1014.989990 83 ) (548.101990 -1014.989990 236 ) (548.101990 -953.987976 83 ) 
3 353 367 (548.101990 -1008.989990 242 ) (548.101990 -947.987976 242 ) (548.101990 -947.987976 89 ) 
4 353 358 (548.101990 -812.987976 219 ) (548.101990 -812.987976 83 ) (548.101990 -940.987976 83 ) (548.101990 -940.987976 219 ) 
4 353 356 (548.101990 -812.987976 242 ) (548.101990 -812.987976 224 ) (548.101990 -940.987976 224 ) (548.101990 -940.987976 242 ) 
4 353 355 (548.101990 -1014.989990 81 ) (548.101990 -942.857483 81 ) (550.101990 -942.128540 81 ) (550.101990 -1014.989990 81 ) 
4 353 354 (548.101990 -931.113892 81 ) (548.101990 -820.864014 81 ) (550.101990 -820.139282 81 ) (550.101990 -931.839783 81 ) 
4 354 365 (548.101990 -928.858643 -120 ) (548.101990 -931.113892 -120 ) (548.101990 -931.113892 73 ) (548.101990 -928.859558 73 ) 
4 354 361 (548.101990 -820.864014 -120 ) (548.101990 -842.671204 -120 ) (548.101990 -842.669678 73 ) (548.101990 -820.864014 73 ) 
4 354 359 (548.101990 -842.671204 -120 ) (548.101990 -928.858643 -120 ) (548.101990 -928.859558 73 ) (548.101990 -842.669678 73 ) 
4 355 509 (548.101990 -1014.989990 81 ) (548.101990 -1014.989990 -120 ) (550.101990 -1014.989990 -120 ) (550.101990 -1014.989990 81 ) 
4 355 371 (548.101990 -942.857483 -120 ) (548.101990 -1014.989990 -120 ) (548.101990 -1014.989990 73 ) (548.101990 -942.857483 73 ) 
4 357 503 (531.101990 -940.987976 224 ) (531.101990 -940.987976 242 ) (531.101990 -812.987976 242 ) (531.101990 -812.987976 224 ) 
4 358 506 (531.101990 -940.987976 218 ) (531.101990 -940.987976 219 ) (531.101990 -812.987976 219 ) (531.101990 -812.987976 218 ) 
4 358 430 (531.101990 -940.987976 83 ) (531.101990 -940.987976 178 ) (531.101990 -812.987976 178 ) (531.101990 -812.987976 83 ) 
4 358 426 (531.101990 -940.987976 178 ) (531.101990 -940.987976 213 ) (531.101990 -812.987976 213 ) (531.101990 -812.987976 178 ) 
4 358 424 (531.101990 -940.987976 213 ) (531.101990 -940.987976 218 ) (531.101990 -812.987976 218 ) (531.101990 -812.987976 213 ) 
4 359 366 (536.101990 -812.987976 61 ) (536.101990 -812.987976 -120 ) (536.101990 -933.227478 -120 ) (536.101990 -933.228333 61 ) 
4 359 365 (545 -929.987793 -120 ) (548.101990 -928.858398 -120 ) (548.101990 -928.859375 73 ) (545 -929.988281 73 ) 
4 359 364 (536.571411 -933.056030 -120 ) (539.863831 -931.857422 -120 ) (539.863831 -931.858398 73 ) (536.571716 -933.056885 73 ) 
4 359 363 (536.101990 -933.227905 73 ) (536.101990 -933.226929 -120 ) (536.571411 -933.056030 -120 ) (536.571716 -933.056885 73 ) 
4 359 362 (539.874756 -820.120422 73 ) (541.075195 -823.410156 73 ) (541.074646 -823.410278 -120 ) (539.874084 -820.120117 -120 ) 
4 359 361 (541.075195 -823.410156 73 ) (548.101990 -842.666992 73 ) (548.101990 -842.668579 -120 ) (541.074646 -823.410278 -120 ) 
4 359 360 (537.271545 -812.987976 -120 ) (537.272156 -812.987976 73 ) (538 -814.985352 73 ) (538 -814.986084 -120 ) 
4 361 362 (541.073792 -823.410339 -120 ) (541.074341 -823.410156 73 ) (545 -821.987854 73 ) (545 -821.987854 -120 ) 
4 363 372 (536.101990 -940.987976 -120 ) (539.453308 -940.987976 -120 ) (539.453308 -940.987976 73 ) (536.101990 -940.987976 73 ) 
4 363 366 (536.101990 -940.987976 -120 ) (536.101990 -940.987976 61 ) (536.101990 -933.228333 61 ) (536.101990 -933.227478 -120 ) 
4 363 364 (536.571960 -933.057739 -120 ) (536.572266 -933.058594 73 ) (538 -936.988525 73 ) (538 -936.988037 -120 ) 
4 366 471 (531.101990 -812.987976 -120 ) (531.101990 -940.987976 -120 ) (531.101990 -940.987976 61 ) (531.101990 -812.987976 61 ) 
4 366 374 (531.101990 -940.987976 61 ) (531.101990 -940.987976 -120 ) (536.101990 -940.987976 -120 ) (536.101990 -940.987976 61 ) 
4 369 507 (531.101990 -947.987976 223 ) (531.101990 -947.987976 218 ) (531.101990 -999.421021 218 ) (531.101990 -1001.414551 223 ) 
4 369 503 (531.101990 -1008.989990 242 ) (531.101990 -947.987976 242 ) (531.101990 -947.987976 223 ) (531.101990 -1001.414551 223 ) 
3 369 457 (531.101990 -947.987976 178 ) (531.101990 -947.987976 89 ) (531.101990 -983.472778 178 ) 
4 369 452 (531.101990 -947.987976 218 ) (531.101990 -947.987976 178 ) (531.101990 -983.472778 178 ) (531.101990 -999.421021 218 ) 
4 370 507 (531.101990 -1014.989990 218 ) (531.101990 -1014.989990 223 ) (531.101990 -1009.806824 223 ) (531.101990 -1007.813293 218 ) 
3 370 503 (531.101990 -1014.989990 223 ) (531.101990 -1014.989990 236 ) (531.101990 -1009.806824 223 ) 
4 370 462 (531.101990 -1014.989990 83 ) (531.101990 -1014.989990 178 ) (531.101990 -1002 178 ) (531.101990 -1002 83 ) 
4 370 457 (531.101990 -1002 178 ) (531.101990 -991.865051 178 ) (531.101990 -953.987976 83 ) (531.101990 -1002 83 ) 
4 370 452 (531.101990 -1014.989990 178 ) (531.101990 -1014.989990 218 ) (531.101990 -1007.813293 218 ) (531.101990 -991.865051 178 ) 
4 371 512 (541.638550 -1014.989990 -120 ) (548.101990 -1014.989990 -120 ) (548.101990 -1014.989990 73 ) (541.637634 -1014.989990 73 ) 
4 371 511 (536.101990 -1014.989990 -120 ) (541.638550 -1014.989990 -120 ) (541.637634 -1014.989990 73 ) (536.101990 -1014.989990 73 ) 
4 371 374 (536.101990 -1014.989990 -120 ) (536.101990 -1014.989990 61 ) (536.101990 -947.230835 61 ) (536.101990 -947.230835 -120 ) 
4 371 373 (541.064331 -945.421936 73 ) (545.003052 -943.986450 73 ) (545 -943.987793 -120 ) (541.064331 -945.421936 -120 ) 
4 371 372 (536.101990 -947.230469 -120 ) (536.101990 -947.230469 73 ) (541.064331 -945.421936 73 ) (541.064331 -945.421936 -120 ) 
4 372 374 (536.101990 -940.987976 61 ) (536.101990 -940.987976 -120 ) (536.101990 -947.230835 -120 ) (536.101990 -947.230835 61 ) 
4 372 373 (539.862366 -942.117676 73 ) (541.064453 -945.425781 73 ) (541.064453 -945.425781 -120 ) (539.863464 -942.120728 -120 ) 
4 374 518 (531.101990 -1014.989990 61 ) (531.101990 -1014.989990 -120 ) (536.101990 -1014.989990 -120 ) (536.101990 -1014.989990 61 ) 
4 374 471 (531.101990 -940.987976 -120 ) (531.101990 -1014.989990 -120 ) (531.101990 -1014.989990 61 ) (531.101990 -940.987976 61 ) 
4 375 550 (364.100037 -940.987976 242 ) (364.100037 -926.286987 242 ) (364.100037 -926.286987 83 ) (364.100037 -940.987976 83 ) 
4 375 445 (369.100037 -940.004028 83 ) (364.100037 -926.284607 83 ) (364.100037 -926.284668 218 ) (369.100037 -940.004028 218 ) 
4 375 423 (364.100037 -926.284668 218 ) (364.100037 -926.284668 242 ) (369.100037 -940.004028 242 ) (369.100037 -940.004028 218 ) 
4 376 504 (531.101990 -693.987976 218 ) (531.101990 -661.987976 218 ) (507.101990 -661.987976 242 ) (507.101990 -693.987976 242 ) 
5 376 395 (531.101990 -700.987976 178 ) (531.101990 -700.987976 218 ) (507.100861 -700.987976 242 ) (500 -700.987976 242 ) (500 -700.987976 178 ) 
4 376 381 (531.101990 -700.987976 178 ) (500 -700.987976 178 ) (500 -661.987976 178 ) (531.101990 -661.987976 178 ) 
4 376 379 (500 -672 178 ) (500 -700.987976 178 ) (500 -700.987976 180 ) (500 -672 180 ) 
4 376 378 (500 -700.987976 180 ) (500 -700.987976 242 ) (500 -672 242 ) (500 -672 180 ) 
4 376 377 (500 -661.987976 178 ) (500 -672 178 ) (500 -672 242 ) (500 -661.987976 242 ) 
4 377 392 (405.095215 -672 242 ) (405.095215 -661.987976 242 ) (404.149994 -661.987976 241.054626 ) (404.149994 -672 241.054626 ) 
4 377 382 (404.149994 -672 178 ) (404.149994 -661.987976 178 ) (500 -661.987976 178 ) (500 -672 178 ) 
4 377 379 (404.149994 -672 180 ) (404.149994 -672 178 ) (500 -672 178 ) (500 -672 180 ) 
5 377 378 (404.149994 -672 241.054688 ) (404.149994 -672 180 ) (500 -672 180 ) (500 -672 242 ) (405.095154 -672 242 ) 
4 377 380 (404.149994 -661.987976 178 ) (404.149994 -672 178 ) (404.149994 -672 241.055878 ) (404.149994 -661.987976 241.055878 ) 
5 378 396 (500 -700.987976 242 ) (405.093964 -700.987976 242 ) (404.149994 -700.987976 241.055878 ) (404.149994 -700.987976 180 ) (500 -700.987976 180 ) 
4 378 392 (405.095215 -693.987976 242 ) (405.095215 -672 242 ) (404.149994 -672 241.054626 ) (404.149994 -693.987976 241.054626 ) 
4 378 380 (404.149994 -700.987976 180 ) (404.149994 -700.987976 241.055878 ) (404.149994 -672 241.055878 ) (404.149994 -672 180 ) 
4 378 379 (404.149994 -700.987976 180 ) (404.149994 -672 180 ) (500 -672 180 ) (500 -700.987976 180 ) 
4 379 397 (404.149994 -700.987976 180 ) (404.149994 -700.987976 178 ) (500 -700.987976 178 ) (500 -700.987976 180 ) 
4 379 387 (406 -700.987976 178 ) (404.149994 -700.987976 178 ) (404.149994 -674 178 ) (406 -674 178 ) 
4 379 386 (496.942993 -700.987976 178 ) (406 -700.987976 178 ) (406 -674 178 ) (496.942993 -674 178 ) 
4 379 385 (500 -700.987976 178 ) (496.942993 -700.987976 178 ) (496.942993 -674 178 ) (500 -674 178 ) 
4 379 384 (404.149994 -674 178 ) (404.149994 -672 178 ) (406 -672 178 ) (406 -674 178 ) 
4 379 383 (406 -672 178 ) (500 -672 178 ) (500 -674 178 ) (406 -674 178 ) 
4 379 380 (404.149994 -672 178 ) (404.149994 -700.987976 178 ) (404.149994 -700.987976 180 ) (404.149994 -672 180 ) 
4 380 398 (404.149994 -700.987976 241.055878 ) (388.712494 -700.987976 225.615814 ) (388.712494 -700.987976 178 ) (404.149994 -700.987976 178 ) 
4 380 392 (404.149994 -693.987976 241.054626 ) (404.149994 -661.987976 241.054626 ) (381.100037 -661.987976 218 ) (381.100037 -693.987976 218 ) 
4 380 390 (388.714844 -700.987976 178 ) (388.714844 -700.987976 225.625000 ) (381.100037 -698.211365 218.008926 ) (381.100037 -698.211365 178 ) 
4 380 389 (381.100037 -693.987976 217.996094 ) (381.100037 -661.987976 217.996094 ) (381.100037 -661.987976 178 ) (381.100037 -693.987976 178 ) 
5 380 388 (404.149994 -700.987976 178 ) (388.718750 -700.987976 178 ) (381.100037 -698.210938 178 ) (381.100037 -672 178 ) (404.149994 -672 178 ) 
4 380 382 (381.100037 -672 178 ) (381.100037 -661.987976 178 ) (404.149994 -661.987976 178 ) (404.149994 -672 178 ) 
4 381 470 (531.101990 -687.987976 78 ) (531.101990 -693.987976 78 ) (500 -693.987976 78 ) (500 -687.987976 78 ) 
4 381 406 (500 -700.987976 78 ) (531.101990 -700.987976 78 ) (531.101990 -700.987976 83 ) (500 -700.987976 83 ) 
4 381 399 (531.101990 -700.987976 83 ) (531.101990 -700.987976 178 ) (500 -700.987976 178 ) (500 -700.987976 83 ) 
4 381 385 (500 -674 78 ) (500 -700.987976 78 ) (500 -700.987976 178 ) (500 -674 178 ) 
4 381 383 (500 -672 78 ) (500 -674 78 ) (500 -674 178 ) (500 -672 178 ) 
4 381 382 (500 -661.987976 78 ) (500 -672 78 ) (500 -672 178 ) (500 -661.987976 178 ) 
4 382 389 (381.100037 -661.987976 78 ) (381.100037 -672 78 ) (381.100037 -672 178 ) (381.100037 -661.987976 178 ) 
4 382 384 (406 -672 178 ) (404 -672 178 ) (404 -672 78 ) (406 -672 78 ) 
4 382 383 (500 -672 78 ) (500 -672 178 ) (406 -672 178 ) (406 -672 78 ) 
4 382 388 (404 -672 178 ) (381.100037 -672 178 ) (381.100037 -672 78 ) (404 -672 78 ) 
4 383 386 (406 -674 78 ) (496.942993 -674 78 ) (496.942993 -674 178 ) (406 -674 178 ) 
4 383 385 (496.942993 -674 78 ) (500 -674 78 ) (500 -674 178 ) (496.942993 -674 178 ) 
4 383 384 (406 -672 178 ) (406 -672 78 ) (406 -674 78 ) (406 -674 178 ) 
4 384 387 (404 -674 178 ) (404 -674 78 ) (406 -674 78 ) (406 -674 178 ) 
4 384 388 (404 -672 178 ) (404 -672 78 ) (404 -674 78 ) (404 -674 178 ) 
4 385 470 (500 -687.987976 78 ) (500 -693.987976 78 ) (496.942993 -693.987976 78 ) (496.942993 -687.987976 78 ) 
4 385 407 (496.942993 -700.987976 78 ) (500 -700.987976 78 ) (500 -700.987976 83 ) (496.942993 -700.987976 83 ) 
4 385 400 (500 -700.987976 83 ) (500 -700.987976 178 ) (496.942993 -700.987976 178 ) (496.942993 -700.987976 83 ) 
4 385 386 (496.942993 -674 178 ) (496.942993 -674 78 ) (496.942993 -700.987976 78 ) (496.942993 -700.987976 178 ) 
4 386 470 (406 -693.987976 78 ) (406 -687.987976 78 ) (496.942993 -687.987976 78 ) (496.942993 -693.987976 78 ) 
4 386 408 (406 -700.987976 78 ) (496.942993 -700.987976 78 ) (496.942993 -700.987976 83 ) (406 -700.987976 83 ) 
4 386 401 (496.942993 -700.987976 83 ) (496.942993 -700.987976 178 ) (406 -700.987976 178 ) (406 -700.987976 83 ) 
4 386 387 (406 -674 178 ) (406 -674 78 ) (406 -700.987976 78 ) (406 -700.987976 178 ) 
4 387 470 (404 -693.987976 78 ) (404 -687.987976 78 ) (406 -687.987976 78 ) (406 -693.987976 78 ) 
4 387 409 (404 -700.987976 78 ) (406 -700.987976 78 ) (406 -700.987976 83 ) (404 -700.987976 83 ) 
4 387 402 (406 -700.987976 83 ) (406 -700.987976 178 ) (404 -700.987976 178 ) (404 -700.987976 83 ) 
4 387 388 (404 -674 78 ) (404 -700.987976 78 ) (404 -700.987976 178 ) (404 -674 178 ) 
4 388 473 (381.100037 -693.987976 78 ) (381.100037 -687.987976 78 ) (395.100037 -687.987976 78 ) (395.100037 -693.987976 78 ) 
4 388 470 (395.100037 -693.987976 78 ) (395.100037 -687.987976 78 ) (404 -687.987976 78 ) (404 -693.987976 78 ) 
4 388 412 (388.712494 -700.987976 78 ) (399.716583 -700.987976 78 ) (399.716583 -700.987976 81 ) (388.712494 -700.987976 81 ) 
4 388 411 (399.716583 -700.987976 81 ) (399.716583 -700.987976 83 ) (388.712494 -700.987976 83 ) (388.712494 -700.987976 81 ) 
4 388 410 (399.716583 -700.987976 78 ) (404 -700.987976 78 ) (404 -700.987976 83 ) (399.716583 -700.987976 83 ) 
4 388 403 (404 -700.987976 83 ) (404 -700.987976 178 ) (388.712494 -700.987976 178 ) (388.712494 -700.987976 83 ) 
4 388 391 (388.714844 -700.987976 78 ) (388.714844 -700.987976 81 ) (381.100037 -698.211365 81 ) (381.100037 -698.211365 78 ) 
4 388 390 (388.714844 -700.987976 81 ) (388.714844 -700.987976 178 ) (381.100037 -698.211365 178 ) (381.100037 -698.211365 81 ) 
4 388 389 (381.100037 -672 78 ) (381.100037 -693.987976 78 ) (381.100037 -693.987976 178 ) (381.100037 -672 178 ) 
4 389 473 (381.100037 -687.987976 78 ) (381.100037 -693.987976 78 ) (376.100037 -693.987976 78 ) (376.100037 -687.987976 78 ) 
4 389 414 (376.100037 -661.987976 78 ) (376.100037 -693.987976 78 ) (376.100037 -693.987976 213.001236 ) (376.100037 -661.987976 213.001251 ) 
4 389 394 (376.100037 -661.987976 213 ) (376.100037 -693.987976 213 ) (381.100037 -693.987976 218 ) (381.100037 -661.987976 218 ) 
4 390 411 (381.100037 -700.987976 81 ) (388.712494 -700.987976 81 ) (388.712494 -700.987976 83 ) (381.100037 -700.987976 83 ) 
4 390 403 (388.712494 -700.987976 83 ) (388.712494 -700.987976 178 ) (381.100037 -700.987976 178 ) (381.100037 -700.987976 83 ) 
4 390 398 (388.712494 -700.987976 178 ) (388.712494 -700.987976 225.615814 ) (381.100037 -700.987976 218.002090 ) (381.100037 -700.987976 178 ) 
3 390 391 (381.100037 -698.211121 81 ) (388.715515 -700.987976 81 ) (381.100037 -700.987976 81 ) 
4 391 412 (381.100037 -700.987976 78 ) (388.712494 -700.987976 78 ) (388.712494 -700.987976 81 ) (381.100037 -700.987976 81 ) 
4 392 394 (381.100037 -661.987976 217.998032 ) (381.100037 -693.987976 217.998032 ) (381.100037 -693.987976 242 ) (381.100037 -661.987976 242 ) 
3 392 393 (381.100037 -693.987976 242 ) (381.100037 -693.987976 223.014053 ) (400.089996 -693.987976 242 ) 
3 393 398 (400.106018 -700.987976 242 ) (381.100037 -700.987976 242 ) (381.100037 -700.987976 222.998047 ) 
4 394 414 (376.100037 -693.987976 242 ) (376.100037 -661.987976 242 ) (376.100037 -661.987976 213.001251 ) (376.100037 -693.987976 213.001236 ) 
4 395 505 (531.101990 -805.987976 218 ) (531.101990 -700.987976 218 ) (507.101990 -700.987976 242 ) (507.101959 -805.987976 242 ) 
4 395 426 (531.101990 -805.987976 178 ) (531.101990 -805.987976 213 ) (500 -805.987976 213 ) (500 -805.987976 178 ) 
4 395 424 (531.101990 -805.987976 213 ) (531.101990 -805.987976 218 ) (500 -805.987976 218 ) (500 -805.987976 213 ) 
4 395 418 (531.101990 -805.987976 218 ) (507.102661 -805.987976 242 ) (500 -805.987976 242 ) (500 -805.987976 218 ) 
4 395 399 (531.101990 -805.987976 178 ) (500 -805.987976 178 ) (500 -700.987976 178 ) (531.101990 -700.987976 178 ) 
4 395 397 (500 -700.987976 180 ) (500 -700.987976 178 ) (500 -805.987976 178 ) (500 -805.987976 180 ) 
4 395 396 (500 -700.987976 242 ) (500 -700.987976 180 ) (500 -805.987976 180 ) (500 -805.987976 242 ) 
4 396 427 (404.149994 -805.987976 213 ) (404.149994 -805.987976 180 ) (500 -805.987976 180 ) (500 -805.987976 213 ) 
4 396 424 (404.149994 -805.987976 218 ) (404.149994 -805.987976 213 ) (500 -805.987976 213 ) (500 -805.987976 218 ) 
5 396 418 (500 -805.987976 242 ) (405.093964 -805.987976 242 ) (404.149994 -805.987976 241.055878 ) (404.149994 -805.987976 218 ) (500 -805.987976 218 ) 
4 396 398 (404.149994 -700.987976 242 ) (404.149994 -700.987976 180 ) (404.149994 -805.987976 180 ) (404.149994 -805.987976 242 ) 
4 396 397 (404.149994 -805.987976 180 ) (404.149994 -700.987976 180 ) (500 -700.987976 180 ) (500 -805.987976 180 ) 
4 397 428 (404.149994 -805.987976 180 ) (404.149994 -805.987976 178 ) (500 -805.987976 178 ) (500 -805.987976 180 ) 
4 397 402 (406 -805.987976 178 ) (404.149994 -805.987976 178 ) (404.149994 -700.987976 178 ) (406 -700.987976 178 ) 
4 397 400 (500 -805.987976 178 ) (496.942993 -805.987976 178 ) (496.942993 -700.987976 178 ) (500 -700.987976 178 ) 
4 397 401 (496.942993 -805.987976 178 ) (406 -805.987976 178 ) (406 -700.987976 178 ) (496.942993 -700.987976 178 ) 
4 397 398 (404.149994 -700.987976 180 ) (404.149994 -700.987976 178 ) (404.149994 -805.987976 178 ) (404.149994 -805.987976 180 ) 
4 398 446 (381.100037 -805.987976 218 ) (381.100037 -805.987976 178 ) (385.269653 -805.987976 178 ) (385.269653 -805.987976 218 ) 
4 398 429 (385.269653 -805.987976 178 ) (404.149994 -805.987976 178 ) (404.149994 -805.987976 213 ) (385.269653 -805.987976 213 ) 
4 398 424 (404.149994 -805.987976 213 ) (404.149994 -805.987976 218 ) (385.269653 -805.987976 218 ) (385.269653 -805.987976 213 ) 
4 398 418 (381.100037 -805.987976 218.002075 ) (381.100037 -805.987976 218 ) (404.149994 -805.987976 218 ) (404.149994 -805.987976 241.055878 ) 
3 398 417 (400.092987 -805.987976 242 ) (381.100037 -805.987976 242 ) (381.100037 -805.987976 223.010056 ) 
4 398 405 (381.100037 -748.399780 178 ) (381.100037 -805.987976 178 ) (381.100037 -805.987976 242 ) (381.100037 -706.987976 242 ) 
3 398 404 (381.100037 -700.987976 236 ) (381.100037 -700.987976 178 ) (381.100037 -738.517334 178 ) 
4 398 403 (404.149994 -805.987976 178 ) (381.100037 -805.987976 178 ) (381.100037 -700.987976 178 ) (404.149994 -700.987976 178 ) 
4 399 430 (531.101990 -805.987976 83 ) (531.101990 -805.987976 178 ) (500 -805.987976 178 ) (500 -805.987976 83 ) 
4 399 406 (531.101990 -805.987976 83 ) (500 -805.987976 83 ) (500 -700.987976 83 ) (531.101990 -700.987976 83 ) 
4 399 400 (500 -700.987976 83 ) (500 -805.987976 83 ) (500 -805.987976 178 ) (500 -700.987976 178 ) 
4 400 431 (500 -805.987976 178 ) (496.942993 -805.987976 178 ) (496.942993 -805.987976 83 ) (500 -805.987976 83 ) 
4 400 407 (500 -805.987976 83 ) (496.942993 -805.987976 83 ) (496.942993 -700.987976 83 ) (500 -700.987976 83 ) 
4 400 401 (496.942993 -700.987976 83 ) (496.942993 -805.987976 83 ) (496.942993 -805.987976 178 ) (496.942993 -700.987976 178 ) 
4 401 432 (496.942993 -805.987976 178 ) (406 -805.987976 178 ) (406 -805.987976 83 ) (496.942993 -805.987976 83 ) 
4 401 408 (496.942993 -805.987976 83 ) (406 -805.987976 83 ) (406 -700.987976 83 ) (496.942993 -700.987976 83 ) 
4 401 402 (406 -700.987976 83 ) (406 -805.987976 83 ) (406 -805.987976 178 ) (406 -700.987976 178 ) 
4 402 433 (406 -805.987976 178 ) (404 -805.987976 178 ) (404 -805.987976 83 ) (406 -805.987976 83 ) 
4 402 409 (406 -805.987976 83 ) (404 -805.987976 83 ) (404 -700.987976 83 ) (406 -700.987976 83 ) 
4 402 403 (404 -700.987976 83 ) (404 -805.987976 83 ) (404 -805.987976 178 ) (404 -700.987976 178 ) 
4 403 446 (385.269653 -805.987976 178 ) (381.100037 -805.987976 178 ) (381.100037 -805.987976 83 ) (385.269653 -805.987976 83 ) 
4 403 434 (404 -805.987976 178 ) (385.269653 -805.987976 178 ) (385.269653 -805.987976 83 ) (404 -805.987976 83 ) 
3 403 411 (381.100037 -707.766785 83 ) (381.100037 -700.987976 83 ) (399.716583 -700.987976 83 ) 
5 403 410 (404 -805.987976 83 ) (381.100037 -805.987976 83 ) (381.100037 -707.766785 83 ) (399.716583 -700.987976 83 ) (404 -700.987976 83 ) 
3 403 405 (381.100037 -805.987976 89 ) (381.100037 -805.987976 178 ) (381.100037 -748.399780 178 ) 
4 403 404 (381.100037 -700.987976 178 ) (381.100037 -700.987976 83 ) (381.100037 -799.987915 83 ) (381.100037 -738.517334 178 ) 
4 406 435 (500 -805.987976 78 ) (531.101990 -805.987976 78 ) (531.101990 -805.987976 83 ) (500 -805.987976 83 ) 
4 406 407 (500 -805.987976 78 ) (500 -805.987976 83 ) (500 -700.987976 83 ) (500 -700.987976 78 ) 
4 407 436 (496.942993 -805.987976 78 ) (500 -805.987976 78 ) (500 -805.987976 83 ) (496.942993 -805.987976 83 ) 
4 407 408 (496.942993 -805.987976 78 ) (496.942993 -805.987976 83 ) (496.942993 -700.987976 83 ) (496.942993 -700.987976 78 ) 
4 408 437 (406 -805.987976 78 ) (496.942993 -805.987976 78 ) (496.942993 -805.987976 83 ) (406 -805.987976 83 ) 
4 408 409 (406 -805.987976 78 ) (406 -805.987976 83 ) (406 -700.987976 83 ) (406 -700.987976 78 ) 
4 409 438 (404 -805.987976 78 ) (406 -805.987976 78 ) (406 -805.987976 83 ) (404 -805.987976 83 ) 
4 409 410 (404 -805.987976 78 ) (404 -805.987976 83 ) (404 -700.987976 83 ) (404 -700.987976 78 ) 
4 410 446 (381.100037 -805.987976 78 ) (385.269653 -805.987976 78 ) (385.269653 -805.987976 83 ) (381.100037 -805.987976 83 ) 
4 410 439 (385.269653 -805.987976 78 ) (404 -805.987976 78 ) (404 -805.987976 83 ) (385.269653 -805.987976 83 ) 
4 410 413 (383.428925 -706.917114 78 ) (381.100037 -707.765198 78 ) (381.100037 -707.765198 81 ) (383.428925 -706.917114 81 ) 
4 410 412 (399.710938 -700.987976 81 ) (399.710938 -700.987976 78 ) (383.428925 -706.917114 78 ) (383.428925 -706.917114 81 ) 
4 410 411 (381.100037 -707.765198 83 ) (399.710938 -700.987976 83 ) (399.710938 -700.987976 81 ) (381.100037 -707.765198 81 ) 
4 411 413 (383.429718 -706.919250 81 ) (381.100037 -707.767578 81 ) (381.100037 -705.460632 81 ) (382 -702.987976 81 ) 
3 411 412 (399.718750 -700.987976 81 ) (383.429718 -706.919250 81 ) (381.272644 -700.987976 81 ) 
4 412 413 (383.431641 -706.921875 78 ) (383.431641 -706.921875 81 ) (382 -702.986633 81 ) (382 -702.986633 78 ) 
4 414 541 (364.100037 -693.987976 242 ) (364.100037 -686.987976 242 ) (364.100037 -686.987976 78 ) (364.100037 -693.987976 78 ) 
4 414 539 (364.100037 -686.987976 242 ) (364.100037 -661.987976 242 ) (364.100037 -661.987976 78 ) (364.100037 -686.987976 78 ) 
4 414 473 (376.100037 -687.987976 78 ) (376.100037 -693.987976 78 ) (364.100037 -693.987976 78 ) (364.100037 -687.987976 78 ) 
3 415 550 (364.100037 -735.987976 83 ) (364.100037 -799.987915 83 ) (364.100037 -735.987976 181.909027 ) 
4 415 541 (364.100037 -700.987976 236 ) (364.100037 -700.987976 83 ) (364.100037 -735.987976 83 ) (364.100037 -735.987976 181.909027 ) 
4 416 550 (364.100037 -805.987976 242 ) (364.100037 -735.987976 242 ) (364.100037 -735.987976 197.181824 ) (364.100037 -805.987976 89 ) 
3 416 541 (364.100037 -735.987976 242 ) (364.100037 -706.987976 242 ) (364.100037 -735.987976 197.181824 ) 
3 417 419 (381.100037 -812.987976 242 ) (381.100037 -812.987976 222.998047 ) (400.105011 -812.987976 242 ) 
4 418 446 (381.100037 -812.987976 218 ) (381.100037 -805.987976 218 ) (385.269653 -805.987976 218 ) (382.726624 -812.987976 218 ) 
4 418 424 (385.269653 -805.987976 218 ) (531.101929 -805.987976 218 ) (531.101746 -812.987976 218 ) (382.726624 -812.987976 218 ) 
5 418 419 (381.100037 -812.987976 218.002075 ) (381.100037 -812.987976 218 ) (531.101990 -812.987976 218 ) (507.101685 -812.987976 242 ) (405.093964 -812.987976 242 ) 
4 419 506 (531.101990 -940.987976 218 ) (531.101990 -812.987976 218 ) (507.101959 -812.987976 242 ) (507.101929 -940.987976 242 ) 
4 419 449 (381.100037 -817.465210 218 ) (381.100037 -812.987976 218 ) (381.271301 -812.987976 218 ) (382 -814.988037 218 ) 
3 419 446 (381.271301 -812.987976 218 ) (382.726624 -812.987976 218 ) (382 -814.988037 218 ) 
5 419 424 (381.100037 -940.987976 218 ) (381.100037 -817.465210 218 ) (382.726624 -812.987976 218 ) (531.101746 -812.987976 218 ) (531.097839 -940.987976 218 ) 
4 419 422 (381.100037 -812.987976 218 ) (381.100037 -940.987976 218 ) (381.100037 -940.987976 242 ) (381.100037 -812.987976 242 ) 
3 419 421 (381.100037 -940.987976 242 ) (381.100037 -940.987976 223.003052 ) (400.106995 -940.987976 242 ) 
5 419 420 (381.100037 -940.987976 218.003906 ) (381.100037 -940.987976 218 ) (531.101990 -940.987976 218 ) (507.101685 -940.987976 242 ) (405.093750 -940.987976 242 ) 
5 420 453 (500 -947.987976 242 ) (405.093750 -947.987976 242 ) (404.149994 -947.987976 241.056152 ) (404.149994 -947.987976 218 ) (500 -947.987976 218 ) 
4 420 452 (531.097656 -947.987976 218 ) (507.097656 -947.987976 242 ) (500 -947.987976 242 ) (500 -947.987976 218 ) 
4 420 456 (404.149994 -947.987976 241.056152 ) (381.100037 -947.987976 218.003906 ) (381.100037 -947.987976 218 ) (404.149994 -947.987976 218 ) 
3 421 456 (400.109985 -947.987976 242 ) (381.100037 -947.987976 242 ) (381.100037 -947.987976 223 ) 
4 422 449 (376.100037 -831.228027 218 ) (376.100037 -812.987976 218 ) (381.100037 -812.987976 218 ) (381.100037 -817.465210 218 ) 
4 422 425 (376.100037 -940.987976 218 ) (376.100037 -831.228027 218 ) (381.100037 -817.465210 218 ) (381.100037 -940.987976 218 ) 
4 423 550 (364.100037 -926.286987 242 ) (364.100037 -812.987976 242 ) (364.100037 -812.987976 218 ) (364.100037 -926.286987 218 ) 
5 423 450 (364.100037 -864.258850 218 ) (364.100037 -825.761597 218 ) (368.723938 -812.987976 218 ) (369.100037 -812.987976 218 ) (369.100037 -850.495911 218 ) 
3 423 448 (364.100037 -825.761597 218 ) (364.100037 -812.987976 218 ) (368.723938 -812.987976 218 ) 
4 423 445 (369.100037 -939.993286 218 ) (364.100037 -926.273865 218 ) (364.100037 -864.258850 218 ) (369.100037 -850.495911 218 ) 
4 424 449 (381.100037 -817.464966 218 ) (382 -814.987793 218 ) (382 -814.987793 213 ) (381.100037 -817.464966 213 ) 
4 424 446 (382 -814.987793 218 ) (385.269531 -805.987976 218 ) (385.269531 -805.987976 213 ) (382 -814.987793 213 ) 
3 424 441 (381.100037 -940.987976 213 ) (381.100037 -934.512268 213 ) (383.454041 -940.987976 213 ) 
4 424 427 (404.149994 -805.987976 213 ) (500 -805.987976 213 ) (500 -940.987976 213 ) (404.149994 -940.987976 213 ) 
4 424 426 (500 -805.987976 213 ) (531.101990 -805.987976 213 ) (531.101990 -940.987976 213 ) (500 -940.987976 213 ) 
6 424 429 (381.100037 -934.512268 213 ) (381.100037 -817.463745 213 ) (385.269165 -805.987976 213 ) (404.149994 -805.987976 213 ) (404.149994 -940.987976 213 ) (383.454041 -940.987976 213 ) 
4 424 425 (381.100037 -817.464844 218 ) (381.100037 -817.464844 213 ) (381.100037 -940.987976 213 ) (381.100037 -940.987976 218 ) 
4 425 449 (376.100037 -831.228027 218 ) (381.100037 -817.464966 218 ) (381.100037 -817.464966 213 ) (376.100037 -831.228027 213 ) 
4 425 441 (376.100037 -940.987976 213 ) (376.100037 -920.757568 213 ) (381.100037 -934.512268 213 ) (381.100037 -940.987976 213 ) 
4 425 440 (376.100037 -920.757568 213 ) (376.100037 -831.226563 213 ) (381.100037 -817.463745 213 ) (381.100037 -934.512268 213 ) 
4 426 452 (531.101990 -947.987976 178 ) (531.101990 -947.987976 213 ) (500 -947.987976 213 ) (500 -947.987976 178 ) 
4 426 430 (531.101990 -947.987976 178 ) (500 -947.987976 178 ) (500 -805.987976 178 ) (531.101990 -805.987976 178 ) 
4 426 428 (500 -805.987976 178 ) (500 -947.987976 178 ) (500 -947.987976 180 ) (500 -805.987976 180 ) 
4 426 427 (500 -947.987976 180 ) (500 -947.987976 213 ) (500 -805.987976 213 ) (500 -805.987976 180 ) 
4 427 453 (500 -947.987976 213 ) (404.149994 -947.987976 213 ) (404.149994 -947.987976 180 ) (500 -947.987976 180 ) 
4 427 429 (404.149994 -947.987976 180 ) (404.149994 -947.987976 213 ) (404.149994 -805.987976 213 ) (404.149994 -805.987976 180 ) 
4 427 428 (404.149994 -947.987976 180 ) (404.149994 -805.987976 180 ) (500 -805.987976 180 ) (500 -947.987976 180 ) 
4 428 454 (404.149994 -947.987976 180 ) (404.149994 -947.987976 178 ) (500 -947.987976 178 ) (500 -947.987976 180 ) 
4 428 433 (406 -947.987976 178 ) (404.149994 -947.987976 178 ) (404.149994 -805.987976 178 ) (406 -805.987976 178 ) 
4 428 431 (500 -947.987976 178 ) (496.942993 -947.987976 178 ) (496.942993 -805.987976 178 ) (500 -805.987976 178 ) 
4 428 432 (496.942993 -947.987976 178 ) (406 -947.987976 178 ) (406 -805.987976 178 ) (496.942993 -805.987976 178 ) 
4 428 429 (404.149994 -805.987976 178 ) (404.149994 -947.987976 178 ) (404.149994 -947.987976 180 ) (404.149994 -805.987976 180 ) 
4 429 456 (404.149994 -947.987976 213 ) (385.998657 -947.987976 213 ) (385.998657 -947.987976 178 ) (404.149994 -947.987976 178 ) 
4 429 449 (382 -814.987793 178 ) (381.100037 -817.464966 178 ) (381.100037 -817.464966 213 ) (382 -814.987793 213 ) 
4 429 446 (385.269531 -805.987976 213 ) (385.269531 -805.987976 178 ) (382 -814.987793 178 ) (382 -814.987793 213 ) 
4 429 444 (385.998535 -947.987976 178 ) (385.998535 -947.987976 213 ) (383.453949 -940.987976 213 ) (383.453949 -940.987976 178 ) 
4 429 441 (383.453949 -940.987976 213 ) (381.100037 -934.512512 213 ) (381.100037 -934.512512 178 ) (383.453949 -940.987976 178 ) 
4 429 440 (381.100037 -934.511719 178 ) (381.100037 -934.511719 213 ) (381.100037 -817.465088 213 ) (381.100037 -817.465088 178 ) 
6 429 434 (404.149994 -947.987976 178 ) (386 -947.987976 178 ) (381.100037 -934.511719 178 ) (381.100037 -817.465088 178 ) (385.269653 -805.987976 178 ) (404.149994 -805.987976 178 ) 
4 430 457 (531.101990 -947.987976 83 ) (531.101990 -947.987976 178 ) (500 -947.987976 178 ) (500 -947.987976 83 ) 
4 430 435 (500 -940.987976 83 ) (500 -805.987976 83 ) (531.101990 -805.987976 83 ) (531.101990 -940.987976 83 ) 
4 430 431 (500 -805.987976 83 ) (500 -947.987976 83 ) (500 -947.987976 178 ) (500 -805.987976 178 ) 
4 431 458 (500 -947.987976 178 ) (496.942993 -947.987976 178 ) (496.942993 -947.987976 83 ) (500 -947.987976 83 ) 
4 431 436 (496.942993 -940.987976 83 ) (496.942993 -805.987976 83 ) (500 -805.987976 83 ) (500 -940.987976 83 ) 
4 431 432 (496.942993 -805.987976 83 ) (496.942993 -947.987976 83 ) (496.942993 -947.987976 178 ) (496.942993 -805.987976 178 ) 
4 432 459 (496.942993 -947.987976 178 ) (406 -947.987976 178 ) (406 -947.987976 83 ) (496.942993 -947.987976 83 ) 
4 432 437 (406 -940.987976 83 ) (406 -805.987976 83 ) (496.942993 -805.987976 83 ) (496.942993 -940.987976 83 ) 
4 432 433 (406 -805.987976 83 ) (406 -947.987976 83 ) (406 -947.987976 178 ) (406 -805.987976 178 ) 
4 433 460 (406 -947.987976 178 ) (404 -947.987976 178 ) (404 -947.987976 83 ) (406 -947.987976 83 ) 
4 433 438 (404 -940.987976 83 ) (404 -805.987976 83 ) (406 -805.987976 83 ) (406 -940.987976 83 ) 
4 433 434 (404 -805.987976 83 ) (404 -947.987976 83 ) (404 -947.987976 178 ) (404 -805.987976 178 ) 
4 434 461 (404 -947.987976 178 ) (385.998657 -947.987976 178 ) (385.998627 -947.987976 83 ) (404 -947.987976 83 ) 
4 434 449 (382 -814.987793 83 ) (381.100037 -817.464966 83 ) (381.100037 -817.464966 178 ) (382 -814.987793 178 ) 
4 434 446 (385.269531 -805.987976 178 ) (385.269531 -805.987976 83 ) (382 -814.987793 83 ) (382 -814.987793 178 ) 
4 434 444 (385.998535 -947.987976 83 ) (385.998535 -947.987976 178 ) (383.453949 -940.987976 178 ) (383.453949 -940.987976 83 ) 
4 434 441 (383.453949 -940.987976 178 ) (381.100037 -934.512512 178 ) (381.100037 -934.512512 83 ) (383.453949 -940.987976 83 ) 
4 434 440 (381.100037 -934.511719 83 ) (381.100037 -934.511719 178 ) (381.100037 -817.465088 178 ) (381.100037 -817.465088 83 ) 
6 434 439 (383.454346 -940.987976 83 ) (381.100037 -934.511719 83 ) (381.100037 -817.465088 83 ) (385.269653 -805.987976 83 ) (404 -805.987976 83 ) (404 -940.987976 83 ) 
4 435 436 (500 -940.987976 78 ) (500 -940.987976 83 ) (500 -805.987976 83 ) (500 -805.987976 78 ) 
4 436 437 (496.942993 -940.987976 78 ) (496.942993 -940.987976 83 ) (496.942993 -805.987976 83 ) (496.942993 -805.987976 78 ) 
4 437 438 (406 -940.987976 78 ) (406 -940.987976 83 ) (406 -805.987976 83 ) (406 -805.987976 78 ) 
4 438 439 (404 -940.987976 78 ) (404 -940.987976 83 ) (404 -805.987976 83 ) (404 -805.987976 78 ) 
4 439 451 (381.100037 -817.464966 81 ) (381.100037 -817.464966 83 ) (382 -814.987793 83 ) (382 -814.987793 81 ) 
4 439 446 (385.269531 -805.987976 83 ) (385.269531 -805.987976 78 ) (382 -814.987793 78 ) (382 -814.987793 83 ) 
4 439 443 (382 -936.988159 78 ) (383.453949 -940.987976 78 ) (383.453949 -940.987976 81 ) (382 -936.988159 81 ) 
4 439 442 (383.453949 -940.987976 83 ) (381.100037 -934.512512 83 ) (381.100037 -934.512512 81 ) (383.453949 -940.987976 81 ) 
4 440 449 (376.100037 -831.228027 83 ) (376.100037 -831.228027 213 ) (381.100037 -817.464966 213 ) (381.100037 -817.464966 83 ) 
4 440 441 (381.100037 -934.512512 213 ) (376.100037 -920.757813 213 ) (376.100037 -920.757813 83 ) (381.100037 -934.512512 83 ) 
4 441 444 (383.453125 -940.987976 83 ) (383.453125 -940.987976 213 ) (381.100037 -940.987976 213 ) (381.100037 -940.987976 83 ) 
3 441 442 (383.457031 -940.987976 83 ) (381.100037 -940.987976 83 ) (381.100037 -934.502991 83 ) 
4 442 443 (383.457031 -940.987976 81 ) (381.100037 -940.987976 81 ) (381.100037 -939.460388 81 ) (382.001617 -936.983582 81 ) 
4 444 461 (385.998627 -947.987976 83 ) (385.998657 -947.987976 178 ) (381.100037 -947.987976 178 ) (381.100037 -947.987976 83 ) 
4 444 456 (385.998657 -947.987976 178 ) (385.998657 -947.987976 213 ) (381.100037 -947.987976 213 ) (381.100037 -947.987976 178 ) 
4 445 550 (364.100037 -926.286987 83 ) (364.100037 -926.286987 218 ) (364.100037 -864.258972 218 ) (364.100037 -864.258911 83 ) 
4 445 450 (364.100037 -864.259399 218 ) (369.100037 -850.496338 218 ) (369.100037 -850.496338 83 ) (364.100037 -864.259399 83 ) 
4 446 451 (382 -814.990234 81 ) (382 -814.990234 83 ) (381.271454 -812.987976 83 ) (381.271454 -812.987976 81 ) 
4 446 449 (382 -814.990234 83 ) (382 -814.990234 218 ) (381.271454 -812.987976 218 ) (381.271454 -812.987976 83 ) 
4 446 447 (381.271454 -812.987976 218 ) (381.100037 -812.517517 218 ) (381.100037 -812.517517 81 ) (381.271454 -812.987976 81 ) 
4 448 550 (364.100037 -825.761597 83 ) (364.100037 -825.761597 218 ) (364.100037 -812.987976 218 ) (364.100037 -812.987976 83 ) 
4 448 450 (368.723633 -812.987976 83 ) (368.723633 -812.987976 218 ) (364.100037 -825.760803 218 ) (364.100037 -825.760803 83 ) 
4 449 451 (381.100037 -812.987976 83 ) (381.271301 -812.987976 83 ) (382 -814.987915 83 ) (381.100037 -817.465149 83 ) 
4 450 550 (364.100037 -864.258911 83 ) (364.100037 -864.258972 218 ) (364.100037 -825.761597 218 ) (364.100037 -825.761597 83 ) 
5 452 515 (507.101959 -1014.989990 242 ) (500 -1014.989990 242 ) (500 -1014.989990 178 ) (531.101990 -1014.989990 178 ) (531.101990 -1014.989990 218 ) 
4 452 507 (507.101929 -1014.989990 242 ) (531.101990 -1014.989990 218 ) (531.101990 -947.987976 218 ) (507.101929 -947.987976 242 ) 
4 452 462 (531.101990 -1002 178 ) (531.101990 -1014.989990 178 ) (500 -1014.989990 178 ) (500 -1002 178 ) 
4 452 457 (500 -947.987976 178 ) (531.101990 -947.987976 178 ) (531.101990 -1002 178 ) (500 -1002 178 ) 
4 452 454 (500 -947.987976 180 ) (500 -947.987976 178 ) (500 -1004 178 ) (500 -1004 180 ) 
4 452 453 (500 -947.987976 242 ) (500 -947.987976 180 ) (500 -1004 180 ) (500 -1004 242 ) 
4 452 455 (500 -1004 178 ) (500 -1014.989990 178 ) (500 -1014.989990 242 ) (500 -1004 242 ) 
4 453 455 (404.149994 -1004 242 ) (404.149994 -1004 180 ) (500 -1004 180 ) (500 -1004 242 ) 
4 453 456 (404.149994 -947.987976 242 ) (404.149994 -947.987976 180 ) (404.149994 -1004 180 ) (404.149994 -1004 242 ) 
4 453 454 (500 -1004 180 ) (404.149994 -1004 180 ) (404.149994 -947.987976 180 ) (500 -947.987976 180 ) 
4 454 463 (499.340027 -1004 178 ) (404.149994 -1004 178 ) (404.149994 -1002 178 ) (499.340027 -1002 178 ) 
4 454 462 (500 -1002 178 ) (500 -1004 178 ) (499.340027 -1004 178 ) (499.340027 -1002 178 ) 
4 454 460 (404.149994 -947.987976 178 ) (406 -947.987976 178 ) (406 -1002 178 ) (404.149994 -1002 178 ) 
4 454 458 (496.942993 -947.987976 178 ) (500 -947.987976 178 ) (500 -1002 178 ) (496.942993 -1002 178 ) 
4 454 459 (406 -947.987976 178 ) (496.942993 -947.987976 178 ) (496.942993 -1002 178 ) (406 -1002 178 ) 
4 454 455 (404.149994 -1004 180 ) (404.149994 -1004 178 ) (500 -1004 178 ) (500 -1004 180 ) 
4 454 456 (404.149994 -947.987976 180 ) (404.149994 -947.987976 178 ) (404.149994 -1004 178 ) (404.149994 -1004 180 ) 
5 455 515 (500 -1014.989990 242 ) (405.093964 -1014.989990 242 ) (404.149994 -1014.989990 241.055878 ) (404.149994 -1014.989990 178 ) (500 -1014.989990 178 ) 
4 455 464 (499.340027 -1014.989990 178 ) (404.149994 -1014.989990 178 ) (404.149994 -1004 178 ) (499.340027 -1004 178 ) 
4 455 462 (500 -1004 178 ) (500 -1014.989990 178 ) (499.340027 -1014.989990 178 ) (499.340027 -1004 178 ) 
4 455 456 (404.149994 -1004 178 ) (404.149994 -1014.989990 178 ) (404.149994 -1014.989990 242 ) (404.149994 -1004 242 ) 
3 456 516 (400.103973 -1014.989990 242 ) (381.100037 -1014.989990 242 ) (381.100037 -1014.989990 222.998062 ) 
4 456 515 (381.100037 -1014.989990 218.002075 ) (381.100037 -1014.989990 178 ) (404.149994 -1014.989990 178 ) (404.149994 -1014.989990 241.055878 ) 
3 456 467 (381.100037 -991.865051 178 ) (381.100037 -1014.989990 178 ) (381.100037 -1014.989990 236 ) 
4 456 466 (381.100037 -947.987976 242 ) (381.100037 -947.987976 178 ) (381.100037 -983.476013 178 ) (381.100037 -1008.989929 242 ) 
4 456 465 (381.100037 -1014.989990 178 ) (381.100037 -1002 178 ) (404.149994 -1002 178 ) (404.149994 -1014.989990 178 ) 
4 456 461 (381.100037 -1002 178 ) (381.100037 -947.987976 178 ) (404.149994 -947.987976 178 ) (404.149994 -1002 178 ) 
4 457 462 (531.101990 -1002 178 ) (500 -1002 178 ) (500 -1002 78 ) (531.101990 -1002 78 ) 
4 457 458 (500 -1002 78 ) (500 -1002 178 ) (500 -947.987976 178 ) (500 -947.987976 78 ) 
4 458 463 (499.340027 -1002 178 ) (496.942993 -1002 178 ) (496.942993 -1002 78 ) (499.340027 -1002 78 ) 
4 458 462 (500 -1002 178 ) (499.340027 -1002 178 ) (499.340027 -1002 78 ) (500 -1002 78 ) 
4 458 459 (496.942993 -1002 78 ) (496.942993 -1002 178 ) (496.942993 -947.987976 178 ) (496.942993 -947.987976 78 ) 
4 459 463 (496.942993 -1002 178 ) (406 -1002 178 ) (406 -1002 78 ) (496.942993 -1002 78 ) 
4 459 460 (406 -1002 78 ) (406 -1002 178 ) (406 -947.987976 178 ) (406 -947.987976 78 ) 
4 460 463 (406 -1002 178 ) (404 -1002 178 ) (404 -1002 78 ) (406 -1002 78 ) 
4 460 461 (404 -1002 78 ) (404 -1002 178 ) (404 -947.987976 178 ) (404 -947.987976 78 ) 
4 461 467 (381.100037 -953.987976 83 ) (381.100037 -1002 83 ) (381.100037 -1002 178 ) (381.100037 -991.865051 178 ) 
3 461 466 (381.100037 -947.987976 178 ) (381.100037 -947.987976 88.980507 ) (381.100037 -983.476013 178 ) 
4 461 465 (404 -1002 178 ) (381.100037 -1002 178 ) (381.100037 -1002 78 ) (404 -1002 78 ) 
4 462 517 (499.340027 -1014.989990 78 ) (531.101990 -1014.989990 78 ) (531.101990 -1014.989990 83 ) (499.340027 -1014.989990 83 ) 
4 462 515 (531.101990 -1014.989990 83 ) (531.101990 -1014.989990 178 ) (499.340027 -1014.989990 178 ) (499.340027 -1014.989990 83 ) 
4 462 464 (499.340027 -1004 78 ) (499.340027 -1014.989990 78 ) (499.340027 -1014.989990 178 ) (499.340027 -1004 178 ) 
4 462 463 (499.340027 -1002 178 ) (499.340027 -1002 78 ) (499.340027 -1004 78 ) (499.340027 -1004 178 ) 
4 463 465 (404 -1002 178 ) (404 -1002 78 ) (404 -1004 78 ) (404 -1004 178 ) 
4 463 464 (404 -1004 178 ) (404 -1004 78 ) (499.340027 -1004 78 ) (499.340027 -1004 178 ) 
4 464 517 (404 -1014.989990 78 ) (499.340027 -1014.989990 78 ) (499.340027 -1014.989990 83 ) (404 -1014.989990 83 ) 
4 464 515 (499.340027 -1014.989990 83 ) (499.340027 -1014.989990 178 ) (404 -1014.989990 178 ) (404 -1014.989990 83 ) 
4 464 465 (404 -1004 78 ) (404 -1014.989990 78 ) (404 -1014.989990 178 ) (404 -1004 178 ) 
4 465 517 (381.100037 -1014.989990 83 ) (381.100037 -1014.989990 78 ) (404 -1014.989990 78 ) (404 -1014.989990 83 ) 
4 465 515 (381.100037 -1014.989990 178 ) (381.100037 -1014.989990 83 ) (404 -1014.989990 83 ) (404 -1014.989990 178 ) 
4 465 467 (381.100037 -1014.989990 83 ) (381.100037 -1014.989990 178 ) (381.100037 -1002 178 ) (381.100037 -1002 83 ) 
3 468 550 (364.100037 -1008.989929 242 ) (364.100037 -947.987976 242 ) (364.100037 -947.987976 88.980499 ) 
3 469 550 (364.100037 -1014.989990 83 ) (364.100037 -1014.989990 236 ) (364.100037 -953.987976 83 ) 
4 470 473 (395.100037 -693.987976 78 ) (395.100037 -687.987976 78 ) (395.100037 -687.987976 73 ) (395.100037 -693.987976 73 ) 
4 470 472 (395.100037 -693.987976 73 ) (395.100037 -687.987976 73 ) (517.101990 -687.987976 73 ) (517.101990 -693.987976 73 ) 
4 471 518 (517.101990 -1014.989990 -120 ) (531.101990 -1014.989990 -120 ) (531.101990 -1014.989990 61 ) (517.101990 -1014.989990 61 ) 
4 471 472 (517.101990 -1014.989990 -120 ) (517.101990 -1014.989990 61 ) (517.101990 -661.987976 61 ) (517.101990 -661.987976 -120 ) 
4 472 519 (395.100037 -1014.989990 -120 ) (517.101990 -1014.989990 -120 ) (517.101990 -1014.989990 73 ) (395.100037 -1014.989990 73 ) 
4 472 489 (395.100037 -850.942322 61 ) (395.100037 -850.942322 -120 ) (395.100037 -901.002258 -120 ) (395.100037 -901 61 ) 
4 472 487 (395.100037 -1014.989990 -120 ) (395.100037 -1014.989990 61 ) (395.100037 -901 61 ) (395.100037 -901.002258 -120 ) 
4 472 479 (395.100037 -739.009521 61 ) (395.100037 -739.009521 -120 ) (395.100037 -850.942322 -120 ) (395.100037 -850.942322 61 ) 
4 472 477 (395.100037 -693.987976 61 ) (395.100037 -693.987976 -120 ) (395.100037 -739.009521 -120 ) (395.100037 -739.009521 61 ) 
4 472 474 (395.100037 -661.987976 61 ) (395.100037 -661.987976 -120 ) (395.100037 -693.987976 -120 ) (395.100037 -693.987976 61 ) 
4 473 541 (364.100037 -693.987976 73 ) (364.100037 -693.987976 78 ) (364.100037 -687.987976 78 ) (364.100037 -687.987976 73 ) 
4 473 475 (376.100037 -693.987976 73 ) (364.100037 -693.987976 73 ) (364.100037 -687.987976 73 ) (376.100037 -687.987976 73 ) 
4 474 478 (378.726929 -693.987976 61 ) (376.100037 -693.987976 61 ) (376.100037 -693.987976 -120 ) (378.726929 -693.987976 -120 ) 
4 474 477 (395.100037 -693.987976 -120 ) (395.100037 -693.987976 61 ) (378.726929 -693.987976 61 ) (378.726929 -693.987976 -120 ) 
4 474 475 (376.100037 -693.987976 -120 ) (376.100037 -693.987976 61 ) (376.100037 -661.987976 61 ) (376.100037 -661.987976 -120 ) 
4 475 541 (364.100037 -686.987976 -120 ) (364.100037 -693.987976 -120 ) (364.100037 -693.987976 73 ) (364.100037 -686.987976 73 ) 
4 475 539 (364.100037 -661.987976 -120 ) (364.100037 -686.987976 -120 ) (364.100037 -686.987976 73 ) (364.100037 -661.987976 73 ) 
4 475 481 (376.100037 -693.987976 73 ) (371.259491 -693.987976 73 ) (371.259491 -693.987976 -120 ) (376.100037 -693.987976 -120 ) 
4 475 476 (371.259491 -693.987976 73 ) (364.100037 -693.987976 73 ) (364.100037 -693.987976 -120 ) (371.259491 -693.987976 -120 ) 
4 476 541 (364.100037 -693.987976 -120 ) (364.100037 -713.756226 -120 ) (364.100037 -713.756226 73 ) (364.100037 -693.987976 73 ) 
4 476 485 (371.057068 -694.550293 73 ) (369.857483 -697.862610 73 ) (369.859436 -697.857178 -120 ) (371.057068 -694.550293 -120 ) 
4 476 484 (368 -702.990173 73 ) (366.576782 -706.921143 73 ) (366.576782 -706.921143 -120 ) (368 -702.989685 -120 ) 
4 476 482 (366.576782 -706.921143 73 ) (364.100037 -713.759766 73 ) (364.100037 -713.759766 -120 ) (366.576782 -706.921143 -120 ) 
4 476 481 (371.260742 -693.987976 -120 ) (371.260742 -693.987976 73 ) (371.057068 -694.550293 73 ) (371.057068 -694.550293 -120 ) 
4 477 480 (383.430969 -706.918030 61 ) (382 -702.985718 61 ) (382 -702.985718 -120 ) (383.430969 -706.918030 -120 ) 
4 477 479 (395.100037 -739.003906 -120 ) (395.100037 -739.003906 61 ) (383.430969 -706.918030 61 ) (383.430969 -706.918030 -120 ) 
4 477 478 (380.137146 -697.861206 61 ) (378.728516 -693.987976 61 ) (378.728516 -693.987976 -120 ) (380.137146 -697.861206 -120 ) 
4 478 481 (376.100037 -693.987976 61 ) (376.100037 -693.987976 -120 ) (376.100037 -696.389099 -120 ) (376.100037 -696.389099 61 ) 
4 479 498 (383.431122 -818.915588 61 ) (382 -814.987793 61 ) (382 -814.987854 -120 ) (383.431244 -818.915955 -120 ) 
4 479 497 (380.131378 -809.859131 61 ) (376.100037 -798.794739 61 ) (376.100037 -798.794739 -120 ) (380.131348 -809.859070 -120 ) 
4 479 489 (395.100037 -850.941956 -120 ) (395.100037 -850.941956 61 ) (383.431122 -818.915588 61 ) (383.431244 -818.915955 -120 ) 
4 479 483 (376.100037 -709.587402 -120 ) (376.100037 -710.388428 -120 ) (376.100037 -710.388428 61 ) (376.100037 -709.587402 61 ) 
4 479 482 (376.100037 -710.388428 -120 ) (376.100037 -798.794922 -120 ) (376.100037 -798.794922 61 ) (376.100037 -710.388428 61 ) 
4 479 480 (380.132843 -708.117981 61 ) (383.429688 -706.917969 61 ) (383.429688 -706.917969 -120 ) (380.132843 -708.117981 -120 ) 
4 481 485 (371.055786 -694.550354 73 ) (371.055786 -694.550354 -120 ) (375 -695.988281 -120 ) (375.005615 -695.990601 73 ) 
4 482 550 (364.100037 -735.987976 -120 ) (364.100037 -765.859619 -120 ) (364.100037 -765.859619 73 ) (364.100037 -735.987976 73 ) 
4 482 541 (364.100037 -713.756226 -120 ) (364.100037 -735.987976 -120 ) (364.100037 -735.987976 73 ) (364.100037 -713.756226 73 ) 
4 482 499 (374.977234 -795.713074 -120 ) (376.100037 -798.794739 -120 ) (376.100037 -798.794739 73 ) (374.977234 -795.713074 73 ) 
4 482 486 (364.100037 -765.859680 73 ) (364.100037 -765.859680 -120 ) (374.977234 -795.713074 -120 ) (374.977234 -795.713074 73 ) 
4 482 484 (369.874329 -708.122986 -120 ) (366.575226 -706.921814 -120 ) (366.575226 -706.921814 73 ) (369.873932 -708.122803 73 ) 
4 482 483 (376.100037 -710.389648 73 ) (376.100037 -710.389648 -120 ) (374.998444 -709.988586 -120 ) (374.998444 -709.988586 73 ) 
4 486 550 (364.100037 -765.859619 -120 ) (364.100037 -825.761658 -120 ) (364.100037 -825.761658 73 ) (364.100037 -765.859619 73 ) 
4 486 502 (368 -814.987427 73 ) (366.577484 -818.915588 73 ) (366.577484 -818.915588 -120 ) (368 -814.986938 -120 ) 
4 486 501 (371.054016 -806.549011 73 ) (369.856232 -809.857910 73 ) (369.856232 -809.857910 -120 ) (371.054016 -806.549011 -120 ) 
4 486 500 (366.577484 -818.915588 73 ) (364.100037 -825.759644 73 ) (364.100037 -825.759644 -120 ) (366.577484 -818.915588 -120 ) 
4 486 499 (374.976563 -795.712891 -120 ) (374.976563 -795.712891 73 ) (371.054016 -806.549011 73 ) (371.054016 -806.549011 -120 ) 
4 487 520 (376.100037 -1014.989990 -120 ) (395.100037 -1014.989990 -120 ) (395.100037 -1014.989990 61 ) (376.100037 -1014.989990 61 ) 
4 487 492 (376.100037 -953.199097 -120 ) (376.100037 -959.213501 -120 ) (376.100037 -959.213501 61 ) (376.100037 -953.196655 61 ) 
4 487 491 (376.100037 -959.213501 -120 ) (376.100037 -1014.989990 -120 ) (376.100037 -1014.989990 61 ) (376.100037 -959.213501 61 ) 
4 487 490 (382 -936.989441 61 ) (383.430054 -933.062378 61 ) (383.431213 -933.061707 -120 ) (382.001007 -936.990784 -120 ) 
4 487 489 (383.430054 -933.062378 61 ) (395.100037 -901.002686 61 ) (395.100037 -901.005127 -120 ) (383.431213 -933.061707 -120 ) 
4 487 488 (376.100037 -953.201843 -120 ) (376.100037 -953.199402 61 ) (380.134583 -942.115662 61 ) (380.135620 -942.115295 -120 ) 
4 488 492 (376.100037 -943.586792 -120 ) (376.100037 -953.199097 -120 ) (376.100037 -953.196655 61 ) (376.100037 -943.586792 61 ) 
4 489 498 (383.432404 -818.914734 61 ) (383.432556 -818.915161 -120 ) (380.137054 -820.115845 -120 ) (380.137268 -820.115295 61 ) 
4 489 496 (376.100037 -929.588623 -120 ) (376.100037 -930.387939 -120 ) (376.100037 -930.389038 61 ) (376.100037 -929.588623 61 ) 
4 489 493 (376.100037 -821.587708 61 ) (376.100037 -821.588196 -120 ) (376.100037 -929.588623 -120 ) (376.100037 -929.588623 61 ) 
4 489 490 (383.430603 -933.060608 -120 ) (383.429443 -933.061279 61 ) (380.135956 -931.860107 61 ) (380.135498 -931.858826 -120 ) 
4 491 550 (364.100037 -926.286987 -120 ) (364.100037 -1014.989990 -120 ) (364.100037 -1014.989990 73 ) (364.100037 -926.286987 73 ) 
4 491 523 (364.100037 -1014.989990 73 ) (364.100037 -1014.989990 -120 ) (366.738464 -1014.989990 -120 ) (366.710510 -1014.989990 73 ) 
4 491 522 (366.738464 -1014.989990 -120 ) (376.100037 -1014.989990 -120 ) (376.100037 -1014.989990 73 ) (366.710510 -1014.989990 73 ) 
4 491 495 (368 -936.985413 -120 ) (366.565735 -933.050110 -120 ) (366.565735 -933.050110 73 ) (368 -936.986694 73 ) 
4 491 494 (371.073792 -945.419556 -120 ) (369.869659 -942.115601 -120 ) (369.870300 -942.117371 73 ) (371.073792 -945.419556 73 ) 
4 491 493 (366.565735 -933.050110 -120 ) (364.100037 -926.284607 -120 ) (364.100037 -926.284607 73 ) (366.565735 -933.050110 73 ) 
4 491 492 (376.100037 -959.210938 73 ) (376.100037 -959.210938 -120 ) (371.073792 -945.419556 -120 ) (371.073792 -945.419556 73 ) 
4 492 494 (375.003174 -943.987488 -120 ) (371.074219 -945.419922 -120 ) (371.074219 -945.419922 73 ) (375.001038 -943.988281 73 ) 
4 493 550 (364.100037 -825.761658 -120 ) (364.100037 -926.286987 -120 ) (364.100037 -926.286987 73 ) (364.100037 -825.761658 73 ) 
4 493 500 (375 -821.987793 -120 ) (364.100037 -825.958801 -120 ) (364.100037 -825.958313 73 ) (374.998596 -821.987549 73 ) 
4 493 496 (375.001862 -929.987366 -120 ) (376.100037 -929.588684 -120 ) (376.100037 -929.588684 73 ) (375 -929.987976 73 ) 
4 493 495 (366.564941 -933.050537 73 ) (366.564941 -933.050537 -120 ) (369.862549 -931.853271 -120 ) (369.863617 -931.852905 73 ) 
4 497 499 (376.100037 -798.794922 61 ) (376.100037 -798.794922 -120 ) (376.100037 -808.389099 -120 ) (376.100037 -808.389099 61 ) 
4 499 501 (371.056702 -806.550842 73 ) (371.056702 -806.550842 -120 ) (375 -807.988281 -120 ) (375 -807.988281 73 ) 
4 500 502 (369.871155 -820.115967 -120 ) (366.578247 -818.914673 -120 ) (366.578247 -818.914673 73 ) (369.870728 -820.115784 73 ) 
3 503 514 (531.101990 -1014.989990 242 ) (512.101929 -1014.989990 242 ) (531.101990 -1014.989990 223 ) 
4 503 507 (531.101990 -947.987976 223 ) (531.101990 -1014.989990 223 ) (512.101990 -1014.989990 242 ) (512.101990 -947.987976 242 ) 
4 503 505 (531.101990 -700.987976 223 ) (531.101990 -805.987976 223 ) (512.101929 -805.987976 242 ) (512.101929 -700.987976 242 ) 
4 503 506 (531.101990 -812.987976 223 ) (531.101990 -940.987976 223 ) (512.101990 -940.987976 242 ) (512.101929 -812.987976 242 ) 
4 503 504 (512.101929 -661.987976 242 ) (531.101990 -661.987976 223 ) (531.101990 -693.987976 223 ) (512.101929 -693.987976 242 ) 
4 508 625 (765.660400 -1024 81 ) (763.037048 -1024 83 ) (548.101990 -1024 83 ) (548.101990 -1024 81 ) 
4 508 614 (763.037048 -1024 83 ) (554.478577 -1024 242 ) (548.101990 -1024 242 ) (548.101990 -1024 83 ) 
4 508 530 (557.100342 -1024 240.002213 ) (765.662354 -1024 81 ) (765.662354 -1014.989990 81 ) (557.100464 -1014.989990 240.002121 ) 
3 508 510 (550.127747 -1019.859497 81 ) (561.484375 -1024 81 ) (551.638733 -1024 81 ) 
5 508 509 (548.101990 -1019.120911 81 ) (548.101990 -1014.989990 81 ) (765.660339 -1014.989990 81 ) (765.660339 -1024 81 ) (561.484375 -1024 81 ) 
5 509 627 (1024 -1024 -120 ) (1024 -1024 -115.951996 ) (765.660400 -1024 81 ) (561.484375 -1024 81 ) (561.488281 -1024 -120 ) 
4 509 530 (765.662354 -1024 81 ) (1024 -1024 -115.949890 ) (1024 -1014.989990 -115.949890 ) (765.662354 -1014.989990 81 ) 
4 509 513 (548.101990 -1016.860352 -120 ) (548.101990 -1019.119507 -120 ) (548.101990 -1019.120850 73 ) (548.101990 -1016.860352 73 ) 
4 509 512 (548.101990 -1014.989990 73 ) (548.101990 -1014.989990 -120 ) (548.101990 -1016.860352 -120 ) (548.101990 -1016.860352 73 ) 
4 509 510 (561.489380 -1024 81 ) (550.127014 -1019.857422 81 ) (550.126404 -1019.855774 -120 ) (561.493408 -1024 -120 ) 
4 510 629 (552.362061 -1024 81 ) (551.638733 -1024 81 ) (551.638733 -1024 -120 ) (552.362061 -1024 -120 ) 
4 510 627 (561.484375 -1024 81 ) (552.362061 -1024 81 ) (552.362061 -1024 -120 ) (561.488281 -1024 -120 ) 
4 511 636 (537.638733 -1024 -120 ) (538.361145 -1024 -120 ) (538.360168 -1024 73 ) (537.638733 -1024 73 ) 
4 511 635 (536.101990 -1024 73 ) (536.101990 -1024 -120 ) (537.638733 -1024 -120 ) (537.638733 -1024 73 ) 
4 511 518 (536.101990 -1014.989990 61 ) (536.101990 -1014.989990 -120 ) (536.101990 -1024 -120 ) (536.101990 -1024 61 ) 
4 511 512 (541.640137 -1014.989990 -120 ) (541.639160 -1014.989990 73 ) (539.868103 -1019.858887 73 ) (539.869263 -1019.858459 -120 ) 
4 512 513 (545.005127 -1017.990356 -120 ) (548.101990 -1016.863281 -120 ) (548.101990 -1016.863281 73 ) (545.003296 -1017.991089 73 ) 
4 515 517 (381.100037 -1015.989990 83 ) (381.100037 -1014.989990 83 ) (531.101990 -1014.989990 83 ) (531.101990 -1015.989990 83 ) 
4 518 637 (517.101990 -1024 -120 ) (536.101990 -1024 -120 ) (536.101990 -1024 61 ) (517.101990 -1024 61 ) 
4 518 519 (517.101990 -1014.989990 61 ) (517.101990 -1014.989990 -120 ) (517.101990 -1024 -120 ) (517.101990 -1024 61 ) 
4 519 638 (395.100037 -1024 -120 ) (517.101990 -1024 -120 ) (517.101990 -1024 73 ) (395.100037 -1024 73 ) 
4 519 520 (395.100037 -1014.989990 61 ) (395.100037 -1014.989990 -120 ) (395.100037 -1024 -120 ) (395.100037 -1024 61 ) 
4 520 639 (391.595642 -1024 -120 ) (395.100037 -1024 -120 ) (395.100037 -1024 61 ) (391.569427 -1024 61 ) 
4 520 522 (376.100037 -1014.989990 61 ) (376.100037 -1014.989990 -120 ) (376.100037 -1018.383301 -120 ) (376.100037 -1018.392822 61 ) 
4 520 521 (380.117188 -1019.840454 -120 ) (391.593109 -1024 -120 ) (391.566895 -1024 61 ) (380.119446 -1019.850769 61 ) 
4 521 639 (381.638031 -1024 -120 ) (391.595642 -1024 -120 ) (391.569427 -1024 61 ) (381.636536 -1024 61 ) 
4 522 524 (374.984131 -1017.989014 73 ) (371.063477 -1016.567871 73 ) (371.066772 -1016.558960 -120 ) (375.007263 -1017.987244 -120 ) 
4 522 523 (371.063477 -1016.567871 73 ) (366.710327 -1014.989990 73 ) (366.738190 -1014.989990 -120 ) (371.066772 -1016.558960 -120 ) 
4 523 642 (367.639526 -1024 -120 ) (368.360138 -1024 -120 ) (368.360138 -1024 73 ) (367.638550 -1024 73 ) 
4 523 641 (364.100037 -1024 73 ) (364.100037 -1024 -120 ) (367.639526 -1024 -120 ) (367.638550 -1024 73 ) 
4 523 550 (364.100037 -1014.989990 -120 ) (364.100037 -1024 -120 ) (364.100037 -1024 73 ) (364.100037 -1014.989990 73 ) 
4 523 524 (371.067444 -1016.558899 -120 ) (371.064209 -1016.567810 73 ) (369.873505 -1019.841309 73 ) (369.870758 -1019.848877 -120 ) 
4 525 527 (554.474182 -511.988007 242 ) (766.967651 -511.988007 80 ) (1024 -511.988007 80 ) (1024 -511.988007 242 ) 
3 526 527 (787.954651 -511.988007 64 ) (1024 -511.988007 -115.955383 ) (1024 -511.988007 64 ) 
4 527 528 (557.101501 -686.987976 239.996979 ) (1024 -686.987976 -115.955383 ) (1024 -686.987976 242 ) (558.103516 -686.987976 242 ) 
4 528 529 (557.102173 -832.987976 239.996460 ) (1024 -832.987976 -115.955383 ) (1024 -832.987976 242 ) (558.104492 -832.987976 242 ) 
4 529 530 (557.100037 -896.987976 239.998108 ) (1024 -896.987976 -115.955383 ) (1024 -896.987976 242 ) (558.100464 -896.987976 242 ) 
3 530 627 (1024 -1024 -115.951996 ) (1024 -1024 81 ) (765.660339 -1024 81 ) 
4 530 625 (1024 -1024 81 ) (1024 -1024 83 ) (763.036987 -1024 83 ) (765.660339 -1024 81 ) 
5 530 615 (1024 -1024 83 ) (1024 -1024 242 ) (558.098755 -1024 242 ) (557.099976 -1024 240.001480 ) (763.036987 -1024 83 ) 
4 531 815 (0 -447.988007 242 ) (0 0 242 ) (0 0 80 ) (0 -447.988007 80 ) 
4 531 548 (40 -447.988007 242 ) (0 -447.988007 242 ) (0 -447.988007 80 ) (40 -447.988007 80 ) 
4 531 543 (304 -447.988007 242 ) (202 -447.988007 242 ) (202 -447.988007 80 ) (304 -447.988007 80 ) 
4 531 547 (202 -447.988007 242 ) (40 -447.988007 242 ) (40 -447.988007 80 ) (202 -447.988007 80 ) 
4 531 536 (364.100037 -447.988007 80 ) (364.100037 -447.988007 242 ) (359.100037 -447.988007 242 ) (359.100037 -447.988007 80 ) 
4 531 540 (359.100037 -447.988007 242 ) (304 -447.988007 242 ) (304 -447.988007 80 ) (359.100037 -447.988007 80 ) 
4 531 534 (0 -351.988007 80 ) (0 -127.987999 80 ) (40 -127.987999 80 ) (40 -351.988007 80 ) 
4 531 533 (364.100037 -447.988007 80 ) (40 -447.988007 80 ) (40 -127.987999 80 ) (364.100037 -127.987999 80 ) 
4 531 532 (0 -31.988302 80 ) (0 0 80 ) (364.100037 0 80 ) (364.100037 -31.988302 80 ) 
4 532 816 (0 0 80 ) (0 0 64 ) (0 -31.988302 64 ) (0 -31.988302 80 ) 
4 532 535 (0 -31.988302 64 ) (0 0 64 ) (364.100037 0 64 ) (364.100037 -31.988302 64 ) 
4 533 543 (304 -447.988007 80 ) (202 -447.988007 80 ) (202 -447.988007 64 ) (304 -447.988007 64 ) 
4 533 547 (202 -447.988007 80 ) (40 -447.988007 80 ) (40 -447.988007 64 ) (202 -447.988007 64 ) 
4 533 536 (364.100037 -447.988007 64 ) (364.100037 -447.988007 80 ) (359.100037 -447.988007 80 ) (359.100037 -447.988007 64 ) 
4 533 540 (359.100037 -447.988007 80 ) (304 -447.988007 80 ) (304 -447.988007 64 ) (359.100037 -447.988007 64 ) 
4 533 534 (40 -127.987999 80 ) (40 -127.987999 64 ) (40 -351.988007 64 ) (40 -351.988007 80 ) 
4 533 535 (364.100037 -447.988007 64 ) (40 -447.988007 64 ) (40 -127.987999 64 ) (364.100037 -127.987999 64 ) 
4 534 818 (0 -127.987999 64 ) (0 -351.988007 64 ) (0 -351.988007 80 ) (0 -127.987999 80 ) 
4 534 535 (0 -351.988007 64 ) (0 -127.987999 64 ) (40 -127.987999 64 ) (40 -351.988007 64 ) 
4 535 845 (0 0 -52 ) (0 0 -120 ) (0 -447.988007 -120 ) (0 -447.988007 -52 ) 
4 535 823 (0 0 64 ) (0 0 2 ) (0 -447.988007 2 ) (0 -447.988007 64 ) 
4 535 830 (0 0 2 ) (0 0 -52 ) (0 -447.988007 -52 ) (0 -447.988007 2 ) 
4 535 549 (0 -447.988007 -120 ) (40 -447.988007 -120 ) (40 -447.988007 64 ) (0 -447.988007 64 ) 
4 535 543 (202 -447.988007 -120 ) (304 -447.988007 -120 ) (304 -447.988007 64 ) (202 -447.988007 64 ) 
4 535 547 (40 -447.988007 -120 ) (202 -447.988007 -120 ) (202 -447.988007 64 ) (40 -447.988007 64 ) 
4 535 536 (359.100037 -447.988007 -120 ) (364.100037 -447.988007 -120 ) (364.100037 -447.988007 64 ) (359.100037 -447.988007 64 ) 
4 535 540 (304 -447.988007 -120 ) (359.100037 -447.988007 -120 ) (359.100037 -447.988007 64 ) (304 -447.988007 64 ) 
4 536 537 (359.100037 -578.987976 242 ) (359.100037 -578.987976 78 ) (364.100037 -578.987976 78 ) (364.100037 -578.987976 242 ) 
4 536 538 (359.100037 -578.987976 73 ) (359.100037 -578.987976 -120 ) (364.100037 -578.987976 -120 ) (364.100037 -578.987976 73 ) 
4 536 540 (359.100037 -447.988007 242 ) (359.100037 -447.988007 -120 ) (359.100037 -578.987976 -120 ) (359.100037 -578.987976 242 ) 
4 537 539 (359.100037 -598.987976 242 ) (359.100037 -598.987976 78 ) (364.100037 -598.987976 78 ) (364.100037 -598.987976 242 ) 
4 537 540 (359.100037 -598.987976 78 ) (359.100037 -598.987976 242 ) (359.100037 -578.987976 242 ) (359.100037 -578.987976 78 ) 
4 538 540 (359.100037 -578.987976 -120 ) (359.100037 -598.987976 -120 ) (359.100037 -598.987976 73 ) (359.100037 -578.987976 73 ) 
4 538 539 (359.100037 -598.987976 73 ) (359.100037 -598.987976 -120 ) (364.100037 -598.987976 -120 ) (364.100037 -598.987976 73 ) 
4 539 541 (359.100037 -686.987976 -120 ) (364.100037 -686.987976 -120 ) (364.100037 -686.987976 242 ) (359.100037 -686.987976 242 ) 
4 539 540 (359.100037 -598.987976 -120 ) (359.100037 -686.987976 -120 ) (359.100037 -686.987976 242 ) (359.100037 -598.987976 242 ) 
4 540 544 (304 -586 132 ) (304 -586 242 ) (304 -580 242 ) (304 -580 132 ) 
4 540 545 (304 -580 -120 ) (304 -586 -120 ) (304 -586 20 ) (304 -580 20 ) 
4 540 543 (304 -447.988007 242 ) (304 -447.988007 -120 ) (304 -580 -120 ) (304 -580 242 ) 
4 540 546 (304 -586 -120 ) (304 -686.987976 -120 ) (304 -686.987976 242 ) (304 -586 242 ) 
4 540 542 (304 -686.987976 242 ) (304 -686.987976 201.042969 ) (355.100983 -686.987976 240 ) (354.101471 -686.987976 242 ) 
5 540 541 (304 -686.987976 201.042969 ) (304 -686.987976 -120 ) (359.100037 -686.987976 -120 ) (359.100037 -686.987976 242 ) (357.724457 -686.987976 242 ) 
4 541 560 (335.993286 -735.987976 64 ) (335.993286 -735.987976 96 ) (325.814850 -735.987976 96 ) (325.814850 -735.987976 64 ) 
4 541 561 (325.814819 -735.987976 -120 ) (335.993317 -735.987976 -120 ) (335.993286 -735.987976 58 ) (325.814850 -735.987976 58 ) 
4 541 558 (325.814850 -735.987976 64 ) (325.814850 -735.987976 96 ) (304 -735.987976 96 ) (304 -735.987976 64 ) 
4 541 559 (304 -735.987976 -120 ) (325.814819 -735.987976 -120 ) (325.814850 -735.987976 58 ) (304 -735.987976 58 ) 
4 541 556 (346.178802 -735.987976 64 ) (346.178741 -735.987976 96 ) (335.993286 -735.987976 96 ) (335.993286 -735.987976 64 ) 
4 541 557 (335.993317 -735.987976 -120 ) (346.179138 -735.987976 -120 ) (346.178802 -735.987976 58 ) (335.993286 -735.987976 58 ) 
4 541 554 (352 -735.987976 64 ) (352 -735.987976 96 ) (346.178741 -735.987976 96 ) (346.178802 -735.987976 64 ) 
4 541 555 (346.179138 -735.987976 -120 ) (352 -735.987976 -120 ) (352 -735.987976 58 ) (346.178802 -735.987976 58 ) 
4 541 553 (352 -735.987976 96 ) (352 -735.987976 237.636154 ) (304 -735.987976 201.043182 ) (304 -735.987976 96 ) 
5 541 550 (352 -735.987976 -120 ) (364.100037 -735.987976 -120 ) (364.100037 -735.987976 242 ) (357.724182 -735.987976 242 ) (352 -735.987976 237.636154 ) 
4 541 546 (304 -686.987976 -120 ) (304 -735.987976 -120 ) (304 -735.987976 201.043182 ) (304 -686.987976 201.042969 ) 
4 541 542 (355.100128 -686.987976 240.001740 ) (304 -686.987976 201.042969 ) (304 -735.987976 201.043182 ) (355.100800 -735.987976 240 ) 
4 542 553 (304 -735.987976 240 ) (304 -735.987976 201.043182 ) (352 -735.987976 237.636154 ) (352 -735.987976 240 ) 
4 542 552 (352 -735.987976 242 ) (304 -735.987976 242 ) (304 -735.987976 240 ) (352 -735.987976 240 ) 
4 542 551 (354.101318 -735.987976 242 ) (352 -735.987976 242 ) (352 -735.987976 237.636154 ) (355.100800 -735.987976 240 ) 
4 542 546 (304 -735.987976 201.043182 ) (304 -735.987976 242 ) (304 -686.987976 242 ) (304 -686.987976 201.042969 ) 
4 543 544 (202 -580 242 ) (202 -580 132 ) (304 -580 132 ) (304 -580 242 ) 
4 543 545 (202 -580 20 ) (202 -580 -120 ) (304 -580 -120 ) (304 -580 20 ) 
4 543 547 (202 -447.988007 242 ) (202 -447.988007 -120 ) (202 -580 -120 ) (202 -580 242 ) 
4 544 546 (202 -586 242 ) (202 -586 132 ) (304 -586 132 ) (304 -586 242 ) 
4 544 547 (202 -586 132 ) (202 -586 242 ) (202 -580 242 ) (202 -580 132 ) 
4 545 547 (202 -580 -120 ) (202 -586 -120 ) (202 -586 20 ) (202 -580 20 ) 
4 545 546 (202 -586 20 ) (202 -586 -120 ) (304 -586 -120 ) (304 -586 20 ) 
4 546 558 (304 -735.987976 64 ) (304 -735.987976 96 ) (202 -735.987976 96 ) (202 -735.987976 64 ) 
4 546 559 (202 -735.987976 -120 ) (304 -735.987976 -120 ) (304 -735.987976 58 ) (202 -735.987976 58 ) 
4 546 553 (304 -735.987976 96 ) (304 -735.987976 240 ) (202 -735.987976 240 ) (202 -735.987976 96 ) 
4 546 552 (304 -735.987976 240 ) (304 -735.987976 242 ) (202 -735.987976 242 ) (202 -735.987976 240 ) 
4 546 547 (202 -586 -120 ) (202 -735.987976 -120 ) (202 -735.987976 242 ) (202 -586 242 ) 
4 547 590 (40 -735.987976 -120 ) (88 -735.987976 -120 ) (88 -735.987976 58 ) (40 -735.987976 58 ) 
4 547 579 (88 -735.987976 64 ) (88 -735.987976 242 ) (40 -735.987976 242 ) (40 -735.987976 64 ) 
4 547 571 (96 -735.987976 0 ) (96 -735.987976 58 ) (88 -735.987976 58 ) (88 -735.987976 0 ) 
4 547 570 (96 -735.987976 64 ) (96 -735.987976 240 ) (88 -735.987976 240 ) (88 -735.987976 64 ) 
4 547 572 (88 -735.987976 -120 ) (96 -735.987976 -120 ) (96 -735.987976 0 ) (88 -735.987976 0 ) 
4 547 558 (202 -735.987976 64 ) (202 -735.987976 96 ) (96 -735.987976 96 ) (96 -735.987976 64 ) 
4 547 559 (96 -735.987976 -120 ) (202 -735.987976 -120 ) (202 -735.987976 58 ) (96 -735.987976 58 ) 
4 547 553 (202 -735.987976 96 ) (202 -735.987976 240 ) (96 -735.987976 240 ) (96 -735.987976 96 ) 
4 547 552 (202 -735.987976 240 ) (202 -735.987976 242 ) (88 -735.987976 242 ) (88 -735.987976 240 ) 
4 547 548 (40 -447.988007 242 ) (40 -447.988007 80 ) (40 -735.987976 80 ) (40 -735.987976 242 ) 
4 547 549 (40 -447.988007 64 ) (40 -447.988007 -120 ) (40 -735.987976 -120 ) (40 -735.987976 64 ) 
4 548 815 (0 -735.987976 242 ) (0 -447.988007 242 ) (0 -447.988007 80 ) (0 -735.987976 80 ) 
4 548 580 (40 -735.987976 80 ) (40 -735.987976 242 ) (0 -735.987976 242 ) (0 -735.987976 80 ) 
4 549 845 (0 -447.988007 -52 ) (0 -447.988007 -120 ) (0 -735.987976 -120 ) (0 -735.987976 -52 ) 
4 549 834 (0 -463.988007 -52 ) (0 -735.987976 -52 ) (0 -735.987976 56 ) (0 -463.988007 56 ) 
4 549 831 (0 -735.987976 56 ) (0 -735.987976 64 ) (0 -463.988007 64 ) (0 -463.988007 56 ) 
4 549 823 (0 -447.988007 64 ) (0 -447.988007 2 ) (0 -463.988007 2 ) (0 -463.988007 64 ) 
4 549 830 (0 -447.988007 2 ) (0 -447.988007 -52 ) (0 -463.988007 -52 ) (0 -463.988007 2 ) 
4 549 590 (0 -735.987976 -120 ) (40 -735.987976 -120 ) (40 -735.987976 58 ) (0 -735.987976 58 ) 
4 550 655 (352 -1024 83 ) (352 -1024 -120 ) (364.100037 -1024 -120 ) (364.100037 -1024 83 ) 
5 550 622 (364.100037 -1024 242 ) (357.722565 -1024 242 ) (352 -1024 237.637375 ) (352 -1024 83 ) (364.100037 -1024 83 ) 
4 550 578 (352 -991.987976 -120 ) (352 -1024 -120 ) (352 -1024 58 ) (352 -991.987976 58 ) 
4 550 575 (352 -1024 64 ) (352 -1024 216 ) (352 -991.987976 216 ) (352 -991.987976 64 ) 
4 550 573 (352 -1024 216 ) (352 -1024 237.637360 ) (352 -991.987976 237.637222 ) (352 -991.987976 216 ) 
4 550 564 (352 -762.165222 64 ) (352 -762.165161 96 ) (352 -751.988953 96 ) (352 -751.988770 64 ) 
4 550 565 (352 -751.987915 -120 ) (352 -762.165466 -120 ) (352 -762.165222 58 ) (352 -751.988770 58 ) 
4 550 562 (352 -991.987976 64 ) (352 -991.987976 96 ) (352 -762.165161 96 ) (352 -762.165222 64 ) 
4 550 563 (352 -762.165466 -120 ) (352 -991.987976 -120 ) (352 -991.987976 58 ) (352 -762.165222 58 ) 
4 550 554 (352 -735.987976 96 ) (352 -735.987976 64 ) (352 -751.988770 64 ) (352 -751.988953 96 ) 
4 550 555 (352 -735.987976 58 ) (352 -735.987976 -120 ) (352 -751.987915 -120 ) (352 -751.988770 58 ) 
4 550 553 (352 -735.987976 237.636139 ) (352 -735.987976 96 ) (352 -991.987976 96 ) (352 -991.987976 237.637222 ) 
4 550 551 (355.100616 -735.987976 240 ) (352 -735.987976 237.635971 ) (352 -1024 237.637207 ) (355.099609 -1024 240 ) 
4 551 623 (354.100555 -1024 242 ) (352 -1024 242 ) (352 -1024 237.637375 ) (355.099823 -1024 240 ) 
4 551 573 (352 -991.987976 237.637222 ) (352 -1024 237.637360 ) (352 -1024 242 ) (352 -991.987976 242 ) 
4 551 553 (352 -735.987976 240 ) (352 -735.987976 237.636139 ) (352 -991.987976 237.637222 ) (352 -991.987976 240 ) 
4 551 552 (352 -735.987976 242 ) (352 -735.987976 240 ) (352 -991.987976 240 ) (352 -991.987976 242 ) 
4 552 586 (88 -983.987976 240 ) (88 -991.987976 240 ) (88 -991.987976 242 ) (88 -983.987976 242 ) 
4 552 583 (88 -746.670044 240 ) (88 -983.987976 240 ) (88 -983.987976 242 ) (88 -746.670044 242 ) 
4 552 581 (88 -741.330017 240 ) (88 -746.670044 240 ) (88 -746.670044 242 ) (88 -741.330017 242 ) 
4 552 579 (88 -735.987976 242 ) (88 -735.987976 240 ) (88 -741.330017 240 ) (88 -741.330017 242 ) 
4 552 574 (88 -991.987976 242 ) (88 -991.987976 240 ) (96 -991.987976 240 ) (96 -991.987976 242 ) 
4 552 573 (96 -991.987976 240 ) (352 -991.987976 240 ) (352 -991.987976 242 ) (96 -991.987976 242 ) 
4 552 570 (88 -983.987976 240 ) (88 -735.987976 240 ) (96 -735.987976 240 ) (96 -983.987976 240 ) 
4 552 553 (352 -991.987976 240 ) (96 -991.987976 240 ) (96 -735.987976 240 ) (352 -735.987976 240 ) 
4 553 575 (352 -991.987976 96 ) (352 -991.987976 216 ) (96 -991.987976 216 ) (96 -991.987976 96 ) 
4 553 573 (352 -991.987976 216 ) (352 -991.987976 240 ) (96 -991.987976 240 ) (96 -991.987976 216 ) 
4 553 570 (96 -983.987976 240 ) (96 -735.987976 240 ) (96 -735.987976 96 ) (96 -983.987976 96 ) 
3 553 567 (336 -767.987854 96 ) (327.013672 -771.257813 96 ) (324.270996 -763.721985 96 ) 
3 553 566 (310.860474 -777.136047 96 ) (320 -751.987427 96 ) (327.013672 -771.257813 96 ) 
3 553 564 (352 -751.988953 96 ) (352 -762.165161 96 ) (347.730530 -763.718872 96 ) 
4 553 562 (352 -991.987976 96 ) (232.777466 -991.987976 96 ) (310.860474 -777.136047 96 ) (352 -762.165161 96 ) 
4 553 560 (324.257996 -740.271606 96 ) (325.814789 -735.987976 96 ) (335.993317 -735.987976 96 ) (335.998230 -735.989746 96 ) 
4 553 558 (232.777466 -991.987976 96 ) (96 -991.987976 96 ) (96 -735.987976 96 ) (325.814789 -735.987976 96 ) 
3 553 556 (335.993317 -735.987976 96 ) (346.178772 -735.987976 96 ) (347.730225 -740.252502 96 ) 
3 553 554 (346.178772 -735.987976 96 ) (352 -735.987976 96 ) (352 -751.988953 96 ) 
4 554 556 (347.731445 -740.252991 96 ) (346.179810 -735.987976 96 ) (346.179871 -735.987976 64 ) (347.731506 -740.252991 64 ) 
4 555 557 (347.731506 -740.252991 58 ) (346.179871 -735.987976 58 ) (346.180176 -735.987976 -120 ) (347.731873 -740.253113 -120 ) 
4 558 575 (232.777466 -991.987976 64 ) (232.777466 -991.987976 96 ) (96 -991.987976 96 ) (96 -991.987976 64 ) 
4 558 570 (96 -983.987976 96 ) (96 -735.987976 96 ) (96 -735.987976 64 ) (96 -983.987976 64 ) 
4 558 566 (320 -751.988037 96 ) (310.860962 -777.135864 96 ) (310.860962 -777.135925 64 ) (320 -751.988098 64 ) 
4 558 562 (310.860962 -777.135864 96 ) (232.777847 -991.987976 96 ) (232.777847 -991.987976 64 ) (310.860962 -777.135925 64 ) 
4 558 560 (325.815247 -735.987976 64 ) (325.815247 -735.987976 96 ) (324.258545 -740.271362 96 ) (324.258606 -740.271179 64 ) 
4 559 578 (96 -991.987976 -120 ) (232.777466 -991.987976 -120 ) (232.777466 -991.987976 58 ) (96 -991.987976 58 ) 
4 559 571 (96 -983.987976 58 ) (96 -735.987976 58 ) (96 -735.987976 0 ) (96 -983.987976 0 ) 
4 559 572 (96 -991.987976 -120 ) (96 -991.987976 0 ) (96 -735.987976 0 ) (96 -735.987976 -120 ) 
4 559 568 (320 -751.988159 58 ) (310.860962 -777.135925 58 ) (310.860840 -777.136230 -120 ) (320 -751.988586 -120 ) 
4 559 563 (310.860962 -777.135925 58 ) (232.777847 -991.987976 58 ) (232.777847 -991.987976 -120 ) (310.860840 -777.136230 -120 ) 
4 559 561 (325.815247 -735.987976 -120 ) (325.815247 -735.987976 58 ) (324.258636 -740.271118 58 ) (324.259033 -740.270020 -120 ) 
4 562 575 (352 -991.987976 64 ) (352 -991.987976 96 ) (232.777466 -991.987976 96 ) (232.777466 -991.987976 64 ) 
4 562 567 (327.013397 -771.257141 96 ) (335.998505 -767.987427 96 ) (335.998535 -767.987427 64 ) (327.013367 -771.257141 64 ) 
4 562 566 (310.859406 -777.135620 64 ) (310.859436 -777.135559 96 ) (327.013397 -771.257141 96 ) (327.013367 -771.257141 64 ) 
4 562 564 (347.730835 -763.718018 96 ) (352 -762.164429 96 ) (352 -762.164490 64 ) (347.730743 -763.718079 64 ) 
4 563 578 (232.777466 -991.987976 -120 ) (352 -991.987976 -120 ) (352 -991.987976 58 ) (232.777466 -991.987976 58 ) 
4 563 569 (327.013367 -771.257141 58 ) (335.998535 -767.987427 58 ) (335.998932 -767.987610 -120 ) (327.013153 -771.257568 -120 ) 
4 563 568 (310.859283 -777.135986 -120 ) (310.859406 -777.135620 58 ) (327.013367 -771.257141 58 ) (327.013153 -771.257568 -120 ) 
4 563 565 (347.730743 -763.718079 58 ) (352 -762.164490 58 ) (352 -762.164795 -120 ) (347.730682 -763.718384 -120 ) 
4 566 567 (327.011841 -771.258423 96 ) (327.011810 -771.258484 64 ) (324.268585 -763.721191 64 ) (324.268677 -763.721191 96 ) 
4 568 569 (324.270569 -763.721802 58 ) (327.011719 -771.253906 58 ) (327.011536 -771.254272 -120 ) (324.270203 -763.721741 -120 ) 
4 570 583 (88 -746.670044 64 ) (88 -983.987976 64 ) (88 -983.987976 240 ) (88 -746.670044 240 ) 
4 570 581 (88 -741.330017 64 ) (88 -746.670044 64 ) (88 -746.670044 240 ) (88 -741.330017 240 ) 
4 570 579 (88 -735.987976 240 ) (88 -735.987976 64 ) (88 -741.330017 64 ) (88 -741.330017 240 ) 
4 571 590 (88 -735.987976 58 ) (88 -735.987976 0 ) (88 -983.987976 0 ) (88 -983.987976 58 ) 
4 571 572 (96 -735.987976 0 ) (96 -983.987976 0 ) (88 -983.987976 0 ) (88 -735.987976 0 ) 
4 572 590 (88 -735.987976 0 ) (88 -735.987976 -120 ) (88 -991.987976 -120 ) (88 -991.987976 0 ) 
4 572 578 (88 -991.987976 0 ) (88 -991.987976 -120 ) (96 -991.987976 -120 ) (96 -991.987976 0 ) 
4 573 657 (96 -1024 224 ) (96 -1024 216 ) (352 -1024 216 ) (352 -1024 224 ) 
4 573 656 (352 -1024 242 ) (96 -1024 242 ) (96 -1024 224 ) (352 -1024 224 ) 
4 573 575 (96 -991.987976 216 ) (352 -991.987976 216 ) (352 -1024 216 ) (96 -1024 216 ) 
4 573 574 (96 -991.987976 242 ) (96 -991.987976 224 ) (96 -1024 224 ) (96 -1024 242 ) 
4 574 656 (96 -1024 242 ) (88 -1024 242 ) (88 -1024 224 ) (96 -1024 224 ) 
4 574 589 (88 -1024 224 ) (88 -1024 242 ) (88 -991.987976 242 ) (88 -991.987976 224 ) 
4 575 662 (96 -1024 64 ) (352 -1024 64 ) (352 -1024 168 ) (96 -1024 168 ) 
4 575 660 (352 -1024 168 ) (352 -1024 176 ) (96 -1024 176 ) (96 -1024 168 ) 
4 575 657 (352 -1024 176 ) (352 -1024 216 ) (96 -1024 216 ) (96 -1024 176 ) 
4 575 576 (96 -1024 176 ) (96 -1024 216 ) (96 -991.987976 216 ) (96 -991.987976 176 ) 
4 575 577 (96 -991.987976 64 ) (96 -1024 64 ) (96 -1024 168 ) (96 -991.987976 168 ) 
4 576 658 (88 -1024 216 ) (88 -1024 176 ) (96 -1024 176 ) (96 -1024 216 ) 
4 576 589 (88 -1024 176 ) (88 -1024 216 ) (88 -991.987976 216 ) (88 -991.987976 176 ) 
4 577 662 (88 -1024 168 ) (88 -1024 64 ) (96 -1024 64 ) (96 -1024 168 ) 
4 577 589 (88 -1024 64 ) (88 -1024 168 ) (88 -991.987976 168 ) (88 -991.987976 64 ) 
4 578 663 (88 -1024 58 ) (88 -1024 -120 ) (352 -1024 -120 ) (352 -1024 58 ) 
4 578 590 (88 -991.987976 -120 ) (88 -1024 -120 ) (88 -1024 58 ) (88 -991.987976 58 ) 
4 579 581 (40 -741.330017 64 ) (88 -741.330017 64 ) (88 -741.330017 242 ) (40 -741.330017 242 ) 
4 579 580 (40 -735.987976 242 ) (40 -735.987976 76 ) (40 -741.330017 76 ) (40 -741.330017 242 ) 
4 580 851 (0 -735.987976 168 ) (0 -735.987976 76 ) (0 -741.330017 76 ) (0 -741.330017 168 ) 
4 580 847 (0 -741.330017 242 ) (0 -735.987976 242 ) (0 -735.987976 168 ) (0 -741.330017 168 ) 
4 580 582 (40 -741.330017 76 ) (40 -741.330017 242 ) (0 -741.330017 242 ) (0 -741.330017 76 ) 
4 581 583 (40 -746.670044 64 ) (88 -746.670044 64 ) (88 -746.670044 242 ) (40 -746.670044 242 ) 
4 581 582 (40 -741.330017 242 ) (40 -741.330017 72 ) (40 -746.670044 72 ) (40 -746.670044 242 ) 
4 582 852 (0 -741.330017 168 ) (0 -741.330017 72 ) (0 -746.670044 72 ) (0 -746.670044 168 ) 
4 582 847 (0 -746.670044 242 ) (0 -741.330017 242 ) (0 -741.330017 168 ) (0 -746.670044 168 ) 
4 582 584 (40 -746.670044 72 ) (40 -746.670044 242 ) (0 -746.670044 242 ) (0 -746.670044 72 ) 
4 583 587 (88 -983.987976 176 ) (88 -983.987976 216 ) (40 -983.987976 216 ) (40 -983.987976 176 ) 
4 583 588 (40 -983.987976 64 ) (88 -983.987976 64 ) (88 -983.987976 168 ) (40 -983.987976 168 ) 
4 583 586 (88 -983.987976 224 ) (88 -983.987976 242 ) (40 -983.987976 242 ) (40 -983.987976 224 ) 
4 583 584 (40 -746.670044 242 ) (40 -746.670044 68 ) (40 -752 68 ) (40 -752 242 ) 
4 583 585 (40 -752 64 ) (40 -983.987976 64 ) (40 -983.987976 242 ) (40 -752 242 ) 
4 584 853 (0 -746.670044 168 ) (0 -746.670044 68 ) (0 -752 68 ) (0 -752 168 ) 
4 584 847 (0 -752 242 ) (0 -746.670044 242 ) (0 -746.670044 168 ) (0 -752 168 ) 
4 584 585 (40 -752 68 ) (40 -752 242 ) (0 -752 242 ) (0 -752 68 ) 
4 585 854 (0 -752 168 ) (0 -752 64 ) (0 -983.987976 64 ) (0 -983.987976 168 ) 
4 585 847 (0 -983.987976 242 ) (0 -752 242 ) (0 -752 168 ) (0 -983.987976 168 ) 
4 585 587 (40 -983.987976 176 ) (40 -983.987976 216 ) (0 -983.987976 216 ) (0 -983.987976 176 ) 
4 585 588 (0 -983.987976 64 ) (40 -983.987976 64 ) (40 -983.987976 168 ) (0 -983.987976 168 ) 
4 585 586 (40 -983.987976 224 ) (40 -983.987976 242 ) (0 -983.987976 242 ) (0 -983.987976 224 ) 
4 586 848 (0 -991.987976 242 ) (0 -983.987976 242 ) (0 -983.987976 224 ) (0 -991.987976 224 ) 
4 586 589 (88 -991.987976 224 ) (88 -991.987976 242 ) (0 -991.987976 242 ) (0 -991.987976 224 ) 
4 587 849 (0 -983.987976 216 ) (0 -983.987976 176 ) (0 -991.987976 176 ) (0 -991.987976 216 ) 
4 587 589 (88 -991.987976 176 ) (88 -991.987976 216 ) (0 -991.987976 216 ) (0 -991.987976 176 ) 
4 588 854 (0 -983.987976 168 ) (0 -983.987976 64 ) (0 -991.987976 64 ) (0 -991.987976 168 ) 
4 588 589 (0 -991.987976 64 ) (88 -991.987976 64 ) (88 -991.987976 168 ) (0 -991.987976 168 ) 
4 589 854 (0 -1024 64 ) (0 -1024 168 ) (0 -991.987976 168 ) (0 -991.987976 64 ) 
4 589 850 (0 -1024 168 ) (0 -1024 242 ) (0 -991.987976 242 ) (0 -991.987976 168 ) 
4 589 662 (0 -1024 168 ) (0 -1024 64 ) (88 -1024 64 ) (88 -1024 168 ) 
4 589 661 (0 -1024 176 ) (0 -1024 168 ) (88 -1024 168 ) (88 -1024 176 ) 
4 589 659 (0 -1024 224 ) (0 -1024 176 ) (88 -1024 176 ) (88 -1024 224 ) 
4 589 656 (88 -1024 242 ) (0 -1024 242 ) (0 -1024 224 ) (88 -1024 224 ) 
4 590 856 (0 -1024 -120 ) (0 -1024 58 ) (0 -735.987976 58 ) (0 -735.987976 -120 ) 
4 590 663 (0 -1024 58 ) (0 -1024 -120 ) (88 -1024 -120 ) (88 -1024 58 ) 
4 591 884 (0 -1024 -247.855011 ) (0 -1024 -166 ) (0 -735.987976 -166 ) (0 -735.987976 -247.855011 ) 
4 591 846 (0 -735.987976 -166 ) (0 0 -166 ) (0 0 -247.855011 ) (0 -735.987976 -247.855011 ) 
4 591 692 (1024 -1024 -247.855011 ) (1024 -1024 -166 ) (0 -1024 -166 ) (0 -1024 -247.855011 ) 
4 592 693 (3072 -2048 -120 ) (3072 -2048 631.854980 ) (2048 -2048 631.854980 ) (2048 -2048 -120 ) 
4 592 594 (2048 -2048 -120 ) (2048 -2048 631.854980 ) (2048 -1024 631.854980 ) (2048 -1024 -120 ) 
4 593 694 (3072 -2048 -247.855011 ) (3072 -2048 -166 ) (2048 -2048 -166 ) (2048 -2048 -247.855011 ) 
4 593 595 (2048 -2048 -247.855011 ) (2048 -2048 -166 ) (2048 -1024 -166 ) (2048 -1024 -247.855011 ) 
4 594 696 (2048 -2048 -120 ) (2048 -2048 631.854980 ) (1024 -2048 631.854980 ) (1024 -2048 -120 ) 
4 594 627 (1024 -1024 81 ) (1024 -1024 -120 ) (1024 -2048 -120 ) (1024 -2048 81 ) 
4 594 625 (1024 -1024 83 ) (1024 -1024 81 ) (1024 -1028.989990 81 ) (1024 -1028.989990 83 ) 
4 594 626 (1024 -1028.989990 81 ) (1024 -2048 81 ) (1024 -2048 83 ) (1024 -1028.989990 83 ) 
4 594 615 (1024 -1024 242 ) (1024 -1024 83 ) (1024 -1042.989990 83 ) (1024 -1042.989990 242 ) 
4 594 616 (1024 -1042.989990 83 ) (1024 -2048 83 ) (1024 -2048 242 ) (1024 -1042.989990 242 ) 
4 594 596 (1024 -1024 631.854980 ) (1024 -1024 242 ) (1024 -1044.989990 242 ) (1024 -1044.989990 631.854980 ) 
4 594 613 (1024 -1044.989990 242 ) (1024 -2048 242 ) (1024 -2048 631.854980 ) (1024 -1044.989990 631.854980 ) 
4 595 697 (2048 -2048 -247.855011 ) (2048 -2048 -166 ) (1024 -2048 -166 ) (1024 -2048 -247.855011 ) 
4 595 692 (1024 -1024 -166 ) (1024 -1024 -247.855011 ) (1024 -2048 -247.855011 ) (1024 -2048 -166 ) 
4 596 656 (352 -1024 631.854980 ) (352 -1024 402.845215 ) (352 -1044.989990 402.845215 ) (352 -1044.989990 631.854980 ) 
4 596 615 (561.709595 -1024 242 ) (1024 -1024 242 ) (1024 -1042.989990 242 ) (561.709595 -1042.989990 242 ) 
4 596 616 (1024 -1042.989990 242 ) (1024 -1044.989990 242 ) (561.709595 -1044.989990 242 ) (561.709595 -1042.989990 242 ) 
4 596 612 (559.099426 -1044.989990 244.003021 ) (555.191956 -1044.989990 247 ) (555.191956 -1042.989990 247 ) (559.099426 -1042.989990 244.003006 ) 
4 596 607 (456.101990 -1044.989990 323 ) (352 -1044.989990 402.845947 ) (352 -1024 402.845947 ) (456.101990 -1024 323 ) 
4 596 606 (555.191956 -1044.989990 247 ) (456.101990 -1044.989990 323 ) (456.101990 -1042.989990 323 ) (555.191956 -1042.989990 247 ) 
4 596 598 (561.710938 -1044.989990 242 ) (559.099426 -1044.989990 244.003021 ) (559.099609 -1024 244.002838 ) (561.710938 -1024 242 ) 
5 596 613 (561.709595 -1044.989990 242 ) (1024 -1044.989990 242 ) (1024 -1044.989990 631.854980 ) (352 -1044.989990 631.854980 ) (352 -1044.989990 402.845215 ) 
4 597 656 (352 -1024 246.203140 ) (352 -1024 242 ) (352 -1044.989990 242 ) (352 -1044.989990 246.203003 ) 
4 597 623 (352 -1044.989990 242 ) (352 -1024 242 ) (354.100555 -1024 242 ) (354.100464 -1044.989990 242 ) 
4 597 608 (352 -1024 246.204208 ) (352 -1044.989990 246.204086 ) (353.101074 -1044.989990 244 ) (353.101135 -1024 244 ) 
3 597 613 (352 -1044.989990 242 ) (354.100464 -1044.989990 242 ) (352 -1044.989990 246.203003 ) 
4 598 615 (558.098755 -1024 242 ) (561.709595 -1024 242 ) (561.709595 -1042.989990 242 ) (558.098450 -1042.989990 242 ) 
4 598 616 (561.709595 -1042.989990 242 ) (561.709595 -1044.989990 242 ) (558.098450 -1044.989990 242 ) (558.098450 -1042.989990 242 ) 
4 598 612 (558.098999 -1042.989990 242 ) (558.098999 -1044.989990 242 ) (559.098450 -1044.989990 244 ) (559.098450 -1042.989990 244 ) 
3 598 613 (558.098450 -1044.989990 242 ) (561.709595 -1044.989990 242 ) (559.099060 -1044.989990 244.002258 ) 
4 599 603 (464.087280 -1028.989990 305 ) (448.133881 -1028.989990 305 ) (428.213684 -1028.989990 290 ) (484.007477 -1028.989990 290 ) 
4 600 603 (490.647552 -1028.989990 285 ) (421.573608 -1028.989990 285 ) (371.108978 -1028.989990 247 ) (541.112000 -1028.989990 247 ) 
4 601 602 (452.132813 -1028.989990 313.976563 ) (456.100464 -1028.989990 311.001068 ) (456.100281 -1035.989990 311 ) (452.134247 -1035.989990 313.975128 ) 
4 601 603 (471.835938 -1035.989990 305 ) (464.101990 -1035.989990 305 ) (464.102020 -1028.989990 305 ) (471.842194 -1028.989990 305 ) 
4 601 604 (471.827789 -1035.989990 305 ) (456.097656 -1035.989990 316.992188 ) (452.136902 -1035.989990 313.972687 ) (464.101959 -1035.989990 305 ) 
4 602 604 (452.136902 -1035.989990 313.972687 ) (440.367188 -1035.989990 305 ) (448.106018 -1035.989990 305 ) (456.099976 -1035.989990 311 ) 
4 602 603 (448.105988 -1035.989990 305 ) (440.359375 -1035.989990 305 ) (440.355469 -1028.989990 305 ) (448.106049 -1028.989990 305 ) 
4 603 611 (364.281158 -1035.989990 247 ) (364.281189 -1028.989990 247 ) (547.920105 -1028.989990 247 ) (547.920105 -1035.989990 247 ) 
4 603 604 (547.906250 -1035.989990 247 ) (471.827789 -1035.989990 305 ) (440.367188 -1035.989990 305 ) (364.286987 -1035.989990 247 ) 
4 604 612 (547.920105 -1044.989990 247 ) (364.281097 -1044.989990 247 ) (364.281097 -1042.989990 247 ) (547.920105 -1042.989990 247 ) 
4 604 611 (364.281097 -1042.989990 247 ) (364.281158 -1035.989990 247 ) (547.920105 -1035.989990 247 ) (547.920105 -1042.989990 247 ) 
4 604 606 (456.102844 -1044.989990 317 ) (547.921875 -1044.989990 247 ) (547.921875 -1042.989990 247 ) (456.102844 -1042.989990 317 ) 
3 604 613 (364.281097 -1044.989990 247 ) (547.920105 -1044.989990 247 ) (456.101959 -1044.989990 317 ) 
4 605 656 (352 -1024 396.364868 ) (352 -1024 247 ) (352 -1044.989990 247 ) (352 -1044.989990 396.364868 ) 
4 605 608 (357.011475 -1044.989990 247 ) (352 -1044.989990 247 ) (352 -1024 247 ) (357.011475 -1024 247 ) 
4 605 607 (352 -1024 396.366150 ) (352 -1044.989990 396.366150 ) (452.179596 -1044.989990 319.991638 ) (452.179596 -1024 319.991638 ) 
4 605 613 (352 -1044.989990 396.364868 ) (352 -1044.989990 247 ) (357.011475 -1044.989990 247 ) (452.178741 -1044.989990 319.990967 ) 
4 606 612 (555.190613 -1042.989990 247 ) (555.190613 -1044.989990 247 ) (547.920105 -1044.989990 247 ) (547.920105 -1042.989990 247 ) 
4 606 613 (555.190613 -1044.989990 247 ) (456.101990 -1044.989990 323 ) (456.101990 -1044.989990 317 ) (547.920105 -1044.989990 247 ) 
4 607 656 (352 -1024 402.845215 ) (352 -1024 396.364868 ) (352 -1044.989990 396.364868 ) (352 -1044.989990 402.845215 ) 
4 607 613 (456.101990 -1044.989990 323 ) (352 -1044.989990 402.845215 ) (352 -1044.989990 396.364868 ) (452.178741 -1044.989990 319.990967 ) 
4 608 656 (352 -1024 247 ) (352 -1024 246.203140 ) (352 -1044.989990 246.203003 ) (352 -1044.989990 247 ) 
4 608 613 (357.011475 -1044.989990 247 ) (352 -1044.989990 247 ) (352 -1044.989990 246.203003 ) (353.100677 -1044.989990 244 ) 
4 609 614 (548.101990 -1024 242 ) (554.478577 -1024 242 ) (554.478516 -1028.989990 242 ) (548.101990 -1028.989990 242 ) 
3 609 611 (548.101990 -1028.989990 246.861313 ) (548.101990 -1028.989990 242 ) (554.478516 -1028.989990 242 ) 
4 610 622 (357.722595 -1024 242 ) (364.100037 -1024 242 ) (364.100037 -1028.989990 242 ) (357.722565 -1028.989990 242 ) 
3 610 611 (357.722534 -1028.989990 242 ) (364.100037 -1028.989990 242 ) (364.100037 -1028.989990 246.861893 ) 
4 611 622 (364.100037 -1042.989990 242 ) (357.722473 -1042.989990 242 ) (357.722565 -1028.989990 242 ) (364.100037 -1028.989990 242 ) 
4 611 621 (369.100037 -1042.989990 242 ) (364.100037 -1042.989990 242 ) (364.100037 -1028.989990 242 ) (369.100037 -1028.989990 242 ) 
4 611 620 (376.100037 -1042.989990 242 ) (369.100037 -1042.989990 242 ) (369.100037 -1028.989990 242 ) (376.100037 -1028.989990 242 ) 
4 611 619 (536.101990 -1042.989990 242 ) (376.100037 -1042.989990 242 ) (376.100037 -1028.989990 242 ) (536.101990 -1028.989990 242 ) 
4 611 618 (543.101990 -1042.989990 242 ) (536.101990 -1042.989990 242 ) (536.101990 -1028.989990 242 ) (543.101990 -1028.989990 242 ) 
4 611 617 (548.101990 -1042.989990 242 ) (543.101990 -1042.989990 242 ) (543.101990 -1028.989990 242 ) (548.101990 -1028.989990 242 ) 
4 611 614 (554.478577 -1042.989990 242 ) (548.101990 -1042.989990 242 ) (548.101990 -1028.989990 242 ) (554.478516 -1028.989990 242 ) 
4 611 612 (547.920166 -1042.989990 247 ) (364.281128 -1042.989990 247 ) (357.722473 -1042.989990 242 ) (554.478577 -1042.989990 242 ) 
4 612 622 (364.100037 -1044.989990 242 ) (357.722443 -1044.989990 242 ) (357.722473 -1042.989990 242 ) (364.100037 -1042.989990 242 ) 
4 612 621 (369.100037 -1044.989990 242 ) (364.100037 -1044.989990 242 ) (364.100037 -1042.989990 242 ) (369.100037 -1042.989990 242 ) 
4 612 620 (376.100037 -1044.989990 242 ) (369.100037 -1044.989990 242 ) (369.100037 -1042.989990 242 ) (376.100037 -1042.989990 242 ) 
4 612 619 (536.101990 -1044.989990 242 ) (376.100037 -1044.989990 242 ) (376.100037 -1042.989990 242 ) (536.101990 -1042.989990 242 ) 
4 612 618 (543.101990 -1044.989990 242 ) (536.101990 -1044.989990 242 ) (536.101990 -1042.989990 242 ) (543.101990 -1042.989990 242 ) 
4 612 617 (548.101990 -1044.989990 242 ) (543.101990 -1044.989990 242 ) (543.101990 -1042.989990 242 ) (548.101990 -1042.989990 242 ) 
4 612 616 (558.098450 -1042.989990 242 ) (558.098450 -1044.989990 242 ) (548.101990 -1044.989990 242 ) (548.101990 -1042.989990 242 ) 
5 612 613 (357.722443 -1044.989990 242 ) (558.098450 -1044.989990 242 ) (559.099060 -1044.989990 244.002258 ) (555.190613 -1044.989990 247 ) (364.281097 -1044.989990 247 ) 
4 613 699 (1024 -2048 242 ) (1024 -2048 631.854980 ) (352 -2048 631.854980 ) (352 -2048 242 ) 
4 613 672 (352 -1191.989990 242 ) (352 -2048 242 ) (352 -2048 631.854980 ) (352 -1191.989990 631.854980 ) 
4 613 664 (352 -1183.989990 242 ) (352 -1191.989990 242 ) (352 -1191.989990 631.854980 ) (352 -1183.989990 631.854980 ) 
4 613 656 (352 -1044.989990 242 ) (352 -1183.989990 242 ) (352 -1183.989990 631.854980 ) (352 -1044.989990 631.854980 ) 
4 613 624 (364.100037 -2048 242 ) (352 -2048 242 ) (352 -1044.989990 242 ) (364.100037 -1044.989990 242 ) 
4 613 621 (369.100037 -2048 242 ) (364.100037 -2048 242 ) (364.100037 -1044.989990 242 ) (369.100037 -1044.989990 242 ) 
4 613 620 (376.100037 -2048 242 ) (369.100037 -2048 242 ) (369.100037 -1044.989990 242 ) (376.100037 -1044.989990 242 ) 
4 613 619 (536.101990 -2048 242 ) (376.100037 -2048 242 ) (376.100037 -1044.989990 242 ) (536.101990 -1044.989990 242 ) 
4 613 618 (543.101990 -2048 242 ) (536.101990 -2048 242 ) (536.101990 -1044.989990 242 ) (543.101990 -1044.989990 242 ) 
4 613 617 (548.101990 -2048 242 ) (543.101990 -2048 242 ) (543.101990 -1044.989990 242 ) (548.101990 -1044.989990 242 ) 
4 613 616 (1024 -2048 242 ) (548.101990 -2048 242 ) (548.101990 -1044.989990 242 ) (1024 -1044.989990 242 ) 
4 614 625 (548.101990 -1024 83 ) (763.036987 -1024 83 ) (763.036987 -1028.989990 83 ) (548.101990 -1028.989990 83 ) 
4 614 626 (763.036987 -1028.989990 83 ) (763.036987 -1042.989990 83 ) (548.101990 -1042.989990 83 ) (548.101990 -1028.989990 83 ) 
4 614 617 (548.101990 -1028.989990 83 ) (548.101990 -1042.989990 83 ) (548.101990 -1042.989990 242 ) (548.101990 -1028.989990 242 ) 
4 614 615 (557.100464 -1042.989990 240.003036 ) (763.039490 -1042.989990 83 ) (763.039490 -1024 83 ) (557.100708 -1024 240.002884 ) 
4 614 616 (548.101990 -1042.989990 242 ) (548.101990 -1042.989990 83 ) (763.036987 -1042.989990 83 ) (554.478516 -1042.989990 242 ) 
4 615 625 (763.036987 -1024 83 ) (1024 -1024 83 ) (1024 -1028.989990 83 ) (763.036987 -1028.989990 83 ) 
4 615 626 (1024 -1028.989990 83 ) (1024 -1042.989990 83 ) (763.036987 -1042.989990 83 ) (763.036987 -1028.989990 83 ) 
5 615 616 (763.036987 -1042.989990 83 ) (1024 -1042.989990 83 ) (1024 -1042.989990 242 ) (558.098389 -1042.989990 242 ) (557.099792 -1042.989990 240.001617 ) 
4 616 699 (1024 -2048 83 ) (1024 -2048 242 ) (548.101990 -2048 242 ) (548.101990 -2048 83 ) 
4 616 626 (1024 -1042.989990 83 ) (1024 -2048 83 ) (548.101990 -2048 83 ) (548.101990 -1042.989990 83 ) 
4 616 617 (548.101990 -1042.989990 83 ) (548.101990 -2048 83 ) (548.101990 -2048 242 ) (548.101990 -1042.989990 242 ) 
4 617 699 (548.101990 -2048 242 ) (543.101990 -2048 242 ) (543.101990 -2048 83 ) (548.101990 -2048 83 ) 
4 617 626 (548.101990 -1028.989990 83 ) (548.101990 -2048 83 ) (543.101990 -2048 83 ) (543.101990 -1028.989990 83 ) 
4 617 618 (543.101990 -1028.989990 83 ) (543.101990 -2048 83 ) (543.101990 -2048 242 ) (543.101990 -1028.989990 242 ) 
4 618 699 (543.101990 -2048 242 ) (536.101990 -2048 242 ) (536.101990 -2048 83 ) (543.101990 -2048 83 ) 
4 618 626 (543.101990 -1028.989990 83 ) (543.101990 -2048 83 ) (536.101990 -2048 83 ) (536.101990 -1028.989990 83 ) 
4 618 619 (536.101990 -1028.989990 83 ) (536.101990 -2048 83 ) (536.101990 -2048 242 ) (536.101990 -1028.989990 242 ) 
4 619 699 (536.101990 -2048 242 ) (376.100037 -2048 242 ) (376.100037 -2048 83 ) (536.101990 -2048 83 ) 
4 619 626 (536.101990 -1028.989990 83 ) (536.101990 -2048 83 ) (376.100037 -2048 83 ) (376.100037 -1028.989990 83 ) 
4 619 620 (376.100037 -1028.989990 83 ) (376.100037 -2048 83 ) (376.100037 -2048 242 ) (376.100037 -1028.989990 242 ) 
4 620 699 (376.100037 -2048 242 ) (369.100037 -2048 242 ) (369.100037 -2048 83 ) (376.100037 -2048 83 ) 
4 620 626 (376.100037 -1028.989990 83 ) (376.100037 -2048 83 ) (369.100037 -2048 83 ) (369.100037 -1028.989990 83 ) 
4 620 621 (369.100037 -1028.989990 83 ) (369.100037 -2048 83 ) (369.100037 -2048 242 ) (369.100037 -1028.989990 242 ) 
4 621 699 (369.100037 -2048 242 ) (364.100037 -2048 242 ) (364.100037 -2048 83 ) (369.100037 -2048 83 ) 
4 621 626 (369.100037 -1028.989990 83 ) (369.100037 -2048 83 ) (364.100037 -2048 83 ) (364.100037 -1028.989990 83 ) 
4 621 622 (364.100037 -1028.989990 83 ) (364.100037 -1044.989990 83 ) (364.100037 -1044.989990 242 ) (364.100037 -1028.989990 242 ) 
4 621 624 (364.100037 -1044.989990 83 ) (364.100037 -2048 83 ) (364.100037 -2048 242 ) (364.100037 -1044.989990 242 ) 
4 622 662 (352 -1024 168 ) (352 -1024 83 ) (352 -1044.989990 83 ) (352 -1044.989990 168 ) 
4 622 660 (352 -1024 176 ) (352 -1024 168 ) (352 -1044.989990 168 ) (352 -1044.989990 176 ) 
4 622 657 (352 -1024 224 ) (352 -1024 176 ) (352 -1044.989990 176 ) (352 -1044.989990 224 ) 
4 622 656 (352 -1024 237.637375 ) (352 -1024 224 ) (352 -1044.989990 224 ) (352 -1044.989990 237.637466 ) 
4 622 655 (352 -1044.989990 83 ) (352 -1024 83 ) (364.100037 -1024 83 ) (364.100037 -1044.989990 83 ) 
4 622 623 (352 -1024 237.637253 ) (352 -1044.989990 237.637344 ) (355.099762 -1044.989990 240 ) (355.099854 -1024 240 ) 
5 622 624 (352 -1044.989990 83 ) (364.100037 -1044.989990 83 ) (364.100037 -1044.989990 242 ) (357.722443 -1044.989990 242 ) (352 -1044.989990 237.637466 ) 
4 623 656 (352 -1024 242 ) (352 -1024 237.637375 ) (352 -1044.989990 237.637466 ) (352 -1044.989990 242 ) 
4 623 624 (354.100464 -1044.989990 242 ) (352 -1044.989990 242 ) (352 -1044.989990 237.637466 ) (355.099731 -1044.989990 240 ) 
4 624 699 (364.100037 -2048 242 ) (352 -2048 242 ) (352 -2048 83 ) (364.100037 -2048 83 ) 
4 624 677 (352 -1327.989990 83 ) (352 -1343.989990 83 ) (352 -1343.989990 96 ) (352 -1327.989990 96 ) 
4 624 679 (352 -1343.989990 83 ) (352 -2048 83 ) (352 -2048 96 ) (352 -1343.989990 96 ) 
4 624 675 (352 -1317.801147 83 ) (352 -1327.989990 83 ) (352 -1327.989990 96 ) (352 -1317.801147 96 ) 
4 624 673 (352 -1191.989990 83 ) (352 -1317.801147 83 ) (352 -1317.801147 96 ) (352 -1191.989990 96 ) 
4 624 672 (352 -2048 96 ) (352 -2048 242 ) (352 -1191.989990 242 ) (352 -1191.989990 96 ) 
4 624 665 (352 -1183.989990 83 ) (352 -1191.989990 83 ) (352 -1191.989990 240 ) (352 -1183.989990 240 ) 
4 624 664 (352 -1191.989990 240 ) (352 -1191.989990 242 ) (352 -1183.989990 242 ) (352 -1183.989990 240 ) 
4 624 662 (352 -1044.989990 83 ) (352 -1183.989990 83 ) (352 -1183.989990 168 ) (352 -1044.989990 168 ) 
4 624 660 (352 -1183.989990 168 ) (352 -1183.989990 176 ) (352 -1044.989990 176 ) (352 -1044.989990 168 ) 
4 624 657 (352 -1183.989990 176 ) (352 -1183.989990 224 ) (352 -1044.989990 224 ) (352 -1044.989990 176 ) 
4 624 656 (352 -1183.989990 224 ) (352 -1183.989990 242 ) (352 -1044.989990 242 ) (352 -1044.989990 224 ) 
4 624 655 (352 -2048 83 ) (352 -1044.989990 83 ) (364.100037 -1044.989990 83 ) (364.100037 -2048 83 ) 
3 625 629 (551.638733 -1024 81 ) (552.361938 -1024 81 ) (552 -1024.989990 81 ) 
4 625 627 (552.361938 -1024 81 ) (1024 -1024 81 ) (1024 -1028.989990 81 ) (550.537231 -1028.989990 81 ) 
4 625 626 (548.101990 -1028.989990 81 ) (1024 -1028.989990 81 ) (1024 -1028.989990 83 ) (548.101990 -1028.989990 83 ) 
4 626 699 (1024 -2048 81 ) (1024 -2048 83 ) (364.100037 -2048 83 ) (364.100037 -2048 81 ) 
4 626 652 (364.100037 -1033.989990 81 ) (364.100037 -1032.989990 81 ) (548.101990 -1032.989990 81 ) (548.101990 -1033.989990 81 ) 
4 626 646 (375.001068 -1031.990356 81 ) (372.259216 -1032.989990 81 ) (370.912109 -1032.989990 81 ) (369.866730 -1030.119141 81 ) 
3 626 645 (380.130951 -1030.120117 81 ) (379.084229 -1032.989990 81 ) (372.259216 -1032.989990 81 ) 
4 626 644 (380.543121 -1028.989990 81 ) (395.100037 -1028.989990 81 ) (395.100037 -1032.989990 81 ) (379.084229 -1032.989990 81 ) 
4 626 643 (364.100037 -1032.989990 81 ) (364.100037 -1028.989990 81 ) (369.455566 -1028.989990 81 ) (370.912109 -1032.989990 81 ) 
3 626 633 (536.768555 -1028.989990 81 ) (539.459595 -1028.989990 81 ) (539.872437 -1030.121216 81 ) 
5 626 632 (395.100037 -1028.989990 81 ) (536.768555 -1028.989990 81 ) (545 -1031.989990 81 ) (542.258728 -1032.989990 81 ) (395.100037 -1032.989990 81 ) 
3 626 630 (548.101990 -1030.858276 81 ) (548.101990 -1032.989990 81 ) (542.258728 -1032.989990 81 ) 
4 626 654 (364.100037 -2048 81 ) (364.100037 -1033.989990 81 ) (548.101990 -1033.989990 81 ) (548.101990 -2048 81 ) 
3 626 628 (550.123718 -1030.120728 81 ) (548.101990 -1035.649414 81 ) (548.101990 -1030.858276 81 ) 
5 626 627 (550.537231 -1028.989990 81 ) (1024 -1028.989990 81 ) (1024 -2048 81 ) (548.101990 -2048 81 ) (548.101990 -1035.649414 81 ) 
4 626 655 (364.100037 -2048 81 ) (364.100037 -2048 83 ) (364.100037 -1028.989990 83 ) (364.100037 -1028.989990 81 ) 
4 627 699 (548.101990 -2048 -120 ) (1024 -2048 -120 ) (1024 -2048 81 ) (548.101990 -2048 81 ) 
4 627 654 (548.101990 -1035.649292 -120 ) (548.101990 -2048 -120 ) (548.101990 -2048 81 ) (548.101990 -1035.649170 81 ) 
4 627 629 (552.361694 -1024 -120 ) (552 -1024.989502 -120 ) (552 -1024.989502 81 ) (552.361694 -1024 81 ) 
4 627 628 (550.123352 -1030.120972 -120 ) (548.101990 -1035.648438 -120 ) (548.101990 -1035.648438 81 ) (550.123352 -1030.120972 81 ) 
4 628 652 (548.101990 -1033.989990 78 ) (548.101990 -1033.989990 81 ) (548.101990 -1032.989990 81 ) (548.101990 -1032.989990 78 ) 
4 628 653 (548.101990 -1032.989990 -120 ) (548.101990 -1033.989990 -120 ) (548.101990 -1033.989990 73 ) (548.101990 -1032.989990 73 ) 
4 628 630 (548.101990 -1032.989990 78 ) (548.101990 -1032.989990 81 ) (548.101990 -1030.858276 81 ) (548.101990 -1030.858276 78 ) 
4 628 631 (548.101990 -1030.858276 -120 ) (548.101990 -1032.989990 -120 ) (548.101990 -1032.989990 73 ) (548.101990 -1030.858276 73 ) 
4 628 654 (548.101990 -1033.989990 -120 ) (548.101990 -1035.649292 -120 ) (548.101990 -1035.649170 81 ) (548.101990 -1033.989990 81 ) 
4 630 652 (548.101990 -1032.989990 78 ) (548.101990 -1032.989990 81 ) (542.258728 -1032.989990 81 ) (542.258728 -1032.989990 78 ) 
4 630 632 (545 -1031.989990 78 ) (542.257813 -1032.989990 78 ) (542.257813 -1032.989990 81 ) (545 -1031.989990 81 ) 
4 631 653 (548.101990 -1032.989990 -120 ) (548.101990 -1032.989990 73 ) (542.258728 -1032.989990 73 ) (542.258728 -1032.989990 -120 ) 
4 631 634 (545 -1031.989990 -120 ) (542.257813 -1032.989990 -120 ) (542.257813 -1032.989990 73 ) (545 -1031.989990 73 ) 
4 632 652 (542.258728 -1032.989990 81 ) (395.100037 -1032.989990 81 ) (395.100037 -1032.989990 78 ) (542.258728 -1032.989990 78 ) 
4 632 644 (395.100037 -1032.989990 78 ) (395.100037 -1032.989990 81 ) (395.100037 -1028.989990 81 ) (395.100037 -1028.989990 78 ) 
4 632 633 (539.872314 -1030.120972 78 ) (536.767578 -1028.989990 78 ) (536.767578 -1028.989990 81 ) (539.872314 -1030.120972 81 ) 
4 634 653 (536.101990 -1032.989990 -120 ) (542.258728 -1032.989990 -120 ) (542.258728 -1032.989990 73 ) (536.101990 -1032.989990 73 ) 
4 634 637 (536.101990 -1028.747070 -120 ) (536.101990 -1032.989990 -120 ) (536.101990 -1032.989990 61 ) (536.101990 -1028.747070 61 ) 
4 634 635 (536.101990 -1028.746094 -120 ) (536.101990 -1028.746094 73 ) (539.872009 -1030.120117 73 ) (539.872009 -1030.120117 -120 ) 
4 635 637 (536.101990 -1024 -120 ) (536.101990 -1028.747070 -120 ) (536.101990 -1028.747070 61 ) (536.101990 -1024 61 ) 
4 635 636 (538 -1024.990967 -120 ) (537.639099 -1024 -120 ) (537.639099 -1024 73 ) (538 -1024.989624 73 ) 
4 637 653 (517.101990 -1032.989990 -120 ) (536.101990 -1032.989990 -120 ) (536.101990 -1032.989990 61 ) (517.101990 -1032.989990 61 ) 
4 637 638 (517.101990 -1024 -120 ) (517.101990 -1032.989990 -120 ) (517.101990 -1032.989990 61 ) (517.101990 -1024 61 ) 
4 638 653 (395.100037 -1032.989990 73 ) (395.100037 -1032.989990 -120 ) (517.101990 -1032.989990 -120 ) (517.101990 -1032.989990 73 ) 
4 638 647 (395.100037 -1028.989990 -120 ) (395.100037 -1032.989990 -120 ) (395.100037 -1032.989990 61 ) (395.100037 -1028.989990 61 ) 
4 638 639 (395.100037 -1024 -120 ) (395.100037 -1028.989990 -120 ) (395.100037 -1028.989990 61 ) (395.100037 -1024 61 ) 
4 639 647 (395.100037 -1028.989990 -120 ) (395.100037 -1028.989990 61 ) (383.461060 -1028.989990 61 ) (383.462555 -1028.989990 -120 ) 
4 639 640 (383.462524 -1028.989990 -120 ) (383.461029 -1028.989990 61 ) (382 -1024.993774 61 ) (382 -1024.989258 -120 ) 
4 640 647 (380.541077 -1028.989990 -120 ) (383.462555 -1028.989990 -120 ) (383.461060 -1028.989990 61 ) (380.542908 -1028.989990 61 ) 
4 641 649 (364.100037 -1028.989990 73 ) (364.100037 -1028.989990 -120 ) (369.456573 -1028.989990 -120 ) (369.455597 -1028.989990 73 ) 
4 641 642 (368 -1024.990234 -120 ) (367.639374 -1024 -120 ) (367.638397 -1024 73 ) (368 -1024.991577 73 ) 
4 641 655 (364.100037 -1024 -120 ) (364.100037 -1028.989990 -120 ) (364.100037 -1028.989990 73 ) (364.100037 -1024 73 ) 
4 643 652 (370.912109 -1032.989990 81 ) (364.100037 -1032.989990 81 ) (364.100037 -1032.989990 78 ) (370.912109 -1032.989990 78 ) 
4 643 646 (370.911652 -1032.989990 81 ) (370.911652 -1032.989990 78 ) (369.866150 -1030.118896 78 ) (369.866150 -1030.118896 81 ) 
4 643 655 (364.100037 -1032.989990 78 ) (364.100037 -1032.989990 81 ) (364.100037 -1028.989990 81 ) (364.100037 -1028.989990 78 ) 
4 644 652 (395.100037 -1032.989990 81 ) (379.084229 -1032.989990 81 ) (379.084198 -1032.989990 78 ) (395.100037 -1032.989990 78 ) 
4 644 645 (380.130737 -1030.120117 78 ) (379.083771 -1032.989990 78 ) (379.083801 -1032.989990 81 ) (380.130768 -1030.120117 81 ) 
4 645 652 (379.084229 -1032.989990 81 ) (372.259216 -1032.989990 81 ) (372.259216 -1032.989990 78 ) (379.084198 -1032.989990 78 ) 
4 645 646 (375 -1031.990234 78 ) (372.259094 -1032.989990 78 ) (372.259125 -1032.989990 81 ) (375 -1031.990234 81 ) 
4 646 652 (372.259216 -1032.989990 81 ) (370.912109 -1032.989990 81 ) (370.912109 -1032.989990 78 ) (372.259216 -1032.989990 78 ) 
4 647 653 (379.082184 -1032.989990 -120 ) (395.100037 -1032.989990 -120 ) (395.100037 -1032.989990 61 ) (379.084015 -1032.989990 61 ) 
4 647 648 (379.081482 -1032.989990 -120 ) (379.083282 -1032.989990 61 ) (380.129852 -1030.120361 61 ) (380.128021 -1030.120483 -120 ) 
4 648 653 (376.100037 -1032.989990 -120 ) (379.082184 -1032.989990 -120 ) (379.084015 -1032.989990 61 ) (376.100037 -1032.989990 61 ) 
4 648 650 (376.100037 -1032.989990 -120 ) (376.100037 -1032.989990 61 ) (376.100037 -1031.589722 61 ) (376.100037 -1031.588989 -120 ) 
4 649 653 (364.100037 -1032.989990 73 ) (364.100037 -1032.989990 -120 ) (370.913116 -1032.989990 -120 ) (370.912140 -1032.989990 73 ) 
4 649 651 (369.868408 -1030.119751 73 ) (370.913544 -1032.989990 73 ) (370.914520 -1032.989990 -120 ) (369.869537 -1030.120239 -120 ) 
4 649 655 (364.100037 -1028.989990 -120 ) (364.100037 -1032.989990 -120 ) (364.100037 -1032.989990 73 ) (364.100037 -1028.989990 73 ) 
4 650 653 (372.257690 -1032.989990 -120 ) (376.100037 -1032.989990 -120 ) (376.100037 -1032.989990 73 ) (372.259277 -1032.989990 73 ) 
4 650 651 (375 -1031.990112 -120 ) (372.257813 -1032.989990 -120 ) (372.259766 -1032.989990 73 ) (375.001282 -1031.990479 73 ) 
4 651 653 (370.913116 -1032.989990 -120 ) (372.257690 -1032.989990 -120 ) (372.259277 -1032.989990 73 ) (370.912140 -1032.989990 73 ) 
4 652 654 (548.101990 -1033.989990 78 ) (548.101990 -1033.989990 81 ) (364.100037 -1033.989990 81 ) (364.100037 -1033.989990 78 ) 
4 652 655 (364.100037 -1033.989990 78 ) (364.100037 -1033.989990 81 ) (364.100037 -1032.989990 81 ) (364.100037 -1032.989990 78 ) 
4 653 655 (364.100037 -1032.989990 -120 ) (364.100037 -1033.989990 -120 ) (364.100037 -1033.989990 73 ) (364.100037 -1032.989990 73 ) 
4 653 654 (548.101990 -1033.989990 -120 ) (548.101990 -1033.989990 73 ) (364.100037 -1033.989990 73 ) (364.100037 -1033.989990 -120 ) 
4 654 699 (364.100037 -2048 -120 ) (548.101990 -2048 -120 ) (548.101990 -2048 81 ) (364.100037 -2048 81 ) 
4 654 655 (364.100037 -1033.989990 -120 ) (364.100037 -2048 -120 ) (364.100037 -2048 81 ) (364.100037 -1033.989990 81 ) 
4 655 699 (352 -2048 -120 ) (364.100037 -2048 -120 ) (364.100037 -2048 83 ) (352 -2048 83 ) 
4 655 677 (352 -1343.989990 64 ) (352 -1343.989990 83 ) (352 -1327.989990 83 ) (352 -1327.989990 64 ) 
4 655 678 (352 -1327.989990 -120 ) (352 -1343.989990 -120 ) (352 -1343.989990 58 ) (352 -1327.989990 58 ) 
4 655 679 (352 -1343.989990 -120 ) (352 -2048 -120 ) (352 -2048 83 ) (352 -1343.989990 83 ) 
4 655 675 (352 -1327.989990 64 ) (352 -1327.989990 83 ) (352 -1317.801147 83 ) (352 -1317.801147 64 ) 
4 655 676 (352 -1317.801147 -120 ) (352 -1327.989990 -120 ) (352 -1327.989990 58 ) (352 -1317.801147 58 ) 
4 655 673 (352 -1317.801147 64 ) (352 -1317.801147 83 ) (352 -1191.989990 83 ) (352 -1191.989990 64 ) 
4 655 674 (352 -1191.989990 -120 ) (352 -1317.801147 -120 ) (352 -1317.801147 58 ) (352 -1191.989990 58 ) 
4 655 666 (352 -1191.989990 0 ) (352 -1191.989990 58 ) (352 -1183.989990 58 ) (352 -1183.989990 0 ) 
4 655 665 (352 -1191.989990 64 ) (352 -1191.989990 83 ) (352 -1183.989990 83 ) (352 -1183.989990 64 ) 
4 655 667 (352 -1183.989990 -120 ) (352 -1191.989990 -120 ) (352 -1191.989990 0 ) (352 -1183.989990 0 ) 
4 655 662 (352 -1024 83 ) (352 -1024 64 ) (352 -1183.989990 64 ) (352 -1183.989990 83 ) 
4 655 663 (352 -1024 58 ) (352 -1024 -120 ) (352 -1183.989990 -120 ) (352 -1183.989990 58 ) 
4 656 893 (0 -1024 631.854980 ) (0 -1024 224 ) (0 -1183.989990 224 ) (0 -1183.989990 631.854980 ) 
4 656 668 (88 -1183.989990 631.854980 ) (0 -1183.989990 631.854980 ) (0 -1183.989990 224 ) (88 -1183.989990 224 ) 
4 656 665 (352 -1183.989990 224 ) (352 -1183.989990 240 ) (96 -1183.989990 240 ) (96 -1183.989990 224 ) 
4 656 664 (352 -1183.989990 240 ) (352 -1183.989990 631.854980 ) (88 -1183.989990 631.854980 ) (88 -1183.989990 240 ) 
4 656 657 (352 -1183.989990 224 ) (96 -1183.989990 224 ) (96 -1024 224 ) (352 -1024 224 ) 
4 656 659 (88 -1183.989990 224 ) (0 -1183.989990 224 ) (0 -1024 224 ) (88 -1024 224 ) 
4 657 665 (352 -1183.989990 176 ) (352 -1183.989990 224 ) (96 -1183.989990 224 ) (96 -1183.989990 176 ) 
4 657 660 (352 -1183.989990 176 ) (96 -1183.989990 176 ) (96 -1024 176 ) (352 -1024 176 ) 
4 657 658 (96 -1024 176 ) (96 -1183.989990 176 ) (96 -1183.989990 216 ) (96 -1024 216 ) 
4 658 659 (88 -1024 176 ) (88 -1183.989990 176 ) (88 -1183.989990 216 ) (88 -1024 216 ) 
4 659 896 (0 -1024 216 ) (0 -1024 176 ) (0 -1183.989990 176 ) (0 -1183.989990 216 ) 
4 659 893 (0 -1024 224 ) (0 -1024 216 ) (0 -1183.989990 216 ) (0 -1183.989990 224 ) 
4 659 669 (0 -1183.989990 216 ) (0 -1183.989990 176 ) (88 -1183.989990 176 ) (88 -1183.989990 216 ) 
4 659 661 (88 -1183.989990 176 ) (0 -1183.989990 176 ) (0 -1024 176 ) (88 -1024 176 ) 
4 660 665 (352 -1183.989990 168 ) (352 -1183.989990 176 ) (96 -1183.989990 176 ) (96 -1183.989990 168 ) 
4 660 662 (352 -1183.989990 168 ) (96 -1183.989990 168 ) (96 -1024 168 ) (352 -1024 168 ) 
4 661 896 (0 -1024 176 ) (0 -1024 168 ) (0 -1183.989990 168 ) (0 -1183.989990 176 ) 
4 661 662 (88 -1183.989990 168 ) (0 -1183.989990 168 ) (0 -1024 168 ) (88 -1024 168 ) 
4 662 896 (0 -1024 168 ) (0 -1024 64 ) (0 -1183.989990 64 ) (0 -1183.989990 168 ) 
4 662 670 (88 -1183.989990 168 ) (0 -1183.989990 168 ) (0 -1183.989990 64 ) (88 -1183.989990 64 ) 
4 662 665 (352 -1183.989990 64 ) (352 -1183.989990 168 ) (96 -1183.989990 168 ) (96 -1183.989990 64 ) 
4 663 900 (0 -1024 58 ) (0 -1024 -120 ) (0 -1183.989990 -120 ) (0 -1183.989990 58 ) 
4 663 671 (0 -1183.989990 -120 ) (88 -1183.989990 -120 ) (88 -1183.989990 58 ) (0 -1183.989990 58 ) 
4 663 666 (352 -1183.989990 0 ) (352 -1183.989990 58 ) (96 -1183.989990 58 ) (96 -1183.989990 0 ) 
4 663 667 (88 -1183.989990 -120 ) (352 -1183.989990 -120 ) (352 -1183.989990 0 ) (88 -1183.989990 0 ) 
4 664 672 (352 -1191.989990 240 ) (352 -1191.989990 631.854980 ) (88 -1191.989990 631.854980 ) (88 -1191.989990 240 ) 
4 664 668 (88 -1191.989990 240 ) (88 -1191.989990 631.854980 ) (88 -1183.989990 631.854980 ) (88 -1183.989990 240 ) 
4 664 665 (352 -1191.989990 240 ) (96 -1191.989990 240 ) (96 -1183.989990 240 ) (352 -1183.989990 240 ) 
4 665 673 (352 -1191.989990 64 ) (352 -1191.989990 96 ) (96 -1191.989990 96 ) (96 -1191.989990 64 ) 
4 665 672 (352 -1191.989990 96 ) (352 -1191.989990 240 ) (96 -1191.989990 240 ) (96 -1191.989990 96 ) 
4 666 674 (352 -1191.989990 0 ) (352 -1191.989990 58 ) (96 -1191.989990 58 ) (96 -1191.989990 0 ) 
4 666 667 (352 -1191.989990 0 ) (96 -1191.989990 0 ) (96 -1183.989990 0 ) (352 -1183.989990 0 ) 
4 667 674 (88 -1191.989990 -120 ) (352 -1191.989990 -120 ) (352 -1191.989990 0 ) (88 -1191.989990 0 ) 
4 667 671 (88 -1191.989990 -120 ) (88 -1191.989990 0 ) (88 -1183.989990 0 ) (88 -1183.989990 -120 ) 
4 668 903 (0 -1183.989990 240 ) (0 -1183.989990 224 ) (0 -1191.989990 224 ) (0 -1191.989990 240 ) 
4 668 902 (0 -1191.989990 631.854980 ) (0 -1183.989990 631.854980 ) (0 -1183.989990 240 ) (0 -1191.989990 240 ) 
4 668 672 (88 -1191.989990 224 ) (88 -1191.989990 631.854980 ) (0 -1191.989990 631.854980 ) (0 -1191.989990 224 ) 
4 669 904 (0 -1183.989990 216 ) (0 -1183.989990 176 ) (0 -1191.989990 176 ) (0 -1191.989990 216 ) 
4 669 672 (88 -1191.989990 176 ) (88 -1191.989990 216 ) (0 -1191.989990 216 ) (0 -1191.989990 176 ) 
4 670 905 (0 -1183.989990 168 ) (0 -1183.989990 64 ) (0 -1191.989990 64 ) (0 -1191.989990 168 ) 
4 670 686 (5.606422 -1191.989990 96 ) (0 -1191.989990 96 ) (0 -1191.989990 64 ) (5.606423 -1191.989990 64 ) 
4 670 673 (88 -1191.989990 64 ) (88 -1191.989990 96 ) (5.606422 -1191.989990 96 ) (5.606423 -1191.989990 64 ) 
4 670 672 (88 -1191.989990 96 ) (88 -1191.989990 168 ) (0 -1191.989990 168 ) (0 -1191.989990 96 ) 
4 671 906 (0 -1183.989990 58 ) (0 -1183.989990 -120 ) (0 -1191.989990 -120 ) (0 -1191.989990 58 ) 
4 671 687 (0 -1191.989990 -120 ) (5.606423 -1191.989990 -120 ) (5.606422 -1191.989990 58 ) (0 -1191.989990 58 ) 
4 671 674 (5.606423 -1191.989990 -120 ) (88 -1191.989990 -120 ) (88 -1191.989990 58 ) (5.606422 -1191.989990 58 ) 
4 672 910 (0 -2048 96 ) (0 -2048 240 ) (0 -1191.989990 240 ) (0 -1191.989990 96 ) 
4 672 902 (0 -2048 240 ) (0 -2048 631.854980 ) (0 -1191.989990 631.854980 ) (0 -1191.989990 240 ) 
4 672 699 (0 -2048 631.854980 ) (0 -2048 96 ) (352 -2048 96 ) (352 -2048 631.854980 ) 
3 672 689 (327.001099 -1308.721558 96 ) (336 -1311.989624 96 ) (324.262482 -1316.258789 96 ) 
3 672 688 (310.844421 -1302.853394 96 ) (327.001099 -1308.721558 96 ) (320.001007 -1327.987305 96 ) 
5 672 686 (0 -1191.989990 96 ) (5.606426 -1191.989990 96 ) (310.844421 -1302.853394 96 ) (324.281006 -1339.735474 96 ) (0 -1221.431274 96 ) 
3 672 683 (0 -1343.989990 96 ) (0 -1221.431274 96 ) (335.942810 -1343.989990 96 ) 
4 672 685 (335.950500 -1343.992798 96 ) (0 -1465.840576 96 ) (0 -1343.989990 96 ) (335.942810 -1343.989990 96 ) 
3 672 680 (347.730927 -1339.720093 96 ) (346.176941 -1343.989990 96 ) (335.958252 -1343.989990 96 ) 
5 672 682 (346.176941 -1343.989990 96 ) (89.959381 -2048 96 ) (0 -2048 96 ) (0 -1465.840576 96 ) (335.958252 -1343.989990 96 ) 
3 672 677 (352 -1327.989990 96 ) (352 -1343.989990 96 ) (346.176941 -1343.989990 96 ) 
4 672 679 (352 -1343.989990 96 ) (352 -2048 96 ) (89.959381 -2048 96 ) (346.176941 -1343.989990 96 ) 
3 672 675 (347.719727 -1316.246582 96 ) (352 -1317.801147 96 ) (352 -1327.989990 96 ) 
3 672 673 (5.606426 -1191.989990 96 ) (352 -1191.989990 96 ) (352 -1317.801147 96 ) 
4 673 689 (336 -1311.989380 96 ) (327.001221 -1308.721069 96 ) (327.001221 -1308.721069 64 ) (336 -1311.989380 64 ) 
4 673 688 (327.001221 -1308.721069 96 ) (310.844208 -1302.852783 96 ) (310.843872 -1302.852661 64 ) (327.001221 -1308.721069 64 ) 
4 673 686 (310.844208 -1302.852783 96 ) (5.609375 -1191.989990 96 ) (5.609375 -1191.989990 64 ) (310.843872 -1302.852661 64 ) 
4 673 675 (352 -1317.800781 64 ) (352 -1317.800781 96 ) (347.719574 -1316.246094 96 ) (347.719604 -1316.246094 64 ) 
4 674 691 (336 -1311.989502 58 ) (327.001221 -1308.721069 58 ) (327.001221 -1308.721069 -120 ) (336 -1311.989746 -120 ) 
4 674 690 (327.001221 -1308.721069 58 ) (310.843811 -1302.852661 58 ) (310.841919 -1302.851929 -120 ) (327.001221 -1308.721069 -120 ) 
4 674 687 (310.843811 -1302.852661 58 ) (5.609375 -1191.989990 58 ) (5.609375 -1191.989990 -120 ) (310.841919 -1302.851929 -120 ) 
4 674 676 (352 -1317.800781 -120 ) (352 -1317.800781 58 ) (347.719574 -1316.246094 58 ) (347.719604 -1316.246094 -120 ) 
4 677 680 (346.177765 -1343.989990 96 ) (347.731873 -1339.719727 96 ) (347.732361 -1339.718384 64 ) (346.177765 -1343.989990 64 ) 
4 677 679 (346.177734 -1343.989990 96 ) (346.177734 -1343.989990 64 ) (352 -1343.989990 64 ) (352 -1343.989990 96 ) 
4 678 681 (347.735138 -1339.710693 -120 ) (346.177765 -1343.989990 -120 ) (346.177765 -1343.989990 58 ) (347.732483 -1339.718140 58 ) 
4 678 679 (346.177734 -1343.989990 58 ) (346.177734 -1343.989990 -120 ) (352 -1343.989990 -120 ) (352 -1343.989990 58 ) 
4 679 699 (89.959381 -2048 -120 ) (352 -2048 -120 ) (352 -2048 96 ) (89.959381 -2048 96 ) 
4 679 682 (89.960091 -2048 96 ) (346.177765 -1343.989990 96 ) (346.177765 -1343.989990 -120 ) (89.960144 -2048 -120 ) 
4 680 682 (335.952942 -1343.989990 96 ) (335.949768 -1343.989990 64 ) (346.176392 -1343.989990 64 ) (346.176392 -1343.989990 96 ) 
4 681 682 (335.949158 -1343.989990 58 ) (335.931366 -1343.989990 -120 ) (346.176392 -1343.989990 -120 ) (346.176392 -1343.989990 58 ) 
4 682 927 (0 -2048 -120 ) (0 -2048 96 ) (0 -1465.840576 96 ) (0 -1465.832764 -120 ) 
4 682 699 (0 -2048 96 ) (0 -2048 -120 ) (89.959381 -2048 -120 ) (89.959381 -2048 96 ) 
4 682 685 (335.933319 -1343.989990 -120 ) (0 -1465.831543 -120 ) (0 -1465.839355 96 ) (335.954926 -1343.989990 96 ) 
4 683 911 (0 -1343.989990 96 ) (0 -1221.431274 96 ) (0 -1221.430786 64 ) (0 -1343.989990 64 ) 
4 683 686 (324.280273 -1339.734253 64 ) (0 -1221.430176 64 ) (0 -1221.430664 96 ) (324.280853 -1339.734985 96 ) 
4 683 685 (335.938324 -1343.989990 64 ) (335.936768 -1343.989990 96 ) (0 -1343.989990 96 ) (0 -1343.989990 64 ) 
4 684 912 (0 -1221.430664 58 ) (0 -1221.427490 -120 ) (0 -1343.989990 -120 ) (0 -1343.989990 58 ) 
4 684 687 (324.276917 -1339.729736 -120 ) (0 -1221.426880 -120 ) (0 -1221.430054 58 ) (324.280182 -1339.734131 58 ) 
5 684 685 (0 -1343.989990 -120 ) (335.936554 -1343.989990 -120 ) (335.943726 -1343.989990 -48.308594 ) (335.938599 -1343.989990 58 ) (0 -1343.989990 58 ) 
4 685 927 (0 -1465.840576 96 ) (0 -1343.989990 96 ) (0 -1343.989990 -120 ) (0 -1465.832764 -120 ) 
4 686 911 (0 -1221.431274 96 ) (0 -1191.989990 96 ) (0 -1191.989990 64 ) (0 -1221.430786 64 ) 
4 686 688 (320 -1327.988525 64 ) (310.843567 -1302.853394 64 ) (310.843903 -1302.853516 96 ) (320 -1327.988159 96 ) 
4 687 912 (0 -1191.989990 58 ) (0 -1191.989990 -120 ) (0 -1221.427490 -120 ) (0 -1221.430664 58 ) 
4 687 690 (320 -1327.990967 -120 ) (310.841614 -1302.852661 -120 ) (310.843506 -1302.853394 58 ) (320 -1327.988647 58 ) 
4 688 689 (324.263367 -1316.258423 64 ) (327.001740 -1308.721802 64 ) (327.001740 -1308.721802 96 ) (324.263367 -1316.258423 96 ) 
4 690 691 (327.001312 -1308.721680 -120 ) (327.001312 -1308.721680 58 ) (324.262970 -1316.258667 58 ) (324.262726 -1316.259399 -120 ) 
4 692 929 (0 -2048 -247.855011 ) (0 -2048 -166 ) (0 -1024 -166 ) (0 -1024 -247.855011 ) 
4 692 700 (0 -2048 -166 ) (0 -2048 -247.855011 ) (1024 -2048 -247.855011 ) (1024 -2048 -166 ) 
4 693 696 (2048 -2048 631.854980 ) (2048 -2048 -120 ) (2048 -2432 -120 ) (2048 -2432 631.854980 ) 
4 693 695 (3072 -2432 -120 ) (3072 -2432 631.854980 ) (2048 -2432 631.854980 ) (2048 -2432 -120 ) 
4 694 697 (2048 -2048 -166 ) (2048 -2048 -247.855011 ) (2048 -2432 -247.855011 ) (2048 -2432 -166 ) 
4 694 695 (2048 -2432 -247.855011 ) (3072 -2432 -247.855011 ) (3072 -2432 -166 ) (2048 -2432 -166 ) 
4 695 698 (2048 -2432 -247.855011 ) (2048 -2555.159912 -247.855011 ) (2048 -2555.159912 631.854980 ) (2048 -2432 631.854980 ) 
4 696 699 (1024 -2048 631.854980 ) (1024 -2048 -120 ) (1024 -2432 -120 ) (1024 -2432 631.854980 ) 
4 696 698 (2048 -2432 -120 ) (2048 -2432 631.854980 ) (1024 -2432 631.854980 ) (1024 -2432 -120 ) 
4 697 700 (1024 -2048 -166 ) (1024 -2048 -247.855011 ) (1024 -2432 -247.855011 ) (1024 -2432 -166 ) 
4 697 698 (1024 -2432 -247.855011 ) (2048 -2432 -247.855011 ) (2048 -2432 -166 ) (1024 -2432 -166 ) 
4 698 701 (1024 -2432 -247.855011 ) (1024 -2555.159912 -247.855011 ) (1024 -2555.159912 631.854980 ) (1024 -2432 631.854980 ) 
4 699 934 (0 -2432 631.854980 ) (0 -2048 631.854980 ) (0 -2048 -120 ) (0 -2432 -120 ) 
4 699 701 (1024 -2432 -120 ) (1024 -2432 631.854980 ) (0 -2432 631.854980 ) (0 -2432 -120 ) 
4 700 935 (0 -2048 -166 ) (0 -2048 -247.855011 ) (0 -2432 -247.855011 ) (0 -2432 -166 ) 
4 700 701 (0 -2432 -247.855011 ) (1024 -2432 -247.855011 ) (1024 -2432 -166 ) (0 -2432 -166 ) 
4 701 936 (0 -2555.159912 631.854980 ) (0 -2432 631.854980 ) (0 -2432 -247.855011 ) (0 -2555.159912 -247.855011 ) 
4 702 705 (-1024 4736 631.854980 ) (-1024 4859.160156 631.854980 ) (-1024 4859.160156 -247.855011 ) (-1024 4736 -247.855011 ) 
4 702 703 (0 4736 -120 ) (0 4736 631.854980 ) (-1024 4736 631.854980 ) (-1024 4736 -120 ) 
4 702 704 (-1024 4736 -247.855011 ) (0 4736 -247.855011 ) (0 4736 -166 ) (-1024 4736 -166 ) 
4 703 711 (0 4096 -120 ) (0 4096 631.854980 ) (-1024 4096 631.854980 ) (-1024 4096 -120 ) 
4 703 706 (-1024 4096 -120 ) (-1024 4096 631.854980 ) (-1024 4736 631.854980 ) (-1024 4736 -120 ) 
4 704 712 (0 4096 -247.855011 ) (0 4096 -166 ) (-1024 4096 -166 ) (-1024 4096 -247.855011 ) 
4 704 707 (-1024 4096 -247.855011 ) (-1024 4096 -166 ) (-1024 4736 -166 ) (-1024 4736 -247.855011 ) 
4 705 708 (-2048 4736 631.854980 ) (-2048 4859.160156 631.854980 ) (-2048 4859.160156 -247.855011 ) (-2048 4736 -247.855011 ) 
4 705 706 (-1024 4736 -120 ) (-1024 4736 631.854980 ) (-2048 4736 631.854980 ) (-2048 4736 -120 ) 
4 705 707 (-2048 4736 -247.855011 ) (-1024 4736 -247.855011 ) (-1024 4736 -166 ) (-2048 4736 -166 ) 
4 706 713 (-1024 4096 -120 ) (-1024 4096 631.854980 ) (-2048 4096 631.854980 ) (-2048 4096 -120 ) 
4 706 709 (-2048 4096 -120 ) (-2048 4096 631.854980 ) (-2048 4736 631.854980 ) (-2048 4736 -120 ) 
4 707 714 (-1024 4096 -247.855011 ) (-1024 4096 -166 ) (-2048 4096 -166 ) (-2048 4096 -247.855011 ) 
4 707 710 (-2048 4096 -247.855011 ) (-2048 4096 -166 ) (-2048 4736 -166 ) (-2048 4736 -247.855011 ) 
4 708 785 (-3072 4736 631.854980 ) (-3072 4859.160156 631.854980 ) (-3072 4859.160156 -247.855011 ) (-3072 4736 -247.855011 ) 
4 708 709 (-2048 4736 -120 ) (-2048 4736 631.854980 ) (-3072 4736 631.854980 ) (-3072 4736 -120 ) 
4 708 710 (-3072 4736 -247.855011 ) (-2048 4736 -247.855011 ) (-2048 4736 -166 ) (-3072 4736 -166 ) 
4 709 786 (-3072 4096 -120 ) (-3072 4096 631.854980 ) (-3072 4736 631.854980 ) (-3072 4736 -120 ) 
4 709 715 (-2048 4096 -120 ) (-2048 4096 631.854980 ) (-3072 4096 631.854980 ) (-3072 4096 -120 ) 
4 710 787 (-3072 4096 -247.855011 ) (-3072 4096 -166 ) (-3072 4736 -166 ) (-3072 4736 -247.855011 ) 
4 710 716 (-2048 4096 -247.855011 ) (-2048 4096 -166 ) (-3072 4096 -166 ) (-3072 4096 -247.855011 ) 
4 711 717 (0 3072 -120 ) (0 3072 631.854980 ) (-1024 3072 631.854980 ) (-1024 3072 -120 ) 
4 711 713 (-1024 3072 -120 ) (-1024 3072 631.854980 ) (-1024 4096 631.854980 ) (-1024 4096 -120 ) 
4 712 718 (0 3072 -247.855011 ) (0 3072 -166 ) (-1024 3072 -166 ) (-1024 3072 -247.855011 ) 
4 712 714 (-1024 3072 -247.855011 ) (-1024 3072 -166 ) (-1024 4096 -166 ) (-1024 4096 -247.855011 ) 
4 713 776 (-1024 3072 -120 ) (-1024 3072 631.854980 ) (-2048 3072 631.854980 ) (-2048 3072 -120 ) 
4 713 715 (-2048 4096 631.854980 ) (-2048 4096 -120 ) (-2048 3072 -120 ) (-2048 3072 631.854980 ) 
4 714 777 (-1024 3072 -247.855011 ) (-1024 3072 -166 ) (-2048 3072 -166 ) (-2048 3072 -247.855011 ) 
4 714 716 (-2048 4096 -166 ) (-2048 4096 -247.855011 ) (-2048 3072 -247.855011 ) (-2048 3072 -166 ) 
4 715 792 (-3072 3072 -120 ) (-3072 3072 631.854980 ) (-3072 4096 631.854980 ) (-3072 4096 -120 ) 
4 715 779 (-3072 3072 631.854980 ) (-3072 3072 -120 ) (-2048 3072 -120 ) (-2048 3072 631.854980 ) 
4 716 793 (-3072 3072 -247.855011 ) (-3072 3072 -166 ) (-3072 4096 -166 ) (-3072 4096 -247.855011 ) 
4 716 780 (-3072 3072 -166 ) (-3072 3072 -247.855011 ) (-2048 3072 -247.855011 ) (-2048 3072 -166 ) 
4 717 776 (-1024 3072 631.854980 ) (-1024 3072 -120 ) (-1024 2048 -120 ) (-1024 2048 631.854980 ) 
4 717 745 (-1007.334839 2048 71.750000 ) (-1024 2048 71.750000 ) (-1024 2048 -110.250000 ) (-1007.332886 2048 -110.250000 ) 
4 717 752 (-1024 2048 -110.250000 ) (-1024 2048 -113.250000 ) (-1007.332825 2048 -113.250000 ) (-1007.332886 2048 -110.250000 ) 
4 717 737 (-671 2048 71.750000 ) (-1007.334839 2048 71.750000 ) (-1007.332825 2048 -113.250000 ) (-671 2048 -113.250000 ) 
4 717 753 (-1024 2048 -113.250000 ) (-1024 2048 -120 ) (-671 2048 -120 ) (-671 2048 -113.250000 ) 
4 717 735 (-665 2048 71.750000 ) (-671 2048 71.750000 ) (-671 2048 -120 ) (-665 2048 -120 ) 
4 717 727 (0 2048 -120 ) (0 2048 71.750000 ) (-665 2048 71.750000 ) (-665 2048 -120 ) 
4 717 725 (-665 2048 76.750000 ) (-883 2048 76.750000 ) (-883 2048 71.750000 ) (-665 2048 71.750000 ) 
4 717 724 (0 2048 71.750000 ) (0 2048 76.750000 ) (-665 2048 76.750000 ) (-665 2048 71.750000 ) 
4 717 726 (-883 2048 76.750000 ) (-1024 2048 76.750000 ) (-1024 2048 71.750000 ) (-883 2048 71.750000 ) 
4 717 723 (0 2048 76.750000 ) (0 2048 631.854980 ) (-1024 2048 631.854980 ) (-1024 2048 76.750000 ) 
4 718 777 (-1024 3072 -166 ) (-1024 3072 -247.855011 ) (-1024 2048 -247.855011 ) (-1024 2048 -166 ) 
4 718 754 (-665 2048 -166 ) (-1024 2048 -166 ) (-1024 2048 -247.855011 ) (-665 2048 -247.855011 ) 
4 718 728 (0 2048 -247.855011 ) (0 2048 -166 ) (-665 2048 -166 ) (-665 2048 -247.855011 ) 
4 719 721 (-616 2747 -502 ) (-616 2197 -502 ) (-616 2197 -423 ) (-616 2747 -423 ) 
4 719 720 (-616 2197 -423 ) (-616 2197 -359 ) (-616 2747 -359 ) (-616 2747 -423 ) 
4 720 722 (-661 2197 -359 ) (-661 2747 -359 ) (-661 2747 -423 ) (-661 2197 -423 ) 
4 720 721 (-661 2197 -423 ) (-661 2747 -423 ) (-616 2747 -423 ) (-616 2197 -423 ) 
4 721 722 (-661 2747 -502 ) (-661 2197 -502 ) (-661 2197 -423 ) (-661 2747 -423 ) 
4 722 778 (-1024 2747 -502 ) (-1024 2197 -502 ) (-1024 2197 -359 ) (-1024 2747 -359 ) 
4 723 781 (-1024 1575.010132 76.750000 ) (-1024 1575.010132 631.854980 ) (-1024 2048 631.854980 ) (-1024 2048 76.750000 ) 
4 723 767 (-883 1575.010132 76.750000 ) (-817 1575.010132 76.750000 ) (-817 1575.010132 80 ) (-883 1575.010132 80 ) 
4 723 766 (-817 1575.010132 76.750000 ) (-792 1575.010132 76.750000 ) (-792 1575.010132 80 ) (-817 1575.010132 80 ) 
4 723 769 (-1024 1575.010132 80 ) (-1024 1575.010132 76.750000 ) (-883 1575.010132 76.750000 ) (-883 1575.010132 80 ) 
4 723 756 (-792 1575.010132 76.750000 ) (0 1575.010132 76.750000 ) (0 1575.010132 80 ) (-792 1575.010132 80 ) 
4 723 755 (-1024 1575.010132 631.854980 ) (-1024 1575.010132 80 ) (0 1575.010132 80 ) (0 1575.010132 631.854980 ) 
4 723 725 (-883 1642.010132 76.750000 ) (-883 2048 76.750000 ) (-665 2048 76.750000 ) (-665 1642.010132 76.750000 ) 
4 723 724 (0 1575.010132 76.750000 ) (-665 1575.010132 76.750000 ) (-665 2048 76.750000 ) (0 2048 76.750000 ) 
4 723 726 (-883 1575.010132 76.750000 ) (-1024 1575.010132 76.750000 ) (-1024 2048 76.750000 ) (-883 2048 76.750000 ) 
4 724 756 (-665 1575.010132 71.750000 ) (0 1575.010132 71.750000 ) (0 1575.010132 76.750000 ) (-665 1575.010132 76.750000 ) 
4 724 730 (-645 1575.010132 71.750000 ) (-655 1575.010132 71.750000 ) (-655 1626.010132 71.750000 ) (-645 1626.010132 71.750000 ) 
4 724 729 (0 1575.010132 71.750000 ) (-645 1575.010132 71.750000 ) (-645 1626.010132 71.750000 ) (0 1626.010132 71.750000 ) 
4 724 727 (-665 1626.010132 71.750000 ) (-665 2048 71.750000 ) (0 2048 71.750000 ) (0 1626.010132 71.750000 ) 
4 724 725 (-665 2048 71.750000 ) (-665 1642.010132 71.750000 ) (-665 1642.010132 76.750000 ) (-665 2048 76.750000 ) 
3 725 746 (-860.036255 1643.334961 71.750000 ) (-859.554016 1642.010132 71.750000 ) (-860.513672 1642.010132 71.750000 ) 
4 725 745 (-883 1642.010132 71.750000 ) (-883 1706.421875 71.750000 ) (-860.036255 1643.334961 71.750000 ) (-860.513672 1642.010132 71.750000 ) 
4 725 742 (-733.957397 1642.010132 71.750000 ) (-772.084839 1642.010132 71.750000 ) (-872.938477 1678.780396 71.750000 ) (-878.531677 1694.146240 71.750000 ) 
3 725 741 (-772.084839 1642.010132 71.750000 ) (-859.554016 1642.010132 71.750000 ) (-872.938477 1678.780396 71.750000 ) 
6 725 737 (-883 1706.421875 71.750000 ) (-883 2048 71.750000 ) (-671 2048 71.750000 ) (-671 1642.010132 71.750000 ) (-733.957397 1642.010132 71.750000 ) (-878.531677 1694.146240 71.750000 ) 
4 725 735 (-671 2048 71.750000 ) (-665 2048 71.750000 ) (-665 1642.010132 71.750000 ) (-671 1642.010132 71.750000 ) 
4 725 726 (-883 2048 71.750000 ) (-883 1642.010132 71.750000 ) (-883 1642.010132 76.750000 ) (-883 2048 76.750000 ) 
4 726 781 (-1024 1575.010132 71.750000 ) (-1024 1575.010132 76.750000 ) (-1024 2048 76.750000 ) (-1024 2048 71.750000 ) 
4 726 769 (-1024 1575.010132 76.750000 ) (-1024 1575.010132 71.750000 ) (-883 1575.010132 71.750000 ) (-883 1575.010132 76.750000 ) 
3 726 747 (-883 1575.010132 71.750000 ) (-884.656982 1575.010132 71.750000 ) (-883 1579.608398 71.750000 ) 
6 726 745 (-884.656982 1575.010132 71.750000 ) (-1024 1575.010132 71.750000 ) (-1024 2048 71.750000 ) (-1007.334839 2048 71.750000 ) (-883 1706.421875 71.750000 ) (-883 1579.608398 71.750000 ) 
3 726 737 (-1007.334839 2048 71.750000 ) (-883 2048 71.750000 ) (-883 1706.421875 71.750000 ) 
4 727 735 (-665 1626.010132 71.750000 ) (-665 2048 71.750000 ) (-665 2048 -120 ) (-665 1626.010132 -120 ) 
5 727 732 (-603 1626.010132 7 ) (0 1626.010132 7 ) (0 1626.010132 41.748001 ) (-625 1626.010132 41.748001 ) (-625 1626.010132 32 ) 
4 727 733 (-665 1626.010132 7 ) (-665 1626.010132 -120 ) (0 1626.010132 -120 ) (0 1626.010132 7 ) 
4 727 731 (-635 1626.010132 41.748001 ) (0 1626.010132 41.748001 ) (0 1626.010132 51.750000 ) (-635 1626.010132 51.750000 ) 
4 727 730 (-645 1626.010132 61.750000 ) (-645 1626.010132 71.750000 ) (-655 1626.010132 71.750000 ) (-655 1626.010132 61.750000 ) 
4 727 729 (-645 1626.010132 51.750000 ) (0 1626.010132 51.750000 ) (0 1626.010132 71.750000 ) (-645 1626.010132 71.750000 ) 
4 728 754 (-665 2048 -166 ) (-665 2048 -247.855011 ) (-665 1626.010132 -247.855011 ) (-665 1626.010132 -166 ) 
4 728 734 (-665 1626.010132 -166 ) (-665 1626.010132 -247.855011 ) (0 1626.010132 -247.855011 ) (0 1626.010132 -166 ) 
4 729 760 (0 1575.010132 51.750000 ) (0 1575.010132 64 ) (-645 1575.010132 64 ) (-645 1575.010132 51.750000 ) 
4 729 756 (0 1575.010132 64 ) (0 1575.010132 71.750000 ) (-645 1575.010132 71.750000 ) (-645 1575.010132 64 ) 
4 729 731 (0 1575.010132 51.750000 ) (-635 1575.010132 51.750000 ) (-635 1626.010132 51.750000 ) (0 1626.010132 51.750000 ) 
4 729 730 (-645 1626.010132 71.750000 ) (-645 1626.010132 61.750000 ) (-645 1575.010132 61.750000 ) (-645 1575.010132 71.750000 ) 
4 730 760 (-655 1575.010132 64 ) (-655 1575.010132 61.750000 ) (-645 1575.010132 61.750000 ) (-645 1575.010132 64 ) 
4 730 756 (-645 1575.010132 71.750000 ) (-655 1575.010132 71.750000 ) (-655 1575.010132 64 ) (-645 1575.010132 64 ) 
4 731 760 (0 1575.010132 41.748001 ) (0 1575.010132 51.750000 ) (-635 1575.010132 51.750000 ) (-635 1575.010132 41.748001 ) 
4 731 732 (0 1575.010132 41.748001 ) (-625 1575.010132 41.748001 ) (-625 1626.010132 41.748001 ) (0 1626.010132 41.748001 ) 
5 732 760 (0 1575.010132 7 ) (0 1575.010132 41.748001 ) (-625 1575.010132 41.748001 ) (-625 1575.010132 32 ) (-603 1575.010132 7 ) 
4 732 733 (0 1575.010132 7 ) (-603 1575.010132 7 ) (-603 1626.010132 7 ) (0 1626.010132 7 ) 
4 733 760 (0 1575.010132 -120 ) (0 1575.010132 7 ) (-663.780823 1575.010132 7 ) (-663.780823 1575.010132 -120 ) 
4 733 759 (-663.780823 1575.010132 7 ) (-665 1575.010132 7 ) (-665 1575.010132 -120 ) (-663.780823 1575.010132 -120 ) 
4 733 736 (-665 1575.010132 -120 ) (-665 1575.010132 6.750000 ) (-665 1626.010132 6.750000 ) (-665 1626.010132 -120 ) 
4 734 775 (0 1575.010132 -247.855011 ) (0 1575.010132 -166 ) (-665 1575.010132 -166 ) (-665 1575.010132 -247.855011 ) 
4 734 754 (-665 1575.010132 -247.855011 ) (-665 1575.010132 -166 ) (-665 1626.010132 -166 ) (-665 1626.010132 -247.855011 ) 
4 735 737 (-671 1626.010132 -113.250000 ) (-671 1626.010132 71.750000 ) (-671 2048 71.750000 ) (-671 2048 -113.250000 ) 
4 735 753 (-671 2048 -120 ) (-671 1626.010132 -120 ) (-671 1626.010132 -113.250000 ) (-671 2048 -113.250000 ) 
4 735 736 (-671 1626.010132 6.750000 ) (-671 1626.010132 -120 ) (-665 1626.010132 -120 ) (-665 1626.010132 6.750000 ) 
4 736 759 (-671 1575.010132 -120 ) (-665 1575.010132 -120 ) (-665 1575.010132 6.750000 ) (-671 1575.010132 6.750000 ) 
4 736 738 (-671 1575.010132 -113.250000 ) (-671 1575.010132 6.750000 ) (-671 1619.306641 6.750000 ) (-671 1619.306641 -113.250000 ) 
4 736 737 (-671 1619.306641 6.750000 ) (-671 1626.010132 6.750000 ) (-671 1626.010132 -113.250000 ) (-671 1619.306641 -113.250000 ) 
4 736 753 (-671 1626.010132 -120 ) (-671 1575.010132 -120 ) (-671 1575.010132 -113.250000 ) (-671 1626.010132 -113.250000 ) 
4 737 745 (-878.529175 1694.145386 -110.250000 ) (-878.530029 1694.145752 71.750000 ) (-1007.333435 2048 71.750000 ) (-1007.332031 2048 -110.250000 ) 
4 737 752 (-1007.332031 2048 -113.250000 ) (-878.529175 1694.145386 -113.250000 ) (-878.529175 1694.145386 -110.250000 ) (-1007.332031 2048 -110.250000 ) 
4 737 744 (-712.950378 1634.434692 -113.250000 ) (-709.003174 1633.011230 -113.250000 ) (-709.002563 1633.011108 71.750000 ) (-712.950317 1634.434814 71.750000 ) 
4 737 743 (-719.994873 1636.975098 -113.250000 ) (-712.950378 1634.434692 -113.250000 ) (-712.950317 1634.434814 71.750000 ) (-719.994995 1636.975220 71.750000 ) 
4 737 742 (-878.530212 1694.145874 71.750000 ) (-878.527893 1694.145020 -113.250000 ) (-719.994873 1636.975098 -113.250000 ) (-719.994995 1636.975220 71.750000 ) 
4 737 738 (-703.873108 1631.161255 -113.250000 ) (-671 1619.306641 -113.250000 ) (-671 1619.306641 71.750000 ) (-703.877625 1631.162964 71.750000 ) 
4 737 753 (-671 2048 -113.250000 ) (-671 1619.306519 -113.250000 ) (-878.529358 1694.145386 -113.250000 ) (-1007.332825 2048 -113.250000 ) 
4 738 759 (-683.455322 1575.010132 -113.250000 ) (-671 1575.010132 -113.250000 ) (-671 1575.010132 64 ) (-683.459106 1575.010132 64 ) 
4 738 756 (-671 1575.010132 64 ) (-671 1575.010132 71.750000 ) (-683.459290 1575.010132 71.750000 ) (-683.459106 1575.010132 64 ) 
4 738 740 (-702 1626.009888 -113.250000 ) (-700.571716 1622.081787 -113.250000 ) (-700.575195 1622.080566 71.750000 ) (-702.002014 1626.004517 71.750000 ) 
4 738 739 (-700.571716 1622.081787 -113.250000 ) (-683.455505 1575.010132 -113.250000 ) (-683.459412 1575.010132 71.750000 ) (-700.575195 1622.080566 71.750000 ) 
4 738 753 (-671 1619.306519 -113.250000 ) (-671 1575.010132 -113.250000 ) (-683.455322 1575.010132 -113.250000 ) (-703.873047 1631.161133 -113.250000 ) 
4 739 768 (-829.729187 1575.010132 -113.250000 ) (-817 1575.010132 -113.250000 ) (-817 1575.010132 71.750000 ) (-829.729065 1575.010132 71.750000 ) 
4 739 766 (-817 1575.010132 -113.250000 ) (-792 1575.010132 -113.250000 ) (-792 1575.010132 71.750000 ) (-817 1575.010132 71.750000 ) 
4 739 759 (-792 1575.010132 -113.250000 ) (-683.455322 1575.010132 -113.250000 ) (-683.459106 1575.010132 64 ) (-792 1575.010132 64 ) 
4 739 756 (-683.459106 1575.010132 64 ) (-683.459290 1575.010132 71.750000 ) (-792 1575.010132 71.750000 ) (-792 1575.010132 64 ) 
4 739 741 (-708.997375 1619.009033 -113.250000 ) (-829.725220 1575.010132 -113.250000 ) (-829.725342 1575.010132 71.750000 ) (-708.997375 1619.009033 71.750000 ) 
4 739 740 (-700.577515 1622.077637 71.750000 ) (-700.574036 1622.078857 -113.250000 ) (-703.869751 1620.877808 -113.250000 ) (-703.869934 1620.877686 71.750000 ) 
3 739 753 (-683.455322 1575.010132 -113.250000 ) (-829.729187 1575.010132 -113.250000 ) (-700.571594 1622.081787 -113.250000 ) 
3 740 753 (-702 1626.009888 -113.250000 ) (-700.571594 1622.081787 -113.250000 ) (-703.868958 1620.880005 -113.250000 ) 
4 741 768 (-835.163940 1575.010132 -113.250000 ) (-829.729187 1575.010132 -113.250000 ) (-829.729065 1575.010132 71.750000 ) (-835.165955 1575.010132 71.750000 ) 
4 741 749 (-854.871338 1629.149414 71.750000 ) (-856.073120 1632.451050 71.750000 ) (-856.072388 1632.450806 -110.250000 ) (-854.870789 1629.149658 -110.250000 ) 
4 741 748 (-848.991882 1612.997192 71.750000 ) (-853 1624.006592 71.750000 ) (-853 1624.010132 -110.250000 ) (-848.990967 1612.996216 -110.250000 ) 
4 741 747 (-835.164063 1575.010132 -110.250000 ) (-835.164551 1575.010132 71.750000 ) (-848.991882 1612.997192 71.750000 ) (-848.990967 1612.996216 -110.250000 ) 
4 741 746 (-856.073120 1632.451050 71.750000 ) (-860.035583 1643.336914 71.750000 ) (-860.035278 1643.337891 -110.250000 ) (-856.072388 1632.450806 -110.250000 ) 
4 741 745 (-860.035583 1643.336914 71.750000 ) (-872.936829 1678.779785 71.750000 ) (-872.936035 1678.779663 -110.250000 ) (-860.035278 1643.337891 -110.250000 ) 
4 741 752 (-872.936035 1678.779663 -113.250000 ) (-835.164063 1575.010132 -113.250000 ) (-835.164063 1575.010132 -110.250000 ) (-872.936035 1678.779663 -110.250000 ) 
4 741 742 (-714.131958 1620.882690 -113.250000 ) (-872.936829 1678.781372 -113.250000 ) (-872.939148 1678.782227 71.750000 ) (-714.131958 1620.882690 71.750000 ) 
4 741 753 (-829.729187 1575.010132 -113.250000 ) (-835.163940 1575.010132 -113.250000 ) (-872.936218 1678.779663 -113.250000 ) (-709 1619.010010 -113.250000 ) 
4 742 745 (-872.936035 1678.779663 -110.250000 ) (-872.936829 1678.779785 71.750000 ) (-878.530029 1694.145752 71.750000 ) (-878.529175 1694.145386 -110.250000 ) 
4 742 752 (-878.529175 1694.145386 -113.250000 ) (-872.936035 1678.779663 -113.250000 ) (-872.936035 1678.779663 -110.250000 ) (-878.529175 1694.145386 -110.250000 ) 
4 742 743 (-716 1626.008911 -113.250000 ) (-719.995300 1636.974121 -113.250000 ) (-719.995300 1636.974121 71.750000 ) (-716 1626.008911 71.750000 ) 
4 742 753 (-872.936218 1678.779663 -113.250000 ) (-878.529358 1694.145386 -113.250000 ) (-719.994873 1636.974976 -113.250000 ) (-714.131348 1620.880859 -113.250000 ) 
4 743 744 (-714.143372 1631.141602 -113.250000 ) (-712.951233 1634.434937 -113.250000 ) (-712.951233 1634.434937 71.750000 ) (-714.143555 1631.141113 71.750000 ) 
3 743 753 (-719.994873 1636.974976 -113.250000 ) (-712.950378 1634.434570 -113.250000 ) (-716 1626.010010 -113.250000 ) 
3 744 753 (-712.950378 1634.434570 -113.250000 ) (-709.003479 1633.011230 -113.250000 ) (-714.142212 1631.142090 -113.250000 ) 
4 745 781 (-1024 1575.010132 -110.250000 ) (-1024 1575.010132 71.750000 ) (-1024 2048 71.750000 ) (-1024 2048 -110.250000 ) 
4 745 769 (-1024 1575.010132 71.750000 ) (-1024 1575.010132 -110.250000 ) (-884.656921 1575.010132 -110.250000 ) (-884.656921 1575.010132 71.750000 ) 
4 745 751 (-868.416321 1620.078491 -110.250000 ) (-867 1624.009521 -110.250000 ) (-867 1624.009644 71.750000 ) (-868.416260 1620.078979 71.750000 ) 
4 745 747 (-884.656250 1575.010132 -110.250000 ) (-868.416321 1620.078491 -110.250000 ) (-868.416260 1620.078979 71.750000 ) (-884.656677 1575.010132 71.750000 ) 
4 745 746 (-865.154907 1629.129395 -110.250000 ) (-860.037109 1643.332031 -110.250000 ) (-860.038086 1643.329346 71.750000 ) (-865.154785 1629.130005 71.750000 ) 
5 745 752 (-1007.334229 2048 -110.250000 ) (-860.036255 1643.334961 -110.250000 ) (-884.656860 1575.010132 -110.250000 ) (-1024 1575.010132 -110.250000 ) (-1024 2048 -110.250000 ) 
4 746 749 (-860.003540 1631.011353 -110.250000 ) (-856.071838 1632.449097 -110.250000 ) (-856.073792 1632.449097 71.750000 ) (-860.005066 1631.011475 71.750000 ) 
3 746 752 (-860.036255 1643.334961 -110.250000 ) (-856.074158 1632.449951 -110.250000 ) (-865.155273 1629.129150 -110.250000 ) 
4 747 768 (-883 1575.010132 -110.250000 ) (-835.164001 1575.010132 -110.250000 ) (-835.165955 1575.010132 71.750000 ) (-883 1575.010132 71.750000 ) 
4 747 769 (-884.656921 1575.010132 -110.250000 ) (-883 1575.010132 -110.250000 ) (-883 1575.010132 71.750000 ) (-884.656921 1575.010132 71.750000 ) 
4 747 751 (-865.126892 1618.879639 -110.250000 ) (-868.417236 1620.079102 -110.250000 ) (-868.416992 1620.079712 71.750000 ) (-865.127197 1618.880493 71.750000 ) 
4 747 750 (-856.077515 1615.580811 -110.250000 ) (-860 1617.010376 -110.250000 ) (-859.997986 1617.010742 71.750000 ) (-856.075562 1615.580933 71.750000 ) 
4 747 748 (-848.994751 1613 71.750000 ) (-848.992188 1612.998047 -110.250000 ) (-856.077515 1615.580811 -110.250000 ) (-856.075562 1615.580933 71.750000 ) 
4 747 752 (-848.993286 1612.997070 -110.250000 ) (-835.166016 1575.010132 -110.250000 ) (-884.656860 1575.010132 -110.250000 ) (-868.416565 1620.078613 -110.250000 ) 
4 748 750 (-854.874695 1618.879028 -110.250000 ) (-856.078369 1615.582031 -110.250000 ) (-856.076416 1615.582031 71.750000 ) (-854.872375 1618.879883 71.750000 ) 
3 748 752 (-853.001038 1624.007324 -110.250000 ) (-848.993286 1612.997070 -110.250000 ) (-856.077820 1615.580078 -110.250000 ) 
3 749 752 (-856.074158 1632.449951 -110.250000 ) (-854.873108 1629.150391 -110.250000 ) (-860.005920 1631.012207 -110.250000 ) 
3 750 752 (-854.873169 1618.879639 -110.250000 ) (-856.077820 1615.580078 -110.250000 ) (-860 1617.010010 -110.250000 ) 
3 751 752 (-865.126709 1618.879150 -110.250000 ) (-868.416565 1620.078613 -110.250000 ) (-867 1624.009888 -110.250000 ) 
4 752 781 (-1024 1575.010132 -113.250000 ) (-1024 1575.010132 -110.250000 ) (-1024 2048 -110.250000 ) (-1024 2048 -113.250000 ) 
4 752 768 (-883 1575.010132 -113.250000 ) (-835.163940 1575.010132 -113.250000 ) (-835.164001 1575.010132 -110.250000 ) (-883 1575.010132 -110.250000 ) 
4 752 769 (-1024 1575.010132 -110.250000 ) (-1024 1575.010132 -113.250000 ) (-883 1575.010132 -113.250000 ) (-883 1575.010132 -110.250000 ) 
4 752 753 (-835.163940 1575.010132 -113.250000 ) (-1024 1575.010132 -113.250000 ) (-1024 2048 -113.250000 ) (-1007.332825 2048 -113.250000 ) 
4 753 781 (-1024 1575.010132 -120 ) (-1024 1575.010132 -113.250000 ) (-1024 2048 -113.250000 ) (-1024 2048 -120 ) 
4 753 768 (-883 1575.010132 -120 ) (-817 1575.010132 -120 ) (-817 1575.010132 -113.250000 ) (-883 1575.010132 -113.250000 ) 
4 753 766 (-817 1575.010132 -120 ) (-792 1575.010132 -120 ) (-792 1575.010132 -113.250000 ) (-817 1575.010132 -113.250000 ) 
4 753 769 (-1024 1575.010132 -113.250000 ) (-1024 1575.010132 -120 ) (-883 1575.010132 -120 ) (-883 1575.010132 -113.250000 ) 
4 753 759 (-792 1575.010132 -120 ) (-671 1575.010132 -120 ) (-671 1575.010132 -113.250000 ) (-792 1575.010132 -113.250000 ) 
4 754 782 (-1024 1575.010132 -247.855011 ) (-1024 1575.010132 -166 ) (-1024 2048 -166 ) (-1024 2048 -247.855011 ) 
4 754 775 (-1024 1575.010132 -166 ) (-1024 1575.010132 -247.855011 ) (-665 1575.010132 -247.855011 ) (-665 1575.010132 -166 ) 
4 755 807 (0 1024 80 ) (0 1024 631.854980 ) (-1024 1024 631.854980 ) (-1024 1024 80 ) 
4 755 781 (-1024 1024 80 ) (-1024 1024 631.854980 ) (-1024 1575.010132 631.854980 ) (-1024 1575.010132 80 ) 
4 755 771 (-883 1364.010010 80 ) (-883 1371.010132 80 ) (-817 1371.010132 80 ) (-817 1364.010010 80 ) 
4 755 773 (-817 1024 80 ) (-883 1024 80 ) (-883 1364.010010 80 ) (-817 1364.010010 80 ) 
4 755 770 (-792 1024 80 ) (-817 1024 80 ) (-817 1371.010132 80 ) (-792 1371.010132 80 ) 
4 755 774 (-883 1024 80 ) (-1024 1024 80 ) (-1024 1371.010132 80 ) (-883 1371.010132 80 ) 
4 755 767 (-883 1575.010132 80 ) (-817 1575.010132 80 ) (-817 1371.010132 80 ) (-883 1371.010132 80 ) 
4 755 766 (-817 1575.010132 80 ) (-792 1575.010132 80 ) (-792 1371.010132 80 ) (-817 1371.010132 80 ) 
4 755 769 (-1024 1371.010132 80 ) (-1024 1575.010132 80 ) (-883 1575.010132 80 ) (-883 1371.010132 80 ) 
4 755 757 (0 1024 80 ) (-696 1024 80 ) (-696 1448.010132 80 ) (0 1448.010132 80 ) 
4 755 756 (-792 1544.010132 80 ) (-792 1575.010132 80 ) (0 1575.010132 80 ) (0 1544.010132 80 ) 
4 756 766 (-792 1544.010132 80 ) (-792 1575.010132 80 ) (-792 1575.010132 64 ) (-792 1544.010132 64 ) 
4 756 760 (-663.780945 1575.010132 64 ) (0 1575.010132 64 ) (0 1544.010132 64 ) (-749.006042 1544.010132 64 ) 
4 756 759 (-792 1544.010132 64 ) (-792 1575.010132 64 ) (-663.780945 1575.010132 64 ) (-749.006042 1544.010132 64 ) 
4 757 811 (-264 1024 80 ) (-696 1024 80 ) (-696 1024 64 ) (-264 1024 64 ) 
4 757 810 (-168 1024 80 ) (-264 1024 80 ) (-264 1024 64 ) (-168 1024 64 ) 
4 757 808 (0 1024 64 ) (0 1024 80 ) (-168 1024 80 ) (-168 1024 64 ) 
3 757 760 (-568.839539 1448.010132 64 ) (0 1448.010132 64 ) (0 1239.788940 64 ) 
5 757 758 (0 1024 64 ) (-696 1024 64 ) (-696 1448.010132 64 ) (-568.839539 1448.010132 64 ) (0 1239.788940 64 ) 
4 758 813 (0 1024 -120 ) (0 1024 64 ) (-792 1024 64 ) (-792 1024 -120 ) 
4 758 770 (-792 1371.010132 -120 ) (-792 1024 -120 ) (-792 1024 64 ) (-792 1371.010132 64 ) 
4 758 766 (-792 1529.697021 -120 ) (-792 1371.010132 -120 ) (-792 1371.010132 64 ) (-792 1529.697021 64 ) 
4 758 762 (-767.077698 1520.572632 -120 ) (-771.002319 1522.009155 -120 ) (-771.002441 1522.009277 64 ) (-767.075073 1520.571655 64 ) 
4 758 761 (-776.135254 1523.888062 -120 ) (-790.185913 1529.031250 -120 ) (-790.185913 1529.031250 64 ) (-776.135254 1523.888062 64 ) 
4 758 760 (0 1239.787109 -120 ) (-767.077698 1520.572632 -120 ) (-767.075073 1520.571655 64 ) (0 1239.787231 64 ) 
4 758 759 (-790.185913 1529.031250 -120 ) (-792 1529.695313 -120 ) (-792 1529.695313 64 ) (-790.185913 1529.031250 64 ) 
4 759 766 (-792 1575.010132 -120 ) (-792 1529.697021 -120 ) (-792 1529.697021 64 ) (-792 1575.010132 64 ) 
4 759 764 (-770.998962 1536.009521 -120 ) (-759.985168 1540.015625 -120 ) (-759.981750 1540.016846 64 ) (-770.998901 1536.009521 64 ) 
4 759 763 (-779.431519 1532.942261 -120 ) (-776.141418 1534.139038 -120 ) (-776.141418 1534.139038 64 ) (-779.431519 1532.942261 64 ) 
4 759 761 (-790.183594 1529.031250 64 ) (-790.183594 1529.031250 -120 ) (-779.431519 1532.942261 -120 ) (-779.431519 1532.942261 64 ) 
4 759 760 (-759.985168 1540.015625 -120 ) (-663.778442 1575.010132 -120 ) (-663.777344 1575.010132 64 ) (-759.981750 1540.016846 64 ) 
4 760 765 (-762.556763 1532.962769 -120 ) (-764 1529.008179 -120 ) (-763.997864 1529.004150 64 ) (-762.554138 1532.961792 64 ) 
4 760 764 (-759.979309 1540.020020 64 ) (-759.982727 1540.018799 -120 ) (-762.556763 1532.962769 -120 ) (-762.554138 1532.961792 64 ) 
4 760 762 (-765.873352 1523.871094 -120 ) (-767.075928 1520.574463 -120 ) (-767.073303 1520.573486 64 ) (-765.869934 1523.872314 64 ) 
4 761 763 (-778 1529.010010 -120 ) (-779.431702 1532.942139 -120 ) (-779.431702 1532.942139 64 ) (-778 1529.010010 64 ) 
4 764 765 (-765.875122 1534.160278 -120 ) (-762.557983 1532.963013 -120 ) (-762.555359 1532.962036 64 ) (-765.875061 1534.160278 64 ) 
4 766 770 (-817 1371.010132 -120 ) (-792 1371.010132 -120 ) (-792 1371.010132 80 ) (-817 1371.010132 80 ) 
4 766 767 (-817 1371.010132 76.750000 ) (-817 1371.010132 80 ) (-817 1575.010132 80 ) (-817 1575.010132 76.750000 ) 
4 766 768 (-817 1575.010132 -120 ) (-817 1371.010132 -120 ) (-817 1371.010132 71.750000 ) (-817 1575.010132 71.750000 ) 
4 767 771 (-817 1371.010132 77 ) (-817 1371.010132 80 ) (-883 1371.010132 80 ) (-883 1371.010132 77 ) 
4 767 769 (-883 1371.010132 76.750000 ) (-883 1371.010132 80 ) (-883 1575.010132 80 ) (-883 1575.010132 76.750000 ) 
4 768 772 (-883 1371.010132 -120 ) (-817 1371.010132 -120 ) (-817 1371.010132 48 ) (-883 1371.010132 48 ) 
4 768 769 (-883 1575.010132 -120 ) (-883 1371.010132 -120 ) (-883 1371.010132 71.750000 ) (-883 1575.010132 71.750000 ) 
4 769 781 (-1024 1371.010132 80 ) (-1024 1575.010132 80 ) (-1024 1575.010132 -120 ) (-1024 1371.010132 -120 ) 
4 769 774 (-1024 1371.010132 -120 ) (-883 1371.010132 -120 ) (-883 1371.010132 80 ) (-1024 1371.010132 80 ) 
4 770 813 (-817 1024 64 ) (-817 1024 -120 ) (-792 1024 -120 ) (-792 1024 64 ) 
4 770 812 (-792 1024 80 ) (-817 1024 80 ) (-817 1024 64 ) (-792 1024 64 ) 
4 770 771 (-817 1371.010132 80 ) (-817 1371.010132 77 ) (-817 1364.010010 77 ) (-817 1364.010010 80 ) 
4 770 772 (-817 1371.010132 48 ) (-817 1371.010132 -120 ) (-817 1364.010010 -120 ) (-817 1364.010010 48 ) 
4 770 773 (-817 1364.010010 -120 ) (-817 1024 -120 ) (-817 1024 80 ) (-817 1364.010010 80 ) 
4 771 774 (-883 1371.010132 80 ) (-883 1371.010132 77 ) (-883 1364.010010 77 ) (-883 1364.010010 80 ) 
4 771 773 (-883 1364.010010 80 ) (-883 1364.010010 77 ) (-817 1364.010010 77 ) (-817 1364.010010 80 ) 
4 772 773 (-883 1364.010010 48 ) (-883 1364.010010 -120 ) (-817 1364.010010 -120 ) (-817 1364.010010 48 ) 
4 772 774 (-883 1371.010132 48 ) (-883 1371.010132 -120 ) (-883 1364.010010 -120 ) (-883 1364.010010 48 ) 
4 773 813 (-883 1024 64 ) (-883 1024 -120 ) (-817 1024 -120 ) (-817 1024 64 ) 
4 773 812 (-817 1024 80 ) (-883 1024 80 ) (-883 1024 64 ) (-817 1024 64 ) 
4 773 774 (-883 1364.010010 -120 ) (-883 1024 -120 ) (-883 1024 80 ) (-883 1364.010010 80 ) 
4 774 813 (-1024 1024 64 ) (-1024 1024 -120 ) (-883 1024 -120 ) (-883 1024 64 ) 
4 774 812 (-883 1024 80 ) (-1024 1024 80 ) (-1024 1024 64 ) (-883 1024 64 ) 
4 774 781 (-1024 1024 -120 ) (-1024 1024 80 ) (-1024 1371.010132 80 ) (-1024 1371.010132 -120 ) 
4 775 814 (0 1024 -247.855011 ) (0 1024 -166 ) (-1024 1024 -166 ) (-1024 1024 -247.855011 ) 
4 775 782 (-1024 1024 -247.855011 ) (-1024 1024 -166 ) (-1024 1575.010132 -166 ) (-1024 1575.010132 -247.855011 ) 
4 776 781 (-1024 2048 -120 ) (-1024 2048 631.854980 ) (-2048 2048 631.854980 ) (-2048 2048 -120 ) 
4 776 779 (-2048 3072 631.854980 ) (-2048 3072 -120 ) (-2048 2048 -120 ) (-2048 2048 631.854980 ) 
4 777 782 (-1024 2048 -247.855011 ) (-1024 2048 -166 ) (-2048 2048 -166 ) (-2048 2048 -247.855011 ) 
4 777 780 (-2048 3072 -166 ) (-2048 3072 -247.855011 ) (-2048 2048 -247.855011 ) (-2048 2048 -166 ) 
4 779 797 (-3072 2048 -120 ) (-3072 2048 631.854980 ) (-3072 3072 631.854980 ) (-3072 3072 -120 ) 
4 779 783 (-3072 2048 631.854980 ) (-3072 2048 -120 ) (-2048 2048 -120 ) (-2048 2048 631.854980 ) 
4 780 798 (-3072 2048 -247.855011 ) (-3072 2048 -166 ) (-3072 3072 -166 ) (-3072 3072 -247.855011 ) 
4 780 784 (-3072 2048 -166 ) (-3072 2048 -247.855011 ) (-2048 2048 -247.855011 ) (-2048 2048 -166 ) 
4 781 885 (-1024 1024 -120 ) (-1024 1024 631.854980 ) (-2048 1024 631.854980 ) (-2048 1024 -120 ) 
4 781 783 (-2048 2048 631.854980 ) (-2048 2048 -120 ) (-2048 1024 -120 ) (-2048 1024 631.854980 ) 
4 782 886 (-1024 1024 -247.855011 ) (-1024 1024 -166 ) (-2048 1024 -166 ) (-2048 1024 -247.855011 ) 
4 782 784 (-2048 2048 -166 ) (-2048 2048 -247.855011 ) (-2048 1024 -247.855011 ) (-2048 1024 -166 ) 
4 783 887 (-2048 1024 -120 ) (-2048 1024 631.854980 ) (-3072 1024 631.854980 ) (-3072 1024 -120 ) 
4 783 799 (-3072 1024 -120 ) (-3072 1024 631.854980 ) (-3072 2048 631.854980 ) (-3072 2048 -120 ) 
4 784 888 (-2048 1024 -247.855011 ) (-2048 1024 -166 ) (-3072 1024 -166 ) (-3072 1024 -247.855011 ) 
4 784 800 (-3072 1024 -247.855011 ) (-3072 1024 -166 ) (-3072 2048 -166 ) (-3072 2048 -247.855011 ) 
4 785 788 (-4096 4736 631.854980 ) (-4096 4859.160156 631.854980 ) (-4096 4859.160156 -247.855011 ) (-4096 4736 -247.855011 ) 
4 785 786 (-3072 4736 -120 ) (-3072 4736 631.854980 ) (-4096 4736 631.854980 ) (-4096 4736 -120 ) 
4 785 787 (-4096 4736 -247.855011 ) (-3072 4736 -247.855011 ) (-3072 4736 -166 ) (-4096 4736 -166 ) 
4 786 792 (-3072 4096 -120 ) (-3072 4096 631.854980 ) (-4096 4096 631.854980 ) (-4096 4096 -120 ) 
4 786 789 (-4096 4096 -120 ) (-4096 4096 631.854980 ) (-4096 4736 631.854980 ) (-4096 4736 -120 ) 
4 787 793 (-3072 4096 -247.855011 ) (-3072 4096 -166 ) (-4096 4096 -166 ) (-4096 4096 -247.855011 ) 
4 787 790 (-4096 4096 -247.855011 ) (-4096 4096 -166 ) (-4096 4736 -166 ) (-4096 4736 -247.855011 ) 
4 788 789 (-4352 4736 631.854980 ) (-4352 4736 -120 ) (-4096 4736 -120 ) (-4096 4736 631.854980 ) 
4 788 790 (-4352 4736 -166 ) (-4352 4736 -247.855011 ) (-4096 4736 -247.855011 ) (-4096 4736 -166 ) 
4 788 791 (-4352 4859.160156 631.854980 ) (-4352 4859.160156 -247.855011 ) (-4352 4736 -247.855011 ) (-4352 4736 631.854980 ) 
4 789 794 (-4096 4096 -120 ) (-4096 4096 631.854980 ) (-4352 4096 631.854980 ) (-4352 4096 -120 ) 
4 789 791 (-4352 4096 -120 ) (-4352 4096 631.854980 ) (-4352 4736 631.854980 ) (-4352 4736 -120 ) 
4 790 795 (-4096 4096 -247.855011 ) (-4096 4096 -166 ) (-4352 4096 -166 ) (-4352 4096 -247.855011 ) 
4 790 791 (-4352 4736 -247.855011 ) (-4352 4096 -247.855011 ) (-4352 4096 -166 ) (-4352 4736 -166 ) 
4 791 796 (-4352 4096 631.854980 ) (-4475.209961 4096 631.854980 ) (-4475.209961 4096 -247.855011 ) (-4352 4096 -247.855011 ) 
4 792 797 (-3072 3072 -120 ) (-3072 3072 631.854980 ) (-4096 3072 631.854980 ) (-4096 3072 -120 ) 
4 792 794 (-4096 3072 -120 ) (-4096 3072 631.854980 ) (-4096 4096 631.854980 ) (-4096 4096 -120 ) 
4 793 798 (-3072 3072 -247.855011 ) (-3072 3072 -166 ) (-4096 3072 -166 ) (-4096 3072 -247.855011 ) 
4 793 795 (-4096 3072 -247.855011 ) (-4096 3072 -166 ) (-4096 4096 -166 ) (-4096 4096 -247.855011 ) 
4 794 801 (-4096 3072 -120 ) (-4096 3072 631.854980 ) (-4352 3072 631.854980 ) (-4352 3072 -120 ) 
4 794 796 (-4352 3072 -120 ) (-4352 3072 631.854980 ) (-4352 4096 631.854980 ) (-4352 4096 -120 ) 
4 795 802 (-4096 3072 -247.855011 ) (-4096 3072 -166 ) (-4352 3072 -166 ) (-4352 3072 -247.855011 ) 
4 795 796 (-4352 4096 -247.855011 ) (-4352 3072 -247.855011 ) (-4352 3072 -166 ) (-4352 4096 -166 ) 
4 796 803 (-4352 3072 631.854980 ) (-4475.209961 3072 631.854980 ) (-4475.209961 3072 -247.855011 ) (-4352 3072 -247.855011 ) 
4 797 801 (-4096 3072 631.854980 ) (-4096 3072 -120 ) (-4096 2048 -120 ) (-4096 2048 631.854980 ) 
4 797 799 (-3072 2048 -120 ) (-3072 2048 631.854980 ) (-4096 2048 631.854980 ) (-4096 2048 -120 ) 
4 798 802 (-4096 3072 -166 ) (-4096 3072 -247.855011 ) (-4096 2048 -247.855011 ) (-4096 2048 -166 ) 
4 798 800 (-3072 2048 -247.855011 ) (-3072 2048 -166 ) (-4096 2048 -166 ) (-4096 2048 -247.855011 ) 
4 799 943 (-3072 1024 -120 ) (-3072 1024 631.854980 ) (-4096 1024 631.854980 ) (-4096 1024 -120 ) 
4 799 804 (-4096 1024 -120 ) (-4096 1024 631.854980 ) (-4096 2048 631.854980 ) (-4096 2048 -120 ) 
4 800 944 (-3072 1024 -247.855011 ) (-3072 1024 -166 ) (-4096 1024 -166 ) (-4096 1024 -247.855011 ) 
4 800 805 (-4096 1024 -247.855011 ) (-4096 1024 -166 ) (-4096 2048 -166 ) (-4096 2048 -247.855011 ) 
4 801 804 (-4096 2048 -120 ) (-4096 2048 631.854980 ) (-4352 2048 631.854980 ) (-4352 2048 -120 ) 
4 801 803 (-4352 2048 -120 ) (-4352 2048 631.854980 ) (-4352 3072 631.854980 ) (-4352 3072 -120 ) 
4 802 805 (-4096 2048 -247.855011 ) (-4096 2048 -166 ) (-4352 2048 -166 ) (-4352 2048 -247.855011 ) 
4 802 803 (-4352 3072 -247.855011 ) (-4352 2048 -247.855011 ) (-4352 2048 -166 ) (-4352 3072 -166 ) 
4 803 806 (-4352 2048 631.854980 ) (-4475.209961 2048 631.854980 ) (-4475.209961 2048 -247.855011 ) (-4352 2048 -247.855011 ) 
4 804 947 (-4096 1024 -120 ) (-4096 1024 631.854980 ) (-4352 1024 631.854980 ) (-4352 1024 -120 ) 
4 804 806 (-4352 1024 -120 ) (-4352 1024 631.854980 ) (-4352 2048 631.854980 ) (-4352 2048 -120 ) 
4 805 948 (-4096 1024 -247.855011 ) (-4096 1024 -166 ) (-4352 1024 -166 ) (-4352 1024 -247.855011 ) 
4 805 806 (-4352 2048 -247.855011 ) (-4352 1024 -247.855011 ) (-4352 1024 -166 ) (-4352 2048 -166 ) 
4 806 949 (-4352 1024 631.854980 ) (-4475.209961 1024 631.854980 ) (-4475.209961 1024 -247.855011 ) (-4352 1024 -247.855011 ) 
4 807 885 (-1024 1024 631.854980 ) (-1024 1024 80 ) (-1024 0 80 ) (-1024 0 631.854980 ) 
4 807 815 (0 0 80 ) (0 0 631.854980 ) (-1024 0 631.854980 ) (-1024 0 80 ) 
4 807 811 (-264 0 80 ) (-696 0 80 ) (-696 1024 80 ) (-264 1024 80 ) 
4 807 812 (-792 0 80 ) (-1024 0 80 ) (-1024 1024 80 ) (-792 1024 80 ) 
4 807 810 (-264 816.012085 80 ) (-264 1024 80 ) (-168 1024 80 ) (-168 816.012085 80 ) 
4 807 808 (-168 816.012085 80 ) (-168 1024 80 ) (0 1024 80 ) (0 816.012085 80 ) 
4 807 809 (0 0 80 ) (-168 0 80 ) (-168 720.012085 80 ) (0 720.012085 80 ) 
4 808 813 (-168 1024 64 ) (0 1024 64 ) (0 816.012085 64 ) (-168 816.012085 64 ) 
4 808 810 (-168 1024 64 ) (-168 816.012085 64 ) (-168 816.012085 80 ) (-168 1024 80 ) 
4 809 816 (0 0 64 ) (0 0 80 ) (-168 0 80 ) (-168 0 64 ) 
4 809 813 (0 720.012085 64 ) (0 0 64 ) (-168 0 64 ) (-168 720.012085 64 ) 
4 810 813 (-264 1024 64 ) (-168 1024 64 ) (-168 816.012085 64 ) (-264 816.012085 64 ) 
4 810 811 (-264 1024 64 ) (-264 816.012085 64 ) (-264 816.012085 80 ) (-264 1024 80 ) 
4 811 817 (-264 0 80 ) (-696 0 80 ) (-696 0 64 ) (-264 0 64 ) 
4 811 813 (-696 1024 64 ) (-264 1024 64 ) (-264 0 64 ) (-696 0 64 ) 
4 812 885 (-1024 1024 80 ) (-1024 1024 64 ) (-1024 0 64 ) (-1024 0 80 ) 
4 812 820 (-792 0 80 ) (-1024 0 80 ) (-1024 0 64 ) (-792 0 64 ) 
4 812 813 (-1024 0 64 ) (-1024 1024 64 ) (-792 1024 64 ) (-792 0 64 ) 
4 813 885 (-1024 1024 64 ) (-1024 1024 -120 ) (-1024 0 -120 ) (-1024 0 64 ) 
4 813 845 (0 0 -120 ) (0 0 -52 ) (-1024 0 -52 ) (-1024 0 -120 ) 
4 813 823 (0 0 2 ) (0 0 64 ) (-620.262878 0 64 ) (-620.262878 0 2 ) 
4 813 822 (-620.262878 0 64 ) (-1024 0 64 ) (-1024 0 2 ) (-620.262878 0 2 ) 
4 813 830 (0 0 -52 ) (0 0 2 ) (-1024 0 2 ) (-1024 0 -52 ) 
4 814 886 (-1024 1024 -166 ) (-1024 1024 -247.855011 ) (-1024 0 -247.855011 ) (-1024 0 -166 ) 
4 814 846 (0 0 -247.855011 ) (0 0 -166 ) (-1024 0 -166 ) (-1024 0 -247.855011 ) 
4 815 889 (-1024 -735.987976 80 ) (-1024 -735.987976 631.854980 ) (-1024 0 631.854980 ) (-1024 0 80 ) 
4 815 870 (-432 -735.987976 80 ) (-410.173492 -735.987976 80 ) (-410.173492 -735.987976 96 ) (-432 -735.987976 96 ) 
4 815 868 (-410.173492 -735.987976 80 ) (-343.997040 -735.987976 80 ) (-343.997040 -735.987976 96 ) (-410.173492 -735.987976 96 ) 
4 815 866 (-343.997040 -735.987976 80 ) (-112 -735.987976 80 ) (-112 -735.987976 96 ) (-343.997040 -735.987976 96 ) 
4 815 862 (-448 -735.987976 80 ) (-432 -735.987976 80 ) (-432 -735.987976 96 ) (-448 -735.987976 96 ) 
4 815 861 (-112 -735.987976 96 ) (-112 -735.987976 240 ) (-448 -735.987976 240 ) (-448 -735.987976 96 ) 
4 815 858 (-112 -735.987976 80 ) (-104 -735.987976 80 ) (-104 -735.987976 240 ) (-112 -735.987976 240 ) 
4 815 857 (-104 -735.987976 240 ) (-104 -735.987976 631.854980 ) (-448 -735.987976 631.854980 ) (-448 -735.987976 240 ) 
4 815 883 (-1024 -735.987976 631.854980 ) (-1024 -735.987976 80 ) (-448 -735.987976 80 ) (-448 -735.987976 631.854980 ) 
4 815 851 (-56 -735.987976 80 ) (0 -735.987976 80 ) (0 -735.987976 168 ) (-56 -735.987976 168 ) 
4 815 855 (-104 -735.987976 80 ) (-56 -735.987976 80 ) (-56 -735.987976 168 ) (-104 -735.987976 168 ) 
4 815 847 (0 -735.987976 168 ) (0 -735.987976 631.854980 ) (-104 -735.987976 631.854980 ) (-104 -735.987976 168 ) 
4 815 821 (-56 -735.987976 80 ) (-1024 -735.987976 80 ) (-1024 -447.988007 80 ) (-56 -447.988007 80 ) 
4 815 820 (-1024 -447.988007 80 ) (-1024 0 80 ) (-792 0 80 ) (-792 -447.988007 80 ) 
4 815 818 (0 -127.987999 80 ) (0 -351.988007 80 ) (-264 -351.988007 80 ) (-264 -127.987999 80 ) 
4 815 819 (-264 -351.988007 80 ) (-696 -351.988007 80 ) (-696 -31.988302 80 ) (-264 -31.988302 80 ) 
4 815 816 (-168 0 80 ) (0 0 80 ) (0 -31.988302 80 ) (-168 -31.988302 80 ) 
4 815 817 (-696 0 80 ) (-264 0 80 ) (-264 -31.988302 80 ) (-696 -31.988302 80 ) 
4 816 823 (-168 0 64 ) (0 0 64 ) (0 -31.988302 64 ) (-168 -31.988302 64 ) 
4 817 823 (-620.262817 0 64 ) (-264 0 64 ) (-264 -31.988302 64 ) (-631.875671 -31.988302 64 ) 
4 817 822 (-696 0 64 ) (-620.262817 0 64 ) (-631.875671 -31.988302 64 ) (-696 -31.988302 64 ) 
4 817 819 (-696 -31.988302 80 ) (-696 -31.988302 64 ) (-264 -31.988302 64 ) (-264 -31.988302 80 ) 
4 818 823 (0 -127.987999 64 ) (0 -351.988007 64 ) (-264 -351.988007 64 ) (-264 -127.987999 64 ) 
4 818 819 (-264 -127.987999 64 ) (-264 -351.988007 64 ) (-264 -351.988007 80 ) (-264 -127.987999 80 ) 
5 819 823 (-264 -351.988007 64 ) (-696 -351.988007 64 ) (-696 -208.622894 64 ) (-631.875671 -31.988302 64 ) (-264 -31.988302 64 ) 
3 819 822 (-696 -208.622894 64 ) (-696 -31.988302 64 ) (-631.875671 -31.988302 64 ) 
4 820 889 (-1024 -447.988007 80 ) (-1024 0 80 ) (-1024 0 64 ) (-1024 -447.988007 64 ) 
4 820 822 (-1024 -447.988007 64 ) (-1024 0 64 ) (-792 0 64 ) (-792 -447.988007 64 ) 
4 820 821 (-1024 -447.988007 64 ) (-792 -447.988007 64 ) (-792 -447.988007 80 ) (-1024 -447.988007 80 ) 
4 821 889 (-1024 -735.987976 64 ) (-1024 -735.987976 80 ) (-1024 -447.988007 80 ) (-1024 -447.988007 64 ) 
4 821 870 (-432 -735.987976 64 ) (-410.173492 -735.987976 64 ) (-410.173492 -735.987976 80 ) (-432 -735.987976 80 ) 
4 821 868 (-410.173492 -735.987976 64 ) (-343.997040 -735.987976 64 ) (-343.997040 -735.987976 80 ) (-410.173492 -735.987976 80 ) 
4 821 866 (-343.997040 -735.987976 64 ) (-112 -735.987976 64 ) (-112 -735.987976 80 ) (-343.997040 -735.987976 80 ) 
4 821 862 (-448 -735.987976 64 ) (-432 -735.987976 64 ) (-432 -735.987976 80 ) (-448 -735.987976 80 ) 
4 821 858 (-112 -735.987976 64 ) (-104 -735.987976 64 ) (-104 -735.987976 80 ) (-112 -735.987976 80 ) 
4 821 883 (-1024 -735.987976 80 ) (-1024 -735.987976 64 ) (-448 -735.987976 64 ) (-448 -735.987976 80 ) 
4 821 855 (-104 -735.987976 64 ) (-56 -735.987976 64 ) (-56 -735.987976 80 ) (-104 -735.987976 80 ) 
4 821 832 (-684 -735.987976 64 ) (-796 -735.987976 64 ) (-796 -543.987976 64 ) (-684 -543.987976 64 ) 
4 821 831 (-56 -735.987976 64 ) (-684 -735.987976 64 ) (-684 -463.988007 64 ) (-56 -463.988007 64 ) 
4 821 833 (-796 -735.987976 64 ) (-1024 -735.987976 64 ) (-1024 -463.988007 64 ) (-796 -463.988007 64 ) 
4 821 826 (-782.897705 -447.988007 64 ) (-755.093567 -447.988007 64 ) (-749.277771 -463.988007 64 ) (-788.706177 -463.988007 64 ) 
4 821 823 (-755.093567 -447.988007 64 ) (-56 -447.988007 64 ) (-56 -463.988007 64 ) (-749.277771 -463.988007 64 ) 
4 821 822 (-1024 -463.988007 64 ) (-1024 -447.988007 64 ) (-782.897705 -447.988007 64 ) (-788.706177 -463.988007 64 ) 
4 822 889 (-1024 -463.988007 64 ) (-1024 0 64 ) (-1024 0 2 ) (-1024 -463.988007 2 ) 
4 822 844 (-1024 -463.988007 56 ) (-1024 -463.988007 2 ) (-788.706177 -463.988007 2 ) (-788.706177 -463.988007 56 ) 
4 822 833 (-796 -463.988007 64 ) (-1024 -463.988007 64 ) (-1024 -463.988007 56 ) (-796 -463.988007 56 ) 
4 822 828 (-780.004395 -440.015961 2 ) (-776 -428.986694 2 ) (-776 -428.988068 64 ) (-780.004883 -440.017334 64 ) 
4 822 826 (-788.707031 -463.988007 64 ) (-788.707031 -463.988007 2 ) (-780.004395 -440.015961 2 ) (-780.004883 -440.017334 64 ) 
4 822 825 (-774.138306 -423.857483 2 ) (-772.941101 -420.559692 2 ) (-772.941101 -420.559723 64 ) (-774.139038 -423.859589 64 ) 
4 822 824 (-772.941101 -420.559692 2 ) (-769.004822 -409.716980 2 ) (-769.004822 -409.716949 64 ) (-772.941101 -420.559723 64 ) 
4 822 823 (-769.004822 -409.716980 2 ) (-620.263733 0 2 ) (-620.263855 0 64 ) (-769.004822 -409.716949 64 ) 
4 822 830 (-788.706177 -463.988007 2 ) (-1024 -463.988007 2 ) (-1024 0 2 ) (-620.262878 0 2 ) 
4 823 839 (-720 -463.988007 56 ) (-749.277771 -463.988007 56 ) (-749.277771 -463.988007 2 ) (-720 -463.988007 2 ) 
4 823 835 (-712 -463.988007 56 ) (-720 -463.988007 56 ) (-720 -463.988007 2 ) (-712 -463.988007 2 ) 
4 823 834 (0 -463.988007 2 ) (0 -463.988007 56 ) (-712 -463.988007 56 ) (-712 -463.988007 2 ) 
4 823 831 (0 -463.988007 56 ) (0 -463.988007 64 ) (-684 -463.988007 64 ) (-684 -463.988007 56 ) 
4 823 827 (-762 -428.985352 2 ) (-760.570679 -432.914825 2 ) (-760.570313 -432.915894 64 ) (-762 -428.985352 64 ) 
4 823 826 (-760.570679 -432.914825 2 ) (-749.275879 -463.988007 2 ) (-749.275879 -463.988007 64 ) (-760.570313 -432.915894 64 ) 
4 823 824 (-769.002930 -409.716797 64 ) (-769.002930 -409.716797 2 ) (-763.866150 -423.848694 2 ) (-763.866150 -423.848694 64 ) 
5 823 830 (0 -463.988007 2 ) (-749.277771 -463.988007 2 ) (-769.004395 -409.718140 2 ) (-620.262878 0 2 ) (0 0 2 ) 
4 824 825 (-772.940735 -420.558990 64 ) (-772.940735 -420.558990 2 ) (-769 -421.987671 2 ) (-768.996521 -421.988556 64 ) 
3 824 830 (-772.940369 -420.559967 2 ) (-769.004395 -409.718140 2 ) (-763.868347 -423.847900 2 ) 
3 825 830 (-774.137329 -423.857117 2 ) (-772.940369 -420.559967 2 ) (-769 -421.988037 2 ) 
4 826 840 (-776 -463.988007 2 ) (-768 -463.988007 2 ) (-768 -463.988007 56 ) (-776 -463.988007 56 ) 
4 826 839 (-768 -463.988007 2 ) (-749.277771 -463.988007 2 ) (-749.277771 -463.988007 56 ) (-768 -463.988007 56 ) 
4 826 844 (-788.706177 -463.988007 56 ) (-788.706177 -463.988007 2 ) (-776 -463.988007 2 ) (-776 -463.988007 56 ) 
4 826 829 (-768.982178 -435.986816 2 ) (-772.928406 -437.428833 2 ) (-772.928833 -437.430206 64 ) (-768.980957 -435.987579 64 ) 
4 826 828 (-772.928406 -437.428833 2 ) (-780.002930 -440.014008 2 ) (-780.003418 -440.015381 64 ) (-772.928833 -437.430206 64 ) 
4 826 827 (-760.572449 -432.914948 64 ) (-760.572815 -432.913879 2 ) (-763.870483 -434.118927 2 ) (-763.871033 -434.120300 64 ) 
4 826 830 (-749.277771 -463.988007 2 ) (-788.706177 -463.988007 2 ) (-780.003418 -440.015625 2 ) (-760.572388 -432.915436 2 ) 
3 827 830 (-762 -428.987976 2 ) (-760.572388 -432.915436 2 ) (-763.871277 -434.120850 2 ) 
4 828 829 (-772.927063 -437.433472 64 ) (-772.926636 -437.432129 2 ) (-774.133667 -434.115082 2 ) (-774.134583 -434.115082 64 ) 
3 828 830 (-780.003418 -440.015625 2 ) (-776 -428.987854 2 ) (-772.927917 -437.430176 2 ) 
3 829 830 (-768.980042 -435.987610 2 ) (-772.927917 -437.430176 2 ) (-774.134338 -434.114838 2 ) 
4 830 889 (-1024 0 2 ) (-1024 0 -52 ) (-1024 -463.988007 -52 ) (-1024 -463.988007 2 ) 
4 830 845 (-1024 -463.988007 -52 ) (-1024 0 -52 ) (0 0 -52 ) (0 -463.988007 -52 ) 
4 830 840 (-776 -463.988007 -52 ) (-768 -463.988007 -52 ) (-768 -463.988007 2 ) (-776 -463.988007 2 ) 
4 830 839 (-768 -463.988007 -52 ) (-720 -463.988007 -52 ) (-720 -463.988007 2 ) (-768 -463.988007 2 ) 
4 830 844 (-1024 -463.988007 -52 ) (-776 -463.988007 -52 ) (-776 -463.988007 2 ) (-1024 -463.988007 2 ) 
4 830 835 (-720 -463.988007 -52 ) (-712 -463.988007 -52 ) (-712 -463.988007 2 ) (-720 -463.988007 2 ) 
4 830 834 (-712 -463.988007 -52 ) (0 -463.988007 -52 ) (0 -463.988007 2 ) (-712 -463.988007 2 ) 
4 831 871 (-432 -735.987976 56 ) (-410.173492 -735.987976 56 ) (-410.173492 -735.987976 58 ) (-432 -735.987976 58 ) 
4 831 869 (-410.173492 -735.987976 56 ) (-343.997040 -735.987976 56 ) (-343.997040 -735.987976 58 ) (-410.173492 -735.987976 58 ) 
4 831 867 (-343.997040 -735.987976 56 ) (-112 -735.987976 56 ) (-112 -735.987976 58 ) (-343.997040 -735.987976 58 ) 
4 831 863 (-448 -735.987976 56 ) (-432 -735.987976 56 ) (-432 -735.987976 58 ) (-448 -735.987976 58 ) 
4 831 859 (-112 -735.987976 56 ) (-104 -735.987976 56 ) (-104 -735.987976 58 ) (-112 -735.987976 58 ) 
4 831 883 (-684 -735.987976 56 ) (-448 -735.987976 56 ) (-448 -735.987976 64 ) (-684 -735.987976 64 ) 
4 831 856 (-104 -735.987976 56 ) (0 -735.987976 56 ) (0 -735.987976 58 ) (-104 -735.987976 58 ) 
4 831 834 (0 -735.987976 56 ) (-684 -735.987976 56 ) (-684 -463.988007 56 ) (0 -463.988007 56 ) 
4 831 832 (-684 -543.987976 56 ) (-684 -735.987976 56 ) (-684 -735.987976 64 ) (-684 -543.987976 64 ) 
4 832 883 (-796 -735.987976 56 ) (-684 -735.987976 56 ) (-684 -735.987976 64 ) (-796 -735.987976 64 ) 
4 832 842 (-768 -735.987976 56 ) (-776 -735.987976 56 ) (-776 -543.987976 56 ) (-768 -543.987976 56 ) 
4 832 839 (-720 -735.987976 56 ) (-768 -735.987976 56 ) (-768 -543.987976 56 ) (-720 -543.987976 56 ) 
4 832 844 (-776 -735.987976 56 ) (-796 -735.987976 56 ) (-796 -543.987976 56 ) (-776 -543.987976 56 ) 
4 832 838 (-712 -735.987976 56 ) (-720 -735.987976 56 ) (-720 -543.987976 56 ) (-712 -543.987976 56 ) 
4 832 834 (-684 -735.987976 56 ) (-712 -735.987976 56 ) (-712 -543.987976 56 ) (-684 -543.987976 56 ) 
4 832 833 (-796 -543.987976 56 ) (-796 -735.987976 56 ) (-796 -735.987976 64 ) (-796 -543.987976 64 ) 
4 833 889 (-1024 -735.987976 56 ) (-1024 -735.987976 64 ) (-1024 -463.988007 64 ) (-1024 -463.988007 56 ) 
4 833 883 (-1024 -735.987976 64 ) (-1024 -735.987976 56 ) (-796 -735.987976 56 ) (-796 -735.987976 64 ) 
4 833 844 (-796 -735.987976 56 ) (-1024 -735.987976 56 ) (-1024 -463.988007 56 ) (-796 -463.988007 56 ) 
4 834 871 (-432 -735.987976 -52 ) (-410.173492 -735.987976 -52 ) (-410.173492 -735.987976 56 ) (-432 -735.987976 56 ) 
4 834 869 (-410.173492 -735.987976 -52 ) (-343.997040 -735.987976 -52 ) (-343.997040 -735.987976 56 ) (-410.173492 -735.987976 56 ) 
4 834 867 (-343.997040 -735.987976 -52 ) (-112 -735.987976 -52 ) (-112 -735.987976 56 ) (-343.997040 -735.987976 56 ) 
4 834 863 (-448 -735.987976 -52 ) (-432 -735.987976 -52 ) (-432 -735.987976 56 ) (-448 -735.987976 56 ) 
4 834 859 (-104 -735.987976 0 ) (-104 -735.987976 56 ) (-112 -735.987976 56 ) (-112 -735.987976 0 ) 
4 834 860 (-112 -735.987976 -52 ) (-104 -735.987976 -52 ) (-104 -735.987976 0 ) (-112 -735.987976 0 ) 
4 834 883 (-712 -735.987976 -52 ) (-448 -735.987976 -52 ) (-448 -735.987976 56 ) (-712 -735.987976 56 ) 
4 834 856 (-104 -735.987976 -52 ) (0 -735.987976 -52 ) (0 -735.987976 56 ) (-104 -735.987976 56 ) 
4 834 845 (0 -735.987976 -52 ) (-712 -735.987976 -52 ) (-712 -463.988007 -52 ) (0 -463.988007 -52 ) 
4 834 838 (-712 -735.987976 56 ) (-712 -531.987976 56 ) (-712 -483.987976 -52 ) (-712 -735.987976 -52 ) 
3 834 837 (-712 -523.987976 56 ) (-712 -479.988007 56 ) (-712 -479.988007 -43 ) 
4 834 836 (-712 -471.988007 -48 ) (-712 -471.988007 -52 ) (-712 -475.987976 -52 ) (-712 -477.765778 -48 ) 
4 834 835 (-712 -471.988007 56 ) (-712 -463.988007 56 ) (-712 -463.988007 -52 ) (-712 -471.988007 -52 ) 
4 835 845 (-720 -471.988007 -52 ) (-720 -463.988007 -52 ) (-712 -463.988007 -52 ) (-712 -471.988007 -52 ) 
4 835 839 (-720 -471.988007 56 ) (-720 -463.988007 56 ) (-720 -463.988007 -52 ) (-720 -471.988007 -52 ) 
4 835 836 (-720 -471.988007 -48 ) (-720 -471.988007 -52 ) (-712 -471.988007 -52 ) (-712 -471.988007 -48 ) 
4 836 845 (-720 -475.987976 -52 ) (-720 -471.988007 -52 ) (-712 -471.988007 -52 ) (-712 -475.987976 -52 ) 
4 836 839 (-720 -471.988007 -48 ) (-720 -471.988007 -52 ) (-720 -475.987976 -52 ) (-720 -477.765778 -48 ) 
3 837 839 (-720 -523.987976 56 ) (-720 -479.988007 56 ) (-720 -479.988007 -43 ) 
4 838 883 (-720 -735.987976 -52 ) (-712 -735.987976 -52 ) (-712 -735.987976 56 ) (-720 -735.987976 56 ) 
4 838 845 (-712 -735.987976 -52 ) (-720 -735.987976 -52 ) (-720 -483.987976 -52 ) (-712 -483.987976 -52 ) 
4 838 839 (-720 -735.987976 56 ) (-720 -531.987976 56 ) (-720 -483.987976 -52 ) (-720 -735.987976 -52 ) 
4 839 883 (-768 -735.987976 -52 ) (-720 -735.987976 -52 ) (-720 -735.987976 56 ) (-768 -735.987976 56 ) 
4 839 845 (-720 -735.987976 -52 ) (-768 -735.987976 -52 ) (-768 -463.988007 -52 ) (-720 -463.988007 -52 ) 
3 839 843 (-768 -523.987976 56 ) (-768 -480 56 ) (-768 -480 -42.973022 ) 
4 839 842 (-768 -735.987976 56 ) (-768 -531.987976 56 ) (-768 -483.988007 -52 ) (-768 -735.987976 -52 ) 
4 839 841 (-768 -472 -48 ) (-768 -472 -52 ) (-768 -475.988007 -52 ) (-768 -477.765778 -48 ) 
4 839 840 (-768 -472 56 ) (-768 -463.988007 56 ) (-768 -463.988007 -52 ) (-768 -472 -52 ) 
4 840 845 (-776 -472 -52 ) (-776 -463.988007 -52 ) (-768 -463.988007 -52 ) (-768 -472 -52 ) 
4 840 841 (-776 -472 -48 ) (-776 -472 -52 ) (-768 -472 -52 ) (-768 -472 -48 ) 
4 840 844 (-776 -472 56 ) (-776 -463.988007 56 ) (-776 -463.988007 -52 ) (-776 -472 -52 ) 
4 841 845 (-776 -475.988007 -52 ) (-776 -472 -52 ) (-768 -472 -52 ) (-768 -475.988007 -52 ) 
4 841 844 (-776 -472 -48 ) (-776 -472 -52 ) (-776 -475.988007 -52 ) (-776 -477.765778 -48 ) 
4 842 883 (-776 -735.987976 -52 ) (-768 -735.987976 -52 ) (-768 -735.987976 56 ) (-776 -735.987976 56 ) 
4 842 845 (-768 -735.987976 -52 ) (-776 -735.987976 -52 ) (-776 -483.988007 -52 ) (-768 -483.988007 -52 ) 
4 842 844 (-776 -735.987976 56 ) (-776 -531.987976 56 ) (-776 -483.988007 -52 ) (-776 -735.987976 -52 ) 
3 843 844 (-776 -523.987976 56 ) (-776 -480 56 ) (-776 -480 -42.973022 ) 
4 844 889 (-1024 -735.987976 -52 ) (-1024 -735.987976 56 ) (-1024 -463.988007 56 ) (-1024 -463.988007 -52 ) 
4 844 883 (-1024 -735.987976 56 ) (-1024 -735.987976 -52 ) (-776 -735.987976 -52 ) (-776 -735.987976 56 ) 
4 844 845 (-776 -735.987976 -52 ) (-1024 -735.987976 -52 ) (-1024 -463.988007 -52 ) (-776 -463.988007 -52 ) 
4 845 889 (-1024 -735.987976 -120 ) (-1024 -735.987976 -52 ) (-1024 0 -52 ) (-1024 0 -120 ) 
4 845 871 (-432 -735.987976 -120 ) (-410.173492 -735.987976 -120 ) (-410.173492 -735.987976 -52 ) (-432 -735.987976 -52 ) 
4 845 869 (-410.173492 -735.987976 -120 ) (-343.997040 -735.987976 -120 ) (-343.997040 -735.987976 -52 ) (-410.173492 -735.987976 -52 ) 
4 845 867 (-343.997040 -735.987976 -120 ) (-112 -735.987976 -120 ) (-112 -735.987976 -52 ) (-343.997040 -735.987976 -52 ) 
4 845 863 (-448 -735.987976 -120 ) (-432 -735.987976 -120 ) (-432 -735.987976 -52 ) (-448 -735.987976 -52 ) 
4 845 860 (-112 -735.987976 -120 ) (-104 -735.987976 -120 ) (-104 -735.987976 -52 ) (-112 -735.987976 -52 ) 
4 845 883 (-1024 -735.987976 -52 ) (-1024 -735.987976 -120 ) (-448 -735.987976 -120 ) (-448 -735.987976 -52 ) 
4 845 856 (-104 -735.987976 -120 ) (0 -735.987976 -120 ) (0 -735.987976 -52 ) (-104 -735.987976 -52 ) 
4 846 890 (-1024 -735.987976 -247.855011 ) (-1024 -735.987976 -166 ) (-1024 0 -166 ) (-1024 0 -247.855011 ) 
4 846 884 (-1024 -735.987976 -166 ) (-1024 -735.987976 -247.855011 ) (0 -735.987976 -247.855011 ) (0 -735.987976 -166 ) 
4 847 858 (-104 -735.987976 240 ) (-104 -735.987976 168 ) (-104 -983.987976 168 ) (-104 -983.987976 240 ) 
4 847 857 (-104 -735.987976 631.854980 ) (-104 -735.987976 240 ) (-104 -983.987976 240 ) (-104 -983.987976 631.854980 ) 
4 847 853 (0 -746.670044 168 ) (0 -752 168 ) (-56 -752 168 ) (-56 -746.670044 168 ) 
4 847 854 (0 -752 168 ) (0 -983.987976 168 ) (-56 -983.987976 168 ) (-56 -752 168 ) 
4 847 852 (0 -741.330017 168 ) (0 -746.670044 168 ) (-56 -746.670044 168 ) (-56 -741.330017 168 ) 
4 847 851 (-56 -735.987976 168 ) (0 -735.987976 168 ) (0 -741.330017 168 ) (-56 -741.330017 168 ) 
4 847 855 (-104 -983.987976 168 ) (-104 -735.987976 168 ) (-56 -735.987976 168 ) (-56 -983.987976 168 ) 
4 847 848 (0 -983.987976 224 ) (0 -983.987976 631.854980 ) (-104 -983.987976 631.854980 ) (-104 -983.987976 224 ) 
4 847 849 (0 -983.987976 176 ) (0 -983.987976 216 ) (-104 -983.987976 216 ) (-104 -983.987976 176 ) 
4 848 857 (-104 -991.987976 240 ) (-104 -991.987976 631.854980 ) (-104 -983.987976 631.854980 ) (-104 -983.987976 240 ) 
4 848 850 (0 -991.987976 224 ) (0 -991.987976 631.854980 ) (-104 -991.987976 631.854980 ) (-104 -991.987976 224 ) 
4 849 850 (0 -991.987976 176 ) (0 -991.987976 216 ) (-104 -991.987976 216 ) (-104 -991.987976 176 ) 
4 850 896 (0 -1024 168 ) (0 -1024 216 ) (-104 -1024 216 ) (-104 -1024 168 ) 
4 850 893 (0 -1024 216 ) (0 -1024 631.854980 ) (-104 -1024 631.854980 ) (-104 -1024 216 ) 
4 850 878 (-104 -1024 224 ) (-104 -1024 631.854980 ) (-104 -991.987976 631.854980 ) (-104 -991.987976 224 ) 
4 850 879 (-104 -1024 176 ) (-104 -1024 216 ) (-104 -991.987976 216 ) (-104 -991.987976 176 ) 
4 850 854 (-56 -991.987976 168 ) (0 -991.987976 168 ) (0 -1024 168 ) (-56 -1024 168 ) 
4 850 855 (-104 -1024 168 ) (-104 -991.987976 168 ) (-56 -991.987976 168 ) (-56 -1024 168 ) 
4 851 852 (-56 -741.330017 168 ) (-56 -741.330017 76 ) (0 -741.330017 76 ) (0 -741.330017 168 ) 
4 851 855 (-56 -741.330017 76 ) (-56 -741.330017 168 ) (-56 -735.987976 168 ) (-56 -735.987976 76 ) 
4 852 853 (-56 -746.670044 168 ) (-56 -746.670044 72 ) (0 -746.670044 72 ) (0 -746.670044 168 ) 
4 852 855 (-56 -746.670044 72 ) (-56 -746.670044 168 ) (-56 -741.330017 168 ) (-56 -741.330017 72 ) 
4 853 854 (-56 -752 168 ) (-56 -752 68 ) (0 -752 68 ) (0 -752 168 ) 
4 853 855 (-56 -752 68 ) (-56 -752 168 ) (-56 -746.670044 168 ) (-56 -746.670044 68 ) 
4 854 896 (0 -1024 64 ) (0 -1024 168 ) (-56 -1024 168 ) (-56 -1024 64 ) 
4 854 855 (-56 -752 64 ) (-56 -1024 64 ) (-56 -1024 168 ) (-56 -752 168 ) 
4 855 896 (-56 -1024 168 ) (-104 -1024 168 ) (-104 -1024 64 ) (-56 -1024 64 ) 
4 855 880 (-104 -991.987976 64 ) (-104 -1024 64 ) (-104 -1024 168 ) (-104 -991.987976 168 ) 
4 855 858 (-104 -735.987976 168 ) (-104 -735.987976 64 ) (-104 -983.987976 64 ) (-104 -983.987976 168 ) 
4 856 900 (0 -1024 -120 ) (0 -1024 58 ) (-104 -1024 58 ) (-104 -1024 -120 ) 
4 856 882 (-104 -991.987976 -120 ) (-104 -1024 -120 ) (-104 -1024 58 ) (-104 -991.987976 58 ) 
4 856 859 (-104 -735.987976 58 ) (-104 -735.987976 0 ) (-104 -983.987976 0 ) (-104 -983.987976 58 ) 
4 856 860 (-104 -735.987976 0 ) (-104 -735.987976 -120 ) (-104 -991.987976 -120 ) (-104 -991.987976 0 ) 
4 857 878 (-112 -991.987976 240 ) (-104 -991.987976 240 ) (-104 -991.987976 631.854980 ) (-112 -991.987976 631.854980 ) 
4 857 881 (-448 -991.987976 631.854980 ) (-448 -991.987976 240 ) (-112 -991.987976 240 ) (-112 -991.987976 631.854980 ) 
4 857 861 (-112 -991.987976 240 ) (-448 -991.987976 240 ) (-448 -735.987976 240 ) (-112 -735.987976 240 ) 
4 857 858 (-112 -983.987976 240 ) (-112 -735.987976 240 ) (-104 -735.987976 240 ) (-104 -983.987976 240 ) 
4 857 883 (-448 -991.987976 240 ) (-448 -991.987976 631.854980 ) (-448 -735.987976 631.854980 ) (-448 -735.987976 240 ) 
4 858 866 (-112 -735.987976 96 ) (-112 -735.987976 64 ) (-112 -983.987976 64 ) (-112 -983.987976 96 ) 
4 858 861 (-112 -983.987976 240 ) (-112 -735.987976 240 ) (-112 -735.987976 96 ) (-112 -983.987976 96 ) 
4 859 867 (-112 -983.987976 58 ) (-112 -735.987976 58 ) (-112 -735.987976 0 ) (-112 -983.987976 0 ) 
4 859 860 (-112 -983.987976 0 ) (-112 -735.987976 0 ) (-104 -735.987976 0 ) (-104 -983.987976 0 ) 
4 860 882 (-112 -991.987976 -120 ) (-104 -991.987976 -120 ) (-104 -991.987976 0 ) (-112 -991.987976 0 ) 
4 860 867 (-112 -735.987976 -120 ) (-112 -991.987976 -120 ) (-112 -991.987976 0 ) (-112 -735.987976 0 ) 
4 861 881 (-448 -991.987976 240 ) (-448 -991.987976 96 ) (-112 -991.987976 96 ) (-112 -991.987976 240 ) 
3 861 874 (-432.004059 -767.989502 96 ) (-440.986633 -771.255798 96 ) (-443.729309 -763.721252 96 ) 
3 861 873 (-448 -773.806030 96 ) (-448 -751.989014 96 ) (-440.986633 -771.255798 96 ) 
3 861 872 (-420.264008 -740.261108 96 ) (-412.729156 -743.006042 96 ) (-416 -751.985596 96 ) 
3 861 870 (-431.993927 -735.987976 96 ) (-410.173492 -735.987976 96 ) (-412.729156 -743.006042 96 ) 
3 861 868 (-410.173492 -735.987976 96 ) (-343.997040 -735.987976 96 ) (-420.273743 -763.724060 96 ) 
5 861 866 (-112 -735.987976 96 ) (-112 -991.987976 96 ) (-448 -991.987976 96 ) (-448 -773.806030 96 ) (-343.997040 -735.987976 96 ) 
3 861 864 (-448 -751.989014 96 ) (-448 -741.804993 96 ) (-443.733582 -740.253906 96 ) 
3 861 862 (-448 -741.804993 96 ) (-448 -735.987976 96 ) (-432 -735.987976 96 ) 
4 861 883 (-448 -991.987976 96 ) (-448 -991.987976 240 ) (-448 -735.987976 240 ) (-448 -735.987976 96 ) 
4 862 864 (-443.733856 -740.254578 96 ) (-448 -741.805603 96 ) (-448 -741.805603 64 ) (-443.733917 -740.254639 64 ) 
4 862 883 (-448 -741.804993 64 ) (-448 -741.804993 96 ) (-448 -735.987976 96 ) (-448 -735.987976 64 ) 
4 863 865 (-448 -741.805603 58 ) (-448 -741.805603 -120 ) (-443.734253 -740.254761 -120 ) (-443.733917 -740.254639 58 ) 
4 863 883 (-448 -735.987976 -120 ) (-448 -741.804993 -120 ) (-448 -741.804993 58 ) (-448 -735.987976 58 ) 
4 864 883 (-448 -751.988831 64 ) (-448 -751.989014 96 ) (-448 -741.804993 96 ) (-448 -741.804993 64 ) 
4 865 883 (-448 -741.804993 -120 ) (-448 -751.987976 -120 ) (-448 -751.988831 58 ) (-448 -741.804993 58 ) 
4 866 881 (-448 -991.987976 96 ) (-448 -991.987976 64 ) (-112 -991.987976 64 ) (-112 -991.987976 96 ) 
4 866 874 (-440.987030 -771.254761 96 ) (-432.005615 -767.988892 96 ) (-432.005066 -767.988708 64 ) (-440.987030 -771.254761 64 ) 
4 866 873 (-448 -773.804871 64 ) (-448 -773.804871 96 ) (-440.987030 -771.254761 96 ) (-440.987030 -771.254761 64 ) 
4 866 868 (-420.273285 -763.722778 96 ) (-344 -735.987976 96 ) (-344 -735.987976 64 ) (-420.273254 -763.722778 64 ) 
4 866 883 (-448 -991.987976 64 ) (-448 -991.987976 96 ) (-448 -773.806030 96 ) (-448 -773.806030 64 ) 
4 867 882 (-448 -991.987976 58 ) (-448 -991.987976 -120 ) (-112 -991.987976 -120 ) (-112 -991.987976 58 ) 
4 867 877 (-440.987030 -771.254761 58 ) (-432.004883 -767.988647 58 ) (-432.001495 -767.987427 -120 ) (-440.987030 -771.254761 -120 ) 
4 867 876 (-448 -773.804871 -120 ) (-448 -773.804871 58 ) (-440.987030 -771.254761 58 ) (-440.987030 -771.254761 -120 ) 
4 867 869 (-420.273285 -763.722778 58 ) (-344 -735.987976 58 ) (-344 -735.987976 -120 ) (-420.273254 -763.722778 -120 ) 
4 867 883 (-448 -773.805969 -120 ) (-448 -991.987976 -120 ) (-448 -991.987976 58 ) (-448 -773.806030 58 ) 
4 868 872 (-416 -751.985718 96 ) (-412.729095 -743.006104 96 ) (-412.729218 -743.006409 64 ) (-415.998840 -751.985046 64 ) 
4 868 870 (-412.729095 -743.006104 96 ) (-410.173401 -735.987976 96 ) (-410.173401 -735.987976 64 ) (-412.729218 -743.006409 64 ) 
4 869 875 (-412.729797 -743.008057 -120 ) (-415.997345 -751.980957 -120 ) (-415.998779 -751.984924 58 ) (-412.729218 -743.006470 58 ) 
4 869 871 (-410.173401 -735.987976 -120 ) (-412.729797 -743.008057 -120 ) (-412.729218 -743.006470 58 ) (-410.173401 -735.987976 58 ) 
4 870 872 (-412.728302 -743.006287 64 ) (-412.728210 -743.005981 96 ) (-420.264191 -740.260803 96 ) (-420.263428 -740.261414 64 ) 
4 871 875 (-420.259186 -740.264832 -120 ) (-412.728912 -743.007935 -120 ) (-412.728333 -743.006348 58 ) (-420.263336 -740.261475 58 ) 
4 873 874 (-440.986053 -771.255493 96 ) (-440.986053 -771.255493 64 ) (-443.728485 -763.721191 64 ) (-443.728333 -763.721619 96 ) 
4 873 883 (-448 -773.806030 64 ) (-448 -773.806030 96 ) (-448 -751.989014 96 ) (-448 -751.988831 64 ) 
4 876 877 (-443.728638 -763.721008 58 ) (-440.986115 -771.255554 58 ) (-440.986115 -771.255554 -120 ) (-443.729675 -763.718140 -120 ) 
4 876 883 (-448 -751.987976 -120 ) (-448 -773.805969 -120 ) (-448 -773.806030 58 ) (-448 -751.988831 58 ) 
4 878 894 (-104 -1024 224 ) (-104 -1024 631.854980 ) (-112 -1024 631.854980 ) (-112 -1024 224 ) 
4 878 881 (-112 -991.987976 631.854980 ) (-112 -991.987976 224 ) (-112 -1024 224 ) (-112 -1024 631.854980 ) 
4 879 897 (-104 -1024 176 ) (-104 -1024 216 ) (-112 -1024 216 ) (-112 -1024 176 ) 
4 879 881 (-112 -991.987976 216 ) (-112 -991.987976 176 ) (-112 -1024 176 ) (-112 -1024 216 ) 
4 880 898 (-104 -1024 64 ) (-104 -1024 168 ) (-112 -1024 168 ) (-112 -1024 64 ) 
4 880 881 (-112 -991.987976 168 ) (-112 -991.987976 64 ) (-112 -1024 64 ) (-112 -1024 168 ) 
4 881 899 (-448 -1024 216 ) (-448 -1024 64 ) (-112 -1024 64 ) (-112 -1024 216 ) 
4 881 895 (-112 -1024 631.854980 ) (-448 -1024 631.854980 ) (-448 -1024 216 ) (-112 -1024 216 ) 
4 881 883 (-448 -1024 64 ) (-448 -1024 631.854980 ) (-448 -991.987976 631.854980 ) (-448 -991.987976 64 ) 
4 882 900 (-448 -1024 -120 ) (-104 -1024 -120 ) (-104 -1024 58 ) (-448 -1024 58 ) 
4 882 883 (-448 -991.987976 -120 ) (-448 -1024 -120 ) (-448 -1024 58 ) (-448 -991.987976 58 ) 
4 883 901 (-1024 -1024 64 ) (-1024 -1024 -120 ) (-448 -1024 -120 ) (-448 -1024 64 ) 
4 883 899 (-1024 -1024 216 ) (-1024 -1024 64 ) (-448 -1024 64 ) (-448 -1024 216 ) 
4 883 895 (-1024 -1024 631.854980 ) (-1024 -1024 216 ) (-448 -1024 216 ) (-448 -1024 631.854980 ) 
4 883 889 (-1024 -1024 -120 ) (-1024 -1024 631.854980 ) (-1024 -735.987976 631.854980 ) (-1024 -735.987976 -120 ) 
4 884 929 (0 -1024 -247.855011 ) (0 -1024 -166 ) (-1024 -1024 -166 ) (-1024 -1024 -247.855011 ) 
4 884 890 (-1024 -1024 -247.855011 ) (-1024 -1024 -166 ) (-1024 -735.987976 -166 ) (-1024 -735.987976 -247.855011 ) 
4 885 889 (-1024 0 -120 ) (-1024 0 631.854980 ) (-2048 0 631.854980 ) (-2048 0 -120 ) 
4 885 887 (-2048 1024 631.854980 ) (-2048 1024 -120 ) (-2048 0 -120 ) (-2048 0 631.854980 ) 
4 886 890 (-1024 0 -247.855011 ) (-1024 0 -166 ) (-2048 0 -166 ) (-2048 0 -247.855011 ) 
4 886 888 (-2048 1024 -166 ) (-2048 1024 -247.855011 ) (-2048 0 -247.855011 ) (-2048 0 -166 ) 
4 887 943 (-3072 1024 631.854980 ) (-3072 1024 -120 ) (-3072 0 -120 ) (-3072 0 631.854980 ) 
4 887 891 (-2048 0 -120 ) (-2048 0 631.854980 ) (-3072 0 631.854980 ) (-3072 0 -120 ) 
4 888 944 (-3072 1024 -166 ) (-3072 1024 -247.855011 ) (-3072 0 -247.855011 ) (-3072 0 -166 ) 
4 888 892 (-2048 0 -247.855011 ) (-2048 0 -166 ) (-3072 0 -166 ) (-3072 0 -247.855011 ) 
4 889 930 (-1024 -1024 -120 ) (-1024 -1024 631.854980 ) (-2048 -1024 631.854980 ) (-2048 -1024 -120 ) 
4 889 891 (-2048 0 631.854980 ) (-2048 0 -120 ) (-2048 -1024 -120 ) (-2048 -1024 631.854980 ) 
4 890 931 (-1024 -1024 -247.855011 ) (-1024 -1024 -166 ) (-2048 -1024 -166 ) (-2048 -1024 -247.855011 ) 
4 890 892 (-2048 0 -166 ) (-2048 0 -247.855011 ) (-2048 -1024 -247.855011 ) (-2048 -1024 -166 ) 
4 891 945 (-3072 -1024 -120 ) (-3072 -1024 631.854980 ) (-3072 0 631.854980 ) (-3072 0 -120 ) 
4 891 932 (-2048 -1024 -120 ) (-2048 -1024 631.854980 ) (-3072 -1024 631.854980 ) (-3072 -1024 -120 ) 
4 892 946 (-3072 -1024 -247.855011 ) (-3072 -1024 -166 ) (-3072 0 -166 ) (-3072 0 -247.855011 ) 
4 892 933 (-2048 -1024 -247.855011 ) (-2048 -1024 -166 ) (-3072 -1024 -166 ) (-3072 -1024 -247.855011 ) 
4 893 903 (0 -1183.989990 224 ) (0 -1183.989990 240 ) (-104 -1183.989990 240 ) (-104 -1183.989990 224 ) 
4 893 902 (0 -1183.989990 240 ) (0 -1183.989990 631.854980 ) (-104 -1183.989990 631.854980 ) (-104 -1183.989990 240 ) 
4 893 896 (0 -1183.989990 216 ) (-104 -1183.989990 216 ) (-104 -1024 216 ) (0 -1024 216 ) 
4 893 894 (-104 -1183.989990 224 ) (-104 -1183.989990 631.854980 ) (-104 -1024 631.854980 ) (-104 -1024 224 ) 
4 894 902 (-104 -1183.989990 240 ) (-104 -1183.989990 631.854980 ) (-112 -1183.989990 631.854980 ) (-112 -1183.989990 240 ) 
4 894 895 (-112 -1183.989990 224 ) (-112 -1183.989990 631.854980 ) (-112 -1024 631.854980 ) (-112 -1024 224 ) 
4 895 930 (-1024 -1024 631.854980 ) (-1024 -1024 216 ) (-1024 -1183.989990 216 ) (-1024 -1183.989990 631.854980 ) 
4 895 907 (-448 -1183.989990 216 ) (-112 -1183.989990 216 ) (-112 -1183.989990 240 ) (-448 -1183.989990 240 ) 
4 895 928 (-1024 -1183.989990 240 ) (-1024 -1183.989990 216 ) (-448 -1183.989990 216 ) (-448 -1183.989990 240 ) 
4 895 902 (-1024 -1183.989990 631.854980 ) (-1024 -1183.989990 240 ) (-112 -1183.989990 240 ) (-112 -1183.989990 631.854980 ) 
4 895 899 (-112 -1183.989990 216 ) (-1024 -1183.989990 216 ) (-1024 -1024 216 ) (-112 -1024 216 ) 
4 896 905 (-104 -1183.989990 64 ) (0 -1183.989990 64 ) (0 -1183.989990 168 ) (-104 -1183.989990 168 ) 
4 896 904 (0 -1183.989990 176 ) (0 -1183.989990 216 ) (-104 -1183.989990 216 ) (-104 -1183.989990 176 ) 
4 896 897 (-104 -1183.989990 176 ) (-104 -1183.989990 216 ) (-104 -1024 216 ) (-104 -1024 176 ) 
4 896 898 (-104 -1024 64 ) (-104 -1183.989990 64 ) (-104 -1183.989990 168 ) (-104 -1024 168 ) 
4 897 899 (-112 -1183.989990 176 ) (-112 -1183.989990 216 ) (-112 -1024 216 ) (-112 -1024 176 ) 
4 898 899 (-112 -1024 64 ) (-112 -1183.989990 64 ) (-112 -1183.989990 168 ) (-112 -1024 168 ) 
4 899 930 (-1024 -1024 216 ) (-1024 -1024 64 ) (-1024 -1183.989990 64 ) (-1024 -1183.989990 216 ) 
4 899 907 (-448 -1183.989990 64 ) (-112 -1183.989990 64 ) (-112 -1183.989990 216 ) (-448 -1183.989990 216 ) 
4 899 928 (-1024 -1183.989990 216 ) (-1024 -1183.989990 64 ) (-448 -1183.989990 64 ) (-448 -1183.989990 216 ) 
4 899 901 (-448 -1183.989990 64 ) (-1024 -1183.989990 64 ) (-1024 -1024 64 ) (-448 -1024 64 ) 
4 900 908 (-112 -1183.989990 58 ) (-448 -1183.989990 58 ) (-448 -1183.989990 0 ) (-112 -1183.989990 0 ) 
4 900 909 (-448 -1183.989990 -120 ) (-104 -1183.989990 -120 ) (-104 -1183.989990 0 ) (-448 -1183.989990 0 ) 
4 900 906 (-104 -1183.989990 -120 ) (0 -1183.989990 -120 ) (0 -1183.989990 58 ) (-104 -1183.989990 58 ) 
4 900 901 (-448 -1024 -120 ) (-448 -1183.989990 -120 ) (-448 -1183.989990 58 ) (-448 -1024 58 ) 
4 901 930 (-1024 -1024 64 ) (-1024 -1024 -120 ) (-1024 -1183.989990 -120 ) (-1024 -1183.989990 64 ) 
4 901 928 (-1024 -1183.989990 64 ) (-1024 -1183.989990 -120 ) (-448 -1183.989990 -120 ) (-448 -1183.989990 64 ) 
4 902 934 (0 -2048 240 ) (0 -2048 631.854980 ) (-1024 -2048 631.854980 ) (-1024 -2048 240 ) 
4 902 930 (-1024 -2048 240 ) (-1024 -2048 631.854980 ) (-1024 -1183.989990 631.854980 ) (-1024 -1183.989990 240 ) 
4 902 910 (0 -2048 240 ) (-448 -2048 240 ) (-448 -1191.989990 240 ) (0 -1191.989990 240 ) 
4 902 907 (-448 -1191.989990 240 ) (-448 -1183.989990 240 ) (-112 -1183.989990 240 ) (-112 -1191.989990 240 ) 
4 902 903 (-104 -1183.989990 240 ) (0 -1183.989990 240 ) (0 -1191.989990 240 ) (-104 -1191.989990 240 ) 
4 902 928 (-448 -2048 240 ) (-1024 -2048 240 ) (-1024 -1183.989990 240 ) (-448 -1183.989990 240 ) 
4 903 910 (0 -1191.989990 224 ) (0 -1191.989990 240 ) (-104 -1191.989990 240 ) (-104 -1191.989990 224 ) 
4 904 910 (0 -1191.989990 176 ) (0 -1191.989990 216 ) (-104 -1191.989990 216 ) (-104 -1191.989990 176 ) 
4 905 911 (0 -1191.989990 64 ) (0 -1191.989990 96 ) (-104 -1191.989990 96 ) (-104 -1191.989990 64 ) 
4 905 910 (0 -1191.989990 96 ) (0 -1191.989990 168 ) (-104 -1191.989990 168 ) (-104 -1191.989990 96 ) 
4 906 912 (-104 -1191.989990 -120 ) (0 -1191.989990 -120 ) (0 -1191.989990 58 ) (-104 -1191.989990 58 ) 
4 906 909 (-104 -1191.989990 -120 ) (-104 -1191.989990 0 ) (-104 -1183.989990 0 ) (-104 -1183.989990 -120 ) 
4 907 921 (-398.609344 -1191.989990 64 ) (-366.468597 -1191.989990 64 ) (-366.468445 -1191.989990 96 ) (-398.609497 -1191.989990 96 ) 
4 907 919 (-448 -1191.989990 96 ) (-448 -1191.989990 64 ) (-398.609344 -1191.989990 64 ) (-398.609497 -1191.989990 96 ) 
4 907 911 (-366.468597 -1191.989990 64 ) (-112 -1191.989990 64 ) (-112 -1191.989990 96 ) (-366.468445 -1191.989990 96 ) 
4 907 910 (-448 -1191.989990 240 ) (-448 -1191.989990 96 ) (-112 -1191.989990 96 ) (-112 -1191.989990 240 ) 
4 907 928 (-448 -1191.989990 240 ) (-448 -1183.989990 240 ) (-448 -1183.989990 64 ) (-448 -1191.989990 64 ) 
4 908 924 (-398.609070 -1191.989990 0 ) (-366.468872 -1191.989990 0 ) (-366.468628 -1191.989990 58 ) (-398.609314 -1191.989990 58 ) 
4 908 920 (-448 -1191.989990 58 ) (-448 -1191.989990 0 ) (-398.609070 -1191.989990 0 ) (-398.609314 -1191.989990 58 ) 
4 908 912 (-366.468872 -1191.989990 0 ) (-112 -1191.989990 0 ) (-112 -1191.989990 58 ) (-366.468628 -1191.989990 58 ) 
4 908 928 (-448 -1183.989990 58 ) (-448 -1183.989990 0 ) (-448 -1191.989990 0 ) (-448 -1191.989990 58 ) 
4 908 909 (-112 -1191.989990 0 ) (-448 -1191.989990 0 ) (-448 -1183.989990 0 ) (-112 -1183.989990 0 ) 
4 909 924 (-398.608490 -1191.989990 -120 ) (-366.469421 -1191.989990 -120 ) (-366.468872 -1191.989990 0 ) (-398.609070 -1191.989990 0 ) 
4 909 920 (-448 -1191.989990 0 ) (-448 -1191.989990 -120 ) (-398.608490 -1191.989990 -120 ) (-398.609070 -1191.989990 0 ) 
4 909 912 (-366.469421 -1191.989990 -120 ) (-104 -1191.989990 -120 ) (-104 -1191.989990 0 ) (-366.468872 -1191.989990 0 ) 
4 909 928 (-448 -1183.989990 0 ) (-448 -1183.989990 -120 ) (-448 -1191.989990 -120 ) (-448 -1191.989990 0 ) 
4 910 934 (0 -2048 96 ) (0 -2048 240 ) (-448 -2048 240 ) (-448 -2048 96 ) 
3 910 923 (-431.996063 -1311.988647 96 ) (-423.027466 -1308.727173 96 ) (-420.284454 -1316.245972 96 ) 
3 910 922 (-423.027466 -1308.727173 96 ) (-406.839569 -1302.840332 96 ) (-416 -1327.991333 96 ) 
4 910 921 (-443.739838 -1316.259277 96 ) (-398.609497 -1191.989990 96 ) (-366.468445 -1191.989990 96 ) (-406.839569 -1302.840332 96 ) 
3 910 919 (-448 -1327.989868 96 ) (-448 -1191.989990 96 ) (-398.609497 -1191.989990 96 ) 
3 910 917 (-448 -1338.164795 96 ) (-448 -1327.989868 96 ) (-443.723145 -1339.722168 96 ) 
3 910 915 (-448 -1343.989990 96 ) (-448 -1338.164795 96 ) (-432.003326 -1343.989990 96 ) 
3 910 913 (-420.270660 -1339.719116 96 ) (-421.826111 -1343.989990 96 ) (-432 -1343.989990 96 ) 
4 910 911 (-366.468445 -1191.989990 96 ) (0 -1191.989990 96 ) (0 -1343.989990 96 ) (-421.826111 -1343.989990 96 ) 
4 910 927 (-448 -2048 96 ) (-448 -1343.989990 96 ) (0 -1343.989990 96 ) (0 -2048 96 ) 
4 910 928 (-448 -2048 240 ) (-448 -1191.989990 240 ) (-448 -1191.989990 96 ) (-448 -2048 96 ) 
4 911 922 (-415.998322 -1327.994629 96 ) (-406.836945 -1302.839478 96 ) (-406.837097 -1302.839478 64 ) (-415.998383 -1327.994263 64 ) 
4 911 921 (-406.836945 -1302.839478 96 ) (-366.466095 -1191.989990 96 ) (-366.466248 -1191.989990 64 ) (-406.837097 -1302.839478 64 ) 
4 911 913 (-421.823914 -1343.989990 64 ) (-421.823761 -1343.989990 96 ) (-420.268005 -1339.718140 96 ) (-420.268158 -1339.718140 64 ) 
4 911 927 (0 -1343.989990 96 ) (-421.826111 -1343.989990 96 ) (-421.826263 -1343.989990 64 ) (0 -1343.989990 64 ) 
4 912 925 (-415.998413 -1327.994263 58 ) (-406.837158 -1302.839478 58 ) (-406.838074 -1302.839844 -120 ) (-415.998810 -1327.993164 -120 ) 
4 912 924 (-406.837158 -1302.839478 58 ) (-366.466278 -1191.989990 58 ) (-366.467102 -1191.989990 -120 ) (-406.838074 -1302.839844 -120 ) 
4 912 914 (-421.824768 -1343.989990 -120 ) (-421.823944 -1343.989990 58 ) (-420.268188 -1339.718140 58 ) (-420.269104 -1339.718506 -120 ) 
4 912 927 (-421.826294 -1343.989990 58 ) (-421.827118 -1343.989990 -120 ) (0 -1343.989990 -120 ) (0 -1343.989990 58 ) 
4 913 927 (-421.826111 -1343.989990 96 ) (-432 -1343.989990 96 ) (-432 -1343.989990 64 ) (-421.826263 -1343.989990 64 ) 
4 914 927 (-432 -1343.989990 58 ) (-432 -1343.989990 -120 ) (-421.827118 -1343.989990 -120 ) (-421.826294 -1343.989990 58 ) 
4 915 917 (-443.723450 -1339.721436 64 ) (-448 -1338.164063 64 ) (-448 -1338.164307 96 ) (-443.723358 -1339.721680 96 ) 
4 915 927 (-432 -1343.989990 96 ) (-448 -1343.989990 96 ) (-448 -1343.989990 64 ) (-432 -1343.989990 64 ) 
4 915 928 (-448 -1343.989990 64 ) (-448 -1343.989990 96 ) (-448 -1338.164795 96 ) (-448 -1338.164551 64 ) 
4 916 918 (-443.723785 -1339.720459 -120 ) (-448 -1338.163208 -120 ) (-448 -1338.164063 58 ) (-443.723419 -1339.721436 58 ) 
4 916 928 (-448 -1338.163574 -120 ) (-448 -1343.989990 -120 ) (-448 -1343.989990 58 ) (-448 -1338.164551 58 ) 
4 916 927 (-448 -1343.989990 58 ) (-448 -1343.989990 -120 ) (-432 -1343.989990 -120 ) (-432 -1343.989990 58 ) 
4 917 928 (-448 -1338.164551 64 ) (-448 -1338.164795 96 ) (-448 -1327.989868 96 ) (-448 -1327.989868 64 ) 
4 918 928 (-448 -1327.989868 -120 ) (-448 -1338.163574 -120 ) (-448 -1338.164551 58 ) (-448 -1327.989868 58 ) 
4 919 921 (-398.611176 -1191.989990 64 ) (-398.611328 -1191.989990 96 ) (-443.742859 -1316.260254 96 ) (-443.742676 -1316.260254 64 ) 
4 919 928 (-448 -1191.989990 96 ) (-448 -1191.989990 64 ) (-448 -1327.989868 64 ) (-448 -1327.989868 96 ) 
4 920 924 (-398.610321 -1191.989990 -120 ) (-398.611145 -1191.989990 58 ) (-443.742645 -1316.260254 58 ) (-443.741699 -1316.260010 -120 ) 
4 920 928 (-448 -1191.989990 58 ) (-448 -1191.989990 -120 ) (-448 -1327.989868 -120 ) (-448 -1327.989868 58 ) 
4 921 923 (-431.997742 -1311.988403 64 ) (-423.027771 -1308.726440 64 ) (-423.027771 -1308.726440 96 ) (-431.997131 -1311.988159 96 ) 
4 921 922 (-423.027771 -1308.726440 64 ) (-406.839386 -1302.839478 64 ) (-406.839203 -1302.839355 96 ) (-423.027771 -1308.726440 96 ) 
4 922 923 (-423.027344 -1308.730469 96 ) (-423.027344 -1308.730469 64 ) (-420.285614 -1316.245850 64 ) (-420.285767 -1316.245361 96 ) 
4 924 926 (-423.027710 -1308.726440 58 ) (-431.997864 -1311.988403 58 ) (-432.001068 -1311.989624 -120 ) (-423.027679 -1308.726440 -120 ) 
4 924 925 (-406.840790 -1302.840210 -120 ) (-406.839844 -1302.839844 58 ) (-423.027710 -1308.726440 58 ) (-423.027679 -1308.726440 -120 ) 
4 925 926 (-423.027344 -1308.728516 58 ) (-423.027344 -1308.728516 -120 ) (-420.283569 -1316.249146 -120 ) (-420.284546 -1316.246338 58 ) 
4 927 934 (0 -2048 -120 ) (0 -2048 96 ) (-448 -2048 96 ) (-448 -2048 -120 ) 
4 927 928 (-448 -1343.989990 -120 ) (-448 -2048 -120 ) (-448 -2048 96 ) (-448 -1343.989990 96 ) 
4 928 934 (-448 -2048 240 ) (-1024 -2048 240 ) (-1024 -2048 -120 ) (-448 -2048 -120 ) 
4 928 930 (-1024 -2048 -120 ) (-1024 -2048 240 ) (-1024 -1183.989990 240 ) (-1024 -1183.989990 -120 ) 
4 929 935 (0 -2048 -247.855011 ) (0 -2048 -166 ) (-1024 -2048 -166 ) (-1024 -2048 -247.855011 ) 
4 929 931 (-1024 -2048 -247.855011 ) (-1024 -2048 -166 ) (-1024 -1024 -166 ) (-1024 -1024 -247.855011 ) 
4 930 937 (-1024 -2048 -120 ) (-1024 -2048 631.854980 ) (-2048 -2048 631.854980 ) (-2048 -2048 -120 ) 
4 930 932 (-2048 -1024 631.854980 ) (-2048 -1024 -120 ) (-2048 -2048 -120 ) (-2048 -2048 631.854980 ) 
4 931 938 (-1024 -2048 -247.855011 ) (-1024 -2048 -166 ) (-2048 -2048 -166 ) (-2048 -2048 -247.855011 ) 
4 931 933 (-2048 -1024 -166 ) (-2048 -1024 -247.855011 ) (-2048 -2048 -247.855011 ) (-2048 -2048 -166 ) 
4 932 953 (-3072 -2048 -120 ) (-3072 -2048 631.854980 ) (-3072 -1024 631.854980 ) (-3072 -1024 -120 ) 
4 932 940 (-3072 -2048 631.854980 ) (-3072 -2048 -120 ) (-2048 -2048 -120 ) (-2048 -2048 631.854980 ) 
4 933 954 (-3072 -2048 -247.855011 ) (-3072 -2048 -166 ) (-3072 -1024 -166 ) (-3072 -1024 -247.855011 ) 
4 933 941 (-3072 -2048 -166 ) (-3072 -2048 -247.855011 ) (-2048 -2048 -247.855011 ) (-2048 -2048 -166 ) 
4 934 937 (-1024 -2048 631.854980 ) (-1024 -2048 -120 ) (-1024 -2432 -120 ) (-1024 -2432 631.854980 ) 
4 934 936 (0 -2432 -120 ) (0 -2432 631.854980 ) (-1024 -2432 631.854980 ) (-1024 -2432 -120 ) 
4 935 938 (-1024 -2048 -166 ) (-1024 -2048 -247.855011 ) (-1024 -2432 -247.855011 ) (-1024 -2432 -166 ) 
4 935 936 (-1024 -2432 -247.855011 ) (0 -2432 -247.855011 ) (0 -2432 -166 ) (-1024 -2432 -166 ) 
4 936 939 (-1024 -2432 -247.855011 ) (-1024 -2555.159912 -247.855011 ) (-1024 -2555.159912 631.854980 ) (-1024 -2432 631.854980 ) 
4 937 940 (-2048 -2048 631.854980 ) (-2048 -2048 -120 ) (-2048 -2432 -120 ) (-2048 -2432 631.854980 ) 
4 937 939 (-1024 -2432 -120 ) (-1024 -2432 631.854980 ) (-2048 -2432 631.854980 ) (-2048 -2432 -120 ) 
4 938 941 (-2048 -2048 -166 ) (-2048 -2048 -247.855011 ) (-2048 -2432 -247.855011 ) (-2048 -2432 -166 ) 
4 938 939 (-2048 -2432 -247.855011 ) (-1024 -2432 -247.855011 ) (-1024 -2432 -166 ) (-2048 -2432 -166 ) 
4 939 942 (-2048 -2432 -247.855011 ) (-2048 -2555.159912 -247.855011 ) (-2048 -2555.159912 631.854980 ) (-2048 -2432 631.854980 ) 
4 940 958 (-3072 -2432 631.854980 ) (-3072 -2048 631.854980 ) (-3072 -2048 -120 ) (-3072 -2432 -120 ) 
4 940 942 (-2048 -2432 -120 ) (-2048 -2432 631.854980 ) (-3072 -2432 631.854980 ) (-3072 -2432 -120 ) 
4 941 959 (-3072 -2048 -166 ) (-3072 -2048 -247.855011 ) (-3072 -2432 -247.855011 ) (-3072 -2432 -166 ) 
4 941 942 (-3072 -2432 -247.855011 ) (-2048 -2432 -247.855011 ) (-2048 -2432 -166 ) (-3072 -2432 -166 ) 
4 942 960 (-3072 -2555.159912 631.854980 ) (-3072 -2432 631.854980 ) (-3072 -2432 -247.855011 ) (-3072 -2555.159912 -247.855011 ) 
4 943 947 (-4096 1024 631.854980 ) (-4096 1024 -120 ) (-4096 0 -120 ) (-4096 0 631.854980 ) 
4 943 945 (-3072 0 -120 ) (-3072 0 631.854980 ) (-4096 0 631.854980 ) (-4096 0 -120 ) 
4 944 948 (-4096 1024 -166 ) (-4096 1024 -247.855011 ) (-4096 0 -247.855011 ) (-4096 0 -166 ) 
4 944 946 (-3072 0 -247.855011 ) (-3072 0 -166 ) (-4096 0 -166 ) (-4096 0 -247.855011 ) 
4 945 953 (-3072 -1024 -120 ) (-3072 -1024 631.854980 ) (-4096 -1024 631.854980 ) (-4096 -1024 -120 ) 
4 945 950 (-4096 -1024 -120 ) (-4096 -1024 631.854980 ) (-4096 0 631.854980 ) (-4096 0 -120 ) 
4 946 954 (-3072 -1024 -247.855011 ) (-3072 -1024 -166 ) (-4096 -1024 -166 ) (-4096 -1024 -247.855011 ) 
4 946 951 (-4096 -1024 -247.855011 ) (-4096 -1024 -166 ) (-4096 0 -166 ) (-4096 0 -247.855011 ) 
4 947 950 (-4096 0 -120 ) (-4096 0 631.854980 ) (-4352 0 631.854980 ) (-4352 0 -120 ) 
4 947 949 (-4352 0 -120 ) (-4352 0 631.854980 ) (-4352 1024 631.854980 ) (-4352 1024 -120 ) 
4 948 951 (-4096 0 -247.855011 ) (-4096 0 -166 ) (-4352 0 -166 ) (-4352 0 -247.855011 ) 
4 948 949 (-4352 1024 -247.855011 ) (-4352 0 -247.855011 ) (-4352 0 -166 ) (-4352 1024 -166 ) 
4 949 952 (-4352 0 631.854980 ) (-4475.209961 0 631.854980 ) (-4475.209961 0 -247.855011 ) (-4352 0 -247.855011 ) 
4 950 955 (-4096 -1024 -120 ) (-4096 -1024 631.854980 ) (-4352 -1024 631.854980 ) (-4352 -1024 -120 ) 
4 950 952 (-4352 -1024 -120 ) (-4352 -1024 631.854980 ) (-4352 0 631.854980 ) (-4352 0 -120 ) 
4 951 956 (-4096 -1024 -247.855011 ) (-4096 -1024 -166 ) (-4352 -1024 -166 ) (-4352 -1024 -247.855011 ) 
4 951 952 (-4352 0 -247.855011 ) (-4352 -1024 -247.855011 ) (-4352 -1024 -166 ) (-4352 0 -166 ) 
4 952 957 (-4352 -1024 631.854980 ) (-4475.209961 -1024 631.854980 ) (-4475.209961 -1024 -247.855011 ) (-4352 -1024 -247.855011 ) 
4 953 958 (-3072 -2048 -120 ) (-3072 -2048 631.854980 ) (-4096 -2048 631.854980 ) (-4096 -2048 -120 ) 
4 953 955 (-4096 -2048 -120 ) (-4096 -2048 631.854980 ) (-4096 -1024 631.854980 ) (-4096 -1024 -120 ) 
4 954 959 (-3072 -2048 -247.855011 ) (-3072 -2048 -166 ) (-4096 -2048 -166 ) (-4096 -2048 -247.855011 ) 
4 954 956 (-4096 -2048 -247.855011 ) (-4096 -2048 -166 ) (-4096 -1024 -166 ) (-4096 -1024 -247.855011 ) 
4 955 961 (-4096 -2048 -120 ) (-4096 -2048 631.854980 ) (-4352 -2048 631.854980 ) (-4352 -2048 -120 ) 
4 955 957 (-4352 -2048 -120 ) (-4352 -2048 631.854980 ) (-4352 -1024 631.854980 ) (-4352 -1024 -120 ) 
4 956 962 (-4096 -2048 -247.855011 ) (-4096 -2048 -166 ) (-4352 -2048 -166 ) (-4352 -2048 -247.855011 ) 
4 956 957 (-4352 -1024 -247.855011 ) (-4352 -2048 -247.855011 ) (-4352 -2048 -166 ) (-4352 -1024 -166 ) 
4 957 964 (-4352 -2048 631.854980 ) (-4475.209961 -2048 631.854980 ) (-4475.209961 -2048 -247.855011 ) (-4352 -2048 -247.855011 ) 
4 958 961 (-4096 -2048 631.854980 ) (-4096 -2048 -120 ) (-4096 -2432 -120 ) (-4096 -2432 631.854980 ) 
4 958 960 (-3072 -2432 -120 ) (-3072 -2432 631.854980 ) (-4096 -2432 631.854980 ) (-4096 -2432 -120 ) 
4 959 962 (-4096 -2048 -166 ) (-4096 -2048 -247.855011 ) (-4096 -2432 -247.855011 ) (-4096 -2432 -166 ) 
4 959 960 (-4096 -2432 -247.855011 ) (-3072 -2432 -247.855011 ) (-3072 -2432 -166 ) (-4096 -2432 -166 ) 
4 960 963 (-4096 -2432 -247.855011 ) (-4096 -2555.159912 -247.855011 ) (-4096 -2555.159912 631.854980 ) (-4096 -2432 631.854980 ) 
4 961 964 (-4352 -2432 -120 ) (-4352 -2432 631.854980 ) (-4352 -2048 631.854980 ) (-4352 -2048 -120 ) 
4 961 963 (-4352 -2432 631.854980 ) (-4352 -2432 -120 ) (-4096 -2432 -120 ) (-4096 -2432 631.854980 ) 
4 962 963 (-4352 -2432 -166 ) (-4352 -2432 -247.855011 ) (-4096 -2432 -247.855011 ) (-4096 -2432 -166 ) 
4 962 964 (-4352 -2048 -247.855011 ) (-4352 -2432 -247.855011 ) (-4352 -2432 -166 ) (-4352 -2048 -166 ) 
4 963 964 (-4352 -2432 -247.855011 ) (-4352 -2555.159912 -247.855011 ) (-4352 -2555.159912 631.854980 ) (-4352 -2432 631.854980 ) 
