PRT1
1571
5121
4 0 6 (8192 6144 -232 ) (8192 6144 -120 ) (8192 6920 -120 ) (8192 6920 -232 ) 
4 0 3 (8192 6144 -120 ) (8192 6144 0 ) (8192 6920 0 ) (8192 6920 -120 ) 
4 0 2 (8192 6144 0 ) (8192 6144 632 ) (8192 6920 632 ) (8192 6920 0 ) 
4 0 1 (8192 6144 632 ) (8192 6144 -232 ) (8360 6144 -232 ) (8360 6144 632 ) 
4 1 22 (8360 5120 632 ) (8192 5120 632 ) (8192 5120 -232 ) (8360 5120 -232 ) 
4 1 18 (8192 5120 -232 ) (8192 5120 -166 ) (8192 6144 -166 ) (8192 6144 -232 ) 
4 1 17 (8192 5120 -166 ) (8192 5120 -120 ) (8192 6144 -120 ) (8192 6144 -166 ) 
4 1 15 (8192 5120 -120 ) (8192 5120 0 ) (8192 6144 0 ) (8192 6144 -120 ) 
4 1 14 (8192 5120 0 ) (8192 5120 632 ) (8192 6144 632 ) (8192 6144 0 ) 
4 2 14 (8192 6144 0 ) (8192 6144 632 ) (7168 6144 632 ) (7168 6144 0 ) 
4 2 9 (7168 6920 0 ) (7168 6144 0 ) (7168 6144 632 ) (7168 6920 632 ) 
4 2 5 (7680 6144 0 ) (7168 6144 0 ) (7168 6400 0 ) (7680 6400 0 ) 
4 2 4 (7168 6400 0 ) (7168 6920 0 ) (7680 6920 0 ) (7680 6400 0 ) 
4 2 3 (8192 6144 0 ) (7680 6144 0 ) (7680 6920 0 ) (8192 6920 0 ) 
4 3 15 (8192 6144 -120 ) (8192 6144 0 ) (7680 6144 0 ) (7680 6144 -120 ) 
4 3 7 (7680 6480 -120 ) (7680 6920 -120 ) (7976 6920 -120 ) (7976 6480 -120 ) 
4 3 6 (8192 6144 -120 ) (7976 6144 -120 ) (7976 6920 -120 ) (8192 6920 -120 ) 
4 3 5 (7680 6400 -120 ) (7680 6144 -120 ) (7680 6144 0 ) (7680 6400 0 ) 
4 3 4 (7680 6920 0 ) (7680 6920 -120 ) (7680 6400 -120 ) (7680 6400 0 ) 
4 4 10 (7168 6920 -120 ) (7168 6400 -120 ) (7168 6400 0 ) (7168 6920 0 ) 
4 4 7 (7168 6480 -120 ) (7168 6920 -120 ) (7680 6920 -120 ) (7680 6480 -120 ) 
4 4 5 (7168 6400 -120 ) (7680 6400 -120 ) (7680 6400 0 ) (7168 6400 0 ) 
4 5 16 (7680 6144 0 ) (7168 6144 0 ) (7168 6144 -120 ) (7680 6144 -120 ) 
4 5 11 (7168 6400 -120 ) (7168 6144 -120 ) (7168 6144 0 ) (7168 6400 0 ) 
4 6 18 (8192 6144 -232 ) (8192 6144 -166 ) (7976 6144 -166 ) (7976 6144 -232 ) 
4 6 17 (8192 6144 -166 ) (8192 6144 -120 ) (7976 6144 -120 ) (7976 6144 -166 ) 
4 6 8 (7976 6480 -232 ) (7976 6144 -232 ) (7976 6144 -166 ) (7976 6480 -166 ) 
4 6 7 (7976 6920 -120 ) (7976 6920 -232 ) (7976 6480 -232 ) (7976 6480 -120 ) 
4 7 12 (7168 6920 -232 ) (7168 6480 -232 ) (7168 6480 -120 ) (7168 6920 -120 ) 
4 7 8 (7168 6480 -232 ) (7976 6480 -232 ) (7976 6480 -166 ) (7168 6480 -166 ) 
4 8 18 (7168 6144 -166 ) (7168 6144 -232 ) (7976 6144 -232 ) (7976 6144 -166 ) 
4 8 13 (7168 6480 -232 ) (7168 6144 -232 ) (7168 6144 -166 ) (7168 6480 -166 ) 
4 9 58 (6144 6144 0 ) (6144 6144 632 ) (6144 6920 632 ) (6144 6920 0 ) 
4 9 19 (6144 6144 632 ) (6144 6144 0 ) (7168 6144 0 ) (7168 6144 632 ) 
4 9 11 (7168 6400 0 ) (7168 6144 0 ) (6144 6144 0 ) (6144 6400 0 ) 
4 9 10 (7168 6920 0 ) (7168 6400 0 ) (6144 6400 0 ) (6144 6920 0 ) 
4 10 59 (6144 6400 0 ) (6144 6920 0 ) (6144 6920 -120 ) (6144 6400 -120 ) 
4 10 12 (7168 6920 -120 ) (7168 6480 -120 ) (6144 6480 -120 ) (6144 6920 -120 ) 
4 10 11 (6144 6400 -120 ) (7168 6400 -120 ) (7168 6400 0 ) (6144 6400 0 ) 
4 11 60 (6144 6144 -120 ) (6144 6144 0 ) (6144 6400 0 ) (6144 6400 -120 ) 
4 11 20 (6144 6144 0 ) (6144 6144 -120 ) (7168 6144 -120 ) (7168 6144 0 ) 
4 12 61 (6144 6480 -120 ) (6144 6920 -120 ) (6144 6920 -232 ) (6144 6480 -232 ) 
4 12 13 (6144 6480 -232 ) (7168 6480 -232 ) (7168 6480 -166 ) (6144 6480 -166 ) 
4 13 62 (6144 6144 -232 ) (6144 6144 -166 ) (6144 6480 -166 ) (6144 6480 -232 ) 
4 13 21 (6144 6144 -166 ) (6144 6144 -232 ) (7168 6144 -232 ) (7168 6144 -166 ) 
4 14 24 (8192 5120 0 ) (8192 5120 632 ) (7168 5120 632 ) (7168 5120 0 ) 
4 14 19 (7168 6144 632 ) (7168 6144 0 ) (7168 5120 0 ) (7168 5120 632 ) 
4 14 16 (7680 5120 0 ) (7168 5120 0 ) (7168 6144 0 ) (7680 6144 0 ) 
4 14 15 (8192 5120 0 ) (7680 5120 0 ) (7680 6144 0 ) (8192 6144 0 ) 
4 15 25 (8192 5120 -120 ) (8192 5120 0 ) (7680 5120 0 ) (7680 5120 -120 ) 
4 15 17 (7976 6144 -120 ) (8192 6144 -120 ) (8192 5120 -120 ) (7976 5120 -120 ) 
4 15 16 (7680 6144 -120 ) (7680 5120 -120 ) (7680 5120 0 ) (7680 6144 0 ) 
4 16 26 (7680 5120 0 ) (7168 5120 0 ) (7168 5120 -120 ) (7680 5120 -120 ) 
4 16 20 (7168 6144 0 ) (7168 6144 -120 ) (7168 5120 -120 ) (7168 5120 0 ) 
4 17 27 (8192 5120 -166 ) (8192 5120 -120 ) (7976 5120 -120 ) (7976 5120 -166 ) 
4 17 18 (8192 5120 -166 ) (7976 5120 -166 ) (7976 6144 -166 ) (8192 6144 -166 ) 
4 18 28 (8192 5120 -232 ) (8192 5120 -166 ) (7168 5120 -166 ) (7168 5120 -232 ) 
4 18 21 (7168 6144 -166 ) (7168 6144 -232 ) (7168 5120 -232 ) (7168 5120 -166 ) 
4 19 68 (6144 5120 0 ) (6144 5120 632 ) (6144 6144 632 ) (6144 6144 0 ) 
4 19 29 (7168 5120 0 ) (7168 5120 632 ) (6144 5120 632 ) (6144 5120 0 ) 
4 19 20 (6144 5120 0 ) (6144 6144 0 ) (7168 6144 0 ) (7168 5120 0 ) 
4 20 69 (6144 5120 -120 ) (6144 5120 0 ) (6144 6144 0 ) (6144 6144 -120 ) 
4 20 30 (7168 5120 -120 ) (7168 5120 0 ) (6144 5120 0 ) (6144 5120 -120 ) 
4 21 70 (6144 5120 -232 ) (6144 5120 -166 ) (6144 6144 -166 ) (6144 6144 -232 ) 
4 21 31 (7168 5120 -232 ) (7168 5120 -166 ) (6144 5120 -166 ) (6144 5120 -232 ) 
4 22 28 (8192 4096 -232 ) (8192 4096 -166 ) (8192 5120 -166 ) (8192 5120 -232 ) 
4 22 27 (8192 4096 -166 ) (8192 4096 -120 ) (8192 5120 -120 ) (8192 5120 -166 ) 
4 22 25 (8192 4096 -120 ) (8192 4096 0 ) (8192 5120 0 ) (8192 5120 -120 ) 
4 22 24 (8192 4096 0 ) (8192 4096 632 ) (8192 5120 632 ) (8192 5120 0 ) 
4 22 23 (8360 4096 632 ) (8192 4096 632 ) (8192 4096 -232 ) (8360 4096 -232 ) 
4 23 40 (8360 3072 632 ) (8192 3072 632 ) (8192 3072 -232 ) (8360 3072 -232 ) 
4 23 36 (8192 3072 -232 ) (8192 3072 -166 ) (8192 4096 -166 ) (8192 4096 -232 ) 
4 23 35 (8192 3072 -166 ) (8192 3072 -120 ) (8192 4096 -120 ) (8192 4096 -166 ) 
4 23 33 (8192 3072 -120 ) (8192 3072 0 ) (8192 4096 0 ) (8192 4096 -120 ) 
4 23 32 (8192 3072 0 ) (8192 3072 632 ) (8192 4096 632 ) (8192 4096 0 ) 
4 24 32 (8192 4096 0 ) (8192 4096 632 ) (7168 4096 632 ) (7168 4096 0 ) 
4 24 29 (7168 4096 0 ) (7168 4096 632 ) (7168 5120 632 ) (7168 5120 0 ) 
4 24 26 (7680 4096 0 ) (7168 4096 0 ) (7168 5120 0 ) (7680 5120 0 ) 
4 24 25 (8192 4096 0 ) (7680 4096 0 ) (7680 5120 0 ) (8192 5120 0 ) 
4 25 33 (8192 4096 -120 ) (8192 4096 0 ) (7680 4096 0 ) (7680 4096 -120 ) 
4 25 27 (7976 5120 -120 ) (8192 5120 -120 ) (8192 4096 -120 ) (7976 4096 -120 ) 
4 25 26 (7680 5120 -120 ) (7680 4096 -120 ) (7680 4096 0 ) (7680 5120 0 ) 
4 26 34 (7680 4096 0 ) (7168 4096 0 ) (7168 4096 -120 ) (7680 4096 -120 ) 
4 26 30 (7168 4096 -120 ) (7168 4096 0 ) (7168 5120 0 ) (7168 5120 -120 ) 
4 27 35 (8192 4096 -166 ) (8192 4096 -120 ) (7976 4096 -120 ) (7976 4096 -166 ) 
4 27 28 (8192 4096 -166 ) (7976 4096 -166 ) (7976 5120 -166 ) (8192 5120 -166 ) 
4 28 36 (8192 4096 -232 ) (8192 4096 -166 ) (7168 4096 -166 ) (7168 4096 -232 ) 
4 28 31 (7168 4096 -232 ) (7168 4096 -166 ) (7168 5120 -166 ) (7168 5120 -232 ) 
4 29 98 (6144 4096 0 ) (6144 4096 632 ) (6144 5120 632 ) (6144 5120 0 ) 
4 29 37 (6144 4096 632 ) (6144 4096 0 ) (7168 4096 0 ) (7168 4096 632 ) 
4 29 30 (6144 5120 0 ) (7168 5120 0 ) (7168 4096 0 ) (6144 4096 0 ) 
4 30 99 (6144 4096 -120 ) (6144 4096 0 ) (6144 5120 0 ) (6144 5120 -120 ) 
4 30 38 (6144 4096 0 ) (6144 4096 -120 ) (7168 4096 -120 ) (7168 4096 0 ) 
4 31 100 (6144 4096 -232 ) (6144 4096 -166 ) (6144 5120 -166 ) (6144 5120 -232 ) 
4 31 39 (6144 4096 -166 ) (6144 4096 -232 ) (7168 4096 -232 ) (7168 4096 -166 ) 
4 32 42 (8192 3072 0 ) (8192 3072 632 ) (7168 3072 632 ) (7168 3072 0 ) 
4 32 37 (7168 4096 632 ) (7168 4096 0 ) (7168 3072 0 ) (7168 3072 632 ) 
4 32 34 (7168 4096 0 ) (7680 4096 0 ) (7680 3072 0 ) (7168 3072 0 ) 
4 32 33 (7680 4096 0 ) (8192 4096 0 ) (8192 3072 0 ) (7680 3072 0 ) 
4 33 43 (8192 3072 -120 ) (8192 3072 0 ) (7680 3072 0 ) (7680 3072 -120 ) 
4 33 35 (8192 3072 -120 ) (7976 3072 -120 ) (7976 4096 -120 ) (8192 4096 -120 ) 
4 33 34 (7680 4096 -120 ) (7680 3072 -120 ) (7680 3072 0 ) (7680 4096 0 ) 
4 34 44 (7680 3072 0 ) (7168 3072 0 ) (7168 3072 -120 ) (7680 3072 -120 ) 
4 34 38 (7168 4096 0 ) (7168 4096 -120 ) (7168 3072 -120 ) (7168 3072 0 ) 
4 35 45 (8192 3072 -166 ) (8192 3072 -120 ) (7976 3072 -120 ) (7976 3072 -166 ) 
4 35 36 (7976 4096 -166 ) (8192 4096 -166 ) (8192 3072 -166 ) (7976 3072 -166 ) 
4 36 46 (8192 3072 -232 ) (8192 3072 -166 ) (7168 3072 -166 ) (7168 3072 -232 ) 
4 36 39 (7168 4096 -166 ) (7168 4096 -232 ) (7168 3072 -232 ) (7168 3072 -166 ) 
4 37 104 (6144 3072 0 ) (6144 3072 632 ) (6144 4096 632 ) (6144 4096 0 ) 
4 37 47 (6144 3072 632 ) (6144 3072 0 ) (7168 3072 0 ) (7168 3072 632 ) 
4 37 38 (7168 4096 0 ) (7168 3072 0 ) (6144 3072 0 ) (6144 4096 0 ) 
4 38 105 (6144 3072 -120 ) (6144 3072 0 ) (6144 4096 0 ) (6144 4096 -120 ) 
4 38 48 (6144 3072 0 ) (6144 3072 -120 ) (7168 3072 -120 ) (7168 3072 0 ) 
4 39 106 (6144 3072 -232 ) (6144 3072 -166 ) (6144 4096 -166 ) (6144 4096 -232 ) 
4 39 49 (6144 3072 -166 ) (6144 3072 -232 ) (7168 3072 -232 ) (7168 3072 -166 ) 
4 40 46 (8192 3072 -166 ) (8192 3072 -232 ) (8192 2048 -232 ) (8192 2048 -166 ) 
4 40 45 (8192 3072 -120 ) (8192 3072 -166 ) (8192 2048 -166 ) (8192 2048 -120 ) 
4 40 43 (8192 3072 0 ) (8192 3072 -120 ) (8192 2048 -120 ) (8192 2048 0 ) 
4 40 42 (8192 3072 632 ) (8192 3072 0 ) (8192 2048 0 ) (8192 2048 632 ) 
4 40 41 (8360 2048 632 ) (8192 2048 632 ) (8192 2048 -232 ) (8360 2048 -232 ) 
4 41 164 (8360 1024 632 ) (8192 1024 632 ) (8192 1024 -232 ) (8360 1024 -232 ) 
4 41 54 (8192 1024 -232 ) (8192 1024 -166 ) (8192 2048 -166 ) (8192 2048 -232 ) 
4 41 53 (8192 1024 -166 ) (8192 1024 -120 ) (8192 2048 -120 ) (8192 2048 -166 ) 
4 41 51 (8192 1024 -120 ) (8192 1024 0 ) (8192 2048 0 ) (8192 2048 -120 ) 
4 41 50 (8192 1024 0 ) (8192 1024 632 ) (8192 2048 632 ) (8192 2048 0 ) 
4 42 50 (8192 2048 0 ) (8192 2048 632 ) (7168 2048 632 ) (7168 2048 0 ) 
4 42 47 (7168 3072 632 ) (7168 3072 0 ) (7168 2048 0 ) (7168 2048 632 ) 
4 42 44 (7680 2048 0 ) (7168 2048 0 ) (7168 3072 0 ) (7680 3072 0 ) 
4 42 43 (8192 2048 0 ) (7680 2048 0 ) (7680 3072 0 ) (8192 3072 0 ) 
4 43 51 (8192 2048 -120 ) (8192 2048 0 ) (7680 2048 0 ) (7680 2048 -120 ) 
4 43 45 (7976 3072 -120 ) (8192 3072 -120 ) (8192 2048 -120 ) (7976 2048 -120 ) 
4 43 44 (7680 3072 -120 ) (7680 2048 -120 ) (7680 2048 0 ) (7680 3072 0 ) 
4 44 52 (7680 2048 0 ) (7168 2048 0 ) (7168 2048 -120 ) (7680 2048 -120 ) 
4 44 48 (7168 3072 0 ) (7168 3072 -120 ) (7168 2048 -120 ) (7168 2048 0 ) 
4 45 53 (8192 2048 -166 ) (8192 2048 -120 ) (7976 2048 -120 ) (7976 2048 -166 ) 
4 45 46 (8192 2048 -166 ) (7976 2048 -166 ) (7976 3072 -166 ) (8192 3072 -166 ) 
4 46 54 (8192 2048 -232 ) (8192 2048 -166 ) (7168 2048 -166 ) (7168 2048 -232 ) 
4 46 49 (7168 3072 -166 ) (7168 3072 -232 ) (7168 2048 -232 ) (7168 2048 -166 ) 
4 47 110 (6144 2048 0 ) (6144 2048 632 ) (6144 3072 632 ) (6144 3072 0 ) 
4 47 55 (6144 2048 632 ) (6144 2048 0 ) (7168 2048 0 ) (7168 2048 632 ) 
4 47 48 (7168 3072 0 ) (7168 2048 0 ) (6144 2048 0 ) (6144 3072 0 ) 
4 48 111 (6144 2048 -120 ) (6144 2048 0 ) (6144 3072 0 ) (6144 3072 -120 ) 
4 48 56 (6144 2048 0 ) (6144 2048 -120 ) (7168 2048 -120 ) (7168 2048 0 ) 
4 49 112 (6144 2048 -232 ) (6144 2048 -166 ) (6144 3072 -166 ) (6144 3072 -232 ) 
4 49 57 (6144 2048 -166 ) (6144 2048 -232 ) (7168 2048 -232 ) (7168 2048 -166 ) 
4 50 166 (8192 1024 0 ) (8192 1024 632 ) (7168 1024 632 ) (7168 1024 0 ) 
4 50 55 (7168 2048 632 ) (7168 2048 0 ) (7168 1024 0 ) (7168 1024 632 ) 
4 50 52 (7168 2048 0 ) (7680 2048 0 ) (7680 1024 0 ) (7168 1024 0 ) 
4 50 51 (7680 2048 0 ) (8192 2048 0 ) (8192 1024 0 ) (7680 1024 0 ) 
4 51 167 (8192 1024 -120 ) (8192 1024 0 ) (7680 1024 0 ) (7680 1024 -120 ) 
4 51 53 (8192 1024 -120 ) (7976 1024 -120 ) (7976 2048 -120 ) (8192 2048 -120 ) 
4 51 52 (7680 2048 -120 ) (7680 1024 -120 ) (7680 1024 0 ) (7680 2048 0 ) 
4 52 168 (7680 1024 0 ) (7168 1024 0 ) (7168 1024 -120 ) (7680 1024 -120 ) 
4 52 56 (7168 2048 0 ) (7168 2048 -120 ) (7168 1024 -120 ) (7168 1024 0 ) 
4 53 169 (8192 1024 -166 ) (8192 1024 -120 ) (7976 1024 -120 ) (7976 1024 -166 ) 
4 53 54 (7976 2048 -166 ) (8192 2048 -166 ) (8192 1024 -166 ) (7976 1024 -166 ) 
4 54 170 (8192 1024 -232 ) (8192 1024 -166 ) (7168 1024 -166 ) (7168 1024 -232 ) 
4 54 57 (7168 2048 -166 ) (7168 2048 -232 ) (7168 1024 -232 ) (7168 1024 -166 ) 
4 55 171 (7168 1024 0 ) (7168 1024 632 ) (6144 1024 632 ) (6144 1024 0 ) 
4 55 116 (6144 1024 0 ) (6144 1024 632 ) (6144 2048 632 ) (6144 2048 0 ) 
4 55 56 (6144 1024 0 ) (6144 2048 0 ) (7168 2048 0 ) (7168 1024 0 ) 
4 56 172 (7168 1024 -120 ) (7168 1024 0 ) (6144 1024 0 ) (6144 1024 -120 ) 
4 56 117 (6144 1024 -120 ) (6144 1024 0 ) (6144 2048 0 ) (6144 2048 -120 ) 
4 57 173 (7168 1024 -232 ) (7168 1024 -166 ) (6144 1024 -166 ) (6144 1024 -232 ) 
4 57 118 (6144 1024 -232 ) (6144 1024 -166 ) (6144 2048 -166 ) (6144 2048 -232 ) 
4 58 68 (6144 6144 0 ) (6144 6144 632 ) (5120 6144 632 ) (5120 6144 0 ) 
4 58 63 (5120 6920 0 ) (5120 6144 0 ) (5120 6144 632 ) (5120 6920 632 ) 
4 58 60 (6144 6144 0 ) (5120 6144 0 ) (5120 6400 0 ) (6144 6400 0 ) 
4 58 59 (5120 6400 0 ) (5120 6920 0 ) (6144 6920 0 ) (6144 6400 0 ) 
4 59 64 (5120 6920 -120 ) (5120 6400 -120 ) (5120 6400 0 ) (5120 6920 0 ) 
4 59 61 (5120 6480 -120 ) (5120 6920 -120 ) (6144 6920 -120 ) (6144 6480 -120 ) 
4 59 60 (5120 6400 -120 ) (6144 6400 -120 ) (6144 6400 0 ) (5120 6400 0 ) 
4 60 69 (6144 6144 -120 ) (6144 6144 0 ) (5120 6144 0 ) (5120 6144 -120 ) 
4 60 65 (5120 6400 -120 ) (5120 6144 -120 ) (5120 6144 0 ) (5120 6400 0 ) 
4 61 66 (5120 6920 -232 ) (5120 6480 -232 ) (5120 6480 -120 ) (5120 6920 -120 ) 
4 61 62 (5120 6480 -232 ) (6144 6480 -232 ) (6144 6480 -166 ) (5120 6480 -166 ) 
4 62 70 (6144 6144 -232 ) (6144 6144 -166 ) (5120 6144 -166 ) (5120 6144 -232 ) 
4 62 67 (5120 6480 -232 ) (5120 6144 -232 ) (5120 6144 -166 ) (5120 6480 -166 ) 
4 63 74 (4096 6144 0 ) (4096 6144 632 ) (4096 6920 632 ) (4096 6920 0 ) 
4 63 71 (4096 6144 632 ) (4096 6144 0 ) (5120 6144 0 ) (5120 6144 632 ) 
4 63 65 (5120 6400 0 ) (5120 6144 0 ) (4096 6144 0 ) (4096 6400 0 ) 
4 63 64 (5120 6920 0 ) (5120 6400 0 ) (4096 6400 0 ) (4096 6920 0 ) 
4 64 75 (4096 6400 0 ) (4096 6920 0 ) (4096 6920 -120 ) (4096 6400 -120 ) 
4 64 66 (5120 6920 -120 ) (5120 6480 -120 ) (4096 6480 -120 ) (4096 6920 -120 ) 
4 64 65 (4096 6400 -120 ) (5120 6400 -120 ) (5120 6400 0 ) (4096 6400 0 ) 
4 65 76 (4096 6144 -120 ) (4096 6144 0 ) (4096 6400 0 ) (4096 6400 -120 ) 
4 65 72 (4096 6144 0 ) (4096 6144 -120 ) (5120 6144 -120 ) (5120 6144 0 ) 
4 66 77 (4096 6480 -120 ) (4096 6920 -120 ) (4096 6920 -232 ) (4096 6480 -232 ) 
4 66 67 (4096 6480 -232 ) (5120 6480 -232 ) (5120 6480 -166 ) (4096 6480 -166 ) 
4 67 78 (4096 6144 -232 ) (4096 6144 -166 ) (4096 6480 -166 ) (4096 6480 -232 ) 
4 67 73 (4096 6144 -166 ) (4096 6144 -232 ) (5120 6144 -232 ) (5120 6144 -166 ) 
4 68 98 (6144 5120 0 ) (6144 5120 632 ) (5120 5120 632 ) (5120 5120 0 ) 
4 68 71 (5120 6144 632 ) (5120 6144 0 ) (5120 5120 0 ) (5120 5120 632 ) 
4 68 69 (5120 6144 0 ) (6144 6144 0 ) (6144 5120 0 ) (5120 5120 0 ) 
4 69 99 (6144 5120 -120 ) (6144 5120 0 ) (5120 5120 0 ) (5120 5120 -120 ) 
4 69 72 (5120 6144 0 ) (5120 6144 -120 ) (5120 5120 -120 ) (5120 5120 0 ) 
4 70 100 (6144 5120 -232 ) (6144 5120 -166 ) (5120 5120 -166 ) (5120 5120 -232 ) 
4 70 73 (5120 6144 -166 ) (5120 6144 -232 ) (5120 5120 -232 ) (5120 5120 -166 ) 
4 71 101 (5120 5120 0 ) (5120 5120 632 ) (4096 5120 632 ) (4096 5120 0 ) 
4 71 79 (4096 5120 0 ) (4096 5120 632 ) (4096 6144 632 ) (4096 6144 0 ) 
4 71 72 (4096 5120 0 ) (4096 6144 0 ) (5120 6144 0 ) (5120 5120 0 ) 
4 72 102 (5120 5120 -120 ) (5120 5120 0 ) (4096 5120 0 ) (4096 5120 -120 ) 
4 72 80 (4096 5120 -120 ) (4096 5120 0 ) (4096 6144 0 ) (4096 6144 -120 ) 
4 73 103 (5120 5120 -232 ) (5120 5120 -166 ) (4096 5120 -166 ) (4096 5120 -232 ) 
4 73 81 (4096 5120 -232 ) (4096 5120 -166 ) (4096 6144 -166 ) (4096 6144 -232 ) 
4 74 82 (3072 6144 0 ) (3072 6144 632 ) (3072 6920 632 ) (3072 6920 0 ) 
4 74 79 (4096 6144 0 ) (4096 6144 632 ) (3072 6144 632 ) (3072 6144 0 ) 
4 74 76 (3072 6144 0 ) (3072 6400 0 ) (4096 6400 0 ) (4096 6144 0 ) 
4 74 75 (3072 6400 0 ) (3072 6920 0 ) (4096 6920 0 ) (4096 6400 0 ) 
4 75 83 (3072 6400 0 ) (3072 6920 0 ) (3072 6920 -120 ) (3072 6400 -120 ) 
4 75 77 (3072 6480 -120 ) (3072 6920 -120 ) (4096 6920 -120 ) (4096 6480 -120 ) 
4 75 76 (3072 6400 -120 ) (4096 6400 -120 ) (4096 6400 0 ) (3072 6400 0 ) 
4 76 84 (3072 6144 -120 ) (3072 6144 0 ) (3072 6400 0 ) (3072 6400 -120 ) 
4 76 80 (4096 6144 -120 ) (4096 6144 0 ) (3072 6144 0 ) (3072 6144 -120 ) 
4 77 85 (3072 6480 -120 ) (3072 6920 -120 ) (3072 6920 -232 ) (3072 6480 -232 ) 
4 77 78 (3072 6480 -232 ) (4096 6480 -232 ) (4096 6480 -166 ) (3072 6480 -166 ) 
4 78 86 (3072 6144 -232 ) (3072 6144 -166 ) (3072 6480 -166 ) (3072 6480 -232 ) 
4 78 81 (4096 6144 -232 ) (4096 6144 -166 ) (3072 6144 -166 ) (3072 6144 -232 ) 
4 79 122 (4096 5120 0 ) (4096 5120 632 ) (3072 5120 632 ) (3072 5120 0 ) 
4 79 92 (3072 5120 0 ) (3072 5120 632 ) (3072 6144 632 ) (3072 6144 0 ) 
4 79 80 (4096 5120 0 ) (3072 5120 0 ) (3072 6144 0 ) (4096 6144 0 ) 
4 80 123 (4096 5120 -120 ) (4096 5120 0 ) (3072 5120 0 ) (3072 5120 -120 ) 
4 80 93 (3072 5120 -120 ) (3072 5120 0 ) (3072 6144 0 ) (3072 6144 -120 ) 
4 81 124 (4096 5120 -232 ) (4096 5120 -166 ) (3072 5120 -166 ) (3072 5120 -232 ) 
4 81 94 (3072 5120 -232 ) (3072 5120 -166 ) (3072 6144 -166 ) (3072 6144 -232 ) 
4 82 92 (3072 6144 0 ) (3072 6144 632 ) (2048 6144 632 ) (2048 6144 0 ) 
4 82 87 (2048 6144 0 ) (2048 6144 632 ) (2048 6920 632 ) (2048 6920 0 ) 
4 82 84 (3072 6144 0 ) (2048 6144 0 ) (2048 6400 0 ) (3072 6400 0 ) 
4 82 83 (2048 6400 0 ) (2048 6920 0 ) (3072 6920 0 ) (3072 6400 0 ) 
4 83 88 (2048 6400 0 ) (2048 6920 0 ) (2048 6920 -120 ) (2048 6400 -120 ) 
4 83 85 (2048 6480 -120 ) (2048 6920 -120 ) (3072 6920 -120 ) (3072 6480 -120 ) 
4 83 84 (2048 6400 -120 ) (3072 6400 -120 ) (3072 6400 0 ) (2048 6400 0 ) 
4 84 93 (3072 6144 -120 ) (3072 6144 0 ) (2048 6144 0 ) (2048 6144 -120 ) 
4 84 89 (2048 6144 -120 ) (2048 6144 0 ) (2048 6400 0 ) (2048 6400 -120 ) 
4 85 90 (2048 6480 -120 ) (2048 6920 -120 ) (2048 6920 -232 ) (2048 6480 -232 ) 
4 85 86 (2048 6480 -232 ) (3072 6480 -232 ) (3072 6480 -166 ) (2048 6480 -166 ) 
4 86 94 (3072 6144 -232 ) (3072 6144 -166 ) (2048 6144 -166 ) (2048 6144 -232 ) 
4 86 91 (2048 6144 -232 ) (2048 6144 -166 ) (2048 6480 -166 ) (2048 6480 -232 ) 
4 87 371 (1024 6144 0 ) (1024 6144 632 ) (1024 6920 632 ) (1024 6920 0 ) 
4 87 95 (2048 6144 0 ) (2048 6144 632 ) (1024 6144 632 ) (1024 6144 0 ) 
4 87 89 (2048 6400 0 ) (2048 6144 0 ) (1024 6144 0 ) (1024 6400 0 ) 
4 87 88 (2048 6920 0 ) (2048 6400 0 ) (1024 6400 0 ) (1024 6920 0 ) 
4 88 372 (1024 6400 0 ) (1024 6920 0 ) (1024 6920 -120 ) (1024 6400 -120 ) 
4 88 90 (2048 6920 -120 ) (2048 6480 -120 ) (1024 6480 -120 ) (1024 6920 -120 ) 
4 88 89 (1024 6400 -120 ) (2048 6400 -120 ) (2048 6400 0 ) (1024 6400 0 ) 
4 89 373 (1024 6144 -120 ) (1024 6144 0 ) (1024 6400 0 ) (1024 6400 -120 ) 
4 89 96 (2048 6144 -120 ) (2048 6144 0 ) (1024 6144 0 ) (1024 6144 -120 ) 
4 90 374 (1024 6480 -120 ) (1024 6920 -120 ) (1024 6920 -232 ) (1024 6480 -232 ) 
4 90 91 (1024 6480 -232 ) (2048 6480 -232 ) (2048 6480 -166 ) (1024 6480 -166 ) 
4 91 375 (1024 6144 -232 ) (1024 6144 -166 ) (1024 6480 -166 ) (1024 6480 -232 ) 
4 91 97 (2048 6144 -232 ) (2048 6144 -166 ) (1024 6144 -166 ) (1024 6144 -232 ) 
4 92 128 (3072 5120 0 ) (3072 5120 632 ) (2048 5120 632 ) (2048 5120 0 ) 
4 92 95 (2048 6144 632 ) (2048 6144 0 ) (2048 5120 0 ) (2048 5120 632 ) 
4 92 93 (2048 6144 0 ) (3072 6144 0 ) (3072 5120 0 ) (2048 5120 0 ) 
4 93 129 (3072 5120 -120 ) (3072 5120 0 ) (2048 5120 0 ) (2048 5120 -120 ) 
4 93 96 (2048 6144 0 ) (2048 6144 -120 ) (2048 5120 -120 ) (2048 5120 0 ) 
4 94 130 (3072 5120 -232 ) (3072 5120 -166 ) (2048 5120 -166 ) (2048 5120 -232 ) 
4 94 97 (2048 6144 -166 ) (2048 6144 -232 ) (2048 5120 -232 ) (2048 5120 -166 ) 
4 95 381 (1024 5120 0 ) (1024 5120 632 ) (1024 6144 632 ) (1024 6144 0 ) 
4 95 131 (2048 5120 0 ) (2048 5120 632 ) (1024 5120 632 ) (1024 5120 0 ) 
4 95 96 (2048 6144 0 ) (2048 5120 0 ) (1024 5120 0 ) (1024 6144 0 ) 
4 96 382 (1024 5120 -120 ) (1024 5120 0 ) (1024 6144 0 ) (1024 6144 -120 ) 
4 96 132 (2048 5120 -120 ) (2048 5120 0 ) (1024 5120 0 ) (1024 5120 -120 ) 
4 97 383 (1024 5120 -232 ) (1024 5120 -166 ) (1024 6144 -166 ) (1024 6144 -232 ) 
4 97 133 (2048 5120 -232 ) (2048 5120 -166 ) (1024 5120 -166 ) (1024 5120 -232 ) 
4 98 104 (6144 4096 0 ) (6144 4096 632 ) (5120 4096 632 ) (5120 4096 0 ) 
4 98 101 (5120 4096 0 ) (5120 4096 632 ) (5120 5120 632 ) (5120 5120 0 ) 
4 98 99 (6144 4096 0 ) (5120 4096 0 ) (5120 5120 0 ) (6144 5120 0 ) 
4 99 105 (6144 4096 -120 ) (6144 4096 0 ) (5120 4096 0 ) (5120 4096 -120 ) 
4 99 102 (5120 4096 -120 ) (5120 4096 0 ) (5120 5120 0 ) (5120 5120 -120 ) 
4 100 106 (6144 4096 -232 ) (6144 4096 -166 ) (5120 4096 -166 ) (5120 4096 -232 ) 
4 100 103 (5120 4096 -232 ) (5120 4096 -166 ) (5120 5120 -166 ) (5120 5120 -232 ) 
4 101 122 (4096 5120 632 ) (4096 5120 0 ) (4096 4096 0 ) (4096 4096 632 ) 
4 101 107 (4096 4096 632 ) (4096 4096 0 ) (5120 4096 0 ) (5120 4096 632 ) 
4 101 102 (5120 5120 0 ) (5120 4096 0 ) (4096 4096 0 ) (4096 5120 0 ) 
4 102 123 (4096 5120 0 ) (4096 5120 -120 ) (4096 4096 -120 ) (4096 4096 0 ) 
4 102 108 (4096 4096 0 ) (4096 4096 -120 ) (5120 4096 -120 ) (5120 4096 0 ) 
4 103 124 (4096 5120 -166 ) (4096 5120 -232 ) (4096 4096 -232 ) (4096 4096 -166 ) 
4 103 109 (4096 4096 -166 ) (4096 4096 -232 ) (5120 4096 -232 ) (5120 4096 -166 ) 
4 104 110 (6144 3072 0 ) (6144 3072 632 ) (5120 3072 632 ) (5120 3072 0 ) 
4 104 107 (5120 4096 632 ) (5120 4096 0 ) (5120 3072 0 ) (5120 3072 632 ) 
4 104 105 (5120 4096 0 ) (6144 4096 0 ) (6144 3072 0 ) (5120 3072 0 ) 
4 105 111 (6144 3072 -120 ) (6144 3072 0 ) (5120 3072 0 ) (5120 3072 -120 ) 
4 105 108 (5120 4096 0 ) (5120 4096 -120 ) (5120 3072 -120 ) (5120 3072 0 ) 
4 106 112 (6144 3072 -232 ) (6144 3072 -166 ) (5120 3072 -166 ) (5120 3072 -232 ) 
4 106 109 (5120 4096 -166 ) (5120 4096 -232 ) (5120 3072 -232 ) (5120 3072 -166 ) 
4 107 125 (4096 3072 0 ) (4096 3072 632 ) (4096 4096 632 ) (4096 4096 0 ) 
4 107 113 (5120 3072 0 ) (5120 3072 632 ) (4096 3072 632 ) (4096 3072 0 ) 
4 107 108 (4096 3072 0 ) (4096 4096 0 ) (5120 4096 0 ) (5120 3072 0 ) 
4 108 126 (4096 3072 -120 ) (4096 3072 0 ) (4096 4096 0 ) (4096 4096 -120 ) 
4 108 114 (5120 3072 -120 ) (5120 3072 0 ) (4096 3072 0 ) (4096 3072 -120 ) 
4 109 127 (4096 3072 -232 ) (4096 3072 -166 ) (4096 4096 -166 ) (4096 4096 -232 ) 
4 109 115 (5120 3072 -232 ) (5120 3072 -166 ) (4096 3072 -166 ) (4096 3072 -232 ) 
4 110 116 (6144 2048 0 ) (6144 2048 632 ) (5120 2048 632 ) (5120 2048 0 ) 
4 110 113 (5120 2048 0 ) (5120 2048 632 ) (5120 3072 632 ) (5120 3072 0 ) 
4 110 111 (6144 2048 0 ) (5120 2048 0 ) (5120 3072 0 ) (6144 3072 0 ) 
4 111 117 (6144 2048 -120 ) (6144 2048 0 ) (5120 2048 0 ) (5120 2048 -120 ) 
4 111 114 (5120 2048 -120 ) (5120 2048 0 ) (5120 3072 0 ) (5120 3072 -120 ) 
4 112 118 (6144 2048 -232 ) (6144 2048 -166 ) (5120 2048 -166 ) (5120 2048 -232 ) 
4 112 115 (5120 2048 -232 ) (5120 2048 -166 ) (5120 3072 -166 ) (5120 3072 -232 ) 
4 113 140 (4096 2048 0 ) (4096 2048 632 ) (4096 3072 632 ) (4096 3072 0 ) 
4 113 119 (4096 2048 632 ) (4096 2048 0 ) (5120 2048 0 ) (5120 2048 632 ) 
4 113 114 (4096 3072 0 ) (5120 3072 0 ) (5120 2048 0 ) (4096 2048 0 ) 
4 114 141 (4096 2048 -120 ) (4096 2048 0 ) (4096 3072 0 ) (4096 3072 -120 ) 
4 114 120 (4096 2048 0 ) (4096 2048 -120 ) (5120 2048 -120 ) (5120 2048 0 ) 
4 115 142 (4096 2048 -232 ) (4096 2048 -166 ) (4096 3072 -166 ) (4096 3072 -232 ) 
4 115 121 (4096 2048 -166 ) (4096 2048 -232 ) (5120 2048 -232 ) (5120 2048 -166 ) 
4 116 225 (6144 1024 0 ) (6144 1024 632 ) (5120 1024 632 ) (5120 1024 0 ) 
4 116 119 (5120 2048 632 ) (5120 2048 0 ) (5120 1024 0 ) (5120 1024 632 ) 
4 116 117 (6144 1024 0 ) (5120 1024 0 ) (5120 2048 0 ) (6144 2048 0 ) 
4 117 226 (6144 1024 -120 ) (6144 1024 0 ) (5120 1024 0 ) (5120 1024 -120 ) 
4 117 120 (5120 2048 0 ) (5120 2048 -120 ) (5120 1024 -120 ) (5120 1024 0 ) 
4 118 227 (6144 1024 -232 ) (6144 1024 -166 ) (5120 1024 -166 ) (5120 1024 -232 ) 
4 118 121 (5120 2048 -166 ) (5120 2048 -232 ) (5120 1024 -232 ) (5120 1024 -166 ) 
4 119 228 (5120 1024 0 ) (5120 1024 632 ) (4096 1024 632 ) (4096 1024 0 ) 
4 119 143 (4096 1024 0 ) (4096 1024 632 ) (4096 2048 632 ) (4096 2048 0 ) 
4 119 120 (4096 1024 0 ) (4096 2048 0 ) (5120 2048 0 ) (5120 1024 0 ) 
4 120 229 (5120 1024 -120 ) (5120 1024 0 ) (4096 1024 0 ) (4096 1024 -120 ) 
4 120 144 (4096 1024 -120 ) (4096 1024 0 ) (4096 2048 0 ) (4096 2048 -120 ) 
4 121 230 (5120 1024 -232 ) (5120 1024 -166 ) (4096 1024 -166 ) (4096 1024 -232 ) 
4 121 145 (4096 1024 -232 ) (4096 1024 -166 ) (4096 2048 -166 ) (4096 2048 -232 ) 
4 122 128 (3072 5120 632 ) (3072 5120 0 ) (3072 4096 0 ) (3072 4096 632 ) 
4 122 125 (4096 4096 0 ) (4096 4096 632 ) (3072 4096 632 ) (3072 4096 0 ) 
4 122 123 (3072 4096 0 ) (3072 5120 0 ) (4096 5120 0 ) (4096 4096 0 ) 
4 123 129 (3072 5120 0 ) (3072 5120 -120 ) (3072 4096 -120 ) (3072 4096 0 ) 
4 123 126 (4096 4096 -120 ) (4096 4096 0 ) (3072 4096 0 ) (3072 4096 -120 ) 
4 124 130 (3072 5120 -166 ) (3072 5120 -232 ) (3072 4096 -232 ) (3072 4096 -166 ) 
4 124 127 (4096 4096 -232 ) (4096 4096 -166 ) (3072 4096 -166 ) (3072 4096 -232 ) 
4 125 140 (4096 3072 0 ) (4096 3072 632 ) (3072 3072 632 ) (3072 3072 0 ) 
4 125 134 (3072 3072 0 ) (3072 3072 632 ) (3072 4096 632 ) (3072 4096 0 ) 
4 125 126 (3072 3072 0 ) (3072 4096 0 ) (4096 4096 0 ) (4096 3072 0 ) 
4 126 141 (4096 3072 -120 ) (4096 3072 0 ) (3072 3072 0 ) (3072 3072 -120 ) 
4 126 135 (3072 3072 -120 ) (3072 3072 0 ) (3072 4096 0 ) (3072 4096 -120 ) 
4 127 142 (4096 3072 -232 ) (4096 3072 -166 ) (3072 3072 -166 ) (3072 3072 -232 ) 
4 127 136 (3072 3072 -232 ) (3072 3072 -166 ) (3072 4096 -166 ) (3072 4096 -232 ) 
4 128 134 (3072 4096 0 ) (3072 4096 632 ) (2048 4096 632 ) (2048 4096 0 ) 
4 128 131 (2048 5120 632 ) (2048 5120 0 ) (2048 4096 0 ) (2048 4096 632 ) 
4 128 129 (3072 4096 0 ) (2048 4096 0 ) (2048 5120 0 ) (3072 5120 0 ) 
4 129 135 (3072 4096 -120 ) (3072 4096 0 ) (2048 4096 0 ) (2048 4096 -120 ) 
4 129 132 (2048 5120 0 ) (2048 5120 -120 ) (2048 4096 -120 ) (2048 4096 0 ) 
4 130 136 (3072 4096 -232 ) (3072 4096 -166 ) (2048 4096 -166 ) (2048 4096 -232 ) 
4 130 133 (2048 5120 -166 ) (2048 5120 -232 ) (2048 4096 -232 ) (2048 4096 -166 ) 
4 131 403 (1024 4096 0 ) (1024 4096 632 ) (1024 5120 632 ) (1024 5120 0 ) 
4 131 137 (2048 4096 0 ) (2048 4096 632 ) (1024 4096 632 ) (1024 4096 0 ) 
4 131 132 (2048 5120 0 ) (2048 4096 0 ) (1024 4096 0 ) (1024 5120 0 ) 
4 132 404 (1024 4096 -120 ) (1024 4096 0 ) (1024 5120 0 ) (1024 5120 -120 ) 
4 132 138 (2048 4096 -120 ) (2048 4096 0 ) (1024 4096 0 ) (1024 4096 -120 ) 
4 133 405 (1024 4096 -232 ) (1024 4096 -166 ) (1024 5120 -166 ) (1024 5120 -232 ) 
4 133 139 (2048 4096 -232 ) (2048 4096 -166 ) (1024 4096 -166 ) (1024 4096 -232 ) 
4 134 146 (3072 3072 0 ) (3072 3072 632 ) (2048 3072 632 ) (2048 3072 0 ) 
4 134 137 (2048 4096 632 ) (2048 4096 0 ) (2048 3072 0 ) (2048 3072 632 ) 
4 134 135 (2048 4096 0 ) (3072 4096 0 ) (3072 3072 0 ) (2048 3072 0 ) 
4 135 147 (3072 3072 -120 ) (3072 3072 0 ) (2048 3072 0 ) (2048 3072 -120 ) 
4 135 138 (2048 4096 0 ) (2048 4096 -120 ) (2048 3072 -120 ) (2048 3072 0 ) 
4 136 148 (3072 3072 -232 ) (3072 3072 -166 ) (2048 3072 -166 ) (2048 3072 -232 ) 
4 136 139 (2048 4096 -166 ) (2048 4096 -232 ) (2048 3072 -232 ) (2048 3072 -166 ) 
4 137 409 (1024 3072 0 ) (1024 3072 632 ) (1024 4096 632 ) (1024 4096 0 ) 
4 137 149 (2048 3072 0 ) (2048 3072 632 ) (1024 3072 632 ) (1024 3072 0 ) 
4 137 138 (2048 4096 0 ) (2048 3072 0 ) (1024 3072 0 ) (1024 4096 0 ) 
4 138 410 (1024 3072 -120 ) (1024 3072 0 ) (1024 4096 0 ) (1024 4096 -120 ) 
4 138 150 (2048 3072 -120 ) (2048 3072 0 ) (1024 3072 0 ) (1024 3072 -120 ) 
4 139 411 (1024 3072 -232 ) (1024 3072 -166 ) (1024 4096 -166 ) (1024 4096 -232 ) 
4 139 151 (2048 3072 -232 ) (2048 3072 -166 ) (1024 3072 -166 ) (1024 3072 -232 ) 
4 140 146 (3072 3072 632 ) (3072 3072 0 ) (3072 2048 0 ) (3072 2048 632 ) 
4 140 143 (4096 2048 0 ) (4096 2048 632 ) (3072 2048 632 ) (3072 2048 0 ) 
4 140 141 (3072 2048 0 ) (3072 3072 0 ) (4096 3072 0 ) (4096 2048 0 ) 
4 141 147 (3072 3072 0 ) (3072 3072 -120 ) (3072 2048 -120 ) (3072 2048 0 ) 
4 141 144 (4096 2048 -120 ) (4096 2048 0 ) (3072 2048 0 ) (3072 2048 -120 ) 
4 142 148 (3072 3072 -166 ) (3072 3072 -232 ) (3072 2048 -232 ) (3072 2048 -166 ) 
4 142 145 (4096 2048 -232 ) (4096 2048 -166 ) (3072 2048 -166 ) (3072 2048 -232 ) 
4 143 249 (4096 1024 0 ) (4096 1024 632 ) (3072 1024 632 ) (3072 1024 0 ) 
4 143 152 (3072 1024 0 ) (3072 1024 632 ) (3072 2048 632 ) (3072 2048 0 ) 
4 143 144 (4096 1024 0 ) (3072 1024 0 ) (3072 2048 0 ) (4096 2048 0 ) 
4 144 250 (4096 1024 -120 ) (4096 1024 0 ) (3072 1024 0 ) (3072 1024 -120 ) 
4 144 153 (3072 1024 -120 ) (3072 1024 0 ) (3072 2048 0 ) (3072 2048 -120 ) 
4 145 251 (4096 1024 -232 ) (4096 1024 -166 ) (3072 1024 -166 ) (3072 1024 -232 ) 
4 145 154 (3072 1024 -232 ) (3072 1024 -166 ) (3072 2048 -166 ) (3072 2048 -232 ) 
4 146 152 (3072 2048 0 ) (3072 2048 632 ) (2048 2048 632 ) (2048 2048 0 ) 
4 146 149 (2048 3072 632 ) (2048 3072 0 ) (2048 2048 0 ) (2048 2048 632 ) 
4 146 147 (3072 2048 0 ) (2048 2048 0 ) (2048 3072 0 ) (3072 3072 0 ) 
4 147 153 (3072 2048 -120 ) (3072 2048 0 ) (2048 2048 0 ) (2048 2048 -120 ) 
4 147 150 (2048 3072 0 ) (2048 3072 -120 ) (2048 2048 -120 ) (2048 2048 0 ) 
4 148 154 (3072 2048 -232 ) (3072 2048 -166 ) (2048 2048 -166 ) (2048 2048 -232 ) 
4 148 151 (2048 3072 -166 ) (2048 3072 -232 ) (2048 2048 -232 ) (2048 2048 -166 ) 
4 149 441 (1024 2048 0 ) (1024 2048 107 ) (1024 2072.010254 107 ) (1024 2072.010254 0 ) 
4 149 439 (1024 2048 107 ) (1024 2048 256 ) (1024 2072.010254 256 ) (1024 2072.010254 107 ) 
4 149 437 (1024 2048 256 ) (1024 2048 264 ) (1024 2072.010254 264 ) (1024 2072.010254 256 ) 
4 149 436 (1024 2048 264 ) (1024 2048 632 ) (1024 2072.010254 632 ) (1024 2072.010254 264 ) 
4 149 432 (1024 2072.010254 48 ) (1024 2072.010254 88 ) (1024 2080.010254 88 ) (1024 2080.010254 48 ) 
4 149 435 (1024 2080.010254 0 ) (1024 2072.010254 0 ) (1024 2072.010254 48 ) (1024 2080.010254 48 ) 
4 149 431 (1024 3072 88 ) (1024 3072 0 ) (1024 2080.010254 0 ) (1024 2080.010254 88 ) 
4 149 428 (1024 3072 264 ) (1024 3072 88 ) (1024 2072.010254 88 ) (1024 2072.010254 264 ) 
4 149 427 (1024 2072.010254 632 ) (1024 3072 632 ) (1024 3072 264 ) (1024 2072.010254 264 ) 
4 149 159 (1056 2048 80 ) (1024 2048 80 ) (1024 2048 0 ) (1056 2048 0 ) 
4 149 157 (1152 2048 80 ) (1056 2048 80 ) (1056 2048 0 ) (1152 2048 0 ) 
4 149 156 (2048 2048 0 ) (2048 2048 80 ) (1152 2048 80 ) (1152 2048 0 ) 
4 149 155 (2048 2048 80 ) (2048 2048 632 ) (1024 2048 632 ) (1024 2048 80 ) 
4 149 150 (2048 3072 0 ) (2048 2048 0 ) (1024 2048 0 ) (1024 3072 0 ) 
4 150 444 (1024 2048 -120 ) (1024 2048 0 ) (1024 3072 0 ) (1024 3072 -120 ) 
4 150 162 (2048 2048 -120 ) (2048 2048 0 ) (1024 2048 0 ) (1024 2048 -120 ) 
4 151 445 (1024 2048 -232 ) (1024 2048 -166 ) (1024 3072 -166 ) (1024 3072 -232 ) 
4 151 163 (2048 2048 -232 ) (2048 2048 -166 ) (1024 2048 -166 ) (1024 2048 -232 ) 
4 152 255 (3072 1024 0 ) (3072 1024 632 ) (2048 1024 632 ) (2048 1024 0 ) 
4 152 156 (2048 2048 80 ) (2048 2048 0 ) (2048 1024 0 ) (2048 1024 80 ) 
4 152 155 (2048 2048 632 ) (2048 2048 80 ) (2048 1024 80 ) (2048 1024 632 ) 
4 152 153 (2048 2048 0 ) (3072 2048 0 ) (3072 1024 0 ) (2048 1024 0 ) 
4 153 256 (3072 1024 -120 ) (3072 1024 0 ) (2048 1024 0 ) (2048 1024 -120 ) 
4 153 162 (2048 2048 0 ) (2048 2048 -120 ) (2048 1024 -120 ) (2048 1024 0 ) 
4 154 257 (3072 1024 -232 ) (3072 1024 -166 ) (2048 1024 -166 ) (2048 1024 -232 ) 
4 154 163 (2048 2048 -166 ) (2048 2048 -232 ) (2048 1024 -232 ) (2048 1024 -166 ) 
4 155 488 (1024 1024 80 ) (1024 1024 632 ) (1024 1200.010010 632 ) (1024 1200.010010 80 ) 
4 155 459 (1024 1200.010010 632 ) (1024 1776.010132 632 ) (1024 1776.010132 80 ) (1024 1200.010010 80 ) 
4 155 453 (1024 1776.010132 632 ) (1024 2048 632 ) (1024 2048 80 ) (1024 1776.010132 80 ) 
4 155 258 (2048 1024 80 ) (2048 1024 632 ) (1024 1024 632 ) (1024 1024 80 ) 
4 155 159 (1024 1544.010132 80 ) (1024 2048 80 ) (1056 2048 80 ) (1056 1544.010132 80 ) 
4 155 161 (1056 1024 80 ) (1024 1024 80 ) (1024 1448.010132 80 ) (1056 1448.010132 80 ) 
4 155 157 (1056 1544.010132 80 ) (1056 2048 80 ) (1152 2048 80 ) (1152 1544.010132 80 ) 
4 155 156 (2048 1024 80 ) (1152 1024 80 ) (1152 2048 80 ) (2048 2048 80 ) 
4 156 259 (2048 1024 64 ) (2048 1024 80 ) (1152 1024 80 ) (1152 1024 64 ) 
4 156 265 (2048 1024 0 ) (2048 1024 64 ) (1152 1024 64 ) (1152 1024 0 ) 
4 156 162 (2048 2048 0 ) (2048 1024 0 ) (1152 1024 0 ) (1152 2048 0 ) 
4 156 158 (1152 1544.010132 0 ) (1152 1024 0 ) (1152 1024 64 ) (1152 1544.010132 64 ) 
4 156 157 (1152 2048 0 ) (1152 1544.010132 0 ) (1152 1544.010132 80 ) (1152 2048 80 ) 
4 157 162 (1056 1544.010132 0 ) (1056 2048 0 ) (1152 2048 0 ) (1152 1544.010132 0 ) 
4 157 159 (1056 2048 0 ) (1056 1544.010132 0 ) (1056 1544.010132 80 ) (1056 2048 80 ) 
4 157 158 (1056 1544.010132 64 ) (1056 1544.010132 0 ) (1152 1544.010132 0 ) (1152 1544.010132 64 ) 
4 158 265 (1056 1024 64 ) (1056 1024 0 ) (1152 1024 0 ) (1152 1024 64 ) 
4 158 162 (1152 1024 0 ) (1056 1024 0 ) (1056 1544.010132 0 ) (1152 1544.010132 0 ) 
4 158 160 (1056 1544.010132 0 ) (1056 1448.010132 0 ) (1056 1448.010132 64 ) (1056 1544.010132 64 ) 
4 158 161 (1056 1448.010132 0 ) (1056 1024 0 ) (1056 1024 64 ) (1056 1448.010132 64 ) 
4 159 485 (1024 1776.010132 64 ) (1024 1776.010132 0 ) (1024 1544.010132 0 ) (1024 1544.010132 64 ) 
4 159 462 (1024 1776.010132 71 ) (1024 1776.010132 64 ) (1024 1544.010132 64 ) (1024 1544.010132 71 ) 
4 159 460 (1024 1544.010132 80 ) (1024 1776.010132 80 ) (1024 1776.010132 71 ) (1024 1544.010132 71 ) 
4 159 453 (1024 1776.010132 80 ) (1024 2048 80 ) (1024 2048 0 ) (1024 1776.010132 0 ) 
4 159 162 (1024 1544.010132 0 ) (1024 2048 0 ) (1056 2048 0 ) (1056 1544.010132 0 ) 
4 159 160 (1024 1544.010132 0 ) (1056 1544.010132 0 ) (1056 1544.010132 64 ) (1024 1544.010132 64 ) 
4 160 485 (1024 1544.010132 64 ) (1024 1544.010132 0 ) (1024 1448.010132 0 ) (1024 1448.010132 64 ) 
4 160 162 (1024 1448.010132 0 ) (1024 1544.010132 0 ) (1056 1544.010132 0 ) (1056 1448.010132 0 ) 
4 160 161 (1024 1448.010132 0 ) (1056 1448.010132 0 ) (1056 1448.010132 64 ) (1024 1448.010132 64 ) 
4 161 488 (1024 1024 0 ) (1024 1024 80 ) (1024 1200.010010 80 ) (1024 1200.010010 0 ) 
4 161 485 (1024 1448.010132 64 ) (1024 1448.010132 0 ) (1024 1200.010010 0 ) (1024 1200.010010 64 ) 
4 161 464 (1024 1448.010132 71 ) (1024 1448.010132 64 ) (1024 1200.010010 64 ) (1024 1200.010010 71 ) 
4 161 461 (1024 1200.010010 80 ) (1024 1448.010132 80 ) (1024 1448.010132 71 ) (1024 1200.010010 71 ) 
4 161 260 (1056 1024 80 ) (1024 1024 80 ) (1024 1024 64 ) (1056 1024 64 ) 
4 161 265 (1024 1024 64 ) (1024 1024 0 ) (1056 1024 0 ) (1056 1024 64 ) 
4 161 162 (1056 1024 0 ) (1024 1024 0 ) (1024 1448.010132 0 ) (1056 1448.010132 0 ) 
4 162 489 (1024 1024 -120 ) (1024 1024 0 ) (1024 2048 0 ) (1024 2048 -120 ) 
4 162 266 (2048 1024 -120 ) (2048 1024 0 ) (1024 1024 0 ) (1024 1024 -120 ) 
4 163 490 (1024 1024 -232 ) (1024 1024 -166 ) (1024 2048 -166 ) (1024 2048 -232 ) 
4 163 267 (2048 1024 -232 ) (2048 1024 -166 ) (1024 1024 -166 ) (1024 1024 -232 ) 
4 164 170 (8192 0 -232 ) (8192 0 -166 ) (8192 1024 -166 ) (8192 1024 -232 ) 
4 164 169 (8192 0 -166 ) (8192 0 -120 ) (8192 1024 -120 ) (8192 1024 -166 ) 
4 164 167 (8192 0 -120 ) (8192 0 0 ) (8192 1024 0 ) (8192 1024 -120 ) 
4 164 166 (8192 0 0 ) (8192 0 632 ) (8192 1024 632 ) (8192 1024 0 ) 
4 164 165 (8360 0 632 ) (8192 0 632 ) (8192 0 -232 ) (8360 0 -232 ) 
4 165 182 (8360 -1024 632 ) (8192 -1024 632 ) (8192 -1024 -232 ) (8360 -1024 -232 ) 
4 165 178 (8192 -1024 -232 ) (8192 -1024 -166 ) (8192 0 -166 ) (8192 0 -232 ) 
4 165 177 (8192 -1024 -166 ) (8192 -1024 -120 ) (8192 0 -120 ) (8192 0 -166 ) 
4 165 175 (8192 -1024 -120 ) (8192 -1024 0 ) (8192 0 0 ) (8192 0 -120 ) 
4 165 174 (8192 -1024 0 ) (8192 -1024 632 ) (8192 0 632 ) (8192 0 0 ) 
4 166 174 (8192 0 0 ) (8192 0 632 ) (7168 0 632 ) (7168 0 0 ) 
4 166 171 (7168 0 0 ) (7168 0 632 ) (7168 1024 632 ) (7168 1024 0 ) 
4 166 168 (7680 0 0 ) (7168 0 0 ) (7168 1024 0 ) (7680 1024 0 ) 
4 166 167 (8192 0 0 ) (7680 0 0 ) (7680 1024 0 ) (8192 1024 0 ) 
4 167 175 (8192 0 -120 ) (8192 0 0 ) (7680 0 0 ) (7680 0 -120 ) 
4 167 169 (7976 1024 -120 ) (8192 1024 -120 ) (8192 0 -120 ) (7976 0 -120 ) 
4 167 168 (7680 1024 -120 ) (7680 0 -120 ) (7680 0 0 ) (7680 1024 0 ) 
4 168 176 (7680 0 0 ) (7168 0 0 ) (7168 0 -120 ) (7680 0 -120 ) 
4 168 172 (7168 0 -120 ) (7168 0 0 ) (7168 1024 0 ) (7168 1024 -120 ) 
4 169 177 (8192 0 -166 ) (8192 0 -120 ) (7976 0 -120 ) (7976 0 -166 ) 
4 169 170 (8192 0 -166 ) (7976 0 -166 ) (7976 1024 -166 ) (8192 1024 -166 ) 
4 170 178 (8192 0 -232 ) (8192 0 -166 ) (7168 0 -166 ) (7168 0 -232 ) 
4 170 173 (7168 0 -232 ) (7168 0 -166 ) (7168 1024 -166 ) (7168 1024 -232 ) 
4 171 225 (6144 1024 632 ) (6144 1024 0 ) (6144 0 0 ) (6144 0 632 ) 
4 171 179 (6144 0 632 ) (6144 0 0 ) (7168 0 0 ) (7168 0 632 ) 
4 171 172 (7168 1024 0 ) (7168 0 0 ) (6144 0 0 ) (6144 1024 0 ) 
4 172 226 (6144 1024 0 ) (6144 1024 -120 ) (6144 0 -120 ) (6144 0 0 ) 
4 172 180 (6144 0 0 ) (6144 0 -120 ) (7168 0 -120 ) (7168 0 0 ) 
4 173 227 (6144 1024 -166 ) (6144 1024 -232 ) (6144 0 -232 ) (6144 0 -166 ) 
4 173 181 (6144 0 -166 ) (6144 0 -232 ) (7168 0 -232 ) (7168 0 -166 ) 
4 174 184 (8192 -1024 0 ) (8192 -1024 632 ) (7168 -1024 632 ) (7168 -1024 0 ) 
4 174 179 (7168 0 632 ) (7168 0 0 ) (7168 -1024 0 ) (7168 -1024 632 ) 
4 174 176 (7168 0 0 ) (7680 0 0 ) (7680 -1024 0 ) (7168 -1024 0 ) 
4 174 175 (7680 0 0 ) (8192 0 0 ) (8192 -1024 0 ) (7680 -1024 0 ) 
4 175 185 (8192 -1024 -120 ) (8192 -1024 0 ) (7680 -1024 0 ) (7680 -1024 -120 ) 
4 175 177 (8192 -1024 -120 ) (7976 -1024 -120 ) (7976 0 -120 ) (8192 0 -120 ) 
4 175 176 (7680 0 -120 ) (7680 -1024 -120 ) (7680 -1024 0 ) (7680 0 0 ) 
4 176 186 (7680 -1024 0 ) (7168 -1024 0 ) (7168 -1024 -120 ) (7680 -1024 -120 ) 
4 176 180 (7168 0 0 ) (7168 0 -120 ) (7168 -1024 -120 ) (7168 -1024 0 ) 
4 177 187 (8192 -1024 -166 ) (8192 -1024 -120 ) (7976 -1024 -120 ) (7976 -1024 -166 ) 
4 177 178 (7976 0 -166 ) (8192 0 -166 ) (8192 -1024 -166 ) (7976 -1024 -166 ) 
4 178 188 (8192 -1024 -232 ) (8192 -1024 -166 ) (7168 -1024 -166 ) (7168 -1024 -232 ) 
4 178 181 (7168 0 -166 ) (7168 0 -232 ) (7168 -1024 -232 ) (7168 -1024 -166 ) 
4 179 231 (6144 -1024 0 ) (6144 -1024 632 ) (6144 0 632 ) (6144 0 0 ) 
4 179 189 (6144 -1024 632 ) (6144 -1024 0 ) (7168 -1024 0 ) (7168 -1024 632 ) 
4 179 180 (7168 0 0 ) (7168 -1024 0 ) (6144 -1024 0 ) (6144 0 0 ) 
4 180 232 (6144 -1024 -120 ) (6144 -1024 0 ) (6144 0 0 ) (6144 0 -120 ) 
4 180 190 (6144 -1024 0 ) (6144 -1024 -120 ) (7168 -1024 -120 ) (7168 -1024 0 ) 
4 181 233 (6144 -1024 -232 ) (6144 -1024 -166 ) (6144 0 -166 ) (6144 0 -232 ) 
4 181 191 (6144 -1024 -166 ) (6144 -1024 -232 ) (7168 -1024 -232 ) (7168 -1024 -166 ) 
4 182 188 (8192 -1024 -166 ) (8192 -1024 -232 ) (8192 -2048 -232 ) (8192 -2048 -166 ) 
4 182 187 (8192 -1024 -120 ) (8192 -1024 -166 ) (8192 -2048 -166 ) (8192 -2048 -120 ) 
4 182 185 (8192 -1024 0 ) (8192 -1024 -120 ) (8192 -2048 -120 ) (8192 -2048 0 ) 
4 182 184 (8192 -1024 632 ) (8192 -1024 0 ) (8192 -2048 0 ) (8192 -2048 632 ) 
4 182 183 (8360 -2048 632 ) (8192 -2048 632 ) (8192 -2048 -232 ) (8360 -2048 -232 ) 
4 183 200 (8360 -3072 632 ) (8192 -3072 632 ) (8192 -3072 -232 ) (8360 -3072 -232 ) 
4 183 196 (8192 -3072 -232 ) (8192 -3072 -166 ) (8192 -2048 -166 ) (8192 -2048 -232 ) 
4 183 195 (8192 -3072 -166 ) (8192 -3072 -120 ) (8192 -2048 -120 ) (8192 -2048 -166 ) 
4 183 193 (8192 -3072 -120 ) (8192 -3072 0 ) (8192 -2048 0 ) (8192 -2048 -120 ) 
4 183 192 (8192 -3072 0 ) (8192 -3072 632 ) (8192 -2048 632 ) (8192 -2048 0 ) 
4 184 192 (8192 -2048 0 ) (8192 -2048 632 ) (7168 -2048 632 ) (7168 -2048 0 ) 
4 184 189 (7168 -1024 632 ) (7168 -1024 0 ) (7168 -2048 0 ) (7168 -2048 632 ) 
4 184 186 (7680 -2048 0 ) (7168 -2048 0 ) (7168 -1024 0 ) (7680 -1024 0 ) 
4 184 185 (8192 -2048 0 ) (7680 -2048 0 ) (7680 -1024 0 ) (8192 -1024 0 ) 
4 185 193 (8192 -2048 -120 ) (8192 -2048 0 ) (7680 -2048 0 ) (7680 -2048 -120 ) 
4 185 187 (7976 -1024 -120 ) (8192 -1024 -120 ) (8192 -2048 -120 ) (7976 -2048 -120 ) 
4 185 186 (7680 -1024 -120 ) (7680 -2048 -120 ) (7680 -2048 0 ) (7680 -1024 0 ) 
4 186 194 (7680 -2048 0 ) (7168 -2048 0 ) (7168 -2048 -120 ) (7680 -2048 -120 ) 
4 186 190 (7168 -1024 0 ) (7168 -1024 -120 ) (7168 -2048 -120 ) (7168 -2048 0 ) 
4 187 195 (8192 -2048 -166 ) (8192 -2048 -120 ) (7976 -2048 -120 ) (7976 -2048 -166 ) 
4 187 188 (8192 -2048 -166 ) (7976 -2048 -166 ) (7976 -1024 -166 ) (8192 -1024 -166 ) 
4 188 196 (8192 -2048 -232 ) (8192 -2048 -166 ) (7168 -2048 -166 ) (7168 -2048 -232 ) 
4 188 191 (7168 -1024 -166 ) (7168 -1024 -232 ) (7168 -2048 -232 ) (7168 -2048 -166 ) 
4 189 237 (6144 -2048 0 ) (6144 -2048 632 ) (6144 -1024 632 ) (6144 -1024 0 ) 
4 189 197 (6144 -2048 632 ) (6144 -2048 0 ) (7168 -2048 0 ) (7168 -2048 632 ) 
4 189 190 (7168 -1024 0 ) (7168 -2048 0 ) (6144 -2048 0 ) (6144 -1024 0 ) 
4 190 238 (6144 -2048 -120 ) (6144 -2048 0 ) (6144 -1024 0 ) (6144 -1024 -120 ) 
4 190 198 (6144 -2048 0 ) (6144 -2048 -120 ) (7168 -2048 -120 ) (7168 -2048 0 ) 
4 191 239 (6144 -2048 -232 ) (6144 -2048 -166 ) (6144 -1024 -166 ) (6144 -1024 -232 ) 
4 191 199 (6144 -2048 -166 ) (6144 -2048 -232 ) (7168 -2048 -232 ) (7168 -2048 -166 ) 
4 192 202 (8192 -3072 0 ) (8192 -3072 632 ) (7168 -3072 632 ) (7168 -3072 0 ) 
4 192 197 (7168 -2048 632 ) (7168 -2048 0 ) (7168 -3072 0 ) (7168 -3072 632 ) 
4 192 194 (7168 -2048 0 ) (7680 -2048 0 ) (7680 -3072 0 ) (7168 -3072 0 ) 
4 192 193 (7680 -2048 0 ) (8192 -2048 0 ) (8192 -3072 0 ) (7680 -3072 0 ) 
4 193 203 (8192 -3072 -120 ) (8192 -3072 0 ) (7680 -3072 0 ) (7680 -3072 -120 ) 
4 193 195 (8192 -3072 -120 ) (7976 -3072 -120 ) (7976 -2048 -120 ) (8192 -2048 -120 ) 
4 193 194 (7680 -2048 -120 ) (7680 -3072 -120 ) (7680 -3072 0 ) (7680 -2048 0 ) 
4 194 204 (7680 -3072 0 ) (7168 -3072 0 ) (7168 -3072 -120 ) (7680 -3072 -120 ) 
4 194 198 (7168 -2048 0 ) (7168 -2048 -120 ) (7168 -3072 -120 ) (7168 -3072 0 ) 
4 195 205 (8192 -3072 -166 ) (8192 -3072 -120 ) (7976 -3072 -120 ) (7976 -3072 -166 ) 
4 195 196 (7976 -2048 -166 ) (8192 -2048 -166 ) (8192 -3072 -166 ) (7976 -3072 -166 ) 
4 196 206 (8192 -3072 -232 ) (8192 -3072 -166 ) (7168 -3072 -166 ) (7168 -3072 -232 ) 
4 196 199 (7168 -2048 -166 ) (7168 -2048 -232 ) (7168 -3072 -232 ) (7168 -3072 -166 ) 
4 197 243 (6144 -3072 0 ) (6144 -3072 632 ) (6144 -2048 632 ) (6144 -2048 0 ) 
4 197 207 (7168 -3072 0 ) (7168 -3072 632 ) (6144 -3072 632 ) (6144 -3072 0 ) 
4 197 198 (6144 -3072 0 ) (6144 -2048 0 ) (7168 -2048 0 ) (7168 -3072 0 ) 
4 198 244 (6144 -3072 -120 ) (6144 -3072 0 ) (6144 -2048 0 ) (6144 -2048 -120 ) 
4 198 208 (7168 -3072 -120 ) (7168 -3072 0 ) (6144 -3072 0 ) (6144 -3072 -120 ) 
4 199 245 (6144 -3072 -232 ) (6144 -3072 -166 ) (6144 -2048 -166 ) (6144 -2048 -232 ) 
4 199 209 (7168 -3072 -232 ) (7168 -3072 -166 ) (6144 -3072 -166 ) (6144 -3072 -232 ) 
4 200 206 (8192 -4096 -232 ) (8192 -4096 -166 ) (8192 -3072 -166 ) (8192 -3072 -232 ) 
4 200 205 (8192 -4096 -166 ) (8192 -4096 -120 ) (8192 -3072 -120 ) (8192 -3072 -166 ) 
4 200 203 (8192 -4096 -120 ) (8192 -4096 0 ) (8192 -3072 0 ) (8192 -3072 -120 ) 
4 200 202 (8192 -4096 0 ) (8192 -4096 632 ) (8192 -3072 632 ) (8192 -3072 0 ) 
4 200 201 (8360 -4096 632 ) (8192 -4096 632 ) (8192 -4096 -232 ) (8360 -4096 -232 ) 
4 201 222 (8360 -5120 632 ) (8192 -5120 632 ) (8192 -5120 -232 ) (8360 -5120 -232 ) 
4 201 216 (8192 -5120 -232 ) (8192 -5120 -166 ) (8192 -4096 -166 ) (8192 -4096 -232 ) 
4 201 214 (8192 -5120 -166 ) (8192 -5120 -120 ) (8192 -4096 -120 ) (8192 -4096 -166 ) 
4 201 211 (8192 -5120 -120 ) (8192 -5120 0 ) (8192 -4096 0 ) (8192 -4096 -120 ) 
4 201 210 (8192 -5120 0 ) (8192 -5120 632 ) (8192 -4096 632 ) (8192 -4096 0 ) 
4 202 210 (8192 -4096 0 ) (8192 -4096 632 ) (7168 -4096 632 ) (7168 -4096 0 ) 
4 202 207 (7168 -4096 0 ) (7168 -4096 632 ) (7168 -3072 632 ) (7168 -3072 0 ) 
4 202 204 (7680 -4096 0 ) (7168 -4096 0 ) (7168 -3072 0 ) (7680 -3072 0 ) 
4 202 203 (8192 -4096 0 ) (7680 -4096 0 ) (7680 -3072 0 ) (8192 -3072 0 ) 
4 203 211 (8192 -4096 -120 ) (8192 -4096 0 ) (7680 -4096 0 ) (7680 -4096 -120 ) 
4 203 205 (7976 -3072 -120 ) (8192 -3072 -120 ) (8192 -4096 -120 ) (7976 -4096 -120 ) 
4 203 204 (7680 -3072 -120 ) (7680 -4096 -120 ) (7680 -4096 0 ) (7680 -3072 0 ) 
4 204 212 (7680 -4096 0 ) (7168 -4096 0 ) (7168 -4096 -120 ) (7680 -4096 -120 ) 
4 204 208 (7168 -4096 -120 ) (7168 -4096 0 ) (7168 -3072 0 ) (7168 -3072 -120 ) 
4 205 214 (8192 -4096 -166 ) (8192 -4096 -120 ) (7976 -4096 -120 ) (7976 -4096 -166 ) 
4 205 206 (8192 -4096 -166 ) (7976 -4096 -166 ) (7976 -3072 -166 ) (8192 -3072 -166 ) 
4 206 216 (8192 -4096 -232 ) (8192 -4096 -166 ) (7168 -4096 -166 ) (7168 -4096 -232 ) 
4 206 209 (7168 -4096 -232 ) (7168 -4096 -166 ) (7168 -3072 -166 ) (7168 -3072 -232 ) 
4 207 326 (6144 -4096 0 ) (6144 -4096 632 ) (6144 -3072 632 ) (6144 -3072 0 ) 
4 207 217 (6144 -4096 632 ) (6144 -4096 0 ) (7168 -4096 0 ) (7168 -4096 632 ) 
4 207 208 (6144 -3072 0 ) (7168 -3072 0 ) (7168 -4096 0 ) (6144 -4096 0 ) 
4 208 327 (6144 -4096 -120 ) (6144 -4096 0 ) (6144 -3072 0 ) (6144 -3072 -120 ) 
4 208 218 (6144 -4096 0 ) (6144 -4096 -120 ) (7168 -4096 -120 ) (7168 -4096 0 ) 
4 209 328 (6144 -4096 -232 ) (6144 -4096 -166 ) (6144 -3072 -166 ) (6144 -3072 -232 ) 
4 209 221 (6144 -4096 -166 ) (6144 -4096 -232 ) (7168 -4096 -232 ) (7168 -4096 -166 ) 
4 210 223 (8192 -5120 0 ) (8192 -5120 632 ) (7168 -5120 632 ) (7168 -5120 0 ) 
4 210 217 (7168 -4096 632 ) (7168 -4096 0 ) (7168 -5120 0 ) (7168 -5120 632 ) 
4 210 213 (7680 -4944 0 ) (7680 -5120 0 ) (7168 -5120 0 ) (7168 -4944 0 ) 
4 210 212 (7168 -4096 0 ) (7680 -4096 0 ) (7680 -4944 0 ) (7168 -4944 0 ) 
4 210 211 (7680 -4096 0 ) (8192 -4096 0 ) (8192 -5120 0 ) (7680 -5120 0 ) 
4 211 223 (8192 -5120 -120 ) (8192 -5120 0 ) (7680 -5120 0 ) (7680 -5120 -120 ) 
4 211 215 (7976 -5120 -120 ) (7680 -5120 -120 ) (7680 -4944 -120 ) (7976 -4944 -120 ) 
4 211 214 (8192 -5120 -120 ) (7976 -5120 -120 ) (7976 -4096 -120 ) (8192 -4096 -120 ) 
4 211 213 (7680 -4944 -120 ) (7680 -5120 -120 ) (7680 -5120 0 ) (7680 -4944 0 ) 
4 211 212 (7680 -4096 -120 ) (7680 -4944 -120 ) (7680 -4944 0 ) (7680 -4096 0 ) 
4 212 218 (7168 -4096 0 ) (7168 -4096 -120 ) (7168 -4944 -120 ) (7168 -4944 0 ) 
4 212 213 (7168 -4944 -120 ) (7680 -4944 -120 ) (7680 -4944 0 ) (7168 -4944 0 ) 
4 213 223 (7680 -5120 0 ) (7168 -5120 0 ) (7168 -5120 -120 ) (7680 -5120 -120 ) 
4 213 219 (7168 -4944 -120 ) (7168 -5120 -120 ) (7168 -5120 0 ) (7168 -4944 0 ) 
4 213 215 (7680 -5120 -120 ) (7168 -5120 -120 ) (7168 -4944 -120 ) (7680 -4944 -120 ) 
4 214 223 (8192 -5120 -166 ) (8192 -5120 -120 ) (7976 -5120 -120 ) (7976 -5120 -166 ) 
4 214 216 (7976 -4096 -166 ) (8192 -4096 -166 ) (8192 -5120 -166 ) (7976 -5120 -166 ) 
4 214 215 (7976 -4944 -166 ) (7976 -5120 -166 ) (7976 -5120 -120 ) (7976 -4944 -120 ) 
4 215 223 (7976 -5120 -120 ) (7168 -5120 -120 ) (7168 -5120 -166 ) (7976 -5120 -166 ) 
4 215 220 (7168 -4944 -166 ) (7168 -5120 -166 ) (7168 -5120 -120 ) (7168 -4944 -120 ) 
4 215 216 (7976 -4944 -166 ) (7976 -5120 -166 ) (7168 -5120 -166 ) (7168 -4944 -166 ) 
4 216 223 (8192 -5120 -232 ) (8192 -5120 -166 ) (7168 -5120 -166 ) (7168 -5120 -232 ) 
4 216 221 (7168 -4096 -166 ) (7168 -4096 -232 ) (7168 -5120 -232 ) (7168 -5120 -166 ) 
4 217 332 (6144 -5120 0 ) (6144 -5120 632 ) (6144 -4096 632 ) (6144 -4096 0 ) 
4 217 224 (6144 -5120 632 ) (6144 -5120 0 ) (7168 -5120 0 ) (7168 -5120 632 ) 
4 217 219 (7168 -4944 0 ) (7168 -5120 0 ) (6144 -5120 0 ) (6144 -4944 0 ) 
4 217 218 (7168 -4096 0 ) (7168 -4944 0 ) (6144 -4944 0 ) (6144 -4096 0 ) 
4 218 333 (6144 -4944 0 ) (6144 -4096 0 ) (6144 -4096 -120 ) (6144 -4944 -120 ) 
4 218 219 (6144 -4944 -120 ) (7168 -4944 -120 ) (7168 -4944 0 ) (6144 -4944 0 ) 
4 219 334 (6144 -5120 -120 ) (6144 -5120 0 ) (6144 -4944 0 ) (6144 -4944 -120 ) 
4 219 224 (6144 -5120 0 ) (6144 -5120 -120 ) (7168 -5120 -120 ) (7168 -5120 0 ) 
4 219 220 (7168 -5120 -120 ) (6144 -5120 -120 ) (6144 -4944 -120 ) (7168 -4944 -120 ) 
4 220 335 (6144 -5120 -166 ) (6144 -5120 -120 ) (6144 -4944 -120 ) (6144 -4944 -166 ) 
4 220 224 (6144 -5120 -120 ) (6144 -5120 -166 ) (7168 -5120 -166 ) (7168 -5120 -120 ) 
4 220 221 (7168 -4944 -166 ) (7168 -5120 -166 ) (6144 -5120 -166 ) (6144 -4944 -166 ) 
4 221 336 (6144 -5120 -232 ) (6144 -5120 -166 ) (6144 -4096 -166 ) (6144 -4096 -232 ) 
4 221 224 (6144 -5120 -166 ) (6144 -5120 -232 ) (7168 -5120 -232 ) (7168 -5120 -166 ) 
4 222 223 (8192 -5120 632 ) (8192 -5120 -232 ) (8192 -5336 -232 ) (8192 -5336 632 ) 
4 223 224 (7168 -5120 632 ) (7168 -5120 -232 ) (7168 -5336 -232 ) (7168 -5336 632 ) 
4 224 342 (6144 -5336 632 ) (6144 -5120 632 ) (6144 -5120 -232 ) (6144 -5336 -232 ) 
4 225 231 (6144 0 0 ) (6144 0 632 ) (5120 0 632 ) (5120 0 0 ) 
4 225 228 (5120 0 0 ) (5120 0 632 ) (5120 1024 632 ) (5120 1024 0 ) 
4 225 226 (6144 0 0 ) (5120 0 0 ) (5120 1024 0 ) (6144 1024 0 ) 
4 226 232 (6144 0 -120 ) (6144 0 0 ) (5120 0 0 ) (5120 0 -120 ) 
4 226 229 (5120 0 -120 ) (5120 0 0 ) (5120 1024 0 ) (5120 1024 -120 ) 
4 227 233 (6144 0 -232 ) (6144 0 -166 ) (5120 0 -166 ) (5120 0 -232 ) 
4 227 230 (5120 0 -232 ) (5120 0 -166 ) (5120 1024 -166 ) (5120 1024 -232 ) 
4 228 249 (4096 1024 632 ) (4096 1024 0 ) (4096 0 0 ) (4096 0 632 ) 
4 228 234 (4096 0 632 ) (4096 0 0 ) (5120 0 0 ) (5120 0 632 ) 
4 228 229 (5120 1024 0 ) (5120 0 0 ) (4096 0 0 ) (4096 1024 0 ) 
4 229 250 (4096 1024 0 ) (4096 1024 -120 ) (4096 0 -120 ) (4096 0 0 ) 
4 229 235 (4096 0 0 ) (4096 0 -120 ) (5120 0 -120 ) (5120 0 0 ) 
4 230 251 (4096 1024 -166 ) (4096 1024 -232 ) (4096 0 -232 ) (4096 0 -166 ) 
4 230 236 (4096 0 -166 ) (4096 0 -232 ) (5120 0 -232 ) (5120 0 -166 ) 
4 231 237 (6144 -1024 0 ) (6144 -1024 632 ) (5120 -1024 632 ) (5120 -1024 0 ) 
4 231 234 (5120 0 632 ) (5120 0 0 ) (5120 -1024 0 ) (5120 -1024 632 ) 
4 231 232 (5120 0 0 ) (6144 0 0 ) (6144 -1024 0 ) (5120 -1024 0 ) 
4 232 238 (6144 -1024 -120 ) (6144 -1024 0 ) (5120 -1024 0 ) (5120 -1024 -120 ) 
4 232 235 (5120 0 0 ) (5120 0 -120 ) (5120 -1024 -120 ) (5120 -1024 0 ) 
4 233 239 (6144 -1024 -232 ) (6144 -1024 -166 ) (5120 -1024 -166 ) (5120 -1024 -232 ) 
4 233 236 (5120 0 -166 ) (5120 0 -232 ) (5120 -1024 -232 ) (5120 -1024 -166 ) 
4 234 252 (4096 -1024 0 ) (4096 -1024 632 ) (4096 0 632 ) (4096 0 0 ) 
4 234 240 (5120 -1024 0 ) (5120 -1024 632 ) (4096 -1024 632 ) (4096 -1024 0 ) 
4 234 235 (4096 -1024 0 ) (4096 0 0 ) (5120 0 0 ) (5120 -1024 0 ) 
4 235 253 (4096 -1024 -120 ) (4096 -1024 0 ) (4096 0 0 ) (4096 0 -120 ) 
4 235 241 (5120 -1024 -120 ) (5120 -1024 0 ) (4096 -1024 0 ) (4096 -1024 -120 ) 
4 236 254 (4096 -1024 -232 ) (4096 -1024 -166 ) (4096 0 -166 ) (4096 0 -232 ) 
4 236 242 (5120 -1024 -232 ) (5120 -1024 -166 ) (4096 -1024 -166 ) (4096 -1024 -232 ) 
4 237 243 (6144 -2048 0 ) (6144 -2048 632 ) (5120 -2048 632 ) (5120 -2048 0 ) 
4 237 240 (5120 -2048 0 ) (5120 -2048 632 ) (5120 -1024 632 ) (5120 -1024 0 ) 
4 237 238 (6144 -2048 0 ) (5120 -2048 0 ) (5120 -1024 0 ) (6144 -1024 0 ) 
4 238 244 (6144 -2048 -120 ) (6144 -2048 0 ) (5120 -2048 0 ) (5120 -2048 -120 ) 
4 238 241 (5120 -2048 -120 ) (5120 -2048 0 ) (5120 -1024 0 ) (5120 -1024 -120 ) 
4 239 245 (6144 -2048 -232 ) (6144 -2048 -166 ) (5120 -2048 -166 ) (5120 -2048 -232 ) 
4 239 242 (5120 -2048 -232 ) (5120 -2048 -166 ) (5120 -1024 -166 ) (5120 -1024 -232 ) 
4 240 308 (4096 -2048 0 ) (4096 -2048 632 ) (4096 -1024 632 ) (4096 -1024 0 ) 
4 240 246 (4096 -2048 632 ) (4096 -2048 0 ) (5120 -2048 0 ) (5120 -2048 632 ) 
4 240 241 (4096 -1024 0 ) (5120 -1024 0 ) (5120 -2048 0 ) (4096 -2048 0 ) 
4 241 309 (4096 -2048 -120 ) (4096 -2048 0 ) (4096 -1024 0 ) (4096 -1024 -120 ) 
4 241 247 (4096 -2048 0 ) (4096 -2048 -120 ) (5120 -2048 -120 ) (5120 -2048 0 ) 
4 242 310 (4096 -2048 -232 ) (4096 -2048 -166 ) (4096 -1024 -166 ) (4096 -1024 -232 ) 
4 242 248 (4096 -2048 -166 ) (4096 -2048 -232 ) (5120 -2048 -232 ) (5120 -2048 -166 ) 
4 243 326 (6144 -3072 0 ) (6144 -3072 632 ) (5120 -3072 632 ) (5120 -3072 0 ) 
4 243 246 (5120 -2048 632 ) (5120 -2048 0 ) (5120 -3072 0 ) (5120 -3072 632 ) 
4 243 244 (5120 -2048 0 ) (6144 -2048 0 ) (6144 -3072 0 ) (5120 -3072 0 ) 
4 244 327 (6144 -3072 -120 ) (6144 -3072 0 ) (5120 -3072 0 ) (5120 -3072 -120 ) 
4 244 247 (5120 -2048 0 ) (5120 -2048 -120 ) (5120 -3072 -120 ) (5120 -3072 0 ) 
4 245 328 (6144 -3072 -232 ) (6144 -3072 -166 ) (5120 -3072 -166 ) (5120 -3072 -232 ) 
4 245 248 (5120 -2048 -166 ) (5120 -2048 -232 ) (5120 -3072 -232 ) (5120 -3072 -166 ) 
4 246 329 (5120 -3072 0 ) (5120 -3072 632 ) (4096 -3072 632 ) (4096 -3072 0 ) 
4 246 311 (4096 -3072 0 ) (4096 -3072 632 ) (4096 -2048 632 ) (4096 -2048 0 ) 
4 246 247 (4096 -3072 0 ) (4096 -2048 0 ) (5120 -2048 0 ) (5120 -3072 0 ) 
4 247 330 (5120 -3072 -120 ) (5120 -3072 0 ) (4096 -3072 0 ) (4096 -3072 -120 ) 
4 247 312 (4096 -3072 -120 ) (4096 -3072 0 ) (4096 -2048 0 ) (4096 -2048 -120 ) 
4 248 331 (5120 -3072 -232 ) (5120 -3072 -166 ) (4096 -3072 -166 ) (4096 -3072 -232 ) 
4 248 313 (4096 -3072 -232 ) (4096 -3072 -166 ) (4096 -2048 -166 ) (4096 -2048 -232 ) 
4 249 255 (3072 1024 632 ) (3072 1024 0 ) (3072 0 0 ) (3072 0 632 ) 
4 249 252 (4096 0 0 ) (4096 0 632 ) (3072 0 632 ) (3072 0 0 ) 
4 249 250 (3072 0 0 ) (3072 1024 0 ) (4096 1024 0 ) (4096 0 0 ) 
4 250 256 (3072 1024 0 ) (3072 1024 -120 ) (3072 0 -120 ) (3072 0 0 ) 
4 250 253 (4096 0 -120 ) (4096 0 0 ) (3072 0 0 ) (3072 0 -120 ) 
4 251 257 (3072 1024 -166 ) (3072 1024 -232 ) (3072 0 -232 ) (3072 0 -166 ) 
4 251 254 (4096 0 -232 ) (4096 0 -166 ) (3072 0 -166 ) (3072 0 -232 ) 
4 252 308 (4096 -1024 0 ) (4096 -1024 632 ) (3072 -1024 632 ) (3072 -1024 0 ) 
4 252 268 (3072 -1024 0 ) (3072 -1024 632 ) (3072 0 632 ) (3072 0 0 ) 
4 252 253 (3072 -1024 0 ) (3072 0 0 ) (4096 0 0 ) (4096 -1024 0 ) 
4 253 309 (4096 -1024 -120 ) (4096 -1024 0 ) (3072 -1024 0 ) (3072 -1024 -120 ) 
4 253 269 (3072 -1024 -120 ) (3072 -1024 0 ) (3072 0 0 ) (3072 0 -120 ) 
4 254 310 (4096 -1024 -232 ) (4096 -1024 -166 ) (3072 -1024 -166 ) (3072 -1024 -232 ) 
4 254 270 (3072 -1024 -232 ) (3072 -1024 -166 ) (3072 0 -166 ) (3072 0 -232 ) 
4 255 268 (3072 0 0 ) (3072 0 632 ) (2048 0 632 ) (2048 0 0 ) 
4 255 263 (2048 280.012024 64 ) (2048 0 64 ) (2048 0 80 ) (2048 280.012024 80 ) 
4 255 261 (2048 816.012085 64 ) (2048 280.012024 64 ) (2048 280.012024 80 ) (2048 816.012085 80 ) 
4 255 259 (2048 1024 80 ) (2048 1024 64 ) (2048 816.012085 64 ) (2048 816.012085 80 ) 
4 255 265 (2048 1024 64 ) (2048 1024 0 ) (2048 0 0 ) (2048 0 64 ) 
4 255 258 (2048 1024 632 ) (2048 1024 80 ) (2048 0 80 ) (2048 0 632 ) 
4 255 256 (3072 0 0 ) (2048 0 0 ) (2048 1024 0 ) (3072 1024 0 ) 
4 256 269 (3072 0 -120 ) (3072 0 0 ) (2048 0 0 ) (2048 0 -120 ) 
4 256 266 (2048 1024 0 ) (2048 1024 -120 ) (2048 0 -120 ) (2048 0 0 ) 
4 257 270 (3072 0 -232 ) (3072 0 -166 ) (2048 0 -166 ) (2048 0 -232 ) 
4 257 267 (2048 1024 -166 ) (2048 1024 -232 ) (2048 0 -232 ) (2048 0 -166 ) 
4 258 655 (1024 0 80 ) (1024 0 196 ) (1024 1024 196 ) (1024 1024 80 ) 
4 258 654 (1024 0 196 ) (1024 0 632 ) (1024 1024 632 ) (1024 1024 196 ) 
4 258 271 (2048 0 80 ) (2048 0 632 ) (1024 0 632 ) (1024 0 80 ) 
4 258 264 (1600 0 80 ) (1024 0 80 ) (1024 184.012009 80 ) (1600 184.012009 80 ) 
4 258 263 (2048 0 80 ) (1696 0 80 ) (1696 280.012024 80 ) (2048 280.012024 80 ) 
4 258 262 (1024 280.012024 80 ) (1024 720.012085 80 ) (1152 720.012085 80 ) (1152 280.012024 80 ) 
4 258 261 (1152 816.012085 80 ) (2048 816.012085 80 ) (2048 280.012024 80 ) (1152 280.012024 80 ) 
4 258 259 (1152 1024 80 ) (2048 1024 80 ) (2048 816.012085 80 ) (1152 816.012085 80 ) 
4 258 260 (1024 816.012085 80 ) (1024 1024 80 ) (1056 1024 80 ) (1056 816.012085 80 ) 
4 259 261 (1152 816.012085 64 ) (2048 816.012085 64 ) (2048 816.012085 80 ) (1152 816.012085 80 ) 
4 259 265 (2048 1024 64 ) (2048 816.012085 64 ) (1152 816.012085 64 ) (1152 1024 64 ) 
4 260 661 (1024 816.012085 80 ) (1024 1024 80 ) (1024 1024 64 ) (1024 816.012085 64 ) 
4 260 265 (1056 816.012085 64 ) (1024 816.012085 64 ) (1024 1024 64 ) (1056 1024 64 ) 
4 261 263 (1696 280.012024 64 ) (2048 280.012024 64 ) (2048 280.012024 80 ) (1696 280.012024 80 ) 
4 261 262 (1152 720.012085 64 ) (1152 280.012024 64 ) (1152 280.012024 80 ) (1152 720.012085 80 ) 
4 261 265 (2048 816.012085 64 ) (2048 280.012024 64 ) (1152 280.012024 64 ) (1152 816.012085 64 ) 
4 262 662 (1024 280.012024 80 ) (1024 720.012085 80 ) (1024 720.012085 64 ) (1024 280.012024 64 ) 
4 262 265 (1152 280.012024 64 ) (1024 280.012024 64 ) (1024 720.012085 64 ) (1152 720.012085 64 ) 
4 263 272 (2048 0 64 ) (2048 0 80 ) (1696 0 80 ) (1696 0 64 ) 
4 263 265 (2048 280.012024 64 ) (2048 0 64 ) (1696 0 64 ) (1696 280.012024 64 ) 
4 264 664 (1024 0 64 ) (1024 0 80 ) (1024 184.012009 80 ) (1024 184.012009 64 ) 
4 264 273 (1600 0 80 ) (1024 0 80 ) (1024 0 64 ) (1600 0 64 ) 
4 264 265 (1600 0 64 ) (1024 0 64 ) (1024 184.012009 64 ) (1600 184.012009 64 ) 
4 265 666 (1024 0 0 ) (1024 0 64 ) (1024 1024 64 ) (1024 1024 0 ) 
4 265 276 (2048 0 0 ) (2048 0 64 ) (1024 0 64 ) (1024 0 0 ) 
4 265 266 (2048 1024 0 ) (2048 0 0 ) (1024 0 0 ) (1024 1024 0 ) 
4 266 683 (1024 0 -120 ) (1024 0 0 ) (1024 1024 0 ) (1024 1024 -120 ) 
4 266 306 (2048 0 -120 ) (2048 0 -118 ) (1024 0 -118 ) (1024 0 -120 ) 
4 266 291 (2048 0 -118 ) (2048 0 0 ) (1024 0 0 ) (1024 0 -118 ) 
4 267 684 (1024 0 -232 ) (1024 0 -166 ) (1024 1024 -166 ) (1024 1024 -232 ) 
4 267 307 (2048 0 -232 ) (2048 0 -166 ) (1024 0 -166 ) (1024 0 -232 ) 
4 268 314 (3072 -1024 0 ) (3072 -1024 632 ) (2048 -1024 632 ) (2048 -1024 0 ) 
4 268 287 (2048 -345.469879 0 ) (2048 -359.037537 0 ) (2048 -359.037506 64 ) (2048 -345.469849 64 ) 
4 268 285 (2048 -359.037537 0 ) (2048 -645.169678 0 ) (2048 -645.169922 64 ) (2048 -359.037506 64 ) 
4 268 284 (2048 -645.169678 0 ) (2048 -1024 0 ) (2048 -1024 64 ) (2048 -645.169922 64 ) 
4 268 279 (2048 -324.086731 0 ) (2048 -345.469879 0 ) (2048 -345.469849 64 ) (2048 -324.086700 64 ) 
4 268 276 (2048 0 64 ) (2048 0 0 ) (2048 -324.086731 0 ) (2048 -324.086700 64 ) 
4 268 274 (2048 -415.988007 64 ) (2048 -1024 64 ) (2048 -1024 80 ) (2048 -415.988007 80 ) 
4 268 272 (2048 0 80 ) (2048 0 64 ) (2048 -415.988007 64 ) (2048 -415.988007 80 ) 
4 268 271 (2048 0 632 ) (2048 0 80 ) (2048 -1024 80 ) (2048 -1024 632 ) 
4 268 269 (2048 0 0 ) (3072 0 0 ) (3072 -1024 0 ) (2048 -1024 0 ) 
4 269 315 (3072 -1024 -120 ) (3072 -1024 0 ) (2048 -1024 0 ) (2048 -1024 -120 ) 
4 269 306 (2048 0 -118 ) (2048 0 -120 ) (2048 -1024 -120 ) (2048 -1024 -118 ) 
4 269 302 (2048 -345.469879 -118 ) (2048 -359.037537 -118 ) (2048 -359.037506 0 ) (2048 -345.469849 0 ) 
4 269 300 (2048 -359.037537 -118 ) (2048 -645.169006 -118 ) (2048 -645.169617 0 ) (2048 -359.037506 0 ) 
4 269 299 (2048 -645.169006 -118 ) (2048 -1024 -118 ) (2048 -1024 0 ) (2048 -645.169617 0 ) 
4 269 294 (2048 -324.086731 -118 ) (2048 -345.469879 -118 ) (2048 -345.469849 0 ) (2048 -324.086700 0 ) 
4 269 291 (2048 0 0 ) (2048 0 -118 ) (2048 -324.086731 -118 ) (2048 -324.086700 0 ) 
4 270 316 (3072 -1024 -232 ) (3072 -1024 -166 ) (2048 -1024 -166 ) (2048 -1024 -232 ) 
4 270 307 (2048 0 -166 ) (2048 0 -232 ) (2048 -1024 -232 ) (2048 -1024 -166 ) 
4 271 1043 (1024 -1024 80 ) (1024 -1024 242 ) (1024 -896.987976 242 ) (1024 -896.987976 80 ) 
4 271 1042 (1024 -896.987976 242 ) (1024 -832.987976 242 ) (1024 -832.987976 80 ) (1024 -896.987976 80 ) 
4 271 1041 (1024 -832.987976 242 ) (1024 -686.987976 242 ) (1024 -686.987976 80 ) (1024 -832.987976 80 ) 
4 271 1040 (1024 -686.987976 242 ) (1024 -511.988007 242 ) (1024 -511.988007 80 ) (1024 -686.987976 80 ) 
4 271 1038 (1024 -511.988007 242 ) (1024 -415.988007 242 ) (1024 -415.988007 80 ) (1024 -511.988007 80 ) 
4 271 776 (1024 -415.988007 242 ) (1024 -127.987999 242 ) (1024 -127.987999 80 ) (1024 -415.988007 80 ) 
4 271 770 (1024 -127.987999 242 ) (1024 0 242 ) (1024 0 80 ) (1024 -127.987999 80 ) 
4 271 738 (1024 -1024 242 ) (1024 -1024 247 ) (1024 -686.987976 247 ) (1024 -686.987976 242 ) 
4 271 737 (1024 -686.987976 247 ) (1024 0 247 ) (1024 0 242 ) (1024 -686.987976 242 ) 
4 271 732 (1024 -1024 247 ) (1024 -1024 632 ) (1024 0 632 ) (1024 0 247 ) 
4 271 317 (2048 -1024 80 ) (2048 -1024 632 ) (1024 -1024 632 ) (1024 -1024 80 ) 
4 271 275 (1696 -1024 80 ) (1024 -1024 80 ) (1024 -511.988007 80 ) (1696 -511.988007 80 ) 
4 271 274 (2048 -415.988007 80 ) (2048 -1024 80 ) (1696 -1024 80 ) (1696 -415.988007 80 ) 
4 271 272 (2048 0 80 ) (2048 -415.988007 80 ) (1696 -415.988007 80 ) (1696 0 80 ) 
4 271 273 (1600 -415.988007 80 ) (1024 -415.988007 80 ) (1024 0 80 ) (1600 0 80 ) 
4 272 287 (2048 -345.469879 64 ) (2048 -359.037537 64 ) (1891.431641 -415.988007 64 ) (1853.543213 -415.988007 64 ) 
3 272 285 (2048 -359.037537 64 ) (2048 -415.988007 64 ) (1891.431641 -415.988007 64 ) 
4 272 279 (2048 -324.086731 64 ) (2048 -345.469879 64 ) (1853.543213 -415.988007 64 ) (1795.256958 -415.988007 64 ) 
5 272 276 (1696 0 64 ) (2048 0 64 ) (2048 -324.086731 64 ) (1795.256958 -415.988007 64 ) (1696 -415.988007 64 ) 
4 272 274 (1696 -415.988007 64 ) (2048 -415.988007 64 ) (2048 -415.988007 80 ) (1696 -415.988007 80 ) 
4 273 776 (1024 -415.988007 80 ) (1024 -127.987999 80 ) (1024 -127.987999 64 ) (1024 -415.988007 64 ) 
4 273 770 (1024 -127.987999 80 ) (1024 0 80 ) (1024 0 64 ) (1024 -127.987999 64 ) 
4 273 276 (1024 -415.988007 64 ) (1024 0 64 ) (1600 0 64 ) (1600 -415.988007 64 ) 
4 274 317 (2048 -1024 64 ) (2048 -1024 80 ) (1696 -1024 80 ) (1696 -1024 64 ) 
4 274 287 (1696 -487.074615 64 ) (1696 -473.119751 64 ) (1853.543213 -415.988007 64 ) (1891.431641 -415.988007 64 ) 
5 274 285 (1696 -516.925537 64 ) (1696 -487.074615 64 ) (1891.431641 -415.988007 64 ) (2048 -415.988007 64 ) (2048 -645.169922 64 ) 
4 274 284 (2048 -1024 64 ) (1696 -1024 64 ) (1696 -516.925537 64 ) (2048 -645.169922 64 ) 
4 274 279 (1696 -473.119751 64 ) (1696 -452.079285 64 ) (1795.256958 -415.988007 64 ) (1853.543213 -415.988007 64 ) 
3 274 276 (1696 -452.079285 64 ) (1696 -415.988007 64 ) (1795.256958 -415.988007 64 ) 
4 274 275 (1696 -511.988007 64 ) (1696 -1024 64 ) (1696 -1024 80 ) (1696 -511.988007 80 ) 
4 275 1043 (1024 -1024 64 ) (1024 -1024 80 ) (1024 -896.987976 80 ) (1024 -896.987976 64 ) 
4 275 1042 (1024 -896.987976 80 ) (1024 -832.987976 80 ) (1024 -832.987976 64 ) (1024 -896.987976 64 ) 
4 275 1041 (1024 -832.987976 80 ) (1024 -686.987976 80 ) (1024 -686.987976 64 ) (1024 -832.987976 64 ) 
4 275 1040 (1024 -686.987976 80 ) (1024 -511.988007 80 ) (1024 -511.988007 64 ) (1024 -686.987976 64 ) 
4 275 317 (1696 -1024 80 ) (1024 -1024 80 ) (1024 -1024 64 ) (1696 -1024 64 ) 
3 275 285 (1682.447632 -511.988007 64 ) (1696 -511.988007 64 ) (1696 -516.925537 64 ) 
6 275 284 (1696 -1024 64 ) (1024 -1024 64 ) (1024 -716.814941 64 ) (1588.819214 -511.988007 64 ) (1682.447632 -511.988007 64 ) (1696 -516.925537 64 ) 
4 275 277 (1024 -716.814941 64 ) (1024 -696.428833 64 ) (1531.241699 -511.988007 64 ) (1588.819214 -511.988007 64 ) 
3 275 276 (1024 -696.428833 64 ) (1024 -511.988007 64 ) (1531.241699 -511.988007 64 ) 
4 276 1041 (1024 -696.428833 64 ) (1024 -686.987976 64 ) (1024 -686.987976 0 ) (1024 -696.428833 0 ) 
4 276 1040 (1024 -686.987976 64 ) (1024 -511.988007 64 ) (1024 -511.988007 0 ) (1024 -686.987976 0 ) 
4 276 1039 (1024 -511.988007 64 ) (1024 -415.988007 64 ) (1024 -415.988007 0 ) (1024 -511.988007 0 ) 
4 276 776 (1024 -415.988007 64 ) (1024 -127.987999 64 ) (1024 -127.987999 0 ) (1024 -415.988007 0 ) 
4 276 770 (1024 -127.987999 64 ) (1024 0 64 ) (1024 0 0 ) (1024 -127.987999 0 ) 
4 276 291 (2048 0 0 ) (2048 -324.086731 0 ) (1024 -696.428833 0 ) (1024 0 0 ) 
4 276 282 (1668.566650 -462.054871 0 ) (1671.860229 -460.857269 0 ) (1671.859985 -460.857941 64 ) (1668.566772 -462.055420 64 ) 
4 276 280 (1677.001587 -458.987823 0 ) (1688.015381 -454.983032 0 ) (1688.015137 -454.983704 64 ) (1677.001465 -458.988464 64 ) 
4 276 279 (1688.015381 -454.983032 0 ) (2048 -324.087097 0 ) (2048 -324.087738 64 ) (1688.015137 -454.983704 64 ) 
4 276 278 (1657.763184 -465.983185 0 ) (1668.566650 -462.054871 0 ) (1668.566772 -462.055420 64 ) (1657.763916 -465.983521 64 ) 
4 276 277 (1024 -696.429199 0 ) (1657.763184 -465.983185 0 ) (1657.763916 -465.983521 64 ) (1024 -696.429810 64 ) 
4 277 1041 (1024 -716.814941 64 ) (1024 -696.428833 64 ) (1024 -696.428833 0 ) (1024 -716.814941 0 ) 
4 277 292 (1686.661743 -476.506165 0 ) (1024 -716.814941 0 ) (1024 -696.428833 0 ) (1657.762695 -465.983032 0 ) 
4 277 290 (1655.001587 -487.988251 0 ) (1658.936646 -486.561249 0 ) (1658.936646 -486.561218 64 ) (1655.001099 -487.988403 64 ) 
4 277 288 (1646.564087 -491.048065 0 ) (1649.860352 -489.852692 0 ) (1649.860474 -489.852600 64 ) (1646.564087 -491.048004 64 ) 
4 277 287 (1658.936646 -486.561249 0 ) (1686.662842 -476.506592 0 ) (1686.662842 -476.506561 64 ) (1658.936646 -486.561218 64 ) 
4 277 286 (1635.743652 -494.971985 0 ) (1646.564087 -491.048065 0 ) (1646.564087 -491.048004 64 ) (1635.743164 -494.972137 64 ) 
4 277 284 (1024 -716.815674 0 ) (1635.743652 -494.971985 0 ) (1635.743164 -494.972137 64 ) (1024 -716.815674 64 ) 
4 277 281 (1680.924805 -474.416077 0 ) (1677.002441 -472.987885 0 ) (1677.001465 -472.987518 64 ) (1680.924805 -474.416077 64 ) 
4 277 279 (1686.663696 -476.505737 64 ) (1686.663696 -476.505737 0 ) (1680.924805 -474.416077 0 ) (1680.924805 -474.416077 64 ) 
4 277 278 (1671.869995 -471.119080 0 ) (1657.765625 -465.983398 0 ) (1657.765625 -465.983398 64 ) (1671.869995 -471.119080 64 ) 
3 278 293 (1671.870483 -471.120148 0 ) (1657.762695 -465.983032 0 ) (1668.566528 -462.054596 0 ) 
4 278 282 (1670 -465.989960 0 ) (1668.564941 -462.054810 0 ) (1668.564941 -462.054810 64 ) (1670 -465.989960 64 ) 
5 279 294 (2048 -324.086731 0 ) (2048 -345.469879 0 ) (1686.661743 -476.506165 0 ) (1680.924438 -474.416992 0 ) (1688.015503 -454.982635 0 ) 
4 279 287 (1686.662842 -476.506592 0 ) (2048 -345.470703 0 ) (2048 -345.470703 64 ) (1686.662842 -476.506561 64 ) 
4 279 283 (1685.436646 -462.049438 0 ) (1684 -465.987701 0 ) (1684 -465.987885 64 ) (1685.436401 -462.050079 64 ) 
4 279 281 (1682.128418 -471.116302 0 ) (1680.923950 -474.417450 0 ) (1680.923950 -474.417450 64 ) (1682.128662 -471.115509 64 ) 
4 279 280 (1688.015381 -454.981628 64 ) (1688.015381 -454.981628 0 ) (1685.436646 -462.049438 0 ) (1685.436401 -462.050079 64 ) 
3 280 295 (1677.001099 -458.987640 0 ) (1688.015503 -454.982635 0 ) (1685.437012 -462.049561 0 ) 
4 280 283 (1682.128662 -460.847778 0 ) (1685.437500 -462.048828 0 ) (1685.437256 -462.049438 64 ) (1682.128784 -460.848511 64 ) 
3 281 296 (1680.924438 -474.416992 0 ) (1677.001099 -472.988373 0 ) (1682.128784 -471.116150 0 ) 
3 282 297 (1670 -465.987976 0 ) (1668.566528 -462.054596 0 ) (1671.860352 -460.856873 0 ) 
3 283 298 (1682.129028 -460.848877 0 ) (1685.437012 -462.049561 0 ) (1684 -465.988220 0 ) 
4 284 1043 (1024 -1024 0 ) (1024 -1024 64 ) (1024 -896.987976 64 ) (1024 -896.987976 0 ) 
4 284 1042 (1024 -896.987976 64 ) (1024 -832.987976 64 ) (1024 -832.987976 0 ) (1024 -896.987976 0 ) 
4 284 1041 (1024 -832.987976 64 ) (1024 -716.814941 64 ) (1024 -716.814941 0 ) (1024 -832.987976 0 ) 
4 284 317 (2048 -1024 0 ) (2048 -1024 64 ) (1024 -1024 64 ) (1024 -1024 0 ) 
5 284 299 (2048 -645.169678 0 ) (2048 -1024 0 ) (1024 -1024 0 ) (1024 -716.814941 0 ) (1635.742676 -494.971588 0 ) 
4 284 286 (1649.869629 -500.118042 0 ) (1635.744141 -494.971680 0 ) (1635.743652 -494.971863 64 ) (1649.869751 -500.118439 64 ) 
4 284 285 (2048 -645.169006 0 ) (1655.001343 -501.987671 0 ) (1655 -501.987762 64 ) (2048 -645.169556 64 ) 
3 285 300 (2048 -359.037537 0 ) (2048 -645.169678 0 ) (1655 -501.987823 0 ) 
4 285 289 (1663.430176 -498.921906 0 ) (1660.128540 -500.122833 0 ) (1660.128540 -500.122803 64 ) (1663.430054 -498.921906 64 ) 
4 285 287 (2048 -359.038086 0 ) (1663.430176 -498.921906 0 ) (1663.430054 -498.921906 64 ) (2048 -359.037750 64 ) 
3 286 301 (1649.869995 -500.118622 0 ) (1635.742676 -494.971588 0 ) (1646.563843 -491.047363 0 ) 
4 286 288 (1648 -494.987274 0 ) (1646.564209 -491.047089 0 ) (1646.564209 -491.047089 64 ) (1648 -494.987274 64 ) 
4 287 302 (2048 -345.469879 0 ) (2048 -359.037537 0 ) (1663.430054 -498.921631 0 ) (1658.936401 -486.560547 0 ) 
4 287 290 (1658.935791 -486.557678 64 ) (1658.935791 -486.557678 0 ) (1660.131958 -489.848328 0 ) (1660.132080 -489.848724 64 ) 
4 287 289 (1662 -494.987793 0 ) (1663.428711 -498.917969 0 ) (1663.428711 -498.917969 64 ) (1662 -494.987793 64 ) 
3 288 303 (1648 -494.987915 0 ) (1646.563843 -491.047363 0 ) (1649.860718 -489.851776 0 ) 
3 289 304 (1663.430054 -498.921631 0 ) (1660.128662 -500.122498 0 ) (1662 -494.987823 0 ) 
3 290 305 (1655 -487.987854 0 ) (1658.936401 -486.560547 0 ) (1660.131592 -489.848267 0 ) 
4 291 1153 (1024 -585.520569 0 ) (1024 -521.517395 0 ) (1024 -521.517273 -118 ) (1024 -585.520874 -118 ) 
4 291 1129 (1024 -521.517395 0 ) (1024 0 0 ) (1024 0 -45 ) (1024 -521.517334 -45 ) 
4 291 1137 (1024 0 -45 ) (1024 0 -118 ) (1024 -521.517273 -118 ) (1024 -521.517334 -45 ) 
4 291 1109 (1024 -696.428833 0 ) (1024 -585.520569 0 ) (1024 -585.520874 -118 ) (1024 -696.428833 -118 ) 
4 291 306 (1024 -696.428833 -118 ) (1024 0 -118 ) (2048 0 -118 ) (2048 -324.086731 -118 ) 
4 291 297 (1668.566650 -462.054871 -118 ) (1671.860229 -460.857269 -118 ) (1671.860107 -460.857910 0 ) (1668.566772 -462.055420 0 ) 
4 291 295 (1677.003296 -458.987183 -118 ) (1688.015381 -454.983032 -118 ) (1688.015137 -454.983704 0 ) (1677.002319 -458.988098 0 ) 
4 291 294 (1688.015381 -454.983032 -118 ) (2048 -324.087097 -118 ) (2048 -324.087738 0 ) (1688.015137 -454.983704 0 ) 
4 291 293 (1657.763184 -465.983185 -118 ) (1668.566650 -462.054871 -118 ) (1668.566772 -462.055420 0 ) (1657.763916 -465.983521 0 ) 
4 291 292 (1024 -696.429199 -118 ) (1657.763184 -465.983185 -118 ) (1657.763916 -465.983521 0 ) (1024 -696.429810 0 ) 
4 292 1109 (1024 -716.814941 0 ) (1024 -696.428833 0 ) (1024 -696.428833 -118 ) (1024 -716.814941 -118 ) 
4 292 306 (1024 -716.814941 -118 ) (1024 -696.428833 -118 ) (1657.762695 -465.983032 -118 ) (1686.661743 -476.506165 -118 ) 
4 292 305 (1655.002563 -487.987946 -118 ) (1658.936646 -486.561279 -118 ) (1658.936646 -486.561249 0 ) (1655.001587 -487.988251 0 ) 
4 292 303 (1646.564209 -491.048065 -118 ) (1649.860352 -489.852722 -118 ) (1649.860352 -489.852692 0 ) (1646.564087 -491.048065 0 ) 
4 292 302 (1658.936646 -486.561279 -118 ) (1686.662842 -476.506592 -118 ) (1686.662842 -476.506561 0 ) (1658.936646 -486.561249 0 ) 
4 292 301 (1635.744629 -494.971680 -118 ) (1646.564209 -491.048065 -118 ) (1646.564087 -491.048065 0 ) (1635.743652 -494.971985 0 ) 
4 292 299 (1024 -716.815674 -118 ) (1635.744629 -494.971680 -118 ) (1635.743652 -494.971985 0 ) (1024 -716.815674 0 ) 
4 292 296 (1680.924805 -474.416077 -118 ) (1677.004150 -472.988525 -118 ) (1677.002441 -472.987885 0 ) (1680.924805 -474.416077 0 ) 
4 292 294 (1686.663696 -476.505737 0 ) (1686.663696 -476.505737 -118 ) (1680.924805 -474.416077 -118 ) (1680.924805 -474.416077 0 ) 
4 292 293 (1671.869995 -471.119080 -118 ) (1657.765625 -465.983398 -118 ) (1657.765625 -465.983398 0 ) (1671.869995 -471.119080 0 ) 
3 293 306 (1657.762695 -465.983032 -118 ) (1668.566528 -462.054596 -118 ) (1671.870483 -471.120148 -118 ) 
4 293 297 (1670 -465.989960 -118 ) (1668.565063 -462.054840 -118 ) (1668.565063 -462.054840 0 ) (1670 -465.989960 0 ) 
5 294 306 (1688.015503 -454.982635 -118 ) (2048 -324.086731 -118 ) (2048 -345.469879 -118 ) (1686.661743 -476.506165 -118 ) (1680.924438 -474.416992 -118 ) 
4 294 302 (1686.662842 -476.506592 -118 ) (2048 -345.470703 -118 ) (2048 -345.470703 0 ) (1686.662842 -476.506561 0 ) 
4 294 298 (1685.437012 -462.048309 -118 ) (1684 -465.987335 -118 ) (1684 -465.987701 0 ) (1685.436646 -462.049438 0 ) 
4 294 296 (1682.127930 -471.117828 -118 ) (1680.923950 -474.417450 -118 ) (1680.923950 -474.417450 0 ) (1682.128418 -471.116302 0 ) 
4 294 295 (1688.015381 -454.981628 0 ) (1688.015381 -454.981628 -118 ) (1685.437012 -462.048309 -118 ) (1685.436646 -462.049438 0 ) 
3 295 306 (1677.002930 -458.987000 -118 ) (1688.015503 -454.982635 -118 ) (1685.437378 -462.048431 -118 ) 
4 295 298 (1682.128296 -460.846405 -118 ) (1685.437866 -462.047699 -118 ) (1685.437500 -462.048828 0 ) (1682.128662 -460.847778 0 ) 
3 296 306 (1682.128296 -471.117645 -118 ) (1680.924438 -474.416992 -118 ) (1677.002808 -472.989014 -118 ) 
3 297 306 (1668.566528 -462.054596 -118 ) (1671.860474 -460.856903 -118 ) (1670 -465.987976 -118 ) 
3 298 306 (1682.128784 -460.847534 -118 ) (1685.437378 -462.048431 -118 ) (1684 -465.987854 -118 ) 
4 299 1127 (1024 -1024 -118 ) (1024 -1024 0 ) (1024 -843.554565 0 ) (1024 -843.554565 -118 ) 
4 299 1126 (1024 -843.554565 0 ) (1024 -782.768921 0 ) (1024 -782.772888 -118 ) (1024 -843.554565 -118 ) 
4 299 1109 (1024 -782.768921 0 ) (1024 -716.814941 0 ) (1024 -716.814941 -118 ) (1024 -782.772888 -118 ) 
4 299 318 (2048 -1024 -118 ) (2048 -1024 0 ) (1024 -1024 0 ) (1024 -1024 -118 ) 
5 299 306 (2048 -1024 -118 ) (1024 -1024 -118 ) (1024 -716.814941 -118 ) (1635.743408 -494.971252 -118 ) (2048 -645.169006 -118 ) 
4 299 301 (1649.869507 -500.117340 -118 ) (1635.744995 -494.971375 -118 ) (1635.744141 -494.971680 0 ) (1649.869629 -500.118011 0 ) 
4 299 300 (2048 -645.168152 -118 ) (1655.002197 -501.987335 -118 ) (1655.001343 -501.987640 0 ) (2048 -645.169189 0 ) 
3 300 306 (2048 -359.037537 -118 ) (2048 -645.169006 -118 ) (1655.001465 -501.987549 -118 ) 
4 300 304 (1663.430176 -498.921875 -118 ) (1660.128540 -500.122803 -118 ) (1660.128540 -500.122803 0 ) (1663.430054 -498.921906 0 ) 
4 300 302 (2048 -359.037598 -118 ) (1663.430176 -498.921875 -118 ) (1663.430054 -498.921906 0 ) (2048 -359.037720 0 ) 
3 301 306 (1635.743408 -494.971252 -118 ) (1646.563843 -491.047333 -118 ) (1649.869629 -500.117859 -118 ) 
4 301 303 (1648 -494.987457 -118 ) (1646.564087 -491.047089 -118 ) (1646.564087 -491.047089 0 ) (1648 -494.987427 0 ) 
4 302 306 (1658.936401 -486.560516 -118 ) (2048 -345.469879 -118 ) (2048 -359.037537 -118 ) (1663.430054 -498.921722 -118 ) 
4 302 305 (1658.935791 -486.557678 0 ) (1658.935791 -486.557678 -118 ) (1660.131714 -489.847595 -118 ) (1660.131958 -489.848328 0 ) 
4 302 304 (1662 -494.987793 -118 ) (1663.428711 -498.917969 -118 ) (1663.428711 -498.917969 0 ) (1662 -494.987793 0 ) 
3 303 306 (1646.563843 -491.047333 -118 ) (1649.860718 -489.851746 -118 ) (1648 -494.987854 -118 ) 
3 304 306 (1662 -494.987885 -118 ) (1663.430054 -498.921722 -118 ) (1660.128540 -500.122589 -118 ) 
3 305 306 (1655.001343 -487.987518 -118 ) (1658.936401 -486.560516 -118 ) (1660.131348 -489.847504 -118 ) 
4 306 1153 (1024 -585.520874 -118 ) (1024 -521.517334 -118 ) (1024 -521.517273 -120 ) (1024 -585.520874 -120 ) 
4 306 1137 (1024 -521.517334 -118 ) (1024 0 -118 ) (1024 0 -120 ) (1024 -521.517273 -120 ) 
4 306 1127 (1024 -1024 -120 ) (1024 -1024 -118 ) (1024 -843.554565 -118 ) (1024 -843.554565 -120 ) 
4 306 1126 (1024 -843.554565 -118 ) (1024 -782.772888 -118 ) (1024 -782.772949 -120 ) (1024 -843.554565 -120 ) 
4 306 1109 (1024 -782.772888 -118 ) (1024 -585.520874 -118 ) (1024 -585.520874 -120 ) (1024 -782.772949 -120 ) 
4 306 318 (2048 -1024 -120 ) (2048 -1024 -118 ) (1024 -1024 -118 ) (1024 -1024 -120 ) 
4 307 1165 (1024 -1024 -232 ) (1024 -1024 -166 ) (1024 0 -166 ) (1024 0 -232 ) 
4 307 319 (2048 -1024 -232 ) (2048 -1024 -166 ) (1024 -1024 -166 ) (1024 -1024 -232 ) 
4 308 314 (3072 -1024 632 ) (3072 -1024 0 ) (3072 -2048 0 ) (3072 -2048 632 ) 
4 308 311 (4096 -2048 0 ) (4096 -2048 632 ) (3072 -2048 632 ) (3072 -2048 0 ) 
4 308 309 (3072 -2048 0 ) (3072 -1024 0 ) (4096 -1024 0 ) (4096 -2048 0 ) 
4 309 315 (3072 -1024 0 ) (3072 -1024 -120 ) (3072 -2048 -120 ) (3072 -2048 0 ) 
4 309 312 (4096 -2048 -120 ) (4096 -2048 0 ) (3072 -2048 0 ) (3072 -2048 -120 ) 
4 310 316 (3072 -1024 -166 ) (3072 -1024 -232 ) (3072 -2048 -232 ) (3072 -2048 -166 ) 
4 310 313 (4096 -2048 -232 ) (4096 -2048 -166 ) (3072 -2048 -166 ) (3072 -2048 -232 ) 
4 311 344 (4096 -3072 0 ) (4096 -3072 632 ) (3072 -3072 632 ) (3072 -3072 0 ) 
4 311 320 (3072 -3072 0 ) (3072 -3072 632 ) (3072 -2048 632 ) (3072 -2048 0 ) 
4 311 312 (4096 -3072 0 ) (3072 -3072 0 ) (3072 -2048 0 ) (4096 -2048 0 ) 
4 312 345 (4096 -3072 -120 ) (4096 -3072 0 ) (3072 -3072 0 ) (3072 -3072 -120 ) 
4 312 321 (3072 -3072 -120 ) (3072 -3072 0 ) (3072 -2048 0 ) (3072 -2048 -120 ) 
4 313 346 (4096 -3072 -232 ) (4096 -3072 -166 ) (3072 -3072 -166 ) (3072 -3072 -232 ) 
4 313 322 (3072 -3072 -232 ) (3072 -3072 -166 ) (3072 -2048 -166 ) (3072 -2048 -232 ) 
4 314 320 (3072 -2048 0 ) (3072 -2048 632 ) (2048 -2048 632 ) (2048 -2048 0 ) 
4 314 317 (2048 -1024 632 ) (2048 -1024 0 ) (2048 -2048 0 ) (2048 -2048 632 ) 
4 314 315 (3072 -2048 0 ) (2048 -2048 0 ) (2048 -1024 0 ) (3072 -1024 0 ) 
4 315 321 (3072 -2048 -120 ) (3072 -2048 0 ) (2048 -2048 0 ) (2048 -2048 -120 ) 
4 315 318 (2048 -1024 0 ) (2048 -1024 -120 ) (2048 -2048 -120 ) (2048 -2048 0 ) 
4 316 322 (3072 -2048 -232 ) (3072 -2048 -166 ) (2048 -2048 -166 ) (2048 -2048 -232 ) 
4 316 319 (2048 -1024 -166 ) (2048 -1024 -232 ) (2048 -2048 -232 ) (2048 -2048 -166 ) 
4 317 1300 (1024 -2048 0 ) (1024 -2048 81 ) (1024 -1024 81 ) (1024 -1024 0 ) 
4 317 1298 (1024 -1042.989990 242 ) (1024 -1028.989990 242 ) (1024 -1028.989990 81 ) (1024 -1042.989990 81 ) 
4 317 1299 (1024 -2048 81 ) (1024 -2048 242 ) (1024 -1042.989990 242 ) (1024 -1042.989990 81 ) 
4 317 1296 (1024 -1024 83 ) (1024 -1024 81 ) (1024 -1028.989990 81 ) (1024 -1028.989990 83 ) 
4 317 1295 (1024 -1028.989990 242 ) (1024 -1024 242 ) (1024 -1024 83 ) (1024 -1028.989990 83 ) 
4 317 1276 (1024 -1044.989990 632 ) (1024 -1024 632 ) (1024 -1024 242 ) (1024 -1044.989990 242 ) 
4 317 1293 (1024 -2048 242 ) (1024 -2048 632 ) (1024 -1044.989990 632 ) (1024 -1044.989990 242 ) 
4 317 323 (2048 -2048 0 ) (2048 -2048 632 ) (1024 -2048 632 ) (1024 -2048 0 ) 
4 317 318 (2048 -1024 0 ) (2048 -2048 0 ) (1024 -2048 0 ) (1024 -1024 0 ) 
4 318 1370 (1024 -1206.562378 0 ) (1024 -1024 0 ) (1024 -1024 -120 ) (1024 -1206.562378 -120 ) 
4 318 1368 (1024 -2048 -120 ) (1024 -2048 0 ) (1024 -1206.562378 0 ) (1024 -1206.562378 -120 ) 
4 318 324 (2048 -2048 -120 ) (2048 -2048 0 ) (1024 -2048 0 ) (1024 -2048 -120 ) 
4 319 1386 (1024 -2048 -232 ) (1024 -2048 -166 ) (1024 -1024 -166 ) (1024 -1024 -232 ) 
4 319 325 (2048 -2048 -232 ) (2048 -2048 -166 ) (1024 -2048 -166 ) (1024 -2048 -232 ) 
4 320 352 (3072 -3072 0 ) (3072 -3072 632 ) (2048 -3072 632 ) (2048 -3072 0 ) 
4 320 323 (2048 -2048 632 ) (2048 -2048 0 ) (2048 -3072 0 ) (2048 -3072 632 ) 
4 320 321 (2048 -2048 0 ) (3072 -2048 0 ) (3072 -3072 0 ) (2048 -3072 0 ) 
4 321 353 (3072 -3072 -120 ) (3072 -3072 0 ) (2048 -3072 0 ) (2048 -3072 -120 ) 
4 321 324 (2048 -2048 0 ) (2048 -2048 -120 ) (2048 -3072 -120 ) (2048 -3072 0 ) 
4 322 354 (3072 -3072 -232 ) (3072 -3072 -166 ) (2048 -3072 -166 ) (2048 -3072 -232 ) 
4 322 325 (2048 -2048 -166 ) (2048 -2048 -232 ) (2048 -3072 -232 ) (2048 -3072 -166 ) 
4 323 1435 (1024 -3072 0 ) (1024 -3072 632 ) (1024 -2048 632 ) (1024 -2048 0 ) 
4 323 355 (2048 -3072 0 ) (2048 -3072 632 ) (1024 -3072 632 ) (1024 -3072 0 ) 
4 323 324 (2048 -2048 0 ) (2048 -3072 0 ) (1024 -3072 0 ) (1024 -2048 0 ) 
4 324 1436 (1024 -3072 -120 ) (1024 -3072 0 ) (1024 -2048 0 ) (1024 -2048 -120 ) 
4 324 356 (2048 -3072 -120 ) (2048 -3072 0 ) (1024 -3072 0 ) (1024 -3072 -120 ) 
4 325 1437 (1024 -3072 -232 ) (1024 -3072 -166 ) (1024 -2048 -166 ) (1024 -2048 -232 ) 
4 325 357 (2048 -3072 -232 ) (2048 -3072 -166 ) (1024 -3072 -166 ) (1024 -3072 -232 ) 
4 326 332 (6144 -4096 0 ) (6144 -4096 632 ) (5120 -4096 632 ) (5120 -4096 0 ) 
4 326 329 (5120 -4096 0 ) (5120 -4096 632 ) (5120 -3072 632 ) (5120 -3072 0 ) 
4 326 327 (6144 -4096 0 ) (5120 -4096 0 ) (5120 -3072 0 ) (6144 -3072 0 ) 
4 327 333 (6144 -4096 -120 ) (6144 -4096 0 ) (5120 -4096 0 ) (5120 -4096 -120 ) 
4 327 330 (5120 -4096 -120 ) (5120 -4096 0 ) (5120 -3072 0 ) (5120 -3072 -120 ) 
4 328 336 (6144 -4096 -232 ) (6144 -4096 -166 ) (5120 -4096 -166 ) (5120 -4096 -232 ) 
4 328 331 (5120 -4096 -232 ) (5120 -4096 -166 ) (5120 -3072 -166 ) (5120 -3072 -232 ) 
4 329 344 (4096 -3072 632 ) (4096 -3072 0 ) (4096 -4096 0 ) (4096 -4096 632 ) 
4 329 337 (4096 -4096 632 ) (4096 -4096 0 ) (5120 -4096 0 ) (5120 -4096 632 ) 
4 329 330 (5120 -3072 0 ) (5120 -4096 0 ) (4096 -4096 0 ) (4096 -3072 0 ) 
4 330 345 (4096 -3072 0 ) (4096 -3072 -120 ) (4096 -4096 -120 ) (4096 -4096 0 ) 
4 330 338 (4096 -4096 0 ) (4096 -4096 -120 ) (5120 -4096 -120 ) (5120 -4096 0 ) 
4 331 346 (4096 -3072 -166 ) (4096 -3072 -232 ) (4096 -4096 -232 ) (4096 -4096 -166 ) 
4 331 341 (4096 -4096 -166 ) (4096 -4096 -232 ) (5120 -4096 -232 ) (5120 -4096 -166 ) 
4 332 342 (6144 -5120 0 ) (6144 -5120 632 ) (5120 -5120 632 ) (5120 -5120 0 ) 
4 332 337 (5120 -4096 632 ) (5120 -4096 0 ) (5120 -5120 0 ) (5120 -5120 632 ) 
4 332 334 (6144 -4944 0 ) (6144 -5120 0 ) (5120 -5120 0 ) (5120 -4944 0 ) 
4 332 333 (5120 -4096 0 ) (6144 -4096 0 ) (6144 -4944 0 ) (5120 -4944 0 ) 
4 333 338 (5120 -4096 0 ) (5120 -4096 -120 ) (5120 -4944 -120 ) (5120 -4944 0 ) 
4 333 334 (5120 -4944 -120 ) (6144 -4944 -120 ) (6144 -4944 0 ) (5120 -4944 0 ) 
4 334 342 (6144 -5120 -120 ) (6144 -5120 0 ) (5120 -5120 0 ) (5120 -5120 -120 ) 
4 334 339 (5120 -4944 -120 ) (5120 -5120 -120 ) (5120 -5120 0 ) (5120 -4944 0 ) 
4 334 335 (6144 -5120 -120 ) (5120 -5120 -120 ) (5120 -4944 -120 ) (6144 -4944 -120 ) 
4 335 342 (6144 -5120 -166 ) (6144 -5120 -120 ) (5120 -5120 -120 ) (5120 -5120 -166 ) 
4 335 340 (5120 -4944 -166 ) (5120 -5120 -166 ) (5120 -5120 -120 ) (5120 -4944 -120 ) 
4 335 336 (6144 -4944 -166 ) (6144 -5120 -166 ) (5120 -5120 -166 ) (5120 -4944 -166 ) 
4 336 342 (6144 -5120 -232 ) (6144 -5120 -166 ) (5120 -5120 -166 ) (5120 -5120 -232 ) 
4 336 341 (5120 -4096 -166 ) (5120 -4096 -232 ) (5120 -5120 -232 ) (5120 -5120 -166 ) 
4 337 347 (4096 -5120 0 ) (4096 -5120 632 ) (4096 -4096 632 ) (4096 -4096 0 ) 
4 337 343 (5120 -5120 0 ) (5120 -5120 632 ) (4096 -5120 632 ) (4096 -5120 0 ) 
4 337 339 (4096 -5120 0 ) (4096 -4944 0 ) (5120 -4944 0 ) (5120 -5120 0 ) 
4 337 338 (4096 -4944 0 ) (4096 -4096 0 ) (5120 -4096 0 ) (5120 -4944 0 ) 
4 338 348 (4096 -4944 0 ) (4096 -4096 0 ) (4096 -4096 -120 ) (4096 -4944 -120 ) 
4 338 339 (4096 -4944 -120 ) (5120 -4944 -120 ) (5120 -4944 0 ) (4096 -4944 0 ) 
4 339 349 (4096 -5120 -120 ) (4096 -5120 0 ) (4096 -4944 0 ) (4096 -4944 -120 ) 
4 339 343 (5120 -5120 -120 ) (5120 -5120 0 ) (4096 -5120 0 ) (4096 -5120 -120 ) 
4 339 340 (5120 -5120 -120 ) (4096 -5120 -120 ) (4096 -4944 -120 ) (5120 -4944 -120 ) 
4 340 350 (4096 -5120 -166 ) (4096 -5120 -120 ) (4096 -4944 -120 ) (4096 -4944 -166 ) 
4 340 343 (5120 -5120 -166 ) (5120 -5120 -120 ) (4096 -5120 -120 ) (4096 -5120 -166 ) 
4 340 341 (4096 -5120 -166 ) (4096 -4944 -166 ) (5120 -4944 -166 ) (5120 -5120 -166 ) 
4 341 351 (4096 -5120 -232 ) (4096 -5120 -166 ) (4096 -4096 -166 ) (4096 -4096 -232 ) 
4 341 343 (5120 -5120 -232 ) (5120 -5120 -166 ) (4096 -5120 -166 ) (4096 -5120 -232 ) 
4 342 343 (5120 -5336 632 ) (5120 -5120 632 ) (5120 -5120 -232 ) (5120 -5336 -232 ) 
4 343 368 (4096 -5336 632 ) (4096 -5120 632 ) (4096 -5120 -232 ) (4096 -5336 -232 ) 
4 344 352 (3072 -3072 632 ) (3072 -3072 0 ) (3072 -4096 0 ) (3072 -4096 632 ) 
4 344 347 (4096 -4096 0 ) (4096 -4096 632 ) (3072 -4096 632 ) (3072 -4096 0 ) 
4 344 345 (3072 -4096 0 ) (3072 -3072 0 ) (4096 -3072 0 ) (4096 -4096 0 ) 
4 345 353 (3072 -3072 0 ) (3072 -3072 -120 ) (3072 -4096 -120 ) (3072 -4096 0 ) 
4 345 348 (4096 -4096 -120 ) (4096 -4096 0 ) (3072 -4096 0 ) (3072 -4096 -120 ) 
4 346 354 (3072 -3072 -166 ) (3072 -3072 -232 ) (3072 -4096 -232 ) (3072 -4096 -166 ) 
4 346 351 (4096 -4096 -232 ) (4096 -4096 -166 ) (3072 -4096 -166 ) (3072 -4096 -232 ) 
4 347 368 (4096 -5120 0 ) (4096 -5120 632 ) (3072 -5120 632 ) (3072 -5120 0 ) 
4 347 358 (3072 -5120 0 ) (3072 -5120 632 ) (3072 -4096 632 ) (3072 -4096 0 ) 
4 347 349 (3072 -5120 0 ) (3072 -4944 0 ) (4096 -4944 0 ) (4096 -5120 0 ) 
4 347 348 (3072 -4944 0 ) (3072 -4096 0 ) (4096 -4096 0 ) (4096 -4944 0 ) 
4 348 359 (3072 -4944 0 ) (3072 -4096 0 ) (3072 -4096 -120 ) (3072 -4944 -120 ) 
4 348 349 (3072 -4944 -120 ) (4096 -4944 -120 ) (4096 -4944 0 ) (3072 -4944 0 ) 
4 349 368 (4096 -5120 -120 ) (4096 -5120 0 ) (3072 -5120 0 ) (3072 -5120 -120 ) 
4 349 360 (3072 -5120 -120 ) (3072 -5120 0 ) (3072 -4944 0 ) (3072 -4944 -120 ) 
4 349 350 (4096 -5120 -120 ) (3072 -5120 -120 ) (3072 -4944 -120 ) (4096 -4944 -120 ) 
4 350 368 (4096 -5120 -166 ) (4096 -5120 -120 ) (3072 -5120 -120 ) (3072 -5120 -166 ) 
4 350 361 (3072 -5120 -166 ) (3072 -5120 -120 ) (3072 -4944 -120 ) (3072 -4944 -166 ) 
4 350 351 (3072 -5120 -166 ) (3072 -4944 -166 ) (4096 -4944 -166 ) (4096 -5120 -166 ) 
4 351 368 (4096 -5120 -232 ) (4096 -5120 -166 ) (3072 -5120 -166 ) (3072 -5120 -232 ) 
4 351 362 (3072 -5120 -232 ) (3072 -5120 -166 ) (3072 -4096 -166 ) (3072 -4096 -232 ) 
4 352 358 (3072 -4096 0 ) (3072 -4096 632 ) (2048 -4096 632 ) (2048 -4096 0 ) 
4 352 355 (2048 -3072 632 ) (2048 -3072 0 ) (2048 -4096 0 ) (2048 -4096 632 ) 
4 352 353 (3072 -4096 0 ) (2048 -4096 0 ) (2048 -3072 0 ) (3072 -3072 0 ) 
4 353 359 (3072 -4096 -120 ) (3072 -4096 0 ) (2048 -4096 0 ) (2048 -4096 -120 ) 
4 353 356 (2048 -3072 0 ) (2048 -3072 -120 ) (2048 -4096 -120 ) (2048 -4096 0 ) 
4 354 362 (3072 -4096 -232 ) (3072 -4096 -166 ) (2048 -4096 -166 ) (2048 -4096 -232 ) 
4 354 357 (2048 -3072 -166 ) (2048 -3072 -232 ) (2048 -4096 -232 ) (2048 -4096 -166 ) 
4 355 1453 (1024 -4096 0 ) (1024 -4096 632 ) (1024 -3072 632 ) (1024 -3072 0 ) 
4 355 363 (2048 -4096 0 ) (2048 -4096 632 ) (1024 -4096 632 ) (1024 -4096 0 ) 
4 355 356 (2048 -3072 0 ) (2048 -4096 0 ) (1024 -4096 0 ) (1024 -3072 0 ) 
4 356 1454 (1024 -4096 -120 ) (1024 -4096 0 ) (1024 -3072 0 ) (1024 -3072 -120 ) 
4 356 364 (2048 -4096 -120 ) (2048 -4096 0 ) (1024 -4096 0 ) (1024 -4096 -120 ) 
4 357 1455 (1024 -4096 -232 ) (1024 -4096 -166 ) (1024 -3072 -166 ) (1024 -3072 -232 ) 
4 357 367 (2048 -4096 -232 ) (2048 -4096 -166 ) (1024 -4096 -166 ) (1024 -4096 -232 ) 
4 358 369 (3072 -5120 0 ) (3072 -5120 632 ) (2048 -5120 632 ) (2048 -5120 0 ) 
4 358 363 (2048 -4096 632 ) (2048 -4096 0 ) (2048 -5120 0 ) (2048 -5120 632 ) 
4 358 360 (3072 -4944 0 ) (3072 -5120 0 ) (2048 -5120 0 ) (2048 -4944 0 ) 
4 358 359 (2048 -4096 0 ) (3072 -4096 0 ) (3072 -4944 0 ) (2048 -4944 0 ) 
4 359 364 (2048 -4096 0 ) (2048 -4096 -120 ) (2048 -4944 -120 ) (2048 -4944 0 ) 
4 359 360 (2048 -4944 -120 ) (3072 -4944 -120 ) (3072 -4944 0 ) (2048 -4944 0 ) 
4 360 369 (3072 -5120 -120 ) (3072 -5120 0 ) (2048 -5120 0 ) (2048 -5120 -120 ) 
4 360 365 (2048 -4944 -120 ) (2048 -5120 -120 ) (2048 -5120 0 ) (2048 -4944 0 ) 
4 360 361 (3072 -5120 -120 ) (2048 -5120 -120 ) (2048 -4944 -120 ) (3072 -4944 -120 ) 
4 361 369 (3072 -5120 -166 ) (3072 -5120 -120 ) (2048 -5120 -120 ) (2048 -5120 -166 ) 
4 361 366 (2048 -4944 -166 ) (2048 -5120 -166 ) (2048 -5120 -120 ) (2048 -4944 -120 ) 
4 361 362 (3072 -4944 -166 ) (3072 -5120 -166 ) (2048 -5120 -166 ) (2048 -4944 -166 ) 
4 362 369 (3072 -5120 -232 ) (3072 -5120 -166 ) (2048 -5120 -166 ) (2048 -5120 -232 ) 
4 362 367 (2048 -4096 -166 ) (2048 -4096 -232 ) (2048 -5120 -232 ) (2048 -5120 -166 ) 
4 363 1459 (1024 -5120 0 ) (1024 -5120 632 ) (1024 -4096 632 ) (1024 -4096 0 ) 
4 363 370 (2048 -5120 0 ) (2048 -5120 632 ) (1024 -5120 632 ) (1024 -5120 0 ) 
4 363 365 (2048 -4944 0 ) (2048 -5120 0 ) (1024 -5120 0 ) (1024 -4944 0 ) 
4 363 364 (2048 -4096 0 ) (2048 -4944 0 ) (1024 -4944 0 ) (1024 -4096 0 ) 
4 364 1460 (1024 -4944 0 ) (1024 -4096 0 ) (1024 -4096 -120 ) (1024 -4944 -120 ) 
4 364 365 (1024 -4944 -120 ) (2048 -4944 -120 ) (2048 -4944 0 ) (1024 -4944 0 ) 
4 365 1461 (1024 -5120 -120 ) (1024 -5120 0 ) (1024 -4944 0 ) (1024 -4944 -120 ) 
4 365 370 (2048 -5120 -120 ) (2048 -5120 0 ) (1024 -5120 0 ) (1024 -5120 -120 ) 
4 365 366 (2048 -5120 -120 ) (1024 -5120 -120 ) (1024 -4944 -120 ) (2048 -4944 -120 ) 
4 366 1462 (1024 -5120 -166 ) (1024 -5120 -120 ) (1024 -4944 -120 ) (1024 -4944 -166 ) 
4 366 370 (2048 -5120 -166 ) (2048 -5120 -120 ) (1024 -5120 -120 ) (1024 -5120 -166 ) 
4 366 367 (2048 -4944 -166 ) (2048 -5120 -166 ) (1024 -5120 -166 ) (1024 -4944 -166 ) 
4 367 1463 (1024 -5120 -232 ) (1024 -5120 -166 ) (1024 -4096 -166 ) (1024 -4096 -232 ) 
4 367 370 (2048 -5120 -232 ) (2048 -5120 -166 ) (1024 -5120 -166 ) (1024 -5120 -232 ) 
4 368 369 (3072 -5120 632 ) (3072 -5120 -232 ) (3072 -5336 -232 ) (3072 -5336 632 ) 
4 369 370 (2048 -5120 632 ) (2048 -5120 -232 ) (2048 -5336 -232 ) (2048 -5336 632 ) 
4 370 1485 (1024 -5336 632 ) (1024 -5120 632 ) (1024 -5120 -232 ) (1024 -5336 -232 ) 
4 371 381 (1024 6144 0 ) (1024 6144 632 ) (0 6144 632 ) (0 6144 0 ) 
4 371 376 (0 6920 0 ) (0 6144 0 ) (0 6144 632 ) (0 6920 632 ) 
4 371 373 (1024 6144 0 ) (0 6144 0 ) (0 6400 0 ) (1024 6400 0 ) 
4 371 372 (0 6400 0 ) (0 6920 0 ) (1024 6920 0 ) (1024 6400 0 ) 
4 372 377 (0 6920 -120 ) (0 6400 -120 ) (0 6400 0 ) (0 6920 0 ) 
4 372 374 (0 6480 -120 ) (0 6920 -120 ) (1024 6920 -120 ) (1024 6480 -120 ) 
4 372 373 (0 6400 -120 ) (1024 6400 -120 ) (1024 6400 0 ) (0 6400 0 ) 
4 373 382 (1024 6144 -120 ) (1024 6144 0 ) (0 6144 0 ) (0 6144 -120 ) 
4 373 378 (0 6400 -120 ) (0 6144 -120 ) (0 6144 0 ) (0 6400 0 ) 
4 374 379 (0 6920 -232 ) (0 6480 -232 ) (0 6480 -120 ) (0 6920 -120 ) 
4 374 375 (0 6480 -232 ) (1024 6480 -232 ) (1024 6480 -166 ) (0 6480 -166 ) 
4 375 383 (1024 6144 -232 ) (1024 6144 -166 ) (0 6144 -166 ) (0 6144 -232 ) 
4 375 380 (0 6480 -232 ) (0 6144 -232 ) (0 6144 -166 ) (0 6480 -166 ) 
4 376 387 (-1024 6144 0 ) (-1024 6144 632 ) (-1024 6920 632 ) (-1024 6920 0 ) 
4 376 384 (-1024 6144 632 ) (-1024 6144 0 ) (0 6144 0 ) (0 6144 632 ) 
4 376 378 (0 6400 0 ) (0 6144 0 ) (-1024 6144 0 ) (-1024 6400 0 ) 
4 376 377 (0 6920 0 ) (0 6400 0 ) (-1024 6400 0 ) (-1024 6920 0 ) 
4 377 388 (-1024 6400 0 ) (-1024 6920 0 ) (-1024 6920 -120 ) (-1024 6400 -120 ) 
4 377 379 (0 6920 -120 ) (0 6480 -120 ) (-1024 6480 -120 ) (-1024 6920 -120 ) 
4 377 378 (-1024 6400 -120 ) (0 6400 -120 ) (0 6400 0 ) (-1024 6400 0 ) 
4 378 389 (-1024 6144 -120 ) (-1024 6144 0 ) (-1024 6400 0 ) (-1024 6400 -120 ) 
4 378 385 (-1024 6144 0 ) (-1024 6144 -120 ) (0 6144 -120 ) (0 6144 0 ) 
4 379 390 (-1024 6480 -120 ) (-1024 6920 -120 ) (-1024 6920 -232 ) (-1024 6480 -232 ) 
4 379 380 (-1024 6480 -232 ) (0 6480 -232 ) (0 6480 -166 ) (-1024 6480 -166 ) 
4 380 391 (-1024 6144 -232 ) (-1024 6144 -166 ) (-1024 6480 -166 ) (-1024 6480 -232 ) 
4 380 386 (-1024 6144 -166 ) (-1024 6144 -232 ) (0 6144 -232 ) (0 6144 -166 ) 
4 381 403 (1024 5120 0 ) (1024 5120 632 ) (0 5120 632 ) (0 5120 0 ) 
4 381 384 (0 6144 632 ) (0 6144 0 ) (0 5120 0 ) (0 5120 632 ) 
4 381 382 (0 6144 0 ) (1024 6144 0 ) (1024 5120 0 ) (0 5120 0 ) 
4 382 404 (1024 5120 -120 ) (1024 5120 0 ) (0 5120 0 ) (0 5120 -120 ) 
4 382 385 (0 6144 0 ) (0 6144 -120 ) (0 5120 -120 ) (0 5120 0 ) 
4 383 405 (1024 5120 -232 ) (1024 5120 -166 ) (0 5120 -166 ) (0 5120 -232 ) 
4 383 386 (0 6144 -166 ) (0 6144 -232 ) (0 5120 -232 ) (0 5120 -166 ) 
4 384 406 (0 5120 0 ) (0 5120 632 ) (-1024 5120 632 ) (-1024 5120 0 ) 
4 384 397 (-1024 5120 0 ) (-1024 5120 632 ) (-1024 6144 632 ) (-1024 6144 0 ) 
4 384 385 (-1024 5120 0 ) (-1024 6144 0 ) (0 6144 0 ) (0 5120 0 ) 
4 385 407 (0 5120 -120 ) (0 5120 0 ) (-1024 5120 0 ) (-1024 5120 -120 ) 
4 385 398 (-1024 5120 -120 ) (-1024 5120 0 ) (-1024 6144 0 ) (-1024 6144 -120 ) 
4 386 408 (0 5120 -232 ) (0 5120 -166 ) (-1024 5120 -166 ) (-1024 5120 -232 ) 
4 386 399 (-1024 5120 -232 ) (-1024 5120 -166 ) (-1024 6144 -166 ) (-1024 6144 -232 ) 
4 387 397 (-1024 6144 0 ) (-1024 6144 632 ) (-2048 6144 632 ) (-2048 6144 0 ) 
4 387 392 (-2048 6920 0 ) (-2048 6144 0 ) (-2048 6144 632 ) (-2048 6920 632 ) 
4 387 389 (-1024 6144 0 ) (-2048 6144 0 ) (-2048 6400 0 ) (-1024 6400 0 ) 
4 387 388 (-2048 6400 0 ) (-2048 6920 0 ) (-1024 6920 0 ) (-1024 6400 0 ) 
4 388 393 (-2048 6920 -120 ) (-2048 6400 -120 ) (-2048 6400 0 ) (-2048 6920 0 ) 
4 388 390 (-2048 6480 -120 ) (-2048 6920 -120 ) (-1024 6920 -120 ) (-1024 6480 -120 ) 
4 388 389 (-2048 6400 -120 ) (-1024 6400 -120 ) (-1024 6400 0 ) (-2048 6400 0 ) 
4 389 398 (-1024 6144 -120 ) (-1024 6144 0 ) (-2048 6144 0 ) (-2048 6144 -120 ) 
4 389 394 (-2048 6400 -120 ) (-2048 6144 -120 ) (-2048 6144 0 ) (-2048 6400 0 ) 
4 390 395 (-2048 6920 -232 ) (-2048 6480 -232 ) (-2048 6480 -120 ) (-2048 6920 -120 ) 
4 390 391 (-2048 6480 -232 ) (-1024 6480 -232 ) (-1024 6480 -166 ) (-2048 6480 -166 ) 
4 391 399 (-1024 6144 -232 ) (-1024 6144 -166 ) (-2048 6144 -166 ) (-2048 6144 -232 ) 
4 391 396 (-2048 6480 -232 ) (-2048 6144 -232 ) (-2048 6144 -166 ) (-2048 6480 -166 ) 
4 392 576 (-3072 6144 0 ) (-3072 6144 632 ) (-3072 6920 632 ) (-3072 6920 0 ) 
4 392 400 (-3072 6144 632 ) (-3072 6144 0 ) (-2048 6144 0 ) (-2048 6144 632 ) 
4 392 394 (-2048 6400 0 ) (-2048 6144 0 ) (-3072 6144 0 ) (-3072 6400 0 ) 
4 392 393 (-2048 6920 0 ) (-2048 6400 0 ) (-3072 6400 0 ) (-3072 6920 0 ) 
4 393 577 (-3072 6400 0 ) (-3072 6920 0 ) (-3072 6920 -120 ) (-3072 6400 -120 ) 
4 393 395 (-2048 6920 -120 ) (-2048 6480 -120 ) (-3072 6480 -120 ) (-3072 6920 -120 ) 
4 393 394 (-3072 6400 -120 ) (-2048 6400 -120 ) (-2048 6400 0 ) (-3072 6400 0 ) 
4 394 578 (-3072 6144 -120 ) (-3072 6144 0 ) (-3072 6400 0 ) (-3072 6400 -120 ) 
4 394 401 (-3072 6144 0 ) (-3072 6144 -120 ) (-2048 6144 -120 ) (-2048 6144 0 ) 
4 395 579 (-3072 6480 -120 ) (-3072 6920 -120 ) (-3072 6920 -232 ) (-3072 6480 -232 ) 
4 395 396 (-3072 6480 -232 ) (-2048 6480 -232 ) (-2048 6480 -166 ) (-3072 6480 -166 ) 
4 396 580 (-3072 6144 -232 ) (-3072 6144 -166 ) (-3072 6480 -166 ) (-3072 6480 -232 ) 
4 396 402 (-3072 6144 -166 ) (-3072 6144 -232 ) (-2048 6144 -232 ) (-2048 6144 -166 ) 
4 397 415 (-1024 5120 0 ) (-1024 5120 632 ) (-2048 5120 632 ) (-2048 5120 0 ) 
4 397 400 (-2048 6144 632 ) (-2048 6144 0 ) (-2048 5120 0 ) (-2048 5120 632 ) 
4 397 398 (-1024 5120 0 ) (-2048 5120 0 ) (-2048 6144 0 ) (-1024 6144 0 ) 
4 398 416 (-1024 5120 -120 ) (-1024 5120 0 ) (-2048 5120 0 ) (-2048 5120 -120 ) 
4 398 401 (-2048 6144 0 ) (-2048 6144 -120 ) (-2048 5120 -120 ) (-2048 5120 0 ) 
4 399 417 (-1024 5120 -232 ) (-1024 5120 -166 ) (-2048 5120 -166 ) (-2048 5120 -232 ) 
4 399 402 (-2048 6144 -166 ) (-2048 6144 -232 ) (-2048 5120 -232 ) (-2048 5120 -166 ) 
4 400 586 (-3072 5120 0 ) (-3072 5120 632 ) (-3072 6144 632 ) (-3072 6144 0 ) 
4 400 418 (-2048 5120 0 ) (-2048 5120 632 ) (-3072 5120 632 ) (-3072 5120 0 ) 
4 400 401 (-3072 5120 0 ) (-3072 6144 0 ) (-2048 6144 0 ) (-2048 5120 0 ) 
4 401 587 (-3072 5120 -120 ) (-3072 5120 0 ) (-3072 6144 0 ) (-3072 6144 -120 ) 
4 401 419 (-2048 5120 -120 ) (-2048 5120 0 ) (-3072 5120 0 ) (-3072 5120 -120 ) 
4 402 588 (-3072 5120 -232 ) (-3072 5120 -166 ) (-3072 6144 -166 ) (-3072 6144 -232 ) 
4 402 420 (-2048 5120 -232 ) (-2048 5120 -166 ) (-3072 5120 -166 ) (-3072 5120 -232 ) 
4 403 409 (1024 4096 0 ) (1024 4096 632 ) (0 4096 632 ) (0 4096 0 ) 
4 403 406 (0 4096 0 ) (0 4096 632 ) (0 5120 632 ) (0 5120 0 ) 
4 403 404 (1024 4096 0 ) (0 4096 0 ) (0 5120 0 ) (1024 5120 0 ) 
4 404 410 (1024 4096 -120 ) (1024 4096 0 ) (0 4096 0 ) (0 4096 -120 ) 
4 404 407 (0 4096 -120 ) (0 4096 0 ) (0 5120 0 ) (0 5120 -120 ) 
4 405 411 (1024 4096 -232 ) (1024 4096 -166 ) (0 4096 -166 ) (0 4096 -232 ) 
4 405 408 (0 4096 -232 ) (0 4096 -166 ) (0 5120 -166 ) (0 5120 -232 ) 
4 406 415 (-1024 4096 0 ) (-1024 4096 632 ) (-1024 5120 632 ) (-1024 5120 0 ) 
4 406 412 (0 4096 0 ) (0 4096 632 ) (-1024 4096 632 ) (-1024 4096 0 ) 
4 406 407 (-1024 5120 0 ) (0 5120 0 ) (0 4096 0 ) (-1024 4096 0 ) 
4 407 416 (-1024 4096 -120 ) (-1024 4096 0 ) (-1024 5120 0 ) (-1024 5120 -120 ) 
4 407 413 (0 4096 -120 ) (0 4096 0 ) (-1024 4096 0 ) (-1024 4096 -120 ) 
4 408 417 (-1024 4096 -232 ) (-1024 4096 -166 ) (-1024 5120 -166 ) (-1024 5120 -232 ) 
4 408 414 (0 4096 -232 ) (0 4096 -166 ) (-1024 4096 -166 ) (-1024 4096 -232 ) 
4 409 431 (1024 3072 0 ) (1024 3072 88 ) (0 3072 88 ) (0 3072 0 ) 
4 409 429 (873 3072 264 ) (268 3072 264 ) (268 3072 88 ) (873 3072 88 ) 
4 409 428 (1024 3072 88 ) (1024 3072 264 ) (873 3072 264 ) (873 3072 88 ) 
4 409 430 (268 3072 264 ) (0 3072 264 ) (0 3072 88 ) (268 3072 88 ) 
4 409 427 (1024 3072 264 ) (1024 3072 632 ) (0 3072 632 ) (0 3072 264 ) 
4 409 412 (0 4096 632 ) (0 4096 0 ) (0 3072 0 ) (0 3072 632 ) 
4 409 410 (1024 3072 0 ) (0 3072 0 ) (0 4096 0 ) (1024 4096 0 ) 
4 410 444 (1024 3072 -120 ) (1024 3072 0 ) (0 3072 0 ) (0 3072 -120 ) 
4 410 413 (0 4096 0 ) (0 4096 -120 ) (0 3072 -120 ) (0 3072 0 ) 
4 411 445 (1024 3072 -232 ) (1024 3072 -166 ) (0 3072 -166 ) (0 3072 -232 ) 
4 411 414 (0 4096 -166 ) (0 4096 -232 ) (0 3072 -232 ) (0 3072 -166 ) 
4 412 446 (0 3072 0 ) (0 3072 632 ) (-1024 3072 632 ) (-1024 3072 0 ) 
4 412 421 (-1024 3072 0 ) (-1024 3072 632 ) (-1024 4096 632 ) (-1024 4096 0 ) 
4 412 413 (0 4096 0 ) (0 3072 0 ) (-1024 3072 0 ) (-1024 4096 0 ) 
4 413 447 (0 3072 -120 ) (0 3072 0 ) (-1024 3072 0 ) (-1024 3072 -120 ) 
4 413 422 (-1024 3072 -120 ) (-1024 3072 0 ) (-1024 4096 0 ) (-1024 4096 -120 ) 
4 414 448 (0 3072 -232 ) (0 3072 -166 ) (-1024 3072 -166 ) (-1024 3072 -232 ) 
4 414 423 (-1024 3072 -232 ) (-1024 3072 -166 ) (-1024 4096 -166 ) (-1024 4096 -232 ) 
4 415 421 (-1024 4096 0 ) (-1024 4096 632 ) (-2048 4096 632 ) (-2048 4096 0 ) 
4 415 418 (-2048 4096 0 ) (-2048 4096 632 ) (-2048 5120 632 ) (-2048 5120 0 ) 
4 415 416 (-1024 4096 0 ) (-2048 4096 0 ) (-2048 5120 0 ) (-1024 5120 0 ) 
4 416 422 (-1024 4096 -120 ) (-1024 4096 0 ) (-2048 4096 0 ) (-2048 4096 -120 ) 
4 416 419 (-2048 4096 -120 ) (-2048 4096 0 ) (-2048 5120 0 ) (-2048 5120 -120 ) 
4 417 423 (-1024 4096 -232 ) (-1024 4096 -166 ) (-2048 4096 -166 ) (-2048 4096 -232 ) 
4 417 420 (-2048 4096 -232 ) (-2048 4096 -166 ) (-2048 5120 -166 ) (-2048 5120 -232 ) 
4 418 606 (-3072 4096 0 ) (-3072 4096 632 ) (-3072 5120 632 ) (-3072 5120 0 ) 
4 418 424 (-3072 4096 632 ) (-3072 4096 0 ) (-2048 4096 0 ) (-2048 4096 632 ) 
4 418 419 (-3072 5120 0 ) (-2048 5120 0 ) (-2048 4096 0 ) (-3072 4096 0 ) 
4 419 607 (-3072 4096 -120 ) (-3072 4096 0 ) (-3072 5120 0 ) (-3072 5120 -120 ) 
4 419 425 (-3072 4096 0 ) (-3072 4096 -120 ) (-2048 4096 -120 ) (-2048 4096 0 ) 
4 420 608 (-3072 4096 -232 ) (-3072 4096 -166 ) (-3072 5120 -166 ) (-3072 5120 -232 ) 
4 420 426 (-3072 4096 -166 ) (-3072 4096 -232 ) (-2048 4096 -232 ) (-2048 4096 -166 ) 
4 421 563 (-1024 3072 0 ) (-1024 3072 632 ) (-2048 3072 632 ) (-2048 3072 0 ) 
4 421 424 (-2048 4096 632 ) (-2048 4096 0 ) (-2048 3072 0 ) (-2048 3072 632 ) 
4 421 422 (-2048 4096 0 ) (-1024 4096 0 ) (-1024 3072 0 ) (-2048 3072 0 ) 
4 422 564 (-1024 3072 -120 ) (-1024 3072 0 ) (-2048 3072 0 ) (-2048 3072 -120 ) 
4 422 425 (-2048 4096 0 ) (-2048 4096 -120 ) (-2048 3072 -120 ) (-2048 3072 0 ) 
4 423 565 (-1024 3072 -232 ) (-1024 3072 -166 ) (-2048 3072 -166 ) (-2048 3072 -232 ) 
4 423 426 (-2048 4096 -166 ) (-2048 4096 -232 ) (-2048 3072 -232 ) (-2048 3072 -166 ) 
4 424 612 (-3072 3072 0 ) (-3072 3072 632 ) (-3072 4096 632 ) (-3072 4096 0 ) 
4 424 567 (-3072 3072 632 ) (-3072 3072 0 ) (-2048 3072 0 ) (-2048 3072 632 ) 
4 424 425 (-2048 4096 0 ) (-2048 3072 0 ) (-3072 3072 0 ) (-3072 4096 0 ) 
4 425 613 (-3072 3072 -120 ) (-3072 3072 0 ) (-3072 4096 0 ) (-3072 4096 -120 ) 
4 425 568 (-3072 3072 0 ) (-3072 3072 -120 ) (-2048 3072 -120 ) (-2048 3072 0 ) 
4 426 614 (-3072 3072 -232 ) (-3072 3072 -166 ) (-3072 4096 -166 ) (-3072 4096 -232 ) 
4 426 569 (-3072 3072 -166 ) (-3072 3072 -232 ) (-2048 3072 -232 ) (-2048 3072 -166 ) 
4 427 446 (0 3072 632 ) (0 3072 264 ) (0 2072.010254 264 ) (0 2072.010254 632 ) 
4 427 436 (0 2072.010254 632 ) (0 2072.010254 264 ) (1024 2072.010254 264 ) (1024 2072.010254 632 ) 
4 427 429 (268 2080.010254 264 ) (268 3072 264 ) (873 3072 264 ) (873 2080.010254 264 ) 
4 427 428 (1024 2072.010254 264 ) (873 2072.010254 264 ) (873 3072 264 ) (1024 3072 264 ) 
4 427 430 (268 2072.010254 264 ) (0 2072.010254 264 ) (0 3072 264 ) (268 3072 264 ) 
4 428 441 (873 2072.010254 88 ) (1024 2072.010254 88 ) (1024 2072.010254 107 ) (873 2072.010254 107 ) 
4 428 439 (1024 2072.010254 107 ) (1024 2072.010254 256 ) (873 2072.010254 256 ) (873 2072.010254 107 ) 
4 428 437 (1024 2072.010254 256 ) (1024 2072.010254 264 ) (873 2072.010254 264 ) (873 2072.010254 256 ) 
4 428 432 (1024 2072.010254 88 ) (873 2072.010254 88 ) (873 2080.010254 88 ) (1024 2080.010254 88 ) 
4 428 431 (873 2080.010254 88 ) (873 3072 88 ) (1024 3072 88 ) (1024 2080.010254 88 ) 
4 428 429 (873 3072 88 ) (873 2080.010254 88 ) (873 2080.010254 264 ) (873 3072 264 ) 
4 429 431 (268 2080.010254 88 ) (268 3072 88 ) (873 3072 88 ) (873 2080.010254 88 ) 
4 429 430 (268 3072 88 ) (268 2080.010254 88 ) (268 2080.010254 264 ) (268 3072 264 ) 
4 430 446 (0 3072 264 ) (0 3072 88 ) (0 2072.010254 88 ) (0 2072.010254 264 ) 
4 430 443 (0 2072.010254 107 ) (0 2072.010254 88 ) (268 2072.010254 88 ) (268 2072.010254 107 ) 
4 430 440 (0 2072.010254 256 ) (0 2072.010254 107 ) (268 2072.010254 107 ) (268 2072.010254 256 ) 
4 430 438 (0 2072.010254 264 ) (0 2072.010254 256 ) (268 2072.010254 256 ) (268 2072.010254 264 ) 
4 430 434 (268 2072.010254 88 ) (0 2072.010254 88 ) (0 2080.010254 88 ) (268 2080.010254 88 ) 
4 430 431 (0 2080.010254 88 ) (0 3072 88 ) (268 3072 88 ) (268 2080.010254 88 ) 
4 431 446 (0 3072 88 ) (0 3072 0 ) (0 2080.010254 0 ) (0 2080.010254 88 ) 
4 431 444 (0 2080.010254 0 ) (0 3072 0 ) (1024 3072 0 ) (1024 2080.010254 0 ) 
4 431 434 (296 2080.010254 88 ) (0 2080.010254 88 ) (0 2080.010254 48 ) (296 2080.010254 48 ) 
4 431 432 (1024 2080.010254 48 ) (1024 2080.010254 88 ) (862 2080.010254 88 ) (862 2080.010254 48 ) 
4 431 433 (854 2080.010254 88 ) (304 2080.010254 88 ) (304 2080.010254 48 ) (854 2080.010254 48 ) 
4 431 435 (0 2080.010254 0 ) (1024 2080.010254 0 ) (1024 2080.010254 48 ) (0 2080.010254 48 ) 
4 432 442 (862 2072.010254 48 ) (873 2072.010254 48 ) (873 2072.010254 88 ) (862 2072.010254 88 ) 
4 432 441 (873 2072.010254 48 ) (1024 2072.010254 48 ) (1024 2072.010254 88 ) (873 2072.010254 88 ) 
4 432 435 (1024 2072.010254 48 ) (862 2072.010254 48 ) (862 2080.010254 48 ) (1024 2080.010254 48 ) 
4 433 442 (304 2072.010254 48 ) (854 2072.010254 48 ) (854 2072.010254 88 ) (304 2072.010254 88 ) 
4 433 435 (854 2072.010254 48 ) (304 2072.010254 48 ) (304 2080.010254 48 ) (854 2080.010254 48 ) 
4 434 446 (0 2072.010254 48 ) (0 2072.010254 88 ) (0 2080.010254 88 ) (0 2080.010254 48 ) 
4 434 442 (268 2072.010254 48 ) (296 2072.010254 48 ) (296 2072.010254 88 ) (268 2072.010254 88 ) 
4 434 443 (0 2072.010254 88 ) (0 2072.010254 48 ) (268 2072.010254 48 ) (268 2072.010254 88 ) 
4 434 435 (296 2072.010254 48 ) (0 2072.010254 48 ) (0 2080.010254 48 ) (296 2080.010254 48 ) 
4 435 446 (0 2080.010254 0 ) (0 2072.010254 0 ) (0 2072.010254 48 ) (0 2080.010254 48 ) 
4 435 444 (0 2072.010254 0 ) (0 2080.010254 0 ) (1024 2080.010254 0 ) (1024 2072.010254 0 ) 
4 435 442 (268 2072.010254 0 ) (873 2072.010254 0 ) (873 2072.010254 48 ) (268 2072.010254 48 ) 
4 435 441 (873 2072.010254 0 ) (1024 2072.010254 0 ) (1024 2072.010254 48 ) (873 2072.010254 48 ) 
4 435 443 (0 2072.010254 48 ) (0 2072.010254 0 ) (268 2072.010254 0 ) (268 2072.010254 48 ) 
4 436 454 (873 2048 632 ) (268 2048 632 ) (268 2048 264 ) (873 2048 264 ) 
4 436 453 (1024 2048 264 ) (1024 2048 632 ) (873 2048 632 ) (873 2048 264 ) 
4 436 458 (268 2048 632 ) (0 2048 632 ) (0 2048 264 ) (268 2048 264 ) 
4 436 446 (0 2048 264 ) (0 2048 632 ) (0 2072.010254 632 ) (0 2072.010254 264 ) 
4 436 437 (873 2072.010254 264 ) (1024 2072.010254 264 ) (1024 2048 264 ) (873 2048 264 ) 
4 436 438 (0 2048 264 ) (0 2072.010254 264 ) (268 2072.010254 264 ) (268 2048 264 ) 
4 437 453 (1024 2048 256 ) (1024 2048 264 ) (873 2048 264 ) (873 2048 256 ) 
4 437 439 (1024 2048 256 ) (873 2048 256 ) (873 2072.010254 256 ) (1024 2072.010254 256 ) 
4 438 458 (268 2048 264 ) (0 2048 264 ) (0 2048 256 ) (268 2048 256 ) 
4 438 446 (0 2048 256 ) (0 2048 264 ) (0 2072.010254 264 ) (0 2072.010254 256 ) 
4 438 440 (268 2048 256 ) (0 2048 256 ) (0 2072.010254 256 ) (268 2072.010254 256 ) 
4 439 455 (873 2048 256 ) (284 2048 256 ) (284 2048 107 ) (873 2048 107 ) 
4 439 453 (1024 2048 107 ) (1024 2048 256 ) (873 2048 256 ) (873 2048 107 ) 
4 439 441 (873 2072.010254 107 ) (1024 2072.010254 107 ) (1024 2048 107 ) (873 2048 107 ) 
4 440 458 (268 2048 256 ) (0 2048 256 ) (0 2048 107 ) (268 2048 107 ) 
4 440 446 (0 2048 107 ) (0 2048 256 ) (0 2072.010254 256 ) (0 2072.010254 107 ) 
4 440 443 (0 2048 107 ) (0 2072.010254 107 ) (268 2072.010254 107 ) (268 2048 107 ) 
4 441 453 (1024 2048 0 ) (1024 2048 107 ) (873 2048 107 ) (873 2048 0 ) 
4 441 444 (1024 2048 0 ) (873 2048 0 ) (873 2072.010254 0 ) (1024 2072.010254 0 ) 
4 441 442 (873 2072.010254 99 ) (873 2072.010254 0 ) (873 2048 0 ) (873 2048 99 ) 
4 442 456 (268 2048 99 ) (268 2048 0 ) (873 2048 0 ) (873 2048 99 ) 
4 442 444 (873 2048 0 ) (268 2048 0 ) (268 2072.010254 0 ) (873 2072.010254 0 ) 
4 442 443 (268 2072.010254 99 ) (268 2072.010254 0 ) (268 2048 0 ) (268 2048 99 ) 
4 443 458 (268 2048 107 ) (0 2048 107 ) (0 2048 0 ) (268 2048 0 ) 
4 443 446 (0 2072.010254 0 ) (0 2048 0 ) (0 2048 107 ) (0 2072.010254 107 ) 
4 443 444 (268 2048 0 ) (0 2048 0 ) (0 2072.010254 0 ) (268 2072.010254 0 ) 
4 444 489 (1024 2048 -120 ) (1024 2048 0 ) (0 2048 0 ) (0 2048 -120 ) 
4 444 447 (0 3072 0 ) (0 3072 -120 ) (0 2048 -120 ) (0 2048 0 ) 
4 445 490 (1024 2048 -232 ) (1024 2048 -166 ) (0 2048 -166 ) (0 2048 -232 ) 
4 445 448 (0 3072 -166 ) (0 3072 -232 ) (0 2048 -232 ) (0 2048 -166 ) 
4 446 563 (-1024 3072 632 ) (-1024 3072 0 ) (-1024 2048 0 ) (-1024 2048 632 ) 
4 446 511 (-1024 2048 71.750000 ) (-1024 2048 0 ) (-671 2048 0 ) (-671 2048 71.750000 ) 
4 446 501 (-671 2048 0 ) (-665 2048 0 ) (-665 2048 71.750000 ) (-671 2048 71.750000 ) 
4 446 499 (-883 2048 71.750000 ) (-665 2048 71.750000 ) (-665 2048 76.750000 ) (-883 2048 76.750000 ) 
4 446 500 (-1024 2048 76.750000 ) (-1024 2048 71.750000 ) (-883 2048 71.750000 ) (-883 2048 76.750000 ) 
4 446 498 (-665 2048 632 ) (-1024 2048 632 ) (-1024 2048 76.750000 ) (-665 2048 76.750000 ) 
4 446 491 (0 2048 0 ) (0 2048 632 ) (-665 2048 632 ) (-665 2048 0 ) 
4 446 447 (-1024 3072 0 ) (0 3072 0 ) (0 2048 0 ) (-1024 2048 0 ) 
4 447 564 (-1024 3072 0 ) (-1024 3072 -120 ) (-1024 2048 -120 ) (-1024 2048 0 ) 
4 447 554 (-1007.334045 2048 0 ) (-1024 2048 0 ) (-1024 2048 -110.250000 ) (-1007.332886 2048 -110.250000 ) 
4 447 561 (-1024 2048 -110.250000 ) (-1024 2048 -120 ) (-1007.332764 2048 -120 ) (-1007.332886 2048 -110.250000 ) 
4 447 538 (0 2048 -113.250000 ) (0 2048 0 ) (-1007.334045 2048 0 ) (-1007.332825 2048 -113.250000 ) 
4 447 546 (0 2048 -120 ) (0 2048 -113.250000 ) (-1007.332825 2048 -113.250000 ) (-1007.332764 2048 -120 ) 
4 448 565 (-1024 3072 -166 ) (-1024 3072 -232 ) (-1024 2048 -232 ) (-1024 2048 -166 ) 
4 448 562 (0 2048 -232 ) (0 2048 -166 ) (-1024 2048 -166 ) (-1024 2048 -232 ) 
4 449 451 (-616 2747 -502 ) (-616 2197 -502 ) (-616 2197 -423 ) (-616 2747 -423 ) 
4 449 450 (-616 2197 -423 ) (-616 2197 -359 ) (-616 2747 -359 ) (-616 2747 -423 ) 
4 450 452 (-661 2197 -359 ) (-661 2747 -359 ) (-661 2747 -423 ) (-661 2197 -423 ) 
4 450 451 (-661 2197 -423 ) (-661 2747 -423 ) (-616 2747 -423 ) (-616 2197 -423 ) 
4 451 452 (-661 2747 -502 ) (-661 2197 -502 ) (-661 2197 -423 ) (-661 2747 -423 ) 
4 452 566 (-1024 2747 -502 ) (-1024 2197 -502 ) (-1024 2197 -359 ) (-1024 2747 -359 ) 
4 453 489 (873 2048 0 ) (1024 2048 0 ) (1024 1776.010132 0 ) (873 1776.010132 0 ) 
4 453 485 (873 1776.010132 0 ) (1024 1776.010132 0 ) (1024 1776.010132 64 ) (873 1776.010132 64 ) 
4 453 462 (1024 1776.010132 64 ) (1024 1776.010132 71 ) (873 1776.010132 71 ) (873 1776.010132 64 ) 
4 453 460 (1024 1776.010132 71 ) (1024 1776.010132 80 ) (873 1776.010132 80 ) (873 1776.010132 71 ) 
4 453 459 (1024 1776.010132 80 ) (1024 1776.010132 632 ) (873 1776.010132 632 ) (873 1776.010132 80 ) 
4 453 456 (873 2048 0 ) (873 2025.010132 0 ) (873 2025.010132 99 ) (873 2048 99 ) 
4 453 454 (873 2025.010132 264 ) (873 2025.010132 632 ) (873 2048 632 ) (873 2048 264 ) 
4 453 455 (873 2025.010132 107 ) (873 2025.010132 256 ) (873 2048 256 ) (873 2048 107 ) 
4 453 457 (873 2025.010132 0 ) (873 1776.010132 0 ) (873 1776.010132 632 ) (873 2025.010132 632 ) 
4 454 457 (268 2025.010132 632 ) (268 2025.010132 264 ) (873 2025.010132 264 ) (873 2025.010132 632 ) 
4 454 458 (268 2025.010132 264 ) (268 2025.010132 632 ) (268 2048 632 ) (268 2048 264 ) 
4 455 458 (268 2025.010132 107 ) (268 2025.010132 256 ) (268 2048 256 ) (268 2048 107 ) 
4 455 457 (268 2025.010132 256 ) (268 2025.010132 107 ) (873 2025.010132 107 ) (873 2025.010132 256 ) 
4 456 489 (268 2048 0 ) (873 2048 0 ) (873 2025.010132 0 ) (268 2025.010132 0 ) 
4 456 458 (268 2048 0 ) (268 2025.010132 0 ) (268 2025.010132 99 ) (268 2048 99 ) 
4 456 457 (268 2025.010132 99 ) (268 2025.010132 0 ) (873 2025.010132 0 ) (873 2025.010132 99 ) 
4 457 489 (873 2025.010132 0 ) (873 1776.010132 0 ) (268 1776.010132 0 ) (268 2025.010132 0 ) 
4 457 486 (400 1776.010132 0 ) (416 1776.010132 0 ) (416 1776.010132 63 ) (400 1776.010132 63 ) 
4 457 485 (416 1776.010132 0 ) (873 1776.010132 0 ) (873 1776.010132 64 ) (416 1776.010132 64 ) 
4 457 487 (268 1776.010132 0 ) (400 1776.010132 0 ) (400 1776.010132 64 ) (268 1776.010132 64 ) 
4 457 473 (268 1776.010132 196 ) (268 1776.010132 64 ) (280 1776.010132 64 ) (280 1776.010132 196 ) 
4 457 472 (280 1776.010132 632 ) (268 1776.010132 632 ) (268 1776.010132 196 ) (280 1776.010132 196 ) 
4 457 469 (762 1776.010132 71 ) (280 1776.010132 71 ) (280 1776.010132 64 ) (762 1776.010132 64 ) 
4 457 468 (762 1776.010132 65 ) (762 1776.010132 64 ) (768 1776.010132 64 ) (768 1776.010132 65 ) 
4 457 466 (768 1776.010132 67 ) (768 1776.010132 64 ) (770 1776.010132 64 ) (770 1776.010132 67 ) 
4 457 463 (770 1776.010132 65 ) (770 1776.010132 64 ) (776 1776.010132 64 ) (776 1776.010132 65 ) 
4 457 462 (873 1776.010132 64 ) (873 1776.010132 71 ) (776 1776.010132 71 ) (776 1776.010132 64 ) 
4 457 460 (873 1776.010132 71 ) (873 1776.010132 80 ) (280 1776.010132 80 ) (280 1776.010132 71 ) 
4 457 459 (873 1776.010132 80 ) (873 1776.010132 632 ) (280 1776.010132 632 ) (280 1776.010132 80 ) 
4 457 458 (268 2025.010132 0 ) (268 1776.010132 0 ) (268 1776.010132 632 ) (268 2025.010132 632 ) 
4 458 491 (0 2048 632 ) (0 2048 0 ) (0 1776.010132 0 ) (0 1776.010132 632 ) 
4 458 489 (0 2048 0 ) (268 2048 0 ) (268 1776.010132 0 ) (0 1776.010132 0 ) 
4 458 487 (0 1776.010132 64 ) (0 1776.010132 0 ) (268 1776.010132 0 ) (268 1776.010132 64 ) 
4 458 482 (0 1776.010132 196 ) (0 1776.010132 64 ) (200 1776.010132 64 ) (200 1776.010132 196 ) 
4 458 473 (200 1776.010132 64 ) (268 1776.010132 64 ) (268 1776.010132 196 ) (200 1776.010132 196 ) 
4 458 472 (0 1776.010132 632 ) (0 1776.010132 196 ) (268 1776.010132 196 ) (268 1776.010132 632 ) 
4 459 488 (1024 1200.010010 80 ) (1024 1200.010010 632 ) (280 1200.010010 632 ) (280 1200.010010 80 ) 
5 459 481 (280 1292.238159 80 ) (280 1200.010010 80 ) (280 1200.010010 192 ) (280 1364 192 ) (280 1364 136.336426 ) 
5 459 480 (280 1448.010132 80 ) (280 1364 80 ) (280 1364 112 ) (280 1439.996216 192 ) (280 1448.010132 192 ) 
3 459 479 (280 1364 136.336426 ) (280 1364 192 ) (280 1434.904907 192 ) 
4 459 478 (280 1200.010010 192 ) (280 1200.010010 196 ) (280 1440 196 ) (280 1434.904785 192 ) 
4 459 477 (280 1544.010132 80 ) (280 1448.010132 80 ) (280 1448.010132 192 ) (280 1544.010132 192 ) 
3 459 476 (280 1553.095215 192 ) (280 1620 192 ) (280 1620 139.476593 ) 
5 459 475 (280 1620 80 ) (280 1544.010132 80 ) (280 1544.010132 192 ) (280 1547.996338 192 ) (280 1620 111.996010 ) 
4 459 474 (280 1548 196 ) (280 1620 196 ) (280 1620 192 ) (280 1553.095215 192 ) 
5 459 473 (280 1776.010132 196 ) (280 1776.010132 80 ) (280 1695.623413 80 ) (280 1620 139.438751 ) (280 1620 196 ) 
4 459 472 (280 1776.010132 632 ) (280 1776.010132 196 ) (280 1200.010010 196 ) (280 1200.010010 632 ) 
4 459 460 (280 1544.010132 80 ) (280 1776.010132 80 ) (1024 1776.010132 80 ) (1024 1544.010132 80 ) 
4 459 461 (1024 1200.010010 80 ) (280 1200.010010 80 ) (280 1448.010132 80 ) (1024 1448.010132 80 ) 
4 460 475 (280 1620 71 ) (280 1544.010132 71 ) (280 1544.010132 80 ) (280 1620 80 ) 
4 460 473 (280 1776.010132 80 ) (280 1776.010132 71 ) (280 1707.074097 71 ) (280 1695.623413 80 ) 
4 460 469 (280 1544.010132 71 ) (280 1776.010132 71 ) (762 1776.010132 71 ) (762 1544.010132 71 ) 
4 460 462 (776 1776.010132 71 ) (1024 1776.010132 71 ) (1024 1544.010132 71 ) (776 1544.010132 71 ) 
4 461 488 (1024 1200.010010 71 ) (1024 1200.010010 80 ) (280 1200.010010 80 ) (280 1200.010010 71 ) 
4 461 481 (280 1280.773804 71 ) (280 1200.010010 71 ) (280 1200.010010 80 ) (280 1292.238159 80 ) 
4 461 480 (280 1448.010132 71 ) (280 1364 71 ) (280 1364 80 ) (280 1448.010132 80 ) 
4 461 471 (762 1200.010010 71 ) (280 1200.010010 71 ) (280 1448.010132 71 ) (762 1448.010132 71 ) 
4 461 464 (1024 1200.010010 71 ) (776 1200.010010 71 ) (776 1448.010132 71 ) (1024 1448.010132 71 ) 
4 462 485 (776 1776.010132 64 ) (1024 1776.010132 64 ) (1024 1544.010132 64 ) (776 1544.010132 64 ) 
4 462 463 (776 1776.010132 64 ) (776 1544.010132 64 ) (776 1544.010132 65 ) (776 1776.010132 65 ) 
4 463 485 (770 1544.010132 64 ) (770 1776.010132 64 ) (776 1776.010132 64 ) (776 1544.010132 64 ) 
4 463 466 (770 1776.010132 64 ) (770 1544.010132 64 ) (770 1544.010132 65 ) (770 1776.010132 65 ) 
4 464 488 (1024 1200.010010 64 ) (1024 1200.010010 71 ) (776 1200.010010 71 ) (776 1200.010010 64 ) 
4 464 485 (1024 1200.010010 64 ) (776 1200.010010 64 ) (776 1448.010132 64 ) (1024 1448.010132 64 ) 
4 464 465 (776 1448.010132 65 ) (776 1448.010132 64 ) (776 1200.010010 64 ) (776 1200.010010 65 ) 
4 465 488 (770 1200.010010 65 ) (770 1200.010010 64 ) (776 1200.010010 64 ) (776 1200.010010 65 ) 
4 465 485 (776 1200.010010 64 ) (770 1200.010010 64 ) (770 1448.010132 64 ) (776 1448.010132 64 ) 
4 465 467 (770 1448.010132 64 ) (770 1200.010010 64 ) (770 1200.010010 65 ) (770 1448.010132 65 ) 
4 466 485 (768 1544.010132 64 ) (768 1776.010132 64 ) (770 1776.010132 64 ) (770 1544.010132 64 ) 
4 466 468 (768 1776.010132 64 ) (768 1544.010132 64 ) (768 1544.010132 65 ) (768 1776.010132 65 ) 
4 467 488 (768 1200.010010 67 ) (768 1200.010010 64 ) (770 1200.010010 64 ) (770 1200.010010 67 ) 
4 467 485 (770 1200.010010 64 ) (768 1200.010010 64 ) (768 1448.010132 64 ) (770 1448.010132 64 ) 
4 467 470 (768 1448.010132 64 ) (768 1200.010010 64 ) (768 1200.010010 65 ) (768 1448.010132 65 ) 
4 468 485 (762 1776.010132 64 ) (768 1776.010132 64 ) (768 1544.010132 64 ) (762 1544.010132 64 ) 
4 468 469 (762 1776.010132 64 ) (762 1544.010132 64 ) (762 1544.010132 65 ) (762 1776.010132 65 ) 
4 469 485 (416 1776.010132 64 ) (762 1776.010132 64 ) (762 1544.010132 64 ) (416 1544.010132 64 ) 
4 469 487 (280 1544.010132 64 ) (280 1776.010132 64 ) (400 1776.010132 64 ) (400 1544.010132 64 ) 
4 469 475 (280 1620 64 ) (280 1544.010132 64 ) (280 1544.010132 71 ) (280 1620 71 ) 
4 469 473 (280 1776.010132 71 ) (280 1776.010132 64 ) (280 1715.980103 64 ) (280 1707.074097 71 ) 
4 470 488 (762 1200.010010 65 ) (762 1200.010010 64 ) (768 1200.010010 64 ) (768 1200.010010 65 ) 
4 470 485 (768 1200.010010 64 ) (762 1200.010010 64 ) (762 1448.010132 64 ) (768 1448.010132 64 ) 
4 470 471 (762 1448.010132 65 ) (762 1448.010132 64 ) (762 1200.010010 64 ) (762 1200.010010 65 ) 
4 471 488 (762 1200.010010 71 ) (280 1200.010010 71 ) (280 1200.010010 64 ) (762 1200.010010 64 ) 
4 471 485 (762 1200.010010 64 ) (416 1200.010010 64 ) (416 1448.010132 64 ) (762 1448.010132 64 ) 
4 471 487 (400 1200.010010 64 ) (280 1200.010010 64 ) (280 1448.010132 64 ) (400 1448.010132 64 ) 
4 471 481 (280 1271.857178 64 ) (280 1200.010010 64 ) (280 1200.010010 71 ) (280 1280.773804 71 ) 
4 471 480 (280 1448.010132 64 ) (280 1364 64 ) (280 1364 71 ) (280 1448.010132 71 ) 
4 472 518 (0 1200.010010 196 ) (0 1200.010010 632 ) (0 1575.010132 632 ) (0 1575.010132 196 ) 
4 472 492 (0 1575.010132 632 ) (0 1626.010132 632 ) (0 1626.010132 196 ) (0 1575.010132 196 ) 
4 472 491 (0 1626.010132 632 ) (0 1776.010132 632 ) (0 1776.010132 196 ) (0 1626.010132 196 ) 
4 472 488 (0 1200.010010 632 ) (0 1200.010010 196 ) (280 1200.010010 196 ) (280 1200.010010 632 ) 
4 472 483 (200 1544.010132 196 ) (200 1448.010132 196 ) (0 1448.010132 196 ) (0 1544.010132 196 ) 
4 472 482 (0 1776.010132 196 ) (200 1776.010132 196 ) (200 1544.010132 196 ) (0 1544.010132 196 ) 
4 472 484 (200 1448.010132 196 ) (200 1200.010010 196 ) (0 1200.010010 196 ) (0 1448.010132 196 ) 
4 472 478 (280 1440 196 ) (280 1200.010010 196 ) (200 1200.010010 196 ) (200 1440 196 ) 
4 472 474 (280 1620 196 ) (280 1548 196 ) (200 1547.994873 196 ) (200 1620 196 ) 
4 472 473 (200 1776.010132 196 ) (280 1776.010132 196 ) (280 1620 196 ) (200 1620 196 ) 
4 473 487 (200 1715.970215 64 ) (200 1776.010132 64 ) (280 1776.010132 64 ) (280 1715.980103 64 ) 
5 473 482 (200 1776.010132 64 ) (200 1715.970215 64 ) (200 1620 139.430908 ) (200 1620 196 ) (200 1776.010132 196 ) 
4 473 476 (200 1620 192 ) (200 1620 139.430893 ) (280 1620 139.438782 ) (280 1620 192 ) 
4 473 474 (200 1620 196 ) (200 1620 192 ) (280 1620 192 ) (280 1620 196 ) 
4 474 482 (200 1547.994873 196 ) (200 1620 196 ) (200 1620 192 ) (200 1553.090210 192 ) 
4 474 476 (200 1553.090210 192 ) (200 1620 192 ) (280 1620 192 ) (280 1553.095215 192 ) 
4 475 487 (200 1544.010132 64 ) (200 1620 64 ) (280 1620 64 ) (280 1544.010132 64 ) 
5 475 482 (200 1620 64 ) (200 1544.010132 64 ) (200 1544.010132 192 ) (200 1548 192 ) (200 1620 112 ) 
4 475 477 (200 1544.010132 192 ) (200 1544.010132 80 ) (280 1544.010132 80 ) (280 1544.010132 192 ) 
3 476 482 (200 1553.090088 192 ) (200 1620 192 ) (200 1620 139.472595 ) 
4 477 483 (200 1448.010132 80 ) (200 1448.010132 192 ) (200 1544.010132 192 ) (200 1544.010132 80 ) 
4 477 480 (200 1448.010132 192 ) (200 1448.010132 80 ) (280 1448.010132 80 ) (280 1448.010132 192 ) 
4 478 488 (280 1200.010010 192 ) (280 1200.010010 196 ) (200 1200.010010 196 ) (200 1200.010010 192 ) 
4 478 484 (200 1200.010010 192 ) (200 1200.010010 196 ) (200 1440 196 ) (200 1434.904785 192 ) 
4 478 481 (200 1200.010010 192 ) (200 1364 192 ) (280 1364 192 ) (280 1200.010010 192 ) 
4 478 479 (200 1364 192 ) (200 1434.904785 192 ) (280 1434.904785 192 ) (280 1364 192 ) 
3 479 484 (200 1364 136.336395 ) (200 1364 192 ) (200 1434.904907 192 ) 
4 479 481 (280 1364 136.336395 ) (280 1364 192 ) (200 1364 192 ) (200 1364 136.336395 ) 
4 480 487 (200 1364 64 ) (200 1448.010132 64 ) (280 1448.010132 64 ) (280 1364 64 ) 
5 480 484 (200 1448.010132 64 ) (200 1364 64 ) (200 1364 112 ) (200 1439.996216 192 ) (200 1448.010132 192 ) 
4 481 488 (200 1200.010010 64 ) (280 1200.010010 64 ) (280 1200.010010 192 ) (200 1200.010010 192 ) 
4 481 487 (280 1200.010010 64 ) (200 1200.010010 64 ) (200 1271.857178 64 ) (280 1271.857178 64 ) 
5 481 484 (200 1271.857178 64 ) (200 1200.010010 64 ) (200 1200.010010 192 ) (200 1364 192 ) (200 1364 136.336395 ) 
4 482 519 (0 1575.010132 80 ) (0 1575.010132 64 ) (0 1544.010132 64 ) (0 1544.010132 80 ) 
4 482 518 (0 1544.010132 196 ) (0 1575.010132 196 ) (0 1575.010132 80 ) (0 1544.010132 80 ) 
4 482 493 (0 1626.010132 71.750000 ) (0 1626.010132 64 ) (0 1575.010132 64 ) (0 1575.010132 71.750000 ) 
4 482 492 (0 1575.010132 196 ) (0 1626.010132 196 ) (0 1626.010132 71.750000 ) (0 1575.010132 71.750000 ) 
4 482 491 (0 1626.010132 196 ) (0 1776.010132 196 ) (0 1776.010132 64 ) (0 1626.010132 64 ) 
4 482 487 (0 1544.010132 64 ) (0 1776.010132 64 ) (200 1776.010132 64 ) (200 1544.010132 64 ) 
4 482 483 (200 1544.010132 80 ) (200 1544.010132 196 ) (0 1544.010132 196 ) (0 1544.010132 80 ) 
4 483 518 (0 1448.010132 196 ) (0 1544.010132 196 ) (0 1544.010132 80 ) (0 1448.010132 80 ) 
4 483 484 (200 1448.010132 80 ) (200 1448.010132 196 ) (0 1448.010132 196 ) (0 1448.010132 80 ) 
4 484 520 (0 1200.010010 64 ) (0 1200.010010 80 ) (0 1448.010132 80 ) (0 1448.010132 64 ) 
4 484 518 (0 1200.010010 80 ) (0 1200.010010 196 ) (0 1448.010132 196 ) (0 1448.010132 80 ) 
4 484 488 (0 1200.010010 196 ) (0 1200.010010 64 ) (200 1200.010010 64 ) (200 1200.010010 196 ) 
4 484 487 (200 1200.010010 64 ) (0 1200.010010 64 ) (0 1448.010132 64 ) (200 1448.010132 64 ) 
4 485 489 (1024 1776.010132 0 ) (1024 1200.010010 0 ) (416 1200.010010 0 ) (416 1776.010132 0 ) 
4 485 488 (416 1200.010010 0 ) (1024 1200.010010 0 ) (1024 1200.010010 64 ) (416 1200.010010 64 ) 
4 485 486 (416 1200.010010 0 ) (416 1200.010010 63 ) (416 1776.010132 63 ) (416 1776.010132 0 ) 
4 486 489 (416 1200.010010 0 ) (400 1200.010010 0 ) (400 1776.010132 0 ) (416 1776.010132 0 ) 
4 486 488 (400 1200.010010 0 ) (416 1200.010010 0 ) (416 1200.010010 63 ) (400 1200.010010 63 ) 
4 486 487 (400 1200.010010 0 ) (400 1200.010010 63 ) (400 1776.010132 63 ) (400 1776.010132 0 ) 
4 487 523 (0 1575.010132 0 ) (0 1239.788940 0 ) (0 1239.788940 64 ) (0 1575.010132 64 ) 
4 487 521 (0 1239.788940 0 ) (0 1200.010010 0 ) (0 1200.010010 64 ) (0 1239.788940 64 ) 
4 487 496 (0 1575.010132 7 ) (0 1575.010132 41.748001 ) (0 1626.010132 41.748001 ) (0 1626.010132 7 ) 
4 487 497 (0 1626.010132 0 ) (0 1575.010132 0 ) (0 1575.010132 7 ) (0 1626.010132 7 ) 
4 487 495 (0 1575.010132 41.748001 ) (0 1575.010132 51.750000 ) (0 1626.010132 51.750000 ) (0 1626.010132 41.748001 ) 
4 487 494 (0 1575.010132 51.750000 ) (0 1575.010132 61.750000 ) (0 1626.010132 61.750000 ) (0 1626.010132 51.750000 ) 
4 487 493 (0 1575.010132 61.750000 ) (0 1575.010132 64 ) (0 1626.010132 64 ) (0 1626.010132 61.750000 ) 
4 487 491 (0 1776.010132 0 ) (0 1626.010132 0 ) (0 1626.010132 64 ) (0 1776.010132 64 ) 
4 487 489 (400 1200.010010 0 ) (0 1200.010010 0 ) (0 1776.010132 0 ) (400 1776.010132 0 ) 
4 487 488 (0 1200.010010 0 ) (400 1200.010010 0 ) (400 1200.010010 64 ) (0 1200.010010 64 ) 
4 488 679 (200 1024 196 ) (0 1024 196 ) (0 1024 0 ) (200 1024 0 ) 
4 488 669 (200 1024 192 ) (200 1024 57 ) (280 1024 57 ) (280 1024 192 ) 
4 488 667 (280 1024 196 ) (200 1024 196 ) (200 1024 192 ) (280 1024 192 ) 
4 488 678 (200 1024 57 ) (200 1024 0 ) (280 1024 0 ) (280 1024 57 ) 
4 488 661 (1024 1024 64 ) (1024 1024 80 ) (280 1024 80 ) (280 1024 64 ) 
4 488 666 (1024 1024 0 ) (1024 1024 64 ) (280 1024 64 ) (280 1024 0 ) 
4 488 656 (584 1024 196 ) (492 1024 196 ) (492 1024 80 ) (584 1024 80 ) 
4 488 655 (1024 1024 80 ) (1024 1024 196 ) (584 1024 196 ) (584 1024 80 ) 
4 488 660 (492 1024 196 ) (280 1024 196 ) (280 1024 80 ) (492 1024 80 ) 
4 488 654 (1024 1024 196 ) (1024 1024 632 ) (0 1024 632 ) (0 1024 196 ) 
4 488 521 (0 1200.010010 0 ) (0 1024 0 ) (0 1024 64 ) (0 1200.010010 64 ) 
4 488 520 (0 1024 64 ) (0 1024 80 ) (0 1200.010010 80 ) (0 1200.010010 64 ) 
4 488 518 (0 1024 80 ) (0 1024 632 ) (0 1200.010010 632 ) (0 1200.010010 80 ) 
4 488 489 (1024 1200.010010 0 ) (1024 1024 0 ) (0 1024 0 ) (0 1200.010010 0 ) 
4 489 683 (1024 1024 -120 ) (1024 1024 0 ) (0 1024 0 ) (0 1024 -120 ) 
4 489 548 (0 1816.455078 -120 ) (0 1239.788940 -120 ) (0 1239.788940 0 ) (0 1816.455078 0 ) 
4 489 547 (0 1239.788940 -120 ) (0 1024 -120 ) (0 1024 0 ) (0 1239.788940 0 ) 
4 489 538 (0 2048 0 ) (0 2048 -113.250000 ) (0 1816.455078 -113.250000 ) (0 1816.455078 0 ) 
4 489 546 (0 2048 -113.250000 ) (0 2048 -120 ) (0 1816.455078 -120 ) (0 1816.455078 -113.250000 ) 
4 490 684 (1024 1024 -232 ) (1024 1024 -166 ) (0 1024 -166 ) (0 1024 -232 ) 
4 490 562 (0 2048 -166 ) (0 2048 -232 ) (0 1024 -232 ) (0 1024 -166 ) 
3 491 548 (0 1816.455200 0 ) (0 1626.010132 0 ) (-523.571533 1626.010132 0 ) 
5 491 538 (0 2048 0 ) (0 1816.455200 0 ) (-523.571533 1626.010132 0 ) (-665 1626.010132 0 ) (-665 2048 0 ) 
4 491 501 (-665 2048 0 ) (-665 1626.010132 0 ) (-665 1626.010132 71.750000 ) (-665 2048 71.750000 ) 
4 491 499 (-665 1642.010132 76.750000 ) (-665 2048 76.750000 ) (-665 2048 71.750000 ) (-665 1642.010132 71.750000 ) 
4 491 498 (-665 1626.010132 76.750000 ) (-665 1626.010132 632 ) (-665 2048 632 ) (-665 2048 76.750000 ) 
5 491 496 (-603 1626.010132 7 ) (0 1626.010132 7 ) (0 1626.010132 41.748001 ) (-625 1626.010132 41.748001 ) (-625 1626.010132 32 ) 
4 491 497 (-665 1626.010132 7 ) (-665 1626.010132 0 ) (0 1626.010132 0 ) (0 1626.010132 7 ) 
4 491 495 (-635 1626.010132 41.748001 ) (0 1626.010132 41.748001 ) (0 1626.010132 51.750000 ) (-635 1626.010132 51.750000 ) 
4 491 494 (-645 1626.010132 51.750000 ) (0 1626.010132 51.750000 ) (0 1626.010132 61.750000 ) (-645 1626.010132 61.750000 ) 
4 491 493 (-655 1626.010132 61.750000 ) (0 1626.010132 61.750000 ) (0 1626.010132 71.750000 ) (-655 1626.010132 71.750000 ) 
4 491 492 (-665 1626.010132 632 ) (-665 1626.010132 71.750000 ) (0 1626.010132 71.750000 ) (0 1626.010132 632 ) 
4 492 519 (0 1575.010132 71.750000 ) (0 1575.010132 80 ) (-665 1575.010132 80 ) (-665 1575.010132 71.750000 ) 
4 492 518 (0 1575.010132 80 ) (0 1575.010132 632 ) (-665 1575.010132 632 ) (-665 1575.010132 80 ) 
4 492 498 (-665 1575.010132 76.750000 ) (-665 1575.010132 632 ) (-665 1626.010132 632 ) (-665 1626.010132 76.750000 ) 
4 492 493 (0 1575.010132 71.750000 ) (-655 1575.010132 71.750000 ) (-655 1626.010132 71.750000 ) (0 1626.010132 71.750000 ) 
4 493 523 (0 1575.010132 61.750000 ) (0 1575.010132 64 ) (-655 1575.010132 64 ) (-655 1575.010132 61.750000 ) 
4 493 519 (0 1575.010132 64 ) (0 1575.010132 71.750000 ) (-655 1575.010132 71.750000 ) (-655 1575.010132 64 ) 
4 493 494 (0 1575.010132 61.750000 ) (-645 1575.010132 61.750000 ) (-645 1626.010132 61.750000 ) (0 1626.010132 61.750000 ) 
4 494 523 (0 1575.010132 51.750000 ) (0 1575.010132 61.750000 ) (-645 1575.010132 61.750000 ) (-645 1575.010132 51.750000 ) 
4 494 495 (0 1575.010132 51.750000 ) (-635 1575.010132 51.750000 ) (-635 1626.010132 51.750000 ) (0 1626.010132 51.750000 ) 
4 495 523 (0 1575.010132 41.748001 ) (0 1575.010132 51.750000 ) (-635 1575.010132 51.750000 ) (-635 1575.010132 41.748001 ) 
4 495 496 (0 1575.010132 41.748001 ) (-625 1575.010132 41.748001 ) (-625 1626.010132 41.748001 ) (0 1626.010132 41.748001 ) 
5 496 523 (0 1575.010132 7 ) (0 1575.010132 41.748001 ) (-625 1575.010132 41.748001 ) (-625 1575.010132 32 ) (-603 1575.010132 7 ) 
4 496 497 (0 1575.010132 7 ) (-603 1575.010132 7 ) (-603 1626.010132 7 ) (0 1626.010132 7 ) 
4 497 548 (0 1626.010132 0 ) (0 1575.010132 0 ) (-663.780823 1575.010132 0 ) (-523.571533 1626.010132 0 ) 
4 497 539 (-663.780823 1575.010132 0 ) (-665 1575.010132 0 ) (-665 1617.142822 0 ) (-606.222595 1595.946533 0 ) 
4 497 538 (-665 1617.142822 0 ) (-665 1626.010132 0 ) (-523.571533 1626.010132 0 ) (-606.222595 1595.946533 0 ) 
4 497 523 (-663.780823 1575.010132 0 ) (0 1575.010132 0 ) (0 1575.010132 7 ) (-663.780823 1575.010132 7 ) 
4 497 522 (-665 1575.010132 0 ) (-663.780823 1575.010132 0 ) (-663.780823 1575.010132 7 ) (-665 1575.010132 7 ) 
4 497 502 (-665 1626.010132 0 ) (-665 1575.010132 0 ) (-665 1575.010132 6.750000 ) (-665 1626.010132 6.750000 ) 
4 498 570 (-1024 2048 632 ) (-1024 2048 76.750000 ) (-1024 1575.010132 76.750000 ) (-1024 1575.010132 632 ) 
4 498 530 (-883 1575.010132 76.750000 ) (-817 1575.010132 76.750000 ) (-817 1575.010132 80 ) (-883 1575.010132 80 ) 
4 498 529 (-817 1575.010132 76.750000 ) (-792 1575.010132 76.750000 ) (-792 1575.010132 80 ) (-817 1575.010132 80 ) 
4 498 532 (-1024 1575.010132 80 ) (-1024 1575.010132 76.750000 ) (-883 1575.010132 76.750000 ) (-883 1575.010132 80 ) 
4 498 519 (-792 1575.010132 76.750000 ) (-665 1575.010132 76.750000 ) (-665 1575.010132 80 ) (-792 1575.010132 80 ) 
4 498 518 (-1024 1575.010132 632 ) (-1024 1575.010132 80 ) (-665 1575.010132 80 ) (-665 1575.010132 632 ) 
4 498 499 (-665 2048 76.750000 ) (-665 1642.010132 76.750000 ) (-883 1642.010132 76.750000 ) (-883 2048 76.750000 ) 
4 498 500 (-883 1575.010132 76.750000 ) (-1024 1575.010132 76.750000 ) (-1024 2048 76.750000 ) (-883 2048 76.750000 ) 
4 499 515 (-733.957397 1642.010132 71.750000 ) (-772.084717 1642.010132 71.750000 ) (-883 1682.448730 71.750000 ) (-883 1695.757690 71.750000 ) 
5 499 511 (-883 2048 71.750000 ) (-671 2048 71.750000 ) (-671 1642.010132 71.750000 ) (-733.957397 1642.010132 71.750000 ) (-883 1695.757690 71.750000 ) 
3 499 505 (-859.554016 1642.010132 71.750000 ) (-860.513672 1642.010132 71.750000 ) (-860.036255 1643.334961 71.750000 ) 
5 499 504 (-860.513672 1642.010132 71.750000 ) (-883 1642.010132 71.750000 ) (-883 1682.448730 71.750000 ) (-872.938538 1678.780396 71.750000 ) (-860.036255 1643.334961 71.750000 ) 
3 499 503 (-772.084717 1642.010132 71.750000 ) (-859.554016 1642.010132 71.750000 ) (-872.938538 1678.780396 71.750000 ) 
4 499 501 (-671 2048 71.750000 ) (-665 2048 71.750000 ) (-665 1642.010132 71.750000 ) (-671 1642.010132 71.750000 ) 
4 499 500 (-883 2048 71.750000 ) (-883 1642.010132 71.750000 ) (-883 1642.010132 76.750000 ) (-883 2048 76.750000 ) 
4 500 570 (-1024 2048 76.750000 ) (-1024 2048 71.750000 ) (-1024 1575.010132 71.750000 ) (-1024 1575.010132 76.750000 ) 
4 500 532 (-1024 1575.010132 76.750000 ) (-1024 1575.010132 71.750000 ) (-883 1575.010132 71.750000 ) (-883 1575.010132 76.750000 ) 
4 500 515 (-883 1695.757690 71.750000 ) (-883 1682.448730 71.750000 ) (-1024 1733.856079 71.750000 ) (-1024 1746.604858 71.750000 ) 
4 500 511 (-1024 2048 71.750000 ) (-883 2048 71.750000 ) (-883 1695.757690 71.750000 ) (-1024 1746.604858 71.750000 ) 
3 500 506 (-883 1579.608398 71.750000 ) (-883 1575.010132 71.750000 ) (-884.656982 1575.010132 71.750000 ) 
5 500 504 (-883 1682.448730 71.750000 ) (-883 1579.608398 71.750000 ) (-884.656982 1575.010132 71.750000 ) (-1024 1575.010132 71.750000 ) (-1024 1733.856079 71.750000 ) 
4 501 538 (-671 1626.010132 0 ) (-671 2048 0 ) (-665 2048 0 ) (-665 1626.010132 0 ) 
4 501 511 (-671 2048 0 ) (-671 1626.010132 0 ) (-671 1626.010132 71.750000 ) (-671 2048 71.750000 ) 
4 501 502 (-671 1626.010132 6.750000 ) (-671 1626.010132 0 ) (-665 1626.010132 0 ) (-665 1626.010132 6.750000 ) 
4 502 539 (-665 1575.010132 0 ) (-671 1575.010132 0 ) (-671 1619.306641 0 ) (-665 1617.142822 0 ) 
4 502 538 (-671 1619.306641 0 ) (-671 1626.010132 0 ) (-665 1626.010132 0 ) (-665 1617.142822 0 ) 
4 502 522 (-671 1575.010132 0 ) (-665 1575.010132 0 ) (-665 1575.010132 6.750000 ) (-671 1575.010132 6.750000 ) 
4 502 512 (-671 1619.306519 0 ) (-671 1605.155640 0 ) (-671 1605.155640 6.750000 ) (-671 1619.306519 6.750000 ) 
4 502 511 (-671 1626.010132 0 ) (-671 1619.306519 0 ) (-671 1619.306519 6.750000 ) (-671 1626.010132 6.750000 ) 
4 502 503 (-671 1605.155640 0 ) (-671 1575.010132 0 ) (-671 1575.010132 6.750000 ) (-671 1605.155640 6.750000 ) 
4 503 542 (-829.729004 1575.010132 0 ) (-835.165161 1575.010132 0 ) (-872.937561 1678.780151 0 ) (-709 1619.010010 0 ) 
4 503 540 (-683.457764 1575.010132 0 ) (-829.729004 1575.010132 0 ) (-709 1619.010010 0 ) (-697.998535 1615 0 ) 
4 503 539 (-671 1575.010132 0 ) (-683.457764 1575.010132 0 ) (-697.998535 1615 0 ) (-671 1605.155640 0 ) 
4 503 531 (-835.165161 1575.010132 0 ) (-817 1575.010132 0 ) (-817 1575.010132 71.750000 ) (-835.165955 1575.010132 71.750000 ) 
4 503 529 (-817 1575.010132 0 ) (-792 1575.010132 0 ) (-792 1575.010132 71.750000 ) (-817 1575.010132 71.750000 ) 
4 503 522 (-792 1575.010132 0 ) (-671 1575.010132 0 ) (-671 1575.010132 64 ) (-792 1575.010132 64 ) 
4 503 519 (-671 1575.010132 64 ) (-671 1575.010132 71.750000 ) (-792 1575.010132 71.750000 ) (-792 1575.010132 64 ) 
4 503 515 (-714.131226 1620.880493 0 ) (-872.937439 1678.779785 0 ) (-872.938416 1678.780273 71.750000 ) (-714.131165 1620.880493 71.750000 ) 
4 503 513 (-697.998413 1614.998657 0 ) (-709 1619.009888 0 ) (-709 1619.009888 71.750000 ) (-698 1615 71.750000 ) 
4 503 512 (-671 1605.155273 71.750000 ) (-671 1605.155273 0 ) (-697.998413 1614.998657 0 ) (-698 1615 71.750000 ) 
4 503 508 (-856.073242 1632.450684 0 ) (-854.871643 1629.149658 0 ) (-854.872559 1629.149902 71.750000 ) (-856.074097 1632.450684 71.750000 ) 
4 503 507 (-853 1624.007324 0 ) (-848.992065 1612.996948 0 ) (-848.993164 1612.997681 71.750000 ) (-853 1624.005005 71.750000 ) 
4 503 506 (-848.992065 1612.996948 0 ) (-835.164795 1575.010132 0 ) (-835.165588 1575.010132 71.750000 ) (-848.993164 1612.997681 71.750000 ) 
4 503 505 (-860.035706 1643.336548 0 ) (-856.073242 1632.450684 0 ) (-856.074097 1632.450684 71.750000 ) (-860.036133 1643.335449 71.750000 ) 
4 503 504 (-872.936462 1678.775757 71.750000 ) (-872.935547 1678.775391 0 ) (-860.035706 1643.336548 0 ) (-860.036133 1643.335449 71.750000 ) 
4 504 570 (-1024 1733.856079 0 ) (-1024 1575.010132 0 ) (-1024 1575.010132 71.750000 ) (-1024 1733.856079 71.750000 ) 
5 504 554 (-884.656921 1575.010132 0 ) (-1024 1575.010132 0 ) (-1024 1733.856079 0 ) (-872.937561 1678.780151 0 ) (-860.035889 1643.336182 0 ) 
4 504 532 (-1024 1575.010132 71.750000 ) (-1024 1575.010132 0 ) (-884.656921 1575.010132 0 ) (-884.656921 1575.010132 71.750000 ) 
4 504 515 (-872.937439 1678.779785 0 ) (-1024 1733.855713 0 ) (-1024 1733.856079 71.750000 ) (-872.938416 1678.780273 71.750000 ) 
4 504 510 (-867 1624.008911 71.750000 ) (-868.415710 1620.078979 71.750000 ) (-868.415833 1620.078735 0 ) (-867 1624.008911 0 ) 
4 504 506 (-868.415710 1620.078979 71.750000 ) (-884.656067 1575.010132 71.750000 ) (-884.656067 1575.010132 0 ) (-868.415833 1620.078735 0 ) 
4 504 505 (-860.035156 1643.335938 0 ) (-860.035522 1643.334839 71.750000 ) (-865.154114 1629.130249 71.750000 ) (-865.154236 1629.130005 0 ) 
3 505 555 (-865.155151 1629.129639 0 ) (-860.035889 1643.336182 0 ) (-856.073547 1632.450684 0 ) 
4 505 508 (-860.004272 1631.011353 0 ) (-856.071472 1632.449341 0 ) (-856.072266 1632.449341 71.750000 ) (-860.004944 1631.011353 71.750000 ) 
4 506 556 (-835.165161 1575.010132 0 ) (-884.656921 1575.010132 0 ) (-868.416565 1620.078857 0 ) (-848.992432 1612.997070 0 ) 
4 506 531 (-883 1575.010132 0 ) (-835.165161 1575.010132 0 ) (-835.165955 1575.010132 71.750000 ) (-883 1575.010132 71.750000 ) 
4 506 532 (-884.656921 1575.010132 0 ) (-883 1575.010132 0 ) (-883 1575.010132 71.750000 ) (-884.656921 1575.010132 71.750000 ) 
4 506 510 (-865.127014 1618.879883 0 ) (-868.417114 1620.079468 0 ) (-868.417053 1620.079712 71.750000 ) (-865.127075 1618.880127 71.750000 ) 
4 506 509 (-856.076721 1615.579956 0 ) (-860 1617.010254 0 ) (-860 1617.010376 71.750000 ) (-856.075928 1615.579834 71.750000 ) 
4 506 507 (-848.993774 1612.997559 71.750000 ) (-848.992737 1612.996948 0 ) (-856.076721 1615.579956 0 ) (-856.075928 1615.579834 71.750000 ) 
3 507 557 (-853 1624.006836 0 ) (-848.992432 1612.997070 0 ) (-856.076721 1615.579956 0 ) 
4 507 509 (-854.873291 1618.879517 0 ) (-856.077148 1615.582031 0 ) (-856.076355 1615.582031 71.750000 ) (-854.872375 1618.879883 71.750000 ) 
3 508 558 (-860.006958 1631.012329 0 ) (-856.073547 1632.450684 0 ) (-854.872009 1629.149780 0 ) 
3 509 559 (-854.871826 1618.880127 0 ) (-856.076721 1615.579956 0 ) (-860 1617.010132 0 ) 
3 510 560 (-868.416565 1620.078857 0 ) (-867 1624.010010 0 ) (-865.126770 1618.879395 0 ) 
4 511 570 (-1024 2048 71.750000 ) (-1024 2048 0 ) (-1024 1746.604858 0 ) (-1024 1746.604858 71.750000 ) 
4 511 554 (-1024 1746.604858 0 ) (-1024 2048 0 ) (-1007.334106 2048 0 ) (-878.530762 1694.145996 0 ) 
4 511 538 (-1007.334106 2048 0 ) (-671 2048 0 ) (-671 1619.306519 0 ) (-878.530762 1694.145996 0 ) 
4 511 517 (-712.950256 1634.434937 0 ) (-709.002441 1633.011353 0 ) (-709.002258 1633.011230 71.750000 ) (-712.950378 1634.434937 71.750000 ) 
4 511 516 (-719.995117 1636.975464 0 ) (-712.950256 1634.434937 0 ) (-712.950378 1634.434937 71.750000 ) (-719.995056 1636.975464 71.750000 ) 
4 511 515 (-1024 1746.605225 0 ) (-719.995117 1636.975464 0 ) (-719.995056 1636.975464 71.750000 ) (-1024 1746.605225 71.750000 ) 
4 511 512 (-703.875977 1631.162598 0 ) (-671 1619.306885 0 ) (-671 1619.306885 71.750000 ) (-703.877747 1631.163208 71.750000 ) 
4 512 539 (-703.875854 1631.162109 0 ) (-671 1619.306519 0 ) (-671 1605.155640 0 ) (-697.998596 1615 0 ) 
4 512 514 (-702.001282 1626.006592 0 ) (-700.573853 1622.081055 0 ) (-700.575195 1622.080566 71.750000 ) (-702.002014 1626.004395 71.750000 ) 
4 512 513 (-700.573853 1622.081055 0 ) (-698 1615 0 ) (-698 1615.001343 71.750000 ) (-700.575195 1622.080566 71.750000 ) 
3 513 540 (-700.573730 1622.081055 0 ) (-697.998596 1615 0 ) (-709 1619.010010 0 ) 
4 513 514 (-700.577515 1622.077637 71.750000 ) (-700.576172 1622.078125 0 ) (-703.869751 1620.877930 0 ) (-703.869812 1620.877808 71.750000 ) 
3 514 541 (-702.001160 1626.006592 0 ) (-700.573730 1622.081055 0 ) (-703.868896 1620.880127 0 ) 
4 515 570 (-1024 1746.604858 0 ) (-1024 1733.856079 0 ) (-1024 1733.856079 71.750000 ) (-1024 1746.604858 71.750000 ) 
4 515 554 (-1024 1733.856079 0 ) (-1024 1746.604858 0 ) (-878.530762 1694.145996 0 ) (-872.937561 1678.780151 0 ) 
4 515 543 (-878.530762 1694.145996 0 ) (-719.994873 1636.974976 0 ) (-714.131348 1620.880859 0 ) (-872.937561 1678.780151 0 ) 
4 515 516 (-716 1626.010864 0 ) (-719.993774 1636.973877 0 ) (-719.993774 1636.973877 71.750000 ) (-716 1626.010864 71.750000 ) 
3 516 544 (-719.994873 1636.974976 0 ) (-712.950439 1634.434570 0 ) (-716 1626.010010 0 ) 
4 516 517 (-714.143372 1631.141235 0 ) (-712.951172 1634.434814 0 ) (-712.951172 1634.434814 71.750000 ) (-714.143433 1631.141113 71.750000 ) 
3 517 545 (-712.950439 1634.434570 0 ) (-709.003052 1633.011108 0 ) (-714.142395 1631.141724 0 ) 
4 518 685 (0 1024 80 ) (0 1024 632 ) (-1024 1024 632 ) (-1024 1024 80 ) 
4 518 570 (-1024 1024 80 ) (-1024 1024 632 ) (-1024 1575.010132 632 ) (-1024 1575.010132 80 ) 
4 518 534 (-883 1364.010010 80 ) (-883 1371.010132 80 ) (-817 1371.010132 80 ) (-817 1364.010010 80 ) 
4 518 536 (-817 1024 80 ) (-883 1024 80 ) (-883 1364.010010 80 ) (-817 1364.010010 80 ) 
4 518 533 (-792 1371.010132 80 ) (-792 1024 80 ) (-817 1024 80 ) (-817 1371.010132 80 ) 
4 518 537 (-883 1024 80 ) (-1024 1024 80 ) (-1024 1371.010132 80 ) (-883 1371.010132 80 ) 
4 518 530 (-883 1575.010132 80 ) (-817 1575.010132 80 ) (-817 1371.010132 80 ) (-883 1371.010132 80 ) 
4 518 529 (-817 1575.010132 80 ) (-792 1575.010132 80 ) (-792 1371.010132 80 ) (-817 1371.010132 80 ) 
4 518 532 (-1024 1575.010132 80 ) (-883 1575.010132 80 ) (-883 1371.010132 80 ) (-1024 1371.010132 80 ) 
4 518 520 (0 1448.010132 80 ) (0 1024 80 ) (-696 1024 80 ) (-696 1448.010132 80 ) 
4 518 519 (-792 1575.010132 80 ) (0 1575.010132 80 ) (0 1544.010132 80 ) (-792 1544.010132 80 ) 
4 519 529 (-792 1544.010132 80 ) (-792 1575.010132 80 ) (-792 1575.010132 64 ) (-792 1544.010132 64 ) 
4 519 523 (-663.780945 1575.010132 64 ) (0 1575.010132 64 ) (0 1544.010132 64 ) (-749.006042 1544.010132 64 ) 
4 519 522 (-792 1544.010132 64 ) (-792 1575.010132 64 ) (-663.780945 1575.010132 64 ) (-749.006042 1544.010132 64 ) 
4 520 688 (-168 1024 80 ) (-264 1024 80 ) (-264 1024 64 ) (-168 1024 64 ) 
4 520 689 (-264 1024 80 ) (-696 1024 80 ) (-696 1024 64 ) (-264 1024 64 ) 
4 520 686 (0 1024 64 ) (0 1024 80 ) (-168 1024 80 ) (-168 1024 64 ) 
3 520 523 (-568.839539 1448.010132 64 ) (0 1448.010132 64 ) (0 1239.788940 64 ) 
5 520 521 (-696 1448.010132 64 ) (-568.839539 1448.010132 64 ) (0 1239.788940 64 ) (0 1024 64 ) (-696 1024 64 ) 
4 521 691 (0 1024 0 ) (0 1024 64 ) (-792 1024 64 ) (-792 1024 0 ) 
3 521 556 (-634.596802 1024 0 ) (-792 1024 0 ) (-792 1456.424805 0 ) 
6 521 547 (0 1239.788940 0 ) (0 1024 0 ) (-634.596802 1024 0 ) (-792 1456.424805 0 ) (-792 1528.371460 0 ) (-790.183594 1529.032104 0 ) 
3 521 540 (-792 1528.371460 0 ) (-792 1529.697021 0 ) (-790.183594 1529.032104 0 ) 
4 521 533 (-792 1371.010132 0 ) (-792 1024 0 ) (-792 1024 64 ) (-792 1371.010132 64 ) 
4 521 529 (-792 1529.697021 0 ) (-792 1371.010132 0 ) (-792 1371.010132 64 ) (-792 1529.697021 64 ) 
4 521 525 (-767.075989 1520.572021 0 ) (-771.002380 1522.009277 0 ) (-771.002441 1522.009277 64 ) (-767.075073 1520.571655 64 ) 
4 521 524 (-776.135254 1523.888062 0 ) (-790.185913 1529.031250 0 ) (-790.185913 1529.031250 64 ) (-776.135254 1523.888062 64 ) 
4 521 523 (0 1239.786987 0 ) (-767.075989 1520.572021 0 ) (-767.075073 1520.571655 64 ) (0 1239.787231 64 ) 
4 521 522 (-790.185913 1529.031250 0 ) (-792 1529.695313 0 ) (-792 1529.695313 64 ) (-790.185913 1529.031250 64 ) 
5 522 540 (-790.183594 1529.032104 0 ) (-792 1529.697021 0 ) (-792 1575.010132 0 ) (-683.457764 1575.010132 0 ) (-681.159241 1568.688843 0 ) 
3 522 539 (-683.457764 1575.010132 0 ) (-663.780945 1575.010132 0 ) (-681.159241 1568.688843 0 ) 
4 522 529 (-792 1575.010132 64 ) (-792 1575.010132 0 ) (-792 1529.697021 0 ) (-792 1529.697021 64 ) 
4 522 527 (-770.998779 1536.009521 0 ) (-759.982971 1540.016357 0 ) (-759.981750 1540.016846 64 ) (-770.998901 1536.009521 64 ) 
4 522 526 (-779.431519 1532.942139 0 ) (-776.141418 1534.138916 0 ) (-776.141418 1534.139038 64 ) (-779.431519 1532.942261 64 ) 
4 522 524 (-790.183594 1529.031250 64 ) (-790.183594 1529.031250 0 ) (-779.431519 1532.942139 0 ) (-779.431519 1532.942261 64 ) 
4 522 523 (-759.982971 1540.016357 0 ) (-663.777344 1575.010132 0 ) (-663.777344 1575.010132 64 ) (-759.981750 1540.016846 64 ) 
5 523 548 (0 1575.010132 0 ) (0 1239.788940 0 ) (-767.075500 1520.573486 0 ) (-759.982666 1540.017456 0 ) (-663.780945 1575.010132 0 ) 
4 523 528 (-762.554993 1532.962158 0 ) (-763.998352 1529.005493 0 ) (-763.997864 1529.004150 64 ) (-762.554138 1532.961792 64 ) 
4 523 527 (-759.979309 1540.020020 64 ) (-759.980469 1540.019531 0 ) (-762.554993 1532.962158 0 ) (-762.554138 1532.961792 64 ) 
4 523 525 (-765.871094 1523.871826 0 ) (-767.074219 1520.573853 0 ) (-767.073303 1520.573486 64 ) (-765.869934 1523.872314 64 ) 
3 524 549 (-776.135986 1523.890015 0 ) (-790.183594 1529.032104 0 ) (-779.431824 1532.942993 0 ) 
4 524 526 (-778 1529.010010 0 ) (-779.431702 1532.942139 0 ) (-779.431702 1532.942139 64 ) (-778 1529.010010 64 ) 
3 525 550 (-767.075500 1520.573486 0 ) (-771 1522.010010 0 ) (-765.872498 1523.871338 0 ) 
3 526 551 (-778 1529.010132 0 ) (-779.431824 1532.942993 0 ) (-776.141113 1534.140015 0 ) 
3 527 552 (-771 1536.010010 0 ) (-759.982666 1540.017456 0 ) (-762.556152 1532.962524 0 ) 
4 527 528 (-765.875061 1534.160278 0 ) (-762.556274 1532.962402 0 ) (-762.555359 1532.962036 64 ) (-765.875061 1534.160278 64 ) 
3 528 553 (-765.875122 1534.160400 0 ) (-762.556152 1532.962524 0 ) (-763.998962 1529.007202 0 ) 
4 529 556 (-792 1456.424805 0 ) (-792 1371.010132 0 ) (-817 1371.010132 0 ) (-817 1525.106079 0 ) 
3 529 547 (-792 1528.371460 0 ) (-792 1456.424805 0 ) (-815.126587 1519.959229 0 ) 
5 529 540 (-817 1575.010132 0 ) (-792 1575.010132 0 ) (-792 1528.371460 0 ) (-815.126587 1519.959229 0 ) (-817 1525.106079 0 ) 
4 529 533 (-817 1371.010132 0 ) (-792 1371.010132 0 ) (-792 1371.010132 80 ) (-817 1371.010132 80 ) 
4 529 530 (-817 1371.010132 76.750000 ) (-817 1371.010132 80 ) (-817 1575.010132 80 ) (-817 1575.010132 76.750000 ) 
4 529 531 (-817 1371.010132 0 ) (-817 1371.010132 71.750000 ) (-817 1575.010132 71.750000 ) (-817 1575.010132 0 ) 
4 530 534 (-817 1371.010132 77 ) (-817 1371.010132 80 ) (-883 1371.010132 80 ) (-883 1371.010132 77 ) 
4 530 532 (-883 1371.010132 76.750000 ) (-883 1371.010132 80 ) (-883 1575.010132 80 ) (-883 1575.010132 76.750000 ) 
5 531 556 (-883 1575.010132 0 ) (-835.165161 1575.010132 0 ) (-817 1525.106079 0 ) (-817 1371.010132 0 ) (-883 1371.010132 0 ) 
3 531 542 (-835.165161 1575.010132 0 ) (-829.729004 1575.010132 0 ) (-834.528442 1573.260986 0 ) 
4 531 540 (-829.729004 1575.010132 0 ) (-817 1575.010132 0 ) (-817 1525.106079 0 ) (-834.528442 1573.260986 0 ) 
4 531 535 (-883 1371.010132 0 ) (-817 1371.010132 0 ) (-817 1371.010132 48 ) (-883 1371.010132 48 ) 
4 531 532 (-883 1371.010132 0 ) (-883 1371.010132 71.750000 ) (-883 1575.010132 71.750000 ) (-883 1575.010132 0 ) 
4 532 570 (-1024 1371.010132 80 ) (-1024 1575.010132 80 ) (-1024 1575.010132 0 ) (-1024 1371.010132 0 ) 
4 532 556 (-884.656982 1575.010132 0 ) (-883 1575.010132 0 ) (-883 1371.010132 0 ) (-958.167603 1371.010132 0 ) 
4 532 554 (-1024 1371.010132 0 ) (-1024 1575.010132 0 ) (-884.656982 1575.010132 0 ) (-958.167603 1371.010132 0 ) 
4 532 537 (-1024 1371.010132 0 ) (-883 1371.010132 0 ) (-883 1371.010132 80 ) (-1024 1371.010132 80 ) 
4 533 690 (-792 1024 80 ) (-817 1024 80 ) (-817 1024 64 ) (-792 1024 64 ) 
4 533 691 (-817 1024 64 ) (-817 1024 0 ) (-792 1024 0 ) (-792 1024 64 ) 
4 533 556 (-792 1024 0 ) (-817 1024 0 ) (-817 1371.010132 0 ) (-792 1371.010132 0 ) 
4 533 534 (-817 1371.010132 80 ) (-817 1371.010132 77 ) (-817 1364.010010 77 ) (-817 1364.010010 80 ) 
4 533 535 (-817 1371.010132 48 ) (-817 1371.010132 0 ) (-817 1364.010010 0 ) (-817 1364.010010 48 ) 
4 533 536 (-817 1364.010010 0 ) (-817 1024 0 ) (-817 1024 80 ) (-817 1364.010010 80 ) 
4 534 537 (-883 1371.010132 80 ) (-883 1371.010132 77 ) (-883 1364.010010 77 ) (-883 1364.010010 80 ) 
4 534 536 (-883 1364.010010 80 ) (-883 1364.010010 77 ) (-817 1364.010010 77 ) (-817 1364.010010 80 ) 
4 535 556 (-883 1364.010010 0 ) (-883 1371.010132 0 ) (-817 1371.010132 0 ) (-817 1364.010010 0 ) 
4 535 536 (-883 1364.010010 48 ) (-883 1364.010010 0 ) (-817 1364.010010 0 ) (-817 1364.010010 48 ) 
4 535 537 (-883 1371.010132 48 ) (-883 1371.010132 0 ) (-883 1364.010010 0 ) (-883 1364.010010 48 ) 
4 536 690 (-817 1024 80 ) (-883 1024 80 ) (-883 1024 64 ) (-817 1024 64 ) 
4 536 691 (-883 1024 64 ) (-883 1024 0 ) (-817 1024 0 ) (-817 1024 64 ) 
4 536 556 (-817 1024 0 ) (-883 1024 0 ) (-883 1364.010010 0 ) (-817 1364.010010 0 ) 
4 536 537 (-883 1364.010010 0 ) (-883 1024 0 ) (-883 1024 80 ) (-883 1364.010010 80 ) 
4 537 690 (-883 1024 80 ) (-1024 1024 80 ) (-1024 1024 64 ) (-883 1024 64 ) 
4 537 691 (-1024 1024 64 ) (-1024 1024 0 ) (-883 1024 0 ) (-883 1024 64 ) 
4 537 570 (-1024 1024 0 ) (-1024 1024 80 ) (-1024 1371.010132 80 ) (-1024 1371.010132 0 ) 
5 537 556 (-883 1024 0 ) (-1024 1024 0 ) (-1024 1188.317993 0 ) (-958.167603 1371.010132 0 ) (-883 1371.010132 0 ) 
3 537 554 (-1024 1188.317993 0 ) (-1024 1371.010132 0 ) (-958.167603 1371.010132 0 ) 
4 538 554 (-878.530212 1694.145752 0 ) (-1007.333618 2048 0 ) (-1007.331482 2048 -110.250000 ) (-878.527649 1694.144775 -110.250000 ) 
4 538 561 (-1007.331482 2048 -110.250000 ) (-1007.331421 2048 -113.250000 ) (-878.527588 1694.144775 -113.250000 ) (-878.527649 1694.144775 -110.250000 ) 
4 538 548 (-606.221802 1595.946289 -113.250000 ) (0 1816.454590 -113.250000 ) (0 1816.455078 0 ) (-606.221863 1595.946411 0 ) 
4 538 545 (-712.950012 1634.435791 -113.250000 ) (-709.001648 1633.011963 -113.250000 ) (-709.001038 1633.011841 0 ) (-712.949951 1634.435913 0 ) 
4 538 544 (-719.995544 1636.976563 -113.250000 ) (-712.950012 1634.435791 -113.250000 ) (-712.949951 1634.435913 0 ) (-719.995544 1636.976685 0 ) 
4 538 543 (-878.528748 1694.146973 0 ) (-878.527344 1694.146484 -113.250000 ) (-719.995544 1636.976563 -113.250000 ) (-719.995544 1636.976685 0 ) 
4 538 539 (-703.873657 1631.162720 -113.250000 ) (-606.226563 1595.949219 -113.250000 ) (-606.226563 1595.949219 0 ) (-703.876404 1631.163818 0 ) 
5 538 546 (0 1816.451172 -113.250000 ) (-606.216675 1595.944458 -113.250000 ) (-878.525391 1694.144043 -113.250000 ) (-1007.329407 2048 -113.250000 ) (0 2048 -113.250000 ) 
4 539 548 (-681.156921 1568.689209 -113.250000 ) (-606.221802 1595.946289 -113.250000 ) (-606.221863 1595.946411 0 ) (-681.159058 1568.688599 0 ) 
4 539 541 (-702 1626.009888 -113.250000 ) (-700.571716 1622.081787 -113.250000 ) (-700.573853 1622.081055 0 ) (-702.001282 1626.006592 0 ) 
4 539 540 (-700.571716 1622.081787 -113.250000 ) (-681.157166 1568.689575 -113.250000 ) (-681.159302 1568.688843 0 ) (-700.573853 1622.081055 0 ) 
3 539 546 (-606.216675 1595.944458 -113.250000 ) (-681.155762 1568.685913 -113.250000 ) (-703.873047 1631.161133 -113.250000 ) 
4 540 556 (-815.124207 1519.960205 -110.250000 ) (-815.126160 1519.959473 0 ) (-834.528076 1573.261230 0 ) (-834.526123 1573.261963 -110.250000 ) 
4 540 561 (-815.124146 1519.960205 -113.250000 ) (-815.124207 1519.960205 -110.250000 ) (-834.526123 1573.261963 -110.250000 ) (-834.526062 1573.261963 -113.250000 ) 
4 540 552 (-771 1536.009766 -113.250000 ) (-759.984985 1540.016113 -113.250000 ) (-759.982910 1540.016968 0 ) (-771 1536.009766 0 ) 
4 540 551 (-779.431702 1532.942505 -113.250000 ) (-776.141296 1534.139404 -113.250000 ) (-776.141296 1534.139526 0 ) (-779.431702 1532.942627 0 ) 
4 540 549 (-790.182983 1529.031860 -113.250000 ) (-779.431702 1532.942505 -113.250000 ) (-779.431702 1532.942627 0 ) (-790.183044 1529.031860 0 ) 
4 540 548 (-759.984985 1540.016113 -113.250000 ) (-681.156921 1568.689209 -113.250000 ) (-681.159058 1568.688599 0 ) (-759.982910 1540.016968 0 ) 
4 540 547 (-815.128906 1519.958008 0 ) (-815.127808 1519.958374 -113.250000 ) (-790.182983 1529.031860 -113.250000 ) (-790.183044 1529.031860 0 ) 
4 540 542 (-708.997131 1619.009033 -113.250000 ) (-834.526733 1573.259521 -113.250000 ) (-834.527832 1573.259155 0 ) (-708.997314 1619.009033 0 ) 
4 540 541 (-700.576172 1622.078125 0 ) (-700.574036 1622.078857 -113.250000 ) (-703.869751 1620.877686 -113.250000 ) (-703.869751 1620.877808 0 ) 
4 540 546 (-681.155762 1568.685913 -113.250000 ) (-815.121094 1519.957031 -113.250000 ) (-834.524353 1573.262573 -113.250000 ) (-700.571655 1622.081787 -113.250000 ) 
3 541 546 (-702 1626.009888 -113.250000 ) (-700.571655 1622.081787 -113.250000 ) (-703.868835 1620.880127 -113.250000 ) 
4 542 558 (-854.871582 1629.149658 0 ) (-856.073181 1632.450684 0 ) (-856.071106 1632.451172 -110.250000 ) (-854.869080 1629.149048 -110.250000 ) 
4 542 557 (-848.992004 1612.996948 0 ) (-853 1624.007446 0 ) (-853 1624.012085 -110.250000 ) (-848.989197 1612.995483 -110.250000 ) 
4 542 556 (-834.528076 1573.261230 0 ) (-848.992004 1612.996948 0 ) (-848.989197 1612.995483 -110.250000 ) (-834.526123 1573.261963 -110.250000 ) 
4 542 555 (-856.073181 1632.450684 0 ) (-860.035706 1643.336792 0 ) (-860.034546 1643.339722 -110.250000 ) (-856.071106 1632.451172 -110.250000 ) 
4 542 554 (-860.035706 1643.336792 0 ) (-872.937012 1678.779785 0 ) (-872.934448 1678.778931 -110.250000 ) (-860.034546 1643.339722 -110.250000 ) 
4 542 561 (-872.934448 1678.778931 -110.250000 ) (-872.934387 1678.778931 -113.250000 ) (-834.526062 1573.261963 -113.250000 ) (-834.526123 1573.261963 -110.250000 ) 
4 542 543 (-714.131958 1620.882690 -113.250000 ) (-872.936829 1678.781372 -113.250000 ) (-872.938232 1678.781860 0 ) (-714.131958 1620.882690 0 ) 
3 542 546 (-834.524353 1573.262573 -113.250000 ) (-872.932190 1678.778076 -113.250000 ) (-709 1619.010010 -113.250000 ) 
4 543 554 (-872.937012 1678.779785 0 ) (-878.530212 1694.145752 0 ) (-878.527649 1694.144775 -110.250000 ) (-872.934448 1678.778931 -110.250000 ) 
4 543 561 (-878.527649 1694.144775 -110.250000 ) (-878.527588 1694.144775 -113.250000 ) (-872.934387 1678.778931 -113.250000 ) (-872.934448 1678.778931 -110.250000 ) 
4 543 544 (-716 1626.008911 -113.250000 ) (-719.995300 1636.974121 -113.250000 ) (-719.995300 1636.974121 0 ) (-716 1626.008911 0 ) 
4 543 546 (-872.932190 1678.778076 -113.250000 ) (-878.525391 1694.144043 -113.250000 ) (-719.994934 1636.974976 -113.250000 ) (-714.131348 1620.880859 -113.250000 ) 
4 544 545 (-714.143372 1631.141602 -113.250000 ) (-712.951233 1634.434937 -113.250000 ) (-712.951233 1634.434937 0 ) (-714.143494 1631.141235 0 ) 
3 544 546 (-719.994934 1636.974976 -113.250000 ) (-712.950439 1634.434570 -113.250000 ) (-716 1626.010010 -113.250000 ) 
3 545 546 (-712.950439 1634.434570 -113.250000 ) (-709.003418 1633.011230 -113.250000 ) (-714.142334 1631.141846 -113.250000 ) 
4 546 561 (-1007.331299 2048 -120 ) (-815.124023 1519.960205 -120 ) (-815.124146 1519.960205 -113.250000 ) (-1007.331421 2048 -113.250000 ) 
4 546 552 (-771 1536.009766 -120 ) (-759.985168 1540.016113 -120 ) (-759.985107 1540.016113 -113.250000 ) (-771 1536.009766 -113.250000 ) 
4 546 551 (-779.431702 1532.942505 -120 ) (-776.141235 1534.139404 -120 ) (-776.141296 1534.139526 -113.250000 ) (-779.431702 1532.942627 -113.250000 ) 
4 546 549 (-790.182983 1529.031860 -120 ) (-779.431702 1532.942505 -120 ) (-779.431702 1532.942627 -113.250000 ) (-790.183044 1529.031860 -113.250000 ) 
4 546 548 (-759.985168 1540.016113 -120 ) (0 1816.454590 -120 ) (0 1816.454590 -113.250000 ) (-759.985107 1540.016113 -113.250000 ) 
4 546 547 (-815.127808 1519.958374 -113.250000 ) (-815.127747 1519.958374 -120 ) (-790.182983 1529.031860 -120 ) (-790.183044 1529.031860 -113.250000 ) 
4 547 692 (0 1024 -120 ) (0 1024 0 ) (-634.596802 1024 0 ) (-634.595459 1024 -120 ) 
4 547 556 (-634.593933 1024 -110.250000 ) (-634.596313 1024 0 ) (-815.126160 1519.959473 0 ) (-815.124207 1519.960205 -110.250000 ) 
4 547 561 (-815.124023 1519.960205 -120 ) (-634.593750 1024 -120 ) (-634.593933 1024 -110.250000 ) (-815.124207 1519.960205 -110.250000 ) 
4 547 550 (-767.077332 1520.573853 -120 ) (-771 1522.009888 -120 ) (-771 1522.009888 0 ) (-767.075623 1520.573242 0 ) 
4 547 549 (-776.135803 1523.889648 -120 ) (-790.187500 1529.033203 -120 ) (-790.187500 1529.033203 0 ) (-776.135864 1523.889648 0 ) 
4 547 548 (0 1239.789063 -120 ) (-767.077332 1520.573853 -120 ) (-767.075623 1520.573242 0 ) (0 1239.788574 0 ) 
4 548 553 (-762.556885 1532.962769 -120 ) (-764 1529.008423 -120 ) (-763.998474 1529.005859 0 ) (-762.555237 1532.962280 0 ) 
4 548 552 (-759.981018 1540.018921 0 ) (-759.983215 1540.018066 -120 ) (-762.556885 1532.962769 -120 ) (-762.555237 1532.962280 0 ) 
4 548 550 (-765.873535 1523.870850 -120 ) (-767.075928 1520.574829 -120 ) (-767.074219 1520.574219 0 ) (-765.871338 1523.871704 0 ) 
4 549 551 (-778 1529.009644 -120 ) (-779.432678 1532.944092 -120 ) (-779.432678 1532.944092 0 ) (-778 1529.009644 0 ) 
4 552 553 (-765.875061 1534.160156 -120 ) (-762.557983 1532.963013 -120 ) (-762.556274 1532.962402 0 ) (-765.875061 1534.160156 0 ) 
4 554 571 (-1024 1188.317993 0 ) (-1024 2048 0 ) (-1024 2048 -110.250000 ) (-1024 1188.317871 -110.250000 ) 
4 554 560 (-868.416382 1620.078613 -110.250000 ) (-867 1624.009644 -110.250000 ) (-867 1624.009644 0 ) (-868.416321 1620.078857 0 ) 
4 554 556 (-1024 1188.316895 -110.250000 ) (-868.416382 1620.078613 -110.250000 ) (-868.416321 1620.078857 0 ) (-1024 1188.317139 0 ) 
4 554 555 (-865.154968 1629.129395 -110.250000 ) (-860.037109 1643.332031 -110.250000 ) (-860.037720 1643.330444 0 ) (-865.154907 1629.129761 0 ) 
4 554 561 (-1024 1188.317993 -110.250000 ) (-1024 2048 -110.250000 ) (-1007.335938 2048 -110.250000 ) (-860.036865 1643.333618 -110.250000 ) 
4 555 558 (-860.003540 1631.011353 -110.250000 ) (-856.071838 1632.449097 -110.250000 ) (-856.072998 1632.449097 0 ) (-860.004517 1631.011353 0 ) 
3 555 561 (-865.155396 1629.129150 -110.250000 ) (-860.036865 1643.333618 -110.250000 ) (-856.075134 1632.449707 -110.250000 ) 
4 556 692 (-634.596802 1024 0 ) (-1024 1024 0 ) (-1024 1024 -110.250000 ) (-634.595581 1024 -110.250000 ) 
4 556 571 (-1024 1024 -110.250000 ) (-1024 1024 0 ) (-1024 1188.317993 0 ) (-1024 1188.317871 -110.250000 ) 
4 556 560 (-865.126892 1618.879639 -110.250000 ) (-868.417236 1620.079102 -110.250000 ) (-868.417114 1620.079468 0 ) (-865.127075 1618.880127 0 ) 
4 556 559 (-856.077515 1615.580811 -110.250000 ) (-860 1617.010376 -110.250000 ) (-859.998596 1617.010620 0 ) (-856.076355 1615.580811 0 ) 
4 556 557 (-848.993774 1613 0 ) (-848.992188 1612.998047 -110.250000 ) (-856.077515 1615.580811 -110.250000 ) (-856.076355 1615.580811 0 ) 
5 556 561 (-1024 1024 -110.250000 ) (-1024 1188.317993 -110.250000 ) (-868.416687 1620.078613 -110.250000 ) (-848.994507 1612.997437 -110.250000 ) (-634.598633 1024 -110.250000 ) 
4 557 559 (-854.874695 1618.879028 -110.250000 ) (-856.078369 1615.582031 -110.250000 ) (-856.077148 1615.582031 0 ) (-854.873291 1618.879517 0 ) 
3 557 561 (-853.001587 1624.005859 -110.250000 ) (-848.994507 1612.997437 -110.250000 ) (-856.077942 1615.579956 -110.250000 ) 
3 558 561 (-860.006042 1631.012207 -110.250000 ) (-856.075134 1632.449707 -110.250000 ) (-854.874390 1629.150879 -110.250000 ) 
3 559 561 (-854.873291 1618.879517 -110.250000 ) (-856.077942 1615.579956 -110.250000 ) (-860 1617.009888 -110.250000 ) 
3 560 561 (-868.416687 1620.078613 -110.250000 ) (-867 1624.010010 -110.250000 ) (-865.126709 1618.879028 -110.250000 ) 
4 561 692 (-1024 1024 -110.250000 ) (-1024 1024 -120 ) (-634.595459 1024 -120 ) (-634.595581 1024 -110.250000 ) 
4 561 571 (-1024 1024 -120 ) (-1024 1024 -110.250000 ) (-1024 2048 -110.250000 ) (-1024 2048 -120 ) 
4 562 693 (0 1024 -232 ) (0 1024 -166 ) (-1024 1024 -166 ) (-1024 1024 -232 ) 
4 562 572 (-1024 1024 -232 ) (-1024 1024 -166 ) (-1024 2048 -166 ) (-1024 2048 -232 ) 
4 563 570 (-1024 2048 0 ) (-1024 2048 632 ) (-2048 2048 632 ) (-2048 2048 0 ) 
4 563 567 (-2048 3072 632 ) (-2048 3072 0 ) (-2048 2048 0 ) (-2048 2048 632 ) 
4 563 564 (-1024 2048 0 ) (-2048 2048 0 ) (-2048 3072 0 ) (-1024 3072 0 ) 
4 564 571 (-1024 2048 -120 ) (-1024 2048 0 ) (-2048 2048 0 ) (-2048 2048 -120 ) 
4 564 568 (-2048 3072 0 ) (-2048 3072 -120 ) (-2048 2048 -120 ) (-2048 2048 0 ) 
4 565 572 (-1024 2048 -232 ) (-1024 2048 -166 ) (-2048 2048 -166 ) (-2048 2048 -232 ) 
4 565 569 (-2048 3072 -166 ) (-2048 3072 -232 ) (-2048 2048 -232 ) (-2048 2048 -166 ) 
4 567 618 (-3072 2048 0 ) (-3072 2048 632 ) (-3072 3072 632 ) (-3072 3072 0 ) 
4 567 573 (-3072 2048 632 ) (-3072 2048 0 ) (-2048 2048 0 ) (-2048 2048 632 ) 
4 567 568 (-2048 3072 0 ) (-2048 2048 0 ) (-3072 2048 0 ) (-3072 3072 0 ) 
4 568 619 (-3072 2048 -120 ) (-3072 2048 0 ) (-3072 3072 0 ) (-3072 3072 -120 ) 
4 568 574 (-3072 2048 0 ) (-3072 2048 -120 ) (-2048 2048 -120 ) (-2048 2048 0 ) 
4 569 620 (-3072 2048 -232 ) (-3072 2048 -166 ) (-3072 3072 -166 ) (-3072 3072 -232 ) 
4 569 575 (-3072 2048 -166 ) (-3072 2048 -232 ) (-2048 2048 -232 ) (-2048 2048 -166 ) 
4 570 1264 (-1024 1024 0 ) (-1024 1024 632 ) (-2048 1024 632 ) (-2048 1024 0 ) 
4 570 573 (-2048 2048 632 ) (-2048 2048 0 ) (-2048 1024 0 ) (-2048 1024 632 ) 
4 570 571 (-2048 2048 0 ) (-1024 2048 0 ) (-1024 1024 0 ) (-2048 1024 0 ) 
4 571 1265 (-1024 1024 -120 ) (-1024 1024 0 ) (-2048 1024 0 ) (-2048 1024 -120 ) 
4 571 574 (-2048 2048 0 ) (-2048 2048 -120 ) (-2048 1024 -120 ) (-2048 1024 0 ) 
4 572 1266 (-1024 1024 -232 ) (-1024 1024 -166 ) (-2048 1024 -166 ) (-2048 1024 -232 ) 
4 572 575 (-2048 2048 -166 ) (-2048 2048 -232 ) (-2048 1024 -232 ) (-2048 1024 -166 ) 
4 573 1267 (-2048 1024 0 ) (-2048 1024 632 ) (-3072 1024 632 ) (-3072 1024 0 ) 
4 573 624 (-3072 1024 0 ) (-3072 1024 632 ) (-3072 2048 632 ) (-3072 2048 0 ) 
4 573 574 (-3072 1024 0 ) (-3072 2048 0 ) (-2048 2048 0 ) (-2048 1024 0 ) 
4 574 1268 (-2048 1024 -120 ) (-2048 1024 0 ) (-3072 1024 0 ) (-3072 1024 -120 ) 
4 574 625 (-3072 1024 -120 ) (-3072 1024 0 ) (-3072 2048 0 ) (-3072 2048 -120 ) 
4 575 1269 (-2048 1024 -232 ) (-2048 1024 -166 ) (-3072 1024 -166 ) (-3072 1024 -232 ) 
4 575 626 (-3072 1024 -232 ) (-3072 1024 -166 ) (-3072 2048 -166 ) (-3072 2048 -232 ) 
4 576 586 (-3072 6144 0 ) (-3072 6144 632 ) (-4096 6144 632 ) (-4096 6144 0 ) 
4 576 581 (-4096 6920 0 ) (-4096 6144 0 ) (-4096 6144 632 ) (-4096 6920 632 ) 
4 576 578 (-3072 6144 0 ) (-4096 6144 0 ) (-4096 6400 0 ) (-3072 6400 0 ) 
4 576 577 (-4096 6400 0 ) (-4096 6920 0 ) (-3072 6920 0 ) (-3072 6400 0 ) 
4 577 582 (-4096 6920 -120 ) (-4096 6400 -120 ) (-4096 6400 0 ) (-4096 6920 0 ) 
4 577 579 (-4096 6480 -120 ) (-4096 6920 -120 ) (-3072 6920 -120 ) (-3072 6480 -120 ) 
4 577 578 (-4096 6400 -120 ) (-3072 6400 -120 ) (-3072 6400 0 ) (-4096 6400 0 ) 
4 578 587 (-3072 6144 -120 ) (-3072 6144 0 ) (-4096 6144 0 ) (-4096 6144 -120 ) 
4 578 583 (-4096 6400 -120 ) (-4096 6144 -120 ) (-4096 6144 0 ) (-4096 6400 0 ) 
4 579 584 (-4096 6920 -232 ) (-4096 6480 -232 ) (-4096 6480 -120 ) (-4096 6920 -120 ) 
4 579 580 (-4096 6480 -232 ) (-3072 6480 -232 ) (-3072 6480 -166 ) (-4096 6480 -166 ) 
4 580 588 (-3072 6144 -232 ) (-3072 6144 -166 ) (-4096 6144 -166 ) (-4096 6144 -232 ) 
4 580 585 (-4096 6480 -232 ) (-4096 6144 -232 ) (-4096 6144 -166 ) (-4096 6480 -166 ) 
4 581 592 (-5120 6144 0 ) (-5120 6144 632 ) (-5120 6920 632 ) (-5120 6920 0 ) 
4 581 589 (-5120 6144 632 ) (-5120 6144 0 ) (-4096 6144 0 ) (-4096 6144 632 ) 
4 581 583 (-4096 6400 0 ) (-4096 6144 0 ) (-5120 6144 0 ) (-5120 6400 0 ) 
4 581 582 (-4096 6920 0 ) (-4096 6400 0 ) (-5120 6400 0 ) (-5120 6920 0 ) 
4 582 593 (-5120 6400 0 ) (-5120 6920 0 ) (-5120 6920 -120 ) (-5120 6400 -120 ) 
4 582 584 (-4096 6920 -120 ) (-4096 6480 -120 ) (-5120 6480 -120 ) (-5120 6920 -120 ) 
4 582 583 (-5120 6400 -120 ) (-4096 6400 -120 ) (-4096 6400 0 ) (-5120 6400 0 ) 
4 583 594 (-5120 6144 -120 ) (-5120 6144 0 ) (-5120 6400 0 ) (-5120 6400 -120 ) 
4 583 590 (-5120 6144 0 ) (-5120 6144 -120 ) (-4096 6144 -120 ) (-4096 6144 0 ) 
4 584 596 (-5120 6480 -120 ) (-5120 6920 -120 ) (-5120 6920 -232 ) (-5120 6480 -232 ) 
4 584 585 (-5120 6480 -232 ) (-4096 6480 -232 ) (-4096 6480 -166 ) (-5120 6480 -166 ) 
4 585 597 (-5120 6144 -232 ) (-5120 6144 -166 ) (-5120 6480 -166 ) (-5120 6480 -232 ) 
4 585 591 (-5120 6144 -166 ) (-5120 6144 -232 ) (-4096 6144 -232 ) (-4096 6144 -166 ) 
4 586 606 (-3072 5120 0 ) (-3072 5120 632 ) (-4096 5120 632 ) (-4096 5120 0 ) 
4 586 589 (-4096 6144 632 ) (-4096 6144 0 ) (-4096 5120 0 ) (-4096 5120 632 ) 
4 586 587 (-4096 6144 0 ) (-3072 6144 0 ) (-3072 5120 0 ) (-4096 5120 0 ) 
4 587 607 (-3072 5120 -120 ) (-3072 5120 0 ) (-4096 5120 0 ) (-4096 5120 -120 ) 
4 587 590 (-4096 6144 0 ) (-4096 6144 -120 ) (-4096 5120 -120 ) (-4096 5120 0 ) 
4 588 608 (-3072 5120 -232 ) (-3072 5120 -166 ) (-4096 5120 -166 ) (-4096 5120 -232 ) 
4 588 591 (-4096 6144 -166 ) (-4096 6144 -232 ) (-4096 5120 -232 ) (-4096 5120 -166 ) 
4 589 609 (-4096 5120 0 ) (-4096 5120 632 ) (-5120 5120 632 ) (-5120 5120 0 ) 
4 589 599 (-5120 5120 0 ) (-5120 5120 632 ) (-5120 6144 632 ) (-5120 6144 0 ) 
4 589 590 (-5120 5120 0 ) (-5120 6144 0 ) (-4096 6144 0 ) (-4096 5120 0 ) 
4 590 610 (-4096 5120 -120 ) (-4096 5120 0 ) (-5120 5120 0 ) (-5120 5120 -120 ) 
4 590 600 (-5120 5120 -120 ) (-5120 5120 0 ) (-5120 6144 0 ) (-5120 6144 -120 ) 
4 591 611 (-4096 5120 -232 ) (-4096 5120 -166 ) (-5120 5120 -166 ) (-5120 5120 -232 ) 
4 591 603 (-5120 5120 -232 ) (-5120 5120 -166 ) (-5120 6144 -166 ) (-5120 6144 -232 ) 
4 592 604 (-6144 6144 0 ) (-6144 6144 632 ) (-6144 6920 632 ) (-6144 6920 0 ) 
4 592 599 (-5120 6144 0 ) (-5120 6144 632 ) (-6144 6144 632 ) (-6144 6144 0 ) 
4 592 594 (-5120 6400 0 ) (-5120 6144 0 ) (-5632 6144 0 ) (-5632 6400 0 ) 
4 592 593 (-5632 6920 0 ) (-5120 6920 0 ) (-5120 6400 0 ) (-5632 6400 0 ) 
4 592 595 (-6144 6144 0 ) (-6144 6920 0 ) (-5632 6920 0 ) (-5632 6144 0 ) 
4 593 596 (-5632 6920 -120 ) (-5120 6920 -120 ) (-5120 6480 -120 ) (-5632 6480 -120 ) 
4 593 595 (-5632 6920 0 ) (-5632 6920 -120 ) (-5632 6400 -120 ) (-5632 6400 0 ) 
4 593 594 (-5632 6400 0 ) (-5632 6400 -120 ) (-5120 6400 -120 ) (-5120 6400 0 ) 
4 594 600 (-5120 6144 -120 ) (-5120 6144 0 ) (-5632 6144 0 ) (-5632 6144 -120 ) 
4 594 595 (-5632 6400 -120 ) (-5632 6144 -120 ) (-5632 6144 0 ) (-5632 6400 0 ) 
4 595 604 (-6144 6144 -120 ) (-6144 6144 0 ) (-6144 6920 0 ) (-6144 6920 -120 ) 
4 595 601 (-5632 6144 0 ) (-6144 6144 0 ) (-6144 6144 -120 ) (-5632 6144 -120 ) 
4 595 596 (-5928 6920 -120 ) (-5632 6920 -120 ) (-5632 6480 -120 ) (-5928 6480 -120 ) 
4 595 598 (-6144 6144 -120 ) (-6144 6920 -120 ) (-5928 6920 -120 ) (-5928 6144 -120 ) 
4 596 597 (-5928 6480 -166 ) (-5928 6480 -232 ) (-5120 6480 -232 ) (-5120 6480 -166 ) 
4 596 598 (-5928 6920 -120 ) (-5928 6920 -232 ) (-5928 6480 -232 ) (-5928 6480 -120 ) 
4 597 603 (-5120 6144 -232 ) (-5120 6144 -166 ) (-5928 6144 -166 ) (-5928 6144 -232 ) 
4 597 598 (-5928 6480 -232 ) (-5928 6144 -232 ) (-5928 6144 -166 ) (-5928 6480 -166 ) 
4 598 604 (-6144 6144 -232 ) (-6144 6144 -120 ) (-6144 6920 -120 ) (-6144 6920 -232 ) 
4 598 603 (-6144 6144 -166 ) (-6144 6144 -232 ) (-5928 6144 -232 ) (-5928 6144 -166 ) 
4 598 602 (-5928 6144 -120 ) (-6144 6144 -120 ) (-6144 6144 -166 ) (-5928 6144 -166 ) 
4 599 630 (-5120 5120 0 ) (-5120 5120 632 ) (-6144 5120 632 ) (-6144 5120 0 ) 
4 599 605 (-6144 5120 0 ) (-6144 5120 632 ) (-6144 6144 632 ) (-6144 6144 0 ) 
4 599 601 (-5632 5120 0 ) (-6144 5120 0 ) (-6144 6144 0 ) (-5632 6144 0 ) 
4 599 600 (-5120 5120 0 ) (-5632 5120 0 ) (-5632 6144 0 ) (-5120 6144 0 ) 
4 600 631 (-5120 5120 -120 ) (-5120 5120 0 ) (-5632 5120 0 ) (-5632 5120 -120 ) 
4 600 601 (-5632 6144 -120 ) (-5632 5120 -120 ) (-5632 5120 0 ) (-5632 6144 0 ) 
4 601 632 (-5632 5120 0 ) (-6144 5120 0 ) (-6144 5120 -120 ) (-5632 5120 -120 ) 
4 601 605 (-6144 5120 -120 ) (-6144 5120 0 ) (-6144 6144 0 ) (-6144 6144 -120 ) 
4 601 602 (-5928 5120 -120 ) (-6144 5120 -120 ) (-6144 6144 -120 ) (-5928 6144 -120 ) 
4 602 633 (-5928 5120 -120 ) (-6144 5120 -120 ) (-6144 5120 -166 ) (-5928 5120 -166 ) 
4 602 605 (-6144 5120 -166 ) (-6144 5120 -120 ) (-6144 6144 -120 ) (-6144 6144 -166 ) 
4 602 603 (-5928 5120 -166 ) (-6144 5120 -166 ) (-6144 6144 -166 ) (-5928 6144 -166 ) 
4 603 634 (-5120 5120 -232 ) (-5120 5120 -166 ) (-6144 5120 -166 ) (-6144 5120 -232 ) 
4 603 605 (-6144 5120 -232 ) (-6144 5120 -166 ) (-6144 6144 -166 ) (-6144 6144 -232 ) 
4 604 605 (-6144 6144 -232 ) (-6144 6144 632 ) (-6152 6144 632 ) (-6152 6144 -232 ) 
4 605 640 (-6144 5120 -232 ) (-6144 5120 632 ) (-6152 5120 632 ) (-6152 5120 -232 ) 
4 606 612 (-3072 4096 0 ) (-3072 4096 632 ) (-4096 4096 632 ) (-4096 4096 0 ) 
4 606 609 (-4096 4096 0 ) (-4096 4096 632 ) (-4096 5120 632 ) (-4096 5120 0 ) 
4 606 607 (-3072 4096 0 ) (-4096 4096 0 ) (-4096 5120 0 ) (-3072 5120 0 ) 
4 607 613 (-3072 4096 -120 ) (-3072 4096 0 ) (-4096 4096 0 ) (-4096 4096 -120 ) 
4 607 610 (-4096 4096 -120 ) (-4096 4096 0 ) (-4096 5120 0 ) (-4096 5120 -120 ) 
4 608 614 (-3072 4096 -232 ) (-3072 4096 -166 ) (-4096 4096 -166 ) (-4096 4096 -232 ) 
4 608 611 (-4096 4096 -232 ) (-4096 4096 -166 ) (-4096 5120 -166 ) (-4096 5120 -232 ) 
4 609 630 (-5120 5120 632 ) (-5120 5120 0 ) (-5120 4096 0 ) (-5120 4096 632 ) 
4 609 615 (-5120 4096 632 ) (-5120 4096 0 ) (-4096 4096 0 ) (-4096 4096 632 ) 
4 609 610 (-4096 5120 0 ) (-4096 4096 0 ) (-5120 4096 0 ) (-5120 5120 0 ) 
4 610 631 (-5120 5120 0 ) (-5120 5120 -120 ) (-5120 4096 -120 ) (-5120 4096 0 ) 
4 610 616 (-5120 4096 0 ) (-5120 4096 -120 ) (-4096 4096 -120 ) (-4096 4096 0 ) 
4 611 634 (-5120 5120 -166 ) (-5120 5120 -232 ) (-5120 4096 -232 ) (-5120 4096 -166 ) 
4 611 617 (-5120 4096 -166 ) (-5120 4096 -232 ) (-4096 4096 -232 ) (-4096 4096 -166 ) 
4 612 618 (-3072 3072 0 ) (-3072 3072 632 ) (-4096 3072 632 ) (-4096 3072 0 ) 
4 612 615 (-4096 4096 632 ) (-4096 4096 0 ) (-4096 3072 0 ) (-4096 3072 632 ) 
4 612 613 (-4096 4096 0 ) (-3072 4096 0 ) (-3072 3072 0 ) (-4096 3072 0 ) 
4 613 619 (-3072 3072 -120 ) (-3072 3072 0 ) (-4096 3072 0 ) (-4096 3072 -120 ) 
4 613 616 (-4096 4096 0 ) (-4096 4096 -120 ) (-4096 3072 -120 ) (-4096 3072 0 ) 
4 614 620 (-3072 3072 -232 ) (-3072 3072 -166 ) (-4096 3072 -166 ) (-4096 3072 -232 ) 
4 614 617 (-4096 4096 -166 ) (-4096 4096 -232 ) (-4096 3072 -232 ) (-4096 3072 -166 ) 
4 615 635 (-5120 3072 0 ) (-5120 3072 632 ) (-5120 4096 632 ) (-5120 4096 0 ) 
4 615 621 (-4096 3072 0 ) (-4096 3072 632 ) (-5120 3072 632 ) (-5120 3072 0 ) 
4 615 616 (-5120 3072 0 ) (-5120 4096 0 ) (-4096 4096 0 ) (-4096 3072 0 ) 
4 616 636 (-5120 3072 -120 ) (-5120 3072 0 ) (-5120 4096 0 ) (-5120 4096 -120 ) 
4 616 622 (-4096 3072 -120 ) (-4096 3072 0 ) (-5120 3072 0 ) (-5120 3072 -120 ) 
4 617 639 (-5120 3072 -232 ) (-5120 3072 -166 ) (-5120 4096 -166 ) (-5120 4096 -232 ) 
4 617 623 (-4096 3072 -232 ) (-4096 3072 -166 ) (-5120 3072 -166 ) (-5120 3072 -232 ) 
4 618 624 (-3072 2048 0 ) (-3072 2048 632 ) (-4096 2048 632 ) (-4096 2048 0 ) 
4 618 621 (-4096 2048 0 ) (-4096 2048 632 ) (-4096 3072 632 ) (-4096 3072 0 ) 
4 618 619 (-3072 2048 0 ) (-4096 2048 0 ) (-4096 3072 0 ) (-3072 3072 0 ) 
4 619 625 (-3072 2048 -120 ) (-3072 2048 0 ) (-4096 2048 0 ) (-4096 2048 -120 ) 
4 619 622 (-4096 2048 -120 ) (-4096 2048 0 ) (-4096 3072 0 ) (-4096 3072 -120 ) 
4 620 626 (-3072 2048 -232 ) (-3072 2048 -166 ) (-4096 2048 -166 ) (-4096 2048 -232 ) 
4 620 623 (-4096 2048 -232 ) (-4096 2048 -166 ) (-4096 3072 -166 ) (-4096 3072 -232 ) 
4 621 642 (-5120 2048 0 ) (-5120 2048 632 ) (-5120 3072 632 ) (-5120 3072 0 ) 
4 621 627 (-5120 2048 632 ) (-5120 2048 0 ) (-4096 2048 0 ) (-4096 2048 632 ) 
4 621 622 (-5120 3072 0 ) (-4096 3072 0 ) (-4096 2048 0 ) (-5120 2048 0 ) 
4 622 643 (-5120 2048 -120 ) (-5120 2048 0 ) (-5120 3072 0 ) (-5120 3072 -120 ) 
4 622 628 (-5120 2048 0 ) (-5120 2048 -120 ) (-4096 2048 -120 ) (-4096 2048 0 ) 
4 623 646 (-5120 2048 -232 ) (-5120 2048 -166 ) (-5120 3072 -166 ) (-5120 3072 -232 ) 
4 623 629 (-5120 2048 -166 ) (-5120 2048 -232 ) (-4096 2048 -232 ) (-4096 2048 -166 ) 
4 624 1489 (-3072 1024 0 ) (-3072 1024 632 ) (-4096 1024 632 ) (-4096 1024 0 ) 
4 624 627 (-4096 2048 632 ) (-4096 2048 0 ) (-4096 1024 0 ) (-4096 1024 632 ) 
4 624 625 (-3072 1024 0 ) (-4096 1024 0 ) (-4096 2048 0 ) (-3072 2048 0 ) 
4 625 1490 (-3072 1024 -120 ) (-3072 1024 0 ) (-4096 1024 0 ) (-4096 1024 -120 ) 
4 625 628 (-4096 2048 0 ) (-4096 2048 -120 ) (-4096 1024 -120 ) (-4096 1024 0 ) 
4 626 1491 (-3072 1024 -232 ) (-3072 1024 -166 ) (-4096 1024 -166 ) (-4096 1024 -232 ) 
4 626 629 (-4096 2048 -166 ) (-4096 2048 -232 ) (-4096 1024 -232 ) (-4096 1024 -166 ) 
4 627 1492 (-4096 1024 0 ) (-4096 1024 632 ) (-5120 1024 632 ) (-5120 1024 0 ) 
4 627 647 (-5120 1024 0 ) (-5120 1024 632 ) (-5120 2048 632 ) (-5120 2048 0 ) 
4 627 628 (-5120 1024 0 ) (-5120 2048 0 ) (-4096 2048 0 ) (-4096 1024 0 ) 
4 628 1493 (-4096 1024 -120 ) (-4096 1024 0 ) (-5120 1024 0 ) (-5120 1024 -120 ) 
4 628 648 (-5120 1024 -120 ) (-5120 1024 0 ) (-5120 2048 0 ) (-5120 2048 -120 ) 
4 629 1494 (-4096 1024 -232 ) (-4096 1024 -166 ) (-5120 1024 -166 ) (-5120 1024 -232 ) 
4 629 651 (-5120 1024 -232 ) (-5120 1024 -166 ) (-5120 2048 -166 ) (-5120 2048 -232 ) 
4 630 640 (-6144 5120 632 ) (-6144 5120 0 ) (-6144 4096 0 ) (-6144 4096 632 ) 
4 630 635 (-5120 4096 0 ) (-5120 4096 632 ) (-6144 4096 632 ) (-6144 4096 0 ) 
4 630 632 (-6144 4096 0 ) (-6144 5120 0 ) (-5632 5120 0 ) (-5632 4096 0 ) 
4 630 631 (-5632 5120 0 ) (-5120 5120 0 ) (-5120 4096 0 ) (-5632 4096 0 ) 
4 631 636 (-5120 4096 -120 ) (-5120 4096 0 ) (-5632 4096 0 ) (-5632 4096 -120 ) 
4 631 632 (-5632 5120 -120 ) (-5632 4096 -120 ) (-5632 4096 0 ) (-5632 5120 0 ) 
4 632 640 (-6144 5120 0 ) (-6144 5120 -120 ) (-6144 4096 -120 ) (-6144 4096 0 ) 
4 632 637 (-5632 4096 0 ) (-6144 4096 0 ) (-6144 4096 -120 ) (-5632 4096 -120 ) 
4 632 633 (-5928 4096 -120 ) (-6144 4096 -120 ) (-6144 5120 -120 ) (-5928 5120 -120 ) 
4 633 640 (-6144 5120 -120 ) (-6144 5120 -166 ) (-6144 4096 -166 ) (-6144 4096 -120 ) 
4 633 638 (-5928 4096 -120 ) (-6144 4096 -120 ) (-6144 4096 -166 ) (-5928 4096 -166 ) 
4 633 634 (-6144 4096 -166 ) (-6144 5120 -166 ) (-5928 5120 -166 ) (-5928 4096 -166 ) 
4 634 640 (-6144 5120 -166 ) (-6144 5120 -232 ) (-6144 4096 -232 ) (-6144 4096 -166 ) 
4 634 639 (-5120 4096 -232 ) (-5120 4096 -166 ) (-6144 4096 -166 ) (-6144 4096 -232 ) 
4 635 642 (-5120 3072 0 ) (-5120 3072 632 ) (-6144 3072 632 ) (-6144 3072 0 ) 
4 635 641 (-6144 3072 0 ) (-6144 3072 632 ) (-6144 4096 632 ) (-6144 4096 0 ) 
4 635 637 (-6144 3072 0 ) (-6144 4096 0 ) (-5632 4096 0 ) (-5632 3072 0 ) 
4 635 636 (-5632 4096 0 ) (-5120 4096 0 ) (-5120 3072 0 ) (-5632 3072 0 ) 
4 636 643 (-5120 3072 -120 ) (-5120 3072 0 ) (-5632 3072 0 ) (-5632 3072 -120 ) 
4 636 637 (-5632 4096 -120 ) (-5632 3072 -120 ) (-5632 3072 0 ) (-5632 4096 0 ) 
4 637 644 (-5632 3072 0 ) (-6144 3072 0 ) (-6144 3072 -120 ) (-5632 3072 -120 ) 
4 637 641 (-6144 3072 -120 ) (-6144 3072 0 ) (-6144 4096 0 ) (-6144 4096 -120 ) 
4 637 638 (-5928 3072 -120 ) (-6144 3072 -120 ) (-6144 4096 -120 ) (-5928 4096 -120 ) 
4 638 645 (-5928 3072 -120 ) (-6144 3072 -120 ) (-6144 3072 -166 ) (-5928 3072 -166 ) 
4 638 641 (-6144 3072 -166 ) (-6144 3072 -120 ) (-6144 4096 -120 ) (-6144 4096 -166 ) 
4 638 639 (-6144 3072 -166 ) (-6144 4096 -166 ) (-5928 4096 -166 ) (-5928 3072 -166 ) 
4 639 646 (-5120 3072 -232 ) (-5120 3072 -166 ) (-6144 3072 -166 ) (-6144 3072 -232 ) 
4 639 641 (-6144 3072 -232 ) (-6144 3072 -166 ) (-6144 4096 -166 ) (-6144 4096 -232 ) 
4 640 641 (-6144 4096 -232 ) (-6144 4096 632 ) (-6152 4096 632 ) (-6152 4096 -232 ) 
4 641 652 (-6144 3072 -232 ) (-6144 3072 632 ) (-6152 3072 632 ) (-6152 3072 -232 ) 
4 642 652 (-6144 3072 632 ) (-6144 3072 0 ) (-6144 2048 0 ) (-6144 2048 632 ) 
4 642 647 (-5120 2048 0 ) (-5120 2048 632 ) (-6144 2048 632 ) (-6144 2048 0 ) 
4 642 644 (-6144 2048 0 ) (-6144 3072 0 ) (-5632 3072 0 ) (-5632 2048 0 ) 
4 642 643 (-5632 3072 0 ) (-5120 3072 0 ) (-5120 2048 0 ) (-5632 2048 0 ) 
4 643 648 (-5120 2048 -120 ) (-5120 2048 0 ) (-5632 2048 0 ) (-5632 2048 -120 ) 
4 643 644 (-5632 3072 -120 ) (-5632 2048 -120 ) (-5632 2048 0 ) (-5632 3072 0 ) 
4 644 652 (-6144 3072 0 ) (-6144 3072 -120 ) (-6144 2048 -120 ) (-6144 2048 0 ) 
4 644 649 (-5632 2048 0 ) (-6144 2048 0 ) (-6144 2048 -120 ) (-5632 2048 -120 ) 
4 644 645 (-5928 2048 -120 ) (-6144 2048 -120 ) (-6144 3072 -120 ) (-5928 3072 -120 ) 
4 645 652 (-6144 3072 -120 ) (-6144 3072 -166 ) (-6144 2048 -166 ) (-6144 2048 -120 ) 
4 645 650 (-5928 2048 -120 ) (-6144 2048 -120 ) (-6144 2048 -166 ) (-5928 2048 -166 ) 
4 645 646 (-6144 2048 -166 ) (-6144 3072 -166 ) (-5928 3072 -166 ) (-5928 2048 -166 ) 
4 646 652 (-6144 3072 -166 ) (-6144 3072 -232 ) (-6144 2048 -232 ) (-6144 2048 -166 ) 
4 646 651 (-5120 2048 -232 ) (-5120 2048 -166 ) (-6144 2048 -166 ) (-6144 2048 -232 ) 
4 647 1513 (-5120 1024 0 ) (-5120 1024 632 ) (-6144 1024 632 ) (-6144 1024 0 ) 
4 647 653 (-6144 1024 0 ) (-6144 1024 632 ) (-6144 2048 632 ) (-6144 2048 0 ) 
4 647 649 (-5632 1024 0 ) (-6144 1024 0 ) (-6144 2048 0 ) (-5632 2048 0 ) 
4 647 648 (-5120 1024 0 ) (-5632 1024 0 ) (-5632 2048 0 ) (-5120 2048 0 ) 
4 648 1514 (-5120 1024 -120 ) (-5120 1024 0 ) (-5632 1024 0 ) (-5632 1024 -120 ) 
4 648 649 (-5632 2048 -120 ) (-5632 1024 -120 ) (-5632 1024 0 ) (-5632 2048 0 ) 
4 649 1515 (-5632 1024 0 ) (-6144 1024 0 ) (-6144 1024 -120 ) (-5632 1024 -120 ) 
4 649 653 (-6144 1024 -120 ) (-6144 1024 0 ) (-6144 2048 0 ) (-6144 2048 -120 ) 
4 649 650 (-5928 1024 -120 ) (-6144 1024 -120 ) (-6144 2048 -120 ) (-5928 2048 -120 ) 
4 650 1516 (-5928 1024 -120 ) (-6144 1024 -120 ) (-6144 1024 -166 ) (-5928 1024 -166 ) 
4 650 653 (-6144 1024 -166 ) (-6144 1024 -120 ) (-6144 2048 -120 ) (-6144 2048 -166 ) 
4 650 651 (-5928 1024 -166 ) (-6144 1024 -166 ) (-6144 2048 -166 ) (-5928 2048 -166 ) 
4 651 1517 (-5120 1024 -232 ) (-5120 1024 -166 ) (-6144 1024 -166 ) (-6144 1024 -232 ) 
4 651 653 (-6144 1024 -232 ) (-6144 1024 -166 ) (-6144 2048 -166 ) (-6144 2048 -232 ) 
4 652 653 (-6144 2048 -232 ) (-6144 2048 632 ) (-6152 2048 632 ) (-6152 2048 -232 ) 
4 653 1523 (-6144 1024 -232 ) (-6144 1024 632 ) (-6152 1024 632 ) (-6152 1024 -232 ) 
4 654 1044 (364.100037 0 242 ) (0 0 242 ) (0 0 196 ) (364.100037 0 196 ) 
4 654 773 (512 0 242 ) (364.100037 0 242 ) (364.100037 0 196 ) (512 0 196 ) 
4 654 771 (608 0 242 ) (512 0 242 ) (512 0 196 ) (608 0 196 ) 
4 654 770 (1024 0 196 ) (1024 0 242 ) (608 0 242 ) (608 0 196 ) 
4 654 737 (1024 0 242 ) (1024 0 247 ) (0 0 247 ) (0 0 242 ) 
3 654 735 (456.101990 0 632 ) (42.920105 0 632 ) (456.101990 0 317 ) 
4 654 733 (456.101990 0 323 ) (456.101990 0 317 ) (547.920105 0 247 ) (555.190552 0 247 ) 
5 654 732 (1024 0 247 ) (1024 0 632 ) (456.101990 0 632 ) (456.101990 0 323 ) (555.190552 0 247 ) 
4 654 694 (42.920105 0 632 ) (0 0 632 ) (0 0 247 ) (547.920105 0 247 ) 
4 654 685 (0 0 196 ) (0 0 632 ) (0 1024 632 ) (0 1024 196 ) 
4 654 680 (0 720.012085 196 ) (0 816.012085 196 ) (200 816.012085 196 ) (200 720.012085 196 ) 
4 654 679 (0 816.012085 196 ) (0 1024 196 ) (200 1024 196 ) (200 816.012085 196 ) 
4 654 682 (0 0 196 ) (0 720.012085 196 ) (200 720.012085 196 ) (200 0 196 ) 
4 654 674 (280 716 196 ) (280 0 196 ) (200 0 196 ) (200 716 196 ) 
4 654 667 (200 1024 196 ) (280 1024 196 ) (280 824 196 ) (200 824 196 ) 
4 654 657 (584 572.012085 196 ) (584 480.012024 196 ) (492 480.012024 196 ) (492 572.012085 196 ) 
4 654 656 (492 1024 196 ) (584 1024 196 ) (584 572.012085 196 ) (492 572.012085 196 ) 
4 654 659 (584 480.012024 196 ) (584 0 196 ) (492 0 196 ) (492 480.012024 196 ) 
4 654 655 (584 1024 196 ) (1024 1024 196 ) (1024 0 196 ) (584 0 196 ) 
4 654 660 (280 1024 196 ) (492 1024 196 ) (492 0 196 ) (280 0 196 ) 
4 655 771 (608 0 196 ) (584 0 196 ) (584 0 80 ) (608 0 80 ) 
4 655 770 (1024 0 80 ) (1024 0 196 ) (608 0 196 ) (608 0 80 ) 
4 655 664 (1024 184.012009 80 ) (1024 0 80 ) (608 0 80 ) (608 184.012009 80 ) 
4 655 661 (584 1024 80 ) (1024 1024 80 ) (1024 816.012085 80 ) (584 816.012085 80 ) 
4 655 662 (1024 720.012085 80 ) (1024 280.012024 80 ) (584 280.012024 80 ) (584 720.012085 80 ) 
4 655 657 (584 480.012024 108 ) (584 480.012024 196 ) (584 572.012085 196 ) (584 572.012085 108 ) 
4 655 658 (584 572.012085 80 ) (584 480.012024 80 ) (584 480.012024 88 ) (584 572.012085 88 ) 
4 655 656 (584 1024 80 ) (584 572.012085 80 ) (584 572.012085 196 ) (584 1024 196 ) 
4 655 659 (584 480.012024 80 ) (584 0 80 ) (584 0 196 ) (584 480.012024 196 ) 
4 656 661 (492 1024 80 ) (584 1024 80 ) (584 816.012085 80 ) (492 816.012085 80 ) 
4 656 662 (584 720.012085 80 ) (584 572.012085 80 ) (492 572.012085 80 ) (492 720.012085 80 ) 
4 656 657 (492 572.012085 196 ) (492 572.012085 108 ) (584 572.012085 108 ) (584 572.012085 196 ) 
4 656 658 (492 572.012085 88 ) (492 572.012085 80 ) (584 572.012085 80 ) (584 572.012085 88 ) 
4 656 660 (492 1024 80 ) (492 572.012085 80 ) (492 572.012085 196 ) (492 1024 196 ) 
4 657 659 (492 480.012024 196 ) (492 480.012024 108 ) (584 480.012024 108 ) (584 480.012024 196 ) 
4 657 660 (492 480.012024 108 ) (492 480.012024 196 ) (492 572.012085 196 ) (492 572.012085 108 ) 
4 658 662 (584 572.012085 80 ) (584 480.012024 80 ) (492 480.012024 80 ) (492 572.012085 80 ) 
4 658 660 (492 572.012085 80 ) (492 480.012024 80 ) (492 480.012024 88 ) (492 572.012085 88 ) 
4 658 659 (492 480.012024 88 ) (492 480.012024 80 ) (584 480.012024 80 ) (584 480.012024 88 ) 
4 659 773 (512 0 196 ) (492 0 196 ) (492 0 80 ) (512 0 80 ) 
4 659 771 (584 0 196 ) (512 0 196 ) (512 0 80 ) (584 0 80 ) 
4 659 665 (512 0 80 ) (492 0 80 ) (492 184.012009 80 ) (512 184.012009 80 ) 
4 659 663 (512 184.012009 80 ) (492 184.012009 80 ) (492 280.012024 80 ) (512 280.012024 80 ) 
4 659 662 (584 480.012024 80 ) (584 280.012024 80 ) (492 280.012024 80 ) (492 480.012024 80 ) 
4 659 660 (492 480.012024 80 ) (492 0 80 ) (492 0 196 ) (492 480.012024 196 ) 
4 660 1044 (364.100037 0 196 ) (280 0 196 ) (280 0 80 ) (364.100037 0 80 ) 
4 660 773 (492 0 196 ) (364.100037 0 196 ) (364.100037 0 80 ) (492 0 80 ) 
4 660 676 (280 0 80 ) (280 0 192 ) (280 710.937256 192 ) (280 568.377747 80 ) 
5 660 675 (280 716 192 ) (280 720.012085 192 ) (280 720.012085 80 ) (280 640.012085 80 ) (280 640.012085 112.012741 ) 
4 660 674 (280 0 192 ) (280 0 196 ) (280 716 196 ) (280 710.904724 192 ) 
4 660 672 (280 816.012085 80 ) (280 720.012085 80 ) (280 720.012085 192 ) (280 816.012085 192 ) 
3 660 671 (280 829.095215 192 ) (280 896.012085 192 ) (280 896.012085 139.467133 ) 
3 660 670 (280 971.761963 80 ) (280 966.461304 80 ) (280 930.304016 112.546410 ) 
5 660 669 (280 1024 192 ) (280 1024 80 ) (280 971.761963 80 ) (280 896.012085 139.467133 ) (280 896.012085 192 ) 
5 660 668 (280 896.012085 80 ) (280 816.012085 80 ) (280 816.012085 192 ) (280 823.996399 192 ) (280 896.012085 111.982071 ) 
4 660 667 (280 824 196 ) (280 1024 196 ) (280 1024 192 ) (280 829.095215 192 ) 
4 660 665 (280 0 80 ) (280 184.012009 80 ) (492 184.012009 80 ) (492 0 80 ) 
4 660 663 (280 184.012009 80 ) (280 280.012024 80 ) (492 280.012024 80 ) (492 184.012009 80 ) 
4 660 661 (280 816.012085 80 ) (280 1024 80 ) (492 1024 80 ) (492 816.012085 80 ) 
4 660 662 (280 280.012024 80 ) (280 720.012085 80 ) (492 720.012085 80 ) (492 280.012024 80 ) 
4 661 670 (280 966.461304 80 ) (280 971.761963 80 ) (280 992.142822 64 ) (280 984.236389 64 ) 
4 661 669 (280 971.761963 80 ) (280 1024 80 ) (280 1024 64 ) (280 992.142822 64 ) 
4 661 668 (280 816.012085 80 ) (280 896.012085 80 ) (280 896.012085 64 ) (280 816.012085 64 ) 
4 661 666 (280 816.012085 64 ) (280 1024 64 ) (1024 1024 64 ) (1024 816.012085 64 ) 
4 662 676 (280 280.012024 80 ) (280 568.377686 80 ) (280 548.012024 64 ) (280 280.012024 64 ) 
4 662 675 (280 640.012085 80 ) (280 720.012085 80 ) (280 720.012085 64 ) (280 640.012085 64 ) 
4 662 663 (280 280.012024 64 ) (512 280.012024 64 ) (512 280.012024 80 ) (280 280.012024 80 ) 
4 662 666 (280 280.012024 64 ) (280 720.012085 64 ) (1024 720.012085 64 ) (1024 280.012024 64 ) 
4 663 676 (280 184.012009 80 ) (280 280.012024 80 ) (280 280.012024 64 ) (280 184.012009 64 ) 
4 663 665 (280 184.012009 64 ) (512 184.012009 64 ) (512 184.012009 80 ) (280 184.012009 80 ) 
4 663 666 (280 184.012009 64 ) (280 280.012024 64 ) (512 280.012024 64 ) (512 184.012009 64 ) 
4 664 770 (1024 0 64 ) (1024 0 80 ) (608 0 80 ) (608 0 64 ) 
4 664 666 (1024 0 64 ) (608 0 64 ) (608 184.012009 64 ) (1024 184.012009 64 ) 
4 665 1045 (364.100037 0 80 ) (280 0 80 ) (280 0 64 ) (364.100037 0 64 ) 
4 665 773 (512 0 80 ) (364.100037 0 80 ) (364.100037 0 64 ) (512 0 64 ) 
4 665 676 (280 0 64 ) (280 0 80 ) (280 184.012009 80 ) (280 184.012009 64 ) 
4 665 666 (512 0 64 ) (280 0 64 ) (280 184.012009 64 ) (512 184.012009 64 ) 
4 666 1048 (364.100037 0 64 ) (280 0 64 ) (280 0 0 ) (364.100037 0 0 ) 
4 666 773 (512 0 64 ) (364.100037 0 64 ) (364.100037 0 0 ) (512 0 0 ) 
4 666 772 (608 0 64 ) (512 0 64 ) (512 0 0 ) (608 0 0 ) 
4 666 770 (1024 0 0 ) (1024 0 64 ) (608 0 64 ) (608 0 0 ) 
4 666 683 (1024 0 0 ) (280 0 0 ) (280 1024 0 ) (1024 1024 0 ) 
4 666 677 (280 0 57 ) (280 0 64 ) (280 720.012085 64 ) (280 720.012085 57 ) 
4 666 673 (280 720.012085 64 ) (280 816.012085 64 ) (280 816.012085 57 ) (280 720.012085 57 ) 
4 666 670 (280 984.236389 64 ) (280 992.142822 64 ) (280 1001.059570 57 ) (280 992.013123 57 ) 
4 666 669 (280 992.142822 64 ) (280 1024 64 ) (280 1024 57 ) (280 1001.059570 57 ) 
4 666 668 (280 816.012085 64 ) (280 896.012085 64 ) (280 896.012085 57 ) (280 816.012085 57 ) 
4 666 678 (280 1024 0 ) (280 0 0 ) (280 0 57 ) (280 1024 57 ) 
4 667 679 (200 824 196 ) (200 1024 196 ) (200 1024 192 ) (200 829.095215 192 ) 
4 667 671 (200 829.095276 192 ) (200 896.012085 192 ) (280 896.012085 192 ) (280 829.095215 192 ) 
4 667 669 (200 896.012085 192 ) (200 1024 192 ) (280 1024 192 ) (280 896.012085 192 ) 
5 668 679 (200 896.012085 57 ) (200 816.012085 57 ) (200 816.012085 192 ) (200 823.996399 192 ) (200 896.012085 111.982048 ) 
4 668 672 (280 816.012085 80 ) (280 816.012085 192 ) (200 816.012085 192 ) (200 816.012085 80 ) 
4 668 673 (200 816.012085 57 ) (280 816.012085 57 ) (280 816.012085 64 ) (200 816.012085 64 ) 
4 668 678 (200 816.012085 57 ) (200 896.012085 57 ) (280 896.012085 57 ) (280 816.012085 57 ) 
5 669 679 (200 1024 192 ) (200 1024 57 ) (200 1001.059570 57 ) (200 896.012085 139.467102 ) (200 896.012085 192 ) 
4 669 671 (280 896.012085 139.467102 ) (280 896.012085 192 ) (200 896.012085 192 ) (200 896.012085 139.467102 ) 
4 669 670 (200 930.285217 112.562370 ) (200 1001.060059 57 ) (280 1001.060059 57 ) (280 930.293762 112.555649 ) 
4 669 678 (200 1001.059570 57 ) (200 1024 57 ) (280 1024 57 ) (280 1001.059570 57 ) 
3 670 679 (200 1001.059570 57 ) (200 992.012024 57 ) (200 930.295837 112.552795 ) 
4 670 678 (200 992.012024 57 ) (200 1001.059570 57 ) (280 1001.059570 57 ) (280 992.013123 57 ) 
3 671 679 (200 829.095215 192 ) (200 896.012085 192 ) (200 896.012085 139.467102 ) 
4 672 680 (200 720.012085 80 ) (200 720.012085 192 ) (200 816.012085 192 ) (200 816.012085 80 ) 
4 672 675 (200 720.012085 192 ) (200 720.012085 80 ) (280 720.012085 80 ) (280 720.012085 192 ) 
4 673 681 (200 816.012085 57 ) (200 720.012085 57 ) (200 720.012085 64 ) (200 816.012085 64 ) 
4 673 677 (200 720.012085 64 ) (200 720.012085 57 ) (280 720.012085 57 ) (280 720.012085 64 ) 
4 673 678 (200 720.012085 57 ) (200 816.012085 57 ) (280 816.012085 57 ) (280 720.012085 57 ) 
4 674 1044 (280 0 196 ) (200 0 196 ) (200 0 192 ) (280 0 192 ) 
4 674 682 (200 0 192 ) (200 0 196 ) (200 716 196 ) (200 710.904724 192 ) 
4 674 676 (200 0 192 ) (200 710.904785 192 ) (280 710.904724 192 ) (280 0 192 ) 
5 675 682 (200 716 192 ) (200 720.012085 192 ) (200 720.012085 64 ) (200 640.012085 64 ) (200 640.012085 112.012711 ) 
4 675 677 (200 640.012085 64 ) (200 720.012085 64 ) (280 720.012085 64 ) (280 640.012085 64 ) 
4 676 1045 (200 0 80 ) (200 0 64 ) (280 0 64 ) (280 0 80 ) 
4 676 1044 (200 0 192 ) (200 0 80 ) (280 0 80 ) (280 0 192 ) 
4 676 682 (200 0 64 ) (200 0 192 ) (200 710.937256 192 ) (200 548.012024 64 ) 
4 676 677 (200 0 64 ) (200 548.012085 64 ) (280 548.012024 64 ) (280 0 64 ) 
4 677 1048 (200 0 64 ) (200 0 57 ) (280 0 57 ) (280 0 64 ) 
4 677 682 (200 0 57 ) (200 0 64 ) (200 720.012085 64 ) (200 720.012085 57 ) 
4 677 678 (200 0 57 ) (200 720.012085 57 ) (280 720.012085 57 ) (280 0 57 ) 
4 678 1048 (200 0 57 ) (200 0 0 ) (280 0 0 ) (280 0 57 ) 
4 678 683 (280 0 0 ) (200 0 0 ) (200 1024 0 ) (280 1024 0 ) 
4 678 681 (200 816.012085 0 ) (200 720.012085 0 ) (200 720.012085 57 ) (200 816.012085 57 ) 
4 678 679 (200 1024 0 ) (200 816.012085 0 ) (200 816.012085 57 ) (200 1024 57 ) 
4 678 682 (200 720.012085 0 ) (200 0 0 ) (200 0 57 ) (200 720.012085 57 ) 
4 679 686 (0 1024 80 ) (0 1024 64 ) (0 816.012085 64 ) (0 816.012085 80 ) 
4 679 691 (0 1024 64 ) (0 1024 0 ) (0 816.012085 0 ) (0 816.012085 64 ) 
4 679 685 (0 816.012085 196 ) (0 1024 196 ) (0 1024 80 ) (0 816.012085 80 ) 
4 679 683 (0 816.012085 0 ) (0 1024 0 ) (200 1024 0 ) (200 816.012085 0 ) 
4 679 680 (200 816.012085 80 ) (200 816.012085 196 ) (0 816.012085 196 ) (0 816.012085 80 ) 
4 679 681 (0 816.012085 0 ) (200 816.012085 0 ) (200 816.012085 64 ) (0 816.012085 64 ) 
4 680 685 (0 720.012085 196 ) (0 816.012085 196 ) (0 816.012085 80 ) (0 720.012085 80 ) 
4 680 682 (200 720.012085 80 ) (200 720.012085 196 ) (0 720.012085 196 ) (0 720.012085 80 ) 
4 681 691 (0 816.012085 64 ) (0 816.012085 0 ) (0 720.012085 0 ) (0 720.012085 64 ) 
4 681 683 (0 720.012085 0 ) (0 816.012085 0 ) (200 816.012085 0 ) (200 720.012085 0 ) 
4 681 682 (0 720.012085 0 ) (200 720.012085 0 ) (200 720.012085 64 ) (0 720.012085 64 ) 
4 682 1045 (0 0 80 ) (0 0 64 ) (200 0 64 ) (200 0 80 ) 
4 682 1044 (200 0 196 ) (0 0 196 ) (0 0 80 ) (200 0 80 ) 
4 682 1048 (0 0 64 ) (0 0 0 ) (200 0 0 ) (200 0 64 ) 
4 682 687 (0 0 64 ) (0 0 80 ) (0 720.012085 80 ) (0 720.012085 64 ) 
4 682 691 (0 0 0 ) (0 0 64 ) (0 720.012085 64 ) (0 720.012085 0 ) 
4 682 685 (0 0 80 ) (0 0 196 ) (0 720.012085 196 ) (0 720.012085 80 ) 
4 682 683 (200 0 0 ) (0 0 0 ) (0 720.012085 0 ) (200 720.012085 0 ) 
4 683 1145 (78.422180 0 0 ) (0 0 0 ) (0 0 -120 ) (78.422386 0 -120 ) 
4 683 1138 (126.342529 0 0 ) (78.422180 0 0 ) (78.422386 0 -120 ) (126.342529 0 -120 ) 
4 683 1130 (324.936279 0 0 ) (126.342529 0 0 ) (126.342529 0 -45 ) (324.935364 0 -45 ) 
4 683 1129 (1024 0 -45 ) (1024 0 0 ) (324.936279 0 0 ) (324.935364 0 -45 ) 
4 683 1137 (1024 0 -120 ) (1024 0 -45 ) (126.342529 0 -45 ) (126.342529 0 -120 ) 
4 683 692 (0 0 -120 ) (0 0 0 ) (0 1024 0 ) (0 1024 -120 ) 
4 684 1165 (1024 0 -232 ) (1024 0 -166 ) (0 0 -166 ) (0 0 -232 ) 
4 684 693 (0 0 -232 ) (0 0 -166 ) (0 1024 -166 ) (0 1024 -232 ) 
4 685 1264 (-1024 0 80 ) (-1024 0 632 ) (-1024 1024 632 ) (-1024 1024 80 ) 
4 685 1166 (0 0 80 ) (0 0 632 ) (-1024 0 632 ) (-1024 0 80 ) 
4 685 690 (-792 0 80 ) (-1024 0 80 ) (-1024 1024 80 ) (-792 1024 80 ) 
4 685 688 (-264 816.012085 80 ) (-264 1024 80 ) (-168 1024 80 ) (-168 816.012085 80 ) 
4 685 689 (-264 0 80 ) (-696 0 80 ) (-696 1024 80 ) (-264 1024 80 ) 
4 685 686 (-168 816.012085 80 ) (-168 1024 80 ) (0 1024 80 ) (0 816.012085 80 ) 
4 685 687 (0 0 80 ) (-168 0 80 ) (-168 720.012085 80 ) (0 720.012085 80 ) 
4 686 688 (-168 1024 64 ) (-168 816.012085 64 ) (-168 816.012085 80 ) (-168 1024 80 ) 
4 686 691 (-168 1024 64 ) (0 1024 64 ) (0 816.012085 64 ) (-168 816.012085 64 ) 
4 687 1167 (0 0 64 ) (0 0 80 ) (-168 0 80 ) (-168 0 64 ) 
4 687 691 (0 720.012085 64 ) (0 0 64 ) (-168 0 64 ) (-168 720.012085 64 ) 
4 688 689 (-264 1024 64 ) (-264 816.012085 64 ) (-264 816.012085 80 ) (-264 1024 80 ) 
4 688 691 (-264 1024 64 ) (-168 1024 64 ) (-168 816.012085 64 ) (-264 816.012085 64 ) 
4 689 1168 (-264 0 80 ) (-696 0 80 ) (-696 0 64 ) (-264 0 64 ) 
4 689 691 (-696 1024 64 ) (-264 1024 64 ) (-264 0 64 ) (-696 0 64 ) 
4 690 1264 (-1024 0 64 ) (-1024 0 80 ) (-1024 1024 80 ) (-1024 1024 64 ) 
4 690 1171 (-792 0 80 ) (-1024 0 80 ) (-1024 0 64 ) (-792 0 64 ) 
4 690 691 (-1024 1024 64 ) (-792 1024 64 ) (-792 0 64 ) (-1024 0 64 ) 
4 691 1264 (-1024 0 0 ) (-1024 0 64 ) (-1024 1024 64 ) (-1024 1024 0 ) 
4 691 1173 (0 0 2 ) (0 0 64 ) (-620.262878 0 64 ) (-620.262878 0 2 ) 
4 691 1172 (-620.262878 0 64 ) (-1024 0 64 ) (-1024 0 2 ) (-620.262878 0 2 ) 
4 691 1180 (0 0 0 ) (0 0 2 ) (-1024 0 2 ) (-1024 0 0 ) 
4 691 692 (-1024 1024 0 ) (0 1024 0 ) (0 0 0 ) (-1024 0 0 ) 
4 692 1265 (-1024 0 -120 ) (-1024 0 0 ) (-1024 1024 0 ) (-1024 1024 -120 ) 
4 692 1257 (-768 0 0 ) (-776 0 0 ) (-776 0 -52 ) (-768 0 -52 ) 
4 692 1261 (-776 0 -52 ) (-776 0 -120 ) (-768 0 -120 ) (-768 0 -52 ) 
4 692 1262 (-776 0 0 ) (-1024 0 0 ) (-1024 0 -120 ) (-776 0 -120 ) 
4 692 1251 (-712 0 0 ) (-720 0 0 ) (-720 0 -120 ) (-712 0 -120 ) 
4 692 1256 (-720 0 0 ) (-768 0 0 ) (-768 0 -120 ) (-720 0 -120 ) 
4 692 1243 (0 0 -120 ) (0 0 0 ) (-712 0 0 ) (-712 0 -120 ) 
4 693 1266 (-1024 0 -232 ) (-1024 0 -166 ) (-1024 1024 -166 ) (-1024 1024 -232 ) 
4 693 1263 (0 0 -232 ) (0 0 -166 ) (-1024 0 -166 ) (-1024 0 -232 ) 
4 694 1181 (0 -447.988007 247 ) (0 -681.987976 247 ) (0 -681.987976 632 ) (0 -447.988007 632 ) 
4 694 1166 (0 0 632 ) (0 0 247 ) (0 -447.988007 247 ) (0 -447.988007 632 ) 
4 694 737 (0 -681.987976 247 ) (0 0 247 ) (547.920105 0 247 ) (547.920105 -681.987976 247 ) 
4 694 735 (456.101990 0 317.001312 ) (42.921906 0 632 ) (42.921917 -681.987976 632 ) (456.101990 -681.987976 317.001312 ) 
4 694 733 (547.921875 -681.987976 247 ) (547.921875 0 247 ) (456.101990 0 317.001312 ) (456.101990 -681.987976 317.001312 ) 
5 694 712 (357.011475 -681.987976 247 ) (364.283173 -681.987976 247 ) (456.101990 -681.987976 316.998444 ) (456.101990 -681.987976 317.001312 ) (452.179626 -681.987976 319.991638 ) 
4 694 706 (364.283173 -681.987976 247 ) (456.101990 -681.987976 247 ) (456.101990 -681.987976 305 ) (440.363312 -681.987976 305 ) 
5 694 705 (456.101990 -681.987976 311 ) (456.101990 -681.987976 311.001495 ) (452.136444 -681.987976 313.975311 ) (440.363312 -681.987976 305 ) (448.109009 -681.987976 305 ) 
3 694 704 (456.101990 -681.987976 311.001495 ) (456.101990 -681.987976 316.998444 ) (452.136444 -681.987976 313.975311 ) 
4 694 700 (456.101990 -681.987976 247 ) (547.921875 -681.987976 247 ) (491.519287 -681.987976 290 ) (456.101990 -681.987976 290 ) 
4 694 698 (491.519287 -681.987976 290 ) (471.843964 -681.987976 305 ) (456.101990 -681.987976 305 ) (456.101990 -681.987976 290 ) 
4 694 697 (471.843964 -681.987976 305 ) (460.068390 -681.987976 313.977417 ) (456.102966 -681.987976 311 ) (464.104919 -681.987976 305 ) 
3 694 696 (460.068390 -681.987976 313.977417 ) (456.101990 -681.987976 317.001312 ) (456.101990 -681.987976 311 ) 
5 694 695 (0 -681.987976 247 ) (357.011475 -681.987976 247 ) (452.179626 -681.987976 319.991638 ) (42.921875 -681.987976 632 ) (0 -681.987976 632 ) 
4 695 1332 (88 -1024 247 ) (96 -1024 247 ) (96 -1024 591.533142 ) (88 -1024 597.632141 ) 
5 695 1333 (0 -1024 632 ) (0 -1024 247 ) (88 -1024 247 ) (88 -1024 597.632141 ) (42.920105 -1024 632 ) 
5 695 1328 (96 -1024 247 ) (357.011444 -1024 247 ) (364.100037 -1024 252.436783 ) (364.100037 -1024 387.140045 ) (96 -1024 591.533142 ) 
3 695 1286 (364.100037 -1024 252.436783 ) (452.178711 -1024 319.990967 ) (364.100037 -1024 387.140045 ) 
4 695 1186 (0 -983.987976 247 ) (0 -991.987976 247 ) (0 -991.987976 632 ) (0 -983.987976 632 ) 
4 695 1185 (0 -746.670044 247 ) (0 -983.987976 247 ) (0 -983.987976 632 ) (0 -746.670044 632 ) 
4 695 1188 (0 -991.987976 247 ) (0 -1024 247 ) (0 -1024 632 ) (0 -991.987976 632 ) 
4 695 1183 (0 -741.330017 247 ) (0 -746.670044 247 ) (0 -746.670044 632 ) (0 -741.330017 632 ) 
4 695 1181 (0 -681.987976 247 ) (0 -741.330017 247 ) (0 -741.330017 632 ) (0 -681.987976 632 ) 
4 695 765 (0 -1024 247 ) (0 -947.987976 247 ) (357.011475 -947.987976 247 ) (357.011475 -1024 247 ) 
4 695 760 (0 -947.987976 247 ) (0 -812.987976 247 ) (357.011444 -812.987976 247 ) (357.011475 -947.987976 247 ) 
4 695 740 (0 -812.987976 247 ) (0 -686.987976 247 ) (357.011444 -686.987976 247 ) (357.011444 -812.987976 247 ) 
4 695 737 (0 -686.987976 247 ) (0 -681.987976 247 ) (357.011444 -681.987976 247 ) (357.011444 -686.987976 247 ) 
4 695 736 (42.921921 -1024 632 ) (452.179626 -1024 319.991608 ) (452.179596 -686.987976 319.991638 ) (42.921917 -686.987976 632 ) 
4 695 735 (452.179596 -686.987976 319.991638 ) (452.179596 -681.987976 319.991638 ) (42.921917 -681.987976 632 ) (42.921917 -686.987976 632 ) 
4 695 712 (357.011719 -686.987976 247 ) (357.011719 -681.987976 247 ) (452.179688 -681.987976 319.992188 ) (452.179688 -686.987976 319.992188 ) 
4 696 733 (460.068359 -681.987976 313.977417 ) (456.101990 -681.987976 317.001282 ) (456.101990 -686.987976 317.001282 ) (460.068329 -686.987976 313.977417 ) 
4 696 704 (456.101990 -693.987976 317 ) (456.101990 -681.987976 317 ) (456.101990 -681.987976 311 ) (456.101990 -693.987976 311 ) 
4 696 697 (456.101990 -693.987976 311 ) (456.101990 -681.987976 311 ) (460.067566 -681.987976 313.976685 ) (460.067535 -693.987976 313.976715 ) 
4 697 733 (471.843933 -681.987976 305 ) (460.068359 -681.987976 313.977417 ) (460.068329 -686.987976 313.977417 ) (471.843933 -686.987976 305 ) 
4 697 698 (464.104950 -681.987976 305 ) (471.842194 -681.987976 305 ) (471.843170 -693.987976 305 ) (464.104828 -693.987976 305 ) 
4 698 733 (491.519257 -681.987976 290 ) (471.843933 -681.987976 305 ) (471.843933 -686.987976 305 ) (491.519257 -686.987976 290 ) 
4 698 706 (456.101990 -681.987976 305 ) (456.101990 -681.987976 290 ) (456.101990 -693.987976 290 ) (456.101990 -693.987976 305 ) 
4 698 700 (456.101990 -693.987976 290 ) (456.101990 -681.987976 290 ) (491.517517 -681.987976 290 ) (491.516327 -693.987976 290 ) 
4 698 699 (456.101990 -693.987976 290 ) (483.969055 -693.987976 290 ) (464.048767 -693.987976 305 ) (456.101990 -693.987976 305 ) 
4 699 707 (456.101990 -693.987976 290 ) (456.101990 -700.987976 290 ) (456.101990 -700.987976 305 ) (456.101990 -693.987976 305 ) 
4 699 703 (456.101990 -700.987976 305 ) (456.101990 -700.987976 290 ) (483.969025 -700.987976 290 ) (464.048798 -700.987976 305 ) 
4 700 742 (547.920105 -686.987976 247 ) (547.920105 -693.987976 247 ) (456.101990 -693.987976 247 ) (456.101990 -686.987976 247 ) 
4 700 737 (456.101990 -681.987976 247 ) (547.920105 -681.987976 247 ) (547.920105 -686.987976 247 ) (456.101990 -686.987976 247 ) 
4 700 733 (547.921875 -686.987976 247 ) (547.921875 -681.987976 247 ) (491.519257 -681.987976 290 ) (491.519257 -686.987976 290 ) 
4 700 706 (456.101990 -681.987976 290 ) (456.101990 -681.987976 247 ) (456.101990 -693.987976 247 ) (456.101990 -693.987976 290 ) 
4 700 701 (490.609192 -693.987976 285 ) (456.101990 -693.987976 285 ) (456.101990 -693.987976 247 ) (541.073914 -693.987976 247 ) 
4 701 708 (456.101990 -693.987976 247 ) (456.101990 -700.987976 247 ) (456.101990 -700.987976 285 ) (456.101990 -693.987976 285 ) 
4 701 703 (456.101990 -700.987976 285 ) (456.101990 -700.987976 247 ) (541.073914 -700.987976 247 ) (490.609192 -700.987976 285 ) 
4 702 709 (456.101990 -805.987976 311 ) (456.101990 -805.987976 316.996094 ) (456.101990 -700.987976 317 ) (456.101990 -700.987976 311.001404 ) 
4 702 703 (471.843750 -805.987976 305 ) (464.103912 -805.987976 305 ) (464.104797 -700.987976 305 ) (471.842194 -700.987976 305 ) 
4 703 746 (531.101990 -805.987976 247 ) (456.101990 -805.987976 247 ) (456.101990 -700.987976 247 ) (531.101990 -700.987976 247 ) 
4 703 714 (490.629089 -805.987976 285 ) (456.101990 -805.987976 285 ) (456.101990 -805.987976 247 ) (541.088989 -805.987976 247 ) 
4 703 713 (464.071259 -805.987976 305 ) (456.101990 -805.987976 305 ) (456.101990 -805.987976 290 ) (483.989655 -805.987976 290 ) 
4 703 711 (456.101990 -805.987976 247 ) (456.101990 -805.987976 305 ) (456.101990 -700.987976 305 ) (456.101990 -700.987976 247 ) 
4 704 712 (456.101990 -686.987976 317 ) (456.101990 -681.987976 317 ) (452.136078 -681.987976 313.975586 ) (452.136047 -686.987976 313.975586 ) 
4 704 705 (456.101990 -681.987976 311.001923 ) (456.101990 -693.987976 311.001831 ) (452.136627 -693.987976 313.975494 ) (452.136719 -681.987976 313.975525 ) 
4 705 712 (452.136078 -681.987976 313.975586 ) (440.362549 -681.987976 305 ) (440.362518 -686.987976 305 ) (452.136047 -686.987976 313.975586 ) 
4 705 706 (440.359406 -693.987976 305 ) (440.359467 -681.987976 305 ) (448.109009 -681.987976 305 ) (448.108887 -693.987976 305 ) 
4 706 742 (456.101990 -686.987976 247 ) (456.101990 -693.987976 247 ) (364.283081 -693.987976 247 ) (364.283112 -686.987976 247 ) 
4 706 737 (364.283142 -681.987976 247 ) (456.101990 -681.987976 247 ) (456.101990 -686.987976 247 ) (364.283112 -686.987976 247 ) 
4 706 712 (440.362549 -681.987976 305 ) (364.282410 -681.987976 247 ) (364.282379 -686.987976 247 ) (440.362518 -686.987976 305 ) 
4 706 708 (456.101990 -693.987976 247 ) (456.101990 -693.987976 285 ) (421.571960 -693.987976 285 ) (371.105011 -693.987976 247 ) 
4 706 707 (456.101990 -693.987976 290 ) (456.101990 -693.987976 305 ) (448.133514 -693.987976 305 ) (428.212341 -693.987976 290 ) 
4 707 711 (456.101990 -700.987976 290 ) (456.101990 -700.987976 305 ) (448.133514 -700.987976 305 ) (428.212341 -700.987976 290 ) 
4 708 711 (456.101990 -700.987976 247 ) (456.101990 -700.987976 285 ) (421.571991 -700.987976 285 ) (371.105011 -700.987976 247 ) 
4 709 710 (452.135986 -805.987976 313.976440 ) (452.136719 -700.987976 313.976563 ) (456.101990 -700.987976 311.002594 ) (456.101990 -805.987976 311.001923 ) 
4 710 711 (440.354889 -805.987976 305 ) (440.355469 -700.987976 305 ) (448.108795 -700.987976 305 ) (448.107941 -805.987976 305 ) 
4 711 746 (456.101990 -700.987976 247 ) (456.101990 -805.987976 247 ) (381.100037 -805.987976 247 ) (381.100037 -700.987976 247 ) 
4 711 714 (371.100006 -805.987976 247 ) (456.101990 -805.987976 247 ) (456.101990 -805.987976 285 ) (421.569305 -805.987976 285 ) 
4 711 713 (428.209991 -805.987976 290 ) (456.101990 -805.987976 290 ) (456.101990 -805.987976 305 ) (448.132111 -805.987976 305 ) 
4 712 737 (357.011444 -681.987976 247 ) (364.283142 -681.987976 247 ) (364.283112 -686.987976 247 ) (357.011444 -686.987976 247 ) 
4 712 735 (456.101990 -681.987976 317.001282 ) (452.179596 -681.987976 319.991638 ) (452.179596 -686.987976 319.991638 ) (456.101990 -686.987976 317.001282 ) 
4 713 723 (456.101990 -812.987976 305 ) (448.133118 -812.987976 305 ) (428.211029 -812.987976 290 ) (456.101990 -812.987976 290 ) 
4 713 716 (464.071320 -812.987976 305 ) (456.101990 -812.987976 305 ) (456.101990 -812.987976 290 ) (483.989594 -812.987976 290 ) 
4 714 725 (456.101990 -812.987976 285 ) (421.570313 -812.987976 285 ) (371.101013 -812.987976 247 ) (456.101990 -812.987976 247 ) 
4 714 716 (490.629120 -812.987976 285 ) (456.101990 -812.987976 285 ) (456.101990 -812.987976 247 ) (541.088989 -812.987976 247 ) 
4 715 734 (456.101990 -832.987976 317.001282 ) (456.101990 -896.987976 317.001282 ) (471.843933 -896.987976 305 ) (471.843933 -832.987976 305 ) 
4 715 721 (456.101990 -812.987976 317 ) (456.101990 -812.987976 311 ) (456.101990 -940.987976 311 ) (456.101990 -940.987976 316.997589 ) 
4 715 716 (464.103851 -812.987976 305 ) (471.842194 -812.987976 305 ) (471.843658 -940.987976 305 ) (464.102783 -940.987976 305 ) 
4 716 755 (531.101990 -940.987976 247 ) (456.101990 -940.987976 247 ) (456.101990 -812.987976 247 ) (531.101990 -812.987976 247 ) 
4 716 734 (547.921875 -896.987976 247 ) (547.921875 -832.987976 247 ) (471.843933 -832.987976 305 ) (471.843933 -896.987976 305 ) 
4 716 725 (456.101990 -812.987976 290 ) (456.101990 -812.987976 247 ) (456.101990 -940.987976 247 ) (456.101990 -940.987976 290 ) 
4 716 723 (456.101990 -812.987976 305 ) (456.101990 -812.987976 290 ) (456.101990 -940.987976 290 ) (456.101990 -940.987976 305 ) 
4 716 718 (490.633240 -940.987976 285 ) (456.101990 -940.987976 285 ) (456.101990 -940.987976 247 ) (541.101990 -940.987976 247 ) 
4 716 717 (464.070740 -940.987976 305 ) (456.101990 -940.987976 305 ) (456.101990 -940.987976 290 ) (483.992615 -940.987976 290 ) 
4 717 724 (456.101990 -947.987976 290 ) (456.101990 -947.987976 305 ) (456.101990 -940.987976 305 ) (456.101990 -940.987976 290 ) 
4 717 720 (456.101990 -947.987976 305 ) (456.101990 -947.987976 290 ) (483.992584 -947.987976 290 ) (464.070740 -947.987976 305 ) 
4 718 726 (456.101990 -940.987976 247 ) (456.101990 -947.987976 247 ) (456.101990 -947.987976 285 ) (456.101990 -940.987976 285 ) 
4 718 720 (456.101990 -947.987976 285 ) (456.101990 -947.987976 247 ) (541.101929 -947.987976 247 ) (490.633240 -947.987976 285 ) 
4 719 727 (456.101990 -1021.989990 311 ) (456.101990 -1021.989990 316.996094 ) (456.101990 -947.987976 316.997467 ) (456.101990 -947.987976 311 ) 
4 719 720 (471.843750 -1021.989990 305 ) (464.102081 -1021.989990 305 ) (464.102722 -947.987976 305 ) (471.842194 -947.987976 305 ) 
4 720 758 (531.101990 -1014.989990 247 ) (456.101990 -1014.989990 247 ) (456.101990 -947.987976 247 ) (531.101990 -947.987976 247 ) 
4 720 731 (490.644897 -1021.989990 285 ) (456.101990 -1021.989990 285 ) (456.101990 -1021.989990 247 ) (541.109375 -1021.989990 247 ) 
4 720 730 (464.084656 -1021.989990 305 ) (456.101990 -1021.989990 305 ) (456.101990 -1021.989990 290 ) (484.004852 -1021.989990 290 ) 
4 720 729 (456.101990 -947.987976 247 ) (456.101990 -1021.989990 247 ) (456.101990 -1021.989990 305 ) (456.101990 -947.987976 305 ) 
4 721 722 (456.101990 -940.987976 310.998932 ) (452.134033 -940.987976 313.974548 ) (452.134949 -812.987976 313.974701 ) (456.101990 -812.987976 311 ) 
4 722 723 (440.359406 -940.987976 305 ) (440.360138 -812.987976 305 ) (448.107880 -812.987976 305 ) (448.106812 -940.987976 305 ) 
4 723 725 (420.683624 -940.987976 290 ) (420.684326 -812.987976 290 ) (456.101990 -812.987976 290 ) (456.101990 -940.987976 290 ) 
4 723 724 (428.212341 -940.987976 290 ) (456.101990 -940.987976 290 ) (456.101990 -940.987976 305 ) (448.133514 -940.987976 305 ) 
4 724 729 (456.101990 -947.987976 290 ) (456.101990 -947.987976 305 ) (448.134460 -947.987976 305 ) (428.213318 -947.987976 290 ) 
4 725 755 (381.100037 -812.987976 247 ) (456.101990 -812.987976 247 ) (456.101990 -940.987976 247 ) (381.100037 -940.987976 247 ) 
4 725 726 (456.101990 -940.987976 247 ) (456.101990 -940.987976 285 ) (421.571960 -940.987976 285 ) (371.104980 -940.987976 247 ) 
4 726 729 (456.101990 -947.987976 247 ) (456.101990 -947.987976 285 ) (421.572937 -947.987976 285 ) (371.105988 -947.987976 247 ) 
4 727 728 (452.132294 -1021.989990 313.976471 ) (452.132813 -947.987976 313.976563 ) (456.101990 -947.987976 311 ) (456.101990 -1021.989990 311 ) 
4 728 729 (440.355072 -1021.989990 305 ) (440.355469 -947.987976 305 ) (448.106689 -947.987976 305 ) (448.106110 -1021.989990 305 ) 
4 729 758 (381.100037 -1014.989990 247 ) (381.100037 -947.987976 247 ) (456.101990 -947.987976 247 ) (456.101990 -1014.989990 247 ) 
4 729 731 (371.109009 -1021.989990 247 ) (456.101990 -1021.989990 247 ) (456.101990 -1021.989990 285 ) (421.573578 -1021.989990 285 ) 
4 729 730 (428.213654 -1021.989990 290 ) (456.101990 -1021.989990 290 ) (456.101990 -1021.989990 305 ) (448.133881 -1021.989990 305 ) 
4 730 1287 (456.101990 -1024 305 ) (448.133881 -1024 305 ) (428.213654 -1024 290 ) (456.101990 -1024 290 ) 
4 730 1280 (464.085358 -1024 305 ) (456.101990 -1024 305 ) (456.101990 -1024 290 ) (484.005615 -1024 290 ) 
4 731 1288 (371.109009 -1024 247 ) (456.101990 -1024 247 ) (456.101990 -1024 285 ) (421.573578 -1024 285 ) 
4 731 1281 (456.101990 -1024 247 ) (541.110107 -1024 247 ) (490.645630 -1024 285 ) (456.101990 -1024 285 ) 
5 732 1276 (1024 -1024 247 ) (1024 -1024 632 ) (456.101990 -1024 632 ) (456.101990 -1024 323 ) (555.190552 -1024 247 ) 
4 732 738 (1024 -686.987976 247 ) (1024 -1024 247 ) (555.190552 -1024 247 ) (555.190552 -686.987976 247 ) 
4 732 737 (555.190552 0 247 ) (1024 0 247 ) (1024 -686.987976 247 ) (555.190552 -686.987976 247 ) 
4 732 736 (456.101990 -686.987976 323 ) (456.101990 -1024 323 ) (456.101990 -1024 632 ) (456.101990 -686.987976 632 ) 
4 732 735 (456.101990 0 632 ) (456.101990 0 323 ) (456.101990 -686.987976 323 ) (456.101990 -686.987976 632 ) 
4 732 733 (456.101990 -686.987976 323.001923 ) (456.101990 0 323.001953 ) (555.193176 0 247 ) (555.193115 -686.987976 247 ) 
4 732 734 (456.101990 -896.987976 323.001923 ) (456.101990 -832.987976 323.001923 ) (555.193115 -832.987976 247 ) (555.193115 -896.987976 247 ) 
4 733 737 (547.920105 0 247 ) (555.190552 0 247 ) (555.190552 -686.987976 247 ) (547.920105 -686.987976 247 ) 
4 733 735 (456.101990 0 323 ) (456.101990 0 316.998047 ) (456.101990 -686.987976 316.998016 ) (456.101990 -686.987976 323 ) 
4 734 753 (555.190552 -832.987976 247 ) (555.190552 -896.987976 247 ) (547.920105 -896.987976 247 ) (547.920105 -832.987976 247 ) 
4 735 736 (456.101990 -686.987976 323 ) (456.101990 -686.987976 632 ) (42.920105 -686.987976 632 ) (452.181274 -686.987976 319.992920 ) 
4 736 1332 (88 -1024 597.632141 ) (96 -1024 591.533142 ) (96 -1024 632 ) (88 -1024 632 ) 
3 736 1333 (42.920094 -1024 632 ) (88 -1024 597.632141 ) (88 -1024 632 ) 
4 736 1328 (96 -1024 591.533142 ) (364.100037 -1024 387.140015 ) (364.100037 -1024 632 ) (96 -1024 632 ) 
4 736 1286 (364.100037 -1024 387.140015 ) (452.178711 -1024 319.990936 ) (456.101990 -1024 323 ) (364.100037 -1024 393.564636 ) 
4 736 1276 (456.101990 -1024 323 ) (456.101990 -1024 632 ) (364.100037 -1024 632 ) (364.100037 -1024 393.564636 ) 
4 737 1181 (0 -447.988007 242 ) (0 -686.987976 242 ) (0 -686.987976 247 ) (0 -447.988007 247 ) 
4 737 1166 (0 0 247 ) (0 0 242 ) (0 -447.988007 242 ) (0 -447.988007 247 ) 
4 737 1089 (0 -686.987976 242 ) (0 -447.988007 242 ) (40 -447.988007 242 ) (40 -686.987976 242 ) 
4 737 1088 (40 -447.988007 242 ) (88 -447.988007 242 ) (88 -686.987976 242 ) (40 -686.987976 242 ) 
4 737 1061 (352 -586 242 ) (352 -686.987976 242 ) (88 -686.987976 242 ) (88 -586 242 ) 
4 737 1058 (304 -580 242 ) (304 -586 242 ) (202 -586 242 ) (202 -580 242 ) 
4 737 1057 (202 -447.988007 242 ) (304 -447.988007 242 ) (304 -580 242 ) (202 -580 242 ) 
4 737 1056 (304 -447.988007 242 ) (352 -447.988007 242 ) (352 -586 242 ) (304 -586 242 ) 
4 737 1060 (88 -447.988007 242 ) (202 -447.988007 242 ) (202 -586 242 ) (88 -586 242 ) 
4 737 1050 (364.100037 -578.987976 242 ) (364.100037 -598.987976 242 ) (359.100037 -598.987976 242 ) (359.100037 -578.987976 242 ) 
4 737 1049 (359.100037 -447.988007 242 ) (364.100037 -447.988007 242 ) (364.100037 -578.987976 242 ) (359.100037 -578.987976 242 ) 
4 737 1052 (364.100037 -598.987976 242 ) (364.100037 -686.987976 242 ) (359.100037 -686.987976 242 ) (359.100037 -598.987976 242 ) 
4 737 1053 (352 -447.988007 242 ) (359.100037 -447.988007 242 ) (359.100037 -686.987976 242 ) (352 -686.987976 242 ) 
4 737 1044 (0 -447.988007 242 ) (0 0 242 ) (364.100037 0 242 ) (364.100037 -447.988007 242 ) 
4 737 1040 (1024 -511.988007 242 ) (1024 -686.987976 242 ) (554.478577 -686.987976 242 ) (554.478577 -511.988007 242 ) 
4 737 1038 (1024 -415.988007 242 ) (1024 -511.988007 242 ) (554.478577 -511.988007 242 ) (554.478577 -415.988007 242 ) 
4 737 1017 (512.101929 -686.987976 242 ) (507.101959 -686.987976 242 ) (507.101959 -661.987976 242 ) (512.101929 -661.987976 242 ) 
4 737 1016 (531.101990 -686.987976 242 ) (512.101929 -686.987976 242 ) (512.101929 -661.987976 242 ) (531.101990 -661.987976 242 ) 
4 737 927 (376.100037 -686.987976 242 ) (364.100037 -686.987976 242 ) (364.100037 -661.987976 242 ) (376.100037 -661.987976 242 ) 
4 737 907 (381.100037 -686.987976 242 ) (376.100037 -686.987976 242 ) (376.100037 -661.987976 242 ) (381.100037 -661.987976 242 ) 
4 737 905 (405.093964 -686.987976 242 ) (381.100037 -686.987976 242 ) (381.100037 -661.987976 242 ) (405.093964 -661.987976 242 ) 
4 737 891 (500 -686.987976 242 ) (405.093964 -686.987976 242 ) (405.093964 -672 242 ) (500 -672 242 ) 
4 737 890 (405.093964 -672 242 ) (405.093964 -661.987976 242 ) (500 -661.987976 242 ) (500 -672 242 ) 
4 737 889 (507.101959 -686.987976 242 ) (500 -686.987976 242 ) (500 -661.987976 242 ) (507.101959 -661.987976 242 ) 
4 737 839 (550.101990 -686.987976 242 ) (531.101990 -686.987976 242 ) (531.101990 -661.987976 242 ) (550.101990 -661.987976 242 ) 
4 737 793 (364.100037 -661.987976 242 ) (364.100037 -526.987976 242 ) (550.101990 -526.987976 242 ) (550.101990 -661.987976 242 ) 
4 737 790 (384 -511.988007 242 ) (480 -511.988007 242 ) (480 -526.987976 242 ) (384 -526.987976 242 ) 
4 737 789 (480 -511.988007 242 ) (550.101990 -511.988007 242 ) (550.101990 -526.987976 242 ) (480 -526.987976 242 ) 
4 737 792 (364.100037 -526.987976 242 ) (364.100037 -511.988007 242 ) (384 -511.988007 242 ) (384 -526.987976 242 ) 
4 737 782 (554.478577 -686.987976 242 ) (550.101990 -686.987976 242 ) (550.101990 -511.988007 242 ) (554.478577 -511.988007 242 ) 
4 737 779 (384 -415.988007 242 ) (480 -415.988007 242 ) (480 -511.988007 242 ) (384 -511.988007 242 ) 
4 737 781 (364.100037 -511.988007 242 ) (364.100037 -415.988007 242 ) (384 -415.988007 242 ) (384 -511.988007 242 ) 
4 737 777 (480 -415.988007 242 ) (554.478577 -415.988007 242 ) (554.478577 -511.988007 242 ) (480 -511.988007 242 ) 
4 737 776 (1024 -127.987999 242 ) (1024 -415.988007 242 ) (364.100037 -415.988007 242 ) (364.100037 -127.987999 242 ) 
4 737 774 (512 -31.988302 242 ) (512 -127.987999 242 ) (364.100037 -127.987999 242 ) (364.100037 -31.988302 242 ) 
4 737 773 (364.100037 0 242 ) (512 0 242 ) (512 -31.988302 242 ) (364.100037 -31.988302 242 ) 
4 737 771 (512 0 242 ) (608 0 242 ) (608 -127.987999 242 ) (512 -127.987999 242 ) 
4 737 770 (608 0 242 ) (1024 0 242 ) (1024 -127.987999 242 ) (608 -127.987999 242 ) 
4 737 742 (357.724457 -686.987976 242 ) (554.478516 -686.987976 242 ) (547.920105 -686.987976 247 ) (364.283112 -686.987976 247 ) 
3 737 741 (350.492340 -686.987976 242 ) (354.101471 -686.987976 242 ) (353.101410 -686.987976 244.001099 ) 
4 737 740 (0 -686.987976 242 ) (350.492340 -686.987976 242 ) (357.011475 -686.987976 247 ) (0 -686.987976 247 ) 
3 737 739 (558.103516 -686.987976 242 ) (561.709534 -686.987976 242 ) (559.103455 -686.987976 243.998871 ) 
4 737 738 (561.709534 -686.987976 242 ) (1024 -686.987976 242 ) (1024 -686.987976 247 ) (555.190613 -686.987976 247 ) 
4 738 1276 (1024 -1024 242 ) (1024 -1024 247 ) (555.190613 -1024 247 ) (561.709534 -1024 242 ) 
4 738 1043 (1024 -1024 242 ) (561.709595 -1024 242 ) (561.709534 -896.987976 242 ) (1024 -896.987976 242 ) 
4 738 1042 (561.709534 -896.987976 242 ) (561.709534 -832.987976 242 ) (1024 -832.987976 242 ) (1024 -896.987976 242 ) 
4 738 1041 (561.709534 -832.987976 242 ) (561.709534 -686.987976 242 ) (1024 -686.987976 242 ) (1024 -832.987976 242 ) 
4 738 753 (555.191406 -896.987976 247 ) (555.191406 -832.987976 247 ) (559.104370 -832.987976 243.998795 ) (559.104675 -896.987976 243.998566 ) 
4 738 739 (559.103638 -686.987976 244 ) (561.710388 -686.987976 242 ) (561.710388 -1024 242 ) (559.105286 -1024 243.998093 ) 
3 739 1277 (558.105774 -1024 242 ) (561.709534 -1024 242 ) (559.105042 -1024 243.997620 ) 
4 739 1043 (561.709595 -1024 242 ) (558.105774 -1024 242 ) (558.104919 -896.987976 242 ) (561.709534 -896.987976 242 ) 
4 739 1042 (558.104919 -896.987976 242 ) (558.104492 -832.987976 242 ) (561.709534 -832.987976 242 ) (561.709534 -896.987976 242 ) 
4 739 1041 (558.104492 -832.987976 242 ) (558.103516 -686.987976 242 ) (561.709534 -686.987976 242 ) (561.709534 -832.987976 242 ) 
4 739 753 (559.104980 -896.987976 243.998672 ) (559.104675 -832.987976 243.998901 ) (558.104736 -832.987976 242 ) (558.105164 -896.987976 242 ) 
4 740 1185 (0 -746.670044 242 ) (0 -812.987976 242 ) (0 -812.987976 247 ) (0 -746.670044 247 ) 
4 740 1183 (0 -741.330017 242 ) (0 -746.670044 242 ) (0 -746.670044 247 ) (0 -741.330017 247 ) 
4 740 1181 (0 -686.987976 242 ) (0 -741.330017 242 ) (0 -741.330017 247 ) (0 -686.987976 247 ) 
4 740 1093 (0 -752 242 ) (0 -746.670044 242 ) (40 -746.670044 242 ) (40 -752 242 ) 
4 740 1094 (0 -812.987976 242 ) (0 -752 242 ) (40 -752 242 ) (40 -812.987976 242 ) 
4 740 1092 (40 -746.670044 242 ) (88 -746.670044 242 ) (88 -812.987976 242 ) (40 -812.987976 242 ) 
4 740 1091 (0 -746.670044 242 ) (0 -741.330017 242 ) (40 -741.330017 242 ) (40 -746.670044 242 ) 
4 740 1090 (0 -741.330017 242 ) (0 -735.987976 242 ) (40 -735.987976 242 ) (40 -741.330017 242 ) 
4 740 1089 (0 -735.987976 242 ) (0 -686.987976 242 ) (40 -686.987976 242 ) (40 -735.987976 242 ) 
4 740 1088 (40 -686.987976 242 ) (88 -686.987976 242 ) (88 -746.670044 242 ) (40 -746.670044 242 ) 
4 740 1062 (350.492340 -735.987976 242 ) (350.492371 -812.987976 242 ) (88 -812.987976 242 ) (88 -735.987976 242 ) 
4 740 1061 (88 -686.987976 242 ) (350.492340 -686.987976 242 ) (350.492340 -735.987976 242 ) (88 -735.987976 242 ) 
4 740 760 (0 -812.987976 242 ) (350.492340 -812.987976 242 ) (357.011444 -812.987976 247 ) (0 -812.987976 247 ) 
4 740 749 (353.101349 -812.987976 244 ) (350.492950 -812.987976 242 ) (350.492920 -805.987976 242 ) (353.101349 -805.987976 244 ) 
4 740 747 (350.492920 -805.987976 242 ) (350.492279 -700.987976 242 ) (353.101410 -700.987976 244.001038 ) (353.101349 -805.987976 244 ) 
4 740 741 (350.492279 -700.987976 242 ) (350.492188 -686.987976 242 ) (353.101410 -686.987976 244.001083 ) (353.101410 -700.987976 244.001038 ) 
4 741 1061 (350.492340 -686.987976 242 ) (352 -686.987976 242 ) (352 -700.987976 242 ) (350.492340 -700.987976 242 ) 
4 741 1055 (352 -686.987976 242 ) (354.101471 -686.987976 242 ) (354.101440 -700.987976 242 ) (352 -700.987976 242 ) 
3 741 747 (353.101837 -700.987976 244 ) (350.493988 -700.987976 242 ) (354.101440 -700.987976 242 ) 
4 742 1054 (357.724457 -686.987976 242 ) (364.100037 -686.987976 242 ) (364.100037 -693.987976 242 ) (357.724426 -693.987976 242 ) 
4 742 1017 (507.101959 -686.987976 242 ) (512.101929 -686.987976 242 ) (512.101929 -693.987976 242 ) (507.101959 -693.987976 242 ) 
4 742 1016 (512.101929 -686.987976 242 ) (531.101990 -686.987976 242 ) (531.101990 -693.987976 242 ) (512.101929 -693.987976 242 ) 
4 742 927 (364.100037 -686.987976 242 ) (376.100037 -686.987976 242 ) (376.100037 -693.987976 242 ) (364.100037 -693.987976 242 ) 
4 742 907 (376.100037 -686.987976 242 ) (381.100037 -686.987976 242 ) (381.100037 -693.987976 242 ) (376.100037 -693.987976 242 ) 
4 742 905 (381.100037 -686.987976 242 ) (405.093964 -686.987976 242 ) (405.093964 -693.987976 242 ) (381.100037 -693.987976 242 ) 
4 742 891 (405.093964 -686.987976 242 ) (500 -686.987976 242 ) (500 -693.987976 242 ) (405.093964 -693.987976 242 ) 
4 742 889 (500 -686.987976 242 ) (507.101959 -686.987976 242 ) (507.101959 -693.987976 242 ) (500 -693.987976 242 ) 
4 742 839 (531.101990 -686.987976 242 ) (550.101990 -686.987976 242 ) (550.101990 -693.987976 242 ) (531.101990 -693.987976 242 ) 
4 742 782 (550.101990 -686.987976 242 ) (554.478516 -686.987976 242 ) (554.478577 -693.987976 242 ) (550.101990 -693.987976 242 ) 
3 742 744 (357.724426 -693.987976 242 ) (364.100037 -693.987976 242 ) (364.100037 -693.987976 246.860458 ) 
3 742 743 (548.101990 -693.987976 242 ) (554.478516 -693.987976 242 ) (548.101990 -693.987976 246.861328 ) 
4 743 840 (550.101990 -700.987976 242 ) (548.101990 -700.987976 242 ) (548.101990 -693.987976 242 ) (550.101990 -693.987976 242 ) 
4 743 782 (554.478516 -700.987976 242 ) (550.101990 -700.987976 242 ) (550.101990 -693.987976 242 ) (554.478577 -693.987976 242 ) 
3 743 745 (548.101990 -700.987976 246.861313 ) (548.101990 -700.987976 242 ) (554.478577 -700.987976 242 ) 
4 744 1054 (364.100037 -700.987976 242 ) (357.724365 -700.987976 242 ) (357.724426 -693.987976 242 ) (364.100037 -693.987976 242 ) 
3 744 748 (357.724365 -700.987976 242 ) (364.100037 -700.987976 242 ) (364.100037 -700.987976 246.860489 ) 
4 745 842 (550.101990 -805.987976 242 ) (548.101990 -805.987976 242 ) (548.101990 -700.987976 242 ) (550.101990 -700.987976 242 ) 
4 745 782 (554.478516 -805.987976 242 ) (550.101990 -805.987976 242 ) (550.101990 -700.987976 242 ) (554.478516 -700.987976 242 ) 
3 745 750 (548.101990 -805.987976 246.861313 ) (548.101990 -805.987976 242 ) (554.478577 -805.987976 242 ) 
4 746 1018 (512.101929 -805.987976 242 ) (507.101959 -805.987976 242 ) (507.101959 -700.987976 242 ) (512.101929 -700.987976 242 ) 
4 746 1016 (531.101990 -805.987976 242 ) (512.101929 -805.987976 242 ) (512.101929 -700.987976 242 ) (531.101990 -700.987976 242 ) 
4 746 909 (500 -805.987976 242 ) (404.149994 -805.987976 242 ) (404.149994 -700.987976 242 ) (500 -700.987976 242 ) 
4 746 908 (507.101959 -805.987976 242 ) (500 -805.987976 242 ) (500 -700.987976 242 ) (507.101959 -700.987976 242 ) 
4 746 911 (404.149994 -805.987976 242 ) (381.100037 -805.987976 242 ) (381.100037 -700.987976 242 ) (404.149994 -700.987976 242 ) 
4 747 1062 (352 -805.987976 242 ) (350.492371 -805.987976 242 ) (350.492340 -735.987976 242 ) (352 -735.987976 242 ) 
4 747 1061 (350.492340 -735.987976 242 ) (350.492340 -700.987976 242 ) (352 -700.987976 242 ) (352 -735.987976 242 ) 
4 747 1055 (354.101166 -805.987976 242 ) (352 -805.987976 242 ) (352 -700.987976 242 ) (354.101440 -700.987976 242 ) 
3 747 749 (353.101654 -805.987976 244 ) (350.493988 -805.987976 242 ) (354.101166 -805.987976 242 ) 
4 748 1054 (364.100037 -805.987976 242 ) (357.723816 -805.987976 242 ) (357.724365 -700.987976 242 ) (364.100037 -700.987976 242 ) 
3 748 751 (357.723816 -805.987976 242 ) (364.100037 -805.987976 242 ) (364.100037 -805.987976 246.860931 ) 
4 749 1062 (352 -812.987976 242 ) (350.492371 -812.987976 242 ) (350.492371 -805.987976 242 ) (352 -805.987976 242 ) 
4 749 1055 (354.101135 -812.987976 242 ) (352 -812.987976 242 ) (352 -805.987976 242 ) (354.101166 -805.987976 242 ) 
3 749 761 (350.492340 -812.987976 242 ) (354.101135 -812.987976 242 ) (353.101166 -812.987976 244 ) 
4 750 849 (550.101990 -812.987976 242 ) (548.101990 -812.987976 242 ) (548.101990 -805.987976 242 ) (550.101990 -805.987976 242 ) 
4 750 782 (554.478577 -812.987976 242 ) (550.101990 -812.987976 242 ) (550.101990 -805.987976 242 ) (554.478516 -805.987976 242 ) 
3 750 752 (548.101990 -812.987976 242 ) (554.478577 -812.987976 242 ) (548.101990 -812.987976 246.861313 ) 
4 751 1054 (364.100037 -812.987976 242 ) (357.723755 -812.987976 242 ) (357.723816 -805.987976 242 ) (364.100037 -805.987976 242 ) 
3 751 762 (357.723755 -812.987976 242 ) (364.100037 -812.987976 242 ) (364.100037 -812.987976 246.860962 ) 
4 752 866 (548.101990 -812.987976 242 ) (550.101990 -812.987976 242 ) (550.101990 -832.987976 242 ) (548.101990 -832.987976 242 ) 
4 752 782 (550.101990 -812.987976 242 ) (554.478577 -812.987976 242 ) (554.478577 -832.987976 242 ) (550.101990 -832.987976 242 ) 
3 752 753 (548.101990 -832.987976 242 ) (554.478577 -832.987976 242 ) (548.101990 -832.987976 246.861313 ) 
4 753 1042 (558.104492 -832.987976 242 ) (558.104919 -896.987976 242 ) (554.478516 -896.987976 242 ) (554.478577 -832.987976 242 ) 
4 753 866 (550.101990 -896.987976 242 ) (548.101990 -896.987976 242 ) (548.101990 -832.987976 242 ) (550.101990 -832.987976 242 ) 
4 753 782 (554.478516 -896.987976 242 ) (550.101990 -896.987976 242 ) (550.101990 -832.987976 242 ) (554.478577 -832.987976 242 ) 
3 753 754 (548.101990 -896.987976 242 ) (554.478577 -896.987976 242 ) (548.101990 -896.987976 246.861313 ) 
4 754 866 (550.101990 -940.987976 242 ) (548.101990 -940.987976 242 ) (548.101990 -896.987976 242 ) (550.101990 -896.987976 242 ) 
4 754 782 (554.478516 -940.987976 242 ) (550.101990 -940.987976 242 ) (550.101990 -896.987976 242 ) (554.478516 -896.987976 242 ) 
3 754 756 (548.101990 -940.987976 242 ) (554.478516 -940.987976 242 ) (548.101990 -940.987976 246.861313 ) 
4 755 1019 (507.101959 -812.987976 242 ) (512.101929 -812.987976 242 ) (512.101929 -940.987976 242 ) (507.101959 -940.987976 242 ) 
4 755 1016 (512.101929 -812.987976 242 ) (531.101990 -812.987976 242 ) (531.101990 -940.987976 242 ) (512.101929 -940.987976 242 ) 
4 755 932 (381.100037 -940.987976 242 ) (381.100037 -812.987976 242 ) (507.101959 -812.987976 242 ) (507.101959 -940.987976 242 ) 
4 756 866 (548.101990 -940.987976 242 ) (550.101990 -940.987976 242 ) (550.101990 -947.987976 242 ) (548.101990 -947.987976 242 ) 
4 756 782 (550.101990 -940.987976 242 ) (554.478516 -940.987976 242 ) (554.478577 -947.987976 242 ) (550.101990 -947.987976 242 ) 
3 756 757 (548.101990 -947.987976 242 ) (554.478516 -947.987976 242 ) (548.101990 -947.987976 246.861313 ) 
4 757 866 (548.101990 -947.987976 242 ) (550.101990 -947.987976 242 ) (550.101990 -1014.989990 242 ) (548.101990 -1014.989990 242 ) 
4 757 782 (550.101990 -947.987976 242 ) (554.478577 -947.987976 242 ) (554.478516 -1014.989990 242 ) (550.101990 -1014.989990 242 ) 
3 757 759 (548.101990 -1014.989990 242 ) (554.478516 -1014.989990 242 ) (548.101990 -1014.989990 246.861313 ) 
4 758 1020 (507.101959 -947.987976 242 ) (512.101929 -947.987976 242 ) (512.101929 -1014.989990 242 ) (507.101959 -1014.989990 242 ) 
4 758 1016 (512.101929 -947.987976 242 ) (531.101990 -947.987976 242 ) (531.101990 -1014.989990 242 ) (512.101929 -1014.989990 242 ) 
4 758 966 (404.149994 -947.987976 242 ) (500 -947.987976 242 ) (500 -1004 242 ) (404.149994 -1004 242 ) 
4 758 968 (500 -1004 242 ) (500 -1014.989990 242 ) (404.149994 -1014.989990 242 ) (404.149994 -1004 242 ) 
4 758 965 (500 -947.987976 242 ) (507.101959 -947.987976 242 ) (507.101959 -1014.989990 242 ) (500 -1014.989990 242 ) 
4 758 969 (381.100037 -1014.989990 242 ) (381.100037 -947.987976 242 ) (404.149994 -947.987976 242 ) (404.149994 -1014.989990 242 ) 
3 759 1278 (548.101990 -1024 246.861313 ) (548.101990 -1024 242 ) (554.478577 -1024 242 ) 
4 759 1021 (554.478577 -1024 242 ) (548.101990 -1024 242 ) (548.101990 -1014.989990 242 ) (554.478516 -1014.989990 242 ) 
4 760 1185 (0 -812.987976 242 ) (0 -947.987976 242 ) (0 -947.987976 247 ) (0 -812.987976 247 ) 
4 760 1094 (0 -947.987976 242 ) (0 -812.987976 242 ) (40 -812.987976 242 ) (40 -947.987976 242 ) 
4 760 1092 (40 -812.987976 242 ) (88 -812.987976 242 ) (88 -947.987976 242 ) (40 -947.987976 242 ) 
4 760 1062 (88 -812.987976 242 ) (350.492340 -812.987976 242 ) (350.492340 -947.987976 242 ) (88 -947.987976 242 ) 
4 760 765 (0 -947.987976 242 ) (350.492340 -947.987976 242 ) (357.011444 -947.987976 247 ) (0 -947.987976 247 ) 
4 760 763 (353.100464 -947.987976 244.001572 ) (350.490784 -947.987976 242 ) (350.490845 -940.987976 242 ) (353.100494 -940.987976 244.001526 ) 
4 760 761 (350.490845 -940.987976 242 ) (350.492188 -812.987976 242 ) (353.101166 -812.987976 244 ) (353.100494 -940.987976 244.001526 ) 
4 761 1062 (350.492340 -812.987976 242 ) (352 -812.987976 242 ) (352 -940.987976 242 ) (350.492340 -940.987976 242 ) 
4 761 1055 (352 -812.987976 242 ) (354.101135 -812.987976 242 ) (354.100769 -940.987976 242 ) (352 -940.987976 242 ) 
3 761 763 (353.101868 -940.987976 243.998749 ) (350.495850 -940.987976 242 ) (354.100769 -940.987976 242 ) 
4 762 1054 (357.723755 -812.987976 242 ) (364.100037 -812.987976 242 ) (364.100037 -940.987976 242 ) (357.723053 -940.987976 242 ) 
3 762 764 (357.723053 -940.987976 242 ) (364.100037 -940.987976 242 ) (364.100037 -940.987976 246.861511 ) 
4 763 1062 (352 -947.987976 242 ) (350.492340 -947.987976 242 ) (350.492340 -940.987976 242 ) (352 -940.987976 242 ) 
4 763 1055 (354.100769 -947.987976 242 ) (352 -947.987976 242 ) (352 -940.987976 242 ) (354.100769 -940.987976 242 ) 
3 763 766 (350.492340 -947.987976 242 ) (354.100769 -947.987976 242 ) (353.100891 -947.987976 244 ) 
4 764 1054 (364.100037 -947.987976 242 ) (357.722992 -947.987976 242 ) (357.723053 -940.987976 242 ) (364.100037 -940.987976 242 ) 
3 764 767 (357.722992 -947.987976 242 ) (364.100037 -947.987976 242 ) (364.100037 -947.987976 246.861542 ) 
4 765 1332 (96 -1024 247 ) (88 -1024 247 ) (88 -1024 242 ) (96 -1024 242 ) 
4 765 1333 (88 -1024 247 ) (0 -1024 247 ) (0 -1024 242 ) (88 -1024 242 ) 
4 765 1328 (357.011444 -1024 247 ) (96 -1024 247 ) (96 -1024 242 ) (350.492340 -1024 242 ) 
4 765 1186 (0 -983.987976 242 ) (0 -991.987976 242 ) (0 -991.987976 247 ) (0 -983.987976 247 ) 
4 765 1185 (0 -947.987976 242 ) (0 -983.987976 242 ) (0 -983.987976 247 ) (0 -947.987976 247 ) 
4 765 1188 (0 -991.987976 242 ) (0 -1024 242 ) (0 -1024 247 ) (0 -991.987976 247 ) 
4 765 1095 (0 -991.987976 242 ) (0 -983.987976 242 ) (88 -983.987976 242 ) (88 -991.987976 242 ) 
4 765 1098 (88 -1024 242 ) (0 -1024 242 ) (0 -991.987976 242 ) (88 -991.987976 242 ) 
4 765 1094 (0 -983.987976 242 ) (0 -947.987976 242 ) (40 -947.987976 242 ) (40 -983.987976 242 ) 
4 765 1092 (40 -947.987976 242 ) (88 -947.987976 242 ) (88 -983.987976 242 ) (40 -983.987976 242 ) 
4 765 1083 (96 -1024 242 ) (88 -1024 242 ) (88 -991.987976 242 ) (96 -991.987976 242 ) 
4 765 1082 (350.492340 -1024 242 ) (96 -1024 242 ) (96 -991.987976 242 ) (350.492340 -991.987976 242 ) 
4 765 1062 (88 -991.987976 242 ) (88 -947.987976 242 ) (350.492340 -947.987976 242 ) (350.492340 -991.987976 242 ) 
4 765 768 (350.492188 -1024 242 ) (350.492188 -1014.989990 242 ) (353.100739 -1014.989990 244 ) (353.100739 -1024 244 ) 
4 765 766 (350.492188 -1014.989990 242 ) (350.492188 -947.987976 242 ) (353.100891 -947.987976 244 ) (353.100739 -1014.989990 244 ) 
4 766 1082 (350.492340 -1014.989990 242 ) (350.492340 -991.987976 242 ) (352 -991.987976 242 ) (352 -1014.989990 242 ) 
4 766 1062 (350.492340 -991.987976 242 ) (350.492340 -947.987976 242 ) (352 -947.987976 242 ) (352 -991.987976 242 ) 
4 766 1055 (352 -947.987976 242 ) (354.100769 -947.987976 242 ) (354.100555 -1014.989990 242 ) (352 -1014.989990 242 ) 
3 766 768 (353.101715 -1014.989990 243.998642 ) (350.495850 -1014.989990 242 ) (354.100555 -1014.989990 242 ) 
4 767 1054 (357.722992 -947.987976 242 ) (364.100037 -947.987976 242 ) (364.100037 -1014.989990 242 ) (357.722626 -1014.989990 242 ) 
3 767 769 (357.722626 -1014.989990 242 ) (364.100037 -1014.989990 242 ) (364.100037 -1014.989990 246.861832 ) 
3 768 1330 (353.100739 -1024 244 ) (350.492340 -1024 242 ) (354.100555 -1024 242 ) 
4 768 1082 (352 -1024 242 ) (350.492340 -1024 242 ) (350.492340 -1014.989990 242 ) (352 -1014.989990 242 ) 
4 768 1055 (354.100555 -1024 242 ) (352 -1024 242 ) (352 -1014.989990 242 ) (354.100555 -1014.989990 242 ) 
3 769 1329 (357.722595 -1024 242 ) (364.100037 -1024 242 ) (364.100037 -1024 246.861877 ) 
4 769 1054 (364.100037 -1024 242 ) (357.722595 -1024 242 ) (357.722626 -1014.989990 242 ) (364.100037 -1014.989990 242 ) 
4 770 1129 (608 0 0 ) (1024 0 0 ) (1024 -127.987999 0 ) (608 -127.987999 0 ) 
4 770 776 (608 -127.987999 0 ) (1024 -127.987999 0 ) (1024 -127.987999 242 ) (608 -127.987999 242 ) 
4 770 771 (608 -127.987999 80 ) (608 -127.987999 242 ) (608 0 242 ) (608 0 80 ) 
4 770 772 (608 0 0 ) (608 -127.987999 0 ) (608 -127.987999 64 ) (608 0 64 ) 
4 771 776 (608 -127.987999 80 ) (608 -127.987999 242 ) (512 -127.987999 242 ) (512 -127.987999 80 ) 
4 771 774 (512 -127.987999 80 ) (512 -127.987999 242 ) (512 -31.988302 242 ) (512 -31.988302 80 ) 
4 771 773 (512 -31.988302 242 ) (512 0 242 ) (512 0 80 ) (512 -31.988302 80 ) 
4 772 1129 (512 0 0 ) (608 0 0 ) (608 -127.987999 0 ) (512 -127.987999 0 ) 
4 772 776 (512 -127.987999 0 ) (608 -127.987999 0 ) (608 -127.987999 64 ) (512 -127.987999 64 ) 
4 772 775 (512 -31.988302 0 ) (512 -127.987999 0 ) (512 -127.987999 64 ) (512 -31.988302 64 ) 
4 772 773 (512 0 0 ) (512 -31.988302 0 ) (512 -31.988302 64 ) (512 0 64 ) 
4 773 1129 (364.100037 0 0 ) (512 0 0 ) (512 -31.988302 0 ) (364.100037 -31.988302 0 ) 
4 773 1045 (364.100037 -31.988302 64 ) (364.100037 -31.988302 80 ) (364.100037 0 80 ) (364.100037 0 64 ) 
4 773 1044 (364.100037 -31.988302 80 ) (364.100037 -31.988302 242 ) (364.100037 0 242 ) (364.100037 0 80 ) 
4 773 1048 (364.100037 0 0 ) (364.100037 -31.988302 0 ) (364.100037 -31.988302 64 ) (364.100037 0 64 ) 
4 773 774 (364.100037 -31.988302 242 ) (364.100037 -31.988302 80 ) (512 -31.988302 80 ) (512 -31.988302 242 ) 
4 773 775 (364.100037 -31.988302 64 ) (364.100037 -31.988302 0 ) (512 -31.988302 0 ) (512 -31.988302 64 ) 
4 774 1044 (364.100037 -127.987999 80 ) (364.100037 -127.987999 242 ) (364.100037 -31.988302 242 ) (364.100037 -31.988302 80 ) 
4 774 776 (364.100037 -127.987999 242 ) (364.100037 -127.987999 80 ) (512 -127.987999 80 ) (512 -127.987999 242 ) 
3 775 1130 (371.597229 -127.987999 0 ) (364.100037 -127.987999 0 ) (364.100037 -107.423737 0 ) 
5 775 1129 (512 -31.988302 0 ) (512 -127.987999 0 ) (371.597229 -127.987999 0 ) (364.100037 -107.423737 0 ) (364.100037 -31.988302 0 ) 
4 775 1048 (364.100037 -31.988302 0 ) (364.100037 -127.987999 0 ) (364.100037 -127.987999 64 ) (364.100037 -31.988302 64 ) 
4 775 776 (364.100037 -127.987999 64 ) (364.100037 -127.987999 0 ) (512 -127.987999 0 ) (512 -127.987999 64 ) 
4 776 1130 (476.594116 -415.988007 0 ) (364.100037 -415.988007 0 ) (364.100037 -127.987999 0 ) (371.597198 -127.987999 0 ) 
4 776 1129 (1024 -127.987999 0 ) (1024 -415.988007 0 ) (476.594116 -415.988007 0 ) (371.597198 -127.987999 0 ) 
4 776 1047 (364.100037 -415.988007 64 ) (364.100037 -415.988007 80 ) (364.100037 -351.988007 80 ) (364.100037 -351.988007 64 ) 
4 776 1046 (364.100037 -351.988007 80 ) (364.100037 -127.987999 80 ) (364.100037 -127.987999 64 ) (364.100037 -351.988007 64 ) 
4 776 1044 (364.100037 -415.988007 80 ) (364.100037 -415.988007 242 ) (364.100037 -127.987999 242 ) (364.100037 -127.987999 80 ) 
4 776 1048 (364.100037 -127.987999 0 ) (364.100037 -415.988007 0 ) (364.100037 -415.988007 64 ) (364.100037 -127.987999 64 ) 
4 776 1038 (1024 -415.988007 80 ) (1024 -415.988007 242 ) (554.478577 -415.988007 242 ) (766.972046 -415.988007 80 ) 
4 776 1039 (871.907104 -415.988007 0 ) (1024 -415.988007 0 ) (1024 -415.988007 64 ) (787.959045 -415.988007 64 ) 
4 776 779 (480 -415.988007 80 ) (480 -415.988007 242 ) (384 -415.988007 242 ) (384 -415.988007 80 ) 
4 776 780 (384 -415.988007 0 ) (480 -415.988007 0 ) (480 -415.988007 64 ) (384 -415.988007 64 ) 
4 776 781 (364.100037 -415.988007 242 ) (364.100037 -415.988007 0 ) (384 -415.988007 0 ) (384 -415.988007 242 ) 
4 776 777 (766.972046 -415.988007 80 ) (554.478577 -415.988007 242 ) (480 -415.988007 242 ) (480 -415.988007 80 ) 
4 776 778 (480 -415.988007 0 ) (871.907104 -415.988007 0 ) (787.959045 -415.988007 64 ) (480 -415.988007 64 ) 
4 777 1038 (766.974609 -415.988007 80 ) (554.480164 -415.988007 242 ) (554.480164 -511.988007 242 ) (766.974609 -511.988007 80 ) 
4 777 789 (550.101990 -511.988007 242 ) (480 -511.988007 242 ) (480 -511.988007 80 ) (550.101990 -511.988007 80 ) 
4 777 783 (766.974609 -511.988007 80 ) (765.662903 -511.988007 81 ) (550.101990 -511.988007 81 ) (550.101990 -511.988007 80 ) 
4 777 782 (765.662903 -511.988007 81 ) (554.480164 -511.988007 242 ) (550.101990 -511.988007 242 ) (550.101990 -511.988007 81 ) 
4 777 779 (480 -511.988007 80 ) (480 -511.988007 242 ) (480 -415.988007 242 ) (480 -415.988007 80 ) 
3 778 1130 (511.593109 -511.988007 0 ) (480 -511.988007 0 ) (480 -425.330109 0 ) 
5 778 1129 (480 -415.988007 0 ) (871.907104 -415.988007 0 ) (871.907104 -511.988007 0 ) (511.593109 -511.988007 0 ) (480 -425.330109 0 ) 
4 778 1039 (871.910156 -415.988007 0 ) (787.961731 -415.988007 64 ) (787.961731 -511.988007 64 ) (871.910156 -511.988007 0 ) 
4 778 789 (550.101990 -511.988007 64 ) (480 -511.988007 64 ) (480 -511.988007 0 ) (550.101990 -511.988007 0 ) 
4 778 783 (871.910156 -511.988007 0 ) (787.961731 -511.988007 64 ) (550.101990 -511.988007 64 ) (550.101990 -511.988007 0 ) 
4 778 780 (480 -511.988007 0 ) (480 -511.988007 64 ) (480 -415.988007 64 ) (480 -415.988007 0 ) 
4 779 790 (480 -511.988007 242 ) (384 -511.988007 242 ) (384 -511.988007 80 ) (480 -511.988007 80 ) 
4 779 781 (384 -511.988007 80 ) (384 -511.988007 242 ) (384 -415.988007 242 ) (384 -415.988007 80 ) 
5 780 1130 (384 -415.988007 0 ) (476.594116 -415.988007 0 ) (480 -425.330109 0 ) (480 -511.988007 0 ) (384 -511.988007 0 ) 
3 780 1129 (476.594116 -415.988007 0 ) (480 -415.988007 0 ) (480 -425.330109 0 ) 
4 780 791 (384 -511.988007 64 ) (384 -511.988007 0 ) (480 -511.988007 0 ) (480 -511.988007 64 ) 
4 780 781 (384 -511.988007 0 ) (384 -511.988007 64 ) (384 -415.988007 64 ) (384 -415.988007 0 ) 
3 781 1131 (364.100037 -511.988007 0 ) (364.100037 -504.780670 0 ) (383.822723 -511.988007 0 ) 
5 781 1130 (364.100037 -504.780670 0 ) (364.100037 -415.988007 0 ) (384 -415.988007 0 ) (384 -511.988007 0 ) (383.822723 -511.988007 0 ) 
4 781 1049 (364.100037 -447.988007 0 ) (364.100037 -511.988007 0 ) (364.100037 -511.988007 242 ) (364.100037 -447.988007 242 ) 
4 781 1047 (364.100037 -447.988007 64 ) (364.100037 -447.988007 80 ) (364.100037 -415.988007 80 ) (364.100037 -415.988007 64 ) 
4 781 1044 (364.100037 -447.988007 80 ) (364.100037 -447.988007 242 ) (364.100037 -415.988007 242 ) (364.100037 -415.988007 80 ) 
4 781 1048 (364.100037 -415.988007 0 ) (364.100037 -447.988007 0 ) (364.100037 -447.988007 64 ) (364.100037 -415.988007 64 ) 
4 781 792 (384 -511.988007 242 ) (364.100037 -511.988007 242 ) (364.100037 -511.988007 0 ) (384 -511.988007 0 ) 
4 782 1043 (557.100525 -1014.989990 240.002304 ) (765.662964 -1014.989990 81 ) (765.662964 -896.987976 81 ) (557.101685 -896.987976 240.001419 ) 
4 782 1042 (554.480164 -832.987976 242 ) (554.480164 -896.987976 242 ) (765.662964 -896.987976 81 ) (765.662964 -832.987976 81 ) 
4 782 1041 (557.103882 -832.987976 240 ) (765.662964 -832.987976 81 ) (765.662964 -686.987976 81 ) (557.103149 -686.987976 240 ) 
4 782 1040 (554.480164 -511.988007 242 ) (554.480164 -686.987976 242 ) (765.662964 -686.987976 81 ) (765.662903 -511.988007 81 ) 
4 782 1021 (765.662903 -1014.989990 81 ) (554.480164 -1014.989990 242 ) (550.101990 -1014.989990 242 ) (550.101990 -1014.989990 81 ) 
4 782 866 (550.101990 -812.987976 81 ) (550.101990 -1014.989990 81 ) (550.101990 -1014.989990 242 ) (550.101990 -812.987976 242 ) 
4 782 849 (550.101990 -805.987976 81 ) (550.101990 -812.987976 81 ) (550.101990 -812.987976 242 ) (550.101990 -805.987976 242 ) 
4 782 847 (550.101990 -700.987976 81 ) (550.101990 -805.987976 81 ) (550.101990 -805.987976 83 ) (550.101990 -700.987976 83 ) 
4 782 842 (550.101990 -805.987976 83 ) (550.101990 -805.987976 242 ) (550.101990 -700.987976 242 ) (550.101990 -700.987976 83 ) 
4 782 840 (550.101990 -693.987976 81 ) (550.101990 -700.987976 81 ) (550.101990 -700.987976 242 ) (550.101990 -693.987976 242 ) 
4 782 839 (550.101990 -661.987976 81 ) (550.101990 -693.987976 81 ) (550.101990 -693.987976 242 ) (550.101990 -661.987976 242 ) 
4 782 795 (550.101990 -547.987976 81 ) (550.101990 -562.987976 81 ) (550.101990 -562.987976 101 ) (550.101990 -547.987976 101 ) 
4 782 794 (550.101990 -526.987976 81 ) (550.101990 -547.987976 81 ) (550.101990 -547.987976 101 ) (550.101990 -526.987976 101 ) 
4 782 797 (550.101990 -562.987976 81 ) (550.101990 -661.987976 81 ) (550.101990 -661.987976 101 ) (550.101990 -562.987976 101 ) 
4 782 793 (550.101990 -661.987976 101 ) (550.101990 -661.987976 242 ) (550.101990 -526.987976 242 ) (550.101990 -526.987976 101 ) 
4 782 789 (550.101990 -511.988007 242 ) (550.101990 -511.988007 81 ) (550.101990 -526.987976 81 ) (550.101990 -526.987976 242 ) 
3 782 788 (552 -936.990540 81 ) (553.427002 -940.916748 81 ) (550.130615 -942.118103 81 ) 
4 782 787 (580.367004 -1014.989990 81 ) (550.101990 -1014.989990 81 ) (550.101990 -942.128540 81 ) (553.427002 -940.916748 81 ) 
5 782 786 (624.905945 -1014.989990 81 ) (580.367004 -1014.989990 81 ) (550.101990 -931.774475 81 ) (550.101990 -820.205688 81 ) (552 -814.986572 81 ) 
4 782 785 (765.660156 -1014.989990 81 ) (624.905945 -1014.989990 81 ) (550.131836 -809.860229 81 ) (765.660217 -888.494629 81 ) 
4 782 784 (550.101990 -809.849365 81 ) (550.101990 -708.202148 81 ) (552 -702.988037 81 ) (597.186951 -827.028076 81 ) 
5 782 783 (550.101990 -697.777954 81 ) (550.101990 -511.988007 81 ) (765.660400 -511.988007 81 ) (765.660217 -888.494629 81 ) (597.186951 -827.028076 81 ) 
6 783 1153 (871.907104 -576.915527 0 ) (871.907104 -640.936523 0 ) (613.671875 -735.026062 0 ) (556.011963 -714.002991 0 ) (550.101990 -697.779785 0 ) (550.101990 -694.129700 0 ) 
3 783 1152 (613.671875 -735.026062 0 ) (569.529663 -751.109558 0 ) (556.011963 -714.002991 0 ) 
4 783 1132 (574.726990 -685.160278 0 ) (562.354248 -689.666931 0 ) (550.101990 -656.048279 0 ) (550.101990 -617.615479 0 ) 
3 783 1131 (562.354248 -689.666931 0 ) (550.101990 -694.129700 0 ) (550.101990 -656.048279 0 ) 
5 783 1129 (550.101990 -511.988007 0 ) (871.907104 -511.988007 0 ) (871.907104 -576.915527 0 ) (574.726990 -685.160278 0 ) (550.101990 -617.615479 0 ) 
3 783 1127 (871.907104 -898.941589 0 ) (871.907104 -927.258179 0 ) (833.064636 -913.086731 0 ) 
4 783 1126 (871.907104 -837.891846 0 ) (871.907104 -898.941589 0 ) (833.064636 -913.086731 0 ) (749.028625 -882.426636 0 ) 
5 783 1109 (871.907104 -640.936523 0 ) (871.907104 -837.891846 0 ) (749.028625 -882.426636 0 ) (597.186157 -827.027771 0 ) (569.529663 -751.109558 0 ) 
3 783 1043 (871.910156 -927.259277 0 ) (871.910156 -896.987976 0 ) (788.939697 -896.987976 63.254467 ) 
5 783 1042 (871.910156 -896.987976 0 ) (871.910156 -832.987976 0 ) (765.662964 -832.987976 81 ) (765.662964 -888.495605 81 ) (788.939697 -896.987976 63.254467 ) 
4 783 1041 (871.910156 -832.987976 0 ) (871.910156 -686.987976 0 ) (765.662964 -686.987976 81 ) (765.662964 -832.987976 81 ) 
4 783 1040 (871.910156 -686.987976 0 ) (871.910156 -511.988007 0 ) (765.662903 -511.988007 81 ) (765.662964 -686.987976 81 ) 
4 783 853 (550.101990 -687.987976 0 ) (550.101990 -697.779785 0 ) (550.101990 -697.778015 78 ) (550.101990 -687.987976 78 ) 
4 783 851 (550.101990 -661.987976 0 ) (550.101990 -687.987976 0 ) (550.101990 -687.987976 73 ) (550.101990 -661.987976 73 ) 
4 783 841 (550.101990 -697.778015 78 ) (550.101990 -697.777954 81 ) (550.101990 -693.987976 81 ) (550.101990 -693.987976 78 ) 
4 783 839 (550.101990 -693.987976 81 ) (550.101990 -661.987976 81 ) (550.101990 -661.987976 78 ) (550.101990 -693.987976 78 ) 
4 783 795 (550.101990 -562.987976 78 ) (550.101990 -562.987976 81 ) (550.101990 -547.987976 81 ) (550.101990 -547.987976 78 ) 
4 783 796 (550.101990 -547.987976 0 ) (550.101990 -562.987976 0 ) (550.101990 -562.987976 73 ) (550.101990 -547.987976 73 ) 
4 783 794 (550.101990 -526.987976 0 ) (550.101990 -547.987976 0 ) (550.101990 -547.987976 81 ) (550.101990 -526.987976 81 ) 
4 783 797 (550.101990 -562.987976 0 ) (550.101990 -661.987976 0 ) (550.101990 -661.987976 81 ) (550.101990 -562.987976 81 ) 
4 783 789 (550.101990 -511.988007 81 ) (550.101990 -511.988007 0 ) (550.101990 -526.987976 0 ) (550.101990 -526.987976 81 ) 
4 783 785 (871.908630 -927.258789 0 ) (765.660400 -888.494751 81 ) (597.187073 -827.028320 81 ) (597.186279 -827.028015 0 ) 
4 783 784 (597.184570 -827.023438 0 ) (597.185364 -827.023743 81 ) (552 -702.988037 81 ) (552 -702.988953 0 ) 
4 784 1155 (550.101990 -711.848145 0 ) (550.101990 -708.202209 0 ) (552 -702.988953 0 ) (556.011963 -714.002991 0 ) 
4 784 1152 (550.101990 -758.188171 0 ) (550.101990 -711.848145 0 ) (556.011963 -714.002991 0 ) (569.529663 -751.109558 0 ) 
4 784 1109 (597.186157 -827.027771 0 ) (550.101990 -809.849365 0 ) (550.101990 -758.188171 0 ) (569.529663 -751.109558 0 ) 
4 784 854 (550.101990 -708.202209 0 ) (550.101990 -809.849365 0 ) (550.101990 -809.849365 78 ) (550.101990 -708.202148 78 ) 
4 784 850 (550.101990 -809.849365 78 ) (550.101990 -809.849365 81 ) (550.101990 -805.987976 81 ) (550.101990 -805.987976 78 ) 
4 784 848 (550.101990 -805.987976 81 ) (550.101990 -708.202148 81 ) (550.101990 -708.202148 78 ) (550.101990 -805.987976 78 ) 
4 784 785 (597.187073 -827.028320 81 ) (550.101990 -809.849609 81 ) (550.101990 -809.849609 0 ) (597.186279 -827.028015 0 ) 
5 785 1127 (871.907104 -927.258179 0 ) (871.907104 -1014.989990 0 ) (624.905579 -1014.989990 0 ) (616.506897 -991.949707 0 ) (833.064636 -913.086731 0 ) 
4 785 1126 (616.506897 -991.949707 0 ) (596.707153 -937.632507 0 ) (749.028564 -882.426636 0 ) (833.064636 -913.086731 0 ) 
3 785 1111 (596.707153 -937.632507 0 ) (550.131409 -809.860107 0 ) (749.028564 -882.426636 0 ) 
5 785 1043 (765.662964 -1014.989990 81 ) (871.910156 -1014.989990 0 ) (871.910156 -927.259277 0 ) (788.939697 -896.987976 63.254471 ) (765.662964 -896.987976 81 ) 
3 785 1042 (788.939697 -896.987976 63.254471 ) (765.662964 -888.495605 81 ) (765.662964 -896.987976 81 ) 
4 785 1022 (871.910156 -1014.989990 0 ) (765.662903 -1014.989990 81 ) (624.905945 -1014.989990 81 ) (624.905579 -1014.989990 0 ) 
4 785 786 (552 -814.990540 0 ) (624.903931 -1014.989990 0 ) (624.904297 -1014.989990 81 ) (552 -814.989990 81 ) 
4 786 1127 (624.905579 -1014.989990 0 ) (580.367798 -1014.989990 0 ) (577.194824 -1006.265747 0 ) (616.506897 -991.949707 0 ) 
5 786 1126 (577.194824 -1006.265747 0 ) (561.004272 -961.748779 0 ) (565.687073 -948.875061 0 ) (596.707153 -937.632507 0 ) (616.506897 -991.949707 0 ) 
3 786 1123 (561.004272 -961.748779 0 ) (557.412842 -951.873901 0 ) (565.687073 -948.875061 0 ) 
5 786 1112 (550.101990 -848.150879 0 ) (550.101990 -820.205688 0 ) (552 -814.987000 0 ) (596.707153 -937.632507 0 ) (584.384766 -942.098511 0 ) 
4 786 1107 (552 -936.989563 0 ) (550.101990 -931.772339 0 ) (550.101990 -928.130981 0 ) (556.011475 -925.979553 0 ) 
4 786 1105 (550.101990 -928.130981 0 ) (550.101990 -848.150879 0 ) (567.249207 -895.140686 0 ) (556.011475 -925.979553 0 ) 
4 786 1102 (553.427673 -940.916504 0 ) (552 -936.989563 0 ) (567.249207 -895.140686 0 ) (580.370239 -931.097290 0 ) 
4 786 1101 (557.412842 -951.873901 0 ) (553.427673 -940.916504 0 ) (580.370239 -931.097290 0 ) (584.384766 -942.098511 0 ) 
4 786 1022 (624.905945 -1014.989990 81 ) (580.367004 -1014.989990 81 ) (580.367798 -1014.989990 0 ) (624.905579 -1014.989990 0 ) 
4 786 867 (550.101990 -820.205688 0 ) (550.101990 -931.772339 0 ) (550.101990 -931.774475 81 ) (550.101990 -820.205688 81 ) 
4 786 788 (553.428406 -940.916260 81 ) (552 -936.988281 81 ) (552 -936.987183 0 ) (553.429077 -940.915955 0 ) 
4 786 787 (580.367981 -1014.989990 0 ) (580.367188 -1014.989990 81 ) (553.428406 -940.916260 81 ) (553.429077 -940.915955 0 ) 
3 787 1127 (580.367798 -1014.989990 0 ) (553.238098 -1014.989990 0 ) (577.194824 -1006.265747 0 ) 
5 787 1126 (553.238098 -1014.989990 0 ) (550.101990 -1014.989990 0 ) (550.101990 -991.721008 0 ) (561.004272 -961.748779 0 ) (577.194824 -1006.265747 0 ) 
4 787 1123 (550.101990 -991.721008 0 ) (550.101990 -954.523560 0 ) (557.412842 -951.873901 0 ) (561.004272 -961.748779 0 ) 
4 787 1101 (550.101990 -954.523560 0 ) (550.101990 -942.128479 0 ) (553.427673 -940.916443 0 ) (557.412842 -951.873901 0 ) 
4 787 1022 (580.367004 -1014.989990 81 ) (550.101990 -1014.989990 81 ) (550.101990 -1014.989990 0 ) (580.367798 -1014.989990 0 ) 
4 787 868 (550.101990 -942.128479 0 ) (550.101990 -1014.989990 0 ) (550.101990 -1014.989990 81 ) (550.101990 -942.128540 81 ) 
4 787 788 (553.429016 -940.916260 81 ) (553.429688 -940.916016 0 ) (550.101990 -942.128906 0 ) (550.101990 -942.128906 81 ) 
3 788 1102 (552 -936.989502 0 ) (553.427673 -940.916443 0 ) (550.130615 -942.118042 0 ) 
4 789 1130 (480 -511.988007 0 ) (511.593109 -511.988007 0 ) (517.061646 -526.987976 0 ) (480 -526.987976 0 ) 
4 789 1129 (511.593109 -511.988007 0 ) (550.101990 -511.988007 0 ) (550.101990 -526.987976 0 ) (517.061646 -526.987976 0 ) 
4 789 821 (517.101990 -526.987976 0 ) (536.101990 -526.987976 0 ) (536.101990 -526.987976 73 ) (517.101990 -526.987976 73 ) 
4 789 820 (536.101990 -526.987976 0 ) (549.101990 -526.987976 0 ) (549.101990 -526.987976 73 ) (536.101990 -526.987976 73 ) 
4 789 830 (480 -526.987976 73 ) (480 -526.987976 0 ) (517.101990 -526.987976 0 ) (517.101990 -526.987976 73 ) 
4 789 799 (480 -526.987976 80 ) (480 -526.987976 73 ) (549.101990 -526.987976 73 ) (549.101990 -526.987976 80 ) 
4 789 798 (549.101990 -526.987976 101 ) (480 -526.987976 101 ) (480 -526.987976 80 ) (549.101990 -526.987976 80 ) 
4 789 794 (550.101990 -526.987976 0 ) (550.101990 -526.987976 101 ) (549.101990 -526.987976 101 ) (549.101990 -526.987976 0 ) 
4 789 793 (550.101990 -526.987976 101 ) (550.101990 -526.987976 242 ) (480 -526.987976 242 ) (480 -526.987976 101 ) 
4 789 790 (480 -511.988007 242 ) (480 -511.988007 80 ) (480 -526.987976 80 ) (480 -526.987976 242 ) 
4 789 791 (480 -511.988007 64 ) (480 -511.988007 0 ) (480 -526.987976 0 ) (480 -526.987976 64 ) 
4 790 798 (384 -526.987976 101 ) (384 -526.987976 80 ) (480 -526.987976 80 ) (480 -526.987976 101 ) 
4 790 793 (480 -526.987976 242 ) (384 -526.987976 242 ) (384 -526.987976 101 ) (480 -526.987976 101 ) 
4 790 792 (384 -511.988007 242 ) (384 -511.988007 80 ) (384 -526.987976 80 ) (384 -526.987976 242 ) 
3 791 1131 (424.869690 -526.987976 0 ) (384 -526.987976 0 ) (384 -512.052795 0 ) 
5 791 1130 (384 -511.988007 0 ) (480 -511.988007 0 ) (480 -526.987976 0 ) (424.869690 -526.987976 0 ) (384 -512.052795 0 ) 
4 791 831 (395.100037 -526.987976 61 ) (480 -526.987976 61 ) (480 -526.987976 64 ) (395.100037 -526.987976 64 ) 
4 791 833 (384 -526.987976 61 ) (384 -526.987976 0 ) (480 -526.987976 0 ) (480 -526.987976 61 ) 
4 791 792 (384 -511.988007 64 ) (384 -511.988007 0 ) (384 -526.987976 0 ) (384 -526.987976 64 ) 
4 792 1131 (364.100037 -526.987976 0 ) (364.100037 -511.988007 0 ) (384 -511.988007 0 ) (384 -526.987976 0 ) 
4 792 1049 (364.100037 -511.988007 0 ) (364.100037 -526.987976 0 ) (364.100037 -526.987976 242 ) (364.100037 -511.988007 242 ) 
4 792 835 (364.100037 -526.987976 101 ) (364.100037 -526.987976 0 ) (367.100037 -526.987976 0 ) (367.100037 -526.987976 101 ) 
4 792 833 (376.100037 -526.987976 0 ) (384 -526.987976 0 ) (384 -526.987976 61 ) (376.100037 -526.987976 61 ) 
4 792 834 (367.100037 -526.987976 0 ) (376.100037 -526.987976 0 ) (376.100037 -526.987976 73 ) (367.100037 -526.987976 73 ) 
4 792 800 (384 -526.987976 73 ) (384 -526.987976 80 ) (369.100037 -526.987976 80 ) (369.100037 -526.987976 73 ) 
4 792 804 (369.100037 -526.987976 80 ) (367.100037 -526.987976 80 ) (367.100037 -526.987976 73 ) (369.100037 -526.987976 73 ) 
4 792 798 (384 -526.987976 80 ) (384 -526.987976 101 ) (367.100037 -526.987976 101 ) (367.100037 -526.987976 80 ) 
4 792 793 (384 -526.987976 242 ) (364.100037 -526.987976 242 ) (364.100037 -526.987976 101 ) (384 -526.987976 101 ) 
4 793 1050 (364.100037 -598.987976 242 ) (364.100037 -578.987976 242 ) (364.100037 -578.987976 101 ) (364.100037 -598.987976 101 ) 
4 793 1049 (364.100037 -578.987976 242 ) (364.100037 -526.987976 242 ) (364.100037 -526.987976 101 ) (364.100037 -578.987976 101 ) 
4 793 1052 (364.100037 -661.987976 101 ) (364.100037 -661.987976 242 ) (364.100037 -598.987976 242 ) (364.100037 -598.987976 101 ) 
4 793 1017 (512.101929 -661.987976 242 ) (507.101959 -661.987976 242 ) (531.101990 -661.987976 218 ) (531.101990 -661.987976 223 ) 
3 793 1016 (531.101990 -661.987976 242 ) (512.101929 -661.987976 242 ) (531.101990 -661.987976 223 ) 
4 793 927 (376.100037 -661.987976 242 ) (364.100037 -661.987976 242 ) (364.100037 -661.987976 101 ) (376.100037 -661.987976 101 ) 
4 793 907 (381.100037 -661.987976 242 ) (376.100037 -661.987976 242 ) (376.100037 -661.987976 213.001251 ) (381.100037 -661.987976 218.002075 ) 
3 793 905 (405.093964 -661.987976 242 ) (381.100037 -661.987976 242 ) (381.100037 -661.987976 218.002075 ) 
4 793 902 (381.100037 -661.987976 218.002075 ) (376.100037 -661.987976 213.001251 ) (376.100037 -661.987976 101 ) (381.100037 -661.987976 101 ) 
4 793 895 (381.100037 -661.987976 178 ) (381.100037 -661.987976 101 ) (500 -661.987976 101 ) (500 -661.987976 178 ) 
4 793 894 (500 -661.987976 101 ) (531.101990 -661.987976 101 ) (531.101990 -661.987976 178 ) (500 -661.987976 178 ) 
5 793 890 (500 -661.987976 242 ) (405.093964 -661.987976 242 ) (404.149994 -661.987976 241.055878 ) (404.149994 -661.987976 178 ) (500 -661.987976 178 ) 
5 793 889 (507.101959 -661.987976 242 ) (500 -661.987976 242 ) (500 -661.987976 178 ) (531.101990 -661.987976 178 ) (531.101990 -661.987976 218 ) 
4 793 893 (404.149994 -661.987976 241.055878 ) (381.100037 -661.987976 218.002075 ) (381.100037 -661.987976 178 ) (404.149994 -661.987976 178 ) 
4 793 839 (550.101990 -661.987976 101 ) (550.101990 -661.987976 242 ) (531.101990 -661.987976 242 ) (531.101990 -661.987976 101 ) 
4 793 836 (364.100037 -598.987976 101 ) (364.100037 -578.987976 101 ) (367.100037 -578.987976 101 ) (367.100037 -598.987976 101 ) 
4 793 835 (364.100037 -578.987976 101 ) (364.100037 -526.987976 101 ) (367.100037 -526.987976 101 ) (367.100037 -578.987976 101 ) 
4 793 838 (367.100037 -661.987976 101 ) (364.100037 -661.987976 101 ) (364.100037 -598.987976 101 ) (367.100037 -598.987976 101 ) 
4 793 813 (549.101990 -661.987976 101 ) (367.100037 -661.987976 101 ) (367.100037 -578.987976 101 ) (549.101990 -578.987976 101 ) 
4 793 812 (522.003540 -562.987976 101 ) (523.378723 -562.987976 101 ) (526.113464 -563.987366 101 ) (520.957336 -565.871643 101 ) 
3 793 811 (516.186401 -562.987976 101 ) (522.003540 -562.987976 101 ) (519.101501 -570.986694 101 ) 
4 793 810 (531.236694 -576.114624 101 ) (530.190674 -578.987976 101 ) (528.841309 -578.987976 101 ) (526.093750 -577.986816 101 ) 
3 793 809 (533.103943 -570.985474 101 ) (536.021423 -578.987976 101 ) (530.190674 -578.987976 101 ) 
3 793 808 (528.841309 -578.987976 101 ) (522.017578 -578.987976 101 ) (520.972595 -576.120728 101 ) 
4 793 807 (367.100037 -578.987976 101 ) (367.100037 -562.987976 101 ) (516.186401 -562.987976 101 ) (522.017578 -578.987976 101 ) 
3 793 806 (523.378723 -562.987976 101 ) (530.188293 -562.987976 101 ) (531.234985 -565.858948 101 ) 
4 793 805 (530.188293 -562.987976 101 ) (549.101990 -562.987976 101 ) (549.101990 -578.987976 101 ) (536.021423 -578.987976 101 ) 
4 793 798 (367.100037 -562.987976 101 ) (367.100037 -526.987976 101 ) (549.101990 -526.987976 101 ) (549.101990 -562.987976 101 ) 
4 793 795 (549.101990 -562.987976 101 ) (549.101990 -547.987976 101 ) (550.101990 -547.987976 101 ) (550.101990 -562.987976 101 ) 
4 793 794 (549.101990 -547.987976 101 ) (549.101990 -526.987976 101 ) (550.101990 -526.987976 101 ) (550.101990 -547.987976 101 ) 
4 793 797 (550.101990 -661.987976 101 ) (549.101990 -661.987976 101 ) (549.101990 -562.987976 101 ) (550.101990 -562.987976 101 ) 
4 794 1129 (549.101990 -526.987976 0 ) (550.101990 -526.987976 0 ) (550.101990 -547.987976 0 ) (549.101990 -547.987976 0 ) 
4 794 820 (549.101990 -526.987976 73 ) (549.101990 -526.987976 0 ) (549.101990 -547.987976 0 ) (549.101990 -547.987976 73 ) 
4 794 799 (549.101990 -526.987976 80 ) (549.101990 -526.987976 73 ) (549.101990 -547.987976 73 ) (549.101990 -547.987976 80 ) 
4 794 798 (549.101990 -547.987976 101 ) (549.101990 -526.987976 101 ) (549.101990 -526.987976 80 ) (549.101990 -547.987976 80 ) 
4 794 795 (549.101990 -547.987976 101 ) (549.101990 -547.987976 78 ) (550.101990 -547.987976 78 ) (550.101990 -547.987976 101 ) 
4 794 796 (549.101990 -547.987976 73 ) (549.101990 -547.987976 0 ) (550.101990 -547.987976 0 ) (550.101990 -547.987976 73 ) 
4 795 803 (549.101990 -555.987976 78 ) (549.101990 -562.987976 78 ) (549.101990 -562.987976 80 ) (549.101990 -555.987976 80 ) 
4 795 801 (549.101990 -547.987976 80 ) (549.101990 -547.987976 78 ) (549.101990 -555.987976 78 ) (549.101990 -555.987976 80 ) 
4 795 798 (549.101990 -562.987976 101 ) (549.101990 -547.987976 101 ) (549.101990 -547.987976 80 ) (549.101990 -562.987976 80 ) 
4 795 797 (549.101990 -562.987976 101 ) (549.101990 -562.987976 78 ) (550.101990 -562.987976 78 ) (550.101990 -562.987976 101 ) 
4 796 1129 (550.101990 -547.987976 0 ) (550.101990 -562.987976 0 ) (549.101990 -562.987976 0 ) (549.101990 -547.987976 0 ) 
4 796 820 (549.101990 -547.987976 73 ) (549.101990 -547.987976 0 ) (549.101990 -562.987976 0 ) (549.101990 -562.987976 73 ) 
4 796 797 (549.101990 -562.987976 73 ) (549.101990 -562.987976 0 ) (550.101990 -562.987976 0 ) (550.101990 -562.987976 73 ) 
4 797 1132 (550.101990 -617.615479 0 ) (550.101990 -656.048279 0 ) (549.101990 -653.304321 0 ) (549.101990 -614.872559 0 ) 
4 797 1131 (550.101990 -656.048279 0 ) (550.101990 -661.987976 0 ) (549.101990 -661.987976 0 ) (549.101990 -653.304321 0 ) 
4 797 1129 (550.101990 -562.987976 0 ) (550.101990 -617.615479 0 ) (549.101990 -614.872559 0 ) (549.101990 -562.987976 0 ) 
4 797 851 (550.101990 -661.987976 0 ) (550.101990 -661.987976 73 ) (549.101990 -661.987976 73 ) (549.101990 -661.987976 0 ) 
4 797 839 (550.101990 -661.987976 78 ) (550.101990 -661.987976 101 ) (549.101990 -661.987976 101 ) (549.101990 -661.987976 78 ) 
4 797 820 (549.101990 -661.987976 0 ) (549.101990 -661.987976 73 ) (549.101990 -562.987976 73 ) (549.101990 -562.987976 0 ) 
4 797 818 (549.101990 -661.987976 73 ) (549.101990 -661.987976 78 ) (549.101990 -630.987976 78 ) (549.101990 -630.987976 73 ) 
4 797 815 (549.101990 -603.987976 78 ) (549.101990 -598.987976 78 ) (549.101990 -598.987976 73 ) (549.101990 -603.987976 73 ) 
4 797 816 (549.101990 -630.987976 78 ) (549.101990 -625.987976 78 ) (549.101990 -625.987976 73 ) (549.101990 -630.987976 73 ) 
4 797 814 (549.101990 -598.987976 78 ) (549.101990 -578.987976 78 ) (549.101990 -578.987976 73 ) (549.101990 -598.987976 73 ) 
4 797 813 (549.101990 -661.987976 78 ) (549.101990 -661.987976 101 ) (549.101990 -578.987976 101 ) (549.101990 -578.987976 78 ) 
4 797 805 (549.101990 -578.987976 101 ) (549.101990 -562.987976 101 ) (549.101990 -562.987976 73 ) (549.101990 -578.987976 73 ) 
4 798 835 (367.100037 -562.987976 101 ) (367.100037 -526.987976 101 ) (367.100037 -526.987976 80 ) (367.100037 -562.987976 80 ) 
4 798 812 (522.003418 -562.987976 80 ) (523.379517 -562.987976 80 ) (523.378723 -562.987976 101 ) (522.003540 -562.987976 101 ) 
4 798 811 (516.186401 -562.987976 80 ) (522.003418 -562.987976 80 ) (522.003540 -562.987976 101 ) (516.186401 -562.987976 101 ) 
4 798 807 (367.100037 -562.987976 101 ) (367.100037 -562.987976 80 ) (516.186401 -562.987976 80 ) (516.186401 -562.987976 101 ) 
4 798 806 (523.379517 -562.987976 80 ) (530.187866 -562.987976 80 ) (530.188293 -562.987976 101 ) (523.378723 -562.987976 101 ) 
4 798 805 (530.187866 -562.987976 80 ) (549.101990 -562.987976 80 ) (549.101990 -562.987976 101 ) (530.188293 -562.987976 101 ) 
4 798 803 (549.101990 -562.987976 80 ) (369.100037 -562.987976 80 ) (369.100037 -555.987976 80 ) (549.101990 -555.987976 80 ) 
4 798 802 (369.100037 -555.987976 80 ) (369.100037 -547.987976 80 ) (384 -547.987976 80 ) (384 -555.987976 80 ) 
4 798 801 (480 -547.987976 80 ) (549.101990 -547.987976 80 ) (549.101990 -555.987976 80 ) (480 -555.987976 80 ) 
4 798 799 (480 -526.987976 80 ) (549.101990 -526.987976 80 ) (549.101990 -547.987976 80 ) (480 -547.987976 80 ) 
4 798 800 (369.100037 -547.987976 80 ) (369.100037 -526.987976 80 ) (384 -526.987976 80 ) (384 -547.987976 80 ) 
4 798 804 (369.100037 -562.987976 80 ) (367.100037 -562.987976 80 ) (367.100037 -526.987976 80 ) (369.100037 -526.987976 80 ) 
4 799 821 (517.101990 -526.987976 73 ) (536.101990 -526.987976 73 ) (536.101990 -547.987976 73 ) (517.101990 -547.987976 73 ) 
4 799 820 (536.101990 -526.987976 73 ) (549.101990 -526.987976 73 ) (549.101990 -547.987976 73 ) (536.101990 -547.987976 73 ) 
4 799 830 (480 -526.987976 73 ) (517.101990 -526.987976 73 ) (517.101990 -547.987976 73 ) (480 -547.987976 73 ) 
4 799 801 (549.101990 -547.987976 78 ) (549.101990 -547.987976 80 ) (480 -547.987976 80 ) (480 -547.987976 78 ) 
4 800 834 (369.100037 -526.987976 73 ) (376.100037 -526.987976 73 ) (376.100037 -547.987976 73 ) (369.100037 -547.987976 73 ) 
4 800 802 (369.100037 -547.987976 80 ) (369.100037 -547.987976 78 ) (384 -547.987976 78 ) (384 -547.987976 80 ) 
4 800 804 (369.100037 -526.987976 73 ) (369.100037 -547.987976 73 ) (369.100037 -547.987976 80 ) (369.100037 -526.987976 80 ) 
4 801 803 (549.101990 -555.987976 78 ) (549.101990 -555.987976 80 ) (480 -555.987976 80 ) (480 -555.987976 78 ) 
4 802 803 (369.100037 -555.987976 80 ) (369.100037 -555.987976 78 ) (384 -555.987976 78 ) (384 -555.987976 80 ) 
4 802 804 (369.100037 -555.987976 78 ) (369.100037 -555.987976 80 ) (369.100037 -547.987976 80 ) (369.100037 -547.987976 78 ) 
4 803 812 (523.379578 -562.987976 80 ) (522.003418 -562.987976 80 ) (522.003418 -562.987976 78 ) (523.379639 -562.987976 78 ) 
4 803 811 (522.003418 -562.987976 80 ) (516.186462 -562.987976 80 ) (516.186401 -562.987976 78 ) (522.003418 -562.987976 78 ) 
4 803 807 (516.186462 -562.987976 80 ) (369.100037 -562.987976 80 ) (369.100037 -562.987976 78 ) (516.186401 -562.987976 78 ) 
4 803 806 (530.187927 -562.987976 80 ) (523.379578 -562.987976 80 ) (523.379639 -562.987976 78 ) (530.187866 -562.987976 78 ) 
4 803 805 (549.101990 -562.987976 78 ) (549.101990 -562.987976 80 ) (530.187927 -562.987976 80 ) (530.187866 -562.987976 78 ) 
4 803 804 (369.100037 -562.987976 78 ) (369.100037 -562.987976 80 ) (369.100037 -555.987976 80 ) (369.100037 -555.987976 78 ) 
4 804 835 (367.100037 -526.987976 80 ) (367.100037 -526.987976 73 ) (367.100037 -562.987976 73 ) (367.100037 -562.987976 80 ) 
4 804 834 (367.100037 -562.987976 73 ) (367.100037 -526.987976 73 ) (369.100037 -526.987976 73 ) (369.100037 -562.987976 73 ) 
4 804 807 (367.100037 -562.987976 80 ) (367.100037 -562.987976 73 ) (369.100037 -562.987976 73 ) (369.100037 -562.987976 80 ) 
4 805 820 (536.101990 -562.987976 73 ) (549.101990 -562.987976 73 ) (549.101990 -578.987976 73 ) (536.101990 -578.987976 73 ) 
4 805 814 (540.101990 -578.987976 73 ) (549.101990 -578.987976 73 ) (549.101990 -578.987976 78 ) (540.101990 -578.987976 78 ) 
4 805 813 (549.101990 -578.987976 78 ) (549.101990 -578.987976 101 ) (536.021423 -578.987976 101 ) (536.020996 -578.987976 78 ) 
4 805 809 (533.103760 -570.985168 73 ) (536.021545 -578.987976 73 ) (536.022095 -578.987976 101 ) (533.104187 -570.984863 101 ) 
4 805 806 (530.188538 -562.987976 101 ) (530.187988 -562.987976 73 ) (531.234558 -565.858398 73 ) (531.235352 -565.859131 101 ) 
4 806 812 (523.376526 -562.987976 101 ) (523.377686 -562.987976 73 ) (526.113525 -563.987793 73 ) (526.112244 -563.987793 101 ) 
4 807 835 (367.100037 -578.987976 101 ) (367.100037 -562.987976 101 ) (367.100037 -562.987976 73 ) (367.100037 -578.987976 73 ) 
4 807 832 (395.100037 -562.987976 73 ) (480 -562.987976 73 ) (480 -578.987976 73 ) (395.100037 -578.987976 73 ) 
4 807 834 (367.100037 -578.987976 73 ) (367.100037 -562.987976 73 ) (376.100037 -562.987976 73 ) (376.100037 -578.987976 73 ) 
5 807 830 (480 -562.987976 73 ) (516.186401 -562.987976 73 ) (517.101990 -565.500244 73 ) (517.101990 -578.987976 73 ) (480 -578.987976 73 ) 
4 807 813 (367.100037 -578.987976 101 ) (367.100037 -578.987976 78 ) (522.017578 -578.987976 78 ) (522.017578 -578.987976 101 ) 
4 807 811 (519.101074 -570.987488 73 ) (516.185425 -562.987976 73 ) (516.185425 -562.987976 101 ) (519.101135 -570.987793 101 ) 
4 807 808 (522.017029 -578.987976 101 ) (522.017029 -578.987976 73 ) (520.971802 -576.120178 73 ) (520.971863 -576.120483 101 ) 
4 808 813 (528.841919 -578.987976 78 ) (528.841309 -578.987976 101 ) (522.017578 -578.987976 101 ) (522.017578 -578.987976 78 ) 
4 808 810 (528.842834 -578.987976 101 ) (528.843628 -578.987976 73 ) (526.095825 -577.986694 73 ) (526.094482 -577.986511 101 ) 
4 809 813 (536.020996 -578.987976 78 ) (536.021423 -578.987976 101 ) (530.190674 -578.987976 101 ) (530.190430 -578.987976 78 ) 
4 809 810 (531.237427 -576.115112 73 ) (530.191467 -578.987976 73 ) (530.191833 -578.987976 101 ) (531.238159 -576.114075 101 ) 
4 810 813 (530.190430 -578.987976 78 ) (530.190674 -578.987976 101 ) (528.841309 -578.987976 101 ) (528.841919 -578.987976 78 ) 
3 811 830 (516.186401 -562.987976 73 ) (517.101990 -562.987976 73 ) (517.101990 -565.500183 73 ) 
4 811 812 (520.955994 -565.872559 73 ) (522.002502 -562.987976 73 ) (522.002686 -562.987976 101 ) (520.956421 -565.871887 101 ) 
4 813 927 (376.100037 -661.987976 101 ) (367.100037 -661.987976 101 ) (367.100037 -661.987976 78 ) (376.100037 -661.987976 78 ) 
4 813 902 (381.100037 -661.987976 101 ) (376.100037 -661.987976 101 ) (376.100037 -661.987976 78 ) (381.100037 -661.987976 78 ) 
4 813 895 (500 -661.987976 101 ) (381.100037 -661.987976 101 ) (381.100037 -661.987976 78 ) (500 -661.987976 78 ) 
4 813 894 (531.101990 -661.987976 101 ) (500 -661.987976 101 ) (500 -661.987976 78 ) (531.101990 -661.987976 78 ) 
4 813 839 (549.101990 -661.987976 101 ) (531.101990 -661.987976 101 ) (531.101990 -661.987976 78 ) (549.101990 -661.987976 78 ) 
4 813 836 (367.100037 -598.987976 101 ) (367.100037 -578.987976 101 ) (367.100037 -578.987976 78 ) (367.100037 -598.987976 78 ) 
4 813 838 (367.100037 -661.987976 78 ) (367.100037 -661.987976 101 ) (367.100037 -598.987976 101 ) (367.100037 -598.987976 78 ) 
4 813 819 (367.100037 -661.987976 78 ) (367.100037 -652.987976 78 ) (548.101990 -652.987976 78 ) (548.101990 -661.987976 78 ) 
4 813 818 (548.101990 -630.987976 78 ) (549.101990 -630.987976 78 ) (549.101990 -661.987976 78 ) (548.101990 -661.987976 78 ) 
4 813 815 (368.100037 -598.987976 78 ) (549.101990 -598.987976 78 ) (549.101990 -603.987976 78 ) (368.100037 -603.987976 78 ) 
4 813 816 (549.101990 -625.987976 78 ) (549.101990 -630.987976 78 ) (368.100037 -630.987976 78 ) (368.100037 -625.987976 78 ) 
4 813 817 (367.100037 -630.987976 78 ) (367.100037 -598.987976 78 ) (368.100037 -598.987976 78 ) (368.100037 -630.987976 78 ) 
4 813 814 (540.101990 -578.987976 78 ) (549.101990 -578.987976 78 ) (549.101990 -598.987976 78 ) (540.101990 -598.987976 78 ) 
4 814 820 (540.101990 -578.987976 73 ) (549.101990 -578.987976 73 ) (549.101990 -598.987976 73 ) (540.101990 -598.987976 73 ) 
4 814 815 (540.101990 -598.987976 73 ) (549.101990 -598.987976 73 ) (549.101990 -598.987976 78 ) (540.101990 -598.987976 78 ) 
4 815 832 (395.100037 -598.987976 73 ) (480 -598.987976 73 ) (480 -603.987976 73 ) (395.100037 -603.987976 73 ) 
4 815 834 (368.100037 -598.987976 73 ) (376.100037 -598.987976 73 ) (376.100037 -603.987976 73 ) (368.100037 -603.987976 73 ) 
4 815 820 (536.101990 -598.987976 73 ) (549.101990 -598.987976 73 ) (549.101990 -603.987976 73 ) (536.101990 -603.987976 73 ) 
4 815 830 (480 -598.987976 73 ) (517.101990 -598.987976 73 ) (517.101990 -603.987976 73 ) (480 -603.987976 73 ) 
4 815 817 (368.100037 -598.987976 78 ) (368.100037 -598.987976 73 ) (368.100037 -603.987976 73 ) (368.100037 -603.987976 78 ) 
4 816 832 (480 -630.987976 73 ) (395.100037 -630.987976 73 ) (395.100037 -625.987976 73 ) (480 -625.987976 73 ) 
4 816 834 (376.100037 -630.987976 73 ) (368.100037 -630.987976 73 ) (368.100037 -625.987976 73 ) (376.100037 -625.987976 73 ) 
4 816 820 (549.101990 -625.987976 73 ) (549.101990 -630.987976 73 ) (536.101990 -630.987976 73 ) (536.101990 -625.987976 73 ) 
4 816 830 (517.101990 -630.987976 73 ) (480 -630.987976 73 ) (480 -625.987976 73 ) (517.101990 -625.987976 73 ) 
4 816 818 (548.101990 -630.987976 73 ) (549.101990 -630.987976 73 ) (549.101990 -630.987976 78 ) (548.101990 -630.987976 78 ) 
4 816 817 (368.100037 -625.987976 73 ) (368.100037 -630.987976 73 ) (368.100037 -630.987976 78 ) (368.100037 -625.987976 78 ) 
4 817 838 (367.100037 -630.987976 78 ) (367.100037 -598.987976 78 ) (367.100037 -598.987976 73 ) (367.100037 -630.987976 73 ) 
4 817 834 (367.100037 -630.987976 73 ) (367.100037 -598.987976 73 ) (368.100037 -598.987976 73 ) (368.100037 -630.987976 73 ) 
4 818 820 (548.101990 -630.987976 73 ) (549.101990 -630.987976 73 ) (549.101990 -661.987976 73 ) (548.101990 -661.987976 73 ) 
4 818 819 (548.101990 -652.987976 73 ) (548.101990 -661.987976 73 ) (548.101990 -661.987976 78 ) (548.101990 -652.987976 78 ) 
4 819 838 (367.100037 -661.987976 73 ) (367.100037 -661.987976 78 ) (367.100037 -652.987976 78 ) (367.100037 -652.987976 73 ) 
4 819 832 (395.100037 -652.987976 73 ) (480 -652.987976 73 ) (480 -661.987976 73 ) (395.100037 -661.987976 73 ) 
4 819 834 (367.100037 -661.987976 73 ) (367.100037 -652.987976 73 ) (376.100037 -652.987976 73 ) (376.100037 -661.987976 73 ) 
4 819 820 (536.101990 -652.987976 73 ) (548.101990 -652.987976 73 ) (548.101990 -661.987976 73 ) (536.101990 -661.987976 73 ) 
4 819 830 (480 -652.987976 73 ) (517.101990 -652.987976 73 ) (517.101990 -661.987976 73 ) (480 -661.987976 73 ) 
3 820 1133 (536.101990 -581.632690 0 ) (536.101990 -579.214294 0 ) (537.118713 -582.003174 0 ) 
5 820 1132 (549.101990 -614.872559 0 ) (549.101990 -653.304321 0 ) (536.101990 -617.633972 0 ) (536.101990 -581.632690 0 ) (537.118713 -582.003174 0 ) 
4 820 1131 (549.101990 -653.304321 0 ) (549.101990 -661.987976 0 ) (536.101990 -661.987976 0 ) (536.101990 -617.633972 0 ) 
4 820 1129 (536.101990 -526.987976 0 ) (549.101990 -526.987976 0 ) (549.101990 -614.872559 0 ) (536.101990 -579.214294 0 ) 
4 820 851 (536.101990 -661.987976 0 ) (549.101990 -661.987976 0 ) (549.101990 -661.987976 73 ) (536.101990 -661.987976 73 ) 
4 820 826 (536.101990 -579.211060 61 ) (536.101990 -579.214355 0 ) (536.101990 -581.632629 0 ) (536.101990 -581.633362 61 ) 
4 820 825 (536.101990 -581.633362 61 ) (536.101990 -581.632629 0 ) (536.101990 -617.633911 0 ) (536.101990 -617.633911 61 ) 
4 820 824 (536.101990 -661.987976 0 ) (536.101990 -661.987976 61 ) (536.101990 -617.633911 61 ) (536.101990 -617.633911 0 ) 
4 820 822 (536.101990 -550.987976 61 ) (536.101990 -550.987976 0 ) (536.101990 -579.214355 0 ) (536.101990 -579.211060 61 ) 
4 820 821 (536.101990 -550.987976 73 ) (536.101990 -526.987976 73 ) (536.101990 -526.987976 0 ) (536.101990 -550.987976 0 ) 
3 821 1130 (525.811462 -550.987976 0 ) (517.101990 -550.987976 0 ) (517.101990 -527.098450 0 ) 
5 821 1129 (517.101990 -526.987976 0 ) (536.101990 -526.987976 0 ) (536.101990 -550.987976 0 ) (525.811462 -550.987976 0 ) (517.101990 -527.098450 0 ) 
4 821 823 (517.101990 -550.987976 61 ) (517.101990 -550.987976 0 ) (525.811462 -550.987976 0 ) (525.812622 -550.987976 61 ) 
4 821 822 (525.811462 -550.987976 0 ) (536.101990 -550.987976 0 ) (536.101990 -550.987976 61 ) (525.812622 -550.987976 61 ) 
4 821 830 (517.101990 -550.987976 73 ) (517.101990 -526.987976 73 ) (517.101990 -526.987976 0 ) (517.101990 -550.987976 0 ) 
3 822 1129 (536.101990 -550.987976 0 ) (536.101990 -579.214355 0 ) (525.811462 -550.987976 0 ) 
4 822 826 (533.102234 -570.986511 0 ) (536.101990 -579.214905 0 ) (536.101990 -579.211609 61 ) (533.103210 -570.986023 61 ) 
4 822 823 (525.812744 -550.987976 61 ) (525.811523 -550.987976 0 ) (531.231934 -565.856323 0 ) (531.233704 -565.857849 61 ) 
4 823 1130 (517.101990 -560.692749 0 ) (517.101990 -550.987976 0 ) (525.811462 -550.987976 0 ) (531.232056 -565.856323 0 ) 
4 823 829 (522.164063 -562.543579 0 ) (526.116394 -563.987854 0 ) (526.113770 -563.987854 61 ) (522.164185 -562.544556 61 ) 
4 823 828 (517.101990 -560.694702 61 ) (517.101990 -560.693787 0 ) (522.164063 -562.543579 0 ) (522.164185 -562.544556 61 ) 
4 823 830 (517.101990 -550.987976 61 ) (517.101990 -550.987976 0 ) (517.101990 -560.692749 0 ) (517.101990 -560.693665 61 ) 
4 824 1131 (536.101990 -617.633911 0 ) (536.101990 -661.987976 0 ) (517.101990 -661.987976 0 ) (517.101990 -565.500305 0 ) 
4 824 984 (517.101990 -661.987976 0 ) (531.101990 -661.987976 0 ) (531.101990 -661.987976 61 ) (517.101990 -661.987976 61 ) 
4 824 852 (531.101990 -661.987976 0 ) (536.101990 -661.987976 0 ) (536.101990 -661.987976 61 ) (531.101990 -661.987976 61 ) 
4 824 828 (519.100647 -570.987061 0 ) (517.101990 -565.502991 0 ) (517.101990 -565.502991 61 ) (519.100891 -570.987732 61 ) 
4 824 825 (536.101990 -617.636780 61 ) (536.101990 -617.636780 0 ) (520.971008 -576.119141 0 ) (520.971252 -576.119812 61 ) 
4 824 830 (517.101990 -661.987976 0 ) (517.101990 -661.987976 61 ) (517.101990 -565.500244 61 ) (517.101990 -565.500305 0 ) 
3 825 1132 (536.101990 -581.632629 0 ) (536.101990 -617.633911 0 ) (520.972168 -576.119568 0 ) 
4 825 827 (530.031982 -579.420227 0 ) (526.099304 -577.987183 0 ) (526.096375 -577.986816 61 ) (530.032532 -579.421082 61 ) 
4 825 826 (536.101990 -581.632690 61 ) (536.101990 -581.632080 0 ) (530.031982 -579.420227 0 ) (530.032532 -579.421082 61 ) 
4 826 1133 (536.101990 -579.214355 0 ) (536.101990 -581.632629 0 ) (530.031799 -579.420776 0 ) (533.102295 -570.986328 0 ) 
4 826 827 (531.235535 -576.117493 0 ) (530.033203 -579.419922 0 ) (530.033752 -579.420715 61 ) (531.237122 -576.115417 61 ) 
3 827 1134 (530.031799 -579.420776 0 ) (526.098450 -577.987488 0 ) (531.234131 -576.117981 0 ) 
4 828 1135 (519.101135 -570.985779 0 ) (517.101990 -565.500305 0 ) (517.101990 -560.692749 0 ) (522.164429 -562.542725 0 ) 
4 828 829 (522.160095 -562.545898 0 ) (522.160156 -562.546875 61 ) (520.953430 -565.873718 61 ) (520.952515 -565.875000 0 ) 
4 828 830 (517.101990 -560.693665 61 ) (517.101990 -560.692749 0 ) (517.101990 -565.500305 0 ) (517.101990 -565.500244 61 ) 
3 829 1136 (520.955872 -565.873718 0 ) (522.164429 -562.542725 0 ) (526.117737 -563.987366 0 ) 
3 830 1135 (517.101990 -560.692749 0 ) (517.101990 -565.500305 0 ) (515.080688 -559.954102 0 ) 
5 830 1131 (517.101990 -565.500305 0 ) (517.101990 -661.987976 0 ) (480 -661.987976 0 ) (480 -547.134460 0 ) (515.080688 -559.954102 0 ) 
4 830 1130 (480 -526.987976 0 ) (517.101990 -526.987976 0 ) (517.101990 -560.692749 0 ) (480 -547.134460 0 ) 
4 830 985 (480 -661.987976 0 ) (517.101990 -661.987976 0 ) (517.101990 -661.987976 73 ) (480 -661.987976 73 ) 
4 830 832 (480 -661.987976 61 ) (480 -661.987976 73 ) (480 -555.987976 73 ) (480 -555.987976 61 ) 
4 830 831 (480 -526.987976 64 ) (480 -526.987976 61 ) (480 -555.987976 61 ) (480 -555.987976 64 ) 
4 830 833 (480 -661.987976 0 ) (480 -661.987976 61 ) (480 -526.987976 61 ) (480 -526.987976 0 ) 
4 831 832 (395.100037 -555.987976 61 ) (480 -555.987976 61 ) (480 -555.987976 64 ) (395.100037 -555.987976 64 ) 
4 831 833 (395.100037 -526.987976 61 ) (480 -526.987976 61 ) (480 -555.987976 61 ) (395.100037 -555.987976 61 ) 
4 832 985 (480 -661.987976 61 ) (480 -661.987976 73 ) (395.100037 -661.987976 73 ) (395.100037 -661.987976 61 ) 
4 832 833 (480 -555.987976 61 ) (480 -661.987976 61 ) (395.100037 -661.987976 61 ) (395.100037 -555.987976 61 ) 
5 833 1131 (376.100037 -526.987976 0 ) (424.869720 -526.987976 0 ) (480 -547.134460 0 ) (480 -661.987976 0 ) (376.100037 -661.987976 0 ) 
3 833 1130 (424.869720 -526.987976 0 ) (480 -526.987976 0 ) (480 -547.134460 0 ) 
4 833 987 (376.100037 -661.987976 0 ) (395.100037 -661.987976 0 ) (395.100037 -661.987976 61 ) (376.100037 -661.987976 61 ) 
4 833 985 (395.100037 -661.987976 0 ) (480 -661.987976 0 ) (480 -661.987976 61 ) (395.100037 -661.987976 61 ) 
4 833 834 (376.100037 -661.987976 0 ) (376.100037 -661.987976 61 ) (376.100037 -526.987976 61 ) (376.100037 -526.987976 0 ) 
4 834 1131 (367.100037 -526.987976 0 ) (376.100037 -526.987976 0 ) (376.100037 -661.987976 0 ) (367.100037 -661.987976 0 ) 
4 834 988 (367.100037 -661.987976 73 ) (367.100037 -661.987976 0 ) (376.100037 -661.987976 0 ) (376.100037 -661.987976 73 ) 
4 834 837 (367.100037 -598.987976 73 ) (367.100037 -578.987976 73 ) (367.100037 -578.987976 0 ) (367.100037 -598.987976 0 ) 
4 834 835 (367.100037 -578.987976 73 ) (367.100037 -526.987976 73 ) (367.100037 -526.987976 0 ) (367.100037 -578.987976 0 ) 
4 834 838 (367.100037 -661.987976 0 ) (367.100037 -661.987976 73 ) (367.100037 -598.987976 73 ) (367.100037 -598.987976 0 ) 
4 835 1131 (364.100037 -578.987976 0 ) (364.100037 -526.987976 0 ) (367.100037 -526.987976 0 ) (367.100037 -578.987976 0 ) 
4 835 1049 (364.100037 -526.987976 0 ) (364.100037 -578.987976 0 ) (364.100037 -578.987976 101 ) (364.100037 -526.987976 101 ) 
4 835 836 (367.100037 -578.987976 78 ) (367.100037 -578.987976 101 ) (364.100037 -578.987976 101 ) (364.100037 -578.987976 78 ) 
4 835 837 (367.100037 -578.987976 0 ) (367.100037 -578.987976 73 ) (364.100037 -578.987976 73 ) (364.100037 -578.987976 0 ) 
4 836 1050 (364.100037 -598.987976 78 ) (364.100037 -598.987976 101 ) (364.100037 -578.987976 101 ) (364.100037 -578.987976 78 ) 
4 836 838 (367.100037 -598.987976 78 ) (367.100037 -598.987976 101 ) (364.100037 -598.987976 101 ) (364.100037 -598.987976 78 ) 
4 837 1131 (364.100037 -598.987976 0 ) (364.100037 -578.987976 0 ) (367.100037 -578.987976 0 ) (367.100037 -598.987976 0 ) 
4 837 1051 (364.100037 -578.987976 0 ) (364.100037 -598.987976 0 ) (364.100037 -598.987976 73 ) (364.100037 -578.987976 73 ) 
4 837 838 (367.100037 -598.987976 0 ) (367.100037 -598.987976 73 ) (364.100037 -598.987976 73 ) (364.100037 -598.987976 0 ) 
3 838 1138 (364.100037 -661.987976 0 ) (364.100037 -653.768005 0 ) (367.089417 -661.987976 0 ) 
5 838 1131 (364.100037 -653.768005 0 ) (364.100037 -598.987976 0 ) (367.100037 -598.987976 0 ) (367.100037 -661.987976 0 ) (367.089417 -661.987976 0 ) 
4 838 1052 (364.100037 -598.987976 0 ) (364.100037 -661.987976 0 ) (364.100037 -661.987976 101 ) (364.100037 -598.987976 101 ) 
4 838 988 (364.100037 -661.987976 73 ) (364.100037 -661.987976 0 ) (367.100037 -661.987976 0 ) (367.100037 -661.987976 73 ) 
4 838 927 (367.100037 -661.987976 101 ) (364.100037 -661.987976 101 ) (364.100037 -661.987976 78 ) (367.100037 -661.987976 78 ) 
4 839 1017 (531.101990 -661.987976 223 ) (531.101990 -661.987976 218 ) (531.101990 -693.987976 218 ) (531.101990 -693.987976 223 ) 
4 839 1016 (531.101990 -661.987976 242 ) (531.101990 -661.987976 223 ) (531.101990 -693.987976 223 ) (531.101990 -693.987976 242 ) 
4 839 894 (531.101990 -661.987976 178 ) (531.101990 -661.987976 78 ) (531.101990 -693.987976 78 ) (531.101990 -693.987976 178 ) 
4 839 889 (531.101990 -661.987976 218 ) (531.101990 -661.987976 178 ) (531.101990 -693.987976 178 ) (531.101990 -693.987976 218 ) 
4 839 862 (531.101990 -693.987976 78 ) (531.101990 -687.987976 78 ) (536.101990 -687.987976 78 ) (536.101990 -693.987976 78 ) 
4 839 855 (536.101990 -687.987976 78 ) (548.101990 -687.987976 78 ) (548.101990 -693.987976 78 ) (536.101990 -693.987976 78 ) 
4 839 853 (548.101990 -687.987976 78 ) (550.101990 -687.987976 78 ) (550.101990 -693.987976 78 ) (548.101990 -693.987976 78 ) 
4 839 841 (548.101990 -693.987976 78 ) (550.101990 -693.987976 78 ) (550.101990 -693.987976 81 ) (548.101990 -693.987976 81 ) 
4 839 840 (550.101990 -693.987976 81 ) (550.101990 -693.987976 242 ) (548.101990 -693.987976 242 ) (548.101990 -693.987976 81 ) 
4 840 847 (550.101990 -700.987976 81 ) (550.101990 -700.987976 83 ) (548.101990 -700.987976 83 ) (548.101990 -700.987976 81 ) 
4 840 842 (550.101990 -700.987976 83 ) (550.101990 -700.987976 242 ) (548.101990 -700.987976 242 ) (548.101990 -700.987976 83 ) 
4 840 841 (548.101990 -697.119507 81 ) (548.101990 -693.987976 81 ) (550.101990 -693.987976 81 ) (550.101990 -697.848633 81 ) 
4 841 853 (548.101990 -693.987976 78 ) (550.101990 -693.987976 78 ) (550.101990 -697.848633 78 ) (548.101990 -697.119446 78 ) 
4 842 849 (548.101990 -805.987976 83 ) (550.101990 -805.987976 83 ) (550.101990 -805.987976 242 ) (548.101990 -805.987976 242 ) 
4 842 847 (550.101990 -805.987976 83 ) (548.101990 -805.987976 83 ) (548.101990 -700.987976 83 ) (550.101990 -700.987976 83 ) 
3 842 844 (548.101990 -700.987976 236 ) (548.101990 -700.987976 83 ) (548.101990 -799.987915 83 ) 
3 842 843 (548.101990 -805.987976 89 ) (548.101990 -805.987976 242 ) (548.101990 -706.987976 242 ) 
4 845 1018 (531.101990 -805.987976 218 ) (531.101990 -805.987976 223 ) (531.101990 -719.282104 223 ) (531.101990 -722.517395 218 ) 
4 845 1016 (531.101990 -805.987976 223 ) (531.101990 -805.987976 242 ) (531.101990 -706.987976 242 ) (531.101990 -719.282104 223 ) 
3 845 912 (531.101990 -805.987976 89 ) (531.101990 -805.987976 178 ) (531.101990 -748.399719 178 ) 
4 845 908 (531.101990 -805.987976 178 ) (531.101990 -805.987976 218 ) (531.101990 -722.517395 218 ) (531.101990 -748.399719 178 ) 
4 846 1018 (531.101990 -700.987976 223 ) (531.101990 -700.987976 218 ) (531.101990 -712.635010 218 ) (531.101990 -709.399719 223 ) 
3 846 1016 (531.101990 -700.987976 236 ) (531.101990 -700.987976 223 ) (531.101990 -709.399719 223 ) 
4 846 912 (531.101990 -700.987976 178 ) (531.101990 -700.987976 83 ) (531.101990 -799.987915 83 ) (531.101990 -738.517334 178 ) 
4 846 908 (531.101990 -700.987976 218 ) (531.101990 -700.987976 178 ) (531.101990 -738.517334 178 ) (531.101990 -712.635010 218 ) 
4 847 849 (550.101990 -805.987976 81 ) (550.101990 -805.987976 83 ) (548.101990 -805.987976 83 ) (548.101990 -805.987976 81 ) 
4 847 848 (550.101990 -805.987976 81 ) (548.101990 -805.987976 81 ) (548.101990 -708.854126 81 ) (550.101990 -708.123047 81 ) 
4 848 854 (550.101990 -708.123108 78 ) (550.101990 -805.987976 78 ) (548.101990 -805.987976 78 ) (548.101990 -708.854187 78 ) 
4 848 850 (548.101990 -805.987976 78 ) (550.101990 -805.987976 78 ) (550.101990 -805.987976 81 ) (548.101990 -805.987976 81 ) 
4 849 866 (550.101990 -812.987976 81 ) (550.101990 -812.987976 242 ) (548.101990 -812.987976 242 ) (548.101990 -812.987976 81 ) 
4 849 850 (548.101990 -809.119751 81 ) (548.101990 -805.987976 81 ) (550.101990 -805.987976 81 ) (550.101990 -809.849426 81 ) 
4 850 854 (548.101990 -809.119751 78 ) (548.101990 -805.987976 78 ) (550.101990 -805.987976 78 ) (550.101990 -809.849426 78 ) 
4 851 1131 (536.101990 -661.987976 0 ) (550.101990 -661.987976 0 ) (550.101990 -687.987976 0 ) (536.101990 -687.987976 0 ) 
4 851 855 (548.101990 -687.987976 73 ) (536.101990 -687.987976 73 ) (536.101990 -687.987976 0 ) (548.101990 -687.987976 0 ) 
4 851 853 (550.101990 -687.987976 0 ) (550.101990 -687.987976 73 ) (548.101990 -687.987976 73 ) (548.101990 -687.987976 0 ) 
4 851 852 (536.101990 -687.987976 0 ) (536.101990 -687.987976 61 ) (536.101990 -661.987976 61 ) (536.101990 -661.987976 0 ) 
4 852 1131 (531.101990 -661.987976 0 ) (536.101990 -661.987976 0 ) (536.101990 -687.987976 0 ) (531.101990 -687.987976 0 ) 
4 852 984 (531.101990 -661.987976 61 ) (531.101990 -661.987976 0 ) (531.101990 -687.987976 0 ) (531.101990 -687.987976 61 ) 
4 852 863 (531.101990 -687.987976 61 ) (531.101990 -687.987976 0 ) (536.101990 -687.987976 0 ) (536.101990 -687.987976 61 ) 
5 853 1156 (550.101990 -697.779846 0 ) (550.101990 -697.848389 0 ) (548.101990 -697.119202 0 ) (548.101990 -694.858093 0 ) (548.928040 -694.557251 0 ) 
3 853 1153 (550.101990 -694.129700 0 ) (550.101990 -697.779846 0 ) (548.928040 -694.557251 0 ) 
4 853 1131 (550.101990 -687.987976 0 ) (550.101990 -694.129700 0 ) (548.101990 -694.858093 0 ) (548.101990 -687.987976 0 ) 
4 853 858 (548.101990 -694.858093 0 ) (548.101990 -697.119202 0 ) (548.101990 -697.119446 73 ) (548.101990 -694.858093 73 ) 
4 853 856 (548.101990 -693.987976 0 ) (548.101990 -694.858093 0 ) (548.101990 -694.858093 73 ) (548.101990 -693.987976 73 ) 
4 853 855 (548.101990 -687.987976 78 ) (548.101990 -687.987976 0 ) (548.101990 -693.987976 0 ) (548.101990 -693.987976 78 ) 
5 854 1158 (550.101990 -708.124695 0 ) (550.101990 -708.202148 0 ) (548.930359 -711.420959 0 ) (548.101990 -711.118958 0 ) (548.101990 -708.855774 0 ) 
3 854 1155 (550.101990 -708.202148 0 ) (550.101990 -711.848145 0 ) (548.930359 -711.420959 0 ) 
4 854 1152 (550.101990 -711.848145 0 ) (550.101990 -758.188171 0 ) (548.101990 -758.916870 0 ) (548.101990 -711.118958 0 ) 
4 854 1109 (550.101990 -758.188171 0 ) (550.101990 -809.849365 0 ) (548.101990 -809.119690 0 ) (548.101990 -758.916870 0 ) 
4 854 864 (548.101990 -787.116821 0 ) (548.101990 -809.119690 0 ) (548.101990 -809.119690 73 ) (548.101990 -787.116821 73 ) 
4 854 861 (548.101990 -708.855774 0 ) (548.101990 -711.118958 0 ) (548.101990 -711.118896 73 ) (548.101990 -708.854309 73 ) 
4 854 857 (548.101990 -711.118958 0 ) (548.101990 -787.116821 0 ) (548.101990 -787.116821 73 ) (548.101990 -711.118896 73 ) 
4 855 1131 (536.101990 -693.987976 0 ) (536.101990 -687.987976 0 ) (548.101990 -687.987976 0 ) (548.101990 -693.987976 0 ) 
4 855 863 (536.101990 -687.987976 61 ) (536.101990 -687.987976 0 ) (536.101990 -693.987976 0 ) (536.101990 -693.987976 61 ) 
4 855 862 (536.101990 -687.987976 78 ) (536.101990 -687.987976 73 ) (536.101990 -693.987976 73 ) (536.101990 -693.987976 78 ) 
4 855 856 (536.101990 -693.987976 73 ) (536.101990 -693.987976 0 ) (548.101990 -693.987976 0 ) (548.101990 -693.987976 73 ) 
4 856 1131 (536.101990 -699.229004 0 ) (536.101990 -693.987976 0 ) (548.101990 -693.987976 0 ) (548.101990 -694.858093 0 ) 
4 856 863 (536.101990 -693.987976 0 ) (536.101990 -699.229004 0 ) (536.101990 -699.229004 61 ) (536.101990 -693.987976 61 ) 
4 856 859 (536.101990 -699.228271 73 ) (536.101990 -699.228271 0 ) (539.867188 -697.856750 0 ) (539.868469 -697.856323 73 ) 
4 856 858 (544.998352 -695.987671 0 ) (548.101990 -694.857178 0 ) (548.101990 -694.857178 73 ) (544.998047 -695.987793 73 ) 
4 857 1152 (536.101990 -763.289185 0 ) (536.101990 -706.743713 0 ) (548.101990 -711.118958 0 ) (548.101990 -758.916870 0 ) 
5 857 1110 (538.724854 -812.987976 0 ) (537.270508 -812.987976 0 ) (536.101990 -809.785767 0 ) (536.101990 -804.741577 0 ) (541.058350 -806.549866 0 ) 
5 857 1109 (536.101990 -804.741577 0 ) (536.101990 -763.289185 0 ) (548.101990 -758.916870 0 ) (548.101990 -787.116699 0 ) (541.058350 -806.549866 0 ) 
3 857 1105 (537.270508 -812.987976 0 ) (536.101990 -812.987976 0 ) (536.101990 -809.785767 0 ) 
4 857 873 (537.270508 -812.987976 0 ) (538.724854 -812.987976 0 ) (538.724854 -812.987976 73 ) (537.270752 -812.987976 73 ) 
4 857 872 (536.101990 -812.987976 0 ) (537.270508 -812.987976 0 ) (537.270752 -812.987976 73 ) (536.101990 -812.987976 73 ) 
4 857 865 (541.059204 -806.550171 73 ) (539.860718 -809.856750 73 ) (539.860718 -809.856750 0 ) (541.059204 -806.550171 0 ) 
4 857 864 (548.101990 -787.119141 0 ) (548.101990 -787.119141 73 ) (541.059204 -806.550171 73 ) (541.059204 -806.550171 0 ) 
4 857 863 (536.101990 -706.743713 0 ) (536.101990 -812.987976 0 ) (536.101990 -812.987976 61 ) (536.101990 -706.743713 61 ) 
4 857 861 (548.101990 -711.119019 73 ) (548.101990 -711.119019 0 ) (545.002075 -709.988770 0 ) (545 -709.988037 73 ) 
4 857 860 (539.865906 -708.116028 0 ) (536.573853 -706.915649 0 ) (536.574829 -706.916016 73 ) (539.865906 -708.116028 73 ) 
4 857 859 (536.573853 -706.915649 0 ) (536.101990 -706.743591 0 ) (536.101990 -706.743591 73 ) (536.574829 -706.916016 73 ) 
3 858 1156 (545 -695.988159 0 ) (548.101990 -694.858093 0 ) (548.101990 -697.119202 0 ) 
4 859 1154 (536.101990 -706.743713 0 ) (536.101990 -699.229004 0 ) (539.866882 -697.857666 0 ) (536.573853 -706.915771 0 ) 
4 859 863 (536.101990 -699.229004 0 ) (536.101990 -706.743713 0 ) (536.101990 -706.743713 61 ) (536.101990 -699.229004 61 ) 
4 859 860 (538.001221 -702.991333 73 ) (536.574463 -706.915955 73 ) (536.573486 -706.915588 0 ) (538 -702.989807 0 ) 
3 860 1157 (539.865967 -708.116089 0 ) (536.573853 -706.915771 0 ) (538 -702.990417 0 ) 
3 861 1158 (548.101990 -708.855713 0 ) (548.101990 -711.118958 0 ) (545.002197 -709.988770 0 ) 
4 862 983 (531.101990 -693.987976 78 ) (531.101990 -687.987976 78 ) (531.101990 -687.987976 73 ) (531.101990 -693.987976 73 ) 
4 863 1154 (531.101990 -704.920654 0 ) (531.101990 -701.050232 0 ) (536.101990 -699.229004 0 ) (536.101990 -706.743713 0 ) 
4 863 1152 (531.101990 -765.110962 0 ) (531.101990 -704.920654 0 ) (536.101990 -706.743713 0 ) (536.101990 -763.289185 0 ) 
4 863 1131 (531.101990 -701.050232 0 ) (531.101990 -687.987976 0 ) (536.101990 -687.987976 0 ) (536.101990 -699.229004 0 ) 
3 863 1110 (536.101990 -804.741577 0 ) (536.101990 -809.785767 0 ) (533.978638 -803.966919 0 ) 
5 863 1109 (531.101990 -796.083862 0 ) (531.101990 -765.110962 0 ) (536.101990 -763.289185 0 ) (536.101990 -804.741577 0 ) (533.978638 -803.966919 0 ) 
4 863 1105 (536.101990 -812.987976 0 ) (531.101990 -812.987976 0 ) (531.101990 -796.083862 0 ) (536.101990 -809.785767 0 ) 
4 863 984 (531.101990 -687.987976 0 ) (531.101990 -812.987976 0 ) (531.101990 -812.987976 61 ) (531.101990 -687.987976 61 ) 
4 863 879 (531.101990 -812.987976 61 ) (531.101990 -812.987976 0 ) (536.101990 -812.987976 0 ) (536.101990 -812.987976 61 ) 
3 864 1109 (541.058350 -806.549866 0 ) (548.101990 -787.116699 0 ) (548.101990 -809.119690 0 ) 
4 864 865 (541.058594 -806.548828 73 ) (541.058594 -806.548828 0 ) (545.001343 -807.987488 0 ) (545.001343 -807.987488 73 ) 
3 865 1115 (539.859619 -809.857178 0 ) (541.058350 -806.549866 0 ) (545 -807.987976 0 ) 
4 866 1021 (550.101990 -1014.989990 242 ) (548.101990 -1014.989990 242 ) (548.101990 -1014.989990 81 ) (550.101990 -1014.989990 81 ) 
3 866 881 (548.101990 -1014.989990 83 ) (548.101990 -1014.989990 236 ) (548.101990 -953.987976 83 ) 
3 866 880 (548.101990 -1008.989990 242 ) (548.101990 -947.987976 242 ) (548.101990 -947.987976 89 ) 
4 866 871 (548.101990 -812.987976 219 ) (548.101990 -812.987976 83 ) (548.101990 -940.987976 83 ) (548.101990 -940.987976 219 ) 
4 866 869 (548.101990 -812.987976 242 ) (548.101990 -812.987976 224 ) (548.101990 -940.987976 224 ) (548.101990 -940.987976 242 ) 
4 866 868 (548.101990 -1014.989990 81 ) (548.101990 -942.857483 81 ) (550.101990 -942.128540 81 ) (550.101990 -1014.989990 81 ) 
4 866 867 (548.101990 -931.113892 81 ) (548.101990 -820.864014 81 ) (550.101990 -820.139282 81 ) (550.101990 -931.839783 81 ) 
4 867 1113 (550.101990 -820.139282 0 ) (550.101990 -820.205688 0 ) (548.101990 -825.703918 0 ) (548.101990 -820.864014 0 ) 
4 867 1112 (550.101990 -820.205688 0 ) (550.101990 -848.150940 0 ) (548.101990 -842.670227 0 ) (548.101990 -825.703918 0 ) 
5 867 1108 (550.101990 -931.772339 0 ) (550.101990 -931.839783 0 ) (548.101990 -931.113892 0 ) (548.101990 -928.859192 0 ) (548.932495 -928.556824 0 ) 
3 867 1107 (550.101990 -928.131042 0 ) (550.101990 -931.772339 0 ) (548.932495 -928.556824 0 ) 
4 867 1105 (550.101990 -848.150940 0 ) (550.101990 -928.131042 0 ) (548.101990 -928.859192 0 ) (548.101990 -842.670227 0 ) 
4 867 878 (548.101990 -928.859192 0 ) (548.101990 -931.113892 0 ) (548.101990 -931.113892 73 ) (548.101990 -928.859558 73 ) 
4 867 874 (548.101990 -820.864014 0 ) (548.101990 -842.670227 0 ) (548.101990 -842.669678 73 ) (548.101990 -820.864014 73 ) 
4 867 872 (548.101990 -842.670227 0 ) (548.101990 -928.859192 0 ) (548.101990 -928.859558 73 ) (548.101990 -842.669678 73 ) 
4 868 1126 (550.101990 -991.720947 0 ) (550.101990 -1014.989990 0 ) (548.101990 -1014.989990 0 ) (548.101990 -997.219238 0 ) 
4 868 1123 (550.101990 -954.523621 0 ) (550.101990 -991.720947 0 ) (548.101990 -997.219238 0 ) (548.101990 -955.248535 0 ) 
4 868 1101 (550.101990 -942.128540 0 ) (550.101990 -954.523621 0 ) (548.101990 -955.248535 0 ) (548.101990 -942.857483 0 ) 
4 868 1022 (548.101990 -1014.989990 81 ) (548.101990 -1014.989990 0 ) (550.101990 -1014.989990 0 ) (550.101990 -1014.989990 81 ) 
4 868 884 (548.101990 -942.857483 0 ) (548.101990 -1014.989990 0 ) (548.101990 -1014.989990 73 ) (548.101990 -942.857483 73 ) 
4 870 1016 (531.101990 -940.987976 224 ) (531.101990 -940.987976 242 ) (531.101990 -812.987976 242 ) (531.101990 -812.987976 224 ) 
4 871 1019 (531.101990 -940.987976 218 ) (531.101990 -940.987976 219 ) (531.101990 -812.987976 219 ) (531.101990 -812.987976 218 ) 
4 871 943 (531.101990 -940.987976 83 ) (531.101990 -940.987976 178 ) (531.101990 -812.987976 178 ) (531.101990 -812.987976 83 ) 
4 871 939 (531.101990 -940.987976 178 ) (531.101990 -940.987976 213 ) (531.101990 -812.987976 213 ) (531.101990 -812.987976 178 ) 
4 871 937 (531.101990 -940.987976 213 ) (531.101990 -940.987976 218 ) (531.101990 -812.987976 218 ) (531.101990 -812.987976 213 ) 
6 872 1105 (536.101990 -812.987976 0 ) (537.270508 -812.987976 0 ) (548.101990 -842.670227 0 ) (548.101990 -928.859192 0 ) (536.571716 -933.057007 0 ) (536.101990 -931.764160 0 ) 
3 872 1103 (536.571716 -933.057007 0 ) (536.101990 -933.228027 0 ) (536.101990 -931.764160 0 ) 
4 872 879 (536.101990 -812.987976 61 ) (536.101990 -812.987976 0 ) (536.101990 -933.228027 0 ) (536.101990 -933.228333 61 ) 
4 872 878 (545 -929.988159 0 ) (548.101990 -928.859009 0 ) (548.101990 -928.859375 73 ) (545 -929.988281 73 ) 
4 872 877 (536.571594 -933.056580 0 ) (539.863831 -931.858093 0 ) (539.863831 -931.858398 73 ) (536.571716 -933.056885 73 ) 
4 872 876 (536.101990 -933.227905 73 ) (536.101990 -933.227539 0 ) (536.571594 -933.056580 0 ) (536.571716 -933.056885 73 ) 
4 872 875 (539.874756 -820.120422 73 ) (541.075195 -823.410156 73 ) (541.074951 -823.410156 0 ) (539.874512 -820.120300 0 ) 
4 872 874 (541.075195 -823.410156 73 ) (548.101990 -842.666992 73 ) (548.101990 -842.667542 0 ) (541.074951 -823.410156 0 ) 
4 872 873 (537.271912 -812.987976 0 ) (537.272156 -812.987976 73 ) (538 -814.985352 73 ) (538 -814.985596 0 ) 
3 873 1110 (537.270508 -812.987976 0 ) (538.724854 -812.987976 0 ) (538 -814.987427 0 ) 
4 874 1113 (548.101990 -820.864014 0 ) (548.101990 -825.703918 0 ) (545.011292 -834.200623 0 ) (541.073853 -823.410583 0 ) 
3 874 1112 (548.101990 -825.703918 0 ) (548.101990 -842.670227 0 ) (545.011292 -834.200623 0 ) 
4 874 875 (541.074158 -823.410217 0 ) (541.074341 -823.410156 73 ) (545 -821.987854 73 ) (545 -821.987854 0 ) 
3 875 1114 (545 -821.987976 0 ) (541.073853 -823.410583 0 ) (539.872986 -820.119690 0 ) 
4 876 1103 (539.453308 -940.987976 0 ) (536.101990 -940.987976 0 ) (536.101990 -933.228027 0 ) (536.571716 -933.057007 0 ) 
4 876 885 (536.101990 -940.987976 0 ) (539.453308 -940.987976 0 ) (539.453308 -940.987976 73 ) (536.101990 -940.987976 73 ) 
4 876 879 (536.101990 -940.987976 0 ) (536.101990 -940.987976 61 ) (536.101990 -933.228333 61 ) (536.101990 -933.228027 0 ) 
4 876 877 (536.572144 -933.058289 0 ) (536.572266 -933.058594 73 ) (538 -936.988525 73 ) (538 -936.988342 0 ) 
3 877 1106 (538 -936.988281 0 ) (536.571716 -933.057007 0 ) (539.863647 -931.858521 0 ) 
3 878 1108 (548.101990 -928.859192 0 ) (548.101990 -931.113831 0 ) (545 -929.988220 0 ) 
4 879 1105 (531.101990 -918.002625 0 ) (531.101990 -812.987976 0 ) (536.101990 -812.987976 0 ) (536.101990 -931.764099 0 ) 
4 879 1103 (531.101990 -940.987976 0 ) (531.101990 -918.002625 0 ) (536.101990 -931.764099 0 ) (536.101990 -940.987976 0 ) 
4 879 984 (531.101990 -812.987976 0 ) (531.101990 -940.987976 0 ) (531.101990 -940.987976 61 ) (531.101990 -812.987976 61 ) 
4 879 887 (531.101990 -940.987976 61 ) (531.101990 -940.987976 0 ) (536.101990 -940.987976 0 ) (536.101990 -940.987976 61 ) 
4 882 1020 (531.101990 -947.987976 223 ) (531.101990 -947.987976 218 ) (531.101990 -999.421021 218 ) (531.101990 -1001.414551 223 ) 
4 882 1016 (531.101990 -1008.989990 242 ) (531.101990 -947.987976 242 ) (531.101990 -947.987976 223 ) (531.101990 -1001.414551 223 ) 
3 882 970 (531.101990 -947.987976 178 ) (531.101990 -947.987976 89 ) (531.101990 -983.472778 178 ) 
4 882 965 (531.101990 -947.987976 218 ) (531.101990 -947.987976 178 ) (531.101990 -983.472778 178 ) (531.101990 -999.421021 218 ) 
4 883 1020 (531.101990 -1014.989990 218 ) (531.101990 -1014.989990 223 ) (531.101990 -1009.806824 223 ) (531.101990 -1007.813293 218 ) 
3 883 1016 (531.101990 -1014.989990 223 ) (531.101990 -1014.989990 236 ) (531.101990 -1009.806824 223 ) 
4 883 975 (531.101990 -1014.989990 83 ) (531.101990 -1014.989990 178 ) (531.101990 -1002 178 ) (531.101990 -1002 83 ) 
4 883 970 (531.101990 -1002 178 ) (531.101990 -991.865051 178 ) (531.101990 -953.987976 83 ) (531.101990 -1002 83 ) 
4 883 965 (531.101990 -1014.989990 178 ) (531.101990 -1014.989990 218 ) (531.101990 -1007.813293 218 ) (531.101990 -991.865051 178 ) 
3 884 1126 (548.101990 -1014.989990 0 ) (541.637939 -1014.989990 0 ) (548.101990 -997.219299 0 ) 
5 884 1123 (541.637939 -1014.989990 0 ) (536.101990 -1014.989990 0 ) (536.101990 -959.597595 0 ) (548.101990 -955.248535 0 ) (548.101990 -997.219299 0 ) 
4 884 1101 (536.101990 -959.597595 0 ) (536.101990 -947.230835 0 ) (548.101990 -942.857483 0 ) (548.101990 -955.248535 0 ) 
4 884 1025 (541.637939 -1014.989990 0 ) (548.101990 -1014.989990 0 ) (548.101990 -1014.989990 73 ) (541.637634 -1014.989990 73 ) 
4 884 1024 (536.101990 -1014.989990 0 ) (541.637939 -1014.989990 0 ) (541.637634 -1014.989990 73 ) (536.101990 -1014.989990 73 ) 
4 884 887 (536.101990 -1014.989990 0 ) (536.101990 -1014.989990 61 ) (536.101990 -947.230835 61 ) (536.101990 -947.230835 0 ) 
4 884 886 (541.064331 -945.421936 73 ) (545.003052 -943.986450 73 ) (545.001709 -943.986938 0 ) (541.064331 -945.421936 0 ) 
4 884 885 (536.101990 -947.230469 0 ) (536.101990 -947.230469 73 ) (541.064331 -945.421936 73 ) (541.064331 -945.421936 0 ) 
4 885 1103 (536.101990 -947.230835 0 ) (536.101990 -940.987976 0 ) (539.453308 -940.987976 0 ) (541.064453 -945.422302 0 ) 
4 885 887 (536.101990 -940.987976 61 ) (536.101990 -940.987976 0 ) (536.101990 -947.230835 0 ) (536.101990 -947.230835 61 ) 
4 885 886 (539.862366 -942.117676 73 ) (541.064453 -945.425781 73 ) (541.064453 -945.425781 0 ) (539.862793 -942.118835 0 ) 
3 886 1104 (545.002319 -943.987122 0 ) (541.064453 -945.422302 0 ) (539.864380 -942.119446 0 ) 
4 887 1123 (536.101990 -1014.989990 0 ) (531.101990 -1014.989990 0 ) (531.101990 -961.409790 0 ) (536.101990 -959.597595 0 ) 
4 887 1103 (531.101990 -949.053162 0 ) (531.101990 -940.987976 0 ) (536.101990 -940.987976 0 ) (536.101990 -947.230835 0 ) 
4 887 1101 (531.101990 -961.409790 0 ) (531.101990 -949.053162 0 ) (536.101990 -947.230835 0 ) (536.101990 -959.597595 0 ) 
4 887 1031 (531.101990 -1014.989990 61 ) (531.101990 -1014.989990 0 ) (536.101990 -1014.989990 0 ) (536.101990 -1014.989990 61 ) 
4 887 984 (531.101990 -940.987976 0 ) (531.101990 -1014.989990 0 ) (531.101990 -1014.989990 61 ) (531.101990 -940.987976 61 ) 
4 888 1054 (364.100037 -940.987976 242 ) (364.100037 -926.286987 242 ) (364.100037 -926.286987 83 ) (364.100037 -940.987976 83 ) 
4 888 958 (369.100037 -940.004028 83 ) (364.100037 -926.284607 83 ) (364.100037 -926.284668 218 ) (369.100037 -940.004028 218 ) 
4 888 936 (364.100037 -926.284668 218 ) (364.100037 -926.284668 242 ) (369.100037 -940.004028 242 ) (369.100037 -940.004028 218 ) 
4 889 1017 (531.101990 -693.987976 218 ) (531.101990 -661.987976 218 ) (507.101990 -661.987976 242 ) (507.101990 -693.987976 242 ) 
5 889 908 (531.101990 -700.987976 178 ) (531.101990 -700.987976 218 ) (507.100861 -700.987976 242 ) (500 -700.987976 242 ) (500 -700.987976 178 ) 
4 889 894 (531.101990 -700.987976 178 ) (500 -700.987976 178 ) (500 -661.987976 178 ) (531.101990 -661.987976 178 ) 
4 889 892 (500 -672 178 ) (500 -700.987976 178 ) (500 -700.987976 180 ) (500 -672 180 ) 
4 889 891 (500 -700.987976 180 ) (500 -700.987976 242 ) (500 -672 242 ) (500 -672 180 ) 
4 889 890 (500 -661.987976 178 ) (500 -672 178 ) (500 -672 242 ) (500 -661.987976 242 ) 
4 890 905 (405.095215 -672 242 ) (405.095215 -661.987976 242 ) (404.149994 -661.987976 241.054626 ) (404.149994 -672 241.054626 ) 
4 890 895 (404.149994 -672 178 ) (404.149994 -661.987976 178 ) (500 -661.987976 178 ) (500 -672 178 ) 
4 890 892 (404.149994 -672 180 ) (404.149994 -672 178 ) (500 -672 178 ) (500 -672 180 ) 
5 890 891 (404.149994 -672 241.054688 ) (404.149994 -672 180 ) (500 -672 180 ) (500 -672 242 ) (405.095154 -672 242 ) 
4 890 893 (404.149994 -661.987976 178 ) (404.149994 -672 178 ) (404.149994 -672 241.055878 ) (404.149994 -661.987976 241.055878 ) 
5 891 909 (500 -700.987976 242 ) (405.093964 -700.987976 242 ) (404.149994 -700.987976 241.055878 ) (404.149994 -700.987976 180 ) (500 -700.987976 180 ) 
4 891 905 (405.095215 -693.987976 242 ) (405.095215 -672 242 ) (404.149994 -672 241.054626 ) (404.149994 -693.987976 241.054626 ) 
4 891 893 (404.149994 -700.987976 180 ) (404.149994 -700.987976 241.055878 ) (404.149994 -672 241.055878 ) (404.149994 -672 180 ) 
4 891 892 (404.149994 -700.987976 180 ) (404.149994 -672 180 ) (500 -672 180 ) (500 -700.987976 180 ) 
4 892 910 (404.149994 -700.987976 180 ) (404.149994 -700.987976 178 ) (500 -700.987976 178 ) (500 -700.987976 180 ) 
4 892 900 (406 -700.987976 178 ) (404.149994 -700.987976 178 ) (404.149994 -674 178 ) (406 -674 178 ) 
4 892 899 (496.942993 -700.987976 178 ) (406 -700.987976 178 ) (406 -674 178 ) (496.942993 -674 178 ) 
4 892 898 (500 -700.987976 178 ) (496.942993 -700.987976 178 ) (496.942993 -674 178 ) (500 -674 178 ) 
4 892 897 (404.149994 -674 178 ) (404.149994 -672 178 ) (406 -672 178 ) (406 -674 178 ) 
4 892 896 (406 -672 178 ) (500 -672 178 ) (500 -674 178 ) (406 -674 178 ) 
4 892 893 (404.149994 -672 178 ) (404.149994 -700.987976 178 ) (404.149994 -700.987976 180 ) (404.149994 -672 180 ) 
4 893 911 (404.149994 -700.987976 241.055878 ) (388.712494 -700.987976 225.615814 ) (388.712494 -700.987976 178 ) (404.149994 -700.987976 178 ) 
4 893 905 (404.149994 -693.987976 241.054626 ) (404.149994 -661.987976 241.054626 ) (381.100037 -661.987976 218 ) (381.100037 -693.987976 218 ) 
4 893 903 (388.714844 -700.987976 178 ) (388.714844 -700.987976 225.625000 ) (381.100037 -698.211365 218.008926 ) (381.100037 -698.211365 178 ) 
4 893 902 (381.100037 -693.987976 217.996094 ) (381.100037 -661.987976 217.996094 ) (381.100037 -661.987976 178 ) (381.100037 -693.987976 178 ) 
5 893 901 (404.149994 -700.987976 178 ) (388.718750 -700.987976 178 ) (381.100037 -698.210938 178 ) (381.100037 -672 178 ) (404.149994 -672 178 ) 
4 893 895 (381.100037 -672 178 ) (381.100037 -661.987976 178 ) (404.149994 -661.987976 178 ) (404.149994 -672 178 ) 
4 894 983 (531.101990 -687.987976 78 ) (531.101990 -693.987976 78 ) (500 -693.987976 78 ) (500 -687.987976 78 ) 
4 894 919 (500 -700.987976 78 ) (531.101990 -700.987976 78 ) (531.101990 -700.987976 83 ) (500 -700.987976 83 ) 
4 894 912 (531.101990 -700.987976 83 ) (531.101990 -700.987976 178 ) (500 -700.987976 178 ) (500 -700.987976 83 ) 
4 894 898 (500 -674 78 ) (500 -700.987976 78 ) (500 -700.987976 178 ) (500 -674 178 ) 
4 894 896 (500 -672 78 ) (500 -674 78 ) (500 -674 178 ) (500 -672 178 ) 
4 894 895 (500 -661.987976 78 ) (500 -672 78 ) (500 -672 178 ) (500 -661.987976 178 ) 
4 895 902 (381.100037 -661.987976 78 ) (381.100037 -672 78 ) (381.100037 -672 178 ) (381.100037 -661.987976 178 ) 
4 895 897 (406 -672 178 ) (404 -672 178 ) (404 -672 78 ) (406 -672 78 ) 
4 895 896 (500 -672 78 ) (500 -672 178 ) (406 -672 178 ) (406 -672 78 ) 
4 895 901 (404 -672 178 ) (381.100037 -672 178 ) (381.100037 -672 78 ) (404 -672 78 ) 
4 896 899 (406 -674 78 ) (496.942993 -674 78 ) (496.942993 -674 178 ) (406 -674 178 ) 
4 896 898 (496.942993 -674 78 ) (500 -674 78 ) (500 -674 178 ) (496.942993 -674 178 ) 
4 896 897 (406 -672 178 ) (406 -672 78 ) (406 -674 78 ) (406 -674 178 ) 
4 897 900 (404 -674 178 ) (404 -674 78 ) (406 -674 78 ) (406 -674 178 ) 
4 897 901 (404 -672 178 ) (404 -672 78 ) (404 -674 78 ) (404 -674 178 ) 
4 898 983 (500 -687.987976 78 ) (500 -693.987976 78 ) (496.942993 -693.987976 78 ) (496.942993 -687.987976 78 ) 
4 898 920 (496.942993 -700.987976 78 ) (500 -700.987976 78 ) (500 -700.987976 83 ) (496.942993 -700.987976 83 ) 
4 898 913 (500 -700.987976 83 ) (500 -700.987976 178 ) (496.942993 -700.987976 178 ) (496.942993 -700.987976 83 ) 
4 898 899 (496.942993 -674 178 ) (496.942993 -674 78 ) (496.942993 -700.987976 78 ) (496.942993 -700.987976 178 ) 
4 899 983 (406 -693.987976 78 ) (406 -687.987976 78 ) (496.942993 -687.987976 78 ) (496.942993 -693.987976 78 ) 
4 899 921 (406 -700.987976 78 ) (496.942993 -700.987976 78 ) (496.942993 -700.987976 83 ) (406 -700.987976 83 ) 
4 899 914 (496.942993 -700.987976 83 ) (496.942993 -700.987976 178 ) (406 -700.987976 178 ) (406 -700.987976 83 ) 
4 899 900 (406 -674 178 ) (406 -674 78 ) (406 -700.987976 78 ) (406 -700.987976 178 ) 
4 900 983 (404 -693.987976 78 ) (404 -687.987976 78 ) (406 -687.987976 78 ) (406 -693.987976 78 ) 
4 900 922 (404 -700.987976 78 ) (406 -700.987976 78 ) (406 -700.987976 83 ) (404 -700.987976 83 ) 
4 900 915 (406 -700.987976 83 ) (406 -700.987976 178 ) (404 -700.987976 178 ) (404 -700.987976 83 ) 
4 900 901 (404 -674 78 ) (404 -700.987976 78 ) (404 -700.987976 178 ) (404 -674 178 ) 
4 901 986 (381.100037 -693.987976 78 ) (381.100037 -687.987976 78 ) (395.100037 -687.987976 78 ) (395.100037 -693.987976 78 ) 
4 901 983 (395.100037 -693.987976 78 ) (395.100037 -687.987976 78 ) (404 -687.987976 78 ) (404 -693.987976 78 ) 
4 901 925 (388.712494 -700.987976 78 ) (399.716583 -700.987976 78 ) (399.716583 -700.987976 81 ) (388.712494 -700.987976 81 ) 
4 901 924 (399.716583 -700.987976 81 ) (399.716583 -700.987976 83 ) (388.712494 -700.987976 83 ) (388.712494 -700.987976 81 ) 
4 901 923 (399.716583 -700.987976 78 ) (404 -700.987976 78 ) (404 -700.987976 83 ) (399.716583 -700.987976 83 ) 
4 901 916 (404 -700.987976 83 ) (404 -700.987976 178 ) (388.712494 -700.987976 178 ) (388.712494 -700.987976 83 ) 
4 901 904 (388.714844 -700.987976 78 ) (388.714844 -700.987976 81 ) (381.100037 -698.211365 81 ) (381.100037 -698.211365 78 ) 
4 901 903 (388.714844 -700.987976 81 ) (388.714844 -700.987976 178 ) (381.100037 -698.211365 178 ) (381.100037 -698.211365 81 ) 
4 901 902 (381.100037 -672 78 ) (381.100037 -693.987976 78 ) (381.100037 -693.987976 178 ) (381.100037 -672 178 ) 
4 902 986 (381.100037 -687.987976 78 ) (381.100037 -693.987976 78 ) (376.100037 -693.987976 78 ) (376.100037 -687.987976 78 ) 
4 902 927 (376.100037 -661.987976 78 ) (376.100037 -693.987976 78 ) (376.100037 -693.987976 213.001236 ) (376.100037 -661.987976 213.001251 ) 
4 902 907 (376.100037 -661.987976 213 ) (376.100037 -693.987976 213 ) (381.100037 -693.987976 218 ) (381.100037 -661.987976 218 ) 
4 903 924 (381.100037 -700.987976 81 ) (388.712494 -700.987976 81 ) (388.712494 -700.987976 83 ) (381.100037 -700.987976 83 ) 
4 903 916 (388.712494 -700.987976 83 ) (388.712494 -700.987976 178 ) (381.100037 -700.987976 178 ) (381.100037 -700.987976 83 ) 
4 903 911 (388.712494 -700.987976 178 ) (388.712494 -700.987976 225.615814 ) (381.100037 -700.987976 218.002090 ) (381.100037 -700.987976 178 ) 
3 903 904 (381.100037 -698.211121 81 ) (388.715515 -700.987976 81 ) (381.100037 -700.987976 81 ) 
4 904 925 (381.100037 -700.987976 78 ) (388.712494 -700.987976 78 ) (388.712494 -700.987976 81 ) (381.100037 -700.987976 81 ) 
4 905 907 (381.100037 -661.987976 217.998032 ) (381.100037 -693.987976 217.998032 ) (381.100037 -693.987976 242 ) (381.100037 -661.987976 242 ) 
3 905 906 (381.100037 -693.987976 242 ) (381.100037 -693.987976 223.014053 ) (400.089996 -693.987976 242 ) 
3 906 911 (400.106018 -700.987976 242 ) (381.100037 -700.987976 242 ) (381.100037 -700.987976 222.998047 ) 
4 907 927 (376.100037 -693.987976 242 ) (376.100037 -661.987976 242 ) (376.100037 -661.987976 213.001251 ) (376.100037 -693.987976 213.001236 ) 
4 908 1018 (531.101990 -805.987976 218 ) (531.101990 -700.987976 218 ) (507.101990 -700.987976 242 ) (507.101959 -805.987976 242 ) 
4 908 939 (531.101990 -805.987976 178 ) (531.101990 -805.987976 213 ) (500 -805.987976 213 ) (500 -805.987976 178 ) 
4 908 937 (531.101990 -805.987976 213 ) (531.101990 -805.987976 218 ) (500 -805.987976 218 ) (500 -805.987976 213 ) 
4 908 931 (531.101990 -805.987976 218 ) (507.102661 -805.987976 242 ) (500 -805.987976 242 ) (500 -805.987976 218 ) 
4 908 912 (531.101990 -805.987976 178 ) (500 -805.987976 178 ) (500 -700.987976 178 ) (531.101990 -700.987976 178 ) 
4 908 910 (500 -700.987976 180 ) (500 -700.987976 178 ) (500 -805.987976 178 ) (500 -805.987976 180 ) 
4 908 909 (500 -700.987976 242 ) (500 -700.987976 180 ) (500 -805.987976 180 ) (500 -805.987976 242 ) 
4 909 940 (404.149994 -805.987976 213 ) (404.149994 -805.987976 180 ) (500 -805.987976 180 ) (500 -805.987976 213 ) 
4 909 937 (404.149994 -805.987976 218 ) (404.149994 -805.987976 213 ) (500 -805.987976 213 ) (500 -805.987976 218 ) 
5 909 931 (500 -805.987976 242 ) (405.093964 -805.987976 242 ) (404.149994 -805.987976 241.055878 ) (404.149994 -805.987976 218 ) (500 -805.987976 218 ) 
4 909 911 (404.149994 -700.987976 242 ) (404.149994 -700.987976 180 ) (404.149994 -805.987976 180 ) (404.149994 -805.987976 242 ) 
4 909 910 (404.149994 -805.987976 180 ) (404.149994 -700.987976 180 ) (500 -700.987976 180 ) (500 -805.987976 180 ) 
4 910 941 (404.149994 -805.987976 180 ) (404.149994 -805.987976 178 ) (500 -805.987976 178 ) (500 -805.987976 180 ) 
4 910 915 (406 -805.987976 178 ) (404.149994 -805.987976 178 ) (404.149994 -700.987976 178 ) (406 -700.987976 178 ) 
4 910 913 (500 -805.987976 178 ) (496.942993 -805.987976 178 ) (496.942993 -700.987976 178 ) (500 -700.987976 178 ) 
4 910 914 (496.942993 -805.987976 178 ) (406 -805.987976 178 ) (406 -700.987976 178 ) (496.942993 -700.987976 178 ) 
4 910 911 (404.149994 -700.987976 180 ) (404.149994 -700.987976 178 ) (404.149994 -805.987976 178 ) (404.149994 -805.987976 180 ) 
4 911 959 (381.100037 -805.987976 218 ) (381.100037 -805.987976 178 ) (385.269653 -805.987976 178 ) (385.269653 -805.987976 218 ) 
4 911 942 (385.269653 -805.987976 178 ) (404.149994 -805.987976 178 ) (404.149994 -805.987976 213 ) (385.269653 -805.987976 213 ) 
4 911 937 (404.149994 -805.987976 213 ) (404.149994 -805.987976 218 ) (385.269653 -805.987976 218 ) (385.269653 -805.987976 213 ) 
4 911 931 (381.100037 -805.987976 218.002075 ) (381.100037 -805.987976 218 ) (404.149994 -805.987976 218 ) (404.149994 -805.987976 241.055878 ) 
3 911 930 (400.092987 -805.987976 242 ) (381.100037 -805.987976 242 ) (381.100037 -805.987976 223.010056 ) 
4 911 918 (381.100037 -748.399780 178 ) (381.100037 -805.987976 178 ) (381.100037 -805.987976 242 ) (381.100037 -706.987976 242 ) 
3 911 917 (381.100037 -700.987976 236 ) (381.100037 -700.987976 178 ) (381.100037 -738.517334 178 ) 
4 911 916 (404.149994 -805.987976 178 ) (381.100037 -805.987976 178 ) (381.100037 -700.987976 178 ) (404.149994 -700.987976 178 ) 
4 912 943 (531.101990 -805.987976 83 ) (531.101990 -805.987976 178 ) (500 -805.987976 178 ) (500 -805.987976 83 ) 
4 912 919 (531.101990 -805.987976 83 ) (500 -805.987976 83 ) (500 -700.987976 83 ) (531.101990 -700.987976 83 ) 
4 912 913 (500 -700.987976 83 ) (500 -805.987976 83 ) (500 -805.987976 178 ) (500 -700.987976 178 ) 
4 913 944 (500 -805.987976 178 ) (496.942993 -805.987976 178 ) (496.942993 -805.987976 83 ) (500 -805.987976 83 ) 
4 913 920 (500 -805.987976 83 ) (496.942993 -805.987976 83 ) (496.942993 -700.987976 83 ) (500 -700.987976 83 ) 
4 913 914 (496.942993 -700.987976 83 ) (496.942993 -805.987976 83 ) (496.942993 -805.987976 178 ) (496.942993 -700.987976 178 ) 
4 914 945 (496.942993 -805.987976 178 ) (406 -805.987976 178 ) (406 -805.987976 83 ) (496.942993 -805.987976 83 ) 
4 914 921 (496.942993 -805.987976 83 ) (406 -805.987976 83 ) (406 -700.987976 83 ) (496.942993 -700.987976 83 ) 
4 914 915 (406 -700.987976 83 ) (406 -805.987976 83 ) (406 -805.987976 178 ) (406 -700.987976 178 ) 
4 915 946 (406 -805.987976 178 ) (404 -805.987976 178 ) (404 -805.987976 83 ) (406 -805.987976 83 ) 
4 915 922 (406 -805.987976 83 ) (404 -805.987976 83 ) (404 -700.987976 83 ) (406 -700.987976 83 ) 
4 915 916 (404 -700.987976 83 ) (404 -805.987976 83 ) (404 -805.987976 178 ) (404 -700.987976 178 ) 
4 916 959 (385.269653 -805.987976 178 ) (381.100037 -805.987976 178 ) (381.100037 -805.987976 83 ) (385.269653 -805.987976 83 ) 
4 916 947 (404 -805.987976 178 ) (385.269653 -805.987976 178 ) (385.269653 -805.987976 83 ) (404 -805.987976 83 ) 
3 916 924 (381.100037 -707.766785 83 ) (381.100037 -700.987976 83 ) (399.716583 -700.987976 83 ) 
5 916 923 (404 -805.987976 83 ) (381.100037 -805.987976 83 ) (381.100037 -707.766785 83 ) (399.716583 -700.987976 83 ) (404 -700.987976 83 ) 
3 916 918 (381.100037 -805.987976 89 ) (381.100037 -805.987976 178 ) (381.100037 -748.399780 178 ) 
4 916 917 (381.100037 -700.987976 178 ) (381.100037 -700.987976 83 ) (381.100037 -799.987915 83 ) (381.100037 -738.517334 178 ) 
4 919 948 (500 -805.987976 78 ) (531.101990 -805.987976 78 ) (531.101990 -805.987976 83 ) (500 -805.987976 83 ) 
4 919 920 (500 -805.987976 78 ) (500 -805.987976 83 ) (500 -700.987976 83 ) (500 -700.987976 78 ) 
4 920 949 (496.942993 -805.987976 78 ) (500 -805.987976 78 ) (500 -805.987976 83 ) (496.942993 -805.987976 83 ) 
4 920 921 (496.942993 -805.987976 78 ) (496.942993 -805.987976 83 ) (496.942993 -700.987976 83 ) (496.942993 -700.987976 78 ) 
4 921 950 (406 -805.987976 78 ) (496.942993 -805.987976 78 ) (496.942993 -805.987976 83 ) (406 -805.987976 83 ) 
4 921 922 (406 -805.987976 78 ) (406 -805.987976 83 ) (406 -700.987976 83 ) (406 -700.987976 78 ) 
4 922 951 (404 -805.987976 78 ) (406 -805.987976 78 ) (406 -805.987976 83 ) (404 -805.987976 83 ) 
4 922 923 (404 -805.987976 78 ) (404 -805.987976 83 ) (404 -700.987976 83 ) (404 -700.987976 78 ) 
4 923 959 (381.100037 -805.987976 78 ) (385.269653 -805.987976 78 ) (385.269653 -805.987976 83 ) (381.100037 -805.987976 83 ) 
4 923 952 (385.269653 -805.987976 78 ) (404 -805.987976 78 ) (404 -805.987976 83 ) (385.269653 -805.987976 83 ) 
4 923 926 (383.428925 -706.917114 78 ) (381.100037 -707.765198 78 ) (381.100037 -707.765198 81 ) (383.428925 -706.917114 81 ) 
4 923 925 (399.710938 -700.987976 81 ) (399.710938 -700.987976 78 ) (383.428925 -706.917114 78 ) (383.428925 -706.917114 81 ) 
4 923 924 (381.100037 -707.765198 83 ) (399.710938 -700.987976 83 ) (399.710938 -700.987976 81 ) (381.100037 -707.765198 81 ) 
4 924 926 (383.429718 -706.919250 81 ) (381.100037 -707.767578 81 ) (381.100037 -705.460632 81 ) (382 -702.987976 81 ) 
3 924 925 (399.718750 -700.987976 81 ) (383.429718 -706.919250 81 ) (381.272644 -700.987976 81 ) 
4 925 926 (383.431641 -706.921875 78 ) (383.431641 -706.921875 81 ) (382 -702.986633 81 ) (382 -702.986633 78 ) 
4 927 1054 (364.100037 -693.987976 242 ) (364.100037 -686.987976 242 ) (364.100037 -686.987976 78 ) (364.100037 -693.987976 78 ) 
4 927 1052 (364.100037 -686.987976 242 ) (364.100037 -661.987976 242 ) (364.100037 -661.987976 78 ) (364.100037 -686.987976 78 ) 
4 927 986 (376.100037 -687.987976 78 ) (376.100037 -693.987976 78 ) (364.100037 -693.987976 78 ) (364.100037 -687.987976 78 ) 
3 928 1054 (364.100037 -700.987976 236 ) (364.100037 -700.987976 83 ) (364.100037 -799.987915 83 ) 
3 929 1054 (364.100037 -805.987976 242 ) (364.100037 -706.987976 242 ) (364.100037 -805.987976 89 ) 
3 930 932 (381.100037 -812.987976 242 ) (381.100037 -812.987976 222.998047 ) (400.105011 -812.987976 242 ) 
4 931 959 (381.100037 -812.987976 218 ) (381.100037 -805.987976 218 ) (385.269653 -805.987976 218 ) (382.726624 -812.987976 218 ) 
4 931 937 (385.269653 -805.987976 218 ) (531.101929 -805.987976 218 ) (531.101746 -812.987976 218 ) (382.726624 -812.987976 218 ) 
5 931 932 (381.100037 -812.987976 218.002075 ) (381.100037 -812.987976 218 ) (531.101990 -812.987976 218 ) (507.101685 -812.987976 242 ) (405.093964 -812.987976 242 ) 
4 932 1019 (531.101990 -940.987976 218 ) (531.101990 -812.987976 218 ) (507.101959 -812.987976 242 ) (507.101929 -940.987976 242 ) 
4 932 962 (381.100037 -817.465210 218 ) (381.100037 -812.987976 218 ) (381.271301 -812.987976 218 ) (382 -814.988037 218 ) 
3 932 959 (381.271301 -812.987976 218 ) (382.726624 -812.987976 218 ) (382 -814.988037 218 ) 
5 932 937 (381.100037 -940.987976 218 ) (381.100037 -817.465210 218 ) (382.726624 -812.987976 218 ) (531.101746 -812.987976 218 ) (531.097839 -940.987976 218 ) 
4 932 935 (381.100037 -812.987976 218 ) (381.100037 -940.987976 218 ) (381.100037 -940.987976 242 ) (381.100037 -812.987976 242 ) 
3 932 934 (381.100037 -940.987976 242 ) (381.100037 -940.987976 223.003052 ) (400.106995 -940.987976 242 ) 
5 932 933 (381.100037 -940.987976 218.003906 ) (381.100037 -940.987976 218 ) (531.101990 -940.987976 218 ) (507.101685 -940.987976 242 ) (405.093750 -940.987976 242 ) 
5 933 966 (500 -947.987976 242 ) (405.093750 -947.987976 242 ) (404.149994 -947.987976 241.056152 ) (404.149994 -947.987976 218 ) (500 -947.987976 218 ) 
4 933 965 (531.097656 -947.987976 218 ) (507.097656 -947.987976 242 ) (500 -947.987976 242 ) (500 -947.987976 218 ) 
4 933 969 (404.149994 -947.987976 241.056152 ) (381.100037 -947.987976 218.003906 ) (381.100037 -947.987976 218 ) (404.149994 -947.987976 218 ) 
3 934 969 (400.109985 -947.987976 242 ) (381.100037 -947.987976 242 ) (381.100037 -947.987976 223 ) 
4 935 962 (376.100037 -831.228027 218 ) (376.100037 -812.987976 218 ) (381.100037 -812.987976 218 ) (381.100037 -817.465210 218 ) 
4 935 938 (376.100037 -940.987976 218 ) (376.100037 -831.228027 218 ) (381.100037 -817.465210 218 ) (381.100037 -940.987976 218 ) 
4 936 1054 (364.100037 -926.286987 242 ) (364.100037 -812.987976 242 ) (364.100037 -812.987976 218 ) (364.100037 -926.286987 218 ) 
5 936 963 (364.100037 -864.258850 218 ) (364.100037 -825.761597 218 ) (368.723938 -812.987976 218 ) (369.100037 -812.987976 218 ) (369.100037 -850.495911 218 ) 
3 936 961 (364.100037 -825.761597 218 ) (364.100037 -812.987976 218 ) (368.723938 -812.987976 218 ) 
4 936 958 (369.100037 -939.993286 218 ) (364.100037 -926.273865 218 ) (364.100037 -864.258850 218 ) (369.100037 -850.495911 218 ) 
4 937 962 (381.100037 -817.464966 218 ) (382 -814.987793 218 ) (382 -814.987793 213 ) (381.100037 -817.464966 213 ) 
4 937 959 (382 -814.987793 218 ) (385.269531 -805.987976 218 ) (385.269531 -805.987976 213 ) (382 -814.987793 213 ) 
3 937 954 (381.100037 -940.987976 213 ) (381.100037 -934.512268 213 ) (383.454041 -940.987976 213 ) 
4 937 940 (404.149994 -805.987976 213 ) (500 -805.987976 213 ) (500 -940.987976 213 ) (404.149994 -940.987976 213 ) 
4 937 939 (500 -805.987976 213 ) (531.101990 -805.987976 213 ) (531.101990 -940.987976 213 ) (500 -940.987976 213 ) 
6 937 942 (381.100037 -934.512268 213 ) (381.100037 -817.463745 213 ) (385.269165 -805.987976 213 ) (404.149994 -805.987976 213 ) (404.149994 -940.987976 213 ) (383.454041 -940.987976 213 ) 
4 937 938 (381.100037 -817.464844 218 ) (381.100037 -817.464844 213 ) (381.100037 -940.987976 213 ) (381.100037 -940.987976 218 ) 
4 938 962 (376.100037 -831.228027 218 ) (381.100037 -817.464966 218 ) (381.100037 -817.464966 213 ) (376.100037 -831.228027 213 ) 
4 938 954 (376.100037 -940.987976 213 ) (376.100037 -920.757568 213 ) (381.100037 -934.512268 213 ) (381.100037 -940.987976 213 ) 
4 938 953 (376.100037 -920.757568 213 ) (376.100037 -831.226563 213 ) (381.100037 -817.463745 213 ) (381.100037 -934.512268 213 ) 
4 939 965 (531.101990 -947.987976 178 ) (531.101990 -947.987976 213 ) (500 -947.987976 213 ) (500 -947.987976 178 ) 
4 939 943 (531.101990 -947.987976 178 ) (500 -947.987976 178 ) (500 -805.987976 178 ) (531.101990 -805.987976 178 ) 
4 939 941 (500 -805.987976 178 ) (500 -947.987976 178 ) (500 -947.987976 180 ) (500 -805.987976 180 ) 
4 939 940 (500 -947.987976 180 ) (500 -947.987976 213 ) (500 -805.987976 213 ) (500 -805.987976 180 ) 
4 940 966 (500 -947.987976 213 ) (404.149994 -947.987976 213 ) (404.149994 -947.987976 180 ) (500 -947.987976 180 ) 
4 940 942 (404.149994 -947.987976 180 ) (404.149994 -947.987976 213 ) (404.149994 -805.987976 213 ) (404.149994 -805.987976 180 ) 
4 940 941 (404.149994 -947.987976 180 ) (404.149994 -805.987976 180 ) (500 -805.987976 180 ) (500 -947.987976 180 ) 
4 941 967 (404.149994 -947.987976 180 ) (404.149994 -947.987976 178 ) (500 -947.987976 178 ) (500 -947.987976 180 ) 
4 941 946 (406 -947.987976 178 ) (404.149994 -947.987976 178 ) (404.149994 -805.987976 178 ) (406 -805.987976 178 ) 
4 941 944 (500 -947.987976 178 ) (496.942993 -947.987976 178 ) (496.942993 -805.987976 178 ) (500 -805.987976 178 ) 
4 941 945 (496.942993 -947.987976 178 ) (406 -947.987976 178 ) (406 -805.987976 178 ) (496.942993 -805.987976 178 ) 
4 941 942 (404.149994 -805.987976 178 ) (404.149994 -947.987976 178 ) (404.149994 -947.987976 180 ) (404.149994 -805.987976 180 ) 
4 942 969 (404.149994 -947.987976 213 ) (385.998657 -947.987976 213 ) (385.998657 -947.987976 178 ) (404.149994 -947.987976 178 ) 
4 942 962 (382 -814.987793 178 ) (381.100037 -817.464966 178 ) (381.100037 -817.464966 213 ) (382 -814.987793 213 ) 
4 942 959 (385.269531 -805.987976 213 ) (385.269531 -805.987976 178 ) (382 -814.987793 178 ) (382 -814.987793 213 ) 
4 942 957 (385.998535 -947.987976 178 ) (385.998535 -947.987976 213 ) (383.453949 -940.987976 213 ) (383.453949 -940.987976 178 ) 
4 942 954 (383.453949 -940.987976 213 ) (381.100037 -934.512512 213 ) (381.100037 -934.512512 178 ) (383.453949 -940.987976 178 ) 
4 942 953 (381.100037 -934.511719 178 ) (381.100037 -934.511719 213 ) (381.100037 -817.465088 213 ) (381.100037 -817.465088 178 ) 
6 942 947 (404.149994 -947.987976 178 ) (386 -947.987976 178 ) (381.100037 -934.511719 178 ) (381.100037 -817.465088 178 ) (385.269653 -805.987976 178 ) (404.149994 -805.987976 178 ) 
4 943 970 (531.101990 -947.987976 83 ) (531.101990 -947.987976 178 ) (500 -947.987976 178 ) (500 -947.987976 83 ) 
4 943 948 (500 -940.987976 83 ) (500 -805.987976 83 ) (531.101990 -805.987976 83 ) (531.101990 -940.987976 83 ) 
4 943 944 (500 -805.987976 83 ) (500 -947.987976 83 ) (500 -947.987976 178 ) (500 -805.987976 178 ) 
4 944 971 (500 -947.987976 178 ) (496.942993 -947.987976 178 ) (496.942993 -947.987976 83 ) (500 -947.987976 83 ) 
4 944 949 (496.942993 -940.987976 83 ) (496.942993 -805.987976 83 ) (500 -805.987976 83 ) (500 -940.987976 83 ) 
4 944 945 (496.942993 -805.987976 83 ) (496.942993 -947.987976 83 ) (496.942993 -947.987976 178 ) (496.942993 -805.987976 178 ) 
4 945 972 (496.942993 -947.987976 178 ) (406 -947.987976 178 ) (406 -947.987976 83 ) (496.942993 -947.987976 83 ) 
4 945 950 (406 -940.987976 83 ) (406 -805.987976 83 ) (496.942993 -805.987976 83 ) (496.942993 -940.987976 83 ) 
4 945 946 (406 -805.987976 83 ) (406 -947.987976 83 ) (406 -947.987976 178 ) (406 -805.987976 178 ) 
4 946 973 (406 -947.987976 178 ) (404 -947.987976 178 ) (404 -947.987976 83 ) (406 -947.987976 83 ) 
4 946 951 (404 -940.987976 83 ) (404 -805.987976 83 ) (406 -805.987976 83 ) (406 -940.987976 83 ) 
4 946 947 (404 -805.987976 83 ) (404 -947.987976 83 ) (404 -947.987976 178 ) (404 -805.987976 178 ) 
4 947 974 (404 -947.987976 178 ) (385.998657 -947.987976 178 ) (385.998627 -947.987976 83 ) (404 -947.987976 83 ) 
4 947 962 (382 -814.987793 83 ) (381.100037 -817.464966 83 ) (381.100037 -817.464966 178 ) (382 -814.987793 178 ) 
4 947 959 (385.269531 -805.987976 178 ) (385.269531 -805.987976 83 ) (382 -814.987793 83 ) (382 -814.987793 178 ) 
4 947 957 (385.998535 -947.987976 83 ) (385.998535 -947.987976 178 ) (383.453949 -940.987976 178 ) (383.453949 -940.987976 83 ) 
4 947 954 (383.453949 -940.987976 178 ) (381.100037 -934.512512 178 ) (381.100037 -934.512512 83 ) (383.453949 -940.987976 83 ) 
4 947 953 (381.100037 -934.511719 83 ) (381.100037 -934.511719 178 ) (381.100037 -817.465088 178 ) (381.100037 -817.465088 83 ) 
6 947 952 (383.454346 -940.987976 83 ) (381.100037 -934.511719 83 ) (381.100037 -817.465088 83 ) (385.269653 -805.987976 83 ) (404 -805.987976 83 ) (404 -940.987976 83 ) 
4 948 949 (500 -940.987976 78 ) (500 -940.987976 83 ) (500 -805.987976 83 ) (500 -805.987976 78 ) 
4 949 950 (496.942993 -940.987976 78 ) (496.942993 -940.987976 83 ) (496.942993 -805.987976 83 ) (496.942993 -805.987976 78 ) 
4 950 951 (406 -940.987976 78 ) (406 -940.987976 83 ) (406 -805.987976 83 ) (406 -805.987976 78 ) 
4 951 952 (404 -940.987976 78 ) (404 -940.987976 83 ) (404 -805.987976 83 ) (404 -805.987976 78 ) 
4 952 964 (381.100037 -817.464966 81 ) (381.100037 -817.464966 83 ) (382 -814.987793 83 ) (382 -814.987793 81 ) 
4 952 959 (385.269531 -805.987976 83 ) (385.269531 -805.987976 78 ) (382 -814.987793 78 ) (382 -814.987793 83 ) 
4 952 956 (382 -936.988159 78 ) (383.453949 -940.987976 78 ) (383.453949 -940.987976 81 ) (382 -936.988159 81 ) 
4 952 955 (383.453949 -940.987976 83 ) (381.100037 -934.512512 83 ) (381.100037 -934.512512 81 ) (383.453949 -940.987976 81 ) 
4 953 962 (376.100037 -831.228027 83 ) (376.100037 -831.228027 213 ) (381.100037 -817.464966 213 ) (381.100037 -817.464966 83 ) 
4 953 954 (381.100037 -934.512512 213 ) (376.100037 -920.757813 213 ) (376.100037 -920.757813 83 ) (381.100037 -934.512512 83 ) 
4 954 957 (383.453125 -940.987976 83 ) (383.453125 -940.987976 213 ) (381.100037 -940.987976 213 ) (381.100037 -940.987976 83 ) 
3 954 955 (383.457031 -940.987976 83 ) (381.100037 -940.987976 83 ) (381.100037 -934.502991 83 ) 
4 955 956 (383.457031 -940.987976 81 ) (381.100037 -940.987976 81 ) (381.100037 -939.460388 81 ) (382.001617 -936.983582 81 ) 
4 957 974 (385.998627 -947.987976 83 ) (385.998657 -947.987976 178 ) (381.100037 -947.987976 178 ) (381.100037 -947.987976 83 ) 
4 957 969 (385.998657 -947.987976 178 ) (385.998657 -947.987976 213 ) (381.100037 -947.987976 213 ) (381.100037 -947.987976 178 ) 
4 958 1054 (364.100037 -926.286987 83 ) (364.100037 -926.286987 218 ) (364.100037 -864.258972 218 ) (364.100037 -864.258911 83 ) 
4 958 963 (364.100037 -864.259399 218 ) (369.100037 -850.496338 218 ) (369.100037 -850.496338 83 ) (364.100037 -864.259399 83 ) 
4 959 964 (382 -814.990234 81 ) (382 -814.990234 83 ) (381.271454 -812.987976 83 ) (381.271454 -812.987976 81 ) 
4 959 962 (382 -814.990234 83 ) (382 -814.990234 218 ) (381.271454 -812.987976 218 ) (381.271454 -812.987976 83 ) 
4 959 960 (381.271454 -812.987976 218 ) (381.100037 -812.517517 218 ) (381.100037 -812.517517 81 ) (381.271454 -812.987976 81 ) 
4 961 1054 (364.100037 -825.761597 83 ) (364.100037 -825.761597 218 ) (364.100037 -812.987976 218 ) (364.100037 -812.987976 83 ) 
4 961 963 (368.723633 -812.987976 83 ) (368.723633 -812.987976 218 ) (364.100037 -825.760803 218 ) (364.100037 -825.760803 83 ) 
4 962 964 (381.100037 -812.987976 83 ) (381.271301 -812.987976 83 ) (382 -814.987915 83 ) (381.100037 -817.465149 83 ) 
4 963 1054 (364.100037 -864.258911 83 ) (364.100037 -864.258972 218 ) (364.100037 -825.761597 218 ) (364.100037 -825.761597 83 ) 
5 965 1028 (507.101959 -1014.989990 242 ) (500 -1014.989990 242 ) (500 -1014.989990 178 ) (531.101990 -1014.989990 178 ) (531.101990 -1014.989990 218 ) 
4 965 1020 (507.101929 -1014.989990 242 ) (531.101990 -1014.989990 218 ) (531.101990 -947.987976 218 ) (507.101929 -947.987976 242 ) 
4 965 975 (531.101990 -1002 178 ) (531.101990 -1014.989990 178 ) (500 -1014.989990 178 ) (500 -1002 178 ) 
4 965 970 (500 -947.987976 178 ) (531.101990 -947.987976 178 ) (531.101990 -1002 178 ) (500 -1002 178 ) 
4 965 967 (500 -947.987976 180 ) (500 -947.987976 178 ) (500 -1004 178 ) (500 -1004 180 ) 
4 965 966 (500 -947.987976 242 ) (500 -947.987976 180 ) (500 -1004 180 ) (500 -1004 242 ) 
4 965 968 (500 -1004 178 ) (500 -1014.989990 178 ) (500 -1014.989990 242 ) (500 -1004 242 ) 
4 966 968 (404.149994 -1004 242 ) (404.149994 -1004 180 ) (500 -1004 180 ) (500 -1004 242 ) 
4 966 969 (404.149994 -947.987976 242 ) (404.149994 -947.987976 180 ) (404.149994 -1004 180 ) (404.149994 -1004 242 ) 
4 966 967 (500 -1004 180 ) (404.149994 -1004 180 ) (404.149994 -947.987976 180 ) (500 -947.987976 180 ) 
4 967 976 (499.340027 -1004 178 ) (404.149994 -1004 178 ) (404.149994 -1002 178 ) (499.340027 -1002 178 ) 
4 967 975 (500 -1002 178 ) (500 -1004 178 ) (499.340027 -1004 178 ) (499.340027 -1002 178 ) 
4 967 973 (404.149994 -947.987976 178 ) (406 -947.987976 178 ) (406 -1002 178 ) (404.149994 -1002 178 ) 
4 967 971 (496.942993 -947.987976 178 ) (500 -947.987976 178 ) (500 -1002 178 ) (496.942993 -1002 178 ) 
4 967 972 (406 -947.987976 178 ) (496.942993 -947.987976 178 ) (496.942993 -1002 178 ) (406 -1002 178 ) 
4 967 968 (404.149994 -1004 180 ) (404.149994 -1004 178 ) (500 -1004 178 ) (500 -1004 180 ) 
4 967 969 (404.149994 -947.987976 180 ) (404.149994 -947.987976 178 ) (404.149994 -1004 178 ) (404.149994 -1004 180 ) 
5 968 1028 (500 -1014.989990 242 ) (405.093964 -1014.989990 242 ) (404.149994 -1014.989990 241.055878 ) (404.149994 -1014.989990 178 ) (500 -1014.989990 178 ) 
4 968 977 (499.340027 -1014.989990 178 ) (404.149994 -1014.989990 178 ) (404.149994 -1004 178 ) (499.340027 -1004 178 ) 
4 968 975 (500 -1004 178 ) (500 -1014.989990 178 ) (499.340027 -1014.989990 178 ) (499.340027 -1004 178 ) 
4 968 969 (404.149994 -1004 178 ) (404.149994 -1014.989990 178 ) (404.149994 -1014.989990 242 ) (404.149994 -1004 242 ) 
3 969 1029 (400.103973 -1014.989990 242 ) (381.100037 -1014.989990 242 ) (381.100037 -1014.989990 222.998062 ) 
4 969 1028 (381.100037 -1014.989990 218.002075 ) (381.100037 -1014.989990 178 ) (404.149994 -1014.989990 178 ) (404.149994 -1014.989990 241.055878 ) 
3 969 980 (381.100037 -991.865051 178 ) (381.100037 -1014.989990 178 ) (381.100037 -1014.989990 236 ) 
4 969 979 (381.100037 -947.987976 242 ) (381.100037 -947.987976 178 ) (381.100037 -983.476013 178 ) (381.100037 -1008.989929 242 ) 
4 969 978 (381.100037 -1014.989990 178 ) (381.100037 -1002 178 ) (404.149994 -1002 178 ) (404.149994 -1014.989990 178 ) 
4 969 974 (381.100037 -1002 178 ) (381.100037 -947.987976 178 ) (404.149994 -947.987976 178 ) (404.149994 -1002 178 ) 
4 970 975 (531.101990 -1002 178 ) (500 -1002 178 ) (500 -1002 78 ) (531.101990 -1002 78 ) 
4 970 971 (500 -1002 78 ) (500 -1002 178 ) (500 -947.987976 178 ) (500 -947.987976 78 ) 
4 971 976 (499.340027 -1002 178 ) (496.942993 -1002 178 ) (496.942993 -1002 78 ) (499.340027 -1002 78 ) 
4 971 975 (500 -1002 178 ) (499.340027 -1002 178 ) (499.340027 -1002 78 ) (500 -1002 78 ) 
4 971 972 (496.942993 -1002 78 ) (496.942993 -1002 178 ) (496.942993 -947.987976 178 ) (496.942993 -947.987976 78 ) 
4 972 976 (496.942993 -1002 178 ) (406 -1002 178 ) (406 -1002 78 ) (496.942993 -1002 78 ) 
4 972 973 (406 -1002 78 ) (406 -1002 178 ) (406 -947.987976 178 ) (406 -947.987976 78 ) 
4 973 976 (406 -1002 178 ) (404 -1002 178 ) (404 -1002 78 ) (406 -1002 78 ) 
4 973 974 (404 -1002 78 ) (404 -1002 178 ) (404 -947.987976 178 ) (404 -947.987976 78 ) 
4 974 980 (381.100037 -953.987976 83 ) (381.100037 -1002 83 ) (381.100037 -1002 178 ) (381.100037 -991.865051 178 ) 
3 974 979 (381.100037 -947.987976 178 ) (381.100037 -947.987976 88.980507 ) (381.100037 -983.476013 178 ) 
4 974 978 (404 -1002 178 ) (381.100037 -1002 178 ) (381.100037 -1002 78 ) (404 -1002 78 ) 
4 975 1030 (499.340027 -1014.989990 78 ) (531.101990 -1014.989990 78 ) (531.101990 -1014.989990 83 ) (499.340027 -1014.989990 83 ) 
4 975 1028 (531.101990 -1014.989990 83 ) (531.101990 -1014.989990 178 ) (499.340027 -1014.989990 178 ) (499.340027 -1014.989990 83 ) 
4 975 977 (499.340027 -1004 78 ) (499.340027 -1014.989990 78 ) (499.340027 -1014.989990 178 ) (499.340027 -1004 178 ) 
4 975 976 (499.340027 -1002 178 ) (499.340027 -1002 78 ) (499.340027 -1004 78 ) (499.340027 -1004 178 ) 
4 976 978 (404 -1002 178 ) (404 -1002 78 ) (404 -1004 78 ) (404 -1004 178 ) 
4 976 977 (404 -1004 178 ) (404 -1004 78 ) (499.340027 -1004 78 ) (499.340027 -1004 178 ) 
4 977 1030 (404 -1014.989990 78 ) (499.340027 -1014.989990 78 ) (499.340027 -1014.989990 83 ) (404 -1014.989990 83 ) 
4 977 1028 (499.340027 -1014.989990 83 ) (499.340027 -1014.989990 178 ) (404 -1014.989990 178 ) (404 -1014.989990 83 ) 
4 977 978 (404 -1004 78 ) (404 -1014.989990 78 ) (404 -1014.989990 178 ) (404 -1004 178 ) 
4 978 1030 (381.100037 -1014.989990 83 ) (381.100037 -1014.989990 78 ) (404 -1014.989990 78 ) (404 -1014.989990 83 ) 
4 978 1028 (381.100037 -1014.989990 178 ) (381.100037 -1014.989990 83 ) (404 -1014.989990 83 ) (404 -1014.989990 178 ) 
4 978 980 (381.100037 -1014.989990 83 ) (381.100037 -1014.989990 178 ) (381.100037 -1002 178 ) (381.100037 -1002 83 ) 
3 981 1054 (364.100037 -1008.989929 242 ) (364.100037 -947.987976 242 ) (364.100037 -947.987976 88.980499 ) 
3 982 1054 (364.100037 -1014.989990 83 ) (364.100037 -1014.989990 236 ) (364.100037 -953.987976 83 ) 
4 983 986 (395.100037 -693.987976 78 ) (395.100037 -687.987976 78 ) (395.100037 -687.987976 73 ) (395.100037 -693.987976 73 ) 
4 983 985 (395.100037 -693.987976 73 ) (395.100037 -687.987976 73 ) (517.101990 -687.987976 73 ) (517.101990 -693.987976 73 ) 
3 984 1154 (531.101990 -701.050232 0 ) (531.101990 -704.920654 0 ) (525.791626 -702.984436 0 ) 
5 984 1152 (531.101990 -704.920654 0 ) (531.101990 -765.110962 0 ) (517.101990 -770.211914 0 ) (517.101990 -706.149536 0 ) (525.791626 -702.984436 0 ) 
4 984 1131 (517.101990 -661.987976 0 ) (531.101990 -661.987976 0 ) (531.101990 -701.050232 0 ) (517.101990 -706.149536 0 ) 
4 984 1123 (531.101990 -961.409790 0 ) (531.101990 -1014.989990 0 ) (517.101990 -1014.989990 0 ) (517.101990 -966.483765 0 ) 
3 984 1109 (531.101990 -765.110962 0 ) (531.101990 -796.083862 0 ) (521.125916 -768.745789 0 ) 
5 984 1105 (531.101990 -796.083862 0 ) (531.101990 -918.002563 0 ) (517.101990 -879.470581 0 ) (517.101990 -770.211914 0 ) (521.125916 -768.745789 0 ) 
4 984 1103 (531.101990 -918.002563 0 ) (531.101990 -949.053162 0 ) (517.101990 -954.155457 0 ) (517.101990 -879.470581 0 ) 
4 984 1101 (531.101990 -949.053162 0 ) (531.101990 -961.409790 0 ) (517.101990 -966.483765 0 ) (517.101990 -954.155457 0 ) 
4 984 1031 (517.101990 -1014.989990 0 ) (531.101990 -1014.989990 0 ) (531.101990 -1014.989990 61 ) (517.101990 -1014.989990 61 ) 
4 984 985 (517.101990 -1014.989990 0 ) (517.101990 -1014.989990 61 ) (517.101990 -661.987976 61 ) (517.101990 -661.987976 0 ) 
4 985 1152 (517.101990 -706.149536 0 ) (517.101990 -770.211914 0 ) (395.100037 -814.664063 0 ) (395.100037 -750.587463 0 ) 
3 985 1140 (398.818115 -749.233215 0 ) (395.100037 -750.587463 0 ) (395.100037 -739.009460 0 ) 
5 985 1131 (395.100037 -661.987976 0 ) (517.101990 -661.987976 0 ) (517.101990 -706.149536 0 ) (398.818115 -749.233215 0 ) (395.100037 -739.009460 0 ) 
4 985 1123 (517.101990 -966.483765 0 ) (517.101990 -1014.989990 0 ) (395.100037 -1014.989990 0 ) (395.100037 -1010.700989 0 ) 
3 985 1118 (395.100037 -901 0 ) (395.100037 -814.664063 0 ) (431.332703 -801.462463 0 ) 
3 985 1105 (517.101990 -770.211914 0 ) (517.101990 -879.470581 0 ) (482.045532 -782.984924 0 ) 
6 985 1103 (517.101990 -879.470581 0 ) (517.101990 -954.155457 0 ) (395.100037 -998.619324 0 ) (395.100037 -901 0 ) (431.332703 -801.462463 0 ) (482.045532 -782.984924 0 ) 
4 985 1101 (517.101990 -954.155457 0 ) (517.101990 -966.483765 0 ) (395.100037 -1010.700989 0 ) (395.100037 -998.619324 0 ) 
4 985 1032 (395.100037 -1014.989990 0 ) (517.101990 -1014.989990 0 ) (517.101990 -1014.989990 73 ) (395.100037 -1014.989990 73 ) 
4 985 1002 (395.100037 -850.942322 61 ) (395.100037 -850.942322 0 ) (395.100037 -901 0 ) (395.100037 -901 61 ) 
4 985 1000 (395.100037 -1014.989990 0 ) (395.100037 -1014.989990 61 ) (395.100037 -901 61 ) (395.100037 -901 0 ) 
4 985 992 (395.100037 -739.009521 61 ) (395.100037 -739.009521 0 ) (395.100037 -850.942322 0 ) (395.100037 -850.942322 61 ) 
4 985 990 (395.100037 -693.987976 61 ) (395.100037 -693.987976 0 ) (395.100037 -739.009521 0 ) (395.100037 -739.009521 61 ) 
4 985 987 (395.100037 -661.987976 61 ) (395.100037 -661.987976 0 ) (395.100037 -693.987976 0 ) (395.100037 -693.987976 61 ) 
4 986 1054 (364.100037 -693.987976 73 ) (364.100037 -693.987976 78 ) (364.100037 -687.987976 78 ) (364.100037 -687.987976 73 ) 
4 986 988 (376.100037 -693.987976 73 ) (364.100037 -693.987976 73 ) (364.100037 -687.987976 73 ) (376.100037 -687.987976 73 ) 
3 987 1139 (378.726929 -693.987976 0 ) (376.100037 -693.987976 0 ) (376.100037 -686.764709 0 ) 
5 987 1131 (376.100037 -661.987976 0 ) (395.100037 -661.987976 0 ) (395.100037 -693.987976 0 ) (378.726929 -693.987976 0 ) (376.100037 -686.764709 0 ) 
4 987 991 (378.726929 -693.987976 61 ) (376.100037 -693.987976 61 ) (376.100037 -693.987976 0 ) (378.726929 -693.987976 0 ) 
4 987 990 (395.100037 -693.987976 0 ) (395.100037 -693.987976 61 ) (378.726929 -693.987976 61 ) (378.726929 -693.987976 0 ) 
4 987 988 (376.100037 -693.987976 0 ) (376.100037 -693.987976 61 ) (376.100037 -661.987976 61 ) (376.100037 -661.987976 0 ) 
4 988 1139 (374.985474 -683.700012 0 ) (376.100037 -686.764709 0 ) (376.100037 -693.987976 0 ) (371.259491 -693.987976 0 ) 
5 988 1138 (364.100037 -693.987976 0 ) (364.100037 -661.987976 0 ) (367.089417 -661.987976 0 ) (374.985474 -683.700012 0 ) (371.259491 -693.987976 0 ) 
3 988 1131 (367.089417 -661.987976 0 ) (376.100037 -661.987976 0 ) (376.100037 -686.764709 0 ) 
4 988 1054 (364.100037 -686.987976 0 ) (364.100037 -693.987976 0 ) (364.100037 -693.987976 73 ) (364.100037 -686.987976 73 ) 
4 988 1052 (364.100037 -661.987976 0 ) (364.100037 -686.987976 0 ) (364.100037 -686.987976 73 ) (364.100037 -661.987976 73 ) 
4 988 994 (376.100037 -693.987976 73 ) (371.259491 -693.987976 73 ) (371.259491 -693.987976 0 ) (376.100037 -693.987976 0 ) 
4 988 989 (371.259491 -693.987976 73 ) (364.100037 -693.987976 73 ) (364.100037 -693.987976 0 ) (371.259491 -693.987976 0 ) 
3 989 1138 (364.100037 -713.756226 0 ) (364.100037 -693.987976 0 ) (371.259460 -693.987976 0 ) 
4 989 1054 (364.100037 -693.987976 0 ) (364.100037 -713.756226 0 ) (364.100037 -713.756226 73 ) (364.100037 -693.987976 73 ) 
4 989 998 (371.057068 -694.550293 73 ) (369.857483 -697.862610 73 ) (369.858215 -697.860535 0 ) (371.057068 -694.550293 0 ) 
4 989 997 (368 -702.990173 73 ) (366.576782 -706.921143 73 ) (366.576782 -706.921143 0 ) (368 -702.989990 0 ) 
4 989 995 (366.576782 -706.921143 73 ) (364.100037 -713.759766 73 ) (364.100037 -713.759766 0 ) (366.576782 -706.921143 0 ) 
4 989 994 (371.260742 -693.987976 0 ) (371.260742 -693.987976 73 ) (371.057068 -694.550293 73 ) (371.057068 -694.550293 0 ) 
3 990 1131 (378.726929 -693.987976 0 ) (395.100037 -693.987976 0 ) (395.100037 -739.009521 0 ) 
4 990 993 (383.430969 -706.918030 61 ) (382 -702.985718 61 ) (382 -702.985718 0 ) (383.430969 -706.918030 0 ) 
4 990 992 (395.100037 -739.003906 0 ) (395.100037 -739.003906 61 ) (383.430969 -706.918030 61 ) (383.430969 -706.918030 0 ) 
4 990 991 (380.137146 -697.861206 61 ) (378.728516 -693.987976 61 ) (378.728516 -693.987976 0 ) (380.137146 -697.861206 0 ) 
4 991 1139 (376.100037 -693.987976 0 ) (378.726929 -693.987976 0 ) (380.135254 -697.860474 0 ) (376.100037 -696.389099 0 ) 
4 991 994 (376.100037 -693.987976 61 ) (376.100037 -693.987976 0 ) (376.100037 -696.389099 0 ) (376.100037 -696.389099 61 ) 
5 992 1152 (395.100037 -750.587463 0 ) (395.100037 -814.664063 0 ) (383.431091 -818.915710 0 ) (376.100037 -798.794861 0 ) (376.100037 -757.508057 0 ) 
4 992 1141 (383.429443 -706.918640 0 ) (386.002502 -713.993835 0 ) (376.100037 -710.388428 0 ) (376.100037 -709.587402 0 ) 
5 992 1140 (386.002502 -713.993835 0 ) (395.100037 -739.009521 0 ) (395.100037 -750.587463 0 ) (376.100037 -757.508057 0 ) (376.100037 -710.388428 0 ) 
3 992 1118 (395.100037 -814.664063 0 ) (395.100037 -850.942322 0 ) (383.431091 -818.915710 0 ) 
4 992 1011 (383.431122 -818.915588 61 ) (382 -814.987793 61 ) (382 -814.987793 0 ) (383.431183 -818.915710 0 ) 
4 992 1010 (380.131378 -809.859131 61 ) (376.100037 -798.794739 61 ) (376.100037 -798.794739 0 ) (380.131378 -809.859131 0 ) 
4 992 1002 (395.100037 -850.941956 0 ) (395.100037 -850.941956 61 ) (383.431122 -818.915588 61 ) (383.431183 -818.915710 0 ) 
4 992 996 (376.100037 -709.587402 0 ) (376.100037 -710.388428 0 ) (376.100037 -710.388428 61 ) (376.100037 -709.587402 61 ) 
4 992 995 (376.100037 -710.388428 0 ) (376.100037 -798.794922 0 ) (376.100037 -798.794922 61 ) (376.100037 -710.388428 61 ) 
4 992 993 (380.132843 -708.117981 61 ) (383.429688 -706.917969 61 ) (383.429688 -706.917969 0 ) (380.132843 -708.117981 0 ) 
3 993 1143 (382 -702.988037 0 ) (383.429443 -706.918640 0 ) (380.132416 -708.119141 0 ) 
4 994 1139 (371.055939 -694.549927 0 ) (371.259460 -693.987976 0 ) (376.100037 -693.987976 0 ) (376.100037 -696.389099 0 ) 
4 994 998 (371.055786 -694.550354 73 ) (371.055786 -694.550354 0 ) (375.003235 -695.989685 0 ) (375.005615 -695.990601 73 ) 
4 995 1152 (364.100037 -765.859619 0 ) (364.100037 -761.878906 0 ) (376.100037 -757.508057 0 ) (376.100037 -798.794861 0 ) 
5 995 1140 (364.100037 -761.878906 0 ) (364.100037 -713.756226 0 ) (366.575653 -706.920654 0 ) (376.100037 -710.388489 0 ) (376.100037 -757.508057 0 ) 
4 995 1054 (364.100037 -713.756226 0 ) (364.100037 -765.859619 0 ) (364.100037 -765.859619 73 ) (364.100037 -713.756226 73 ) 
4 995 1012 (374.977234 -795.713074 0 ) (376.100037 -798.794739 0 ) (376.100037 -798.794739 73 ) (374.977234 -795.713074 73 ) 
4 995 999 (364.100037 -765.859680 73 ) (364.100037 -765.859680 0 ) (374.977234 -795.713074 0 ) (374.977234 -795.713074 73 ) 
4 995 997 (369.874084 -708.122864 0 ) (366.575226 -706.921814 0 ) (366.575226 -706.921814 73 ) (369.873932 -708.122803 73 ) 
4 995 996 (376.100037 -710.389648 73 ) (376.100037 -710.389648 0 ) (374.998444 -709.988586 0 ) (374.998444 -709.988586 73 ) 
3 996 1141 (376.100037 -709.587463 0 ) (376.100037 -710.388489 0 ) (375 -709.987976 0 ) 
3 997 1142 (366.575653 -706.920654 0 ) (368 -702.988159 0 ) (369.873566 -708.121399 0 ) 
3 998 1144 (369.856720 -697.861084 0 ) (371.055939 -694.549927 0 ) (375.003998 -695.989441 0 ) 
3 999 1159 (364.100037 -825.761658 0 ) (364.100037 -765.859619 0 ) (374.977203 -795.713135 0 ) 
4 999 1054 (364.100037 -765.859619 0 ) (364.100037 -825.761658 0 ) (364.100037 -825.761658 73 ) (364.100037 -765.859619 73 ) 
4 999 1015 (368 -814.987427 73 ) (366.577484 -818.915588 73 ) (366.577484 -818.915588 0 ) (368 -814.987244 0 ) 
4 999 1014 (371.054016 -806.549011 73 ) (369.856232 -809.857910 73 ) (369.856232 -809.857910 0 ) (371.054016 -806.549011 0 ) 
4 999 1013 (366.577484 -818.915588 73 ) (364.100037 -825.759644 73 ) (364.100037 -825.759644 0 ) (366.577484 -818.915588 0 ) 
4 999 1012 (374.976563 -795.712891 0 ) (374.976563 -795.712891 73 ) (371.054016 -806.549011 73 ) (371.054016 -806.549011 0 ) 
3 1000 1123 (395.100037 -1010.700989 0 ) (395.100037 -1014.989990 0 ) (383.265839 -1014.989990 0 ) 
4 1000 1103 (395.100037 -901 0 ) (395.100037 -998.619324 0 ) (376.100037 -1005.543823 0 ) (376.100037 -953.197510 0 ) 
5 1000 1101 (395.100037 -998.619324 0 ) (395.100037 -1010.700989 0 ) (383.265839 -1014.989990 0 ) (376.100037 -1014.989990 0 ) (376.100037 -1005.543823 0 ) 
4 1000 1033 (376.100037 -1014.989990 0 ) (395.100037 -1014.989990 0 ) (395.100037 -1014.989990 61 ) (376.100037 -1014.989990 61 ) 
4 1000 1005 (376.100037 -953.197510 0 ) (376.100037 -959.213501 0 ) (376.100037 -959.213501 61 ) (376.100037 -953.196655 61 ) 
4 1000 1004 (376.100037 -959.213501 0 ) (376.100037 -1014.989990 0 ) (376.100037 -1014.989990 61 ) (376.100037 -959.213501 61 ) 
4 1000 1003 (382 -936.989441 61 ) (383.430054 -933.062378 61 ) (383.430450 -933.062134 0 ) (382 -936.989929 0 ) 
4 1000 1002 (383.430054 -933.062378 61 ) (395.100037 -901.002686 61 ) (395.100037 -901.003479 0 ) (383.430450 -933.062134 0 ) 
4 1000 1001 (376.100037 -953.200195 0 ) (376.100037 -953.199402 61 ) (380.134583 -942.115662 61 ) (380.134918 -942.115601 0 ) 
3 1001 1117 (380.133789 -942.115906 0 ) (376.100037 -953.197510 0 ) (376.100037 -943.586792 0 ) 
4 1001 1005 (376.100037 -943.586792 0 ) (376.100037 -953.197510 0 ) (376.100037 -953.196655 61 ) (376.100037 -943.586792 61 ) 
4 1002 1120 (386.002502 -925.993347 0 ) (383.429535 -933.061829 0 ) (376.100037 -930.388611 0 ) (376.100037 -929.588623 0 ) 
6 1002 1118 (376.100037 -821.586853 0 ) (383.431091 -818.915710 0 ) (395.100037 -850.942322 0 ) (395.100037 -901 0 ) (386.002502 -925.993347 0 ) (376.100037 -929.588623 0 ) 
4 1002 1011 (383.432404 -818.914734 61 ) (383.432465 -818.914917 0 ) (380.137177 -820.115540 0 ) (380.137268 -820.115295 61 ) 
4 1002 1009 (376.100037 -929.588623 0 ) (376.100037 -930.388672 0 ) (376.100037 -930.389038 61 ) (376.100037 -929.588623 61 ) 
4 1002 1006 (376.100037 -821.587708 61 ) (376.100037 -821.587891 0 ) (376.100037 -929.588623 0 ) (376.100037 -929.588623 61 ) 
4 1002 1003 (383.429840 -933.061035 0 ) (383.429443 -933.061279 61 ) (380.135956 -931.860107 61 ) (380.135803 -931.859680 0 ) 
3 1003 1121 (383.429535 -933.061829 0 ) (382 -936.988525 0 ) (380.136169 -931.860657 0 ) 
3 1004 1116 (364.100037 -986.163757 0 ) (364.100037 -926.286987 0 ) (375.004425 -956.207275 0 ) 
5 1004 1103 (364.100037 -1009.917358 0 ) (364.100037 -986.163757 0 ) (375.004425 -956.207275 0 ) (376.100037 -959.213501 0 ) (376.100037 -1005.543823 0 ) 
4 1004 1101 (364.100037 -1014.989990 0 ) (364.100037 -1009.917358 0 ) (376.100037 -1005.543823 0 ) (376.100037 -1014.989990 0 ) 
4 1004 1054 (364.100037 -926.286987 0 ) (364.100037 -1014.989990 0 ) (364.100037 -1014.989990 73 ) (364.100037 -926.286987 73 ) 
4 1004 1036 (364.100037 -1014.989990 73 ) (364.100037 -1014.989990 0 ) (366.721100 -1014.989990 0 ) (366.710510 -1014.989990 73 ) 
4 1004 1035 (366.721100 -1014.989990 0 ) (376.100037 -1014.989990 0 ) (376.100037 -1014.989990 73 ) (366.710510 -1014.989990 73 ) 
4 1004 1008 (368 -936.986206 0 ) (366.565735 -933.050110 0 ) (366.565735 -933.050110 73 ) (368 -936.986694 73 ) 
4 1004 1007 (371.073792 -945.419556 0 ) (369.870056 -942.116699 0 ) (369.870300 -942.117371 73 ) (371.073792 -945.419556 73 ) 
4 1004 1006 (366.565735 -933.050110 0 ) (364.100037 -926.284607 0 ) (364.100037 -926.284607 73 ) (366.565735 -933.050110 73 ) 
4 1004 1005 (376.100037 -959.210938 73 ) (376.100037 -959.210938 0 ) (371.073792 -945.419556 0 ) (371.073792 -945.419556 73 ) 
4 1005 1117 (376.100037 -943.586792 0 ) (376.100037 -953.197449 0 ) (375.004425 -956.207275 0 ) (371.072968 -945.419861 0 ) 
3 1005 1103 (376.100037 -953.197449 0 ) (376.100037 -959.213501 0 ) (375.004425 -956.207275 0 ) 
4 1005 1007 (375.001862 -943.987976 0 ) (371.074219 -945.419922 0 ) (371.074219 -945.419922 73 ) (375.001038 -943.988281 73 ) 
5 1006 1118 (364.100037 -926.286987 0 ) (364.100037 -825.959106 0 ) (376.100037 -821.586853 0 ) (376.100037 -929.588623 0 ) (366.564972 -933.050415 0 ) 
4 1006 1054 (364.100037 -825.761658 0 ) (364.100037 -926.286987 0 ) (364.100037 -926.286987 73 ) (364.100037 -825.761658 73 ) 
4 1006 1013 (374.998932 -821.987610 0 ) (364.100037 -825.958496 0 ) (364.100037 -825.958313 73 ) (374.998596 -821.987549 73 ) 
4 1006 1009 (375 -929.987732 0 ) (376.100037 -929.588684 0 ) (376.100037 -929.588684 73 ) (375 -929.987976 73 ) 
4 1006 1008 (366.564941 -933.050537 73 ) (366.564941 -933.050537 0 ) (369.863251 -931.853027 0 ) (369.863617 -931.852905 73 ) 
3 1007 1119 (375 -943.987610 0 ) (371.072968 -945.419861 0 ) (369.868988 -942.116272 0 ) 
3 1008 1122 (368 -936.987427 0 ) (366.564972 -933.050415 0 ) (369.863281 -931.852905 0 ) 
3 1009 1120 (376.100037 -929.588623 0 ) (376.100037 -930.388611 0 ) (375 -929.987732 0 ) 
3 1010 1160 (376.100037 -798.794861 0 ) (380.131287 -809.859070 0 ) (376.100037 -808.389099 0 ) 
4 1010 1012 (376.100037 -798.794922 61 ) (376.100037 -798.794922 0 ) (376.100037 -808.389099 0 ) (376.100037 -808.389099 61 ) 
3 1011 1163 (382 -814.987915 0 ) (383.431091 -818.915710 0 ) (380.137024 -820.115967 0 ) 
4 1012 1160 (371.054657 -806.549316 0 ) (374.977203 -795.713135 0 ) (376.100037 -798.794861 0 ) (376.100037 -808.389099 0 ) 
4 1012 1014 (371.056702 -806.550842 73 ) (371.056702 -806.550842 0 ) (375 -807.988281 0 ) (375 -807.988281 73 ) 
4 1013 1161 (364.100037 -825.959106 0 ) (364.100037 -825.761658 0 ) (366.578125 -818.915833 0 ) (375 -821.987854 0 ) 
4 1013 1015 (369.870911 -820.115845 0 ) (366.578247 -818.914673 0 ) (366.578247 -818.914673 73 ) (369.870728 -820.115784 73 ) 
3 1014 1162 (369.857117 -809.857544 0 ) (371.054657 -806.549316 0 ) (375 -807.987976 0 ) 
3 1015 1164 (366.578125 -818.915833 0 ) (368 -814.988220 0 ) (369.871368 -820.117188 0 ) 
3 1016 1027 (531.101990 -1014.989990 242 ) (512.101929 -1014.989990 242 ) (531.101990 -1014.989990 223 ) 
4 1016 1020 (531.101990 -947.987976 223 ) (531.101990 -1014.989990 223 ) (512.101990 -1014.989990 242 ) (512.101990 -947.987976 242 ) 
4 1016 1018 (531.101990 -700.987976 223 ) (531.101990 -805.987976 223 ) (512.101929 -805.987976 242 ) (512.101929 -700.987976 242 ) 
4 1016 1019 (531.101990 -812.987976 223 ) (531.101990 -940.987976 223 ) (512.101990 -940.987976 242 ) (512.101929 -812.987976 242 ) 
4 1016 1017 (512.101929 -661.987976 242 ) (531.101990 -661.987976 223 ) (531.101990 -693.987976 223 ) (512.101929 -693.987976 242 ) 
4 1021 1296 (548.101990 -1024 83 ) (548.101990 -1024 81 ) (765.660339 -1024 81 ) (763.036987 -1024 83 ) 
4 1021 1294 (554.478577 -1024 242 ) (548.101990 -1024 242 ) (548.101990 -1024 83 ) (763.036987 -1024 83 ) 
4 1021 1043 (557.100464 -1024 240.002380 ) (765.662964 -1024 81 ) (765.662903 -1014.989990 81 ) (557.100525 -1014.989990 240.002304 ) 
3 1021 1023 (550.127747 -1019.859497 81 ) (561.484375 -1024 81 ) (551.638733 -1024 81 ) 
5 1021 1022 (548.101990 -1019.120911 81 ) (548.101990 -1014.989990 81 ) (765.660339 -1014.989990 81 ) (765.660339 -1024 81 ) (561.484375 -1024 81 ) 
4 1022 1300 (561.485962 -1024 0 ) (871.907104 -1024 0 ) (765.660339 -1024 81 ) (561.484375 -1024 81 ) 
6 1022 1127 (871.907104 -1024 0 ) (561.485962 -1024 0 ) (548.101990 -1019.120361 0 ) (548.101990 -1016.860352 0 ) (553.237976 -1014.989990 0 ) (871.907104 -1014.989990 0 ) 
3 1022 1126 (548.101990 -1016.860352 0 ) (548.101990 -1014.989990 0 ) (553.237976 -1014.989990 0 ) 
4 1022 1043 (765.662964 -1024 81 ) (871.910156 -1024 0 ) (871.910156 -1014.989990 0 ) (765.662903 -1014.989990 81 ) 
4 1022 1026 (548.101990 -1016.860352 0 ) (548.101990 -1019.120361 0 ) (548.101990 -1019.120850 73 ) (548.101990 -1016.860352 73 ) 
4 1022 1025 (548.101990 -1014.989990 73 ) (548.101990 -1014.989990 0 ) (548.101990 -1016.860352 0 ) (548.101990 -1016.860352 73 ) 
4 1022 1023 (561.489380 -1024 81 ) (550.127014 -1019.857422 81 ) (550.126770 -1019.856750 0 ) (561.490906 -1024 0 ) 
4 1023 1302 (551.638733 -1024 0 ) (552.362061 -1024 0 ) (552.362061 -1024 81 ) (551.638733 -1024 81 ) 
4 1023 1300 (552.362061 -1024 0 ) (561.485962 -1024 0 ) (561.484375 -1024 81 ) (552.362061 -1024 81 ) 
3 1023 1128 (561.485962 -1024 0 ) (551.638733 -1024 0 ) (550.127563 -1019.858826 0 ) 
4 1024 1309 (537.638733 -1024 0 ) (538.360535 -1024 0 ) (538.360168 -1024 73 ) (537.638733 -1024 73 ) 
4 1024 1308 (536.101990 -1024 73 ) (536.101990 -1024 0 ) (537.638733 -1024 0 ) (537.638733 -1024 73 ) 
4 1024 1123 (538.360535 -1024 0 ) (536.101990 -1024 0 ) (536.101990 -1014.989990 0 ) (541.637939 -1014.989990 0 ) 
4 1024 1031 (536.101990 -1014.989990 61 ) (536.101990 -1014.989990 0 ) (536.101990 -1024 0 ) (536.101990 -1024 61 ) 
4 1024 1025 (541.639526 -1014.989990 0 ) (541.639160 -1014.989990 73 ) (539.868103 -1019.858887 73 ) (539.868530 -1019.858704 0 ) 
4 1025 1126 (539.866699 -1019.859436 0 ) (541.637939 -1014.989990 0 ) (548.101990 -1014.989990 0 ) (548.101990 -1016.860352 0 ) 
4 1025 1026 (545.003967 -1017.990784 0 ) (548.101990 -1016.863281 0 ) (548.101990 -1016.863281 73 ) (545.003296 -1017.991089 73 ) 
3 1026 1127 (545 -1017.989685 0 ) (548.101990 -1016.860352 0 ) (548.101990 -1019.120361 0 ) 
4 1028 1030 (381.100037 -1015.989990 83 ) (381.100037 -1014.989990 83 ) (531.101990 -1014.989990 83 ) (531.101990 -1015.989990 83 ) 
4 1031 1310 (517.101990 -1024 0 ) (536.101990 -1024 0 ) (536.101990 -1024 61 ) (517.101990 -1024 61 ) 
4 1031 1123 (536.101990 -1024 0 ) (517.101990 -1024 0 ) (517.101990 -1014.989990 0 ) (536.101990 -1014.989990 0 ) 
4 1031 1032 (517.101990 -1014.989990 61 ) (517.101990 -1014.989990 0 ) (517.101990 -1024 0 ) (517.101990 -1024 61 ) 
4 1032 1311 (395.100037 -1024 0 ) (517.101990 -1024 0 ) (517.101990 -1024 73 ) (395.100037 -1024 73 ) 
4 1032 1123 (517.101990 -1024 0 ) (395.100037 -1024 0 ) (395.100037 -1014.989990 0 ) (517.101990 -1014.989990 0 ) 
4 1032 1033 (395.100037 -1014.989990 61 ) (395.100037 -1014.989990 0 ) (395.100037 -1024 0 ) (395.100037 -1024 61 ) 
4 1033 1312 (391.578247 -1024 0 ) (395.100037 -1024 0 ) (395.100037 -1024 61 ) (391.569427 -1024 61 ) 
6 1033 1123 (395.100037 -1024 0 ) (391.578247 -1024 0 ) (376.100037 -1018.389587 0 ) (376.100037 -1017.587036 0 ) (383.265839 -1014.989990 0 ) (395.100037 -1014.989990 0 ) 
3 1033 1101 (376.100037 -1017.587036 0 ) (376.100037 -1014.989990 0 ) (383.265839 -1014.989990 0 ) 
4 1033 1035 (376.100037 -1014.989990 61 ) (376.100037 -1014.989990 0 ) (376.100037 -1018.389587 0 ) (376.100037 -1018.392822 61 ) 
4 1033 1034 (380.118683 -1019.847290 0 ) (391.575623 -1024 0 ) (391.566864 -1024 61 ) (380.119446 -1019.850769 61 ) 
4 1034 1312 (381.637054 -1024 0 ) (391.578247 -1024 0 ) (391.569427 -1024 61 ) (381.636536 -1024 61 ) 
3 1034 1125 (391.578247 -1024 0 ) (381.637054 -1024 0 ) (380.118225 -1019.846069 0 ) 
3 1035 1123 (376.100037 -1017.587036 0 ) (376.100037 -1018.389587 0 ) (374.992920 -1017.988281 0 ) 
4 1035 1101 (366.721100 -1014.989990 0 ) (376.100037 -1014.989990 0 ) (376.100037 -1017.587036 0 ) (374.992920 -1017.988281 0 ) 
4 1035 1037 (374.984131 -1017.989014 73 ) (371.063477 -1016.567871 73 ) (371.064728 -1016.564514 0 ) (374.992920 -1017.988342 0 ) 
4 1035 1036 (371.063477 -1016.567871 73 ) (366.710327 -1014.989990 73 ) (366.720856 -1014.989990 0 ) (371.064728 -1016.564514 0 ) 
4 1036 1315 (367.638916 -1024 0 ) (368.360138 -1024 0 ) (368.360138 -1024 73 ) (367.638550 -1024 73 ) 
4 1036 1314 (364.100037 -1024 73 ) (364.100037 -1024 0 ) (367.638916 -1024 0 ) (367.638550 -1024 73 ) 
4 1036 1124 (368.360138 -1024 0 ) (364.100037 -1024 0 ) (364.100037 -1021.936218 0 ) (369.871643 -1019.844482 0 ) 
5 1036 1101 (364.100037 -1021.936218 0 ) (364.100037 -1014.989990 0 ) (366.721100 -1014.989990 0 ) (371.064728 -1016.564453 0 ) (369.871643 -1019.844482 0 ) 
4 1036 1054 (364.100037 -1014.989990 0 ) (364.100037 -1024 0 ) (364.100037 -1024 73 ) (364.100037 -1014.989990 73 ) 
4 1036 1037 (371.065430 -1016.564453 0 ) (371.064209 -1016.567810 73 ) (369.873505 -1019.841309 73 ) (369.872467 -1019.844177 0 ) 
3 1037 1101 (369.871643 -1019.844482 0 ) (371.064728 -1016.564453 0 ) (374.992950 -1017.988281 0 ) 
4 1038 1040 (554.474182 -511.988007 242 ) (766.967651 -511.988007 80 ) (1024 -511.988007 80 ) (1024 -511.988007 242 ) 
4 1039 1129 (1024 -415.988007 0 ) (1024 -511.988007 0 ) (871.907104 -511.988007 0 ) (871.907104 -415.988007 0 ) 
4 1039 1040 (787.954651 -511.988007 64 ) (871.902710 -511.988007 0 ) (1024 -511.988007 0 ) (1024 -511.988007 64 ) 
4 1040 1153 (1024 -521.517334 0 ) (1024 -585.520569 0 ) (871.907104 -640.936523 0 ) (871.907104 -576.915527 0 ) 
4 1040 1129 (1024 -511.988007 0 ) (1024 -521.517334 0 ) (871.907104 -576.915527 0 ) (871.907104 -511.988007 0 ) 
4 1040 1109 (1024 -585.520569 0 ) (1024 -686.987976 0 ) (871.907104 -686.987976 0 ) (871.907104 -640.936523 0 ) 
5 1040 1041 (557.101501 -686.987976 239.996994 ) (871.902710 -686.987976 0 ) (1024 -686.987976 0 ) (1024 -686.987976 242 ) (558.103516 -686.987976 242 ) 
3 1041 1126 (1024 -782.768860 0 ) (1024 -832.987976 0 ) (885.437500 -832.987976 0 ) 
5 1041 1109 (1024 -686.987976 0 ) (1024 -782.768860 0 ) (885.437500 -832.987976 0 ) (871.907104 -832.987976 0 ) (871.907104 -686.987976 0 ) 
5 1041 1042 (557.102173 -832.987976 239.996460 ) (871.902710 -832.987976 0 ) (1024 -832.987976 0 ) (1024 -832.987976 242 ) (558.104492 -832.987976 242 ) 
3 1042 1127 (1024 -843.554565 0 ) (1024 -896.987976 0 ) (877.271790 -896.987976 0 ) 
6 1042 1126 (1024 -832.987976 0 ) (1024 -843.554565 0 ) (877.271790 -896.987976 0 ) (871.907104 -896.987976 0 ) (871.907104 -837.891785 0 ) (885.437500 -832.987976 0 ) 
3 1042 1109 (871.907104 -837.891785 0 ) (871.907104 -832.987976 0 ) (885.437500 -832.987976 0 ) 
5 1042 1043 (557.100037 -896.987976 239.998108 ) (871.902710 -896.987976 0 ) (1024 -896.987976 0 ) (1024 -896.987976 242 ) (558.100464 -896.987976 242 ) 
4 1043 1300 (1024 -1024 0 ) (1024 -1024 81 ) (765.660400 -1024 81 ) (871.907104 -1024 0 ) 
4 1043 1296 (1024 -1024 81 ) (1024 -1024 83 ) (763.037048 -1024 83 ) (765.660400 -1024 81 ) 
5 1043 1295 (1024 -1024 83 ) (1024 -1024 242 ) (558.098755 -1024 242 ) (557.099976 -1024 240.001480 ) (763.037048 -1024 83 ) 
5 1043 1127 (1024 -896.987976 0 ) (1024 -1024 0 ) (871.907104 -1024 0 ) (871.907104 -898.941589 0 ) (877.271790 -896.987976 0 ) 
3 1043 1126 (871.907104 -898.941589 0 ) (871.907104 -896.987976 0 ) (877.271790 -896.987976 0 ) 
4 1044 1166 (0 0 242 ) (0 0 80 ) (0 -447.988007 80 ) (0 -447.988007 242 ) 
4 1044 1089 (40 -447.988007 242 ) (0 -447.988007 242 ) (0 -447.988007 80 ) (40 -447.988007 80 ) 
4 1044 1088 (88 -447.988007 242 ) (40 -447.988007 242 ) (40 -447.988007 80 ) (88 -447.988007 80 ) 
4 1044 1057 (304 -447.988007 242 ) (202 -447.988007 242 ) (202 -447.988007 80 ) (304 -447.988007 80 ) 
4 1044 1056 (352 -447.988007 242 ) (304 -447.988007 242 ) (304 -447.988007 80 ) (352 -447.988007 80 ) 
4 1044 1060 (202 -447.988007 242 ) (88 -447.988007 242 ) (88 -447.988007 80 ) (202 -447.988007 80 ) 
4 1044 1049 (364.100037 -447.988007 80 ) (364.100037 -447.988007 242 ) (359.100037 -447.988007 242 ) (359.100037 -447.988007 80 ) 
4 1044 1053 (359.100037 -447.988007 242 ) (352 -447.988007 242 ) (352 -447.988007 80 ) (359.100037 -447.988007 80 ) 
4 1044 1047 (364.100037 -447.988007 80 ) (40 -447.988007 80 ) (40 -351.988007 80 ) (364.100037 -351.988007 80 ) 
4 1044 1045 (0 -31.988302 80 ) (0 0 80 ) (364.100037 0 80 ) (364.100037 -31.988302 80 ) 
4 1044 1046 (0 -351.988007 80 ) (0 -127.987999 80 ) (364.100037 -127.987999 80 ) (364.100037 -351.988007 80 ) 
4 1045 1167 (0 0 80 ) (0 0 64 ) (0 -31.988302 64 ) (0 -31.988302 80 ) 
4 1045 1048 (0 -31.988302 64 ) (0 0 64 ) (364.100037 0 64 ) (364.100037 -31.988302 64 ) 
4 1046 1170 (0 -127.987999 64 ) (0 -351.988007 64 ) (0 -351.988007 80 ) (0 -127.987999 80 ) 
4 1046 1047 (40 -351.988007 64 ) (364.100037 -351.988007 64 ) (364.100037 -351.988007 80 ) (40 -351.988007 80 ) 
4 1046 1048 (0 -351.988007 64 ) (0 -127.987999 64 ) (364.100037 -127.987999 64 ) (364.100037 -351.988007 64 ) 
4 1047 1088 (88 -447.988007 80 ) (40 -447.988007 80 ) (40 -447.988007 64 ) (88 -447.988007 64 ) 
4 1047 1057 (304 -447.988007 80 ) (202 -447.988007 80 ) (202 -447.988007 64 ) (304 -447.988007 64 ) 
4 1047 1056 (352 -447.988007 80 ) (304 -447.988007 80 ) (304 -447.988007 64 ) (352 -447.988007 64 ) 
4 1047 1060 (202 -447.988007 80 ) (88 -447.988007 80 ) (88 -447.988007 64 ) (202 -447.988007 64 ) 
4 1047 1049 (364.100037 -447.988007 64 ) (364.100037 -447.988007 80 ) (359.100037 -447.988007 80 ) (359.100037 -447.988007 64 ) 
4 1047 1053 (359.100037 -447.988007 80 ) (352 -447.988007 80 ) (352 -447.988007 64 ) (359.100037 -447.988007 64 ) 
4 1047 1048 (364.100037 -447.988007 64 ) (40 -447.988007 64 ) (40 -351.988007 64 ) (364.100037 -351.988007 64 ) 
4 1048 1173 (0 0 64 ) (0 0 2 ) (0 -447.988007 2 ) (0 -447.988007 64 ) 
4 1048 1180 (0 0 2 ) (0 0 0 ) (0 -447.988007 0 ) (0 -447.988007 2 ) 
4 1048 1145 (0 -447.988007 0 ) (0 0 0 ) (78.422180 0 0 ) (241.402847 -447.988007 0 ) 
4 1048 1138 (78.422180 0 0 ) (126.342529 0 0 ) (289.263489 -447.988007 0 ) (241.402847 -447.988007 0 ) 
5 1048 1130 (126.342529 0 0 ) (324.936279 0 0 ) (364.100037 -107.423752 0 ) (364.100037 -447.988007 0 ) (289.263489 -447.988007 0 ) 
3 1048 1129 (324.936279 0 0 ) (364.100037 0 0 ) (364.100037 -107.423752 0 ) 
4 1048 1099 (0 -447.988007 0 ) (88 -447.988007 0 ) (88 -447.988007 64 ) (0 -447.988007 64 ) 
4 1048 1057 (202 -447.988007 0 ) (304 -447.988007 0 ) (304 -447.988007 64 ) (202 -447.988007 64 ) 
4 1048 1056 (304 -447.988007 0 ) (352 -447.988007 0 ) (352 -447.988007 64 ) (304 -447.988007 64 ) 
4 1048 1060 (88 -447.988007 0 ) (202 -447.988007 0 ) (202 -447.988007 64 ) (88 -447.988007 64 ) 
4 1048 1049 (359.100037 -447.988007 0 ) (364.100037 -447.988007 0 ) (364.100037 -447.988007 64 ) (359.100037 -447.988007 64 ) 
4 1048 1053 (352 -447.988007 0 ) (359.100037 -447.988007 0 ) (359.100037 -447.988007 64 ) (352 -447.988007 64 ) 
4 1049 1131 (364.100037 -504.780670 0 ) (364.100037 -578.987976 0 ) (359.100037 -578.987976 0 ) (359.100037 -502.953522 0 ) 
4 1049 1130 (359.100037 -447.988007 0 ) (364.100037 -447.988007 0 ) (364.100037 -504.780670 0 ) (359.100037 -502.953522 0 ) 
4 1049 1050 (359.100037 -578.987976 242 ) (359.100037 -578.987976 78 ) (364.100037 -578.987976 78 ) (364.100037 -578.987976 242 ) 
4 1049 1051 (359.100037 -578.987976 73 ) (359.100037 -578.987976 0 ) (364.100037 -578.987976 0 ) (364.100037 -578.987976 73 ) 
4 1049 1053 (359.100037 -447.988007 242 ) (359.100037 -447.988007 0 ) (359.100037 -578.987976 0 ) (359.100037 -578.987976 242 ) 
4 1050 1052 (359.100037 -598.987976 242 ) (359.100037 -598.987976 78 ) (364.100037 -598.987976 78 ) (364.100037 -598.987976 242 ) 
4 1050 1053 (359.100037 -598.987976 78 ) (359.100037 -598.987976 242 ) (359.100037 -578.987976 242 ) (359.100037 -578.987976 78 ) 
4 1051 1131 (364.100037 -578.987976 0 ) (364.100037 -598.987976 0 ) (359.100037 -598.987976 0 ) (359.100037 -578.987976 0 ) 
4 1051 1053 (359.100037 -578.987976 0 ) (359.100037 -598.987976 0 ) (359.100037 -598.987976 73 ) (359.100037 -578.987976 73 ) 
4 1051 1052 (359.100037 -598.987976 73 ) (359.100037 -598.987976 0 ) (364.100037 -598.987976 0 ) (364.100037 -598.987976 73 ) 
4 1052 1138 (364.100037 -653.768066 0 ) (364.100037 -686.987976 0 ) (359.100037 -686.987976 0 ) (359.100037 -640.019409 0 ) 
4 1052 1131 (364.100037 -598.987976 0 ) (364.100037 -653.768066 0 ) (359.100037 -640.019409 0 ) (359.100037 -598.987976 0 ) 
4 1052 1054 (359.100037 -686.987976 0 ) (364.100037 -686.987976 0 ) (364.100037 -686.987976 242 ) (359.100037 -686.987976 242 ) 
4 1052 1053 (359.100037 -598.987976 0 ) (359.100037 -686.987976 0 ) (359.100037 -686.987976 242 ) (359.100037 -598.987976 242 ) 
4 1053 1138 (359.100037 -640.019409 0 ) (359.100037 -686.987976 0 ) (352 -686.987976 0 ) (352 -620.496277 0 ) 
4 1053 1131 (359.100037 -502.953522 0 ) (359.100037 -640.019409 0 ) (352 -620.496277 0 ) (352 -500.358917 0 ) 
4 1053 1130 (352 -447.988007 0 ) (359.100037 -447.988007 0 ) (359.100037 -502.953522 0 ) (352 -500.358917 0 ) 
4 1053 1061 (352 -586 0 ) (352 -686.987976 0 ) (352 -686.987976 242 ) (352 -586 242 ) 
4 1053 1056 (352 -447.988007 242 ) (352 -447.988007 0 ) (352 -586 0 ) (352 -586 242 ) 
4 1053 1055 (352 -686.987976 242 ) (352 -686.987976 237.635941 ) (355.100983 -686.987976 240 ) (354.101471 -686.987976 242 ) 
5 1053 1054 (352 -686.987976 237.635941 ) (352 -686.987976 0 ) (359.100037 -686.987976 0 ) (359.100037 -686.987976 242 ) (357.724457 -686.987976 242 ) 
4 1054 1338 (352 -1024 64 ) (352 -1024 0 ) (364.100037 -1024 0 ) (364.100037 -1024 64 ) 
4 1054 1334 (352 -1024 216 ) (352 -1024 64 ) (364.100037 -1024 64 ) (364.100037 -1024 216 ) 
5 1054 1329 (364.100037 -1024 242 ) (357.722565 -1024 242 ) (352 -1024 237.637375 ) (352 -1024 216 ) (364.100037 -1024 216 ) 
5 1054 1159 (364.100037 -765.859680 0 ) (364.100037 -825.959106 0 ) (352 -830.367798 0 ) (352 -766.286255 0 ) (362.819611 -762.345337 0 ) 
3 1054 1152 (364.100037 -761.878967 0 ) (364.100037 -765.859680 0 ) (362.819611 -762.345337 0 ) 
3 1054 1149 (352 -762.165222 0 ) (352 -751.988464 0 ) (355.269501 -760.975464 0 ) 
4 1054 1148 (356.592987 -764.613342 0 ) (352 -766.286255 0 ) (352 -762.165222 0 ) (355.269501 -760.975464 0 ) 
5 1054 1140 (364.100037 -713.756226 0 ) (364.100037 -761.878967 0 ) (356.592987 -764.613342 0 ) (352 -751.988464 0 ) (352 -747.166199 0 ) 
4 1054 1138 (364.100037 -686.987976 0 ) (364.100037 -713.756226 0 ) (352 -747.166199 0 ) (352 -686.987976 0 ) 
3 1054 1124 (364.100037 -1021.936157 0 ) (364.100037 -1024 0 ) (358.405762 -1024 0 ) 
4 1054 1118 (364.100037 -825.959106 0 ) (364.100037 -926.286987 0 ) (352 -893.085876 0 ) (352 -830.367798 0 ) 
4 1054 1116 (364.100037 -926.286987 0 ) (364.100037 -986.163818 0 ) (352 -1019.405029 0 ) (352 -893.085876 0 ) 
3 1054 1103 (364.100037 -986.163818 0 ) (364.100037 -1009.917358 0 ) (354.131104 -1013.550476 0 ) 
6 1054 1101 (364.100037 -1009.917358 0 ) (364.100037 -1021.936157 0 ) (358.405762 -1024 0 ) (352 -1024 0 ) (352 -1019.405029 0 ) (354.131104 -1013.550476 0 ) 
4 1054 1087 (352 -991.987976 0 ) (352 -1024 0 ) (352 -1024 58 ) (352 -991.987976 58 ) 
4 1054 1084 (352 -1024 64 ) (352 -1024 216 ) (352 -991.987976 216 ) (352 -991.987976 64 ) 
4 1054 1082 (352 -1024 216 ) (352 -1024 237.637375 ) (352 -991.987976 237.637238 ) (352 -991.987976 216 ) 
4 1054 1074 (352 -762.165161 64 ) (352 -762.165161 96 ) (352 -751.988953 96 ) (352 -751.988770 64 ) 
4 1054 1075 (352 -751.988464 0 ) (352 -762.165222 0 ) (352 -762.165161 58 ) (352 -751.988770 58 ) 
4 1054 1072 (352 -991.987976 64 ) (352 -991.987976 96 ) (352 -762.165161 96 ) (352 -762.165161 64 ) 
4 1054 1073 (352 -762.165222 0 ) (352 -991.987976 0 ) (352 -991.987976 58 ) (352 -762.165161 58 ) 
4 1054 1064 (352 -751.988770 64 ) (352 -751.988953 96 ) (352 -735.987976 96 ) (352 -735.987976 64 ) 
4 1054 1065 (352 -735.987976 0 ) (352 -751.988464 0 ) (352 -751.988770 58 ) (352 -735.987976 58 ) 
4 1054 1063 (352 -991.987976 96 ) (352 -991.987976 237.637238 ) (352 -735.987976 237.636154 ) (352 -735.987976 96 ) 
4 1054 1061 (352 -686.987976 0 ) (352 -735.987976 0 ) (352 -735.987976 237.636154 ) (352 -686.987976 237.635941 ) 
4 1054 1055 (355.100525 -686.987976 240 ) (352 -686.987976 237.636719 ) (352 -1024 237.638153 ) (355.099335 -1024 240.001465 ) 
4 1055 1330 (354.100555 -1024 242 ) (352 -1024 242 ) (352 -1024 237.637375 ) (355.099823 -1024 240 ) 
4 1055 1082 (352 -1024 237.637375 ) (352 -1024 242 ) (352 -991.987976 242 ) (352 -991.987976 237.637238 ) 
4 1055 1063 (352 -735.987976 240 ) (352 -735.987976 237.636154 ) (352 -991.987976 237.637238 ) (352 -991.987976 240 ) 
4 1055 1062 (352 -991.987976 242 ) (352 -735.987976 242 ) (352 -735.987976 240 ) (352 -991.987976 240 ) 
4 1055 1061 (352 -735.987976 242 ) (352 -686.987976 242 ) (352 -686.987976 237.635941 ) (352 -735.987976 237.636154 ) 
3 1056 1138 (339.454651 -586 0 ) (304 -586 0 ) (304 -488.509399 0 ) 
5 1056 1131 (352 -500.358917 0 ) (352 -586 0 ) (339.454651 -586 0 ) (304 -488.509399 0 ) (304 -482.818115 0 ) 
4 1056 1130 (304 -447.988007 0 ) (352 -447.988007 0 ) (352 -500.358917 0 ) (304 -482.818115 0 ) 
4 1056 1061 (304 -586 0 ) (352 -586 0 ) (352 -586 242 ) (304 -586 242 ) 
4 1056 1058 (304 -586 132 ) (304 -586 242 ) (304 -580 242 ) (304 -580 132 ) 
4 1056 1059 (304 -580 0 ) (304 -586 0 ) (304 -586 20 ) (304 -580 20 ) 
4 1056 1057 (304 -447.988007 242 ) (304 -447.988007 0 ) (304 -580 0 ) (304 -580 242 ) 
4 1057 1145 (202 -447.988007 0 ) (241.402847 -447.988007 0 ) (289.429565 -580 0 ) (202 -580 0 ) 
5 1057 1138 (241.402847 -447.988007 0 ) (289.263489 -447.988007 0 ) (304 -488.509399 0 ) (304 -580 0 ) (289.429565 -580 0 ) 
3 1057 1131 (304 -482.818115 0 ) (304 -488.509399 0 ) (301.613007 -481.945801 0 ) 
4 1057 1130 (289.263489 -447.988007 0 ) (304 -447.988007 0 ) (304 -482.818115 0 ) (301.613007 -481.945801 0 ) 
4 1057 1058 (202 -580 242 ) (202 -580 132 ) (304 -580 132 ) (304 -580 242 ) 
4 1057 1059 (202 -580 20 ) (202 -580 0 ) (304 -580 0 ) (304 -580 20 ) 
4 1057 1060 (202 -447.988007 242 ) (202 -447.988007 0 ) (202 -580 0 ) (202 -580 242 ) 
4 1058 1061 (304 -586 132 ) (304 -586 242 ) (202 -586 242 ) (202 -586 132 ) 
4 1058 1060 (202 -586 132 ) (202 -586 242 ) (202 -580 242 ) (202 -580 132 ) 
4 1059 1145 (291.612396 -586 0 ) (202 -586 0 ) (202 -580 0 ) (289.429565 -580 0 ) 
4 1059 1138 (304 -580 0 ) (304 -586 0 ) (291.612396 -586 0 ) (289.429565 -580 0 ) 
4 1059 1061 (202 -586 0 ) (304 -586 0 ) (304 -586 20 ) (202 -586 20 ) 
4 1059 1060 (202 -580 0 ) (202 -586 0 ) (202 -586 20 ) (202 -580 20 ) 
4 1060 1145 (88 -447.988007 0 ) (202 -447.988007 0 ) (202 -586 0 ) (88 -586 0 ) 
4 1060 1099 (88 -447.988007 64 ) (88 -447.988007 0 ) (88 -586 0 ) (88 -586 64 ) 
4 1060 1088 (88 -447.988007 242 ) (88 -447.988007 64 ) (88 -586 64 ) (88 -586 242 ) 
4 1060 1061 (88 -586 242 ) (88 -586 0 ) (202 -586 0 ) (202 -586 242 ) 
3 1061 1147 (335.993286 -735.987976 0 ) (325.814850 -735.987976 0 ) (327.002106 -732.721069 0 ) 
4 1061 1146 (325.814850 -735.987976 0 ) (88 -735.987976 0 ) (88 -645.881226 0 ) (327.002106 -732.721069 0 ) 
5 1061 1145 (346.178925 -735.987976 0 ) (335.993286 -735.987976 0 ) (88 -645.881226 0 ) (88 -586 0 ) (291.612396 -586 0 ) 
5 1061 1138 (352 -620.496216 0 ) (352 -735.987976 0 ) (346.178925 -735.987976 0 ) (291.612396 -586 0 ) (339.454651 -586 0 ) 
3 1061 1131 (352 -586 0 ) (352 -620.496216 0 ) (339.454651 -586 0 ) 
4 1061 1099 (88 -586 0 ) (88 -735.987976 0 ) (88 -735.987976 64 ) (88 -586 64 ) 
4 1061 1088 (88 -735.987976 64 ) (88 -735.987976 242 ) (88 -586 242 ) (88 -586 64 ) 
4 1061 1081 (88 -735.987976 58 ) (88 -735.987976 0 ) (96 -735.987976 0 ) (96 -735.987976 58 ) 
4 1061 1080 (88 -735.987976 240 ) (88 -735.987976 64 ) (96 -735.987976 64 ) (96 -735.987976 240 ) 
4 1061 1070 (335.993286 -735.987976 64 ) (335.993286 -735.987976 96 ) (325.814850 -735.987976 96 ) (325.814850 -735.987976 64 ) 
4 1061 1071 (325.814819 -735.987976 0 ) (335.993286 -735.987976 0 ) (335.993286 -735.987976 58 ) (325.814850 -735.987976 58 ) 
4 1061 1068 (325.814850 -735.987976 64 ) (325.814850 -735.987976 96 ) (96 -735.987976 96 ) (96 -735.987976 64 ) 
4 1061 1069 (96 -735.987976 0 ) (325.814819 -735.987976 0 ) (325.814850 -735.987976 58 ) (96 -735.987976 58 ) 
4 1061 1066 (346.178802 -735.987976 64 ) (346.178741 -735.987976 96 ) (335.993286 -735.987976 96 ) (335.993286 -735.987976 64 ) 
4 1061 1067 (335.993286 -735.987976 0 ) (346.178925 -735.987976 0 ) (346.178802 -735.987976 58 ) (335.993286 -735.987976 58 ) 
4 1061 1064 (352 -735.987976 64 ) (352 -735.987976 96 ) (346.178741 -735.987976 96 ) (346.178802 -735.987976 64 ) 
4 1061 1065 (346.178925 -735.987976 0 ) (352 -735.987976 0 ) (352 -735.987976 58 ) (346.178802 -735.987976 58 ) 
4 1061 1063 (352 -735.987976 96 ) (352 -735.987976 240 ) (96 -735.987976 240 ) (96 -735.987976 96 ) 
4 1061 1062 (88 -735.987976 242 ) (88 -735.987976 240 ) (352 -735.987976 240 ) (352 -735.987976 242 ) 
4 1062 1095 (88 -991.987976 240 ) (88 -991.987976 242 ) (88 -983.987976 242 ) (88 -983.987976 240 ) 
4 1062 1092 (88 -983.987976 242 ) (88 -746.670044 242 ) (88 -746.670044 240 ) (88 -983.987976 240 ) 
4 1062 1088 (88 -746.670044 242 ) (88 -735.987976 242 ) (88 -735.987976 240 ) (88 -746.670044 240 ) 
4 1062 1083 (88 -991.987976 242 ) (88 -991.987976 240 ) (96 -991.987976 240 ) (96 -991.987976 242 ) 
4 1062 1082 (96 -991.987976 240 ) (352 -991.987976 240 ) (352 -991.987976 242 ) (96 -991.987976 242 ) 
4 1062 1080 (88 -983.987976 240 ) (88 -735.987976 240 ) (96 -735.987976 240 ) (96 -983.987976 240 ) 
4 1062 1063 (352 -991.987976 240 ) (96 -991.987976 240 ) (96 -735.987976 240 ) (352 -735.987976 240 ) 
4 1063 1084 (352 -991.987976 96 ) (352 -991.987976 216 ) (96 -991.987976 216 ) (96 -991.987976 96 ) 
4 1063 1082 (352 -991.987976 216 ) (352 -991.987976 240 ) (96 -991.987976 240 ) (96 -991.987976 216 ) 
4 1063 1080 (96 -983.987976 240 ) (96 -735.987976 240 ) (96 -735.987976 96 ) (96 -983.987976 96 ) 
3 1063 1077 (336 -767.987854 96 ) (327.013672 -771.257813 96 ) (324.270996 -763.721985 96 ) 
3 1063 1076 (310.860474 -777.136047 96 ) (320 -751.987427 96 ) (327.013672 -771.257813 96 ) 
3 1063 1074 (352 -751.988953 96 ) (352 -762.165161 96 ) (347.730530 -763.718872 96 ) 
4 1063 1072 (352 -991.987976 96 ) (232.777466 -991.987976 96 ) (310.860474 -777.136047 96 ) (352 -762.165161 96 ) 
4 1063 1070 (324.257996 -740.271606 96 ) (325.814789 -735.987976 96 ) (335.993317 -735.987976 96 ) (335.998230 -735.989746 96 ) 
4 1063 1068 (232.777466 -991.987976 96 ) (96 -991.987976 96 ) (96 -735.987976 96 ) (325.814789 -735.987976 96 ) 
3 1063 1066 (335.993317 -735.987976 96 ) (346.178772 -735.987976 96 ) (347.730225 -740.252502 96 ) 
3 1063 1064 (346.178772 -735.987976 96 ) (352 -735.987976 96 ) (352 -751.988953 96 ) 
4 1064 1066 (347.731293 -740.252869 96 ) (346.179688 -735.987976 96 ) (346.179749 -735.987976 64 ) (347.731384 -740.252991 64 ) 
3 1065 1140 (352 -747.166199 0 ) (352 -751.988464 0 ) (351.124786 -749.582764 0 ) 
4 1065 1138 (352 -735.987976 0 ) (352 -747.166199 0 ) (351.124786 -749.582764 0 ) (346.178925 -735.987976 0 ) 
4 1065 1067 (347.731384 -740.252991 58 ) (346.179749 -735.987976 58 ) (346.179840 -735.987976 0 ) (347.731476 -740.252930 0 ) 
3 1067 1145 (335.993286 -735.987976 0 ) (346.178925 -735.987976 0 ) (347.730408 -740.252563 0 ) 
4 1068 1084 (232.777466 -991.987976 64 ) (232.777466 -991.987976 96 ) (96 -991.987976 96 ) (96 -991.987976 64 ) 
4 1068 1080 (96 -983.987976 96 ) (96 -735.987976 96 ) (96 -735.987976 64 ) (96 -983.987976 64 ) 
4 1068 1076 (320 -751.988037 96 ) (310.860962 -777.135864 96 ) (310.860962 -777.135925 64 ) (320 -751.988098 64 ) 
4 1068 1072 (310.860962 -777.135864 96 ) (232.777847 -991.987976 96 ) (232.777847 -991.987976 64 ) (310.860962 -777.135925 64 ) 
4 1068 1070 (325.815247 -735.987976 64 ) (325.815247 -735.987976 96 ) (324.258545 -740.271362 96 ) (324.258606 -740.271179 64 ) 
4 1069 1159 (96 -923.643005 0 ) (96 -859.531555 0 ) (309.128540 -781.901733 0 ) (282.282898 -855.769714 0 ) 
4 1069 1146 (96 -859.531555 0 ) (96 -735.987976 0 ) (325.814819 -735.987976 0 ) (309.128540 -781.901733 0 ) 
4 1069 1116 (232.777466 -991.987976 0 ) (96 -991.987976 0 ) (96 -923.643005 0 ) (282.282898 -855.769714 0 ) 
4 1069 1087 (96 -991.987976 0 ) (232.777466 -991.987976 0 ) (232.777466 -991.987976 58 ) (96 -991.987976 58 ) 
4 1069 1081 (96 -983.987976 58 ) (96 -735.987976 58 ) (96 -735.987976 0 ) (96 -983.987976 0 ) 
4 1069 1078 (320 -751.988159 58 ) (310.860962 -777.135925 58 ) (310.860901 -777.136047 0 ) (320 -751.988281 0 ) 
4 1069 1073 (310.860962 -777.135925 58 ) (232.777847 -991.987976 58 ) (232.777847 -991.987976 0 ) (310.860901 -777.136047 0 ) 
4 1069 1071 (325.815247 -735.987976 0 ) (325.815247 -735.987976 58 ) (324.258636 -740.271118 58 ) (324.258759 -740.270752 0 ) 
4 1071 1147 (324.258270 -740.270996 0 ) (325.814819 -735.987976 0 ) (335.993286 -735.987976 0 ) (335.997559 -735.989502 0 ) 
4 1072 1084 (352 -991.987976 64 ) (352 -991.987976 96 ) (232.777466 -991.987976 96 ) (232.777466 -991.987976 64 ) 
4 1072 1077 (327.013397 -771.257141 96 ) (335.998505 -767.987427 96 ) (335.998535 -767.987427 64 ) (327.013367 -771.257141 64 ) 
4 1072 1076 (310.859406 -777.135620 64 ) (310.859436 -777.135559 96 ) (327.013397 -771.257141 96 ) (327.013367 -771.257141 64 ) 
4 1072 1074 (347.730835 -763.718018 96 ) (352 -762.164429 96 ) (352 -762.164490 64 ) (347.730743 -763.718079 64 ) 
4 1073 1159 (352 -766.286194 0 ) (352 -830.367798 0 ) (282.282928 -855.769653 0 ) (309.128540 -781.901733 0 ) 
4 1073 1148 (352 -762.165222 0 ) (352 -766.286194 0 ) (309.128540 -781.901733 0 ) (310.860474 -777.136169 0 ) 
3 1073 1118 (352 -830.367798 0 ) (352 -893.085876 0 ) (331.821960 -837.719788 0 ) 
5 1073 1116 (352 -893.085876 0 ) (352 -991.987976 0 ) (232.777466 -991.987976 0 ) (282.282928 -855.769653 0 ) (331.821960 -837.719788 0 ) 
4 1073 1087 (232.777466 -991.987976 0 ) (352 -991.987976 0 ) (352 -991.987976 58 ) (232.777466 -991.987976 58 ) 
4 1073 1079 (327.013367 -771.257141 58 ) (335.998535 -767.987427 58 ) (335.998657 -767.987549 0 ) (327.013306 -771.257324 0 ) 
4 1073 1078 (310.859375 -777.135742 0 ) (310.859406 -777.135620 58 ) (327.013367 -771.257141 58 ) (327.013306 -771.257324 0 ) 
4 1073 1075 (347.730743 -763.718079 58 ) (352 -762.164490 58 ) (352 -762.164612 0 ) (347.730743 -763.718201 0 ) 
3 1075 1149 (352 -751.988464 0 ) (352 -762.165222 0 ) (347.730438 -763.718933 0 ) 
4 1076 1077 (327.011841 -771.258423 96 ) (327.011810 -771.258484 64 ) (324.268585 -763.721191 64 ) (324.268677 -763.721191 96 ) 
3 1078 1150 (327.013550 -771.257935 0 ) (310.860474 -777.136169 0 ) (320 -751.987732 0 ) 
4 1078 1079 (324.270569 -763.721802 58 ) (327.011719 -771.253906 58 ) (327.011658 -771.254028 0 ) (324.270447 -763.721802 0 ) 
3 1079 1151 (336 -767.987854 0 ) (327.013550 -771.257935 0 ) (324.270782 -763.721924 0 ) 
4 1080 1092 (88 -983.987976 240 ) (88 -746.670044 240 ) (88 -746.670044 64 ) (88 -983.987976 64 ) 
4 1080 1088 (88 -746.670044 240 ) (88 -735.987976 240 ) (88 -735.987976 64 ) (88 -746.670044 64 ) 
4 1081 1159 (88 -926.557861 0 ) (88 -862.445435 0 ) (96 -859.531555 0 ) (96 -923.643005 0 ) 
4 1081 1146 (88 -862.445435 0 ) (88 -735.987976 0 ) (96 -735.987976 0 ) (96 -859.531555 0 ) 
4 1081 1116 (88 -983.987976 0 ) (88 -926.557861 0 ) (96 -923.643005 0 ) (96 -983.987976 0 ) 
4 1081 1100 (88 -735.987976 0 ) (88 -983.987976 0 ) (88 -983.987976 58 ) (88 -735.987976 58 ) 
5 1082 1330 (352 -1024 242 ) (350.492371 -1024 242 ) (316.592957 -1024 216 ) (323.617676 -1024 216 ) (352 -1024 237.637375 ) 
3 1082 1329 (323.617676 -1024 216 ) (352 -1024 216 ) (352 -1024 237.637375 ) 
4 1082 1328 (350.492371 -1024 242 ) (96 -1024 242 ) (96 -1024 216 ) (316.592957 -1024 216 ) 
4 1082 1084 (96 -991.987976 216 ) (352 -991.987976 216 ) (352 -1024 216 ) (96 -1024 216 ) 
4 1082 1083 (96 -991.987976 242 ) (96 -991.987976 224 ) (96 -1024 224 ) (96 -1024 242 ) 
4 1083 1332 (96 -1024 242 ) (88 -1024 242 ) (88 -1024 224 ) (96 -1024 224 ) 
4 1083 1098 (88 -1024 224 ) (88 -1024 242 ) (88 -991.987976 242 ) (88 -991.987976 224 ) 
4 1084 1334 (96 -1024 64 ) (352 -1024 64 ) (352 -1024 216 ) (96 -1024 216 ) 
4 1084 1085 (96 -1024 176 ) (96 -1024 216 ) (96 -991.987976 216 ) (96 -991.987976 176 ) 
4 1084 1086 (96 -991.987976 64 ) (96 -1024 64 ) (96 -1024 168 ) (96 -991.987976 168 ) 
4 1085 1335 (88 -1024 216 ) (88 -1024 176 ) (96 -1024 176 ) (96 -1024 216 ) 
4 1085 1098 (88 -1024 176 ) (88 -1024 216 ) (88 -991.987976 216 ) (88 -991.987976 176 ) 
4 1086 1336 (88 -1024 168 ) (88 -1024 64 ) (96 -1024 64 ) (96 -1024 168 ) 
4 1086 1098 (88 -1024 64 ) (88 -1024 168 ) (88 -991.987976 168 ) (88 -991.987976 64 ) 
4 1087 1339 (88 -1024 58 ) (88 -1024 0 ) (352 -1024 0 ) (352 -1024 58 ) 
5 1087 1116 (352 -991.987976 0 ) (352 -1019.405029 0 ) (350.327393 -1024 0 ) (88 -1024 0 ) (88 -991.987976 0 ) 
3 1087 1101 (352 -1019.405029 0 ) (352 -1024 0 ) (350.327393 -1024 0 ) 
4 1087 1100 (88 -991.987976 0 ) (88 -1024 0 ) (88 -1024 58 ) (88 -991.987976 58 ) 
4 1088 1099 (40 -447.988007 64 ) (88 -447.988007 64 ) (88 -735.987976 64 ) (40 -735.987976 64 ) 
4 1088 1092 (40 -746.670044 64 ) (88 -746.670044 64 ) (88 -746.670044 242 ) (40 -746.670044 242 ) 
4 1088 1091 (40 -746.670044 72 ) (40 -746.670044 242 ) (40 -741.330017 242 ) (40 -741.330017 72 ) 
4 1088 1090 (40 -741.330017 76 ) (40 -741.330017 242 ) (40 -735.987976 242 ) (40 -735.987976 76 ) 
4 1088 1089 (40 -447.988007 242 ) (40 -447.988007 80 ) (40 -735.987976 80 ) (40 -735.987976 242 ) 
4 1089 1181 (0 -735.987976 242 ) (0 -447.988007 242 ) (0 -447.988007 80 ) (0 -735.987976 80 ) 
4 1089 1090 (40 -735.987976 80 ) (40 -735.987976 242 ) (0 -735.987976 242 ) (0 -735.987976 80 ) 
4 1090 1182 (0 -735.987976 80 ) (0 -735.987976 76 ) (0 -741.330017 76 ) (0 -741.330017 80 ) 
4 1090 1181 (0 -741.330017 242 ) (0 -735.987976 242 ) (0 -735.987976 80 ) (0 -741.330017 80 ) 
4 1090 1091 (40 -741.330017 76 ) (40 -741.330017 242 ) (0 -741.330017 242 ) (0 -741.330017 76 ) 
4 1091 1183 (0 -746.670044 242 ) (0 -741.330017 242 ) (0 -741.330017 72 ) (0 -746.670044 72 ) 
4 1091 1093 (40 -746.670044 72 ) (40 -746.670044 242 ) (0 -746.670044 242 ) (0 -746.670044 72 ) 
4 1092 1096 (88 -983.987976 176 ) (88 -983.987976 216 ) (40 -983.987976 216 ) (40 -983.987976 176 ) 
4 1092 1097 (40 -983.987976 64 ) (88 -983.987976 64 ) (88 -983.987976 168 ) (40 -983.987976 168 ) 
4 1092 1095 (88 -983.987976 224 ) (88 -983.987976 242 ) (40 -983.987976 242 ) (40 -983.987976 224 ) 
4 1092 1093 (40 -746.670044 242 ) (40 -746.670044 68 ) (40 -752 68 ) (40 -752 242 ) 
4 1092 1094 (40 -752 64 ) (40 -983.987976 64 ) (40 -983.987976 242 ) (40 -752 242 ) 
4 1093 1189 (0 -746.670044 176 ) (0 -746.670044 68 ) (0 -752 68 ) (0 -752 176 ) 
4 1093 1185 (0 -752 242 ) (0 -746.670044 242 ) (0 -746.670044 176 ) (0 -752 176 ) 
4 1093 1094 (40 -752 68 ) (40 -752 242 ) (0 -752 242 ) (0 -752 68 ) 
4 1094 1191 (0 -752 176 ) (0 -752 64 ) (0 -983.987976 64 ) (0 -983.987976 176 ) 
4 1094 1185 (0 -983.987976 242 ) (0 -752 242 ) (0 -752 176 ) (0 -983.987976 176 ) 
4 1094 1096 (40 -983.987976 176 ) (40 -983.987976 216 ) (0 -983.987976 216 ) (0 -983.987976 176 ) 
4 1094 1097 (0 -983.987976 64 ) (40 -983.987976 64 ) (40 -983.987976 168 ) (0 -983.987976 168 ) 
4 1094 1095 (40 -983.987976 224 ) (40 -983.987976 242 ) (0 -983.987976 242 ) (0 -983.987976 224 ) 
4 1095 1186 (0 -991.987976 242 ) (0 -983.987976 242 ) (0 -983.987976 224 ) (0 -991.987976 224 ) 
4 1095 1098 (88 -991.987976 224 ) (88 -991.987976 242 ) (0 -991.987976 242 ) (0 -991.987976 224 ) 
4 1096 1187 (0 -983.987976 216 ) (0 -983.987976 176 ) (0 -991.987976 176 ) (0 -991.987976 216 ) 
4 1096 1098 (88 -991.987976 176 ) (88 -991.987976 216 ) (0 -991.987976 216 ) (0 -991.987976 176 ) 
4 1097 1192 (0 -983.987976 168 ) (0 -983.987976 64 ) (0 -991.987976 64 ) (0 -991.987976 168 ) 
4 1097 1098 (0 -991.987976 64 ) (88 -991.987976 64 ) (88 -991.987976 168 ) (0 -991.987976 168 ) 
4 1098 1337 (0 -1024 216 ) (0 -1024 64 ) (88 -1024 64 ) (88 -1024 216 ) 
4 1098 1333 (88 -1024 242 ) (0 -1024 242 ) (0 -1024 216 ) (88 -1024 216 ) 
4 1098 1193 (0 -1024 64 ) (0 -1024 176 ) (0 -991.987976 176 ) (0 -991.987976 64 ) 
4 1098 1188 (0 -1024 176 ) (0 -1024 242 ) (0 -991.987976 242 ) (0 -991.987976 176 ) 
4 1099 1194 (0 -447.988007 0 ) (0 -735.987976 0 ) (0 -735.987976 64 ) (0 -447.988007 64 ) 
4 1099 1146 (0 -735.987976 0 ) (0 -613.906982 0 ) (88 -645.881226 0 ) (88 -735.987976 0 ) 
4 1099 1145 (0 -613.906982 0 ) (0 -447.988007 0 ) (88 -447.988007 0 ) (88 -645.881226 0 ) 
4 1099 1100 (0 -735.987976 0 ) (88 -735.987976 0 ) (88 -735.987976 58 ) (0 -735.987976 58 ) 
4 1100 1339 (0 -1024 58 ) (0 -1024 0 ) (88 -1024 0 ) (88 -1024 58 ) 
4 1100 1195 (0 -735.987976 0 ) (0 -1024 0 ) (0 -1024 58 ) (0 -735.987976 58 ) 
4 1100 1159 (0 -958.621155 0 ) (0 -894.498535 0 ) (88 -862.445435 0 ) (88 -926.557861 0 ) 
4 1100 1146 (0 -894.498535 0 ) (0 -735.987976 0 ) (88 -735.987976 0 ) (88 -862.445435 0 ) 
4 1100 1116 (0 -1024 0 ) (0 -958.621155 0 ) (88 -926.557861 0 ) (88 -1024 0 ) 
4 1101 1377 (358.405823 -1024 0 ) (350.327423 -1024 0 ) (350.328003 -1024 -120 ) (358.417175 -1024 -120 ) 
4 1101 1126 (565.686523 -948.878296 -120 ) (584.385437 -942.101257 -120 ) (584.384827 -942.098816 0 ) (565.686951 -948.875488 0 ) 
4 1101 1124 (358.414063 -1024 -120 ) (369.870453 -1019.847900 -120 ) (369.871613 -1019.844604 0 ) (358.406250 -1024 0 ) 
4 1101 1123 (375.005768 -1017.986694 -120 ) (565.686523 -948.878296 -120 ) (565.686951 -948.875488 0 ) (374.993225 -1017.988403 0 ) 
4 1101 1116 (354.132141 -1013.550171 -120 ) (350.328308 -1024 -120 ) (350.327698 -1024 0 ) (354.131470 -1013.550293 0 ) 
4 1101 1112 (584.385315 -942.100098 0 ) (584.386353 -942.103821 -120 ) (580.369934 -931.097290 -120 ) (580.370239 -931.097290 0 ) 
4 1101 1104 (545 -943.987854 -120 ) (541.064392 -945.422119 -120 ) (541.064453 -945.422119 0 ) (545.002075 -943.987061 0 ) 
4 1101 1103 (541.064392 -945.422119 -120 ) (354.132782 -1013.549927 -120 ) (354.132080 -1013.550171 0 ) (541.064453 -945.422119 0 ) 
4 1101 1102 (580.371094 -931.096680 0 ) (580.370789 -931.096802 -120 ) (550.130615 -942.117920 -120 ) (550.130615 -942.117920 0 ) 
4 1102 1112 (580.369934 -931.097290 -120 ) (567.249084 -895.140991 -120 ) (567.249268 -895.140625 0 ) (580.370239 -931.097290 0 ) 
4 1102 1107 (556.012146 -925.978760 -120 ) (552 -936.988586 -120 ) (552 -936.990173 0 ) (556.011902 -925.979370 0 ) 
4 1102 1105 (567.249573 -895.140137 0 ) (567.249390 -895.140625 -120 ) (556.012146 -925.978760 -120 ) (556.011902 -925.979370 0 ) 
4 1103 1152 (482.044891 -782.983215 -120 ) (431.334290 -801.459900 -120 ) (431.333527 -801.460205 0 ) (482.044922 -782.983215 0 ) 
4 1103 1121 (383.430573 -933.061523 -120 ) (382 -936.989807 -120 ) (382 -936.988892 0 ) (383.429810 -933.061890 0 ) 
4 1103 1120 (386.003571 -925.992981 -120 ) (383.430573 -933.061523 -120 ) (383.429810 -933.061890 0 ) (386.002838 -925.993286 0 ) 
4 1103 1118 (431.332520 -801.463745 0 ) (431.333099 -801.463806 -120 ) (386.003571 -925.992981 -120 ) (386.002838 -925.993286 0 ) 
4 1103 1117 (380.134857 -942.115540 -120 ) (375.004883 -956.208618 -120 ) (375.004578 -956.207703 0 ) (380.134125 -942.115784 0 ) 
4 1103 1116 (375.004883 -956.208618 -120 ) (354.132141 -1013.550171 -120 ) (354.131470 -1013.550293 0 ) (375.004578 -956.207703 0 ) 
4 1103 1106 (538 -936.987854 -120 ) (536.571655 -933.056458 -120 ) (536.571899 -933.057007 0 ) (538 -936.988037 0 ) 
4 1103 1105 (536.571655 -933.056458 -120 ) (482.045868 -782.985107 -120 ) (482.045776 -782.984863 0 ) (536.571899 -933.057007 0 ) 
4 1103 1104 (541.065247 -945.424072 0 ) (541.065247 -945.424072 -120 ) (539.865234 -942.121338 -120 ) (539.864563 -942.119446 0 ) 
4 1105 1152 (521.125000 -768.744141 -120 ) (482.044891 -782.983215 -120 ) (482.044922 -782.983215 0 ) (521.125305 -768.744019 0 ) 
4 1105 1114 (541.073792 -823.410583 -120 ) (539.872864 -820.119690 -120 ) (539.873291 -820.119812 0 ) (541.074097 -823.410461 0 ) 
4 1105 1113 (545.011230 -834.200745 -120 ) (541.073792 -823.410583 -120 ) (541.074097 -823.410461 0 ) (545.011414 -834.200256 0 ) 
4 1105 1112 (567.249084 -895.140991 -120 ) (545.011230 -834.200745 -120 ) (545.011414 -834.200256 0 ) (567.249268 -895.140625 0 ) 
4 1105 1110 (538 -814.987610 -120 ) (533.978516 -803.966797 -120 ) (533.978943 -803.966980 0 ) (538 -814.987061 0 ) 
4 1105 1109 (533.978516 -803.966797 -120 ) (521.126038 -768.746033 -120 ) (521.126282 -768.745667 0 ) (533.978943 -803.966980 0 ) 
4 1105 1108 (544.996887 -929.986877 -120 ) (548.932617 -928.553833 -120 ) (548.931763 -928.554749 0 ) (544.997742 -929.987183 0 ) 
4 1105 1107 (548.932617 -928.553833 -120 ) (556.012451 -925.976013 -120 ) (556.012207 -925.976685 0 ) (548.931763 -928.554749 0 ) 
4 1105 1106 (536.570618 -933.055542 0 ) (536.570435 -933.055054 -120 ) (539.864502 -931.855652 -120 ) (539.864502 -931.856201 0 ) 
4 1107 1108 (548.933105 -928.557312 0 ) (548.933899 -928.556458 -120 ) (550.131958 -931.850586 -120 ) (550.130676 -931.850159 0 ) 
4 1109 1153 (1024 -585.518616 -120 ) (613.669189 -735.025085 -120 ) (613.669189 -735.025085 0 ) (1024 -585.518616 0 ) 
4 1109 1152 (613.669189 -735.025085 -120 ) (521.125000 -768.744141 -120 ) (521.125305 -768.744019 0 ) (613.669189 -735.025085 0 ) 
4 1109 1126 (749.032776 -882.428162 -120 ) (1024 -782.771851 -120 ) (1024 -782.769531 0 ) (749.029236 -882.426880 0 ) 
4 1109 1115 (541.058594 -806.549255 -120 ) (545 -807.987610 -120 ) (545 -807.987610 0 ) (541.058655 -806.549255 0 ) 
4 1109 1111 (550.130432 -809.859070 -120 ) (749.033447 -882.428284 -120 ) (749.027771 -882.426208 0 ) (550.131104 -809.859314 0 ) 
4 1109 1110 (533.980469 -803.966797 0 ) (533.980042 -803.966675 -120 ) (541.058594 -806.549255 -120 ) (541.058655 -806.549255 0 ) 
4 1110 1115 (539.860413 -809.856873 -120 ) (541.059570 -806.548828 -120 ) (541.059570 -806.548828 0 ) (539.860413 -809.856873 0 ) 
4 1111 1126 (596.707581 -937.635315 -120 ) (749.032776 -882.428162 -120 ) (749.029236 -882.426880 0 ) (596.707214 -937.632813 0 ) 
4 1111 1112 (552 -814.990356 -120 ) (596.706604 -937.636963 -120 ) (596.705811 -937.633118 0 ) (552 -814.989502 0 ) 
4 1112 1126 (584.385437 -942.101257 -120 ) (596.707581 -937.635315 -120 ) (596.707214 -937.632813 0 ) (584.384827 -942.098816 0 ) 
4 1112 1113 (550.129150 -820.129456 -120 ) (545.010803 -834.200256 -120 ) (545.010986 -834.199768 0 ) (550.129150 -820.129456 0 ) 
4 1113 1114 (544.998535 -821.987488 -120 ) (541.073242 -823.409851 -120 ) (541.073547 -823.409729 0 ) (544.998535 -821.987427 0 ) 
4 1116 1377 (350.327423 -1024 0 ) (209.254196 -1024 0 ) (209.253082 -1024 -120 ) (350.328003 -1024 -120 ) 
4 1116 1376 (209.254196 -1024 0 ) (0 -1024 0 ) (0 -1024 -120 ) (209.253082 -1024 -120 ) 
4 1116 1245 (0 -958.621399 -120 ) (0 -1024 -120 ) (0 -1024 0 ) (0 -958.621155 0 ) 
4 1116 1159 (331.821320 -837.718018 -120 ) (0 -958.619141 -120 ) (0 -958.619141 0 ) (331.821350 -837.718079 0 ) 
4 1116 1122 (368 -936.986023 -120 ) (366.565369 -933.050293 -120 ) (366.565369 -933.050293 0 ) (368 -936.986816 0 ) 
4 1116 1119 (371.073425 -945.419739 -120 ) (369.869171 -942.115417 -120 ) (369.869598 -942.116516 0 ) (371.073425 -945.419678 0 ) 
4 1116 1118 (366.565369 -933.050293 -120 ) (331.822205 -837.720154 -120 ) (331.822113 -837.719910 0 ) (366.565369 -933.050293 0 ) 
4 1116 1117 (375.004883 -956.207031 0 ) (375.005188 -956.207886 -120 ) (371.073425 -945.419739 -120 ) (371.073425 -945.419678 0 ) 
4 1117 1119 (375.002899 -943.987366 -120 ) (371.074219 -945.419922 -120 ) (371.074219 -945.419922 0 ) (375.001556 -943.987793 0 ) 
4 1118 1163 (383.430450 -818.913940 -120 ) (380.137848 -820.113586 -120 ) (380.137878 -820.113708 0 ) (383.430481 -818.914001 0 ) 
4 1118 1161 (374.996643 -821.986816 -120 ) (364.018555 -825.986755 -120 ) (364.018555 -825.986877 0 ) (374.996796 -821.986877 0 ) 
4 1118 1159 (364.018555 -825.986755 -120 ) (331.821320 -837.718018 -120 ) (331.821350 -837.718079 0 ) (364.018555 -825.986877 0 ) 
4 1118 1152 (431.334290 -801.459900 -120 ) (383.430450 -818.913940 -120 ) (383.430481 -818.914001 0 ) (431.333527 -801.460205 0 ) 
4 1118 1122 (366.564941 -933.050537 0 ) (366.564941 -933.050537 -120 ) (369.862549 -931.853333 -120 ) (369.863251 -931.853027 0 ) 
4 1118 1120 (375.001892 -929.987427 -120 ) (386.003448 -925.993164 -120 ) (386.002747 -925.993408 0 ) (375 -929.987732 0 ) 
4 1120 1121 (380.135345 -931.858459 -120 ) (383.430695 -933.060364 -120 ) (383.429932 -933.060791 0 ) (380.135651 -931.859253 0 ) 
4 1123 1382 (462.634216 -1024 0 ) (391.578308 -1024 0 ) (391.595703 -1024 -120 ) (462.634216 -1024 -120 ) 
4 1123 1371 (538.360535 -1024 0 ) (537.638733 -1024 0 ) (537.638733 -1024 -120 ) (538.361145 -1024 -120 ) 
4 1123 1369 (537.638733 -1024 0 ) (523.076599 -1024 0 ) (523.076660 -1024 -120 ) (537.638733 -1024 -120 ) 
4 1123 1368 (523.076599 -1024 0 ) (462.634216 -1024 0 ) (462.634216 -1024 -120 ) (523.076660 -1024 -120 ) 
4 1123 1126 (539.869812 -1019.858276 -120 ) (565.687439 -948.879517 -120 ) (565.688477 -948.875000 0 ) (539.868286 -1019.858826 0 ) 
4 1123 1125 (380.116699 -1019.839233 -120 ) (391.595703 -1024 -120 ) (391.578308 -1024 0 ) (380.118256 -1019.846130 0 ) 
4 1124 1381 (368.360107 -1024 0 ) (367.638916 -1024 0 ) (367.639526 -1024 -120 ) (368.360138 -1024 -120 ) 
4 1124 1377 (367.638916 -1024 0 ) (358.405823 -1024 0 ) (358.417175 -1024 -120 ) (367.639526 -1024 -120 ) 
4 1125 1382 (391.578308 -1024 0 ) (381.637024 -1024 0 ) (381.638031 -1024 -120 ) (391.595703 -1024 -120 ) 
4 1126 1127 (545.003601 -1017.989868 -120 ) (1024 -843.555725 -120 ) (1024 -843.555664 0 ) (545.002502 -1017.990234 0 ) 
4 1127 1370 (1024 -1024 -120 ) (1024 -1024 0 ) (561.485962 -1024 0 ) (561.488342 -1024 -120 ) 
4 1127 1128 (550.126526 -1019.856079 -120 ) (561.492493 -1024 -120 ) (561.489990 -1024 0 ) (550.126892 -1019.857056 0 ) 
4 1128 1373 (552.362061 -1024 0 ) (551.638733 -1024 0 ) (551.638672 -1024 -120 ) (552.362000 -1024 -120 ) 
4 1128 1370 (561.485962 -1024 0 ) (552.362061 -1024 0 ) (552.362000 -1024 -120 ) (561.488342 -1024 -120 ) 
4 1129 1153 (1024 -521.516846 -45 ) (1024 -521.517578 0 ) (574.727051 -685.160461 0 ) (574.726013 -685.159973 -45 ) 
4 1129 1133 (533.101929 -570.985413 -45 ) (537.118530 -582.002625 -45 ) (537.119934 -582.003662 0 ) (533.102783 -570.984924 0 ) 
4 1129 1132 (537.118530 -582.002625 -45 ) (574.728516 -685.164063 -45 ) (574.729309 -685.163757 0 ) (537.119934 -582.003662 0 ) 
4 1129 1130 (324.935547 0 -45 ) (531.231750 -565.855591 -45 ) (531.233215 -565.856750 0 ) (324.937317 0 0 ) 
4 1129 1137 (1024 -521.519531 -45 ) (574.726807 -685.162354 -45 ) (324.935364 0 -45 ) (1024 0 -45 ) 
4 1130 1138 (301.613647 -481.946045 0 ) (126.343079 0 0 ) (126.343201 0 -45 ) (301.613403 -481.945251 -45 ) 
4 1130 1136 (522.164001 -562.542786 -45 ) (526.118408 -563.987854 -45 ) (526.116455 -563.987854 0 ) (522.164063 -562.543518 0 ) 
4 1130 1135 (515.080811 -559.954346 -45 ) (522.164001 -562.542786 -45 ) (522.164063 -562.543518 0 ) (515.081055 -559.955139 0 ) 
4 1130 1131 (301.613556 -481.946075 0 ) (301.613281 -481.945313 -45 ) (515.080811 -559.954346 -45 ) (515.081055 -559.955139 0 ) 
4 1130 1137 (301.614777 -481.945801 -45 ) (126.344299 0 -45 ) (324.935364 0 -45 ) (531.230652 -565.855164 -45 ) 
4 1131 1156 (548.928101 -694.557495 0 ) (545 -695.988281 0 ) (544.998901 -695.987732 -45 ) (548.927551 -694.556763 -45 ) 
4 1131 1154 (539.866760 -697.857971 0 ) (525.791870 -702.984619 0 ) (525.790710 -702.984131 -45 ) (539.866394 -697.857178 -45 ) 
4 1131 1153 (562.354309 -689.667114 0 ) (548.928101 -694.557495 0 ) (548.927551 -694.556763 -45 ) (562.354065 -689.666321 -45 ) 
4 1131 1152 (525.791870 -702.984619 0 ) (398.818176 -749.233398 0 ) (398.817902 -749.232605 -45 ) (525.790710 -702.984131 -45 ) 
4 1131 1143 (383.429901 -706.918396 0 ) (382 -702.987305 0 ) (382 -702.987244 -45 ) (383.429932 -706.918396 -45 ) 
4 1131 1141 (386.003143 -713.994080 0 ) (383.429901 -706.918396 0 ) (383.429932 -706.918396 -45 ) (386.003143 -713.994080 -45 ) 
4 1131 1140 (398.818359 -749.232422 -45 ) (398.818359 -749.232422 0 ) (386.003143 -713.994080 0 ) (386.003143 -713.994080 -45 ) 
4 1131 1139 (380.135864 -697.860657 0 ) (374.985748 -683.699280 0 ) (374.985748 -683.699219 -45 ) (380.135895 -697.860718 -45 ) 
4 1131 1138 (374.985748 -683.699280 0 ) (301.613647 -481.946045 0 ) (301.613403 -481.945251 -45 ) (374.985748 -683.699219 -45 ) 
4 1131 1135 (519.100525 -570.986633 -45 ) (515.079773 -559.954285 -45 ) (515.080078 -559.955078 0 ) (519.100647 -570.987061 0 ) 
4 1131 1132 (562.353516 -689.667969 0 ) (562.353516 -689.667969 -45 ) (520.970825 -576.118591 -45 ) (520.971008 -576.119141 0 ) 
4 1131 1137 (562.354919 -689.668701 -45 ) (398.820313 -749.234375 -45 ) (301.614777 -481.945801 -45 ) (515.080444 -559.953369 -45 ) 
4 1132 1153 (574.727051 -685.160461 0 ) (562.354309 -689.667114 0 ) (562.354065 -689.666321 -45 ) (574.726013 -685.159973 -45 ) 
4 1132 1134 (530.031555 -579.419617 -45 ) (526.101440 -577.987549 -45 ) (526.099182 -577.987183 0 ) (530.031982 -579.420288 0 ) 
4 1132 1133 (537.119080 -582.002747 0 ) (537.117859 -582.001831 -45 ) (530.031555 -579.419617 -45 ) (530.031982 -579.420288 0 ) 
4 1132 1137 (574.726807 -685.162354 -45 ) (562.354919 -689.668701 -45 ) (520.971985 -576.119019 -45 ) (537.117432 -582.002258 -45 ) 
4 1133 1134 (531.234314 -576.119080 -45 ) (530.032776 -579.419312 -45 ) (530.033203 -579.419922 0 ) (531.235535 -576.117493 0 ) 
3 1133 1137 (533.101501 -570.986755 -45 ) (537.117432 -582.002258 -45 ) (530.031372 -579.420166 -45 ) 
3 1134 1137 (531.232910 -576.119568 -45 ) (530.031372 -579.420166 -45 ) (526.100586 -577.987854 -45 ) 
4 1135 1136 (520.954285 -565.875122 -45 ) (522.163696 -562.541382 -45 ) (522.163757 -562.542053 0 ) (520.954956 -565.874084 0 ) 
3 1135 1137 (519.101013 -570.985291 -45 ) (515.080444 -559.953369 -45 ) (522.164307 -562.542053 -45 ) 
3 1136 1137 (520.955200 -565.874695 -45 ) (522.164307 -562.542053 -45 ) (526.119568 -563.987427 -45 ) 
4 1137 1156 (544.997314 -695.986938 -120 ) (548.926514 -694.555786 -120 ) (548.927490 -694.556824 -45 ) (544.998901 -695.987793 -45 ) 
4 1137 1154 (525.788757 -702.983459 -120 ) (539.865662 -697.856079 -120 ) (539.866394 -697.857239 -45 ) (525.790771 -702.984131 -45 ) 
4 1137 1153 (548.926514 -694.555786 -120 ) (1024 -521.515625 -120 ) (1024 -521.516846 -45 ) (548.927490 -694.556824 -45 ) 
4 1137 1152 (398.817444 -749.231323 -120 ) (525.788757 -702.983459 -120 ) (525.790771 -702.984131 -45 ) (398.817902 -749.232605 -45 ) 
4 1137 1143 (382 -702.987244 -120 ) (383.429932 -706.918396 -120 ) (383.429932 -706.918396 -45 ) (382 -702.987244 -45 ) 
4 1137 1141 (383.429932 -706.918396 -120 ) (386.003143 -713.994080 -120 ) (386.003143 -713.994080 -45 ) (383.429932 -706.918396 -45 ) 
4 1137 1140 (386.003143 -713.994080 -120 ) (398.818359 -749.232422 -120 ) (398.818359 -749.232422 -45 ) (386.003143 -713.994080 -45 ) 
4 1137 1139 (374.985779 -683.699219 -120 ) (380.135895 -697.860718 -120 ) (380.135895 -697.860718 -45 ) (374.985748 -683.699219 -45 ) 
4 1137 1138 (126.343399 0 -120 ) (374.985779 -683.699219 -120 ) (374.985748 -683.699219 -45 ) (126.343201 0 -45 ) 
4 1138 1145 (78.421875 0 -120 ) (347.730133 -740.252502 -120 ) (347.729858 -740.252380 0 ) (78.421722 0 0 ) 
4 1138 1144 (369.858276 -697.857666 -120 ) (371.056213 -694.549988 -120 ) (371.056213 -694.549988 0 ) (369.857086 -697.860962 0 ) 
4 1138 1142 (366.575928 -706.920776 -120 ) (368 -702.988342 -120 ) (368 -702.988647 0 ) (366.575928 -706.920776 0 ) 
4 1138 1140 (351.124023 -749.585938 0 ) (351.124115 -749.585632 -120 ) (366.575928 -706.920776 -120 ) (366.575928 -706.920776 0 ) 
4 1138 1139 (371.056213 -694.549988 -120 ) (374.985870 -683.699585 -120 ) (374.985870 -683.699585 0 ) (371.056213 -694.549988 0 ) 
4 1139 1144 (371.060547 -694.551758 0 ) (371.060547 -694.551758 -120 ) (375 -695.988098 -120 ) (375.003723 -695.989563 0 ) 
4 1140 1159 (356.592468 -764.611328 -120 ) (362.818909 -762.343384 -120 ) (362.819672 -762.345459 0 ) (356.593018 -764.613464 0 ) 
4 1140 1152 (362.818909 -762.343384 -120 ) (398.817444 -749.231323 -120 ) (398.818176 -749.233398 0 ) (362.819672 -762.345459 0 ) 
4 1140 1149 (352 -751.988586 -120 ) (355.269348 -760.975708 -120 ) (355.269104 -760.975647 0 ) (352 -751.988953 0 ) 
4 1140 1148 (355.269348 -760.975708 -120 ) (356.591980 -764.611267 -120 ) (356.591797 -764.611328 0 ) (355.269104 -760.975647 0 ) 
4 1140 1142 (369.874054 -708.122253 -120 ) (366.577148 -706.921875 -120 ) (366.577148 -706.921875 0 ) (369.873810 -708.122131 0 ) 
4 1140 1141 (386.003265 -713.994629 0 ) (386.003265 -713.994629 -120 ) (375 -709.988281 -120 ) (375 -709.988281 0 ) 
4 1141 1143 (383.429077 -706.917542 0 ) (383.429077 -706.917542 -120 ) (380.132965 -708.117737 -120 ) (380.132965 -708.117737 0 ) 
4 1145 1246 (0 -578.928711 -120 ) (0 -610.902161 -120 ) (0 -610.902161 0 ) (0 -578.928711 0 ) 
4 1145 1245 (0 -610.902161 -120 ) (0 -613.906982 -120 ) (0 -613.906982 0 ) (0 -610.902161 0 ) 
4 1145 1243 (0 0 0 ) (0 0 -120 ) (0 -578.928711 -120 ) (0 -578.928711 0 ) 
4 1145 1147 (327.001862 -732.721680 -120 ) (335.995697 -735.989563 -120 ) (335.996521 -735.989929 0 ) (327.001892 -732.721802 0 ) 
4 1145 1146 (0 -613.906250 -120 ) (327.001862 -732.721680 -120 ) (327.001892 -732.721802 0 ) (0 -613.907776 0 ) 
4 1146 1245 (0 -613.906982 -120 ) (0 -894.498474 -120 ) (0 -894.498535 0 ) (0 -613.906982 0 ) 
4 1146 1159 (0 -894.496094 -120 ) (309.129456 -781.899170 -120 ) (309.128479 -781.901917 0 ) (0 -894.498657 0 ) 
4 1146 1150 (310.860962 -777.136230 -120 ) (320 -751.988647 -120 ) (320 -751.988342 0 ) (310.861023 -777.135986 0 ) 
4 1146 1148 (309.128967 -781.901917 0 ) (309.128967 -781.901917 -120 ) (310.860962 -777.136230 -120 ) (310.861023 -777.135986 0 ) 
4 1146 1147 (324.259064 -740.270020 -120 ) (327.001953 -732.722656 -120 ) (327.001953 -732.722656 0 ) (324.258789 -740.270752 0 ) 
4 1148 1159 (309.129456 -781.899170 -120 ) (356.592468 -764.611328 -120 ) (356.593018 -764.613464 0 ) (309.128479 -781.901917 0 ) 
4 1148 1151 (335.998932 -767.987610 -120 ) (327.013153 -771.257568 -120 ) (327.013306 -771.257263 0 ) (335.998596 -767.987488 0 ) 
4 1148 1150 (327.013153 -771.257568 -120 ) (310.859283 -777.135986 -120 ) (310.859375 -777.135742 0 ) (327.013306 -771.257263 0 ) 
4 1148 1149 (355.269257 -760.974854 0 ) (355.269501 -760.974976 -120 ) (347.730713 -763.718384 -120 ) (347.730774 -763.718140 0 ) 
4 1150 1151 (327.011566 -771.257874 0 ) (327.011444 -771.258118 -120 ) (324.268433 -763.721069 -120 ) (324.268677 -763.721130 0 ) 
4 1152 1163 (382 -814.986633 -120 ) (383.432159 -818.915955 -120 ) (383.432068 -818.915710 0 ) (382 -814.986694 0 ) 
4 1152 1160 (374.977631 -795.712036 -120 ) (380.132355 -809.859497 -120 ) (380.132355 -809.859497 0 ) (374.977631 -795.712097 0 ) 
4 1152 1159 (362.820313 -762.345703 0 ) (362.820313 -762.345703 -120 ) (374.977631 -795.712036 -120 ) (374.977631 -795.712097 0 ) 
4 1152 1158 (548.930176 -711.421326 -120 ) (545.004822 -709.990112 -120 ) (545.001648 -709.988953 0 ) (548.930176 -711.421326 0 ) 
4 1152 1157 (539.866089 -708.116516 -120 ) (536.572144 -706.915527 -120 ) (536.573730 -706.916077 0 ) (539.866089 -708.116516 0 ) 
4 1152 1155 (556.011047 -714.003052 -120 ) (548.930176 -711.421326 -120 ) (548.930176 -711.421326 0 ) (556.012207 -714.003479 0 ) 
4 1152 1154 (536.572144 -706.915527 -120 ) (525.790344 -702.984375 -120 ) (525.790344 -702.984375 0 ) (536.573730 -706.916077 0 ) 
4 1152 1153 (613.671997 -735.026611 0 ) (613.672363 -735.026733 -120 ) (556.011047 -714.003052 -120 ) (556.012207 -714.003479 0 ) 
4 1153 1156 (548.928162 -694.554993 0 ) (548.927307 -694.555298 -120 ) (550.130615 -697.858459 -120 ) (550.131836 -697.859253 0 ) 
4 1153 1155 (552 -702.989136 -120 ) (556.012512 -714.005432 -120 ) (556.013672 -714.005859 0 ) (552 -702.987793 0 ) 
4 1154 1157 (536.573853 -706.915588 0 ) (536.572266 -706.915039 -120 ) (538 -702.987793 -120 ) (538 -702.990234 0 ) 
4 1155 1158 (550.132935 -708.115723 -120 ) (548.929932 -711.420288 -120 ) (548.929932 -711.420288 0 ) (550.133911 -708.113037 0 ) 
4 1159 1245 (0 -894.498474 -120 ) (0 -958.621399 -120 ) (0 -958.621155 0 ) (0 -894.498535 0 ) 
4 1159 1164 (366.577850 -818.915710 -120 ) (368 -814.987366 -120 ) (368 -814.987732 0 ) (366.577850 -818.915710 0 ) 
4 1159 1162 (369.856537 -809.857788 -120 ) (371.054199 -806.549072 -120 ) (371.054199 -806.549133 0 ) (369.856567 -809.857788 0 ) 
4 1159 1161 (364.017059 -825.990356 0 ) (364.016937 -825.990662 -120 ) (366.577850 -818.915710 -120 ) (366.577850 -818.915710 0 ) 
4 1159 1160 (371.054199 -806.549072 -120 ) (374.976563 -795.712891 -120 ) (374.976563 -795.712891 0 ) (371.054199 -806.549133 0 ) 
4 1160 1162 (371.052734 -806.548828 0 ) (371.052734 -806.548828 -120 ) (375 -807.988098 -120 ) (375 -807.988098 0 ) 
4 1161 1164 (369.871307 -820.116333 -120 ) (366.578125 -818.915039 -120 ) (366.578125 -818.915039 0 ) (369.871063 -820.116272 0 ) 
4 1165 1386 (1024 -1024 -232 ) (1024 -1024 -166 ) (0 -1024 -166 ) (0 -1024 -232 ) 
4 1165 1263 (0 0 -166 ) (0 0 -232 ) (0 -1024 -232 ) (0 -1024 -166 ) 
4 1166 1270 (-1024 0 632 ) (-1024 0 80 ) (-1024 -447.988007 80 ) (-1024 -447.988007 632 ) 
4 1166 1230 (-684 -447.988007 632 ) (-796 -447.988007 632 ) (-796 -447.988007 80 ) (-684 -447.988007 80 ) 
4 1166 1233 (-796 -447.988007 632 ) (-1024 -447.988007 632 ) (-1024 -447.988007 80 ) (-796 -447.988007 80 ) 
4 1166 1202 (-684 -447.988007 96 ) (-684 -447.988007 80 ) (-112 -447.988007 80 ) (-112 -447.988007 96 ) 
4 1166 1199 (-112 -447.988007 80 ) (-104 -447.988007 80 ) (-104 -447.988007 96 ) (-112 -447.988007 96 ) 
4 1166 1197 (-112 -447.988007 96 ) (-104 -447.988007 96 ) (-104 -447.988007 240 ) (-112 -447.988007 240 ) 
4 1166 1198 (-684 -447.988007 240 ) (-684 -447.988007 96 ) (-112 -447.988007 96 ) (-112 -447.988007 240 ) 
4 1166 1196 (-104 -447.988007 632 ) (-684 -447.988007 632 ) (-684 -447.988007 240 ) (-104 -447.988007 240 ) 
4 1166 1184 (-56 -447.988007 632 ) (-104 -447.988007 632 ) (-104 -447.988007 80 ) (-56 -447.988007 80 ) 
4 1166 1181 (0 -447.988007 80 ) (0 -447.988007 632 ) (-56 -447.988007 632 ) (-56 -447.988007 80 ) 
4 1166 1171 (-792 -447.988007 80 ) (-1024 -447.988007 80 ) (-1024 0 80 ) (-792 0 80 ) 
4 1166 1170 (-696 -351.988007 80 ) (-696 -127.987999 80 ) (0 -127.987999 80 ) (0 -351.988007 80 ) 
4 1166 1169 (-696 -127.987999 80 ) (-696 -31.988302 80 ) (-264 -31.988302 80 ) (-264 -127.987999 80 ) 
4 1166 1167 (-168 0 80 ) (0 0 80 ) (0 -31.988302 80 ) (-168 -31.988302 80 ) 
4 1166 1168 (-696 -31.988302 80 ) (-696 0 80 ) (-264 0 80 ) (-264 -31.988302 80 ) 
4 1167 1173 (-168 0 64 ) (0 0 64 ) (0 -31.988302 64 ) (-168 -31.988302 64 ) 
4 1168 1173 (-620.262817 0 64 ) (-264 0 64 ) (-264 -31.988302 64 ) (-631.875671 -31.988302 64 ) 
4 1168 1172 (-696 -31.988302 64 ) (-696 0 64 ) (-620.262817 0 64 ) (-631.875671 -31.988302 64 ) 
4 1168 1169 (-696 -31.988302 80 ) (-696 -31.988302 64 ) (-264 -31.988302 64 ) (-264 -31.988302 80 ) 
4 1169 1173 (-631.875671 -31.988302 64 ) (-264 -31.988302 64 ) (-264 -127.987999 64 ) (-666.726807 -127.987999 64 ) 
4 1169 1172 (-696 -127.987999 64 ) (-696 -31.988302 64 ) (-631.875671 -31.988302 64 ) (-666.726807 -127.987999 64 ) 
4 1169 1170 (-696 -127.987999 80 ) (-696 -127.987999 64 ) (-264 -127.987999 64 ) (-264 -127.987999 80 ) 
5 1170 1173 (-696 -351.988007 64 ) (-696 -208.622864 64 ) (-666.726807 -127.987999 64 ) (0 -127.987999 64 ) (0 -351.988007 64 ) 
3 1170 1172 (-696 -208.622864 64 ) (-696 -127.987999 64 ) (-666.726807 -127.987999 64 ) 
4 1171 1270 (-1024 0 80 ) (-1024 0 64 ) (-1024 -447.988007 64 ) (-1024 -447.988007 80 ) 
4 1171 1230 (-792 -447.988007 80 ) (-796 -447.988007 80 ) (-796 -447.988007 64 ) (-792 -447.988007 64 ) 
4 1171 1233 (-796 -447.988007 80 ) (-1024 -447.988007 80 ) (-1024 -447.988007 64 ) (-796 -447.988007 64 ) 
4 1171 1172 (-792 -447.988007 64 ) (-1024 -447.988007 64 ) (-1024 0 64 ) (-792 0 64 ) 
4 1172 1270 (-1024 0 64 ) (-1024 0 2 ) (-1024 -447.988007 2 ) (-1024 -447.988007 64 ) 
4 1172 1242 (-1024 -447.988007 56 ) (-1024 -447.988007 2 ) (-782.897644 -447.988007 2 ) (-782.897644 -447.988007 56 ) 
4 1172 1230 (-782.897644 -447.988007 64 ) (-796 -447.988007 64 ) (-796 -447.988007 56 ) (-782.897644 -447.988007 56 ) 
4 1172 1233 (-796 -447.988007 64 ) (-1024 -447.988007 64 ) (-1024 -447.988007 56 ) (-796 -447.988007 56 ) 
4 1172 1178 (-780.004272 -440.015930 2 ) (-776 -428.986816 2 ) (-776 -428.988220 64 ) (-780.004822 -440.017303 64 ) 
4 1172 1176 (-782.898438 -447.988007 2 ) (-780.004272 -440.015930 2 ) (-780.004822 -440.017303 64 ) (-782.898438 -447.988007 64 ) 
4 1172 1175 (-774.138245 -423.857483 2 ) (-772.941040 -420.559723 2 ) (-772.941040 -420.559723 64 ) (-774.138977 -423.859558 64 ) 
4 1172 1174 (-772.941040 -420.559723 2 ) (-769.004761 -409.716980 2 ) (-769.004761 -409.716980 64 ) (-772.941040 -420.559723 64 ) 
4 1172 1173 (-769.004761 -409.716980 2 ) (-620.263672 0 2 ) (-620.263672 0 64 ) (-769.004761 -409.716980 64 ) 
4 1172 1180 (-782.897644 -447.988007 2 ) (-1024 -447.988007 2 ) (-1024 0 2 ) (-620.262878 0 2 ) 
4 1173 1235 (-720 -447.988007 2 ) (-712 -447.988007 2 ) (-712 -447.988007 56 ) (-720 -447.988007 56 ) 
4 1173 1234 (-712 -447.988007 2 ) (-684 -447.988007 2 ) (-684 -447.988007 56 ) (-712 -447.988007 56 ) 
4 1173 1238 (-755.093567 -447.988007 56 ) (-755.093567 -447.988007 2 ) (-720 -447.988007 2 ) (-720 -447.988007 56 ) 
4 1173 1230 (-684 -447.988007 64 ) (-755.093567 -447.988007 64 ) (-755.093567 -447.988007 56 ) (-684 -447.988007 56 ) 
4 1173 1202 (-112 -447.988007 64 ) (-684 -447.988007 64 ) (-684 -447.988007 2 ) (-112 -447.988007 2 ) 
4 1173 1199 (-104 -447.988007 64 ) (-112 -447.988007 64 ) (-112 -447.988007 2 ) (-104 -447.988007 2 ) 
4 1173 1194 (0 -447.988007 2 ) (0 -447.988007 64 ) (-104 -447.988007 64 ) (-104 -447.988007 2 ) 
4 1173 1177 (-762 -428.985352 2 ) (-760.570679 -432.914825 2 ) (-760.570313 -432.915894 64 ) (-762 -428.985352 64 ) 
4 1173 1176 (-760.570679 -432.914825 2 ) (-755.091736 -447.988007 2 ) (-755.091797 -447.988007 64 ) (-760.570313 -432.915894 64 ) 
4 1173 1174 (-769.002930 -409.716797 64 ) (-769.002930 -409.716797 2 ) (-763.866150 -423.848663 2 ) (-763.866150 -423.848663 64 ) 
5 1173 1180 (0 -447.988007 2 ) (-755.093567 -447.988007 2 ) (-769.004395 -409.718079 2 ) (-620.262878 0 2 ) (0 0 2 ) 
4 1174 1175 (-772.940735 -420.558990 64 ) (-772.940735 -420.558990 2 ) (-769 -421.987671 2 ) (-768.996521 -421.988556 64 ) 
3 1174 1180 (-772.940369 -420.559937 2 ) (-769.004395 -409.718079 2 ) (-763.868347 -423.847870 2 ) 
3 1175 1180 (-774.137329 -423.857117 2 ) (-772.940369 -420.559937 2 ) (-769 -421.988037 2 ) 
4 1176 1239 (-776 -447.988007 2 ) (-768 -447.988007 2 ) (-768 -447.988007 56 ) (-776 -447.988007 56 ) 
4 1176 1242 (-782.897644 -447.988007 56 ) (-782.897644 -447.988007 2 ) (-776 -447.988007 2 ) (-776 -447.988007 56 ) 
4 1176 1238 (-768 -447.988007 2 ) (-755.093567 -447.988007 2 ) (-755.093567 -447.988007 56 ) (-768 -447.988007 56 ) 
4 1176 1230 (-755.093567 -447.988007 64 ) (-782.897644 -447.988007 64 ) (-782.897644 -447.988007 56 ) (-755.093567 -447.988007 56 ) 
4 1176 1179 (-768.982178 -435.986816 2 ) (-772.928406 -437.428833 2 ) (-772.928833 -437.430206 64 ) (-768.980957 -435.987579 64 ) 
4 1176 1178 (-772.928406 -437.428833 2 ) (-780.002930 -440.014008 2 ) (-780.003418 -440.015381 64 ) (-772.928833 -437.430206 64 ) 
4 1176 1177 (-760.572449 -432.914948 64 ) (-760.572815 -432.913879 2 ) (-763.870483 -434.118927 2 ) (-763.871033 -434.120300 64 ) 
4 1176 1180 (-755.093567 -447.988007 2 ) (-782.897644 -447.988007 2 ) (-780.003418 -440.015625 2 ) (-760.572327 -432.915436 2 ) 
3 1177 1180 (-762 -428.987976 2 ) (-760.572327 -432.915436 2 ) (-763.871216 -434.120850 2 ) 
4 1178 1179 (-772.927063 -437.433472 64 ) (-772.926636 -437.432129 2 ) (-774.133667 -434.115082 2 ) (-774.134583 -434.115082 64 ) 
3 1178 1180 (-780.003418 -440.015625 2 ) (-776 -428.987854 2 ) (-772.927856 -437.430206 2 ) 
3 1179 1180 (-768.979980 -435.987640 2 ) (-772.927856 -437.430206 2 ) (-774.134277 -434.114868 2 ) 
4 1180 1270 (-1024 0 2 ) (-1024 0 0 ) (-1024 -447.988007 0 ) (-1024 -447.988007 2 ) 
4 1180 1257 (-776 0 0 ) (-768 0 0 ) (-768 -447.988007 0 ) (-776 -447.988007 0 ) 
4 1180 1262 (-1024 -447.988007 0 ) (-1024 0 0 ) (-776 0 0 ) (-776 -447.988007 0 ) 
4 1180 1251 (-720 0 0 ) (-712 0 0 ) (-712 -447.988007 0 ) (-720 -447.988007 0 ) 
4 1180 1256 (-768 0 0 ) (-720 0 0 ) (-720 -447.988007 0 ) (-768 -447.988007 0 ) 
4 1180 1243 (-712 0 0 ) (0 0 0 ) (0 -447.988007 0 ) (-712 -447.988007 0 ) 
4 1180 1239 (-776 -447.988007 0 ) (-768 -447.988007 0 ) (-768 -447.988007 2 ) (-776 -447.988007 2 ) 
4 1180 1242 (-1024 -447.988007 0 ) (-776 -447.988007 0 ) (-776 -447.988007 2 ) (-1024 -447.988007 2 ) 
4 1180 1235 (-720 -447.988007 0 ) (-712 -447.988007 0 ) (-712 -447.988007 2 ) (-720 -447.988007 2 ) 
4 1180 1234 (-712 -447.988007 0 ) (-684 -447.988007 0 ) (-684 -447.988007 2 ) (-712 -447.988007 2 ) 
4 1180 1238 (-768 -447.988007 0 ) (-720 -447.988007 0 ) (-720 -447.988007 2 ) (-768 -447.988007 2 ) 
4 1180 1202 (-684 -447.988007 0 ) (-112 -447.988007 0 ) (-112 -447.988007 2 ) (-684 -447.988007 2 ) 
4 1180 1199 (-112 -447.988007 0 ) (-104 -447.988007 0 ) (-104 -447.988007 2 ) (-112 -447.988007 2 ) 
4 1180 1194 (-104 -447.988007 0 ) (0 -447.988007 0 ) (0 -447.988007 2 ) (-104 -447.988007 2 ) 
4 1181 1184 (-56 -447.988007 632 ) (-56 -447.988007 80 ) (-56 -741.330017 80 ) (-56 -741.330017 632 ) 
4 1181 1183 (-56 -741.330017 632 ) (-56 -741.330017 80 ) (0 -741.330017 80 ) (0 -741.330017 632 ) 
4 1181 1182 (0 -741.330017 80 ) (-56 -741.330017 80 ) (-56 -735.987976 80 ) (0 -735.987976 80 ) 
4 1182 1184 (-56 -741.330017 76 ) (-56 -741.330017 80 ) (-56 -735.987976 80 ) (-56 -735.987976 76 ) 
4 1182 1183 (-56 -741.330017 80 ) (-56 -741.330017 76 ) (0 -741.330017 76 ) (0 -741.330017 80 ) 
4 1183 1189 (0 -746.670044 72 ) (0 -746.670044 176 ) (-56 -746.670044 176 ) (-56 -746.670044 72 ) 
4 1183 1185 (0 -746.670044 176 ) (0 -746.670044 632 ) (-56 -746.670044 632 ) (-56 -746.670044 176 ) 
4 1183 1184 (-56 -746.670044 72 ) (-56 -746.670044 632 ) (-56 -741.330017 632 ) (-56 -741.330017 72 ) 
4 1184 1200 (-104 -735.987976 64 ) (-104 -746.670044 64 ) (-104 -746.670044 96 ) (-104 -735.987976 96 ) 
4 1184 1199 (-104 -447.988007 96 ) (-104 -447.988007 64 ) (-104 -735.987976 64 ) (-104 -735.987976 96 ) 
4 1184 1197 (-104 -447.988007 240 ) (-104 -447.988007 96 ) (-104 -746.670044 96 ) (-104 -746.670044 240 ) 
4 1184 1196 (-104 -447.988007 632 ) (-104 -447.988007 240 ) (-104 -746.670044 240 ) (-104 -746.670044 632 ) 
4 1184 1194 (-104 -735.987976 64 ) (-104 -447.988007 64 ) (-56 -447.988007 64 ) (-56 -735.987976 64 ) 
4 1184 1190 (-104 -746.670044 176 ) (-104 -746.670044 64 ) (-56 -746.670044 64 ) (-56 -746.670044 176 ) 
4 1184 1185 (-104 -746.670044 632 ) (-104 -746.670044 176 ) (-56 -746.670044 176 ) (-56 -746.670044 632 ) 
4 1185 1197 (-104 -746.670044 240 ) (-104 -746.670044 176 ) (-104 -983.987976 176 ) (-104 -983.987976 240 ) 
4 1185 1196 (-104 -983.987976 632 ) (-104 -746.670044 632 ) (-104 -746.670044 240 ) (-104 -983.987976 240 ) 
4 1185 1191 (-104 -983.987976 176 ) (-104 -752 176 ) (0 -752 176 ) (0 -983.987976 176 ) 
4 1185 1189 (-56 -746.670044 176 ) (0 -746.670044 176 ) (0 -752 176 ) (-56 -752 176 ) 
4 1185 1190 (-104 -752 176 ) (-104 -746.670044 176 ) (-56 -746.670044 176 ) (-56 -752 176 ) 
4 1185 1186 (0 -983.987976 224 ) (0 -983.987976 632 ) (-104 -983.987976 632 ) (-104 -983.987976 224 ) 
4 1185 1187 (-104 -983.987976 176 ) (0 -983.987976 176 ) (0 -983.987976 216 ) (-104 -983.987976 216 ) 
4 1186 1196 (-104 -991.987976 632 ) (-104 -983.987976 632 ) (-104 -983.987976 240 ) (-104 -991.987976 240 ) 
4 1186 1188 (0 -991.987976 224 ) (0 -991.987976 632 ) (-104 -991.987976 632 ) (-104 -991.987976 224 ) 
4 1187 1188 (-104 -991.987976 176 ) (0 -991.987976 176 ) (0 -991.987976 216 ) (-104 -991.987976 216 ) 
4 1188 1390 (0 -1024 176 ) (0 -1024 216 ) (-104 -1024 216 ) (-104 -1024 176 ) 
4 1188 1387 (0 -1024 216 ) (0 -1024 632 ) (-104 -1024 632 ) (-104 -1024 216 ) 
4 1188 1225 (-104 -1024 176 ) (-104 -1024 216 ) (-104 -991.987976 216 ) (-104 -991.987976 176 ) 
4 1188 1223 (-104 -1024 224 ) (-104 -1024 632 ) (-104 -991.987976 632 ) (-104 -991.987976 224 ) 
4 1188 1193 (-104 -1024 176 ) (-104 -991.987976 176 ) (0 -991.987976 176 ) (0 -1024 176 ) 
4 1189 1191 (0 -752 68 ) (0 -752 176 ) (-56 -752 176 ) (-56 -752 68 ) 
4 1189 1190 (-56 -752 68 ) (-56 -752 176 ) (-56 -746.670044 176 ) (-56 -746.670044 68 ) 
4 1190 1200 (-104 -746.670044 64 ) (-104 -752 64 ) (-104 -752 96 ) (-104 -746.670044 96 ) 
4 1190 1197 (-104 -752 96 ) (-104 -752 176 ) (-104 -746.670044 176 ) (-104 -746.670044 96 ) 
4 1190 1191 (-104 -752 64 ) (-56 -752 64 ) (-56 -752 176 ) (-104 -752 176 ) 
4 1191 1200 (-104 -752 64 ) (-104 -983.987976 64 ) (-104 -983.987976 96 ) (-104 -752 96 ) 
4 1191 1197 (-104 -983.987976 96 ) (-104 -983.987976 176 ) (-104 -752 176 ) (-104 -752 96 ) 
4 1191 1192 (-104 -983.987976 64 ) (0 -983.987976 64 ) (0 -983.987976 168 ) (-104 -983.987976 168 ) 
4 1192 1193 (-104 -991.987976 64 ) (0 -991.987976 64 ) (0 -991.987976 168 ) (-104 -991.987976 168 ) 
4 1193 1393 (0 -1024 64 ) (0 -1024 168 ) (-104 -1024 168 ) (-104 -1024 64 ) 
4 1193 1390 (0 -1024 168 ) (0 -1024 176 ) (-104 -1024 176 ) (-104 -1024 168 ) 
4 1193 1226 (-104 -991.987976 64 ) (-104 -1024 64 ) (-104 -1024 168 ) (-104 -991.987976 168 ) 
4 1194 1246 (-104 -648.719177 0 ) (-104 -616.739258 0 ) (0 -578.928711 0 ) (0 -610.902222 0 ) 
4 1194 1245 (-104 -735.987976 0 ) (-104 -648.719177 0 ) (0 -610.902222 0 ) (0 -735.987976 0 ) 
4 1194 1243 (-104 -616.739258 0 ) (-104 -447.988007 0 ) (0 -447.988007 0 ) (0 -578.928711 0 ) 
4 1194 1199 (-104 -447.988007 64 ) (-104 -447.988007 0 ) (-104 -735.987976 0 ) (-104 -735.987976 64 ) 
4 1194 1195 (-104 -735.987976 58 ) (-104 -735.987976 0 ) (0 -735.987976 0 ) (0 -735.987976 58 ) 
4 1195 1394 (0 -1024 0 ) (0 -1024 58 ) (-104 -1024 58 ) (-104 -1024 0 ) 
4 1195 1245 (0 -1024 0 ) (-104 -1024 0 ) (-104 -735.987976 0 ) (0 -735.987976 0 ) 
4 1195 1228 (-104 -991.987976 0 ) (-104 -1024 0 ) (-104 -1024 58 ) (-104 -991.987976 58 ) 
4 1195 1201 (-104 -735.987976 0 ) (-104 -983.987976 0 ) (-104 -983.987976 58 ) (-104 -735.987976 58 ) 
4 1196 1231 (-684 -463.988007 240 ) (-684 -543.987976 240 ) (-684 -543.987976 632 ) (-684 -463.988007 632 ) 
4 1196 1230 (-684 -447.988007 632 ) (-684 -447.988007 240 ) (-684 -463.988007 240 ) (-684 -463.988007 632 ) 
4 1196 1232 (-684 -543.987976 240 ) (-684 -991.987976 240 ) (-684 -991.987976 632 ) (-684 -543.987976 632 ) 
4 1196 1223 (-104 -991.987976 240 ) (-104 -991.987976 632 ) (-112 -991.987976 632 ) (-112 -991.987976 240 ) 
4 1196 1224 (-112 -991.987976 632 ) (-684 -991.987976 632 ) (-684 -991.987976 240 ) (-112 -991.987976 240 ) 
4 1196 1197 (-112 -983.987976 240 ) (-112 -447.988007 240 ) (-104 -447.988007 240 ) (-104 -983.987976 240 ) 
4 1196 1198 (-112 -991.987976 240 ) (-684 -991.987976 240 ) (-684 -447.988007 240 ) (-112 -447.988007 240 ) 
4 1197 1200 (-112 -983.987976 96 ) (-112 -735.987976 96 ) (-104 -735.987976 96 ) (-104 -983.987976 96 ) 
4 1197 1199 (-112 -735.987976 96 ) (-112 -447.988007 96 ) (-104 -447.988007 96 ) (-104 -735.987976 96 ) 
4 1197 1198 (-112 -447.988007 96 ) (-112 -983.987976 96 ) (-112 -983.987976 240 ) (-112 -447.988007 240 ) 
4 1198 1231 (-684 -463.988007 96 ) (-684 -543.987976 96 ) (-684 -543.987976 240 ) (-684 -463.988007 240 ) 
4 1198 1230 (-684 -447.988007 240 ) (-684 -447.988007 96 ) (-684 -463.988007 96 ) (-684 -463.988007 240 ) 
4 1198 1232 (-684 -543.987976 96 ) (-684 -991.987976 96 ) (-684 -991.987976 240 ) (-684 -543.987976 240 ) 
4 1198 1227 (-684 -991.987976 216 ) (-684 -991.987976 96 ) (-112 -991.987976 96 ) (-112 -991.987976 216 ) 
4 1198 1224 (-112 -991.987976 240 ) (-684 -991.987976 240 ) (-684 -991.987976 216 ) (-112 -991.987976 216 ) 
3 1198 1218 (-432.004120 -767.989441 96 ) (-440.986725 -771.255737 96 ) (-443.729340 -763.721252 96 ) 
3 1198 1217 (-448 -773.805908 96 ) (-448 -751.988953 96 ) (-440.986725 -771.255737 96 ) 
3 1198 1216 (-416 -751.985596 96 ) (-412.727325 -760.979980 96 ) (-420.273743 -763.723999 96 ) 
4 1198 1214 (-328.695496 -991.987976 96 ) (-448 -991.987976 96 ) (-448 -773.805908 96 ) (-412.727325 -760.979980 96 ) 
3 1198 1222 (-448 -991.987976 96 ) (-535.253967 -991.987976 96 ) (-448 -751.988953 96 ) 
3 1198 1211 (-448 -741.804932 96 ) (-443.733582 -740.253845 96 ) (-448 -751.988953 96 ) 
5 1198 1213 (-535.253967 -991.987976 96 ) (-684 -991.987976 96 ) (-684 -827.605896 96 ) (-448 -741.804932 96 ) (-448 -751.988953 96 ) 
3 1198 1208 (-432 -735.987976 96 ) (-448 -741.804932 96 ) (-448 -735.987976 96 ) 
4 1198 1207 (-448 -730.156921 96 ) (-431.996948 -735.986816 96 ) (-432 -735.987976 96 ) (-448 -735.987976 96 ) 
4 1198 1210 (-684 -827.605896 96 ) (-684 -644.182739 96 ) (-448 -730.156921 96 ) (-448 -741.804932 96 ) 
4 1198 1205 (-112 -991.987976 96 ) (-328.695496 -991.987976 96 ) (-420.264069 -740.261108 96 ) (-112 -852.560913 96 ) 
3 1198 1203 (-112 -735.987976 96 ) (-112 -852.560913 96 ) (-431.993805 -735.987976 96 ) 
5 1198 1202 (-684 -644.182739 96 ) (-684 -447.988007 96 ) (-112 -447.988007 96 ) (-112 -735.987976 96 ) (-431.993805 -735.987976 96 ) 
4 1199 1246 (-104 -616.739258 0 ) (-104 -648.719177 0 ) (-112 -651.628113 0 ) (-112 -619.647766 0 ) 
4 1199 1245 (-104 -648.719177 0 ) (-104 -735.987976 0 ) (-112 -735.987976 0 ) (-112 -651.628113 0 ) 
4 1199 1243 (-112 -447.988007 0 ) (-104 -447.988007 0 ) (-104 -616.739258 0 ) (-112 -619.647766 0 ) 
4 1199 1202 (-112 -735.987976 96 ) (-112 -447.988007 96 ) (-112 -447.988007 0 ) (-112 -735.987976 0 ) 
4 1199 1201 (-112 -735.987976 58 ) (-112 -735.987976 0 ) (-104 -735.987976 0 ) (-104 -735.987976 58 ) 
4 1199 1200 (-112 -735.987976 96 ) (-112 -735.987976 64 ) (-104 -735.987976 64 ) (-104 -735.987976 96 ) 
4 1200 1205 (-112 -983.987976 96 ) (-112 -852.560852 96 ) (-112 -852.561218 64 ) (-112 -983.987976 64 ) 
4 1200 1203 (-112 -852.560852 96 ) (-112 -735.987976 96 ) (-112 -735.987976 64 ) (-112 -852.561218 64 ) 
4 1201 1245 (-104 -735.987976 0 ) (-104 -983.987976 0 ) (-112 -983.987976 0 ) (-112 -735.987976 0 ) 
4 1201 1206 (-112 -983.987976 58 ) (-112 -852.561279 58 ) (-112 -852.561890 0 ) (-112 -983.987976 0 ) 
4 1201 1204 (-112 -852.561279 58 ) (-112 -735.987976 58 ) (-112 -735.987976 0 ) (-112 -852.561890 0 ) 
4 1202 1247 (-410.173523 -735.987976 0 ) (-431.996460 -735.987976 0 ) (-431.998230 -735.987305 0 ) (-406.842834 -726.841736 0 ) 
5 1202 1246 (-112 -619.647766 0 ) (-112 -651.628113 0 ) (-343.997070 -735.987976 0 ) (-410.173523 -735.987976 0 ) (-406.842834 -726.841736 0 ) 
3 1202 1245 (-112 -651.628113 0 ) (-112 -735.987976 0 ) (-343.997070 -735.987976 0 ) 
5 1202 1243 (-684 -644.183716 0 ) (-684 -447.988007 0 ) (-112 -447.988007 0 ) (-112 -619.647766 0 ) (-431.998230 -735.987305 0 ) 
4 1202 1234 (-684 -447.988007 56 ) (-684 -447.988007 0 ) (-684 -644.183777 0 ) (-684 -644.183167 56 ) 
4 1202 1231 (-684 -543.987976 64 ) (-684 -543.987976 96 ) (-684 -463.988007 96 ) (-684 -463.988007 64 ) 
4 1202 1230 (-684 -447.988007 96 ) (-684 -447.988007 56 ) (-684 -463.988007 56 ) (-684 -463.988007 96 ) 
4 1202 1232 (-684 -543.987976 56 ) (-684 -644.183167 56 ) (-684 -644.182739 96 ) (-684 -543.987976 96 ) 
4 1202 1207 (-431.995575 -735.987976 96 ) (-448 -730.157593 96 ) (-448 -730.158569 0 ) (-431.998230 -735.987976 0 ) 
4 1202 1210 (-448 -730.157593 96 ) (-684 -644.183411 96 ) (-684 -644.184387 0 ) (-448 -730.158569 0 ) 
4 1202 1203 (-431.993378 -735.987976 96 ) (-431.994263 -735.987976 64 ) (-112 -735.987976 64 ) (-112 -735.987976 96 ) 
4 1202 1204 (-431.994446 -735.987976 58 ) (-431.996094 -735.987976 0 ) (-112 -735.987976 0 ) (-112 -735.987976 58 ) 
4 1203 1205 (-112 -852.561829 64 ) (-112 -852.561523 96 ) (-420.263763 -740.261841 96 ) (-420.263062 -740.262390 64 ) 
3 1204 1247 (-412.729492 -743.006897 0 ) (-431.996460 -735.987976 0 ) (-410.173492 -735.987976 0 ) 
4 1204 1246 (-388.037445 -752.002136 0 ) (-412.729492 -743.006897 0 ) (-410.173492 -735.987976 0 ) (-343.997070 -735.987976 0 ) 
4 1204 1245 (-112 -735.987976 0 ) (-112 -852.561890 0 ) (-388.037445 -752.002136 0 ) (-343.997070 -735.987976 0 ) 
4 1204 1206 (-112 -852.562500 0 ) (-112 -852.561890 58 ) (-420.262939 -740.262512 58 ) (-420.261566 -740.263611 0 ) 
4 1205 1227 (-112 -991.987976 96 ) (-328.695496 -991.987976 96 ) (-328.694946 -991.987976 64 ) (-112 -991.987976 64 ) 
4 1205 1216 (-415.998444 -751.983826 64 ) (-412.726166 -760.979492 64 ) (-412.726624 -760.979675 96 ) (-415.998718 -751.984497 96 ) 
4 1205 1214 (-412.726166 -760.979492 64 ) (-328.694061 -991.987976 64 ) (-328.694611 -991.987976 96 ) (-412.726624 -760.979675 96 ) 
3 1206 1248 (-420.261871 -740.262878 0 ) (-412.729492 -743.006897 0 ) (-415.998383 -751.983459 0 ) 
4 1206 1246 (-412.729492 -743.006897 0 ) (-388.037567 -752.002136 0 ) (-412.725983 -760.979431 0 ) (-415.998383 -751.983459 0 ) 
5 1206 1245 (-388.037567 -752.002136 0 ) (-112 -852.561890 0 ) (-112 -991.987976 0 ) (-328.693909 -991.987976 0 ) (-412.725983 -760.979431 0 ) 
4 1206 1228 (-328.694855 -991.987976 58 ) (-328.693909 -991.987976 0 ) (-112 -991.987976 0 ) (-112 -991.987976 58 ) 
4 1206 1219 (-415.997925 -751.982361 0 ) (-412.725220 -760.979187 0 ) (-412.726044 -760.979553 58 ) (-415.998413 -751.983643 58 ) 
4 1206 1215 (-412.725220 -760.979187 0 ) (-328.693024 -991.987976 0 ) (-328.693970 -991.987976 58 ) (-412.726044 -760.979553 58 ) 
3 1207 1243 (-448 -730.157959 0 ) (-431.998230 -735.987366 0 ) (-448 -735.987976 0 ) 
4 1207 1208 (-448 -735.987976 96 ) (-448 -735.987976 64 ) (-432.001953 -735.987976 64 ) (-432.001953 -735.987976 96 ) 
4 1207 1209 (-448 -735.987976 58 ) (-448 -735.987976 0 ) (-432.001953 -735.987976 0 ) (-432.001953 -735.987976 58 ) 
4 1207 1210 (-448 -730.156982 96 ) (-448 -730.157959 0 ) (-448 -735.987976 0 ) (-448 -735.987976 96 ) 
4 1208 1211 (-443.733521 -740.253662 96 ) (-448 -741.804810 96 ) (-448 -741.804810 64 ) (-443.733582 -740.253723 64 ) 
4 1208 1210 (-448 -741.802734 64 ) (-448 -741.802734 96 ) (-448 -735.987976 96 ) (-448 -735.987976 64 ) 
3 1209 1243 (-431.998230 -735.987366 0 ) (-448 -741.804993 0 ) (-448 -735.987976 0 ) 
4 1209 1212 (-443.733612 -740.253723 58 ) (-448 -741.804810 58 ) (-448 -741.804810 0 ) (-443.733704 -740.253723 0 ) 
4 1209 1210 (-448 -735.987976 0 ) (-448 -741.802734 0 ) (-448 -741.802734 58 ) (-448 -735.987976 58 ) 
4 1210 1243 (-684 -827.605896 0 ) (-684 -644.183716 0 ) (-448 -730.157959 0 ) (-448 -741.804993 0 ) 
4 1210 1234 (-684 -644.183777 0 ) (-684 -827.605896 0 ) (-684 -827.605896 56 ) (-684 -644.183167 56 ) 
4 1210 1232 (-684 -827.605896 56 ) (-684 -827.605896 96 ) (-684 -644.182739 96 ) (-684 -644.183167 56 ) 
4 1210 1213 (-448 -741.804810 96 ) (-684 -827.605713 96 ) (-684 -827.605713 0 ) (-448 -741.804810 0 ) 
4 1211 1213 (-448 -741.802917 96 ) (-448 -741.802917 64 ) (-448 -751.982666 64 ) (-448 -751.982849 96 ) 
3 1212 1244 (-448 -741.804993 0 ) (-443.733795 -740.253967 0 ) (-448 -751.988525 0 ) 
4 1212 1213 (-448 -741.802917 58 ) (-448 -741.802917 0 ) (-448 -751.982422 0 ) (-448 -751.982666 58 ) 
5 1213 1244 (-684 -991.987976 0 ) (-684 -827.605896 0 ) (-448 -741.804993 0 ) (-448 -751.988525 0 ) (-535.254150 -991.987976 0 ) 
4 1213 1234 (-684 -827.605896 0 ) (-684 -991.987976 0 ) (-684 -991.987976 56 ) (-684 -827.605896 56 ) 
4 1213 1232 (-684 -991.987976 56 ) (-684 -991.987976 96 ) (-684 -827.605896 96 ) (-684 -827.605896 56 ) 
4 1213 1229 (-684 -991.987976 64 ) (-684 -991.987976 0 ) (-535.254150 -991.987976 0 ) (-535.254028 -991.987976 64 ) 
4 1213 1227 (-535.253967 -991.987976 96 ) (-684 -991.987976 96 ) (-684 -991.987976 64 ) (-535.254028 -991.987976 64 ) 
4 1213 1222 (-448 -751.989258 96 ) (-535.253906 -991.987976 96 ) (-535.254089 -991.987976 0 ) (-448 -751.988770 0 ) 
4 1214 1227 (-328.695496 -991.987976 96 ) (-448 -991.987976 96 ) (-448 -991.987976 64 ) (-328.694946 -991.987976 64 ) 
4 1214 1218 (-432.005676 -767.988525 64 ) (-440.987122 -771.254517 64 ) (-440.987122 -771.254517 96 ) (-432.006226 -767.988708 96 ) 
4 1214 1217 (-440.987122 -771.254517 64 ) (-448 -773.804688 64 ) (-448 -773.804688 96 ) (-440.987122 -771.254517 96 ) 
4 1214 1216 (-412.728485 -760.978638 96 ) (-412.728027 -760.978455 64 ) (-420.273071 -763.722107 64 ) (-420.273071 -763.722107 96 ) 
4 1214 1222 (-448 -991.987976 64 ) (-448 -991.987976 96 ) (-448 -773.805908 96 ) (-448 -773.805908 64 ) 
4 1215 1245 (-412.725983 -760.979431 0 ) (-328.693909 -991.987976 0 ) (-448 -991.987976 0 ) (-448 -773.805969 0 ) 
4 1215 1228 (-448 -991.987976 58 ) (-448 -991.987976 0 ) (-328.693909 -991.987976 0 ) (-328.694855 -991.987976 58 ) 
4 1215 1221 (-432.004333 -767.988098 0 ) (-440.987122 -771.254578 0 ) (-440.987091 -771.254517 58 ) (-432.005463 -767.988464 58 ) 
4 1215 1220 (-440.987122 -771.254578 0 ) (-448 -773.804688 0 ) (-448 -773.804688 58 ) (-440.987091 -771.254517 58 ) 
4 1215 1219 (-412.727936 -760.978455 58 ) (-412.727081 -760.978149 0 ) (-420.273041 -763.722168 0 ) (-420.273071 -763.722168 58 ) 
4 1215 1222 (-448 -773.805969 0 ) (-448 -991.987976 0 ) (-448 -991.987976 58 ) (-448 -773.805908 58 ) 
4 1217 1218 (-440.986450 -771.255676 96 ) (-440.986450 -771.255676 64 ) (-443.729034 -763.720947 64 ) (-443.728851 -763.721436 96 ) 
4 1217 1222 (-448 -751.982849 96 ) (-448 -751.982666 64 ) (-448 -773.805908 64 ) (-448 -773.805908 96 ) 
3 1219 1246 (-415.998383 -751.983459 0 ) (-412.725983 -760.979431 0 ) (-420.273743 -763.723999 0 ) 
3 1220 1249 (-440.986694 -771.255737 0 ) (-448 -773.805969 0 ) (-448 -751.988525 0 ) 
4 1220 1221 (-443.727692 -763.721313 58 ) (-440.984375 -771.257813 58 ) (-440.984375 -771.257813 0 ) (-443.728027 -763.720398 0 ) 
4 1220 1222 (-448 -751.982666 58 ) (-448 -751.982422 0 ) (-448 -773.805969 0 ) (-448 -773.805908 58 ) 
3 1221 1250 (-432.002319 -767.988770 0 ) (-440.986694 -771.255737 0 ) (-443.729797 -763.719788 0 ) 
3 1222 1249 (-457.140289 -777.129578 0 ) (-448 -751.988525 0 ) (-448 -773.805969 0 ) 
4 1222 1245 (-448 -991.987976 0 ) (-535.254150 -991.987976 0 ) (-457.140289 -777.129578 0 ) (-448 -773.805969 0 ) 
4 1222 1229 (-535.254028 -991.987976 64 ) (-535.254150 -991.987976 0 ) (-448 -991.987976 0 ) (-448 -991.987976 64 ) 
4 1222 1227 (-448 -991.987976 96 ) (-535.253967 -991.987976 96 ) (-535.254028 -991.987976 64 ) (-448 -991.987976 64 ) 
4 1223 1396 (-104 -1024 224 ) (-104 -1024 632 ) (-112 -1024 632 ) (-112 -1024 224 ) 
4 1223 1224 (-112 -991.987976 632 ) (-112 -991.987976 224 ) (-112 -1024 224 ) (-112 -1024 632 ) 
4 1224 1399 (-684 -1024 632 ) (-684 -1024 216 ) (-112 -1024 216 ) (-112 -1024 632 ) 
4 1224 1232 (-684 -1024 216 ) (-684 -1024 632 ) (-684 -991.987976 632 ) (-684 -991.987976 216 ) 
4 1224 1227 (-684 -1024 216 ) (-684 -991.987976 216 ) (-112 -991.987976 216 ) (-112 -1024 216 ) 
4 1225 1397 (-104 -1024 176 ) (-104 -1024 216 ) (-112 -1024 216 ) (-112 -1024 176 ) 
4 1225 1227 (-112 -1024 176 ) (-112 -1024 216 ) (-112 -991.987976 216 ) (-112 -991.987976 176 ) 
4 1226 1398 (-112 -1024 64 ) (-104 -1024 64 ) (-104 -1024 168 ) (-112 -1024 168 ) 
4 1226 1227 (-112 -991.987976 64 ) (-112 -1024 64 ) (-112 -1024 168 ) (-112 -991.987976 168 ) 
4 1227 1399 (-684 -1024 216 ) (-684 -1024 64 ) (-112 -1024 64 ) (-112 -1024 216 ) 
4 1227 1232 (-684 -1024 64 ) (-684 -1024 216 ) (-684 -991.987976 216 ) (-684 -991.987976 64 ) 
4 1227 1229 (-684 -1024 64 ) (-684 -991.987976 64 ) (-448 -991.987976 64 ) (-448 -1024 64 ) 
4 1228 1400 (-448 -1024 0 ) (-104 -1024 0 ) (-104 -1024 58 ) (-448 -1024 58 ) 
4 1228 1245 (-104 -1024 0 ) (-448 -1024 0 ) (-448 -991.987976 0 ) (-104 -991.987976 0 ) 
4 1228 1229 (-448 -991.987976 58 ) (-448 -991.987976 0 ) (-448 -1024 0 ) (-448 -1024 58 ) 
4 1229 1401 (-684 -1024 64 ) (-684 -1024 0 ) (-448 -1024 0 ) (-448 -1024 64 ) 
4 1229 1245 (-448 -1024 0 ) (-546.892395 -1024 0 ) (-535.254150 -991.987976 0 ) (-448 -991.987976 0 ) 
4 1229 1244 (-546.892395 -1024 0 ) (-684 -1024 0 ) (-684 -991.987976 0 ) (-535.254150 -991.987976 0 ) 
4 1229 1234 (-684 -991.987976 0 ) (-684 -1024 0 ) (-684 -1024 56 ) (-684 -991.987976 56 ) 
4 1229 1232 (-684 -1024 56 ) (-684 -1024 64 ) (-684 -991.987976 64 ) (-684 -991.987976 56 ) 
4 1230 1239 (-776 -447.988007 56 ) (-768 -447.988007 56 ) (-768 -463.988007 56 ) (-776 -463.988007 56 ) 
4 1230 1242 (-796 -447.988007 56 ) (-776 -447.988007 56 ) (-776 -463.988007 56 ) (-796 -463.988007 56 ) 
4 1230 1235 (-720 -447.988007 56 ) (-712 -447.988007 56 ) (-712 -463.988007 56 ) (-720 -463.988007 56 ) 
4 1230 1234 (-712 -447.988007 56 ) (-684 -447.988007 56 ) (-684 -463.988007 56 ) (-712 -463.988007 56 ) 
4 1230 1238 (-768 -447.988007 56 ) (-720 -447.988007 56 ) (-720 -463.988007 56 ) (-768 -463.988007 56 ) 
4 1230 1231 (-796 -463.988007 632 ) (-796 -463.988007 64 ) (-684 -463.988007 64 ) (-684 -463.988007 632 ) 
4 1230 1233 (-796 -447.988007 56 ) (-796 -463.988007 56 ) (-796 -463.988007 632 ) (-796 -447.988007 632 ) 
4 1231 1233 (-796 -543.987976 64 ) (-796 -543.987976 632 ) (-796 -463.988007 632 ) (-796 -463.988007 64 ) 
4 1231 1232 (-796 -543.987976 632 ) (-796 -543.987976 64 ) (-684 -543.987976 64 ) (-684 -543.987976 632 ) 
4 1232 1401 (-796 -1024 56 ) (-684 -1024 56 ) (-684 -1024 64 ) (-796 -1024 64 ) 
4 1232 1399 (-684 -1024 64 ) (-684 -1024 632 ) (-796 -1024 632 ) (-796 -1024 64 ) 
4 1232 1240 (-768 -1024 56 ) (-776 -1024 56 ) (-776 -543.987976 56 ) (-768 -543.987976 56 ) 
4 1232 1242 (-776 -1024 56 ) (-796 -1024 56 ) (-796 -543.987976 56 ) (-776 -543.987976 56 ) 
4 1232 1237 (-712 -1024 56 ) (-720 -1024 56 ) (-720 -543.987976 56 ) (-712 -543.987976 56 ) 
4 1232 1234 (-684 -543.987976 56 ) (-684 -1024 56 ) (-712 -1024 56 ) (-712 -543.987976 56 ) 
4 1232 1238 (-720 -1024 56 ) (-768 -1024 56 ) (-768 -543.987976 56 ) (-720 -543.987976 56 ) 
4 1232 1233 (-796 -543.987976 56 ) (-796 -1024 56 ) (-796 -1024 632 ) (-796 -543.987976 632 ) 
4 1233 1401 (-1024 -1024 64 ) (-1024 -1024 56 ) (-796 -1024 56 ) (-796 -1024 64 ) 
4 1233 1399 (-1024 -1024 632 ) (-1024 -1024 64 ) (-796 -1024 64 ) (-796 -1024 632 ) 
4 1233 1270 (-1024 -1024 56 ) (-1024 -1024 632 ) (-1024 -447.988007 632 ) (-1024 -447.988007 56 ) 
4 1233 1242 (-1024 -1024 56 ) (-1024 -447.988007 56 ) (-796 -447.988007 56 ) (-796 -1024 56 ) 
4 1234 1401 (-712 -1024 0 ) (-684 -1024 0 ) (-684 -1024 56 ) (-712 -1024 56 ) 
4 1234 1244 (-684 -1024 0 ) (-712 -1024 0 ) (-712 -837.785645 0 ) (-684 -827.605835 0 ) 
4 1234 1243 (-712 -837.785645 0 ) (-712 -447.988007 0 ) (-684 -447.988007 0 ) (-684 -827.605835 0 ) 
4 1234 1237 (-712 -1024 56 ) (-712 -531.987976 56 ) (-712 -507.099091 0 ) (-712 -1024 0 ) 
4 1234 1236 (-712 -523.987976 56 ) (-712 -479.988007 56 ) (-712 -479.988007 0 ) (-712 -499.099091 0 ) 
4 1234 1235 (-712 -471.988007 56 ) (-712 -447.988007 56 ) (-712 -447.988007 0 ) (-712 -471.988007 0 ) 
4 1235 1251 (-720 -471.988007 0 ) (-720 -447.988007 0 ) (-712 -447.988007 0 ) (-712 -471.988007 0 ) 
4 1235 1238 (-720 -471.988007 56 ) (-720 -447.988007 56 ) (-720 -447.988007 0 ) (-720 -471.988007 0 ) 
4 1236 1253 (-720 -499.099121 0 ) (-720 -479.988007 0 ) (-712 -479.988007 0 ) (-712 -499.099091 0 ) 
4 1236 1238 (-720 -523.987976 56 ) (-720 -479.988007 56 ) (-720 -479.988007 0 ) (-720 -499.099091 0 ) 
4 1237 1401 (-720 -1024 0 ) (-712 -1024 0 ) (-712 -1024 56 ) (-720 -1024 56 ) 
4 1237 1254 (-712 -1024 0 ) (-720 -1024 0 ) (-720 -507.099060 0 ) (-712 -507.099091 0 ) 
4 1237 1238 (-720 -1024 56 ) (-720 -531.987976 56 ) (-720 -507.099091 0 ) (-720 -1024 0 ) 
4 1238 1401 (-768 -1024 0 ) (-720 -1024 0 ) (-720 -1024 56 ) (-768 -1024 56 ) 
4 1238 1256 (-720 -1024 0 ) (-768 -1024 0 ) (-768 -447.988007 0 ) (-720 -447.988007 0 ) 
4 1238 1241 (-768 -523.987976 56 ) (-768 -480 56 ) (-768 -480 0 ) (-768 -499.099091 0 ) 
4 1238 1240 (-768 -1024 56 ) (-768 -531.987915 56 ) (-768 -507.099091 0 ) (-768 -1024 0 ) 
4 1238 1239 (-768 -472 56 ) (-768 -447.988007 56 ) (-768 -447.988007 0 ) (-768 -472 0 ) 
4 1239 1257 (-776 -472 0 ) (-776 -447.988007 0 ) (-768 -447.988007 0 ) (-768 -472 0 ) 
4 1239 1242 (-776 -472 56 ) (-776 -447.988007 56 ) (-776 -447.988007 0 ) (-776 -472 0 ) 
4 1240 1401 (-776 -1024 0 ) (-768 -1024 0 ) (-768 -1024 56 ) (-776 -1024 56 ) 
4 1240 1259 (-768 -1024 0 ) (-776 -1024 0 ) (-776 -507.099121 0 ) (-768 -507.099091 0 ) 
4 1240 1242 (-776 -1024 56 ) (-776 -531.987915 56 ) (-776 -507.099091 0 ) (-776 -1024 0 ) 
4 1241 1260 (-776 -499.099091 0 ) (-776 -480 0 ) (-768 -480 0 ) (-768 -499.099091 0 ) 
4 1241 1242 (-776 -523.987976 56 ) (-776 -480 56 ) (-776 -480 0 ) (-776 -499.099091 0 ) 
4 1242 1401 (-1024 -1024 56 ) (-1024 -1024 0 ) (-776 -1024 0 ) (-776 -1024 56 ) 
4 1242 1270 (-1024 -1024 0 ) (-1024 -1024 56 ) (-1024 -447.988007 56 ) (-1024 -447.988007 0 ) 
4 1242 1262 (-776 -1024 0 ) (-1024 -1024 0 ) (-1024 -447.988007 0 ) (-776 -447.988007 0 ) 
4 1243 1254 (-712 -837.785645 -52 ) (-712 -837.785645 0 ) (-712 -507.099091 0 ) (-712 -483.987976 -52 ) 
3 1243 1253 (-712 -499.099091 0 ) (-712 -479.988007 0 ) (-712 -479.988007 -43 ) 
4 1243 1252 (-712 -471.988007 -48 ) (-712 -471.988007 -52 ) (-712 -475.987976 -52 ) (-712 -477.765778 -48 ) 
4 1243 1255 (-712 -471.988007 -120 ) (-712 -837.785645 -120 ) (-712 -837.785645 -52 ) (-712 -471.988007 -52 ) 
4 1243 1251 (-712 0 -120 ) (-712 -471.988007 -120 ) (-712 -471.988007 0 ) (-712 0 0 ) 
4 1243 1247 (-432 -735.987732 -120 ) (-406.842651 -726.841248 -120 ) (-406.842529 -726.840942 0 ) (-432 -735.987000 0 ) 
4 1243 1246 (-406.842651 -726.841248 -120 ) (0 -578.928223 -120 ) (0 -578.927734 0 ) (-406.842529 -726.840942 0 ) 
4 1243 1244 (-712 -837.785156 0 ) (-712 -837.785156 -120 ) (-443.733795 -740.253479 -120 ) (-443.733521 -740.253174 0 ) 
4 1244 1430 (-546.892456 -1024 0 ) (-558.815308 -1024 0 ) (-558.815247 -1024 -120 ) (-546.892639 -1024 -120 ) 
4 1244 1429 (-558.815308 -1024 0 ) (-712 -1024 0 ) (-712 -1024 -120 ) (-558.815247 -1024 -120 ) 
4 1244 1254 (-712 -1024 -52 ) (-712 -1024 0 ) (-712 -837.785645 0 ) (-712 -837.785645 -52 ) 
4 1244 1255 (-712 -837.785645 -120 ) (-712 -1024 -120 ) (-712 -1024 -52 ) (-712 -837.785645 -52 ) 
4 1244 1249 (-457.140381 -777.129639 -120 ) (-448 -751.988098 -120 ) (-448 -751.988342 0 ) (-457.140167 -777.129517 0 ) 
4 1244 1245 (-546.892456 -1024 -120 ) (-457.140381 -777.129639 -120 ) (-457.140167 -777.129517 0 ) (-546.892273 -1024 0 ) 
4 1245 1431 (-305.287689 -1024 0 ) (-337.599670 -1024 0 ) (-337.599121 -1024 -120 ) (-305.288269 -1024 -120 ) 
4 1245 1430 (-337.599670 -1024 0 ) (-546.892456 -1024 0 ) (-546.892639 -1024 -120 ) (-337.599121 -1024 -120 ) 
4 1245 1426 (0 -1024 -120 ) (0 -1024 0 ) (-305.287689 -1024 0 ) (-305.288269 -1024 -120 ) 
4 1245 1250 (-432.001556 -767.987366 -120 ) (-440.987061 -771.254761 -120 ) (-440.987030 -771.254822 0 ) (-432.003754 -767.988281 0 ) 
4 1245 1249 (-440.987061 -771.254761 -120 ) (-457.138916 -777.127991 -120 ) (-457.138672 -777.127930 0 ) (-440.987030 -771.254822 0 ) 
4 1245 1246 (0 -610.900391 -120 ) (-420.273224 -763.722656 -120 ) (-420.273285 -763.722778 0 ) (0 -610.901123 0 ) 
4 1246 1248 (-412.729797 -743.008057 -120 ) (-415.997345 -751.980957 -120 ) (-415.998322 -751.983643 0 ) (-412.729401 -743.006958 0 ) 
4 1246 1247 (-406.843109 -726.842712 0 ) (-406.843109 -726.842712 -120 ) (-412.729797 -743.008057 -120 ) (-412.729401 -743.006958 0 ) 
4 1247 1248 (-420.259186 -740.264832 -120 ) (-412.728912 -743.007935 -120 ) (-412.728516 -743.006836 0 ) (-420.261963 -740.262573 0 ) 
4 1249 1250 (-440.985901 -771.255493 0 ) (-440.985901 -771.255493 -120 ) (-443.729462 -763.718201 -120 ) (-443.728729 -763.720154 0 ) 
4 1251 1252 (-720 -471.988007 -48 ) (-720 -471.988007 -52 ) (-712 -471.988007 -52 ) (-712 -471.988007 -48 ) 
4 1251 1255 (-720 -471.988007 -52 ) (-720 -471.988007 -120 ) (-712 -471.988007 -120 ) (-712 -471.988007 -52 ) 
4 1251 1256 (-720 0 -120 ) (-720 -471.988007 -120 ) (-720 -471.988007 0 ) (-720 0 0 ) 
4 1252 1255 (-720 -475.987976 -52 ) (-720 -471.988007 -52 ) (-712 -471.988007 -52 ) (-712 -475.987976 -52 ) 
4 1252 1256 (-720 -471.988007 -48 ) (-720 -471.988007 -52 ) (-720 -475.987976 -52 ) (-720 -477.765778 -48 ) 
3 1253 1256 (-720 -499.099121 0 ) (-720 -479.988007 0 ) (-720 -479.988007 -43 ) 
4 1254 1429 (-712 -1024 0 ) (-720 -1024 0 ) (-720 -1024 -52 ) (-712 -1024 -52 ) 
4 1254 1255 (-720 -1024 -52 ) (-720 -483.987976 -52 ) (-712 -483.987976 -52 ) (-712 -1024 -52 ) 
4 1254 1256 (-720 -1024 -52 ) (-720 -1024 0 ) (-720 -507.099060 0 ) (-720 -483.987976 -52 ) 
4 1255 1429 (-720 -1024 -52 ) (-720 -1024 -120 ) (-712 -1024 -120 ) (-712 -1024 -52 ) 
4 1255 1256 (-720 -471.988007 -120 ) (-720 -1024 -120 ) (-720 -1024 -52 ) (-720 -471.988007 -52 ) 
4 1256 1429 (-720 -1024 0 ) (-768 -1024 0 ) (-768 -1024 -120 ) (-720 -1024 -120 ) 
3 1256 1260 (-768 -499.099091 0 ) (-768 -480 0 ) (-768 -480 -42.973019 ) 
4 1256 1259 (-768 -1024 -52 ) (-768 -1024 0 ) (-768 -507.099121 0 ) (-768 -483.988007 -52 ) 
4 1256 1258 (-768 -472 -48 ) (-768 -472 -52 ) (-768 -475.988007 -52 ) (-768 -477.765778 -48 ) 
4 1256 1257 (-768 -472 0 ) (-768 0 0 ) (-768 0 -52 ) (-768 -472 -52 ) 
4 1256 1261 (-768 0 -120 ) (-768 -1024 -120 ) (-768 -1024 -52 ) (-768 0 -52 ) 
4 1257 1258 (-776 -472 -48 ) (-776 -472 -52 ) (-768 -472 -52 ) (-768 -472 -48 ) 
4 1257 1261 (-776 -472 -52 ) (-776 0 -52 ) (-768 0 -52 ) (-768 -472 -52 ) 
4 1257 1262 (-776 -472 0 ) (-776 0 0 ) (-776 0 -52 ) (-776 -472 -52 ) 
4 1258 1262 (-776 -472 -48 ) (-776 -472 -52 ) (-776 -475.988007 -52 ) (-776 -477.765778 -48 ) 
4 1258 1261 (-776 -475.988007 -52 ) (-776 -472 -52 ) (-768 -472 -52 ) (-768 -475.988007 -52 ) 
4 1259 1429 (-768 -1024 0 ) (-776 -1024 0 ) (-776 -1024 -52 ) (-768 -1024 -52 ) 
4 1259 1261 (-776 -1024 -52 ) (-776 -483.988037 -52 ) (-768 -483.988007 -52 ) (-768 -1024 -52 ) 
4 1259 1262 (-776 -1024 -52 ) (-776 -1024 0 ) (-776 -507.099121 0 ) (-776 -483.988007 -52 ) 
3 1260 1262 (-776 -499.099091 0 ) (-776 -480 0 ) (-776 -480 -42.973019 ) 
4 1261 1429 (-776 -1024 -52 ) (-776 -1024 -120 ) (-768 -1024 -120 ) (-768 -1024 -52 ) 
4 1261 1262 (-776 0 -120 ) (-776 -1024 -120 ) (-776 -1024 -52 ) (-776 0 -52 ) 
4 1262 1429 (-776 -1024 0 ) (-1024 -1024 0 ) (-1024 -1024 -120 ) (-776 -1024 -120 ) 
4 1262 1271 (-1024 -1024 -120 ) (-1024 -1024 0 ) (-1024 0 0 ) (-1024 0 -120 ) 
4 1263 1434 (0 -1024 -232 ) (0 -1024 -166 ) (-1024 -1024 -166 ) (-1024 -1024 -232 ) 
4 1263 1272 (-1024 -1024 -232 ) (-1024 -1024 -166 ) (-1024 0 -166 ) (-1024 0 -232 ) 
4 1264 1270 (-1024 0 0 ) (-1024 0 632 ) (-2048 0 632 ) (-2048 0 0 ) 
4 1264 1267 (-2048 0 0 ) (-2048 0 632 ) (-2048 1024 632 ) (-2048 1024 0 ) 
4 1264 1265 (-1024 0 0 ) (-2048 0 0 ) (-2048 1024 0 ) (-1024 1024 0 ) 
4 1265 1271 (-1024 0 -120 ) (-1024 0 0 ) (-2048 0 0 ) (-2048 0 -120 ) 
4 1265 1268 (-2048 0 -120 ) (-2048 0 0 ) (-2048 1024 0 ) (-2048 1024 -120 ) 
4 1266 1272 (-1024 0 -232 ) (-1024 0 -166 ) (-2048 0 -166 ) (-2048 0 -232 ) 
4 1266 1269 (-2048 0 -232 ) (-2048 0 -166 ) (-2048 1024 -166 ) (-2048 1024 -232 ) 
4 1267 1489 (-3072 1024 632 ) (-3072 1024 0 ) (-3072 0 0 ) (-3072 0 632 ) 
4 1267 1273 (-3072 0 632 ) (-3072 0 0 ) (-2048 0 0 ) (-2048 0 632 ) 
4 1267 1268 (-2048 1024 0 ) (-2048 0 0 ) (-3072 0 0 ) (-3072 1024 0 ) 
4 1268 1490 (-3072 1024 0 ) (-3072 1024 -120 ) (-3072 0 -120 ) (-3072 0 0 ) 
4 1268 1274 (-3072 0 0 ) (-3072 0 -120 ) (-2048 0 -120 ) (-2048 0 0 ) 
4 1269 1491 (-3072 1024 -166 ) (-3072 1024 -232 ) (-3072 0 -232 ) (-3072 0 -166 ) 
4 1269 1275 (-3072 0 -166 ) (-3072 0 -232 ) (-2048 0 -232 ) (-2048 0 -166 ) 
4 1270 1441 (-1024 -1024 0 ) (-1024 -1024 632 ) (-2048 -1024 632 ) (-2048 -1024 0 ) 
4 1270 1273 (-2048 0 632 ) (-2048 0 0 ) (-2048 -1024 0 ) (-2048 -1024 632 ) 
4 1270 1271 (-2048 0 0 ) (-1024 0 0 ) (-1024 -1024 0 ) (-2048 -1024 0 ) 
4 1271 1442 (-1024 -1024 -120 ) (-1024 -1024 0 ) (-2048 -1024 0 ) (-2048 -1024 -120 ) 
4 1271 1274 (-2048 0 0 ) (-2048 0 -120 ) (-2048 -1024 -120 ) (-2048 -1024 0 ) 
4 1272 1443 (-1024 -1024 -232 ) (-1024 -1024 -166 ) (-2048 -1024 -166 ) (-2048 -1024 -232 ) 
4 1272 1275 (-2048 0 -166 ) (-2048 0 -232 ) (-2048 -1024 -232 ) (-2048 -1024 -166 ) 
4 1273 1495 (-3072 -1024 0 ) (-3072 -1024 632 ) (-3072 0 632 ) (-3072 0 0 ) 
4 1273 1444 (-3072 -1024 632 ) (-3072 -1024 0 ) (-2048 -1024 0 ) (-2048 -1024 632 ) 
4 1273 1274 (-2048 0 0 ) (-2048 -1024 0 ) (-3072 -1024 0 ) (-3072 0 0 ) 
4 1274 1496 (-3072 -1024 -120 ) (-3072 -1024 0 ) (-3072 0 0 ) (-3072 0 -120 ) 
4 1274 1445 (-3072 -1024 0 ) (-3072 -1024 -120 ) (-2048 -1024 -120 ) (-2048 -1024 0 ) 
4 1275 1497 (-3072 -1024 -232 ) (-3072 -1024 -166 ) (-3072 0 -166 ) (-3072 0 -232 ) 
4 1275 1446 (-3072 -1024 -166 ) (-3072 -1024 -232 ) (-2048 -1024 -232 ) (-2048 -1024 -166 ) 
4 1276 1328 (364.100037 -1044.989990 632 ) (364.100037 -1024 632 ) (364.100037 -1024 393.564636 ) (364.100037 -1044.989990 393.564636 ) 
4 1276 1298 (1024 -1028.989990 242 ) (1024 -1042.989990 242 ) (561.709595 -1042.989990 242 ) (561.709595 -1028.989990 242 ) 
4 1276 1299 (1024 -1042.989990 242 ) (1024 -1044.989990 242 ) (561.709595 -1044.989990 242 ) (561.709595 -1042.989990 242 ) 
4 1276 1295 (561.709595 -1024 242 ) (1024 -1024 242 ) (1024 -1028.989990 242 ) (561.709595 -1028.989990 242 ) 
4 1276 1286 (456.101990 -1044.989990 323.004120 ) (364.100037 -1044.989990 393.568787 ) (364.100037 -1024 393.568787 ) (456.101990 -1024 323.004120 ) 
4 1276 1285 (548.101990 -1044.989990 252.440948 ) (456.101990 -1044.989990 323.004120 ) (456.101990 -1042.989990 323.004120 ) (548.101990 -1042.989990 252.440948 ) 
4 1276 1279 (559.100525 -1044.989990 244.005173 ) (548.101990 -1044.989990 252.440948 ) (548.101990 -1042.989990 252.440948 ) (559.100525 -1042.989990 244.005157 ) 
4 1276 1277 (561.714844 -1044.989990 242 ) (559.100525 -1044.989990 244.005173 ) (559.100708 -1024 244.005005 ) (561.714844 -1024 242 ) 
5 1276 1293 (561.709595 -1044.989990 242 ) (1024 -1044.989990 242 ) (1024 -1044.989990 632 ) (364.100037 -1044.989990 632 ) (364.100037 -1044.989990 393.564636 ) 
4 1277 1298 (561.709595 -1028.989990 242 ) (561.709595 -1042.989990 242 ) (558.098511 -1042.989990 242 ) (558.098694 -1028.989990 242 ) 
4 1277 1299 (561.709595 -1042.989990 242 ) (561.709595 -1044.989990 242 ) (558.098450 -1044.989990 242 ) (558.098511 -1042.989990 242 ) 
4 1277 1295 (558.098755 -1024 242 ) (561.709595 -1024 242 ) (561.709595 -1028.989990 242 ) (558.098694 -1028.989990 242 ) 
4 1277 1279 (558.099609 -1042.989990 242 ) (558.099609 -1044.989990 242 ) (559.098938 -1044.989990 244.002151 ) (559.098938 -1042.989990 244.002136 ) 
3 1277 1293 (558.098450 -1044.989990 242 ) (561.709595 -1044.989990 242 ) (559.099060 -1044.989990 244.002258 ) 
4 1278 1297 (554.478577 -1028.989990 242 ) (554.478577 -1042.989990 242 ) (548.101990 -1042.989990 242 ) (548.101990 -1028.989990 242 ) 
4 1278 1294 (548.101990 -1024 242 ) (554.478577 -1024 242 ) (554.478577 -1028.989990 242 ) (548.101990 -1028.989990 242 ) 
4 1278 1284 (548.101990 -1035.989990 242 ) (548.101990 -1042.989990 242 ) (548.101990 -1042.989990 246.861328 ) (548.101990 -1035.989990 246.861328 ) 
4 1278 1283 (548.101990 -1028.989990 242 ) (548.101990 -1035.989990 242 ) (548.101990 -1035.989990 246.861328 ) (548.101990 -1028.989990 246.861328 ) 
3 1278 1279 (548.101990 -1042.989990 246.861328 ) (548.101990 -1042.989990 242 ) (554.478577 -1042.989990 242 ) 
4 1279 1299 (558.098450 -1042.989990 242 ) (558.098450 -1044.989990 242 ) (548.101990 -1044.989990 242 ) (548.101990 -1042.989990 242 ) 
4 1279 1285 (548.101990 -1042.989990 242 ) (548.101990 -1044.989990 242 ) (548.101990 -1044.989990 252.435272 ) (548.101990 -1042.989990 252.435272 ) 
4 1279 1293 (548.101990 -1044.989990 242 ) (558.098450 -1044.989990 242 ) (559.099060 -1044.989990 244.002258 ) (548.101990 -1044.989990 252.436905 ) 
4 1280 1287 (456.101990 -1028.989990 290 ) (456.101990 -1028.989990 305 ) (456.101990 -1024 305 ) (456.101990 -1024 290 ) 
4 1280 1283 (456.101990 -1028.989990 305 ) (456.101990 -1028.989990 290 ) (484.007477 -1028.989990 290 ) (464.087311 -1028.989990 305 ) 
4 1281 1288 (456.101990 -1028.989990 247 ) (456.101990 -1028.989990 285 ) (456.101990 -1024 285 ) (456.101990 -1024 247 ) 
4 1281 1283 (456.101990 -1028.989990 285 ) (456.101990 -1028.989990 247 ) (541.111938 -1028.989990 247 ) (490.647461 -1028.989990 285 ) 
4 1282 1289 (456.101990 -1035.989990 311 ) (456.101990 -1035.989990 317 ) (456.101990 -1028.989990 317 ) (456.101990 -1028.989990 311 ) 
4 1282 1284 (456.101990 -1035.989990 317 ) (456.101990 -1035.989990 311 ) (464.101959 -1035.989990 305 ) (471.842194 -1035.989990 305 ) 
4 1282 1283 (471.842224 -1035.989990 305 ) (464.101959 -1035.989990 305 ) (464.101959 -1028.989990 305 ) (471.842224 -1028.989990 305 ) 
4 1283 1297 (548.101990 -1028.989990 242 ) (548.101990 -1035.989990 242 ) (456.101990 -1035.989990 242 ) (456.101990 -1028.989990 242 ) 
4 1283 1291 (456.101990 -1028.989990 242 ) (456.101990 -1035.989990 242 ) (456.101990 -1035.989990 305 ) (456.101990 -1028.989990 305 ) 
5 1283 1284 (456.101990 -1035.989990 305 ) (456.101990 -1035.989990 242 ) (548.101990 -1035.989990 242 ) (548.101990 -1035.989990 246.861343 ) (471.842194 -1035.989990 305 ) 
4 1284 1297 (548.101990 -1035.989990 242 ) (548.101990 -1042.989990 242 ) (456.101990 -1042.989990 242 ) (456.101990 -1035.989990 242 ) 
4 1284 1292 (456.101990 -1035.989990 242 ) (456.101990 -1042.989990 242 ) (456.101990 -1042.989990 317 ) (456.101990 -1035.989990 317 ) 
4 1284 1285 (456.101990 -1042.989990 317 ) (456.101990 -1042.989990 242 ) (548.101990 -1042.989990 242 ) (548.101990 -1042.989990 246.861343 ) 
4 1285 1299 (548.101990 -1042.989990 242 ) (548.101990 -1044.989990 242 ) (456.101990 -1044.989990 242 ) (456.101990 -1042.989990 242 ) 
4 1285 1292 (456.101990 -1042.989990 242 ) (456.101990 -1044.989990 242 ) (456.101990 -1044.989990 317 ) (456.101990 -1042.989990 317 ) 
4 1285 1293 (456.101990 -1044.989990 242 ) (548.101990 -1044.989990 242 ) (548.101990 -1044.989990 252.436905 ) (456.101990 -1044.989990 323 ) 
4 1286 1328 (364.100037 -1024 393.564636 ) (364.100037 -1024 252.436768 ) (364.100037 -1044.989990 252.436768 ) (364.100037 -1044.989990 393.564636 ) 
3 1286 1293 (456.101990 -1044.989990 323 ) (364.100037 -1044.989990 393.564636 ) (364.100037 -1044.989990 252.436768 ) 
4 1287 1291 (456.101990 -1028.989990 290 ) (456.101990 -1028.989990 305 ) (448.133881 -1028.989990 305 ) (428.213654 -1028.989990 290 ) 
4 1288 1291 (456.101990 -1028.989990 247 ) (456.101990 -1028.989990 285 ) (421.573608 -1028.989990 285 ) (371.108978 -1028.989990 247 ) 
3 1289 1292 (456.101990 -1035.989990 311 ) (456.101990 -1035.989990 317 ) (452.133942 -1035.989990 313.974945 ) 
4 1289 1290 (452.135223 -1035.989990 313.974945 ) (452.135284 -1028.989990 313.974945 ) (456.101990 -1028.989990 311 ) (456.101990 -1035.989990 311 ) 
4 1290 1292 (456.100006 -1035.989990 311 ) (452.133942 -1035.989990 313.974945 ) (440.361267 -1035.989990 305 ) (448.105988 -1035.989990 305 ) 
4 1290 1291 (448.106018 -1035.989990 305 ) (440.359467 -1035.989990 305 ) (440.359497 -1028.989990 305 ) (448.106049 -1028.989990 305 ) 
4 1291 1329 (364.100037 -1028.989990 242 ) (364.100037 -1035.989990 242 ) (364.100037 -1035.989990 246.861938 ) (364.100037 -1028.989990 246.861893 ) 
4 1291 1297 (364.100037 -1035.989990 242 ) (364.100037 -1028.989990 242 ) (456.101990 -1028.989990 242 ) (456.101990 -1035.989990 242 ) 
5 1291 1292 (456.101990 -1035.989990 242 ) (456.101990 -1035.989990 305 ) (440.361267 -1035.989990 305 ) (364.100037 -1035.989990 246.861938 ) (364.100037 -1035.989990 242 ) 
4 1292 1329 (364.100037 -1035.989990 242 ) (364.100037 -1044.989990 242 ) (364.100037 -1044.989990 246.861969 ) (364.100037 -1035.989990 246.861938 ) 
4 1292 1297 (364.100037 -1042.989990 242 ) (364.100037 -1035.989990 242 ) (456.101990 -1035.989990 242 ) (456.101990 -1042.989990 242 ) 
4 1292 1299 (364.100037 -1044.989990 242 ) (364.100037 -1042.989990 242 ) (456.101990 -1042.989990 242 ) (456.101990 -1044.989990 242 ) 
4 1292 1293 (364.100037 -1044.989990 242 ) (456.101990 -1044.989990 242 ) (456.101990 -1044.989990 317 ) (364.100037 -1044.989990 246.861969 ) 
4 1293 1435 (1024 -2048 242 ) (1024 -2048 632 ) (364.100037 -2048 632 ) (364.100037 -2048 242 ) 
4 1293 1340 (364.100037 -2048 242 ) (364.100037 -2048 632 ) (364.100037 -1183.989990 632 ) (364.100037 -1183.989990 242 ) 
4 1293 1331 (364.100037 -1183.989990 632 ) (364.100037 -1044.989990 632 ) (364.100037 -1044.989990 242 ) (364.100037 -1183.989990 242 ) 
4 1293 1299 (364.100037 -2048 242 ) (364.100037 -1044.989990 242 ) (1024 -1044.989990 242 ) (1024 -2048 242 ) 
4 1294 1297 (554.478516 -1028.989990 242 ) (548.101990 -1028.989990 242 ) (548.101990 -1028.989990 83 ) (763.036987 -1028.989990 83 ) 
4 1294 1296 (763.036987 -1028.989990 83 ) (548.101990 -1028.989990 83 ) (548.101990 -1024 83 ) (763.036987 -1024 83 ) 
4 1294 1295 (557.100647 -1028.989990 240.002914 ) (763.039307 -1028.989990 83 ) (763.039307 -1024 83 ) (557.100708 -1024 240.002869 ) 
5 1295 1298 (1024 -1028.989990 83 ) (1024 -1028.989990 242 ) (558.098633 -1028.989990 242 ) (557.099915 -1028.989990 240.001511 ) (763.036987 -1028.989990 83 ) 
4 1295 1296 (1024 -1028.989990 83 ) (763.036987 -1028.989990 83 ) (763.036987 -1024 83 ) (1024 -1024 83 ) 
3 1296 1302 (551.638733 -1024 81 ) (552.361938 -1024 81 ) (552 -1024.989990 81 ) 
4 1296 1300 (552.361938 -1024 81 ) (1024 -1024 81 ) (1024 -1028.989990 81 ) (550.537231 -1028.989990 81 ) 
4 1296 1298 (765.660339 -1028.989990 81 ) (1024 -1028.989990 81 ) (1024 -1028.989990 83 ) (763.036987 -1028.989990 83 ) 
4 1296 1297 (548.101990 -1028.989990 81 ) (765.660339 -1028.989990 81 ) (763.036987 -1028.989990 83 ) (548.101990 -1028.989990 83 ) 
4 1297 1334 (364.100037 -1028.989990 216 ) (364.100037 -1028.989990 81 ) (364.100037 -1042.989990 81 ) (364.100037 -1042.989990 216 ) 
4 1297 1329 (364.100037 -1042.989990 242 ) (364.100037 -1028.989990 242 ) (364.100037 -1028.989990 216 ) (364.100037 -1042.989990 216 ) 
4 1297 1325 (364.100037 -1033.989990 81 ) (364.100037 -1032.989990 81 ) (548.101990 -1032.989990 81 ) (548.101990 -1033.989990 81 ) 
4 1297 1319 (375.001068 -1031.990356 81 ) (372.259216 -1032.989990 81 ) (370.912109 -1032.989990 81 ) (369.866730 -1030.119141 81 ) 
3 1297 1318 (380.130951 -1030.120117 81 ) (379.084229 -1032.989990 81 ) (372.259216 -1032.989990 81 ) 
4 1297 1317 (380.543121 -1028.989990 81 ) (395.100037 -1028.989990 81 ) (395.100037 -1032.989990 81 ) (379.084229 -1032.989990 81 ) 
4 1297 1316 (364.100037 -1032.989990 81 ) (364.100037 -1028.989990 81 ) (369.455566 -1028.989990 81 ) (370.912109 -1032.989990 81 ) 
3 1297 1306 (536.768555 -1028.989990 81 ) (539.459595 -1028.989990 81 ) (539.872437 -1030.121216 81 ) 
5 1297 1305 (395.100037 -1028.989990 81 ) (536.768555 -1028.989990 81 ) (545 -1031.989990 81 ) (542.258728 -1032.989990 81 ) (395.100037 -1032.989990 81 ) 
3 1297 1303 (548.101990 -1030.858276 81 ) (548.101990 -1032.989990 81 ) (542.258728 -1032.989990 81 ) 
4 1297 1327 (364.100037 -1042.989990 81 ) (364.100037 -1033.989990 81 ) (548.101990 -1033.989990 81 ) (548.101990 -1042.989990 81 ) 
3 1297 1301 (550.123718 -1030.120728 81 ) (548.101990 -1035.649292 81 ) (548.101990 -1030.858276 81 ) 
5 1297 1300 (550.537231 -1028.989990 81 ) (765.660400 -1028.989990 81 ) (765.660400 -1042.989990 81 ) (548.101990 -1042.989990 81 ) (548.101990 -1035.649292 81 ) 
4 1297 1298 (765.660156 -1028.989990 81 ) (557.099915 -1028.989990 240.001419 ) (557.099243 -1042.989990 240 ) (765.660156 -1042.989990 81 ) 
4 1297 1299 (364.100037 -1042.989990 81 ) (765.660400 -1042.989990 81 ) (554.478577 -1042.989990 242 ) (364.100037 -1042.989990 242 ) 
4 1298 1300 (765.660400 -1028.989990 81 ) (1024 -1028.989990 81 ) (1024 -1042.989990 81 ) (765.660400 -1042.989990 81 ) 
5 1298 1299 (765.660400 -1042.989990 81 ) (1024 -1042.989990 81 ) (1024 -1042.989990 242 ) (558.098511 -1042.989990 242 ) (557.099792 -1042.989990 240.001633 ) 
4 1299 1435 (1024 -2048 81 ) (1024 -2048 242 ) (364.100037 -2048 242 ) (364.100037 -2048 81 ) 
4 1299 1341 (364.100037 -2048 81 ) (364.100037 -2048 240 ) (364.100037 -1183.989990 240 ) (364.100037 -1183.989990 81 ) 
4 1299 1340 (364.100037 -2048 240 ) (364.100037 -2048 242 ) (364.100037 -1183.989990 242 ) (364.100037 -1183.989990 240 ) 
4 1299 1334 (364.100037 -1042.989990 216 ) (364.100037 -1042.989990 81 ) (364.100037 -1183.989990 81 ) (364.100037 -1183.989990 216 ) 
4 1299 1329 (364.100037 -1044.989990 242 ) (364.100037 -1042.989990 242 ) (364.100037 -1042.989990 216 ) (364.100037 -1044.989990 216 ) 
4 1299 1331 (364.100037 -1183.989990 242 ) (364.100037 -1044.989990 242 ) (364.100037 -1044.989990 216 ) (364.100037 -1183.989990 216 ) 
4 1299 1327 (548.101990 -2048 81 ) (364.100037 -2048 81 ) (364.100037 -1042.989990 81 ) (548.101990 -1042.989990 81 ) 
4 1299 1300 (1024 -2048 81 ) (548.101990 -2048 81 ) (548.101990 -1042.989990 81 ) (1024 -1042.989990 81 ) 
4 1300 1435 (1024 -2048 0 ) (1024 -2048 81 ) (548.101990 -2048 81 ) (548.101990 -2048 0 ) 
4 1300 1370 (552.361938 -1024 0 ) (1024 -1024 0 ) (1024 -1206.562378 0 ) (548.917969 -1033.417847 0 ) 
5 1300 1368 (1024 -1206.562378 0 ) (1024 -2048 0 ) (548.101990 -2048 0 ) (548.101990 -1035.649170 0 ) (548.917969 -1033.417847 0 ) 
4 1300 1327 (548.101990 -1035.649292 0 ) (548.101990 -2048 0 ) (548.101990 -2048 81 ) (548.101990 -1035.649170 81 ) 
4 1300 1302 (552.361694 -1024 0 ) (552 -1024.989502 0 ) (552 -1024.989502 81 ) (552.361694 -1024 81 ) 
4 1300 1301 (550.123352 -1030.120972 0 ) (548.101990 -1035.648438 0 ) (548.101990 -1035.648438 81 ) (550.123352 -1030.120972 81 ) 
4 1301 1372 (550.123657 -1030.120850 0 ) (548.917969 -1033.417847 0 ) (548.101990 -1033.120483 0 ) (548.101990 -1030.858276 0 ) 
3 1301 1368 (548.917969 -1033.417847 0 ) (548.101990 -1035.649170 0 ) (548.101990 -1033.120483 0 ) 
4 1301 1325 (548.101990 -1033.989990 78 ) (548.101990 -1033.989990 81 ) (548.101990 -1032.989990 81 ) (548.101990 -1032.989990 78 ) 
4 1301 1326 (548.101990 -1032.989990 0 ) (548.101990 -1033.989990 0 ) (548.101990 -1033.989990 73 ) (548.101990 -1032.989990 73 ) 
4 1301 1303 (548.101990 -1032.989990 78 ) (548.101990 -1032.989990 81 ) (548.101990 -1030.858276 81 ) (548.101990 -1030.858276 78 ) 
4 1301 1304 (548.101990 -1030.858276 0 ) (548.101990 -1032.989990 0 ) (548.101990 -1032.989990 73 ) (548.101990 -1030.858276 73 ) 
4 1301 1327 (548.101990 -1033.989990 0 ) (548.101990 -1035.649292 0 ) (548.101990 -1035.649170 81 ) (548.101990 -1033.989990 81 ) 
3 1302 1373 (551.638733 -1024 0 ) (552.361938 -1024 0 ) (552 -1024.989868 0 ) 
4 1303 1325 (548.101990 -1032.989990 78 ) (548.101990 -1032.989990 81 ) (542.258728 -1032.989990 81 ) (542.258728 -1032.989990 78 ) 
4 1303 1305 (545 -1031.989990 78 ) (542.257813 -1032.989990 78 ) (542.257813 -1032.989990 81 ) (545 -1031.989990 81 ) 
4 1304 1372 (548.101990 -1030.858276 0 ) (548.101990 -1032.989990 0 ) (547.743896 -1032.989990 0 ) (545 -1031.989990 0 ) 
3 1304 1368 (547.743896 -1032.989990 0 ) (542.258728 -1032.989990 0 ) (545 -1031.989990 0 ) 
4 1304 1326 (548.101990 -1032.989990 0 ) (548.101990 -1032.989990 73 ) (542.258728 -1032.989990 73 ) (542.258728 -1032.989990 0 ) 
4 1304 1307 (545 -1031.989990 0 ) (542.257813 -1032.989990 0 ) (542.257813 -1032.989990 73 ) (545 -1031.989990 73 ) 
4 1305 1325 (542.258728 -1032.989990 81 ) (395.100037 -1032.989990 81 ) (395.100037 -1032.989990 78 ) (542.258728 -1032.989990 78 ) 
4 1305 1317 (395.100037 -1032.989990 78 ) (395.100037 -1032.989990 81 ) (395.100037 -1028.989990 81 ) (395.100037 -1028.989990 78 ) 
4 1305 1306 (539.872314 -1030.120972 78 ) (536.767578 -1028.989990 78 ) (536.767578 -1028.989990 81 ) (539.872314 -1030.120972 81 ) 
4 1307 1368 (545 -1031.989990 0 ) (542.258728 -1032.989990 0 ) (536.101990 -1032.989990 0 ) (536.101990 -1028.747070 0 ) 
4 1307 1326 (536.101990 -1032.989990 0 ) (542.258728 -1032.989990 0 ) (542.258728 -1032.989990 73 ) (536.101990 -1032.989990 73 ) 
4 1307 1310 (536.101990 -1028.747070 0 ) (536.101990 -1032.989990 0 ) (536.101990 -1032.989990 61 ) (536.101990 -1028.747070 61 ) 
4 1307 1308 (536.101990 -1028.746094 0 ) (536.101990 -1028.746094 73 ) (539.872009 -1030.120117 73 ) (539.872009 -1030.120117 0 ) 
4 1308 1369 (536.101990 -1024 0 ) (537.638733 -1024 0 ) (539.872437 -1030.121216 0 ) (536.101990 -1028.747070 0 ) 
4 1308 1310 (536.101990 -1024 0 ) (536.101990 -1028.747070 0 ) (536.101990 -1028.747070 61 ) (536.101990 -1024 61 ) 
4 1308 1309 (538 -1024.990112 0 ) (537.639099 -1024 0 ) (537.639099 -1024 73 ) (538 -1024.989624 73 ) 
3 1309 1371 (537.638733 -1024 0 ) (538.360535 -1024 0 ) (538 -1024.990601 0 ) 
3 1310 1369 (523.076660 -1024 0 ) (536.101990 -1024 0 ) (536.101990 -1028.747070 0 ) 
5 1310 1368 (517.101990 -1024 0 ) (523.076660 -1024 0 ) (536.101990 -1028.747070 0 ) (536.101990 -1032.989990 0 ) (517.101990 -1032.989990 0 ) 
4 1310 1326 (517.101990 -1032.989990 0 ) (536.101990 -1032.989990 0 ) (536.101990 -1032.989990 61 ) (517.101990 -1032.989990 61 ) 
4 1310 1311 (517.101990 -1024 0 ) (517.101990 -1032.989990 0 ) (517.101990 -1032.989990 61 ) (517.101990 -1024 61 ) 
4 1311 1382 (395.100037 -1024 0 ) (462.634216 -1024 0 ) (459.362427 -1032.989990 0 ) (395.100037 -1032.989990 0 ) 
4 1311 1368 (462.634216 -1024 0 ) (517.101990 -1024 0 ) (517.101990 -1032.989990 0 ) (459.362427 -1032.989990 0 ) 
4 1311 1326 (395.100037 -1032.989990 73 ) (395.100037 -1032.989990 0 ) (517.101990 -1032.989990 0 ) (517.101990 -1032.989990 73 ) 
4 1311 1320 (395.100037 -1028.989990 0 ) (395.100037 -1032.989990 0 ) (395.100037 -1032.989990 61 ) (395.100037 -1028.989990 61 ) 
4 1311 1312 (395.100037 -1024 0 ) (395.100037 -1028.989990 0 ) (395.100037 -1028.989990 61 ) (395.100037 -1024 61 ) 
4 1312 1382 (381.637054 -1024 0 ) (395.100037 -1024 0 ) (395.100037 -1028.989990 0 ) (383.461548 -1028.989990 0 ) 
4 1312 1320 (395.100037 -1028.989990 0 ) (395.100037 -1028.989990 61 ) (383.461060 -1028.989990 61 ) (383.461548 -1028.989990 0 ) 
4 1312 1313 (383.461548 -1028.989990 0 ) (383.461029 -1028.989990 61 ) (382 -1024.993774 61 ) (382 -1024.992310 0 ) 
3 1313 1383 (382 -1024.993042 0 ) (383.461548 -1028.989990 0 ) (380.542358 -1028.989990 0 ) 
4 1313 1320 (380.542358 -1028.989990 0 ) (383.461548 -1028.989990 0 ) (383.461060 -1028.989990 61 ) (380.542908 -1028.989990 61 ) 
4 1314 1377 (364.100037 -1024 0 ) (367.638947 -1024 0 ) (369.455963 -1028.989990 0 ) (364.100037 -1028.989990 0 ) 
4 1314 1338 (364.100037 -1024 0 ) (364.100037 -1028.989990 0 ) (364.100037 -1028.989990 64 ) (364.100037 -1024 64 ) 
4 1314 1334 (364.100037 -1028.989990 64 ) (364.100037 -1028.989990 73 ) (364.100037 -1024 73 ) (364.100037 -1024 64 ) 
4 1314 1322 (364.100037 -1028.989990 73 ) (364.100037 -1028.989990 0 ) (369.455963 -1028.989990 0 ) (369.455597 -1028.989990 73 ) 
4 1314 1315 (368 -1024.991089 0 ) (367.638763 -1024 0 ) (367.638397 -1024 73 ) (368 -1024.991577 73 ) 
3 1315 1381 (367.638947 -1024 0 ) (368.360107 -1024 0 ) (368 -1024.990845 0 ) 
4 1316 1334 (364.100037 -1032.989990 78 ) (364.100037 -1032.989990 81 ) (364.100037 -1028.989990 81 ) (364.100037 -1028.989990 78 ) 
4 1316 1325 (370.912109 -1032.989990 81 ) (364.100037 -1032.989990 81 ) (364.100037 -1032.989990 78 ) (370.912109 -1032.989990 78 ) 
4 1316 1319 (370.911652 -1032.989990 81 ) (370.911652 -1032.989990 78 ) (369.866150 -1030.118896 78 ) (369.866150 -1030.118896 81 ) 
4 1317 1325 (395.100037 -1032.989990 81 ) (379.084229 -1032.989990 81 ) (379.084198 -1032.989990 78 ) (395.100037 -1032.989990 78 ) 
4 1317 1318 (380.130737 -1030.120117 78 ) (379.083771 -1032.989990 78 ) (379.083801 -1032.989990 81 ) (380.130768 -1030.120117 81 ) 
4 1318 1325 (379.084229 -1032.989990 81 ) (372.259216 -1032.989990 81 ) (372.259216 -1032.989990 78 ) (379.084198 -1032.989990 78 ) 
4 1318 1319 (375 -1031.990234 78 ) (372.259094 -1032.989990 78 ) (372.259125 -1032.989990 81 ) (375 -1031.990234 81 ) 
4 1319 1325 (372.259216 -1032.989990 81 ) (370.912109 -1032.989990 81 ) (370.912109 -1032.989990 78 ) (372.259216 -1032.989990 78 ) 
4 1320 1383 (384.924072 -1032.989990 0 ) (379.083435 -1032.989990 0 ) (380.542358 -1028.989990 0 ) (383.461548 -1028.989990 0 ) 
4 1320 1382 (395.100037 -1028.989990 0 ) (395.100037 -1032.989990 0 ) (384.924072 -1032.989990 0 ) (383.461548 -1028.989990 0 ) 
4 1320 1326 (379.083435 -1032.989990 0 ) (395.100037 -1032.989990 0 ) (395.100037 -1032.989990 61 ) (379.084015 -1032.989990 61 ) 
4 1320 1321 (379.082672 -1032.989990 0 ) (379.083282 -1032.989990 61 ) (380.129852 -1030.120361 61 ) (380.129272 -1030.120361 0 ) 
4 1321 1384 (379.083435 -1032.989990 0 ) (376.100037 -1032.989990 0 ) (376.100037 -1031.589478 0 ) (380.130188 -1030.120117 0 ) 
4 1321 1326 (376.100037 -1032.989990 0 ) (379.083435 -1032.989990 0 ) (379.084015 -1032.989990 61 ) (376.100037 -1032.989990 61 ) 
4 1321 1323 (376.100037 -1032.989990 0 ) (376.100037 -1032.989990 61 ) (376.100037 -1031.589722 61 ) (376.100037 -1031.589478 0 ) 
4 1322 1377 (370.912506 -1032.989990 0 ) (364.100037 -1032.989990 0 ) (364.100037 -1028.989990 0 ) (369.455963 -1028.989990 0 ) 
4 1322 1338 (364.100037 -1028.989990 0 ) (364.100037 -1032.989990 0 ) (364.100037 -1032.989990 64 ) (364.100037 -1028.989990 64 ) 
4 1322 1334 (364.100037 -1032.989990 64 ) (364.100037 -1032.989990 73 ) (364.100037 -1028.989990 73 ) (364.100037 -1028.989990 64 ) 
4 1322 1326 (364.100037 -1032.989990 73 ) (364.100037 -1032.989990 0 ) (370.912506 -1032.989990 0 ) (370.912140 -1032.989990 73 ) 
4 1322 1324 (369.868408 -1030.119751 73 ) (370.913544 -1032.989990 73 ) (370.913910 -1032.989990 0 ) (369.868835 -1030.119873 0 ) 
3 1323 1384 (376.100037 -1032.989990 0 ) (372.258575 -1032.989990 0 ) (376.100037 -1031.589478 0 ) 
4 1323 1326 (372.258575 -1032.989990 0 ) (376.100037 -1032.989990 0 ) (376.100037 -1032.989990 73 ) (372.259277 -1032.989990 73 ) 
4 1323 1324 (375 -1031.990356 0 ) (372.259033 -1032.989990 0 ) (372.259766 -1032.989990 73 ) (375.001282 -1031.990479 73 ) 
4 1324 1385 (372.258575 -1032.989990 0 ) (370.912506 -1032.989990 0 ) (369.867188 -1030.119263 0 ) (375 -1031.990234 0 ) 
4 1324 1326 (370.912506 -1032.989990 0 ) (372.258575 -1032.989990 0 ) (372.259277 -1032.989990 73 ) (370.912140 -1032.989990 73 ) 
4 1325 1334 (364.100037 -1033.989990 78 ) (364.100037 -1033.989990 81 ) (364.100037 -1032.989990 81 ) (364.100037 -1032.989990 78 ) 
4 1325 1327 (548.101990 -1033.989990 78 ) (548.101990 -1033.989990 81 ) (364.100037 -1033.989990 81 ) (364.100037 -1033.989990 78 ) 
3 1326 1385 (371.070251 -1033.423218 0 ) (370.912506 -1032.989990 0 ) (372.258545 -1032.989990 0 ) 
5 1326 1384 (378.718781 -1033.989990 0 ) (371.276642 -1033.989990 0 ) (371.070251 -1033.423218 0 ) (372.258545 -1032.989990 0 ) (379.083466 -1032.989990 0 ) 
4 1326 1383 (385.289673 -1033.989990 0 ) (378.718781 -1033.989990 0 ) (379.083466 -1032.989990 0 ) (384.924072 -1032.989990 0 ) 
4 1326 1382 (458.998474 -1033.989990 0 ) (385.289673 -1033.989990 0 ) (384.924072 -1032.989990 0 ) (459.362427 -1032.989990 0 ) 
4 1326 1377 (371.276642 -1033.989990 0 ) (364.100037 -1033.989990 0 ) (364.100037 -1032.989990 0 ) (370.912506 -1032.989990 0 ) 
4 1326 1368 (548.101990 -1032.989990 0 ) (548.101990 -1033.989990 0 ) (458.998474 -1033.989990 0 ) (459.362427 -1032.989990 0 ) 
4 1326 1338 (364.100037 -1032.989990 0 ) (364.100037 -1033.989990 0 ) (364.100037 -1033.989990 64 ) (364.100037 -1032.989990 64 ) 
4 1326 1334 (364.100037 -1033.989990 64 ) (364.100037 -1033.989990 73 ) (364.100037 -1032.989990 73 ) (364.100037 -1032.989990 64 ) 
4 1326 1327 (548.101990 -1033.989990 0 ) (548.101990 -1033.989990 73 ) (364.100037 -1033.989990 73 ) (364.100037 -1033.989990 0 ) 
4 1327 1435 (548.101990 -2048 81 ) (364.100037 -2048 81 ) (364.100037 -2048 0 ) (548.101990 -2048 0 ) 
3 1327 1384 (371.276642 -1033.989990 0 ) (378.718781 -1033.989990 0 ) (374.994720 -1044.200684 0 ) 
5 1327 1383 (378.718781 -1033.989990 0 ) (385.289673 -1033.989990 0 ) (422.229584 -1135.019897 0 ) (415.149231 -1154.474609 0 ) (374.994720 -1044.200684 0 ) 
3 1327 1382 (385.289673 -1033.989990 0 ) (458.998474 -1033.989990 0 ) (422.229584 -1135.019897 0 ) 
4 1327 1377 (364.100037 -1294.742676 0 ) (364.100037 -1033.989990 0 ) (371.276642 -1033.989990 0 ) (415.149231 -1154.474609 0 ) 
5 1327 1368 (548.101990 -1033.989990 0 ) (548.101990 -2048 0 ) (364.100037 -2048 0 ) (364.100037 -1294.742676 0 ) (458.998474 -1033.989990 0 ) 
4 1327 1341 (364.100037 -1183.989990 0 ) (364.100037 -2048 0 ) (364.100037 -2048 81 ) (364.100037 -1183.989990 81 ) 
4 1327 1338 (364.100037 -1033.989990 0 ) (364.100037 -1183.989990 0 ) (364.100037 -1183.989990 64 ) (364.100037 -1033.989990 64 ) 
4 1327 1334 (364.100037 -1183.989990 64 ) (364.100037 -1183.989990 81 ) (364.100037 -1033.989990 81 ) (364.100037 -1033.989990 64 ) 
4 1328 1334 (96 -1044.989990 216 ) (96 -1024 216 ) (316.592957 -1024 216 ) (316.592957 -1044.989990 216 ) 
4 1328 1332 (96 -1044.989990 224 ) (96 -1044.989990 632 ) (96 -1024 632 ) (96 -1024 224 ) 
4 1328 1330 (353.101318 -1044.989990 244 ) (316.595215 -1044.989990 216 ) (316.595215 -1024 216 ) (353.101379 -1024 244 ) 
5 1328 1331 (96 -1044.989990 632 ) (96 -1044.989990 216 ) (316.592957 -1044.989990 216 ) (364.100037 -1044.989990 252.436768 ) (364.100037 -1044.989990 632 ) 
4 1329 1334 (323.617676 -1024 216 ) (364.100037 -1024 216 ) (364.100037 -1044.989990 216 ) (323.617554 -1044.989990 216 ) 
4 1329 1330 (323.618958 -1024 216 ) (323.618835 -1044.989990 216 ) (355.100098 -1044.989990 240 ) (355.100159 -1024 240 ) 
3 1329 1331 (323.617554 -1044.989990 216 ) (364.100037 -1044.989990 216 ) (364.100037 -1044.989990 246.861969 ) 
4 1330 1334 (316.592957 -1024 216 ) (323.617676 -1024 216 ) (323.617554 -1044.989990 216 ) (316.592957 -1044.989990 216 ) 
4 1330 1331 (316.592957 -1044.989990 216 ) (323.617554 -1044.989990 216 ) (355.099731 -1044.989990 240 ) (353.100708 -1044.989990 244 ) 
4 1331 1342 (96 -1183.989990 216 ) (352 -1183.989990 216 ) (352 -1183.989990 240 ) (96 -1183.989990 240 ) 
4 1331 1341 (352 -1183.989990 216 ) (364.100037 -1183.989990 216 ) (364.100037 -1183.989990 240 ) (352 -1183.989990 240 ) 
4 1331 1340 (364.100037 -1183.989990 240 ) (364.100037 -1183.989990 632 ) (96 -1183.989990 632 ) (96 -1183.989990 240 ) 
4 1331 1334 (364.100037 -1183.989990 216 ) (96 -1183.989990 216 ) (96 -1044.989990 216 ) (364.100037 -1044.989990 216 ) 
4 1331 1332 (96 -1183.989990 224 ) (96 -1183.989990 632 ) (96 -1044.989990 632 ) (96 -1044.989990 224 ) 
4 1332 1340 (96 -1183.989990 240 ) (96 -1183.989990 632 ) (88 -1183.989990 632 ) (88 -1183.989990 240 ) 
4 1332 1333 (88 -1183.989990 224 ) (88 -1183.989990 632 ) (88 -1024 632 ) (88 -1024 224 ) 
4 1333 1387 (0 -1024 632 ) (0 -1024 216 ) (0 -1183.989990 216 ) (0 -1183.989990 632 ) 
4 1333 1344 (0 -1183.989990 240 ) (0 -1183.989990 224 ) (88 -1183.989990 224 ) (88 -1183.989990 240 ) 
4 1333 1340 (0 -1183.989990 632 ) (0 -1183.989990 240 ) (88 -1183.989990 240 ) (88 -1183.989990 632 ) 
4 1333 1337 (88 -1183.989990 216 ) (0 -1183.989990 216 ) (0 -1024 216 ) (88 -1024 216 ) 
4 1334 1342 (96 -1183.989990 64 ) (352 -1183.989990 64 ) (352 -1183.989990 216 ) (96 -1183.989990 216 ) 
4 1334 1341 (352 -1183.989990 64 ) (364.100037 -1183.989990 64 ) (364.100037 -1183.989990 216 ) (352 -1183.989990 216 ) 
4 1334 1338 (364.100037 -1183.989990 64 ) (352 -1183.989990 64 ) (352 -1024 64 ) (364.100037 -1024 64 ) 
4 1334 1335 (96 -1183.989990 176 ) (96 -1183.989990 216 ) (96 -1024 216 ) (96 -1024 176 ) 
4 1334 1336 (96 -1024 64 ) (96 -1183.989990 64 ) (96 -1183.989990 168 ) (96 -1024 168 ) 
4 1335 1337 (88 -1183.989990 176 ) (88 -1183.989990 216 ) (88 -1024 216 ) (88 -1024 176 ) 
4 1336 1337 (88 -1024 64 ) (88 -1183.989990 64 ) (88 -1183.989990 168 ) (88 -1024 168 ) 
4 1337 1393 (0 -1024 168 ) (0 -1024 64 ) (0 -1183.989990 64 ) (0 -1183.989990 168 ) 
4 1337 1390 (0 -1024 216 ) (0 -1024 168 ) (0 -1183.989990 168 ) (0 -1183.989990 216 ) 
4 1337 1345 (0 -1183.989990 216 ) (0 -1183.989990 176 ) (88 -1183.989990 176 ) (88 -1183.989990 216 ) 
4 1337 1346 (0 -1183.989990 168 ) (0 -1183.989990 64 ) (88 -1183.989990 64 ) (88 -1183.989990 168 ) 
4 1338 1377 (352 -1024 0 ) (364.100037 -1024 0 ) (364.100037 -1183.989990 0 ) (352 -1183.989990 0 ) 
4 1338 1341 (352 -1183.989990 0 ) (364.100037 -1183.989990 0 ) (364.100037 -1183.989990 64 ) (352 -1183.989990 64 ) 
4 1338 1339 (352 -1024 0 ) (352 -1183.989990 0 ) (352 -1183.989990 58 ) (352 -1024 58 ) 
4 1339 1394 (0 -1024 58 ) (0 -1024 0 ) (0 -1183.989990 0 ) (0 -1183.989990 58 ) 
4 1339 1377 (209.254211 -1024 0 ) (352 -1024 0 ) (352 -1183.989990 0 ) (267.540344 -1183.989990 0 ) 
4 1339 1376 (0 -1183.989990 0 ) (0 -1024 0 ) (209.254211 -1024 0 ) (267.540344 -1183.989990 0 ) 
4 1339 1347 (0 -1183.989990 58 ) (0 -1183.989990 0 ) (88 -1183.989990 0 ) (88 -1183.989990 58 ) 
4 1339 1343 (96 -1183.989990 0 ) (352 -1183.989990 0 ) (352 -1183.989990 58 ) (96 -1183.989990 58 ) 
4 1340 1435 (0 -2048 632 ) (0 -2048 240 ) (364.100037 -2048 240 ) (364.100037 -2048 632 ) 
4 1340 1388 (0 -1191.989990 632 ) (0 -1183.989990 632 ) (0 -1183.989990 240 ) (0 -1191.989990 240 ) 
4 1340 1389 (0 -2048 240 ) (0 -2048 632 ) (0 -1191.989990 632 ) (0 -1191.989990 240 ) 
4 1340 1348 (352 -1191.989990 240 ) (352 -2048 240 ) (0 -2048 240 ) (0 -1191.989990 240 ) 
4 1340 1344 (0 -1183.989990 240 ) (88 -1183.989990 240 ) (88 -1191.989990 240 ) (0 -1191.989990 240 ) 
4 1340 1342 (96 -1183.989990 240 ) (352 -1183.989990 240 ) (352 -1191.989990 240 ) (96 -1191.989990 240 ) 
4 1340 1341 (352 -1183.989990 240 ) (364.100037 -1183.989990 240 ) (364.100037 -2048 240 ) (352 -2048 240 ) 
4 1341 1435 (352 -2048 0 ) (364.100037 -2048 0 ) (364.100037 -2048 240 ) (352 -2048 240 ) 
3 1341 1378 (355.275208 -1318.990723 0 ) (352 -1327.989990 0 ) (352 -1317.801147 0 ) 
5 1341 1377 (352 -1183.989990 0 ) (364.100037 -1183.989990 0 ) (364.100037 -1294.742798 0 ) (355.275208 -1318.990723 0 ) (352 -1317.801147 0 ) 
4 1341 1368 (364.100037 -1294.742798 0 ) (364.100037 -2048 0 ) (352 -2048 0 ) (352 -1327.989990 0 ) 
4 1341 1353 (352 -1343.989990 64 ) (352 -1343.989990 96 ) (352 -1327.989990 96 ) (352 -1327.989990 64 ) 
4 1341 1354 (352 -1327.989990 0 ) (352 -1343.989990 0 ) (352 -1343.989990 58 ) (352 -1327.989990 58 ) 
4 1341 1355 (352 -1343.989990 0 ) (352 -2048 0 ) (352 -2048 96 ) (352 -1343.989990 96 ) 
4 1341 1351 (352 -1327.989990 64 ) (352 -1327.989990 96 ) (352 -1317.801147 96 ) (352 -1317.801147 64 ) 
4 1341 1352 (352 -1317.801147 0 ) (352 -1327.989990 0 ) (352 -1327.989990 58 ) (352 -1317.801147 58 ) 
4 1341 1349 (352 -1191.989990 96 ) (352 -1191.989990 64 ) (352 -1317.801147 64 ) (352 -1317.801147 96 ) 
4 1341 1350 (352 -1191.989990 58 ) (352 -1191.989990 0 ) (352 -1317.801147 0 ) (352 -1317.801147 58 ) 
4 1341 1348 (352 -2048 240 ) (352 -1191.989990 240 ) (352 -1191.989990 96 ) (352 -2048 96 ) 
4 1341 1343 (352 -1183.989990 58 ) (352 -1183.989990 0 ) (352 -1191.989990 0 ) (352 -1191.989990 58 ) 
4 1341 1342 (352 -1191.989990 240 ) (352 -1183.989990 240 ) (352 -1183.989990 64 ) (352 -1191.989990 64 ) 
4 1342 1349 (352 -1191.989990 64 ) (352 -1191.989990 96 ) (96 -1191.989990 96 ) (96 -1191.989990 64 ) 
4 1342 1348 (352 -1191.989990 96 ) (352 -1191.989990 240 ) (96 -1191.989990 240 ) (96 -1191.989990 96 ) 
4 1343 1377 (267.540344 -1183.989990 0 ) (352 -1183.989990 0 ) (352 -1191.989990 0 ) (270.454803 -1191.989990 0 ) 
4 1343 1376 (96 -1183.989990 0 ) (267.540344 -1183.989990 0 ) (270.454803 -1191.989990 0 ) (96 -1191.989990 0 ) 
4 1343 1350 (96 -1191.989990 0 ) (352 -1191.989990 0 ) (352 -1191.989990 58 ) (96 -1191.989990 58 ) 
4 1344 1388 (0 -1191.989990 224 ) (0 -1191.989990 240 ) (0 -1183.989990 240 ) (0 -1183.989990 224 ) 
4 1344 1348 (88 -1191.989990 224 ) (88 -1191.989990 240 ) (0 -1191.989990 240 ) (0 -1191.989990 224 ) 
4 1345 1391 (0 -1191.989990 176 ) (0 -1191.989990 216 ) (0 -1183.989990 216 ) (0 -1183.989990 176 ) 
4 1345 1348 (88 -1191.989990 176 ) (88 -1191.989990 216 ) (0 -1191.989990 216 ) (0 -1191.989990 176 ) 
4 1346 1393 (0 -1191.989990 64 ) (0 -1191.989990 168 ) (0 -1183.989990 168 ) (0 -1183.989990 64 ) 
4 1346 1362 (5.606422 -1191.989990 96 ) (0 -1191.989990 96 ) (0 -1191.989990 64 ) (5.606423 -1191.989990 64 ) 
4 1346 1349 (88 -1191.989990 64 ) (88 -1191.989990 96 ) (5.606422 -1191.989990 96 ) (5.606423 -1191.989990 64 ) 
4 1346 1348 (88 -1191.989990 96 ) (88 -1191.989990 168 ) (0 -1191.989990 168 ) (0 -1191.989990 96 ) 
4 1347 1394 (0 -1183.989990 0 ) (0 -1191.989990 0 ) (0 -1191.989990 58 ) (0 -1183.989990 58 ) 
4 1347 1376 (0 -1191.989990 0 ) (0 -1183.989990 0 ) (88 -1183.989990 0 ) (88 -1191.989990 0 ) 
4 1347 1363 (0 -1191.989990 0 ) (5.606423 -1191.989990 0 ) (5.606422 -1191.989990 58 ) (0 -1191.989990 58 ) 
4 1347 1350 (5.606423 -1191.989990 0 ) (88 -1191.989990 0 ) (88 -1191.989990 58 ) (5.606422 -1191.989990 58 ) 
4 1348 1435 (0 -2048 240 ) (0 -2048 96 ) (352 -2048 96 ) (352 -2048 240 ) 
4 1348 1393 (0 -1343.989990 168 ) (0 -1191.989990 168 ) (0 -1191.989990 96 ) (0 -1343.989990 96 ) 
4 1348 1395 (0 -2048 96 ) (0 -2048 168 ) (0 -1343.989990 168 ) (0 -1343.989990 96 ) 
4 1348 1392 (0 -2048 168 ) (0 -2048 216 ) (0 -1191.989990 216 ) (0 -1191.989990 168 ) 
4 1348 1389 (0 -2048 216 ) (0 -2048 240 ) (0 -1191.989990 240 ) (0 -1191.989990 216 ) 
3 1348 1365 (327.001099 -1308.721558 96 ) (336 -1311.989624 96 ) (324.262482 -1316.258789 96 ) 
3 1348 1364 (310.844421 -1302.853394 96 ) (327.001099 -1308.721558 96 ) (320.001007 -1327.987305 96 ) 
5 1348 1362 (0 -1221.431274 96 ) (0 -1191.989990 96 ) (5.606426 -1191.989990 96 ) (310.844421 -1302.853394 96 ) (324.281006 -1339.735474 96 ) 
3 1348 1359 (0 -1343.989990 96 ) (0 -1221.431274 96 ) (335.942810 -1343.989990 96 ) 
4 1348 1361 (0 -1465.840576 96 ) (0 -1343.989990 96 ) (335.942810 -1343.989990 96 ) (335.950500 -1343.992798 96 ) 
3 1348 1356 (335.958252 -1343.989990 96 ) (347.730927 -1339.720093 96 ) (346.176941 -1343.989990 96 ) 
5 1348 1358 (0 -2048 96 ) (0 -1465.840576 96 ) (335.958252 -1343.989990 96 ) (346.176941 -1343.989990 96 ) (89.959381 -2048 96 ) 
3 1348 1353 (352 -1327.989990 96 ) (352 -1343.989990 96 ) (346.176941 -1343.989990 96 ) 
4 1348 1355 (352 -1343.989990 96 ) (352 -2048 96 ) (89.959381 -2048 96 ) (346.176941 -1343.989990 96 ) 
3 1348 1351 (347.719727 -1316.246582 96 ) (352 -1317.801147 96 ) (352 -1327.989990 96 ) 
3 1348 1349 (5.606426 -1191.989990 96 ) (352 -1191.989990 96 ) (352 -1317.801147 96 ) 
4 1349 1365 (336 -1311.989380 96 ) (327.001221 -1308.721069 96 ) (327.001221 -1308.721069 64 ) (336 -1311.989380 64 ) 
4 1349 1364 (327.001221 -1308.721069 96 ) (310.844208 -1302.852783 96 ) (310.843872 -1302.852661 64 ) (327.001221 -1308.721069 64 ) 
4 1349 1362 (310.844208 -1302.852783 96 ) (5.609375 -1191.989990 96 ) (5.609375 -1191.989990 64 ) (310.843872 -1302.852661 64 ) 
4 1349 1351 (352 -1317.800781 64 ) (352 -1317.800781 96 ) (347.719574 -1316.246094 96 ) (347.719604 -1316.246094 64 ) 
4 1350 1377 (270.454803 -1191.989990 0 ) (352 -1191.989990 0 ) (352 -1317.801147 0 ) (310.843414 -1302.852905 0 ) 
3 1350 1376 (5.606426 -1191.989990 0 ) (270.454803 -1191.989990 0 ) (310.843414 -1302.852905 0 ) 
4 1350 1367 (336 -1311.989502 58 ) (327.001221 -1308.721069 58 ) (327.001251 -1308.721069 0 ) (336 -1311.989502 0 ) 
4 1350 1366 (327.001221 -1308.721069 58 ) (310.843811 -1302.852661 58 ) (310.843201 -1302.852417 0 ) (327.001251 -1308.721069 0 ) 
4 1350 1363 (310.843811 -1302.852661 58 ) (5.609375 -1191.989990 58 ) (5.609375 -1191.989990 0 ) (310.843201 -1302.852417 0 ) 
4 1350 1352 (352 -1317.800781 0 ) (352 -1317.800781 58 ) (347.719574 -1316.246094 58 ) (347.719604 -1316.246094 0 ) 
3 1352 1378 (347.719727 -1316.246582 0 ) (352 -1317.801147 0 ) (352 -1327.989990 0 ) 
4 1353 1356 (346.177765 -1343.989990 96 ) (347.731873 -1339.719727 96 ) (347.732361 -1339.718384 64 ) (346.177765 -1343.989990 64 ) 
4 1353 1355 (346.177734 -1343.989990 96 ) (346.177734 -1343.989990 64 ) (352 -1343.989990 64 ) (352 -1343.989990 96 ) 
3 1354 1368 (352 -1327.989990 0 ) (352 -1343.989990 0 ) (346.176941 -1343.989990 0 ) 
4 1354 1357 (347.733337 -1339.715698 0 ) (346.177765 -1343.989990 0 ) (346.177765 -1343.989990 58 ) (347.732483 -1339.718140 58 ) 
4 1354 1355 (346.177734 -1343.989990 58 ) (346.177734 -1343.989990 0 ) (352 -1343.989990 0 ) (352 -1343.989990 58 ) 
4 1355 1435 (89.959381 -2048 0 ) (352 -2048 0 ) (352 -2048 96 ) (89.959381 -2048 96 ) 
4 1355 1368 (352 -1343.989990 0 ) (352 -2048 0 ) (89.959381 -2048 0 ) (346.176941 -1343.989990 0 ) 
4 1355 1358 (89.960938 -2048 96 ) (346.177765 -1343.989990 96 ) (346.177765 -1343.989990 0 ) (89.960144 -2048 0 ) 
4 1356 1358 (335.952942 -1343.989990 96 ) (335.949768 -1343.989990 64 ) (346.176392 -1343.989990 64 ) (346.176392 -1343.989990 96 ) 
3 1357 1374 (335.948608 -1343.989990 0 ) (347.732391 -1339.716064 0 ) (346.176941 -1343.989990 0 ) 
4 1357 1358 (335.949158 -1343.989990 58 ) (335.943359 -1343.989990 0 ) (346.176392 -1343.989990 0 ) (346.176392 -1343.989990 58 ) 
4 1358 1435 (0 -2048 96 ) (0 -2048 0 ) (89.959381 -2048 0 ) (89.959381 -2048 96 ) 
4 1358 1395 (0 -1465.837036 0 ) (0 -2048 0 ) (0 -2048 96 ) (0 -1465.840576 96 ) 
5 1358 1374 (0 -2048 0 ) (0 -1465.837036 0 ) (335.948608 -1343.989990 0 ) (346.176941 -1343.989990 0 ) (89.959381 -2048 0 ) 
4 1358 1361 (335.945282 -1343.989990 0 ) (0 -1465.835938 0 ) (0 -1465.837891 96 ) (335.954773 -1343.989990 96 ) 
4 1359 1393 (0 -1343.989990 64 ) (0 -1343.989990 96 ) (0 -1221.431274 96 ) (0 -1221.430664 64 ) 
4 1359 1362 (324.280273 -1339.734253 64 ) (0 -1221.430176 64 ) (0 -1221.430664 96 ) (324.280853 -1339.734985 96 ) 
4 1359 1361 (335.938324 -1343.989990 64 ) (335.936768 -1343.989990 96 ) (0 -1343.989990 96 ) (0 -1343.989990 64 ) 
4 1360 1394 (0 -1221.429565 0 ) (0 -1343.989990 0 ) (0 -1343.989990 58 ) (0 -1221.430542 58 ) 
3 1360 1375 (0 -1343.989990 0 ) (0 -1221.429565 0 ) (335.947845 -1343.990234 0 ) 
4 1360 1363 (324.279114 -1339.732788 0 ) (0 -1221.429077 0 ) (0 -1221.430054 58 ) (324.280182 -1339.734131 58 ) 
4 1360 1361 (0 -1343.989990 0 ) (335.941406 -1343.989990 0 ) (335.938599 -1343.989990 58 ) (0 -1343.989990 58 ) 
4 1361 1395 (0 -1343.989990 0 ) (0 -1465.837036 0 ) (0 -1465.840576 96 ) (0 -1343.989990 96 ) 
3 1361 1375 (0 -1465.837036 0 ) (0 -1343.989990 0 ) (335.947845 -1343.990234 0 ) 
4 1362 1393 (0 -1221.430664 64 ) (0 -1221.431274 96 ) (0 -1191.989990 96 ) (0 -1191.989990 64 ) 
4 1362 1364 (320 -1327.988525 64 ) (310.843567 -1302.853394 64 ) (310.843903 -1302.853516 96 ) (320 -1327.988159 96 ) 
4 1363 1394 (0 -1191.989990 0 ) (0 -1221.429565 0 ) (0 -1221.430542 58 ) (0 -1191.989990 58 ) 
5 1363 1376 (0 -1221.429565 0 ) (0 -1191.989990 0 ) (5.606426 -1191.989990 0 ) (310.843414 -1302.853027 0 ) (324.279327 -1339.733276 0 ) 
4 1363 1366 (320 -1327.989380 0 ) (310.842896 -1302.853149 0 ) (310.843506 -1302.853394 58 ) (320 -1327.988647 58 ) 
4 1364 1365 (324.263367 -1316.258423 64 ) (327.001740 -1308.721802 64 ) (327.001740 -1308.721802 96 ) (324.263367 -1316.258423 96 ) 
3 1366 1379 (310.843414 -1302.853027 0 ) (327.001129 -1308.721558 0 ) (320 -1327.988525 0 ) 
4 1366 1367 (327.001312 -1308.721680 0 ) (327.001312 -1308.721680 58 ) (324.262970 -1316.258667 58 ) (324.262909 -1316.258911 0 ) 
3 1367 1380 (327.001129 -1308.721558 0 ) (336 -1311.989746 0 ) (324.262421 -1316.259033 0 ) 
4 1368 1436 (1024 -2048 -120 ) (1024 -2048 0 ) (89.959351 -2048 0 ) (89.959381 -2048 -120 ) 
4 1368 1383 (422.230927 -1135.020996 -120 ) (415.150391 -1154.476196 -120 ) (415.149048 -1154.474121 0 ) (422.229370 -1135.019409 0 ) 
4 1368 1382 (462.635986 -1024 -120 ) (422.230927 -1135.020996 -120 ) (422.229370 -1135.019409 0 ) (462.633820 -1024 0 ) 
4 1368 1378 (355.276672 -1318.991333 -120 ) (352 -1327.992310 -120 ) (352 -1327.989380 0 ) (355.274841 -1318.990601 0 ) 
4 1368 1377 (415.150391 -1154.476196 -120 ) (355.276672 -1318.991333 -120 ) (355.274841 -1318.990601 0 ) (415.149048 -1154.474121 0 ) 
4 1368 1374 (347.736145 -1339.710449 -120 ) (89.960938 -2048 -120 ) (89.958984 -2048 0 ) (347.731995 -1339.716064 0 ) 
4 1368 1372 (548.918640 -1033.416260 -120 ) (545.002563 -1031.989014 -120 ) (545 -1031.989624 0 ) (548.918213 -1033.417358 0 ) 
4 1368 1370 (1024 -1206.560547 -120 ) (548.918640 -1033.416260 -120 ) (548.918213 -1033.417358 0 ) (1024 -1206.561646 0 ) 
4 1368 1369 (539.871643 -1030.119019 -120 ) (523.082031 -1024 -120 ) (523.078552 -1024 0 ) (539.872131 -1030.120483 0 ) 
4 1369 1371 (538 -1024.991211 -120 ) (537.638916 -1024 -120 ) (537.638916 -1024 0 ) (538 -1024.990356 0 ) 
4 1370 1373 (552.361328 -1024 -120 ) (552 -1024.989136 -120 ) (552 -1024.989746 0 ) (552.361816 -1024 0 ) 
4 1370 1372 (550.123291 -1030.120972 -120 ) (548.917847 -1033.417847 -120 ) (548.917847 -1033.417847 0 ) (550.123474 -1030.120850 0 ) 
4 1374 1436 (89.959351 -2048 0 ) (0 -2048 0 ) (0 -2048 -120 ) (89.959381 -2048 -120 ) 
4 1374 1426 (0 -1465.832764 -120 ) (0 -2048 -120 ) (0 -2048 0 ) (0 -1465.837158 0 ) 
4 1374 1375 (335.943481 -1343.986572 -120 ) (0 -1465.831787 -120 ) (0 -1465.835938 0 ) (335.946442 -1343.989746 0 ) 
4 1375 1426 (0 -1221.427490 -120 ) (0 -1465.832764 -120 ) (0 -1465.837158 0 ) (0 -1221.429565 0 ) 
4 1375 1376 (324.276947 -1339.729736 -120 ) (0 -1221.426880 -120 ) (0 -1221.429688 0 ) (324.279144 -1339.732788 0 ) 
4 1376 1426 (0 -1024 0 ) (0 -1024 -120 ) (0 -1221.427490 -120 ) (0 -1221.429565 0 ) 
4 1376 1379 (320 -1327.990967 -120 ) (310.841400 -1302.852295 -120 ) (310.842712 -1302.852783 0 ) (320 -1327.989380 0 ) 
4 1376 1377 (310.841400 -1302.852295 -120 ) (209.252411 -1024 -120 ) (209.253906 -1024 0 ) (310.842712 -1302.852783 0 ) 
4 1377 1385 (371.070618 -1033.422729 -120 ) (369.867828 -1030.119629 -120 ) (369.867126 -1030.119263 0 ) (371.070221 -1033.423218 0 ) 
4 1377 1384 (374.994354 -1044.198242 -120 ) (371.070618 -1033.422729 -120 ) (371.070221 -1033.423218 0 ) (374.994690 -1044.200806 0 ) 
4 1377 1383 (415.148438 -1154.472656 0 ) (415.148743 -1154.471802 -120 ) (374.994354 -1044.198242 -120 ) (374.994690 -1044.200806 0 ) 
4 1377 1381 (368 -1024.990112 -120 ) (367.639465 -1024 -120 ) (367.638885 -1024 0 ) (368 -1024.990845 0 ) 
4 1377 1380 (327.001373 -1308.720703 -120 ) (336.001343 -1311.989502 -120 ) (336 -1311.989258 0 ) (327.001343 -1308.720703 0 ) 
4 1377 1379 (310.841797 -1302.851563 0 ) (310.840515 -1302.851074 -120 ) (327.001373 -1308.720703 -120 ) (327.001343 -1308.720703 0 ) 
4 1377 1378 (347.719299 -1316.245361 -120 ) (355.275543 -1318.989746 -120 ) (355.275543 -1318.989746 0 ) (347.719299 -1316.245361 0 ) 
4 1379 1380 (324.261963 -1316.259644 -120 ) (327 -1308.721924 -120 ) (327 -1308.721924 0 ) (324.262146 -1316.259277 0 ) 
4 1382 1383 (382 -1024.989014 -120 ) (422.229797 -1135.016479 -120 ) (422.229309 -1135.017822 0 ) (382 -1024.991943 0 ) 
4 1383 1384 (380.127075 -1030.120728 -120 ) (374.993500 -1044.196289 -120 ) (374.993805 -1044.198730 0 ) (380.128296 -1030.120728 0 ) 
4 1384 1385 (375 -1031.989746 -120 ) (371.070404 -1033.422119 -120 ) (371.070007 -1033.422729 0 ) (375 -1031.989990 0 ) 
4 1386 1437 (1024 -2048 -232 ) (1024 -2048 -166 ) (0 -2048 -166 ) (0 -2048 -232 ) 
4 1386 1434 (0 -1024 -166 ) (0 -1024 -232 ) (0 -2048 -232 ) (0 -2048 -166 ) 
4 1387 1396 (-104 -1183.989990 632 ) (-104 -1024 632 ) (-104 -1024 224 ) (-104 -1183.989990 224 ) 
4 1387 1390 (-104 -1183.989990 216 ) (-104 -1024 216 ) (0 -1024 216 ) (0 -1183.989990 216 ) 
4 1387 1388 (0 -1183.989990 224 ) (0 -1183.989990 632 ) (-104 -1183.989990 632 ) (-104 -1183.989990 224 ) 
4 1388 1402 (-104 -1191.989990 632 ) (-104 -1183.989990 632 ) (-104 -1183.989990 240 ) (-104 -1191.989990 240 ) 
4 1388 1389 (0 -1191.989990 224 ) (0 -1191.989990 632 ) (-104 -1191.989990 632 ) (-104 -1191.989990 224 ) 
4 1389 1438 (0 -2048 216 ) (0 -2048 632 ) (-104 -2048 632 ) (-104 -2048 216 ) 
4 1389 1403 (-104 -1191.989990 240 ) (-104 -1191.989990 216 ) (-104 -1343.989990 216 ) (-104 -1343.989990 240 ) 
4 1389 1402 (-104 -1343.989990 632 ) (-104 -1191.989990 632 ) (-104 -1191.989990 240 ) (-104 -1343.989990 240 ) 
4 1389 1425 (-104 -2048 216 ) (-104 -2048 632 ) (-104 -1343.989990 632 ) (-104 -1343.989990 216 ) 
4 1389 1392 (0 -2048 216 ) (-104 -2048 216 ) (-104 -1191.989990 216 ) (0 -1191.989990 216 ) 
4 1390 1397 (-104 -1183.989990 216 ) (-104 -1024 216 ) (-104 -1024 176 ) (-104 -1183.989990 176 ) 
4 1390 1393 (-104 -1183.989990 168 ) (-104 -1024 168 ) (0 -1024 168 ) (0 -1183.989990 168 ) 
4 1390 1391 (0 -1183.989990 176 ) (0 -1183.989990 216 ) (-104 -1183.989990 216 ) (-104 -1183.989990 176 ) 
4 1391 1392 (0 -1191.989990 176 ) (0 -1191.989990 216 ) (-104 -1191.989990 216 ) (-104 -1191.989990 176 ) 
4 1392 1438 (0 -2048 168 ) (0 -2048 216 ) (-104 -2048 216 ) (-104 -2048 168 ) 
4 1392 1403 (-104 -1343.989990 216 ) (-104 -1191.989990 216 ) (-104 -1191.989990 168 ) (-104 -1343.989990 168 ) 
4 1392 1425 (-104 -2048 168 ) (-104 -2048 216 ) (-104 -1343.989990 216 ) (-104 -1343.989990 168 ) 
4 1392 1393 (-104 -1343.989990 168 ) (-104 -1191.989990 168 ) (0 -1191.989990 168 ) (0 -1343.989990 168 ) 
4 1392 1395 (-104 -2048 168 ) (-104 -1343.989990 168 ) (0 -1343.989990 168 ) (0 -2048 168 ) 
4 1393 1403 (-104 -1343.989990 64 ) (-104 -1343.989990 168 ) (-104 -1191.989990 168 ) (-104 -1191.989990 64 ) 
4 1393 1398 (-104 -1183.989990 168 ) (-104 -1024 168 ) (-104 -1024 64 ) (-104 -1183.989990 64 ) 
4 1393 1395 (0 -1343.989990 168 ) (-104 -1343.989990 168 ) (-104 -1343.989990 64 ) (0 -1343.989990 64 ) 
4 1394 1426 (-104 -1343.989990 0 ) (-104 -1024 0 ) (0 -1024 0 ) (0 -1343.989990 0 ) 
4 1394 1404 (-104 -1191.989990 0 ) (-104 -1343.989990 0 ) (-104 -1343.989990 58 ) (-104 -1191.989990 58 ) 
4 1394 1400 (-104 -1024 0 ) (-104 -1183.989990 0 ) (-104 -1183.989990 58 ) (-104 -1024 58 ) 
4 1394 1395 (-104 -1343.989990 58 ) (-104 -1343.989990 0 ) (0 -1343.989990 0 ) (0 -1343.989990 58 ) 
4 1395 1438 (0 -2048 0 ) (0 -2048 168 ) (-104 -2048 168 ) (-104 -2048 0 ) 
4 1395 1426 (0 -2048 0 ) (-104 -2048 0 ) (-104 -1343.989990 0 ) (0 -1343.989990 0 ) 
4 1395 1425 (-104 -1343.989990 0 ) (-104 -2048 0 ) (-104 -2048 168 ) (-104 -1343.989990 168 ) 
4 1396 1402 (-104 -1183.989990 240 ) (-104 -1183.989990 632 ) (-112 -1183.989990 632 ) (-112 -1183.989990 240 ) 
4 1396 1399 (-112 -1183.989990 224 ) (-112 -1183.989990 632 ) (-112 -1024 632 ) (-112 -1024 224 ) 
4 1397 1399 (-112 -1183.989990 176 ) (-112 -1183.989990 216 ) (-112 -1024 216 ) (-112 -1024 176 ) 
4 1398 1399 (-112 -1024 64 ) (-112 -1183.989990 64 ) (-112 -1183.989990 168 ) (-112 -1024 168 ) 
4 1399 1441 (-1024 -1024 632 ) (-1024 -1024 64 ) (-1024 -1183.989990 64 ) (-1024 -1183.989990 632 ) 
4 1399 1419 (-395.703979 -1183.989990 64 ) (-363.554993 -1183.989990 64 ) (-363.554840 -1183.989990 96 ) (-395.704102 -1183.989990 96 ) 
4 1399 1416 (-448 -1183.989990 64 ) (-395.703979 -1183.989990 64 ) (-395.704102 -1183.989990 96 ) (-448 -1183.989990 96 ) 
4 1399 1418 (-500.493134 -1183.989990 64 ) (-448 -1183.989990 64 ) (-448 -1183.989990 96 ) (-500.493164 -1183.989990 96 ) 
4 1399 1415 (-871.382813 -1183.989990 64 ) (-500.493134 -1183.989990 64 ) (-500.493164 -1183.989990 96 ) (-871.383545 -1183.989990 96 ) 
4 1399 1412 (-1024 -1183.989990 96 ) (-1024 -1183.989990 64 ) (-871.382813 -1183.989990 64 ) (-871.383545 -1183.989990 96 ) 
4 1399 1406 (-363.554993 -1183.989990 64 ) (-112 -1183.989990 64 ) (-112 -1183.989990 96 ) (-363.554840 -1183.989990 96 ) 
4 1399 1405 (-1024 -1183.989990 240 ) (-1024 -1183.989990 96 ) (-112 -1183.989990 96 ) (-112 -1183.989990 240 ) 
4 1399 1402 (-112 -1183.989990 632 ) (-1024 -1183.989990 632 ) (-1024 -1183.989990 240 ) (-112 -1183.989990 240 ) 
4 1399 1401 (-448 -1183.989990 64 ) (-1024 -1183.989990 64 ) (-1024 -1024 64 ) (-448 -1024 64 ) 
4 1400 1431 (-337.599670 -1024 0 ) (-305.287720 -1024 0 ) (-363.555298 -1183.989990 0 ) (-395.703674 -1183.989990 0 ) 
4 1400 1430 (-448 -1024 0 ) (-337.599670 -1024 0 ) (-395.703674 -1183.989990 0 ) (-448 -1183.989990 0 ) 
4 1400 1426 (-305.287720 -1024 0 ) (-104 -1024 0 ) (-104 -1183.989990 0 ) (-363.555298 -1183.989990 0 ) 
4 1400 1422 (-395.703674 -1183.989990 0 ) (-363.555298 -1183.989990 0 ) (-363.555054 -1183.989990 58 ) (-395.703949 -1183.989990 58 ) 
4 1400 1417 (-448 -1183.989990 0 ) (-395.703674 -1183.989990 0 ) (-395.703949 -1183.989990 58 ) (-448 -1183.989990 58 ) 
4 1400 1407 (-363.555298 -1183.989990 0 ) (-112 -1183.989990 0 ) (-112 -1183.989990 58 ) (-363.555054 -1183.989990 58 ) 
4 1400 1401 (-448 -1024 0 ) (-448 -1183.989990 0 ) (-448 -1183.989990 58 ) (-448 -1024 58 ) 
4 1401 1441 (-1024 -1024 64 ) (-1024 -1024 0 ) (-1024 -1183.989990 0 ) (-1024 -1183.989990 64 ) 
4 1401 1430 (-558.815247 -1024 0 ) (-448 -1024 0 ) (-448 -1183.989990 0 ) (-500.493164 -1183.989990 0 ) 
5 1401 1429 (-1024 -1128.414307 0 ) (-1024 -1024 0 ) (-558.815247 -1024 0 ) (-500.493164 -1183.989990 0 ) (-871.382080 -1183.989990 0 ) 
3 1401 1428 (-1024 -1183.989990 0 ) (-1024 -1128.414307 0 ) (-871.382080 -1183.989990 0 ) 
4 1401 1418 (-500.493164 -1183.989990 0 ) (-448 -1183.989990 0 ) (-448 -1183.989990 64 ) (-500.493164 -1183.989990 64 ) 
4 1401 1415 (-871.382080 -1183.989990 0 ) (-500.493164 -1183.989990 0 ) (-500.493164 -1183.989990 64 ) (-871.382813 -1183.989990 64 ) 
4 1401 1412 (-1024 -1183.989990 0 ) (-871.382080 -1183.989990 0 ) (-871.382813 -1183.989990 64 ) (-1024 -1183.989990 64 ) 
4 1402 1441 (-1024 -1343.989990 240 ) (-1024 -1343.989990 632 ) (-1024 -1183.989990 632 ) (-1024 -1183.989990 240 ) 
4 1402 1405 (-112 -1343.989990 240 ) (-1024 -1343.989990 240 ) (-1024 -1183.989990 240 ) (-112 -1183.989990 240 ) 
4 1402 1403 (-104 -1343.989990 240 ) (-112 -1343.989990 240 ) (-112 -1191.989990 240 ) (-104 -1191.989990 240 ) 
4 1402 1425 (-104 -1343.989990 240 ) (-104 -1343.989990 632 ) (-1024 -1343.989990 632 ) (-1024 -1343.989990 240 ) 
4 1403 1406 (-112 -1343.989990 64 ) (-112 -1343.989990 96 ) (-112 -1191.989990 96 ) (-112 -1191.989990 64 ) 
4 1403 1405 (-112 -1343.989990 96 ) (-112 -1343.989990 240 ) (-112 -1191.989990 240 ) (-112 -1191.989990 96 ) 
4 1403 1425 (-104 -1343.989990 64 ) (-104 -1343.989990 240 ) (-112 -1343.989990 240 ) (-112 -1343.989990 64 ) 
4 1404 1426 (-104 -1191.989990 0 ) (-104 -1343.989990 0 ) (-112 -1343.989990 0 ) (-112 -1191.989990 0 ) 
4 1404 1407 (-112 -1343.989990 0 ) (-112 -1343.989990 58 ) (-112 -1191.989990 58 ) (-112 -1191.989990 0 ) 
4 1404 1425 (-112 -1343.989990 0 ) (-104 -1343.989990 0 ) (-104 -1343.989990 58 ) (-112 -1343.989990 58 ) 
4 1405 1441 (-1024 -1343.989990 96 ) (-1024 -1343.989990 240 ) (-1024 -1183.989990 240 ) (-1024 -1183.989990 96 ) 
3 1405 1421 (-431.996033 -1311.988647 96 ) (-423.027466 -1308.727173 96 ) (-420.284454 -1316.245972 96 ) 
3 1405 1420 (-406.839539 -1302.840332 96 ) (-416 -1327.991333 96 ) (-423.027466 -1308.727173 96 ) 
4 1405 1419 (-395.704102 -1183.989990 96 ) (-363.554810 -1183.989990 96 ) (-406.839539 -1302.840332 96 ) (-443.740875 -1316.259644 96 ) 
3 1405 1416 (-448 -1183.989990 96 ) (-395.704102 -1183.989990 96 ) (-448 -1327.988525 96 ) 
3 1405 1418 (-500.493134 -1183.989990 96 ) (-448 -1183.989990 96 ) (-448 -1327.988525 96 ) 
3 1405 1413 (-448 -1327.989868 96 ) (-443.723145 -1339.722168 96 ) (-448 -1338.164795 96 ) 
4 1405 1415 (-871.383484 -1183.989990 96 ) (-500.493134 -1183.989990 96 ) (-448 -1327.989868 96 ) (-448 -1338.164795 96 ) 
3 1405 1410 (-448 -1338.164795 96 ) (-432.003296 -1343.989990 96 ) (-448 -1343.989990 96 ) 
5 1405 1412 (-1024 -1183.989990 96 ) (-871.383484 -1183.989990 96 ) (-448 -1338.164795 96 ) (-448 -1343.989990 96 ) (-1024 -1343.989990 96 ) 
3 1405 1408 (-420.270660 -1339.719116 96 ) (-421.826111 -1343.989990 96 ) (-432 -1343.989990 96 ) 
4 1405 1406 (-363.554810 -1183.989990 96 ) (-112 -1183.989990 96 ) (-112 -1343.989990 96 ) (-421.826111 -1343.989990 96 ) 
4 1405 1425 (-112 -1343.989990 96 ) (-112 -1343.989990 240 ) (-1024 -1343.989990 240 ) (-1024 -1343.989990 96 ) 
4 1406 1420 (-415.998566 -1327.993896 96 ) (-406.837494 -1302.839600 96 ) (-406.837708 -1302.839722 64 ) (-415.998627 -1327.993652 64 ) 
4 1406 1419 (-406.837494 -1302.839600 96 ) (-363.553223 -1183.989990 96 ) (-363.553375 -1183.989990 64 ) (-406.837708 -1302.839722 64 ) 
4 1406 1408 (-421.824371 -1343.989990 64 ) (-421.824219 -1343.989990 96 ) (-420.268524 -1339.718384 96 ) (-420.268677 -1339.718384 64 ) 
4 1406 1425 (-112 -1343.989990 64 ) (-112 -1343.989990 96 ) (-421.826111 -1343.989990 96 ) (-421.826263 -1343.989990 64 ) 
4 1407 1426 (-363.555237 -1183.989990 0 ) (-112 -1183.989990 0 ) (-112 -1343.989990 0 ) (-421.826538 -1343.989990 0 ) 
4 1407 1423 (-415.998627 -1327.993652 58 ) (-406.837738 -1302.839722 58 ) (-406.838043 -1302.839844 0 ) (-415.998779 -1327.993286 0 ) 
4 1407 1422 (-406.837738 -1302.839722 58 ) (-363.553406 -1183.989990 58 ) (-363.553680 -1183.989990 0 ) (-406.838043 -1302.839844 0 ) 
4 1407 1409 (-421.824677 -1343.989990 0 ) (-421.824402 -1343.989990 58 ) (-420.268707 -1339.718384 58 ) (-420.269012 -1339.718506 0 ) 
4 1407 1425 (-421.826599 -1343.989990 0 ) (-112 -1343.989990 0 ) (-112 -1343.989990 58 ) (-421.826294 -1343.989990 58 ) 
4 1408 1425 (-421.826263 -1343.989990 64 ) (-421.826111 -1343.989990 96 ) (-432 -1343.989990 96 ) (-432 -1343.989990 64 ) 
3 1409 1427 (-420.271149 -1339.719238 0 ) (-421.826538 -1343.989990 0 ) (-432 -1343.989990 0 ) 
4 1409 1425 (-432 -1343.989990 0 ) (-421.826599 -1343.989990 0 ) (-421.826294 -1343.989990 58 ) (-432 -1343.989990 58 ) 
4 1410 1413 (-443.723419 -1339.721436 64 ) (-448 -1338.164063 64 ) (-448 -1338.164307 96 ) (-443.723358 -1339.721680 96 ) 
4 1410 1425 (-432 -1343.989990 64 ) (-432 -1343.989990 96 ) (-448 -1343.989990 96 ) (-448 -1343.989990 64 ) 
4 1410 1412 (-448 -1338.162598 96 ) (-448 -1338.162354 64 ) (-448 -1343.989990 64 ) (-448 -1343.989990 96 ) 
3 1411 1428 (-448 -1338.163696 0 ) (-432 -1343.989990 0 ) (-448 -1343.989990 0 ) 
4 1411 1414 (-443.723511 -1339.721069 0 ) (-448 -1338.163818 0 ) (-448 -1338.164063 58 ) (-443.723419 -1339.721436 58 ) 
4 1411 1412 (-448 -1338.162354 58 ) (-448 -1338.162109 0 ) (-448 -1343.989990 0 ) (-448 -1343.989990 58 ) 
4 1411 1425 (-448 -1343.989990 0 ) (-432 -1343.989990 0 ) (-432 -1343.989990 58 ) (-448 -1343.989990 58 ) 
4 1412 1441 (-1024 -1183.989990 0 ) (-1024 -1343.989990 0 ) (-1024 -1343.989990 96 ) (-1024 -1183.989990 96 ) 
5 1412 1428 (-1024 -1343.989990 0 ) (-1024 -1183.989990 0 ) (-871.382080 -1183.989990 0 ) (-448 -1338.163696 0 ) (-448 -1343.989990 0 ) 
4 1412 1415 (-448 -1338.163818 0 ) (-871.381470 -1183.989990 0 ) (-871.382813 -1183.989990 96 ) (-448 -1338.164307 96 ) 
4 1412 1425 (-1024 -1343.989990 0 ) (-448 -1343.989990 0 ) (-448 -1343.989990 96 ) (-1024 -1343.989990 96 ) 
4 1413 1415 (-448 -1327.988281 96 ) (-448 -1327.988281 64 ) (-448 -1338.163208 64 ) (-448 -1338.163452 96 ) 
3 1414 1429 (-448 -1327.989990 0 ) (-443.723663 -1339.720947 0 ) (-448 -1338.163696 0 ) 
4 1414 1415 (-448 -1327.988281 58 ) (-448 -1327.988281 0 ) (-448 -1338.162964 0 ) (-448 -1338.163208 58 ) 
4 1415 1429 (-871.382080 -1183.989990 0 ) (-500.493134 -1183.989990 0 ) (-448 -1327.989990 0 ) (-448 -1338.163696 0 ) 
4 1415 1418 (-448 -1327.993042 0 ) (-500.494141 -1183.989990 0 ) (-500.494141 -1183.989990 96 ) (-448 -1327.993164 96 ) 
4 1416 1419 (-443.742676 -1316.260254 64 ) (-395.706055 -1183.989990 64 ) (-395.706207 -1183.989990 96 ) (-443.742920 -1316.260498 96 ) 
4 1416 1418 (-448 -1327.985474 64 ) (-448 -1327.985107 96 ) (-448 -1183.989990 96 ) (-448 -1183.989990 64 ) 
3 1417 1430 (-448 -1183.989990 0 ) (-395.703674 -1183.989990 0 ) (-448 -1327.989258 0 ) 
4 1417 1422 (-443.742371 -1316.260132 0 ) (-395.705750 -1183.989990 0 ) (-395.706024 -1183.989990 58 ) (-443.742676 -1316.260254 58 ) 
4 1417 1418 (-448 -1327.986328 0 ) (-448 -1327.985596 58 ) (-448 -1183.989990 58 ) (-448 -1183.989990 0 ) 
3 1418 1430 (-500.493134 -1183.989990 0 ) (-448 -1183.989990 0 ) (-448 -1327.989258 0 ) 
4 1419 1421 (-431.997742 -1311.988403 64 ) (-423.027771 -1308.726440 64 ) (-423.027771 -1308.726440 96 ) (-431.997131 -1311.988159 96 ) 
4 1419 1420 (-423.027771 -1308.726440 64 ) (-406.839386 -1302.839478 64 ) (-406.839203 -1302.839355 96 ) (-423.027771 -1308.726440 96 ) 
4 1420 1421 (-423.027344 -1308.730469 96 ) (-423.027344 -1308.730469 64 ) (-420.285614 -1316.245850 64 ) (-420.285767 -1316.245361 96 ) 
4 1422 1431 (-395.703674 -1183.989990 0 ) (-363.555237 -1183.989990 0 ) (-406.840057 -1302.840454 0 ) (-443.740356 -1316.259521 0 ) 
4 1422 1424 (-423.027710 -1308.726440 58 ) (-431.997864 -1311.988403 58 ) (-431.998901 -1311.988770 0 ) (-423.027710 -1308.726440 0 ) 
4 1422 1423 (-406.840149 -1302.839966 0 ) (-406.839844 -1302.839844 58 ) (-423.027710 -1308.726440 58 ) (-423.027710 -1308.726440 0 ) 
3 1423 1432 (-406.840057 -1302.840454 0 ) (-416 -1327.990723 0 ) (-423.027466 -1308.727173 0 ) 
4 1423 1424 (-423.027344 -1308.728516 58 ) (-423.027344 -1308.728516 0 ) (-420.284210 -1316.247314 0 ) (-420.284546 -1316.246338 58 ) 
3 1424 1433 (-431.997772 -1311.989258 0 ) (-423.027466 -1308.727173 0 ) (-420.283905 -1316.247437 0 ) 
4 1425 1441 (-1024 -1343.989990 0 ) (-1024 -2048 0 ) (-1024 -2048 632 ) (-1024 -1343.989990 632 ) 
4 1425 1438 (-1024 -2048 632 ) (-1024 -2048 0 ) (-104 -2048 0 ) (-104 -2048 632 ) 
3 1425 1428 (-1024 -1559.548340 0 ) (-1024 -1343.989990 0 ) (-432 -1343.989990 0 ) 
5 1425 1427 (-678.223633 -2048 0 ) (-1024 -2048 0 ) (-1024 -1559.548340 0 ) (-432 -1343.989990 0 ) (-421.826599 -1343.989990 0 ) 
4 1425 1426 (-104 -2048 0 ) (-678.223633 -2048 0 ) (-421.826599 -1343.989990 0 ) (-104 -1343.989990 0 ) 
4 1426 1439 (0 -2048 -120 ) (0 -2048 0 ) (-678.223633 -2048 0 ) (-678.224182 -2048 -120 ) 
4 1426 1432 (-406.840515 -1302.840820 -120 ) (-416 -1327.990356 -120 ) (-416 -1327.992188 0 ) (-406.838867 -1302.840088 0 ) 
4 1426 1431 (-305.288055 -1024 -120 ) (-406.840515 -1302.840820 -120 ) (-406.838867 -1302.840088 0 ) (-305.286682 -1024 0 ) 
4 1426 1427 (-420.271576 -1339.719482 -120 ) (-678.223999 -2048 -120 ) (-678.222656 -2048 0 ) (-420.270020 -1339.718994 0 ) 
4 1427 1442 (-1024 -1559.548340 -120 ) (-1024 -2048 -120 ) (-1024 -2048 0 ) (-1024 -1559.548340 0 ) 
4 1427 1439 (-678.223633 -2048 0 ) (-1024 -2048 0 ) (-1024 -2048 -120 ) (-678.224182 -2048 -120 ) 
4 1427 1428 (-432 -1343.990234 -120 ) (-1024 -1559.549072 -120 ) (-1024 -1559.548828 0 ) (-432 -1343.990601 0 ) 
4 1428 1442 (-1024 -1128.413696 -120 ) (-1024 -1559.548340 -120 ) (-1024 -1559.548340 0 ) (-1024 -1128.414307 0 ) 
4 1428 1429 (-443.723755 -1339.720459 -120 ) (-1024 -1128.413330 -120 ) (-1024 -1128.414063 0 ) (-443.723511 -1339.721191 0 ) 
4 1429 1442 (-1024 -1024 0 ) (-1024 -1024 -120 ) (-1024 -1128.413696 -120 ) (-1024 -1128.414307 0 ) 
4 1429 1430 (-448 -1327.991577 -120 ) (-558.816406 -1024 -120 ) (-558.816772 -1024 0 ) (-448 -1327.990723 0 ) 
4 1430 1431 (-443.741699 -1316.259888 -120 ) (-337.600891 -1024 -120 ) (-337.603516 -1024 0 ) (-443.742432 -1316.260254 0 ) 
4 1431 1433 (-432.002594 -1311.989136 -120 ) (-423.028076 -1308.725464 -120 ) (-423.028107 -1308.725464 0 ) (-432 -1311.988281 0 ) 
4 1431 1432 (-423.028076 -1308.725464 -120 ) (-406.840546 -1302.838867 -120 ) (-406.839905 -1302.838623 0 ) (-423.028107 -1308.725464 0 ) 
4 1432 1433 (-423.027344 -1308.728516 0 ) (-423.027344 -1308.728516 -120 ) (-420.283752 -1316.249023 -120 ) (-420.284424 -1316.247192 0 ) 
4 1434 1443 (-1024 -1024 -166 ) (-1024 -1024 -232 ) (-1024 -2048 -232 ) (-1024 -2048 -166 ) 
4 1434 1440 (0 -2048 -232 ) (0 -2048 -166 ) (-1024 -2048 -166 ) (-1024 -2048 -232 ) 
4 1435 1453 (1024 -3072 0 ) (1024 -3072 632 ) (0 -3072 632 ) (0 -3072 0 ) 
4 1435 1438 (0 -2048 632 ) (0 -2048 0 ) (0 -3072 0 ) (0 -3072 632 ) 
4 1435 1436 (0 -2048 0 ) (1024 -2048 0 ) (1024 -3072 0 ) (0 -3072 0 ) 
4 1436 1454 (1024 -3072 -120 ) (1024 -3072 0 ) (0 -3072 0 ) (0 -3072 -120 ) 
4 1436 1439 (0 -2048 0 ) (0 -2048 -120 ) (0 -3072 -120 ) (0 -3072 0 ) 
4 1437 1455 (1024 -3072 -232 ) (1024 -3072 -166 ) (0 -3072 -166 ) (0 -3072 -232 ) 
4 1437 1440 (0 -2048 -166 ) (0 -2048 -232 ) (0 -3072 -232 ) (0 -3072 -166 ) 
4 1438 1456 (0 -3072 0 ) (0 -3072 632 ) (-1024 -3072 632 ) (-1024 -3072 0 ) 
4 1438 1447 (-1024 -3072 0 ) (-1024 -3072 632 ) (-1024 -2048 632 ) (-1024 -2048 0 ) 
4 1438 1439 (0 -2048 0 ) (0 -3072 0 ) (-1024 -3072 0 ) (-1024 -2048 0 ) 
4 1439 1457 (0 -3072 -120 ) (0 -3072 0 ) (-1024 -3072 0 ) (-1024 -3072 -120 ) 
4 1439 1448 (-1024 -3072 -120 ) (-1024 -3072 0 ) (-1024 -2048 0 ) (-1024 -2048 -120 ) 
4 1440 1458 (0 -3072 -232 ) (0 -3072 -166 ) (-1024 -3072 -166 ) (-1024 -3072 -232 ) 
4 1440 1449 (-1024 -3072 -232 ) (-1024 -3072 -166 ) (-1024 -2048 -166 ) (-1024 -2048 -232 ) 
4 1441 1447 (-1024 -2048 0 ) (-1024 -2048 632 ) (-2048 -2048 632 ) (-2048 -2048 0 ) 
4 1441 1444 (-2048 -1024 632 ) (-2048 -1024 0 ) (-2048 -2048 0 ) (-2048 -2048 632 ) 
4 1441 1442 (-1024 -2048 0 ) (-2048 -2048 0 ) (-2048 -1024 0 ) (-1024 -1024 0 ) 
4 1442 1448 (-1024 -2048 -120 ) (-1024 -2048 0 ) (-2048 -2048 0 ) (-2048 -2048 -120 ) 
4 1442 1445 (-2048 -1024 0 ) (-2048 -1024 -120 ) (-2048 -2048 -120 ) (-2048 -2048 0 ) 
4 1443 1449 (-1024 -2048 -232 ) (-1024 -2048 -166 ) (-2048 -2048 -166 ) (-2048 -2048 -232 ) 
4 1443 1446 (-2048 -1024 -166 ) (-2048 -1024 -232 ) (-2048 -2048 -232 ) (-2048 -2048 -166 ) 
4 1444 1501 (-3072 -2048 0 ) (-3072 -2048 632 ) (-3072 -1024 632 ) (-3072 -1024 0 ) 
4 1444 1450 (-3072 -2048 632 ) (-3072 -2048 0 ) (-2048 -2048 0 ) (-2048 -2048 632 ) 
4 1444 1445 (-2048 -1024 0 ) (-2048 -2048 0 ) (-3072 -2048 0 ) (-3072 -1024 0 ) 
4 1445 1502 (-3072 -2048 -120 ) (-3072 -2048 0 ) (-3072 -1024 0 ) (-3072 -1024 -120 ) 
4 1445 1451 (-3072 -2048 0 ) (-3072 -2048 -120 ) (-2048 -2048 -120 ) (-2048 -2048 0 ) 
4 1446 1503 (-3072 -2048 -232 ) (-3072 -2048 -166 ) (-3072 -1024 -166 ) (-3072 -1024 -232 ) 
4 1446 1452 (-3072 -2048 -166 ) (-3072 -2048 -232 ) (-2048 -2048 -232 ) (-2048 -2048 -166 ) 
4 1447 1469 (-1024 -3072 0 ) (-1024 -3072 632 ) (-2048 -3072 632 ) (-2048 -3072 0 ) 
4 1447 1450 (-2048 -2048 632 ) (-2048 -2048 0 ) (-2048 -3072 0 ) (-2048 -3072 632 ) 
4 1447 1448 (-2048 -2048 0 ) (-1024 -2048 0 ) (-1024 -3072 0 ) (-2048 -3072 0 ) 
4 1448 1470 (-1024 -3072 -120 ) (-1024 -3072 0 ) (-2048 -3072 0 ) (-2048 -3072 -120 ) 
4 1448 1451 (-2048 -2048 0 ) (-2048 -2048 -120 ) (-2048 -3072 -120 ) (-2048 -3072 0 ) 
4 1449 1471 (-1024 -3072 -232 ) (-1024 -3072 -166 ) (-2048 -3072 -166 ) (-2048 -3072 -232 ) 
4 1449 1452 (-2048 -2048 -166 ) (-2048 -2048 -232 ) (-2048 -3072 -232 ) (-2048 -3072 -166 ) 
4 1450 1507 (-3072 -3072 0 ) (-3072 -3072 632 ) (-3072 -2048 632 ) (-3072 -2048 0 ) 
4 1450 1472 (-2048 -3072 0 ) (-2048 -3072 632 ) (-3072 -3072 632 ) (-3072 -3072 0 ) 
4 1450 1451 (-3072 -3072 0 ) (-3072 -2048 0 ) (-2048 -2048 0 ) (-2048 -3072 0 ) 
4 1451 1508 (-3072 -3072 -120 ) (-3072 -3072 0 ) (-3072 -2048 0 ) (-3072 -2048 -120 ) 
4 1451 1473 (-2048 -3072 -120 ) (-2048 -3072 0 ) (-3072 -3072 0 ) (-3072 -3072 -120 ) 
4 1452 1509 (-3072 -3072 -232 ) (-3072 -3072 -166 ) (-3072 -2048 -166 ) (-3072 -2048 -232 ) 
4 1452 1474 (-2048 -3072 -232 ) (-2048 -3072 -166 ) (-3072 -3072 -166 ) (-3072 -3072 -232 ) 
4 1453 1459 (1024 -4096 0 ) (1024 -4096 632 ) (0 -4096 632 ) (0 -4096 0 ) 
4 1453 1456 (0 -4096 0 ) (0 -4096 632 ) (0 -3072 632 ) (0 -3072 0 ) 
4 1453 1454 (1024 -4096 0 ) (0 -4096 0 ) (0 -3072 0 ) (1024 -3072 0 ) 
4 1454 1460 (1024 -4096 -120 ) (1024 -4096 0 ) (0 -4096 0 ) (0 -4096 -120 ) 
4 1454 1457 (0 -4096 -120 ) (0 -4096 0 ) (0 -3072 0 ) (0 -3072 -120 ) 
4 1455 1463 (1024 -4096 -232 ) (1024 -4096 -166 ) (0 -4096 -166 ) (0 -4096 -232 ) 
4 1455 1458 (0 -4096 -232 ) (0 -4096 -166 ) (0 -3072 -166 ) (0 -3072 -232 ) 
4 1456 1469 (-1024 -4096 0 ) (-1024 -4096 632 ) (-1024 -3072 632 ) (-1024 -3072 0 ) 
4 1456 1464 (0 -4096 0 ) (0 -4096 632 ) (-1024 -4096 632 ) (-1024 -4096 0 ) 
4 1456 1457 (-1024 -3072 0 ) (0 -3072 0 ) (0 -4096 0 ) (-1024 -4096 0 ) 
4 1457 1470 (-1024 -4096 -120 ) (-1024 -4096 0 ) (-1024 -3072 0 ) (-1024 -3072 -120 ) 
4 1457 1465 (0 -4096 -120 ) (0 -4096 0 ) (-1024 -4096 0 ) (-1024 -4096 -120 ) 
4 1458 1471 (-1024 -4096 -232 ) (-1024 -4096 -166 ) (-1024 -3072 -166 ) (-1024 -3072 -232 ) 
4 1458 1468 (0 -4096 -232 ) (0 -4096 -166 ) (-1024 -4096 -166 ) (-1024 -4096 -232 ) 
4 1459 1485 (1024 -5120 0 ) (1024 -5120 632 ) (0 -5120 632 ) (0 -5120 0 ) 
4 1459 1464 (0 -4096 632 ) (0 -4096 0 ) (0 -5120 0 ) (0 -5120 632 ) 
4 1459 1461 (1024 -5120 0 ) (0 -5120 0 ) (0 -4944 0 ) (1024 -4944 0 ) 
4 1459 1460 (0 -4944 0 ) (0 -4096 0 ) (1024 -4096 0 ) (1024 -4944 0 ) 
4 1460 1465 (0 -4096 0 ) (0 -4096 -120 ) (0 -4944 -120 ) (0 -4944 0 ) 
4 1460 1461 (0 -4944 -120 ) (1024 -4944 -120 ) (1024 -4944 0 ) (0 -4944 0 ) 
4 1461 1485 (1024 -5120 -120 ) (1024 -5120 0 ) (0 -5120 0 ) (0 -5120 -120 ) 
4 1461 1466 (0 -4944 -120 ) (0 -5120 -120 ) (0 -5120 0 ) (0 -4944 0 ) 
4 1461 1462 (0 -5120 -120 ) (0 -4944 -120 ) (1024 -4944 -120 ) (1024 -5120 -120 ) 
4 1462 1485 (1024 -5120 -166 ) (1024 -5120 -120 ) (0 -5120 -120 ) (0 -5120 -166 ) 
4 1462 1467 (0 -4944 -166 ) (0 -5120 -166 ) (0 -5120 -120 ) (0 -4944 -120 ) 
4 1462 1463 (1024 -5120 -166 ) (0 -5120 -166 ) (0 -4944 -166 ) (1024 -4944 -166 ) 
4 1463 1485 (1024 -5120 -232 ) (1024 -5120 -166 ) (0 -5120 -166 ) (0 -5120 -232 ) 
4 1463 1468 (0 -4096 -166 ) (0 -4096 -232 ) (0 -5120 -232 ) (0 -5120 -166 ) 
4 1464 1486 (0 -5120 0 ) (0 -5120 632 ) (-1024 -5120 632 ) (-1024 -5120 0 ) 
4 1464 1475 (-1024 -5120 0 ) (-1024 -5120 632 ) (-1024 -4096 632 ) (-1024 -4096 0 ) 
4 1464 1466 (0 -4944 0 ) (0 -5120 0 ) (-1024 -5120 0 ) (-1024 -4944 0 ) 
4 1464 1465 (0 -4096 0 ) (0 -4944 0 ) (-1024 -4944 0 ) (-1024 -4096 0 ) 
4 1465 1476 (-1024 -4944 0 ) (-1024 -4096 0 ) (-1024 -4096 -120 ) (-1024 -4944 -120 ) 
4 1465 1466 (-1024 -4944 -120 ) (0 -4944 -120 ) (0 -4944 0 ) (-1024 -4944 0 ) 
4 1466 1486 (0 -5120 -120 ) (0 -5120 0 ) (-1024 -5120 0 ) (-1024 -5120 -120 ) 
4 1466 1477 (-1024 -5120 -120 ) (-1024 -5120 0 ) (-1024 -4944 0 ) (-1024 -4944 -120 ) 
4 1466 1467 (0 -5120 -120 ) (-1024 -5120 -120 ) (-1024 -4944 -120 ) (0 -4944 -120 ) 
4 1467 1486 (0 -5120 -166 ) (0 -5120 -120 ) (-1024 -5120 -120 ) (-1024 -5120 -166 ) 
4 1467 1478 (-1024 -5120 -166 ) (-1024 -5120 -120 ) (-1024 -4944 -120 ) (-1024 -4944 -166 ) 
4 1467 1468 (0 -4944 -166 ) (0 -5120 -166 ) (-1024 -5120 -166 ) (-1024 -4944 -166 ) 
4 1468 1486 (0 -5120 -232 ) (0 -5120 -166 ) (-1024 -5120 -166 ) (-1024 -5120 -232 ) 
4 1468 1479 (-1024 -5120 -232 ) (-1024 -5120 -166 ) (-1024 -4096 -166 ) (-1024 -4096 -232 ) 
4 1469 1475 (-1024 -4096 0 ) (-1024 -4096 632 ) (-2048 -4096 632 ) (-2048 -4096 0 ) 
4 1469 1472 (-2048 -4096 0 ) (-2048 -4096 632 ) (-2048 -3072 632 ) (-2048 -3072 0 ) 
4 1469 1470 (-1024 -4096 0 ) (-2048 -4096 0 ) (-2048 -3072 0 ) (-1024 -3072 0 ) 
4 1470 1476 (-1024 -4096 -120 ) (-1024 -4096 0 ) (-2048 -4096 0 ) (-2048 -4096 -120 ) 
4 1470 1473 (-2048 -4096 -120 ) (-2048 -4096 0 ) (-2048 -3072 0 ) (-2048 -3072 -120 ) 
4 1471 1479 (-1024 -4096 -232 ) (-1024 -4096 -166 ) (-2048 -4096 -166 ) (-2048 -4096 -232 ) 
4 1471 1474 (-2048 -4096 -232 ) (-2048 -4096 -166 ) (-2048 -3072 -166 ) (-2048 -3072 -232 ) 
4 1472 1537 (-3072 -4096 0 ) (-3072 -4096 632 ) (-3072 -3072 632 ) (-3072 -3072 0 ) 
4 1472 1480 (-3072 -4096 632 ) (-3072 -4096 0 ) (-2048 -4096 0 ) (-2048 -4096 632 ) 
4 1472 1473 (-3072 -3072 0 ) (-2048 -3072 0 ) (-2048 -4096 0 ) (-3072 -4096 0 ) 
4 1473 1538 (-3072 -4096 -120 ) (-3072 -4096 0 ) (-3072 -3072 0 ) (-3072 -3072 -120 ) 
4 1473 1481 (-3072 -4096 0 ) (-3072 -4096 -120 ) (-2048 -4096 -120 ) (-2048 -4096 0 ) 
4 1474 1539 (-3072 -4096 -232 ) (-3072 -4096 -166 ) (-3072 -3072 -166 ) (-3072 -3072 -232 ) 
4 1474 1484 (-3072 -4096 -166 ) (-3072 -4096 -232 ) (-2048 -4096 -232 ) (-2048 -4096 -166 ) 
4 1475 1487 (-1024 -5120 0 ) (-1024 -5120 632 ) (-2048 -5120 632 ) (-2048 -5120 0 ) 
4 1475 1480 (-2048 -4096 632 ) (-2048 -4096 0 ) (-2048 -5120 0 ) (-2048 -5120 632 ) 
4 1475 1477 (-1024 -4944 0 ) (-1024 -5120 0 ) (-2048 -5120 0 ) (-2048 -4944 0 ) 
4 1475 1476 (-2048 -4096 0 ) (-1024 -4096 0 ) (-1024 -4944 0 ) (-2048 -4944 0 ) 
4 1476 1481 (-2048 -4096 0 ) (-2048 -4096 -120 ) (-2048 -4944 -120 ) (-2048 -4944 0 ) 
4 1476 1477 (-2048 -4944 -120 ) (-1024 -4944 -120 ) (-1024 -4944 0 ) (-2048 -4944 0 ) 
4 1477 1487 (-1024 -5120 -120 ) (-1024 -5120 0 ) (-2048 -5120 0 ) (-2048 -5120 -120 ) 
4 1477 1482 (-2048 -4944 -120 ) (-2048 -5120 -120 ) (-2048 -5120 0 ) (-2048 -4944 0 ) 
4 1477 1478 (-1024 -5120 -120 ) (-2048 -5120 -120 ) (-2048 -4944 -120 ) (-1024 -4944 -120 ) 
4 1478 1487 (-1024 -5120 -166 ) (-1024 -5120 -120 ) (-2048 -5120 -120 ) (-2048 -5120 -166 ) 
4 1478 1483 (-2048 -4944 -166 ) (-2048 -5120 -166 ) (-2048 -5120 -120 ) (-2048 -4944 -120 ) 
4 1478 1479 (-1024 -4944 -166 ) (-1024 -5120 -166 ) (-2048 -5120 -166 ) (-2048 -4944 -166 ) 
4 1479 1487 (-1024 -5120 -232 ) (-1024 -5120 -166 ) (-2048 -5120 -166 ) (-2048 -5120 -232 ) 
4 1479 1484 (-2048 -4096 -166 ) (-2048 -4096 -232 ) (-2048 -5120 -232 ) (-2048 -5120 -166 ) 
4 1480 1543 (-3072 -5120 0 ) (-3072 -5120 632 ) (-3072 -4096 632 ) (-3072 -4096 0 ) 
4 1480 1488 (-3072 -5120 632 ) (-3072 -5120 0 ) (-2048 -5120 0 ) (-2048 -5120 632 ) 
4 1480 1482 (-2048 -4944 0 ) (-2048 -5120 0 ) (-3072 -5120 0 ) (-3072 -4944 0 ) 
4 1480 1481 (-2048 -4096 0 ) (-2048 -4944 0 ) (-3072 -4944 0 ) (-3072 -4096 0 ) 
4 1481 1544 (-3072 -4944 0 ) (-3072 -4096 0 ) (-3072 -4096 -120 ) (-3072 -4944 -120 ) 
4 1481 1482 (-3072 -4944 -120 ) (-2048 -4944 -120 ) (-2048 -4944 0 ) (-3072 -4944 0 ) 
4 1482 1545 (-3072 -5120 -120 ) (-3072 -5120 0 ) (-3072 -4944 0 ) (-3072 -4944 -120 ) 
4 1482 1488 (-3072 -5120 0 ) (-3072 -5120 -120 ) (-2048 -5120 -120 ) (-2048 -5120 0 ) 
4 1482 1483 (-2048 -5120 -120 ) (-3072 -5120 -120 ) (-3072 -4944 -120 ) (-2048 -4944 -120 ) 
4 1483 1546 (-3072 -5120 -166 ) (-3072 -5120 -120 ) (-3072 -4944 -120 ) (-3072 -4944 -166 ) 
4 1483 1488 (-3072 -5120 -120 ) (-3072 -5120 -166 ) (-2048 -5120 -166 ) (-2048 -5120 -120 ) 
4 1483 1484 (-2048 -4944 -166 ) (-2048 -5120 -166 ) (-3072 -5120 -166 ) (-3072 -4944 -166 ) 
4 1484 1547 (-3072 -5120 -232 ) (-3072 -5120 -166 ) (-3072 -4096 -166 ) (-3072 -4096 -232 ) 
4 1484 1488 (-3072 -5120 -166 ) (-3072 -5120 -232 ) (-2048 -5120 -232 ) (-2048 -5120 -166 ) 
4 1485 1486 (0 -5120 632 ) (0 -5120 -232 ) (0 -5336 -232 ) (0 -5336 632 ) 
4 1486 1487 (-1024 -5120 632 ) (-1024 -5120 -232 ) (-1024 -5336 -232 ) (-1024 -5336 632 ) 
4 1487 1488 (-2048 -5120 632 ) (-2048 -5120 -232 ) (-2048 -5336 -232 ) (-2048 -5336 632 ) 
4 1488 1553 (-3072 -5336 632 ) (-3072 -5120 632 ) (-3072 -5120 -232 ) (-3072 -5336 -232 ) 
4 1489 1495 (-3072 0 0 ) (-3072 0 632 ) (-4096 0 632 ) (-4096 0 0 ) 
4 1489 1492 (-4096 0 0 ) (-4096 0 632 ) (-4096 1024 632 ) (-4096 1024 0 ) 
4 1489 1490 (-3072 0 0 ) (-4096 0 0 ) (-4096 1024 0 ) (-3072 1024 0 ) 
4 1490 1496 (-3072 0 -120 ) (-3072 0 0 ) (-4096 0 0 ) (-4096 0 -120 ) 
4 1490 1493 (-4096 0 -120 ) (-4096 0 0 ) (-4096 1024 0 ) (-4096 1024 -120 ) 
4 1491 1497 (-3072 0 -232 ) (-3072 0 -166 ) (-4096 0 -166 ) (-4096 0 -232 ) 
4 1491 1494 (-4096 0 -232 ) (-4096 0 -166 ) (-4096 1024 -166 ) (-4096 1024 -232 ) 
4 1492 1513 (-5120 1024 632 ) (-5120 1024 0 ) (-5120 0 0 ) (-5120 0 632 ) 
4 1492 1498 (-5120 0 632 ) (-5120 0 0 ) (-4096 0 0 ) (-4096 0 632 ) 
4 1492 1493 (-4096 1024 0 ) (-4096 0 0 ) (-5120 0 0 ) (-5120 1024 0 ) 
4 1493 1514 (-5120 1024 0 ) (-5120 1024 -120 ) (-5120 0 -120 ) (-5120 0 0 ) 
4 1493 1499 (-5120 0 0 ) (-5120 0 -120 ) (-4096 0 -120 ) (-4096 0 0 ) 
4 1494 1517 (-5120 1024 -166 ) (-5120 1024 -232 ) (-5120 0 -232 ) (-5120 0 -166 ) 
4 1494 1500 (-5120 0 -166 ) (-5120 0 -232 ) (-4096 0 -232 ) (-4096 0 -166 ) 
4 1495 1501 (-3072 -1024 0 ) (-3072 -1024 632 ) (-4096 -1024 632 ) (-4096 -1024 0 ) 
4 1495 1498 (-4096 0 632 ) (-4096 0 0 ) (-4096 -1024 0 ) (-4096 -1024 632 ) 
4 1495 1496 (-4096 0 0 ) (-3072 0 0 ) (-3072 -1024 0 ) (-4096 -1024 0 ) 
4 1496 1502 (-3072 -1024 -120 ) (-3072 -1024 0 ) (-4096 -1024 0 ) (-4096 -1024 -120 ) 
4 1496 1499 (-4096 0 0 ) (-4096 0 -120 ) (-4096 -1024 -120 ) (-4096 -1024 0 ) 
4 1497 1503 (-3072 -1024 -232 ) (-3072 -1024 -166 ) (-4096 -1024 -166 ) (-4096 -1024 -232 ) 
4 1497 1500 (-4096 0 -166 ) (-4096 0 -232 ) (-4096 -1024 -232 ) (-4096 -1024 -166 ) 
4 1498 1518 (-5120 -1024 0 ) (-5120 -1024 632 ) (-5120 0 632 ) (-5120 0 0 ) 
4 1498 1504 (-4096 -1024 0 ) (-4096 -1024 632 ) (-5120 -1024 632 ) (-5120 -1024 0 ) 
4 1498 1499 (-5120 -1024 0 ) (-5120 0 0 ) (-4096 0 0 ) (-4096 -1024 0 ) 
4 1499 1519 (-5120 -1024 -120 ) (-5120 -1024 0 ) (-5120 0 0 ) (-5120 0 -120 ) 
4 1499 1505 (-4096 -1024 -120 ) (-4096 -1024 0 ) (-5120 -1024 0 ) (-5120 -1024 -120 ) 
4 1500 1522 (-5120 -1024 -232 ) (-5120 -1024 -166 ) (-5120 0 -166 ) (-5120 0 -232 ) 
4 1500 1506 (-4096 -1024 -232 ) (-4096 -1024 -166 ) (-5120 -1024 -166 ) (-5120 -1024 -232 ) 
4 1501 1507 (-3072 -2048 0 ) (-3072 -2048 632 ) (-4096 -2048 632 ) (-4096 -2048 0 ) 
4 1501 1504 (-4096 -2048 0 ) (-4096 -2048 632 ) (-4096 -1024 632 ) (-4096 -1024 0 ) 
4 1501 1502 (-3072 -2048 0 ) (-4096 -2048 0 ) (-4096 -1024 0 ) (-3072 -1024 0 ) 
4 1502 1508 (-3072 -2048 -120 ) (-3072 -2048 0 ) (-4096 -2048 0 ) (-4096 -2048 -120 ) 
4 1502 1505 (-4096 -2048 -120 ) (-4096 -2048 0 ) (-4096 -1024 0 ) (-4096 -1024 -120 ) 
4 1503 1509 (-3072 -2048 -232 ) (-3072 -2048 -166 ) (-4096 -2048 -166 ) (-4096 -2048 -232 ) 
4 1503 1506 (-4096 -2048 -232 ) (-4096 -2048 -166 ) (-4096 -1024 -166 ) (-4096 -1024 -232 ) 
4 1504 1525 (-5120 -2048 0 ) (-5120 -2048 632 ) (-5120 -1024 632 ) (-5120 -1024 0 ) 
4 1504 1510 (-5120 -2048 632 ) (-5120 -2048 0 ) (-4096 -2048 0 ) (-4096 -2048 632 ) 
4 1504 1505 (-5120 -1024 0 ) (-4096 -1024 0 ) (-4096 -2048 0 ) (-5120 -2048 0 ) 
4 1505 1526 (-5120 -2048 -120 ) (-5120 -2048 0 ) (-5120 -1024 0 ) (-5120 -1024 -120 ) 
4 1505 1511 (-5120 -2048 0 ) (-5120 -2048 -120 ) (-4096 -2048 -120 ) (-4096 -2048 0 ) 
4 1506 1529 (-5120 -2048 -232 ) (-5120 -2048 -166 ) (-5120 -1024 -166 ) (-5120 -1024 -232 ) 
4 1506 1512 (-5120 -2048 -166 ) (-5120 -2048 -232 ) (-4096 -2048 -232 ) (-4096 -2048 -166 ) 
4 1507 1537 (-3072 -3072 0 ) (-3072 -3072 632 ) (-4096 -3072 632 ) (-4096 -3072 0 ) 
4 1507 1510 (-4096 -2048 632 ) (-4096 -2048 0 ) (-4096 -3072 0 ) (-4096 -3072 632 ) 
4 1507 1508 (-4096 -2048 0 ) (-3072 -2048 0 ) (-3072 -3072 0 ) (-4096 -3072 0 ) 
4 1508 1538 (-3072 -3072 -120 ) (-3072 -3072 0 ) (-4096 -3072 0 ) (-4096 -3072 -120 ) 
4 1508 1511 (-4096 -2048 0 ) (-4096 -2048 -120 ) (-4096 -3072 -120 ) (-4096 -3072 0 ) 
4 1509 1539 (-3072 -3072 -232 ) (-3072 -3072 -166 ) (-4096 -3072 -166 ) (-4096 -3072 -232 ) 
4 1509 1512 (-4096 -2048 -166 ) (-4096 -2048 -232 ) (-4096 -3072 -232 ) (-4096 -3072 -166 ) 
4 1510 1540 (-4096 -3072 0 ) (-4096 -3072 632 ) (-5120 -3072 632 ) (-5120 -3072 0 ) 
4 1510 1530 (-5120 -3072 0 ) (-5120 -3072 632 ) (-5120 -2048 632 ) (-5120 -2048 0 ) 
4 1510 1511 (-5120 -3072 0 ) (-5120 -2048 0 ) (-4096 -2048 0 ) (-4096 -3072 0 ) 
4 1511 1541 (-4096 -3072 -120 ) (-4096 -3072 0 ) (-5120 -3072 0 ) (-5120 -3072 -120 ) 
4 1511 1531 (-5120 -3072 -120 ) (-5120 -3072 0 ) (-5120 -2048 0 ) (-5120 -2048 -120 ) 
4 1512 1542 (-4096 -3072 -232 ) (-4096 -3072 -166 ) (-5120 -3072 -166 ) (-5120 -3072 -232 ) 
4 1512 1534 (-5120 -3072 -232 ) (-5120 -3072 -166 ) (-5120 -2048 -166 ) (-5120 -2048 -232 ) 
4 1513 1523 (-6144 1024 632 ) (-6144 1024 0 ) (-6144 0 0 ) (-6144 0 632 ) 
4 1513 1518 (-5120 0 0 ) (-5120 0 632 ) (-6144 0 632 ) (-6144 0 0 ) 
4 1513 1515 (-6144 0 0 ) (-6144 1024 0 ) (-5632 1024 0 ) (-5632 0 0 ) 
4 1513 1514 (-5632 1024 0 ) (-5120 1024 0 ) (-5120 0 0 ) (-5632 0 0 ) 
4 1514 1519 (-5120 0 -120 ) (-5120 0 0 ) (-5632 0 0 ) (-5632 0 -120 ) 
4 1514 1515 (-5632 1024 -120 ) (-5632 0 -120 ) (-5632 0 0 ) (-5632 1024 0 ) 
4 1515 1523 (-6144 1024 0 ) (-6144 1024 -120 ) (-6144 0 -120 ) (-6144 0 0 ) 
4 1515 1520 (-5632 0 0 ) (-6144 0 0 ) (-6144 0 -120 ) (-5632 0 -120 ) 
4 1515 1516 (-5928 0 -120 ) (-6144 0 -120 ) (-6144 1024 -120 ) (-5928 1024 -120 ) 
4 1516 1523 (-6144 1024 -120 ) (-6144 1024 -166 ) (-6144 0 -166 ) (-6144 0 -120 ) 
4 1516 1521 (-5928 0 -120 ) (-6144 0 -120 ) (-6144 0 -166 ) (-5928 0 -166 ) 
4 1516 1517 (-6144 0 -166 ) (-6144 1024 -166 ) (-5928 1024 -166 ) (-5928 0 -166 ) 
4 1517 1523 (-6144 1024 -166 ) (-6144 1024 -232 ) (-6144 0 -232 ) (-6144 0 -166 ) 
4 1517 1522 (-5120 0 -232 ) (-5120 0 -166 ) (-6144 0 -166 ) (-6144 0 -232 ) 
4 1518 1525 (-5120 -1024 0 ) (-5120 -1024 632 ) (-6144 -1024 632 ) (-6144 -1024 0 ) 
4 1518 1524 (-6144 -1024 0 ) (-6144 -1024 632 ) (-6144 0 632 ) (-6144 0 0 ) 
4 1518 1520 (-6144 -1024 0 ) (-6144 0 0 ) (-5632 0 0 ) (-5632 -1024 0 ) 
4 1518 1519 (-5632 0 0 ) (-5120 0 0 ) (-5120 -1024 0 ) (-5632 -1024 0 ) 
4 1519 1526 (-5120 -1024 -120 ) (-5120 -1024 0 ) (-5632 -1024 0 ) (-5632 -1024 -120 ) 
4 1519 1520 (-5632 0 -120 ) (-5632 -1024 -120 ) (-5632 -1024 0 ) (-5632 0 0 ) 
4 1520 1527 (-5632 -1024 0 ) (-6144 -1024 0 ) (-6144 -1024 -120 ) (-5632 -1024 -120 ) 
4 1520 1524 (-6144 -1024 -120 ) (-6144 -1024 0 ) (-6144 0 0 ) (-6144 0 -120 ) 
4 1520 1521 (-5928 -1024 -120 ) (-6144 -1024 -120 ) (-6144 0 -120 ) (-5928 0 -120 ) 
4 1521 1528 (-5928 -1024 -120 ) (-6144 -1024 -120 ) (-6144 -1024 -166 ) (-5928 -1024 -166 ) 
4 1521 1524 (-6144 -1024 -166 ) (-6144 -1024 -120 ) (-6144 0 -120 ) (-6144 0 -166 ) 
4 1521 1522 (-6144 -1024 -166 ) (-6144 0 -166 ) (-5928 0 -166 ) (-5928 -1024 -166 ) 
4 1522 1529 (-5120 -1024 -232 ) (-5120 -1024 -166 ) (-6144 -1024 -166 ) (-6144 -1024 -232 ) 
4 1522 1524 (-6144 -1024 -232 ) (-6144 -1024 -166 ) (-6144 0 -166 ) (-6144 0 -232 ) 
4 1523 1524 (-6144 0 -232 ) (-6144 0 632 ) (-6152 0 632 ) (-6152 0 -232 ) 
4 1524 1535 (-6144 -1024 -232 ) (-6144 -1024 632 ) (-6152 -1024 632 ) (-6152 -1024 -232 ) 
4 1525 1535 (-6144 -1024 632 ) (-6144 -1024 0 ) (-6144 -2048 0 ) (-6144 -2048 632 ) 
4 1525 1530 (-5120 -2048 0 ) (-5120 -2048 632 ) (-6144 -2048 632 ) (-6144 -2048 0 ) 
4 1525 1527 (-6144 -2048 0 ) (-6144 -1024 0 ) (-5632 -1024 0 ) (-5632 -2048 0 ) 
4 1525 1526 (-5632 -1024 0 ) (-5120 -1024 0 ) (-5120 -2048 0 ) (-5632 -2048 0 ) 
4 1526 1531 (-5120 -2048 -120 ) (-5120 -2048 0 ) (-5632 -2048 0 ) (-5632 -2048 -120 ) 
4 1526 1527 (-5632 -1024 -120 ) (-5632 -2048 -120 ) (-5632 -2048 0 ) (-5632 -1024 0 ) 
4 1527 1535 (-6144 -1024 0 ) (-6144 -1024 -120 ) (-6144 -2048 -120 ) (-6144 -2048 0 ) 
4 1527 1532 (-5632 -2048 0 ) (-6144 -2048 0 ) (-6144 -2048 -120 ) (-5632 -2048 -120 ) 
4 1527 1528 (-5928 -2048 -120 ) (-6144 -2048 -120 ) (-6144 -1024 -120 ) (-5928 -1024 -120 ) 
4 1528 1535 (-6144 -1024 -120 ) (-6144 -1024 -166 ) (-6144 -2048 -166 ) (-6144 -2048 -120 ) 
4 1528 1533 (-5928 -2048 -120 ) (-6144 -2048 -120 ) (-6144 -2048 -166 ) (-5928 -2048 -166 ) 
4 1528 1529 (-6144 -2048 -166 ) (-6144 -1024 -166 ) (-5928 -1024 -166 ) (-5928 -2048 -166 ) 
4 1529 1535 (-6144 -1024 -166 ) (-6144 -1024 -232 ) (-6144 -2048 -232 ) (-6144 -2048 -166 ) 
4 1529 1534 (-5120 -2048 -232 ) (-5120 -2048 -166 ) (-6144 -2048 -166 ) (-6144 -2048 -232 ) 
4 1530 1555 (-5120 -3072 0 ) (-5120 -3072 632 ) (-6144 -3072 632 ) (-6144 -3072 0 ) 
4 1530 1536 (-6144 -3072 0 ) (-6144 -3072 632 ) (-6144 -2048 632 ) (-6144 -2048 0 ) 
4 1530 1532 (-5632 -3072 0 ) (-6144 -3072 0 ) (-6144 -2048 0 ) (-5632 -2048 0 ) 
4 1530 1531 (-5120 -3072 0 ) (-5632 -3072 0 ) (-5632 -2048 0 ) (-5120 -2048 0 ) 
4 1531 1556 (-5120 -3072 -120 ) (-5120 -3072 0 ) (-5632 -3072 0 ) (-5632 -3072 -120 ) 
4 1531 1532 (-5632 -2048 -120 ) (-5632 -3072 -120 ) (-5632 -3072 0 ) (-5632 -2048 0 ) 
4 1532 1557 (-5632 -3072 0 ) (-6144 -3072 0 ) (-6144 -3072 -120 ) (-5632 -3072 -120 ) 
4 1532 1536 (-6144 -3072 -120 ) (-6144 -3072 0 ) (-6144 -2048 0 ) (-6144 -2048 -120 ) 
4 1532 1533 (-5928 -3072 -120 ) (-6144 -3072 -120 ) (-6144 -2048 -120 ) (-5928 -2048 -120 ) 
4 1533 1558 (-5928 -3072 -120 ) (-6144 -3072 -120 ) (-6144 -3072 -166 ) (-5928 -3072 -166 ) 
4 1533 1536 (-6144 -3072 -166 ) (-6144 -3072 -120 ) (-6144 -2048 -120 ) (-6144 -2048 -166 ) 
4 1533 1534 (-5928 -3072 -166 ) (-6144 -3072 -166 ) (-6144 -2048 -166 ) (-5928 -2048 -166 ) 
4 1534 1559 (-5120 -3072 -232 ) (-5120 -3072 -166 ) (-6144 -3072 -166 ) (-6144 -3072 -232 ) 
4 1534 1536 (-6144 -3072 -232 ) (-6144 -3072 -166 ) (-6144 -2048 -166 ) (-6144 -2048 -232 ) 
4 1535 1536 (-6144 -2048 -232 ) (-6144 -2048 632 ) (-6152 -2048 632 ) (-6152 -2048 -232 ) 
4 1536 1567 (-6144 -3072 -232 ) (-6144 -3072 632 ) (-6152 -3072 632 ) (-6152 -3072 -232 ) 
4 1537 1543 (-3072 -4096 0 ) (-3072 -4096 632 ) (-4096 -4096 632 ) (-4096 -4096 0 ) 
4 1537 1540 (-4096 -4096 0 ) (-4096 -4096 632 ) (-4096 -3072 632 ) (-4096 -3072 0 ) 
4 1537 1538 (-3072 -4096 0 ) (-4096 -4096 0 ) (-4096 -3072 0 ) (-3072 -3072 0 ) 
4 1538 1544 (-3072 -4096 -120 ) (-3072 -4096 0 ) (-4096 -4096 0 ) (-4096 -4096 -120 ) 
4 1538 1541 (-4096 -4096 -120 ) (-4096 -4096 0 ) (-4096 -3072 0 ) (-4096 -3072 -120 ) 
4 1539 1547 (-3072 -4096 -232 ) (-3072 -4096 -166 ) (-4096 -4096 -166 ) (-4096 -4096 -232 ) 
4 1539 1542 (-4096 -4096 -232 ) (-4096 -4096 -166 ) (-4096 -3072 -166 ) (-4096 -3072 -232 ) 
4 1540 1555 (-5120 -3072 632 ) (-5120 -3072 0 ) (-5120 -4096 0 ) (-5120 -4096 632 ) 
4 1540 1548 (-5120 -4096 632 ) (-5120 -4096 0 ) (-4096 -4096 0 ) (-4096 -4096 632 ) 
4 1540 1541 (-4096 -3072 0 ) (-4096 -4096 0 ) (-5120 -4096 0 ) (-5120 -3072 0 ) 
4 1541 1556 (-5120 -3072 0 ) (-5120 -3072 -120 ) (-5120 -4096 -120 ) (-5120 -4096 0 ) 
4 1541 1549 (-5120 -4096 0 ) (-5120 -4096 -120 ) (-4096 -4096 -120 ) (-4096 -4096 0 ) 
4 1542 1559 (-5120 -3072 -166 ) (-5120 -3072 -232 ) (-5120 -4096 -232 ) (-5120 -4096 -166 ) 
4 1542 1552 (-5120 -4096 -166 ) (-5120 -4096 -232 ) (-4096 -4096 -232 ) (-4096 -4096 -166 ) 
4 1543 1553 (-3072 -5120 0 ) (-3072 -5120 632 ) (-4096 -5120 632 ) (-4096 -5120 0 ) 
4 1543 1548 (-4096 -4096 632 ) (-4096 -4096 0 ) (-4096 -5120 0 ) (-4096 -5120 632 ) 
4 1543 1545 (-3072 -4944 0 ) (-3072 -5120 0 ) (-4096 -5120 0 ) (-4096 -4944 0 ) 
4 1543 1544 (-4096 -4096 0 ) (-3072 -4096 0 ) (-3072 -4944 0 ) (-4096 -4944 0 ) 
4 1544 1549 (-4096 -4096 0 ) (-4096 -4096 -120 ) (-4096 -4944 -120 ) (-4096 -4944 0 ) 
4 1544 1545 (-4096 -4944 -120 ) (-3072 -4944 -120 ) (-3072 -4944 0 ) (-4096 -4944 0 ) 
4 1545 1553 (-3072 -5120 -120 ) (-3072 -5120 0 ) (-4096 -5120 0 ) (-4096 -5120 -120 ) 
4 1545 1550 (-4096 -4944 -120 ) (-4096 -5120 -120 ) (-4096 -5120 0 ) (-4096 -4944 0 ) 
4 1545 1546 (-3072 -5120 -120 ) (-4096 -5120 -120 ) (-4096 -4944 -120 ) (-3072 -4944 -120 ) 
4 1546 1553 (-3072 -5120 -166 ) (-3072 -5120 -120 ) (-4096 -5120 -120 ) (-4096 -5120 -166 ) 
4 1546 1551 (-4096 -4944 -166 ) (-4096 -5120 -166 ) (-4096 -5120 -120 ) (-4096 -4944 -120 ) 
4 1546 1547 (-3072 -4944 -166 ) (-3072 -5120 -166 ) (-4096 -5120 -166 ) (-4096 -4944 -166 ) 
4 1547 1553 (-3072 -5120 -232 ) (-3072 -5120 -166 ) (-4096 -5120 -166 ) (-4096 -5120 -232 ) 
4 1547 1552 (-4096 -4096 -166 ) (-4096 -4096 -232 ) (-4096 -5120 -232 ) (-4096 -5120 -166 ) 
4 1548 1560 (-5120 -5120 0 ) (-5120 -5120 632 ) (-5120 -4096 632 ) (-5120 -4096 0 ) 
4 1548 1554 (-4096 -5120 0 ) (-4096 -5120 632 ) (-5120 -5120 632 ) (-5120 -5120 0 ) 
4 1548 1550 (-5120 -5120 0 ) (-5120 -4944 0 ) (-4096 -4944 0 ) (-4096 -5120 0 ) 
4 1548 1549 (-5120 -4944 0 ) (-5120 -4096 0 ) (-4096 -4096 0 ) (-4096 -4944 0 ) 
4 1549 1561 (-5120 -4944 0 ) (-5120 -4096 0 ) (-5120 -4096 -120 ) (-5120 -4944 -120 ) 
4 1549 1550 (-5120 -4944 -120 ) (-4096 -4944 -120 ) (-4096 -4944 0 ) (-5120 -4944 0 ) 
4 1550 1562 (-5120 -5120 -120 ) (-5120 -5120 0 ) (-5120 -4944 0 ) (-5120 -4944 -120 ) 
4 1550 1554 (-4096 -5120 -120 ) (-4096 -5120 0 ) (-5120 -5120 0 ) (-5120 -5120 -120 ) 
4 1550 1551 (-4096 -5120 -120 ) (-5120 -5120 -120 ) (-5120 -4944 -120 ) (-4096 -4944 -120 ) 
4 1551 1564 (-5120 -5120 -166 ) (-5120 -5120 -120 ) (-5120 -4944 -120 ) (-5120 -4944 -166 ) 
4 1551 1554 (-4096 -5120 -166 ) (-4096 -5120 -120 ) (-5120 -5120 -120 ) (-5120 -5120 -166 ) 
4 1551 1552 (-5120 -5120 -166 ) (-5120 -4944 -166 ) (-4096 -4944 -166 ) (-4096 -5120 -166 ) 
4 1552 1566 (-5120 -5120 -232 ) (-5120 -5120 -166 ) (-5120 -4096 -166 ) (-5120 -4096 -232 ) 
4 1552 1554 (-4096 -5120 -232 ) (-4096 -5120 -166 ) (-5120 -5120 -166 ) (-5120 -5120 -232 ) 
4 1553 1554 (-4096 -5336 632 ) (-4096 -5120 632 ) (-4096 -5120 -232 ) (-4096 -5336 -232 ) 
4 1554 1569 (-5120 -5336 632 ) (-5120 -5120 632 ) (-5120 -5120 -232 ) (-5120 -5336 -232 ) 
4 1555 1567 (-6144 -3072 632 ) (-6144 -3072 0 ) (-6144 -4096 0 ) (-6144 -4096 632 ) 
4 1555 1560 (-5120 -4096 0 ) (-5120 -4096 632 ) (-6144 -4096 632 ) (-6144 -4096 0 ) 
4 1555 1557 (-6144 -4096 0 ) (-6144 -3072 0 ) (-5632 -3072 0 ) (-5632 -4096 0 ) 
4 1555 1556 (-5632 -3072 0 ) (-5120 -3072 0 ) (-5120 -4096 0 ) (-5632 -4096 0 ) 
4 1556 1561 (-5120 -4096 -120 ) (-5120 -4096 0 ) (-5632 -4096 0 ) (-5632 -4096 -120 ) 
4 1556 1557 (-5632 -3072 -120 ) (-5632 -4096 -120 ) (-5632 -4096 0 ) (-5632 -3072 0 ) 
4 1557 1567 (-6144 -3072 0 ) (-6144 -3072 -120 ) (-6144 -4096 -120 ) (-6144 -4096 0 ) 
4 1557 1563 (-5632 -4096 0 ) (-6144 -4096 0 ) (-6144 -4096 -120 ) (-5632 -4096 -120 ) 
4 1557 1558 (-5928 -4096 -120 ) (-6144 -4096 -120 ) (-6144 -3072 -120 ) (-5928 -3072 -120 ) 
4 1558 1567 (-6144 -3072 -120 ) (-6144 -3072 -166 ) (-6144 -4096 -166 ) (-6144 -4096 -120 ) 
4 1558 1565 (-5928 -4096 -120 ) (-6144 -4096 -120 ) (-6144 -4096 -166 ) (-5928 -4096 -166 ) 
4 1558 1559 (-6144 -4096 -166 ) (-6144 -3072 -166 ) (-5928 -3072 -166 ) (-5928 -4096 -166 ) 
4 1559 1567 (-6144 -3072 -166 ) (-6144 -3072 -232 ) (-6144 -4096 -232 ) (-6144 -4096 -166 ) 
4 1559 1566 (-5120 -4096 -232 ) (-5120 -4096 -166 ) (-6144 -4096 -166 ) (-6144 -4096 -232 ) 
4 1560 1569 (-5120 -5120 0 ) (-5120 -5120 632 ) (-6144 -5120 632 ) (-6144 -5120 0 ) 
4 1560 1568 (-6144 -5120 0 ) (-6144 -5120 632 ) (-6144 -4096 632 ) (-6144 -4096 0 ) 
4 1560 1562 (-5120 -4944 0 ) (-5120 -5120 0 ) (-5632 -5120 0 ) (-5632 -4944 0 ) 
4 1560 1561 (-5632 -4096 0 ) (-5120 -4096 0 ) (-5120 -4944 0 ) (-5632 -4944 0 ) 
4 1560 1563 (-6144 -5120 0 ) (-6144 -4096 0 ) (-5632 -4096 0 ) (-5632 -5120 0 ) 
4 1561 1563 (-5632 -4096 -120 ) (-5632 -4944 -120 ) (-5632 -4944 0 ) (-5632 -4096 0 ) 
4 1561 1562 (-5632 -4944 0 ) (-5632 -4944 -120 ) (-5120 -4944 -120 ) (-5120 -4944 0 ) 
4 1562 1569 (-5120 -5120 -120 ) (-5120 -5120 0 ) (-5632 -5120 0 ) (-5632 -5120 -120 ) 
4 1562 1564 (-5120 -5120 -120 ) (-5632 -5120 -120 ) (-5632 -4944 -120 ) (-5120 -4944 -120 ) 
4 1562 1563 (-5632 -4944 -120 ) (-5632 -5120 -120 ) (-5632 -5120 0 ) (-5632 -4944 0 ) 
4 1563 1569 (-5632 -5120 0 ) (-6144 -5120 0 ) (-6144 -5120 -120 ) (-5632 -5120 -120 ) 
4 1563 1568 (-6144 -5120 -120 ) (-6144 -5120 0 ) (-6144 -4096 0 ) (-6144 -4096 -120 ) 
4 1563 1564 (-5632 -5120 -120 ) (-5928 -5120 -120 ) (-5928 -4944 -120 ) (-5632 -4944 -120 ) 
4 1563 1565 (-5928 -5120 -120 ) (-6144 -5120 -120 ) (-6144 -4096 -120 ) (-5928 -4096 -120 ) 
4 1564 1569 (-5120 -5120 -166 ) (-5120 -5120 -120 ) (-5928 -5120 -120 ) (-5928 -5120 -166 ) 
4 1564 1566 (-5120 -4944 -166 ) (-5120 -5120 -166 ) (-5928 -5120 -166 ) (-5928 -4944 -166 ) 
4 1564 1565 (-5928 -4944 -166 ) (-5928 -5120 -166 ) (-5928 -5120 -120 ) (-5928 -4944 -120 ) 
4 1565 1569 (-5928 -5120 -120 ) (-6144 -5120 -120 ) (-6144 -5120 -166 ) (-5928 -5120 -166 ) 
4 1565 1568 (-6144 -5120 -166 ) (-6144 -5120 -120 ) (-6144 -4096 -120 ) (-6144 -4096 -166 ) 
4 1565 1566 (-6144 -5120 -166 ) (-6144 -4096 -166 ) (-5928 -4096 -166 ) (-5928 -5120 -166 ) 
4 1566 1569 (-5120 -5120 -232 ) (-5120 -5120 -166 ) (-6144 -5120 -166 ) (-6144 -5120 -232 ) 
4 1566 1568 (-6144 -5120 -232 ) (-6144 -5120 -166 ) (-6144 -4096 -166 ) (-6144 -4096 -232 ) 
4 1567 1568 (-6144 -4096 -232 ) (-6144 -4096 632 ) (-6152 -4096 632 ) (-6152 -4096 -232 ) 
4 1568 1570 (-6144 -5120 -232 ) (-6144 -5120 632 ) (-6152 -5120 632 ) (-6152 -5120 -232 ) 
4 1569 1570 (-6144 -5120 632 ) (-6144 -5120 -232 ) (-6144 -5336 -232 ) (-6144 -5336 632 ) 
