PRT1
1166
4069
4 0 5 (4216 4096 696 ) (4096 4096 696 ) (4096 4096 -248 ) (4216 4096 -248 ) 
4 0 4 (4096 4096 -248 ) (4096 4096 -166 ) (4096 4736 -166 ) (4096 4736 -248 ) 
4 0 3 (4096 4096 -120 ) (4096 4096 0 ) (4096 4736 0 ) (4096 4736 -120 ) 
4 0 2 (4096 4736 0 ) (4096 4856 0 ) (4096 4856 -248 ) (4096 4736 -248 ) 
4 0 1 (4096 4096 0 ) (4096 4096 696 ) (4096 4856 696 ) (4096 4856 0 ) 
4 1 17 (3072 4096 0 ) (3072 4096 696 ) (3072 4856 696 ) (3072 4856 0 ) 
4 1 6 (4096 4096 0 ) (4096 4096 696 ) (3072 4096 696 ) (3072 4096 0 ) 
4 1 3 (4096 4736 0 ) (4096 4096 0 ) (3072 4096 0 ) (3072 4736 0 ) 
4 1 2 (4096 4856 0 ) (4096 4736 0 ) (3072 4736 0 ) (3072 4856 0 ) 
4 2 18 (3072 4736 0 ) (3072 4856 0 ) (3072 4856 -248 ) (3072 4736 -248 ) 
4 2 4 (3072 4736 -248 ) (4096 4736 -248 ) (4096 4736 -166 ) (3072 4736 -166 ) 
4 2 3 (4096 4736 -120 ) (4096 4736 0 ) (3072 4736 0 ) (3072 4736 -120 ) 
4 3 19 (3072 4096 -120 ) (3072 4096 0 ) (3072 4736 0 ) (3072 4736 -120 ) 
4 3 7 (4096 4096 -120 ) (4096 4096 0 ) (3072 4096 0 ) (3072 4096 -120 ) 
4 4 20 (3072 4096 -248 ) (3072 4096 -166 ) (3072 4736 -166 ) (3072 4736 -248 ) 
4 4 8 (4096 4096 -248 ) (4096 4096 -166 ) (3072 4096 -166 ) (3072 4096 -248 ) 
4 5 9 (4216 3072 696 ) (4096 3072 696 ) (4096 3072 -248 ) (4216 3072 -248 ) 
4 5 8 (4096 4096 -166 ) (4096 4096 -248 ) (4096 3072 -248 ) (4096 3072 -166 ) 
4 5 7 (4096 4096 0 ) (4096 4096 -120 ) (4096 3072 -120 ) (4096 3072 0 ) 
4 5 6 (4096 4096 696 ) (4096 4096 0 ) (4096 3072 0 ) (4096 3072 696 ) 
4 6 29 (3072 3072 0 ) (3072 3072 696 ) (3072 4096 696 ) (3072 4096 0 ) 
4 6 10 (3072 3072 696 ) (3072 3072 0 ) (4096 3072 0 ) (4096 3072 696 ) 
4 6 7 (3072 3072 0 ) (3072 4096 0 ) (4096 4096 0 ) (4096 3072 0 ) 
4 7 30 (3072 3072 -120 ) (3072 3072 0 ) (3072 4096 0 ) (3072 4096 -120 ) 
4 7 11 (3072 3072 0 ) (3072 3072 -120 ) (4096 3072 -120 ) (4096 3072 0 ) 
4 8 31 (3072 3072 -248 ) (3072 3072 -166 ) (3072 4096 -166 ) (3072 4096 -248 ) 
4 8 12 (3072 3072 -166 ) (3072 3072 -248 ) (4096 3072 -248 ) (4096 3072 -166 ) 
4 9 13 (4216 2048 696 ) (4096 2048 696 ) (4096 2048 -248 ) (4216 2048 -248 ) 
4 9 12 (4096 3072 -166 ) (4096 3072 -248 ) (4096 2048 -248 ) (4096 2048 -166 ) 
4 9 11 (4096 3072 0 ) (4096 3072 -120 ) (4096 2048 -120 ) (4096 2048 0 ) 
4 9 10 (4096 3072 696 ) (4096 3072 0 ) (4096 2048 0 ) (4096 2048 696 ) 
4 10 41 (3072 2048 0 ) (3072 2048 696 ) (3072 3072 696 ) (3072 3072 0 ) 
4 10 14 (3072 2048 696 ) (3072 2048 0 ) (4096 2048 0 ) (4096 2048 696 ) 
4 10 11 (4096 3072 0 ) (4096 2048 0 ) (3072 2048 0 ) (3072 3072 0 ) 
4 11 42 (3072 2048 -120 ) (3072 2048 0 ) (3072 3072 0 ) (3072 3072 -120 ) 
4 11 15 (3072 2048 0 ) (3072 2048 -120 ) (4096 2048 -120 ) (4096 2048 0 ) 
4 12 43 (3072 2048 -248 ) (3072 2048 -166 ) (3072 3072 -166 ) (3072 3072 -248 ) 
4 12 16 (3072 2048 -166 ) (3072 2048 -248 ) (4096 2048 -248 ) (4096 2048 -166 ) 
4 13 109 (4216 1024 696 ) (4096 1024 696 ) (4096 1024 -248 ) (4216 1024 -248 ) 
4 13 16 (4096 2048 -166 ) (4096 2048 -248 ) (4096 1024 -248 ) (4096 1024 -166 ) 
4 13 15 (4096 2048 0 ) (4096 2048 -120 ) (4096 1024 -120 ) (4096 1024 0 ) 
4 13 14 (4096 2048 696 ) (4096 2048 0 ) (4096 1024 0 ) (4096 1024 696 ) 
4 14 110 (4096 1024 0 ) (4096 1024 696 ) (3072 1024 696 ) (3072 1024 0 ) 
4 14 44 (3072 1024 0 ) (3072 1024 696 ) (3072 2048 696 ) (3072 2048 0 ) 
4 14 15 (3072 1024 0 ) (3072 2048 0 ) (4096 2048 0 ) (4096 1024 0 ) 
4 15 111 (4096 1024 -120 ) (4096 1024 0 ) (3072 1024 0 ) (3072 1024 -120 ) 
4 15 45 (3072 1024 -120 ) (3072 1024 0 ) (3072 2048 0 ) (3072 2048 -120 ) 
4 16 112 (4096 1024 -248 ) (4096 1024 -166 ) (3072 1024 -166 ) (3072 1024 -248 ) 
4 16 46 (3072 1024 -248 ) (3072 1024 -166 ) (3072 2048 -166 ) (3072 2048 -248 ) 
4 17 29 (3072 4096 0 ) (3072 4096 696 ) (2048 4096 696 ) (2048 4096 0 ) 
4 17 21 (2048 4096 0 ) (2048 4096 696 ) (2048 4856 696 ) (2048 4856 0 ) 
4 17 19 (2048 4096 0 ) (2048 4736 0 ) (3072 4736 0 ) (3072 4096 0 ) 
4 17 18 (2048 4736 0 ) (2048 4856 0 ) (3072 4856 0 ) (3072 4736 0 ) 
4 18 22 (2048 4736 0 ) (2048 4856 0 ) (2048 4856 -248 ) (2048 4736 -248 ) 
4 18 20 (2048 4736 -248 ) (3072 4736 -248 ) (3072 4736 -166 ) (2048 4736 -166 ) 
4 18 19 (3072 4736 -120 ) (3072 4736 0 ) (2048 4736 0 ) (2048 4736 -120 ) 
4 19 30 (3072 4096 -120 ) (3072 4096 0 ) (2048 4096 0 ) (2048 4096 -120 ) 
4 19 23 (2048 4096 -120 ) (2048 4096 0 ) (2048 4736 0 ) (2048 4736 -120 ) 
4 20 31 (3072 4096 -248 ) (3072 4096 -166 ) (2048 4096 -166 ) (2048 4096 -248 ) 
4 20 24 (2048 4096 -248 ) (2048 4096 -166 ) (2048 4736 -166 ) (2048 4736 -248 ) 
4 21 32 (2048 4096 0 ) (2048 4096 696 ) (1024 4096 696 ) (1024 4096 0 ) 
4 21 25 (1024 4096 0 ) (1024 4096 696 ) (1024 4856 696 ) (1024 4856 0 ) 
4 21 23 (2048 4736 0 ) (2048 4096 0 ) (1024 4096 0 ) (1024 4736 0 ) 
4 21 22 (2048 4856 0 ) (2048 4736 0 ) (1024 4736 0 ) (1024 4856 0 ) 
4 22 26 (1024 4736 0 ) (1024 4856 0 ) (1024 4856 -248 ) (1024 4736 -248 ) 
4 22 24 (1024 4736 -248 ) (2048 4736 -248 ) (2048 4736 -166 ) (1024 4736 -166 ) 
4 22 23 (2048 4736 -120 ) (2048 4736 0 ) (1024 4736 0 ) (1024 4736 -120 ) 
4 23 33 (2048 4096 -120 ) (2048 4096 0 ) (1024 4096 0 ) (1024 4096 -120 ) 
4 23 27 (1024 4096 -120 ) (1024 4096 0 ) (1024 4736 0 ) (1024 4736 -120 ) 
4 24 34 (2048 4096 -248 ) (2048 4096 -166 ) (1024 4096 -166 ) (1024 4096 -248 ) 
4 24 28 (1024 4096 -248 ) (1024 4096 -166 ) (1024 4736 -166 ) (1024 4736 -248 ) 
4 25 799 (0 4096 0 ) (0 4096 696 ) (0 4856 696 ) (0 4856 0 ) 
4 25 36 (352 4096 696 ) (0 4096 696 ) (0 4096 0 ) (352 4096 0 ) 
4 25 35 (1024 4096 0 ) (1024 4096 696 ) (352 4096 696 ) (352 4096 0 ) 
4 25 27 (1024 4736 0 ) (1024 4096 0 ) (0 4096 0 ) (0 4736 0 ) 
4 25 26 (1024 4856 0 ) (1024 4736 0 ) (0 4736 0 ) (0 4856 0 ) 
4 26 800 (0 4736 0 ) (0 4856 0 ) (0 4856 -248 ) (0 4736 -248 ) 
4 26 28 (0 4736 -248 ) (1024 4736 -248 ) (1024 4736 -166 ) (0 4736 -166 ) 
4 26 27 (1024 4736 -120 ) (1024 4736 0 ) (0 4736 0 ) (0 4736 -120 ) 
4 27 801 (0 4096 -120 ) (0 4096 0 ) (0 4736 0 ) (0 4736 -120 ) 
4 27 39 (1024 4096 -120 ) (1024 4096 0 ) (0 4096 0 ) (0 4096 -120 ) 
4 28 802 (0 4096 -248 ) (0 4096 -166 ) (0 4736 -166 ) (0 4736 -248 ) 
4 28 40 (1024 4096 -248 ) (1024 4096 -166 ) (0 4096 -166 ) (0 4096 -248 ) 
4 29 41 (3072 3072 0 ) (3072 3072 696 ) (2048 3072 696 ) (2048 3072 0 ) 
4 29 32 (2048 3072 0 ) (2048 3072 696 ) (2048 4096 696 ) (2048 4096 0 ) 
4 29 30 (3072 3072 0 ) (2048 3072 0 ) (2048 4096 0 ) (3072 4096 0 ) 
4 30 42 (3072 3072 -120 ) (3072 3072 0 ) (2048 3072 0 ) (2048 3072 -120 ) 
4 30 33 (2048 3072 -120 ) (2048 3072 0 ) (2048 4096 0 ) (2048 4096 -120 ) 
4 31 43 (3072 3072 -248 ) (3072 3072 -166 ) (2048 3072 -166 ) (2048 3072 -248 ) 
4 31 34 (2048 3072 -248 ) (2048 3072 -166 ) (2048 4096 -166 ) (2048 4096 -248 ) 
4 32 47 (2048 3072 0 ) (2048 3072 696 ) (1024 3072 696 ) (1024 3072 0 ) 
4 32 35 (1024 4096 696 ) (1024 4096 0 ) (1024 3072 0 ) (1024 3072 696 ) 
4 32 33 (2048 3072 0 ) (1024 3072 0 ) (1024 4096 0 ) (2048 4096 0 ) 
4 33 48 (2048 3072 -120 ) (2048 3072 0 ) (1024 3072 0 ) (1024 3072 -120 ) 
4 33 39 (1024 4096 0 ) (1024 4096 -120 ) (1024 3072 -120 ) (1024 3072 0 ) 
4 34 49 (2048 3072 -248 ) (2048 3072 -166 ) (1024 3072 -166 ) (1024 3072 -248 ) 
4 34 40 (1024 4096 -166 ) (1024 4096 -248 ) (1024 3072 -248 ) (1024 3072 -166 ) 
4 35 61 (352 3072 0 ) (1024 3072 0 ) (1024 3072 88 ) (352 3072 88 ) 
4 35 54 (873 3072 264 ) (352 3072 264 ) (352 3072 88 ) (873 3072 88 ) 
4 35 53 (1024 3072 88 ) (1024 3072 264 ) (873 3072 264 ) (873 3072 88 ) 
4 35 50 (1024 3072 264 ) (1024 3072 696 ) (352 3072 696 ) (352 3072 264 ) 
4 35 39 (352 4096 0 ) (1024 4096 0 ) (1024 3072 0 ) (352 3072 0 ) 
4 35 37 (352 3072 288 ) (352 3072 696 ) (352 4064 696 ) (352 4064 288 ) 
4 35 38 (352 4064 0 ) (352 3072 0 ) (352 3072 280 ) (352 4064 280 ) 
4 35 36 (352 4096 0 ) (352 4064 0 ) (352 4064 696 ) (352 4096 696 ) 
4 36 811 (0 4064 696 ) (0 4096 696 ) (0 4096 0 ) (0 4064 0 ) 
4 36 39 (0 4064 0 ) (0 4096 0 ) (352 4096 0 ) (352 4064 0 ) 
4 36 37 (352 4064 288 ) (352 4064 696 ) (0 4064 696 ) (0 4064 288 ) 
4 36 38 (0 4064 0 ) (352 4064 0 ) (352 4064 280 ) (0 4064 280 ) 
4 37 812 (0 3072 288 ) (0 3072 696 ) (0 4064 696 ) (0 4064 288 ) 
4 37 51 (0 3072 696 ) (0 3072 288 ) (352 3072 288 ) (352 3072 696 ) 
4 38 813 (0 3072 0 ) (0 3072 280 ) (0 4064 280 ) (0 4064 0 ) 
4 38 61 (0 3072 88 ) (0 3072 0 ) (352 3072 0 ) (352 3072 88 ) 
4 38 54 (268 3072 88 ) (352 3072 88 ) (352 3072 264 ) (268 3072 264 ) 
4 38 55 (0 3072 264 ) (0 3072 88 ) (268 3072 88 ) (268 3072 264 ) 
4 38 52 (0 3072 280 ) (0 3072 264 ) (352 3072 264 ) (352 3072 280 ) 
4 38 39 (0 3072 0 ) (0 4064 0 ) (352 4064 0 ) (352 3072 0 ) 
4 39 815 (0 3072 -120 ) (0 3072 0 ) (0 4096 0 ) (0 4096 -120 ) 
4 39 67 (0 3072 0 ) (0 3072 -120 ) (1024 3072 -120 ) (1024 3072 0 ) 
4 40 816 (0 3072 -248 ) (0 3072 -166 ) (0 4096 -166 ) (0 4096 -248 ) 
4 40 68 (0 3072 -166 ) (0 3072 -248 ) (1024 3072 -248 ) (1024 3072 -166 ) 
4 41 47 (2048 3072 696 ) (2048 3072 0 ) (2048 2048 0 ) (2048 2048 696 ) 
4 41 44 (3072 2048 0 ) (3072 2048 696 ) (2048 2048 696 ) (2048 2048 0 ) 
4 41 42 (2048 2048 0 ) (2048 3072 0 ) (3072 3072 0 ) (3072 2048 0 ) 
4 42 48 (2048 3072 0 ) (2048 3072 -120 ) (2048 2048 -120 ) (2048 2048 0 ) 
4 42 45 (3072 2048 -120 ) (3072 2048 0 ) (2048 2048 0 ) (2048 2048 -120 ) 
4 43 49 (2048 3072 -166 ) (2048 3072 -248 ) (2048 2048 -248 ) (2048 2048 -166 ) 
4 43 46 (3072 2048 -248 ) (3072 2048 -166 ) (2048 2048 -166 ) (2048 2048 -248 ) 
4 44 126 (3072 1024 0 ) (3072 1024 696 ) (2048 1024 696 ) (2048 1024 0 ) 
4 44 70 (2048 1024 0 ) (2048 1024 80 ) (2048 2048 80 ) (2048 2048 0 ) 
4 44 69 (2048 1024 80 ) (2048 1024 696 ) (2048 2048 696 ) (2048 2048 80 ) 
4 44 45 (2048 1024 0 ) (2048 2048 0 ) (3072 2048 0 ) (3072 1024 0 ) 
4 45 127 (3072 1024 -120 ) (3072 1024 0 ) (2048 1024 0 ) (2048 1024 -120 ) 
4 45 76 (2048 1024 -120 ) (2048 1024 0 ) (2048 2048 0 ) (2048 2048 -120 ) 
4 46 128 (3072 1024 -248 ) (3072 1024 -166 ) (2048 1024 -166 ) (2048 1024 -248 ) 
4 46 77 (2048 1024 -248 ) (2048 1024 -166 ) (2048 2048 -166 ) (2048 2048 -248 ) 
4 47 73 (1056 2048 80 ) (1024 2048 80 ) (1024 2048 0 ) (1056 2048 0 ) 
4 47 71 (1152 2048 80 ) (1056 2048 80 ) (1056 2048 0 ) (1152 2048 0 ) 
4 47 70 (2048 2048 0 ) (2048 2048 80 ) (1152 2048 80 ) (1152 2048 0 ) 
4 47 69 (2048 2048 80 ) (2048 2048 696 ) (1024 2048 696 ) (1024 2048 80 ) 
4 47 62 (1024 2072.010254 48 ) (1024 2072.010254 88 ) (1024 2080.010254 88 ) (1024 2080.010254 48 ) 
4 47 65 (1024 2080.010254 0 ) (1024 2072.010254 0 ) (1024 2072.010254 48 ) (1024 2080.010254 48 ) 
4 47 61 (1024 3072 88 ) (1024 3072 0 ) (1024 2080.010254 0 ) (1024 2080.010254 88 ) 
4 47 66 (1024 2072.010254 0 ) (1024 2048 0 ) (1024 2048 88 ) (1024 2072.010254 88 ) 
4 47 58 (1024 2072.010254 88 ) (1024 2048 88 ) (1024 2048 107 ) (1024 2072.010254 107 ) 
4 47 57 (1024 2048 107 ) (1024 2048 256 ) (1024 2072.010254 256 ) (1024 2072.010254 107 ) 
4 47 56 (1024 2048 256 ) (1024 2048 264 ) (1024 2072.010254 264 ) (1024 2072.010254 256 ) 
4 47 53 (1024 3072 264 ) (1024 3072 88 ) (1024 2072.010254 88 ) (1024 2072.010254 264 ) 
4 47 50 (1024 3072 696 ) (1024 3072 264 ) (1024 2048 264 ) (1024 2048 696 ) 
4 47 48 (2048 2048 0 ) (1024 2048 0 ) (1024 3072 0 ) (2048 3072 0 ) 
4 48 76 (2048 2048 -120 ) (2048 2048 0 ) (1024 2048 0 ) (1024 2048 -120 ) 
4 48 67 (1024 3072 0 ) (1024 3072 -120 ) (1024 2048 -120 ) (1024 2048 0 ) 
4 49 77 (2048 2048 -248 ) (2048 2048 -166 ) (1024 2048 -166 ) (1024 2048 -248 ) 
4 49 68 (1024 3072 -166 ) (1024 3072 -248 ) (1024 2048 -248 ) (1024 2048 -166 ) 
4 50 78 (352 2048 264 ) (1024 2048 264 ) (1024 2048 696 ) (352 2048 696 ) 
4 50 56 (1024 2072.010254 264 ) (1024 2048 264 ) (873 2048 264 ) (873 2072.010254 264 ) 
4 50 54 (352 2080.010254 264 ) (352 3072 264 ) (873 3072 264 ) (873 2080.010254 264 ) 
4 50 53 (1024 3072 264 ) (1024 2072.010254 264 ) (873 2072.010254 264 ) (873 3072 264 ) 
4 50 51 (352 2048 288 ) (352 2048 696 ) (352 3072 696 ) (352 3072 288 ) 
4 50 52 (352 3072 264 ) (352 2048 264 ) (352 2048 280 ) (352 3072 280 ) 
4 51 823 (0 2048 288 ) (0 2048 696 ) (0 3072 696 ) (0 3072 288 ) 
4 51 79 (0 2048 696 ) (0 2048 288 ) (352 2048 288 ) (352 2048 696 ) 
4 52 824 (0 2048 264 ) (0 2048 280 ) (0 3072 280 ) (0 3072 264 ) 
4 52 80 (0 2048 280 ) (0 2048 264 ) (352 2048 264 ) (352 2048 280 ) 
4 52 60 (268 2048 264 ) (0 2048 264 ) (0 2072.010254 264 ) (268 2072.010254 264 ) 
4 52 54 (268 3072 264 ) (352 3072 264 ) (352 2080.010254 264 ) (268 2080.010254 264 ) 
4 52 55 (0 2072.010254 264 ) (0 3072 264 ) (268 3072 264 ) (268 2072.010254 264 ) 
4 53 62 (1024 2080.010254 88 ) (1024 2072.010254 88 ) (873 2072.010254 88 ) (873 2080.010254 88 ) 
4 53 61 (873 3072 88 ) (1024 3072 88 ) (1024 2080.010254 88 ) (873 2080.010254 88 ) 
4 53 58 (873 2072.010254 88 ) (1024 2072.010254 88 ) (1024 2072.010254 107 ) (873 2072.010254 107 ) 
4 53 57 (1024 2072.010254 107 ) (1024 2072.010254 256 ) (873 2072.010254 256 ) (873 2072.010254 107 ) 
4 53 56 (1024 2072.010254 256 ) (1024 2072.010254 264 ) (873 2072.010254 264 ) (873 2072.010254 256 ) 
4 53 54 (873 3072 88 ) (873 2080.010254 88 ) (873 2080.010254 264 ) (873 3072 264 ) 
4 54 61 (268 3072 88 ) (873 3072 88 ) (873 2080.010254 88 ) (268 2080.010254 88 ) 
4 54 55 (268 3072 88 ) (268 2080.010254 88 ) (268 2080.010254 264 ) (268 3072 264 ) 
4 55 824 (0 2072.010254 264 ) (0 3072 264 ) (0 3072 88 ) (0 2072.010254 88 ) 
4 55 64 (0 2072.010254 88 ) (0 2080.010254 88 ) (268 2080.010254 88 ) (268 2072.010254 88 ) 
4 55 61 (0 2080.010254 88 ) (0 3072 88 ) (268 3072 88 ) (268 2080.010254 88 ) 
4 55 60 (0 2072.010254 88 ) (268 2072.010254 88 ) (268 2072.010254 264 ) (0 2072.010254 264 ) 
4 56 81 (1024 2048 256 ) (1024 2048 264 ) (873 2048 264 ) (873 2048 256 ) 
4 56 57 (1024 2048 256 ) (873 2048 256 ) (873 2072.010254 256 ) (1024 2072.010254 256 ) 
4 57 82 (873 2048 256 ) (284 2048 256 ) (284 2048 107 ) (873 2048 107 ) 
4 57 81 (1024 2048 107 ) (1024 2048 256 ) (873 2048 256 ) (873 2048 107 ) 
4 57 58 (873 2072.010254 107 ) (1024 2072.010254 107 ) (1024 2048 107 ) (873 2048 107 ) 
4 58 81 (873 2048 88 ) (1024 2048 88 ) (1024 2048 107 ) (873 2048 107 ) 
4 58 66 (1024 2048 88 ) (873 2048 88 ) (873 2072.010254 88 ) (1024 2072.010254 88 ) 
4 58 59 (873 2072.010254 99 ) (873 2072.010254 88 ) (873 2048 88 ) (873 2048 99 ) 
4 59 83 (268 2048 88 ) (873 2048 88 ) (873 2048 99 ) (268 2048 99 ) 
4 59 66 (873 2048 88 ) (268 2048 88 ) (268 2072.010254 88 ) (873 2072.010254 88 ) 
4 59 60 (268 2072.010254 99 ) (268 2072.010254 88 ) (268 2048 88 ) (268 2048 99 ) 
4 60 824 (0 2048 88 ) (0 2048 264 ) (0 2072.010254 264 ) (0 2072.010254 88 ) 
4 60 85 (0 2048 264 ) (0 2048 88 ) (268 2048 88 ) (268 2048 264 ) 
4 60 66 (268 2048 88 ) (0 2048 88 ) (0 2072.010254 88 ) (268 2072.010254 88 ) 
4 61 824 (0 2080.010254 88 ) (0 3072 88 ) (0 3072 0 ) (0 2080.010254 0 ) 
4 61 67 (1024 3072 0 ) (1024 2080.010254 0 ) (0 2080.010254 0 ) (0 3072 0 ) 
4 61 64 (296 2080.010254 88 ) (0 2080.010254 88 ) (0 2080.010254 48 ) (296 2080.010254 48 ) 
4 61 62 (1024 2080.010254 48 ) (1024 2080.010254 88 ) (862 2080.010254 88 ) (862 2080.010254 48 ) 
4 61 63 (854 2080.010254 88 ) (304 2080.010254 88 ) (304 2080.010254 48 ) (854 2080.010254 48 ) 
4 61 65 (0 2080.010254 0 ) (1024 2080.010254 0 ) (1024 2080.010254 48 ) (0 2080.010254 48 ) 
4 62 65 (1024 2072.010254 48 ) (862 2072.010254 48 ) (862 2080.010254 48 ) (1024 2080.010254 48 ) 
4 62 66 (1024 2072.010254 48 ) (1024 2072.010254 88 ) (862 2072.010254 88 ) (862 2072.010254 48 ) 
4 63 66 (854 2072.010254 88 ) (304 2072.010254 88 ) (304 2072.010254 48 ) (854 2072.010254 48 ) 
4 63 65 (854 2072.010254 48 ) (304 2072.010254 48 ) (304 2080.010254 48 ) (854 2080.010254 48 ) 
4 64 824 (0 2072.010254 88 ) (0 2080.010254 88 ) (0 2080.010254 48 ) (0 2072.010254 48 ) 
4 64 66 (296 2072.010254 88 ) (0 2072.010254 88 ) (0 2072.010254 48 ) (296 2072.010254 48 ) 
4 64 65 (296 2072.010254 48 ) (0 2072.010254 48 ) (0 2080.010254 48 ) (296 2080.010254 48 ) 
4 65 824 (0 2080.010254 48 ) (0 2080.010254 0 ) (0 2072.010254 0 ) (0 2072.010254 48 ) 
4 65 67 (1024 2080.010254 0 ) (1024 2072.010254 0 ) (0 2072.010254 0 ) (0 2080.010254 0 ) 
4 65 66 (0 2072.010254 0 ) (1024 2072.010254 0 ) (1024 2072.010254 48 ) (0 2072.010254 48 ) 
4 66 824 (0 2048 0 ) (0 2048 88 ) (0 2072.010254 88 ) (0 2072.010254 0 ) 
4 66 83 (268 2048 0 ) (873 2048 0 ) (873 2048 88 ) (268 2048 88 ) 
4 66 81 (873 2048 0 ) (1024 2048 0 ) (1024 2048 88 ) (873 2048 88 ) 
4 66 85 (0 2048 88 ) (0 2048 0 ) (268 2048 0 ) (268 2048 88 ) 
4 66 67 (1024 2072.010254 0 ) (1024 2048 0 ) (0 2048 0 ) (0 2072.010254 0 ) 
4 67 826 (0 2048 -120 ) (0 2048 0 ) (0 3072 0 ) (0 3072 -120 ) 
4 67 107 (0 2048 0 ) (0 2048 -120 ) (1024 2048 -120 ) (1024 2048 0 ) 
4 68 827 (0 2048 -248 ) (0 2048 -166 ) (0 3072 -166 ) (0 3072 -248 ) 
4 68 108 (0 2048 -166 ) (0 2048 -248 ) (1024 2048 -248 ) (1024 2048 -166 ) 
4 69 132 (2048 1024 80 ) (2048 1024 696 ) (1024 1024 696 ) (1024 1024 80 ) 
4 69 104 (1024 1200.010010 80 ) (1024 1024 80 ) (1024 1024 696 ) (1024 1200.010010 696 ) 
4 69 86 (1024 1776.010132 80 ) (1024 1200.010010 80 ) (1024 1200.010010 696 ) (1024 1776.010132 696 ) 
4 69 81 (1024 2048 264 ) (1024 2048 80 ) (1024 1776.010132 80 ) (1024 1776.010132 264 ) 
4 69 78 (1024 2048 696 ) (1024 2048 264 ) (1024 1776.010132 264 ) (1024 1776.010132 696 ) 
4 69 73 (1024 1544.010132 80 ) (1024 2048 80 ) (1056 2048 80 ) (1056 1544.010132 80 ) 
4 69 75 (1056 1024 80 ) (1024 1024 80 ) (1024 1448.010132 80 ) (1056 1448.010132 80 ) 
4 69 71 (1056 1544.010132 80 ) (1056 2048 80 ) (1152 2048 80 ) (1152 1544.010132 80 ) 
4 69 70 (2048 1024 80 ) (1152 1024 80 ) (1152 2048 80 ) (2048 2048 80 ) 
4 70 133 (2048 1024 64 ) (2048 1024 80 ) (1152 1024 80 ) (1152 1024 64 ) 
4 70 139 (2048 1024 0 ) (2048 1024 64 ) (1152 1024 64 ) (1152 1024 0 ) 
4 70 76 (1152 2048 0 ) (2048 2048 0 ) (2048 1024 0 ) (1152 1024 0 ) 
4 70 72 (1152 1544.010132 0 ) (1152 1024 0 ) (1152 1024 64 ) (1152 1544.010132 64 ) 
4 70 71 (1152 2048 0 ) (1152 1544.010132 0 ) (1152 1544.010132 80 ) (1152 2048 80 ) 
4 71 76 (1056 2048 0 ) (1152 2048 0 ) (1152 1544.010132 0 ) (1056 1544.010132 0 ) 
4 71 73 (1056 2048 0 ) (1056 1544.010132 0 ) (1056 1544.010132 80 ) (1056 2048 80 ) 
4 71 72 (1056 1544.010132 64 ) (1056 1544.010132 0 ) (1152 1544.010132 0 ) (1152 1544.010132 64 ) 
4 72 139 (1056 1024 64 ) (1056 1024 0 ) (1152 1024 0 ) (1152 1024 64 ) 
4 72 76 (1152 1544.010132 0 ) (1152 1024 0 ) (1056 1024 0 ) (1056 1544.010132 0 ) 
4 72 74 (1056 1544.010132 0 ) (1056 1448.010132 0 ) (1056 1448.010132 64 ) (1056 1544.010132 64 ) 
4 72 75 (1056 1448.010132 0 ) (1056 1024 0 ) (1056 1024 64 ) (1056 1448.010132 64 ) 
4 73 101 (1024 1776.010132 0 ) (1024 1544.010132 0 ) (1024 1544.010132 64 ) (1024 1776.010132 64 ) 
4 73 91 (1024 1544.010132 64 ) (1024 1544.010132 71 ) (1024 1776.010132 71 ) (1024 1776.010132 64 ) 
4 73 89 (1024 1544.010132 71 ) (1024 1544.010132 80 ) (1024 1776.010132 80 ) (1024 1776.010132 71 ) 
4 73 81 (1024 2048 80 ) (1024 2048 0 ) (1024 1776.010132 0 ) (1024 1776.010132 80 ) 
4 73 76 (1024 2048 0 ) (1056 2048 0 ) (1056 1544.010132 0 ) (1024 1544.010132 0 ) 
4 73 74 (1024 1544.010132 0 ) (1056 1544.010132 0 ) (1056 1544.010132 64 ) (1024 1544.010132 64 ) 
4 74 101 (1024 1544.010132 0 ) (1024 1448.010132 0 ) (1024 1448.010132 64 ) (1024 1544.010132 64 ) 
4 74 76 (1056 1544.010132 0 ) (1056 1448.010132 0 ) (1024 1448.010132 0 ) (1024 1544.010132 0 ) 
4 74 75 (1024 1448.010132 0 ) (1056 1448.010132 0 ) (1056 1448.010132 64 ) (1024 1448.010132 64 ) 
4 75 134 (1056 1024 80 ) (1024 1024 80 ) (1024 1024 64 ) (1056 1024 64 ) 
4 75 139 (1024 1024 64 ) (1024 1024 0 ) (1056 1024 0 ) (1056 1024 64 ) 
4 75 104 (1024 1200.010010 0 ) (1024 1024 0 ) (1024 1024 80 ) (1024 1200.010010 80 ) 
4 75 101 (1024 1448.010132 0 ) (1024 1200.010010 0 ) (1024 1200.010010 64 ) (1024 1448.010132 64 ) 
4 75 93 (1024 1200.010010 64 ) (1024 1200.010010 71 ) (1024 1448.010132 71 ) (1024 1448.010132 64 ) 
4 75 90 (1024 1200.010010 71 ) (1024 1200.010010 80 ) (1024 1448.010132 80 ) (1024 1448.010132 71 ) 
4 75 76 (1056 1448.010132 0 ) (1056 1024 0 ) (1024 1024 0 ) (1024 1448.010132 0 ) 
4 76 140 (2048 1024 -120 ) (2048 1024 0 ) (1024 1024 0 ) (1024 1024 -120 ) 
4 76 107 (1024 2048 0 ) (1024 2048 -120 ) (1024 1024 -120 ) (1024 1024 0 ) 
4 77 141 (2048 1024 -248 ) (2048 1024 -166 ) (1024 1024 -166 ) (1024 1024 -248 ) 
4 77 108 (1024 2048 -166 ) (1024 2048 -248 ) (1024 1024 -248 ) (1024 1024 -166 ) 
4 78 86 (1024 1776.010132 264 ) (1024 1776.010132 696 ) (352 1776.010132 696 ) (352 1776.010132 264 ) 
4 78 84 (873 1776.010132 264 ) (352 1776.010132 264 ) (352 2025.010132 264 ) (873 2025.010132 264 ) 
4 78 81 (1024 1776.010132 264 ) (873 1776.010132 264 ) (873 2048 264 ) (1024 2048 264 ) 
4 78 79 (352 1776.010132 288 ) (352 1776.010132 696 ) (352 2048 696 ) (352 2048 288 ) 
4 78 80 (352 2048 264 ) (352 1776.010132 264 ) (352 1776.010132 280 ) (352 2048 280 ) 
4 79 832 (0 2048 696 ) (0 2048 288 ) (0 1776.010132 288 ) (0 1776.010132 696 ) 
4 79 87 (352 1776.010132 696 ) (0 1776.010132 696 ) (0 1776.010132 288 ) (352 1776.010132 288 ) 
4 80 833 (0 2048 280 ) (0 2048 264 ) (0 1776.010132 264 ) (0 1776.010132 280 ) 
4 80 88 (0 1776.010132 280 ) (0 1776.010132 264 ) (352 1776.010132 264 ) (352 1776.010132 280 ) 
4 80 84 (352 1776.010132 264 ) (268 1776.010132 264 ) (268 2025.010132 264 ) (352 2025.010132 264 ) 
4 80 85 (268 1776.010132 264 ) (0 1776.010132 264 ) (0 2048 264 ) (268 2048 264 ) 
4 81 107 (873 2048 0 ) (1024 2048 0 ) (1024 1776.010132 0 ) (873 1776.010132 0 ) 
4 81 101 (873 1776.010132 0 ) (1024 1776.010132 0 ) (1024 1776.010132 64 ) (873 1776.010132 64 ) 
4 81 91 (1024 1776.010132 64 ) (1024 1776.010132 71 ) (873 1776.010132 71 ) (873 1776.010132 64 ) 
4 81 89 (1024 1776.010132 71 ) (1024 1776.010132 80 ) (873 1776.010132 80 ) (873 1776.010132 71 ) 
4 81 86 (1024 1776.010132 80 ) (1024 1776.010132 264 ) (873 1776.010132 264 ) (873 1776.010132 80 ) 
4 81 83 (873 2048 0 ) (873 2025.010132 0 ) (873 2025.010132 99 ) (873 2048 99 ) 
4 81 82 (873 2025.010132 107 ) (873 2025.010132 256 ) (873 2048 256 ) (873 2048 107 ) 
4 81 84 (873 2025.010132 0 ) (873 1776.010132 0 ) (873 1776.010132 264 ) (873 2025.010132 264 ) 
4 82 85 (268 2025.010132 107 ) (268 2025.010132 256 ) (268 2048 256 ) (268 2048 107 ) 
4 82 84 (268 2025.010132 256 ) (268 2025.010132 107 ) (873 2025.010132 107 ) (873 2025.010132 256 ) 
4 83 107 (268 2048 0 ) (873 2048 0 ) (873 2025.010132 0 ) (268 2025.010132 0 ) 
4 83 85 (268 2048 0 ) (268 2025.010132 0 ) (268 2025.010132 99 ) (268 2048 99 ) 
4 83 84 (268 2025.010132 99 ) (268 2025.010132 0 ) (873 2025.010132 0 ) (873 2025.010132 99 ) 
4 84 107 (873 2025.010132 0 ) (873 1776.010132 0 ) (268 1776.010132 0 ) (268 2025.010132 0 ) 
4 84 102 (400 1776.010132 0 ) (416 1776.010132 0 ) (416 1776.010132 63 ) (400 1776.010132 63 ) 
4 84 101 (416 1776.010132 0 ) (873 1776.010132 0 ) (873 1776.010132 64 ) (416 1776.010132 64 ) 
4 84 103 (268 1776.010132 0 ) (400 1776.010132 0 ) (400 1776.010132 64 ) (268 1776.010132 64 ) 
4 84 98 (762 1776.010132 71 ) (268 1776.010132 71 ) (268 1776.010132 64 ) (762 1776.010132 64 ) 
4 84 97 (762 1776.010132 65 ) (762 1776.010132 64 ) (768 1776.010132 64 ) (768 1776.010132 65 ) 
4 84 95 (768 1776.010132 67 ) (768 1776.010132 64 ) (770 1776.010132 64 ) (770 1776.010132 67 ) 
4 84 92 (770 1776.010132 65 ) (770 1776.010132 64 ) (776 1776.010132 64 ) (776 1776.010132 65 ) 
4 84 91 (873 1776.010132 64 ) (873 1776.010132 71 ) (776 1776.010132 71 ) (776 1776.010132 64 ) 
4 84 89 (873 1776.010132 71 ) (873 1776.010132 80 ) (268 1776.010132 80 ) (268 1776.010132 71 ) 
4 84 88 (352 1776.010132 264 ) (268 1776.010132 264 ) (268 1776.010132 80 ) (352 1776.010132 80 ) 
4 84 86 (873 1776.010132 80 ) (873 1776.010132 264 ) (352 1776.010132 264 ) (352 1776.010132 80 ) 
4 84 85 (268 2025.010132 0 ) (268 1776.010132 0 ) (268 1776.010132 264 ) (268 2025.010132 264 ) 
4 85 838 (0 2048 71.750046 ) (0 2048 0 ) (0 1776.010132 0 ) (0 1776.010132 71.750046 ) 
4 85 833 (0 2048 264 ) (0 2048 71.750046 ) (0 1776.010132 71.750046 ) (0 1776.010132 264 ) 
4 85 107 (0 1776.010132 0 ) (0 2048 0 ) (268 2048 0 ) (268 1776.010132 0 ) 
4 85 103 (0 1776.010132 0 ) (268 1776.010132 0 ) (268 1776.010132 64 ) (0 1776.010132 64 ) 
4 85 98 (268 1776.010132 64 ) (268 1776.010132 71 ) (0 1776.010132 71 ) (0 1776.010132 64 ) 
4 85 89 (268 1776.010132 71 ) (268 1776.010132 80 ) (0 1776.010132 80 ) (0 1776.010132 71 ) 
4 85 88 (268 1776.010132 80 ) (268 1776.010132 264 ) (0 1776.010132 264 ) (0 1776.010132 80 ) 
4 86 104 (352 1200.010010 80 ) (1024 1200.010010 80 ) (1024 1200.010010 696 ) (352 1200.010010 696 ) 
4 86 89 (352 1544.010132 80 ) (352 1776.010132 80 ) (1024 1776.010132 80 ) (1024 1544.010132 80 ) 
4 86 90 (1024 1200.010010 80 ) (352 1200.010010 80 ) (352 1448.010132 80 ) (1024 1448.010132 80 ) 
4 86 87 (352 1200.010010 288 ) (352 1200.010010 696 ) (352 1776.010132 696 ) (352 1776.010132 288 ) 
4 86 88 (352 1776.010132 80 ) (352 1200.010010 80 ) (352 1200.010010 280 ) (352 1776.010132 280 ) 
4 87 861 (0 1575.010132 288 ) (0 1200.010010 288 ) (0 1200.010010 696 ) (0 1575.010132 696 ) 
4 87 832 (0 1776.010132 696 ) (0 1776.010132 288 ) (0 1575.010132 288 ) (0 1575.010132 696 ) 
4 87 105 (0 1200.010010 696 ) (0 1200.010010 288 ) (352 1200.010010 288 ) (352 1200.010010 696 ) 
4 88 862 (0 1575.010132 80 ) (0 1200.010010 80 ) (0 1200.010010 280 ) (0 1575.010132 280 ) 
4 88 833 (0 1776.010132 280 ) (0 1776.010132 80 ) (0 1575.010132 80 ) (0 1575.010132 280 ) 
4 88 106 (0 1200.010010 280 ) (0 1200.010010 80 ) (352 1200.010010 80 ) (352 1200.010010 280 ) 
4 88 89 (0 1544.010132 80 ) (0 1776.010132 80 ) (352 1776.010132 80 ) (352 1544.010132 80 ) 
4 88 90 (352 1200.010010 80 ) (0 1200.010010 80 ) (0 1448.010132 80 ) (352 1448.010132 80 ) 
4 89 864 (0 1575.010132 71 ) (0 1544.010132 71 ) (0 1544.010132 80 ) (0 1575.010132 80 ) 
4 89 845 (0 1626.010132 71 ) (0 1575.010132 71 ) (0 1575.010132 71.750046 ) (0 1626.010132 71.750046 ) 
4 89 838 (0 1776.010132 71.750046 ) (0 1776.010132 71 ) (0 1626.010132 71 ) (0 1626.010132 71.750046 ) 
4 89 833 (0 1776.010132 80 ) (0 1776.010132 71.750046 ) (0 1575.010132 71.750046 ) (0 1575.010132 80 ) 
4 89 98 (0 1544.010132 71 ) (0 1776.010132 71 ) (762 1776.010132 71 ) (762 1544.010132 71 ) 
4 89 91 (776 1776.010132 71 ) (1024 1776.010132 71 ) (1024 1544.010132 71 ) (776 1544.010132 71 ) 
4 90 865 (0 1448.010132 71 ) (0 1200.010010 71 ) (0 1200.010010 80 ) (0 1448.010132 80 ) 
4 90 106 (0 1200.010010 80 ) (0 1200.010010 71 ) (352 1200.010010 71 ) (352 1200.010010 80 ) 
4 90 104 (352 1200.010010 71 ) (1024 1200.010010 71 ) (1024 1200.010010 80 ) (352 1200.010010 80 ) 
4 90 100 (762 1200.010010 71 ) (0 1200.010010 71 ) (0 1448.010132 71 ) (762 1448.010132 71 ) 
4 90 93 (1024 1200.010010 71 ) (776 1200.010010 71 ) (776 1448.010132 71 ) (1024 1448.010132 71 ) 
4 91 101 (776 1776.010132 64 ) (1024 1776.010132 64 ) (1024 1544.010132 64 ) (776 1544.010132 64 ) 
4 91 92 (776 1776.010132 64 ) (776 1544.010132 64 ) (776 1544.010132 65 ) (776 1776.010132 65 ) 
4 92 101 (770 1544.010132 64 ) (770 1776.010132 64 ) (776 1776.010132 64 ) (776 1544.010132 64 ) 
4 92 95 (770 1776.010132 64 ) (770 1544.010132 64 ) (770 1544.010132 65 ) (770 1776.010132 65 ) 
4 93 104 (776 1200.010010 64 ) (1024 1200.010010 64 ) (1024 1200.010010 71 ) (776 1200.010010 71 ) 
4 93 101 (1024 1200.010010 64 ) (776 1200.010010 64 ) (776 1448.010132 64 ) (1024 1448.010132 64 ) 
4 93 94 (776 1448.010132 65 ) (776 1448.010132 64 ) (776 1200.010010 64 ) (776 1200.010010 65 ) 
4 94 104 (770 1200.010010 64 ) (776 1200.010010 64 ) (776 1200.010010 65 ) (770 1200.010010 65 ) 
4 94 101 (776 1200.010010 64 ) (770 1200.010010 64 ) (770 1448.010132 64 ) (776 1448.010132 64 ) 
4 94 96 (770 1448.010132 64 ) (770 1200.010010 64 ) (770 1200.010010 65 ) (770 1448.010132 65 ) 
4 95 101 (768 1544.010132 64 ) (768 1776.010132 64 ) (770 1776.010132 64 ) (770 1544.010132 64 ) 
4 95 97 (768 1776.010132 64 ) (768 1544.010132 64 ) (768 1544.010132 65 ) (768 1776.010132 65 ) 
4 96 104 (768 1200.010010 64 ) (770 1200.010010 64 ) (770 1200.010010 67 ) (768 1200.010010 67 ) 
4 96 101 (770 1200.010010 64 ) (768 1200.010010 64 ) (768 1448.010132 64 ) (770 1448.010132 64 ) 
4 96 99 (768 1448.010132 64 ) (768 1200.010010 64 ) (768 1200.010010 65 ) (768 1448.010132 65 ) 
4 97 101 (762 1776.010132 64 ) (768 1776.010132 64 ) (768 1544.010132 64 ) (762 1544.010132 64 ) 
4 97 98 (762 1776.010132 64 ) (762 1544.010132 64 ) (762 1544.010132 65 ) (762 1776.010132 65 ) 
4 98 864 (0 1575.010132 64 ) (0 1544.010132 64 ) (0 1544.010132 71 ) (0 1575.010132 71 ) 
4 98 845 (0 1626.010132 64 ) (0 1575.010132 64 ) (0 1575.010132 71 ) (0 1626.010132 71 ) 
4 98 838 (0 1776.010132 71 ) (0 1776.010132 64 ) (0 1626.010132 64 ) (0 1626.010132 71 ) 
4 98 101 (416 1776.010132 64 ) (762 1776.010132 64 ) (762 1544.010132 64 ) (416 1544.010132 64 ) 
4 98 103 (0 1544.010132 64 ) (0 1776.010132 64 ) (400 1776.010132 64 ) (400 1544.010132 64 ) 
4 99 104 (762 1200.010010 64 ) (768 1200.010010 64 ) (768 1200.010010 65 ) (762 1200.010010 65 ) 
4 99 101 (768 1200.010010 64 ) (762 1200.010010 64 ) (762 1448.010132 64 ) (768 1448.010132 64 ) 
4 99 100 (762 1448.010132 65 ) (762 1448.010132 64 ) (762 1200.010010 64 ) (762 1200.010010 65 ) 
4 100 865 (0 1448.010132 64 ) (0 1200.010010 64 ) (0 1200.010010 71 ) (0 1448.010132 71 ) 
4 100 106 (0 1200.010010 71 ) (0 1200.010010 64 ) (352 1200.010010 64 ) (352 1200.010010 71 ) 
4 100 104 (352 1200.010010 64 ) (762 1200.010010 64 ) (762 1200.010010 71 ) (352 1200.010010 71 ) 
4 100 101 (762 1200.010010 64 ) (416 1200.010010 64 ) (416 1448.010132 64 ) (762 1448.010132 64 ) 
4 100 103 (400 1200.010010 64 ) (0 1200.010010 64 ) (0 1448.010132 64 ) (400 1448.010132 64 ) 
4 101 107 (416 1776.010132 0 ) (1024 1776.010132 0 ) (1024 1200.010010 0 ) (416 1200.010010 0 ) 
4 101 104 (416 1200.010010 0 ) (1024 1200.010010 0 ) (1024 1200.010010 64 ) (416 1200.010010 64 ) 
4 101 102 (416 1200.010010 0 ) (416 1200.010010 63 ) (416 1776.010132 63 ) (416 1776.010132 0 ) 
4 102 107 (400 1776.010132 0 ) (416 1776.010132 0 ) (416 1200.010010 0 ) (400 1200.010010 0 ) 
4 102 104 (400 1200.010010 0 ) (416 1200.010010 0 ) (416 1200.010010 63 ) (400 1200.010010 63 ) 
4 102 103 (400 1200.010010 0 ) (400 1200.010010 63 ) (400 1776.010132 63 ) (400 1776.010132 0 ) 
4 103 868 (0 1575.010132 0 ) (0 1239.788940 0 ) (0 1239.788940 64 ) (0 1575.010132 64 ) 
4 103 866 (0 1239.788940 0 ) (0 1200.010010 0 ) (0 1200.010010 64 ) (0 1239.788940 64 ) 
4 103 848 (0 1575.010132 7 ) (0 1575.010132 41.748001 ) (0 1626.010132 41.748001 ) (0 1626.010132 7 ) 
4 103 849 (0 1626.010132 0 ) (0 1575.010132 0 ) (0 1575.010132 7 ) (0 1626.010132 7 ) 
4 103 847 (0 1575.010132 41.748001 ) (0 1575.010132 51.750000 ) (0 1626.010132 51.750000 ) (0 1626.010132 41.748001 ) 
4 103 845 (0 1575.010132 51.750000 ) (0 1575.010132 64 ) (0 1626.010132 64 ) (0 1626.010132 51.750000 ) 
4 103 838 (0 1776.010132 64 ) (0 1776.010132 0 ) (0 1626.010132 0 ) (0 1626.010132 64 ) 
4 103 107 (0 1200.010010 0 ) (0 1776.010132 0 ) (400 1776.010132 0 ) (400 1200.010010 0 ) 
4 103 106 (0 1200.010010 64 ) (0 1200.010010 0 ) (352 1200.010010 0 ) (352 1200.010010 64 ) 
4 103 104 (352 1200.010010 0 ) (400 1200.010010 0 ) (400 1200.010010 64 ) (352 1200.010010 64 ) 
4 104 150 (1024 1024 64 ) (1024 1024 80 ) (352 1024 80 ) (352 1024 64 ) 
4 104 155 (1024 1024 0 ) (1024 1024 64 ) (352 1024 64 ) (352 1024 0 ) 
4 104 146 (584 1024 108 ) (492 1024 108 ) (492 1024 80 ) (584 1024 80 ) 
4 104 145 (1024 1024 80 ) (1024 1024 108 ) (584 1024 108 ) (584 1024 80 ) 
4 104 149 (492 1024 108 ) (352 1024 108 ) (352 1024 80 ) (492 1024 80 ) 
4 104 142 (1024 1024 108 ) (1024 1024 696 ) (352 1024 696 ) (352 1024 108 ) 
4 104 107 (352 1200.010010 0 ) (1024 1200.010010 0 ) (1024 1024 0 ) (352 1024 0 ) 
4 104 105 (352 1024 696 ) (352 1200.010010 696 ) (352 1200.010010 288 ) (352 1024 288 ) 
4 104 106 (352 1200.010010 280 ) (352 1200.010010 0 ) (352 1024 0 ) (352 1024 280 ) 
4 105 861 (0 1024 288 ) (0 1024 696 ) (0 1200.010010 696 ) (0 1200.010010 288 ) 
4 105 143 (352 1024 696 ) (0 1024 696 ) (0 1024 288 ) (352 1024 288 ) 
4 106 866 (0 1024 0 ) (0 1024 64 ) (0 1200.010010 64 ) (0 1200.010010 0 ) 
4 106 865 (0 1024 64 ) (0 1024 80 ) (0 1200.010010 80 ) (0 1200.010010 64 ) 
4 106 862 (0 1024 80 ) (0 1024 280 ) (0 1200.010010 280 ) (0 1200.010010 80 ) 
4 106 150 (0 1024 80 ) (0 1024 64 ) (352 1024 64 ) (352 1024 80 ) 
4 106 155 (0 1024 64 ) (0 1024 0 ) (352 1024 0 ) (352 1024 64 ) 
4 106 149 (0 1024 108 ) (0 1024 80 ) (352 1024 80 ) (352 1024 108 ) 
4 106 144 (0 1024 280 ) (0 1024 108 ) (352 1024 108 ) (352 1024 280 ) 
4 106 107 (0 1024 0 ) (0 1200.010010 0 ) (352 1200.010010 0 ) (352 1024 0 ) 
4 107 893 (0 1239.788940 0 ) (0 1816.455078 0 ) (0 1816.455200 -120 ) (0 1239.788818 -120 ) 
4 107 892 (0 1024 -120 ) (0 1024 0 ) (0 1239.788940 0 ) (0 1239.788818 -120 ) 
4 107 883 (0 1816.455078 0 ) (0 2048 0 ) (0 2048 -113.250000 ) (0 1816.455200 -113.250000 ) 
4 107 891 (0 2048 -113.250000 ) (0 2048 -120 ) (0 1816.455200 -120 ) (0 1816.455200 -113.250000 ) 
4 107 156 (1024 1024 -120 ) (1024 1024 0 ) (0 1024 0 ) (0 1024 -120 ) 
4 108 907 (0 1024 -248 ) (0 1024 -166 ) (0 2048 -166 ) (0 2048 -248 ) 
4 108 157 (1024 1024 -248 ) (1024 1024 -166 ) (0 1024 -166 ) (0 1024 -248 ) 
4 109 113 (4216 0 696 ) (4096 0 696 ) (4096 0 -248 ) (4216 0 -248 ) 
4 109 112 (4096 1024 -166 ) (4096 1024 -248 ) (4096 0 -248 ) (4096 0 -166 ) 
4 109 111 (4096 1024 0 ) (4096 1024 -120 ) (4096 0 -120 ) (4096 0 0 ) 
4 109 110 (4096 1024 696 ) (4096 1024 0 ) (4096 0 0 ) (4096 0 696 ) 
4 110 126 (3072 1024 696 ) (3072 1024 0 ) (3072 0 0 ) (3072 0 696 ) 
4 110 114 (4096 0 0 ) (4096 0 696 ) (3072 0 696 ) (3072 0 0 ) 
4 110 111 (3072 1024 0 ) (4096 1024 0 ) (4096 0 0 ) (3072 0 0 ) 
4 111 127 (3072 1024 0 ) (3072 1024 -120 ) (3072 0 -120 ) (3072 0 0 ) 
4 111 115 (4096 0 -120 ) (4096 0 0 ) (3072 0 0 ) (3072 0 -120 ) 
4 112 128 (3072 1024 -166 ) (3072 1024 -248 ) (3072 0 -248 ) (3072 0 -166 ) 
4 112 116 (4096 0 -248 ) (4096 0 -166 ) (3072 0 -166 ) (3072 0 -248 ) 
4 113 117 (4216 -1024 696 ) (4096 -1024 696 ) (4096 -1024 -248 ) (4216 -1024 -248 ) 
4 113 116 (4096 0 -166 ) (4096 0 -248 ) (4096 -1024 -248 ) (4096 -1024 -166 ) 
4 113 115 (4096 0 0 ) (4096 0 -120 ) (4096 -1024 -120 ) (4096 -1024 0 ) 
4 113 114 (4096 0 696 ) (4096 0 0 ) (4096 -1024 0 ) (4096 -1024 696 ) 
4 114 129 (3072 -1024 0 ) (3072 -1024 696 ) (3072 0 696 ) (3072 0 0 ) 
4 114 118 (4096 -1024 0 ) (4096 -1024 696 ) (3072 -1024 696 ) (3072 -1024 0 ) 
4 114 115 (4096 0 0 ) (4096 -1024 0 ) (3072 -1024 0 ) (3072 0 0 ) 
4 115 130 (3072 -1024 -120 ) (3072 -1024 0 ) (3072 0 0 ) (3072 0 -120 ) 
4 115 119 (4096 -1024 -120 ) (4096 -1024 0 ) (3072 -1024 0 ) (3072 -1024 -120 ) 
4 116 131 (3072 -1024 -248 ) (3072 -1024 -166 ) (3072 0 -166 ) (3072 0 -248 ) 
4 116 120 (4096 -1024 -248 ) (4096 -1024 -166 ) (3072 -1024 -166 ) (3072 -1024 -248 ) 
4 117 121 (4216 -2048 696 ) (4096 -2048 696 ) (4096 -2048 -248 ) (4216 -2048 -248 ) 
4 117 120 (4096 -1024 -166 ) (4096 -1024 -248 ) (4096 -2048 -248 ) (4096 -2048 -166 ) 
4 117 119 (4096 -1024 0 ) (4096 -1024 -120 ) (4096 -2048 -120 ) (4096 -2048 0 ) 
4 117 118 (4096 -1024 696 ) (4096 -1024 0 ) (4096 -2048 0 ) (4096 -2048 696 ) 
4 118 670 (3072 -2048 0 ) (3072 -2048 696 ) (3072 -1024 696 ) (3072 -1024 0 ) 
4 118 122 (3072 -2048 696 ) (3072 -2048 0 ) (4096 -2048 0 ) (4096 -2048 696 ) 
4 118 119 (3072 -2048 0 ) (3072 -1024 0 ) (4096 -1024 0 ) (4096 -2048 0 ) 
4 119 671 (3072 -2048 -120 ) (3072 -2048 0 ) (3072 -1024 0 ) (3072 -1024 -120 ) 
4 119 123 (3072 -2048 0 ) (3072 -2048 -120 ) (4096 -2048 -120 ) (4096 -2048 0 ) 
4 120 672 (3072 -2048 -248 ) (3072 -2048 -166 ) (3072 -1024 -166 ) (3072 -1024 -248 ) 
4 120 124 (3072 -2048 -166 ) (3072 -2048 -248 ) (4096 -2048 -248 ) (4096 -2048 -166 ) 
4 121 125 (4096 -2432 -248 ) (4096 -2552 -248 ) (4096 -2552 0 ) (4096 -2432 0 ) 
4 121 124 (4096 -2048 -166 ) (4096 -2048 -248 ) (4096 -2432 -248 ) (4096 -2432 -166 ) 
4 121 123 (4096 -2048 0 ) (4096 -2048 -120 ) (4096 -2432 -120 ) (4096 -2432 0 ) 
4 121 122 (4096 -2048 696 ) (4096 -2048 0 ) (4096 -2552 0 ) (4096 -2552 696 ) 
4 122 787 (3072 -2552 696 ) (3072 -2048 696 ) (3072 -2048 0 ) (3072 -2552 0 ) 
4 122 125 (4096 -2432 0 ) (4096 -2552 0 ) (3072 -2552 0 ) (3072 -2432 0 ) 
4 122 123 (4096 -2048 0 ) (4096 -2432 0 ) (3072 -2432 0 ) (3072 -2048 0 ) 
4 123 788 (3072 -2432 0 ) (3072 -2048 0 ) (3072 -2048 -120 ) (3072 -2432 -120 ) 
4 123 125 (4096 -2432 -120 ) (4096 -2432 0 ) (3072 -2432 0 ) (3072 -2432 -120 ) 
4 124 789 (3072 -2048 -166 ) (3072 -2048 -248 ) (3072 -2432 -248 ) (3072 -2432 -166 ) 
4 124 125 (3072 -2432 -248 ) (4096 -2432 -248 ) (4096 -2432 -166 ) (3072 -2432 -166 ) 
4 125 790 (3072 -2552 0 ) (3072 -2432 0 ) (3072 -2432 -248 ) (3072 -2552 -248 ) 
4 126 137 (2048 280.012024 64 ) (2048 0 64 ) (2048 0 80 ) (2048 280.012024 80 ) 
4 126 135 (2048 816.012085 64 ) (2048 280.012024 64 ) (2048 280.012024 80 ) (2048 816.012085 80 ) 
4 126 133 (2048 1024 80 ) (2048 1024 64 ) (2048 816.012085 64 ) (2048 816.012085 80 ) 
4 126 139 (2048 1024 64 ) (2048 1024 0 ) (2048 0 0 ) (2048 0 64 ) 
4 126 132 (2048 1024 696 ) (2048 1024 80 ) (2048 0 80 ) (2048 0 696 ) 
4 126 129 (3072 0 0 ) (3072 0 696 ) (2048 0 696 ) (2048 0 0 ) 
4 126 127 (2048 0 0 ) (2048 1024 0 ) (3072 1024 0 ) (3072 0 0 ) 
4 127 140 (2048 1024 0 ) (2048 1024 -120 ) (2048 0 -120 ) (2048 0 0 ) 
4 127 130 (3072 0 -120 ) (3072 0 0 ) (2048 0 0 ) (2048 0 -120 ) 
4 128 141 (2048 1024 -166 ) (2048 1024 -248 ) (2048 0 -248 ) (2048 0 -166 ) 
4 128 131 (3072 0 -248 ) (3072 0 -166 ) (2048 0 -166 ) (2048 0 -248 ) 
4 129 670 (3072 -1024 0 ) (3072 -1024 696 ) (2048 -1024 696 ) (2048 -1024 0 ) 
4 129 174 (2048 -359.037506 64 ) (2048 -345.469849 64 ) (2048 -345.469879 0 ) (2048 -359.037537 0 ) 
4 129 172 (2048 -645.169922 64 ) (2048 -359.037506 64 ) (2048 -359.037537 0 ) (2048 -645.169678 0 ) 
4 129 171 (2048 -1024 0 ) (2048 -1024 64 ) (2048 -645.169922 64 ) (2048 -645.169678 0 ) 
4 129 166 (2048 -345.469849 64 ) (2048 -324.086700 64 ) (2048 -324.086731 0 ) (2048 -345.469879 0 ) 
4 129 163 (2048 -324.086700 64 ) (2048 0 64 ) (2048 0 0 ) (2048 -324.086731 0 ) 
4 129 161 (2048 -1024 64 ) (2048 -1024 80 ) (2048 -415.988007 80 ) (2048 -415.988007 64 ) 
4 129 159 (2048 -415.988007 80 ) (2048 0 80 ) (2048 0 64 ) (2048 -415.988007 64 ) 
4 129 158 (2048 -1024 80 ) (2048 -1024 696 ) (2048 0 696 ) (2048 0 80 ) 
4 129 130 (2048 -1024 0 ) (2048 0 0 ) (3072 0 0 ) (3072 -1024 0 ) 
4 130 671 (3072 -1024 -120 ) (3072 -1024 0 ) (2048 -1024 0 ) (2048 -1024 -120 ) 
4 130 193 (2048 -1024 -120 ) (2048 -1024 -118 ) (2048 0 -118 ) (2048 0 -120 ) 
4 130 189 (2048 -359.037506 0 ) (2048 -345.469849 0 ) (2048 -345.469879 -118 ) (2048 -359.037537 -118 ) 
4 130 187 (2048 -645.169617 0 ) (2048 -359.037506 0 ) (2048 -359.037537 -118 ) (2048 -645.169006 -118 ) 
4 130 186 (2048 -1024 -118 ) (2048 -1024 0 ) (2048 -645.169617 0 ) (2048 -645.169006 -118 ) 
4 130 181 (2048 -345.469849 0 ) (2048 -324.086700 0 ) (2048 -324.086731 -118 ) (2048 -345.469879 -118 ) 
4 130 178 (2048 -324.086700 0 ) (2048 0 0 ) (2048 0 -118 ) (2048 -324.086731 -118 ) 
4 131 672 (3072 -1024 -248 ) (3072 -1024 -166 ) (2048 -1024 -166 ) (2048 -1024 -248 ) 
4 131 194 (2048 -1024 -248 ) (2048 -1024 -166 ) (2048 0 -166 ) (2048 0 -248 ) 
4 132 158 (2048 0 80 ) (2048 0 696 ) (1024 0 696 ) (1024 0 80 ) 
4 132 145 (1024 1024 108 ) (1024 1024 80 ) (1024 0 80 ) (1024 0 108 ) 
4 132 142 (1024 1024 696 ) (1024 1024 108 ) (1024 0 108 ) (1024 0 696 ) 
4 132 138 (1024 0 80 ) (1024 184.012009 80 ) (1600 184.012009 80 ) (1600 0 80 ) 
4 132 137 (1696 280.012024 80 ) (2048 280.012024 80 ) (2048 0 80 ) (1696 0 80 ) 
4 132 136 (1024 280.012024 80 ) (1024 720.012085 80 ) (1152 720.012085 80 ) (1152 280.012024 80 ) 
4 132 135 (1152 816.012085 80 ) (2048 816.012085 80 ) (2048 280.012024 80 ) (1152 280.012024 80 ) 
4 132 133 (1152 1024 80 ) (2048 1024 80 ) (2048 816.012085 80 ) (1152 816.012085 80 ) 
4 132 134 (1024 816.012085 80 ) (1024 1024 80 ) (1056 1024 80 ) (1056 816.012085 80 ) 
4 133 135 (1152 816.012085 64 ) (2048 816.012085 64 ) (2048 816.012085 80 ) (1152 816.012085 80 ) 
4 133 139 (1152 1024 64 ) (2048 1024 64 ) (2048 816.012085 64 ) (1152 816.012085 64 ) 
4 134 150 (1024 1024 80 ) (1024 1024 64 ) (1024 816.012085 64 ) (1024 816.012085 80 ) 
4 134 139 (1024 816.012085 64 ) (1024 1024 64 ) (1056 1024 64 ) (1056 816.012085 64 ) 
4 135 137 (1696 280.012024 64 ) (2048 280.012024 64 ) (2048 280.012024 80 ) (1696 280.012024 80 ) 
4 135 136 (1152 720.012085 64 ) (1152 280.012024 64 ) (1152 280.012024 80 ) (1152 720.012085 80 ) 
4 135 139 (1152 816.012085 64 ) (2048 816.012085 64 ) (2048 280.012024 64 ) (1152 280.012024 64 ) 
4 136 151 (1024 720.012085 64 ) (1024 280.012024 64 ) (1024 280.012024 80 ) (1024 720.012085 80 ) 
4 136 139 (1024 280.012024 64 ) (1024 720.012085 64 ) (1152 720.012085 64 ) (1152 280.012024 64 ) 
4 137 159 (2048 0 64 ) (2048 0 80 ) (1696 0 80 ) (1696 0 64 ) 
4 137 139 (2048 0 64 ) (1696 0 64 ) (1696 280.012024 64 ) (2048 280.012024 64 ) 
4 138 160 (1600 0 80 ) (1024 0 80 ) (1024 0 64 ) (1600 0 64 ) 
4 138 153 (1024 184.012009 64 ) (1024 0 64 ) (1024 0 80 ) (1024 184.012009 80 ) 
4 138 139 (1600 0 64 ) (1024 0 64 ) (1024 184.012009 64 ) (1600 184.012009 64 ) 
4 139 163 (2048 0 0 ) (2048 0 64 ) (1024 0 64 ) (1024 0 0 ) 
4 139 155 (1024 1024 64 ) (1024 1024 0 ) (1024 0 0 ) (1024 0 64 ) 
4 139 140 (2048 0 0 ) (1024 0 0 ) (1024 1024 0 ) (2048 1024 0 ) 
4 140 193 (2048 0 -120 ) (2048 0 -118 ) (1024 0 -118 ) (1024 0 -120 ) 
4 140 178 (2048 0 -118 ) (2048 0 0 ) (1024 0 0 ) (1024 0 -118 ) 
4 140 156 (1024 1024 0 ) (1024 1024 -120 ) (1024 0 -120 ) (1024 0 0 ) 
4 141 194 (2048 0 -248 ) (2048 0 -166 ) (1024 0 -166 ) (1024 0 -248 ) 
4 141 157 (1024 1024 -166 ) (1024 1024 -248 ) (1024 0 -248 ) (1024 0 -166 ) 
4 142 548 (364.100037 0 242 ) (352 0 242 ) (352 0 108 ) (364.100037 0 108 ) 
4 142 277 (512 0 242 ) (364.100037 0 242 ) (364.100037 0 108 ) (512 0 108 ) 
4 142 275 (608 0 242 ) (512 0 242 ) (512 0 108 ) (608 0 108 ) 
4 142 274 (1024 0 108 ) (1024 0 242 ) (608 0 242 ) (608 0 108 ) 
4 142 241 (1024 0 242 ) (1024 0 247 ) (352 0 247 ) (352 0 242 ) 
4 142 239 (456.101990 0 696 ) (352 0 696 ) (352 0 396.364899 ) (456.101990 0 317 ) 
4 142 237 (456.101990 0 323 ) (456.101990 0 317 ) (547.920227 0 247 ) (555.190674 0 247 ) 
5 142 236 (1024 0 247 ) (1024 0 696 ) (456.101990 0 696 ) (456.101990 0 323 ) (555.190674 0 247 ) 
3 142 195 (352 0 396.364899 ) (352 0 247 ) (547.920227 0 247 ) 
4 142 146 (492 572.012085 108 ) (492 1024 108 ) (584 1024 108 ) (584 572.012085 108 ) 
4 142 148 (584 0 108 ) (492 0 108 ) (492 480.012024 108 ) (584 480.012024 108 ) 
4 142 145 (1024 1024 108 ) (1024 0 108 ) (584 0 108 ) (584 1024 108 ) 
4 142 149 (492 0 108 ) (352 0 108 ) (352 1024 108 ) (492 1024 108 ) 
4 142 143 (352 0 288 ) (352 0 696 ) (352 1024 696 ) (352 1024 288 ) 
4 142 144 (352 1024 108 ) (352 0 108 ) (352 0 280 ) (352 1024 280 ) 
4 143 952 (0 0 288 ) (0 0 696 ) (0 1024 696 ) (0 1024 288 ) 
4 143 239 (352 0 696 ) (0 0 696 ) (0 0 664.721313 ) (352 0 396.364929 ) 
4 143 233 (0 0 664.721313 ) (0 0 288 ) (352 0 288 ) (352 0 396.364929 ) 
4 144 953 (0 0 108 ) (0 0 280 ) (0 1024 280 ) (0 1024 108 ) 
4 144 548 (0 0 242 ) (0 0 108 ) (352 0 108 ) (352 0 242 ) 
4 144 241 (0 0 247 ) (0 0 242 ) (352 0 242 ) (352 0 247 ) 
4 144 234 (0 0 280 ) (0 0 247 ) (352 0 247 ) (352 0 280 ) 
4 144 149 (352 0 108 ) (0 0 108 ) (0 1024 108 ) (352 1024 108 ) 
4 145 275 (608 0 108 ) (584 0 108 ) (584 0 80 ) (608 0 80 ) 
4 145 274 (1024 0 80 ) (1024 0 108 ) (608 0 108 ) (608 0 80 ) 
4 145 153 (1024 0 80 ) (608 0 80 ) (608 184.012009 80 ) (1024 184.012009 80 ) 
4 145 150 (584 816.012085 80 ) (584 1024 80 ) (1024 1024 80 ) (1024 816.012085 80 ) 
4 145 151 (584 280.012024 80 ) (584 720.012085 80 ) (1024 720.012085 80 ) (1024 280.012024 80 ) 
4 145 147 (584 572.012085 80 ) (584 480.012024 80 ) (584 480.012024 88 ) (584 572.012085 88 ) 
4 145 146 (584 1024 80 ) (584 572.012085 80 ) (584 572.012085 108 ) (584 1024 108 ) 
4 145 148 (584 480.012024 80 ) (584 0 80 ) (584 0 108 ) (584 480.012024 108 ) 
4 146 150 (492 816.012085 80 ) (492 1024 80 ) (584 1024 80 ) (584 816.012085 80 ) 
4 146 151 (492 572.012085 80 ) (492 720.012085 80 ) (584 720.012085 80 ) (584 572.012085 80 ) 
4 146 147 (492 572.012085 88 ) (492 572.012085 80 ) (584 572.012085 80 ) (584 572.012085 88 ) 
4 146 149 (492 1024 80 ) (492 572.012085 80 ) (492 572.012085 108 ) (492 1024 108 ) 
4 147 151 (492 480.012024 80 ) (492 572.012085 80 ) (584 572.012085 80 ) (584 480.012024 80 ) 
4 147 149 (492 572.012085 80 ) (492 480.012024 80 ) (492 480.012024 88 ) (492 572.012085 88 ) 
4 147 148 (492 480.012024 88 ) (492 480.012024 80 ) (584 480.012024 80 ) (584 480.012024 88 ) 
4 148 277 (512 0 108 ) (492 0 108 ) (492 0 80 ) (512 0 80 ) 
4 148 275 (584 0 108 ) (512 0 108 ) (512 0 80 ) (584 0 80 ) 
4 148 154 (512 0 80 ) (492 0 80 ) (492 184.012009 80 ) (512 184.012009 80 ) 
4 148 152 (492 184.012009 80 ) (492 280.012024 80 ) (512 280.012024 80 ) (512 184.012009 80 ) 
4 148 151 (492 280.012024 80 ) (492 480.012024 80 ) (584 480.012024 80 ) (584 280.012024 80 ) 
4 148 149 (492 480.012024 80 ) (492 0 80 ) (492 0 108 ) (492 480.012024 108 ) 
4 149 953 (0 0 80 ) (0 0 108 ) (0 1024 108 ) (0 1024 80 ) 
4 149 548 (364.100037 0 108 ) (0 0 108 ) (0 0 80 ) (364.100037 0 80 ) 
4 149 277 (492 0 108 ) (364.100037 0 108 ) (364.100037 0 80 ) (492 0 80 ) 
4 149 154 (492 0 80 ) (0 0 80 ) (0 184.012009 80 ) (492 184.012009 80 ) 
4 149 152 (0 184.012009 80 ) (0 280.012024 80 ) (492 280.012024 80 ) (492 184.012009 80 ) 
4 149 150 (0 816.012085 80 ) (0 1024 80 ) (492 1024 80 ) (492 816.012085 80 ) 
4 149 151 (0 280.012024 80 ) (0 720.012085 80 ) (492 720.012085 80 ) (492 280.012024 80 ) 
4 150 955 (0 816.012085 80 ) (0 1024 80 ) (0 1024 64 ) (0 816.012085 64 ) 
4 150 155 (1024 1024 64 ) (1024 816.012085 64 ) (0 816.012085 64 ) (0 1024 64 ) 
4 151 956 (0 280.012024 80 ) (0 720.012085 80 ) (0 720.012085 64 ) (0 280.012024 64 ) 
4 151 152 (0 280.012024 64 ) (512 280.012024 64 ) (512 280.012024 80 ) (0 280.012024 80 ) 
4 151 155 (1024 720.012085 64 ) (1024 280.012024 64 ) (0 280.012024 64 ) (0 720.012085 64 ) 
4 152 956 (0 184.012009 80 ) (0 280.012024 80 ) (0 280.012024 64 ) (0 184.012009 64 ) 
4 152 154 (0 184.012009 64 ) (512 184.012009 64 ) (512 184.012009 80 ) (0 184.012009 80 ) 
4 152 155 (512 184.012009 64 ) (0 184.012009 64 ) (0 280.012024 64 ) (512 280.012024 64 ) 
4 153 274 (1024 0 64 ) (1024 0 80 ) (608 0 80 ) (608 0 64 ) 
4 153 155 (1024 184.012009 64 ) (1024 0 64 ) (608 0 64 ) (608 184.012009 64 ) 
4 154 956 (0 0 64 ) (0 0 80 ) (0 184.012009 80 ) (0 184.012009 64 ) 
4 154 549 (364.100037 0 80 ) (0 0 80 ) (0 0 64 ) (364.100037 0 64 ) 
4 154 277 (512 0 80 ) (364.100037 0 80 ) (364.100037 0 64 ) (512 0 64 ) 
4 154 155 (512 0 64 ) (0 0 64 ) (0 184.012009 64 ) (512 184.012009 64 ) 
4 155 960 (0 0 0 ) (0 0 64 ) (0 1024 64 ) (0 1024 0 ) 
4 155 552 (364.100037 0 64 ) (0 0 64 ) (0 0 0 ) (364.100037 0 0 ) 
4 155 277 (512 0 64 ) (364.100037 0 64 ) (364.100037 0 0 ) (512 0 0 ) 
4 155 276 (608 0 64 ) (512 0 64 ) (512 0 0 ) (608 0 0 ) 
4 155 274 (1024 0 0 ) (1024 0 64 ) (608 0 64 ) (608 0 0 ) 
4 155 156 (1024 1024 0 ) (1024 0 0 ) (0 0 0 ) (0 1024 0 ) 
4 156 961 (0 0 -120 ) (0 0 0 ) (0 1024 0 ) (0 1024 -120 ) 
4 156 649 (78.422180 0 0 ) (0 0 0 ) (0 0 -120 ) (78.422386 0 -120 ) 
4 156 642 (126.342529 0 0 ) (78.422180 0 0 ) (78.422386 0 -120 ) (126.342537 0 -120 ) 
4 156 634 (324.936279 0 0 ) (126.342529 0 0 ) (126.342529 0 -45 ) (324.935364 0 -45 ) 
4 156 633 (1024 0 -45 ) (1024 0 0 ) (324.936279 0 0 ) (324.935364 0 -45 ) 
4 156 641 (1024 0 -120 ) (1024 0 -45 ) (126.342529 0 -45 ) (126.342537 0 -120 ) 
4 157 962 (0 0 -248 ) (0 0 -166 ) (0 1024 -166 ) (0 1024 -248 ) 
4 157 669 (1024 0 -248 ) (1024 0 -166 ) (0 0 -166 ) (0 0 -248 ) 
4 158 673 (2048 -1024 80 ) (2048 -1024 696 ) (1024 -1024 696 ) (1024 -1024 80 ) 
4 158 547 (1024 -896.987976 80 ) (1024 -1024 80 ) (1024 -1024 242 ) (1024 -896.987976 242 ) 
4 158 546 (1024 -832.987976 80 ) (1024 -896.987976 80 ) (1024 -896.987976 242 ) (1024 -832.987976 242 ) 
4 158 545 (1024 -686.987976 80 ) (1024 -832.987976 80 ) (1024 -832.987976 242 ) (1024 -686.987976 242 ) 
4 158 544 (1024 -511.988007 80 ) (1024 -686.987976 80 ) (1024 -686.987976 242 ) (1024 -511.988007 242 ) 
4 158 542 (1024 -415.988007 80 ) (1024 -511.988007 80 ) (1024 -511.988007 242 ) (1024 -415.988007 242 ) 
4 158 280 (1024 -127.987999 80 ) (1024 -415.988007 80 ) (1024 -415.988007 242 ) (1024 -127.987999 242 ) 
4 158 274 (1024 0 242 ) (1024 0 80 ) (1024 -127.987999 80 ) (1024 -127.987999 242 ) 
4 158 242 (1024 -686.987976 242 ) (1024 -1024 242 ) (1024 -1024 247 ) (1024 -686.987976 247 ) 
4 158 241 (1024 0 247 ) (1024 0 242 ) (1024 -686.987976 242 ) (1024 -686.987976 247 ) 
4 158 236 (1024 0 696 ) (1024 0 247 ) (1024 -1024 247 ) (1024 -1024 696 ) 
4 158 162 (1696 -1024 80 ) (1024 -1024 80 ) (1024 -511.988007 80 ) (1696 -511.988007 80 ) 
4 158 161 (2048 -415.988007 80 ) (2048 -1024 80 ) (1696 -1024 80 ) (1696 -415.988007 80 ) 
4 158 159 (1696 0 80 ) (2048 0 80 ) (2048 -415.988007 80 ) (1696 -415.988007 80 ) 
4 158 160 (1024 0 80 ) (1600 0 80 ) (1600 -415.988007 80 ) (1024 -415.988007 80 ) 
4 159 174 (2048 -345.469849 64 ) (2048 -359.037506 64 ) (1891.431519 -415.988007 64 ) (1853.543091 -415.988007 64 ) 
3 159 172 (2048 -359.037506 64 ) (2048 -415.988007 64 ) (1891.431519 -415.988007 64 ) 
4 159 166 (2048 -324.086700 64 ) (2048 -345.469849 64 ) (1853.543091 -415.988007 64 ) (1795.256836 -415.988007 64 ) 
5 159 163 (1696 0 64 ) (2048 0 64 ) (2048 -324.086700 64 ) (1795.256836 -415.988007 64 ) (1696 -415.988007 64 ) 
4 159 161 (1696 -415.988007 64 ) (2048 -415.988007 64 ) (2048 -415.988007 80 ) (1696 -415.988007 80 ) 
4 160 280 (1024 -127.987999 64 ) (1024 -415.988007 64 ) (1024 -415.988007 80 ) (1024 -127.987999 80 ) 
4 160 274 (1024 0 80 ) (1024 0 64 ) (1024 -127.987999 64 ) (1024 -127.987999 80 ) 
4 160 163 (1024 -415.988007 64 ) (1024 0 64 ) (1600 0 64 ) (1600 -415.988007 64 ) 
4 161 673 (2048 -1024 64 ) (2048 -1024 80 ) (1696 -1024 80 ) (1696 -1024 64 ) 
4 161 174 (1696 -487.074677 64 ) (1696 -473.119690 64 ) (1853.543091 -415.988007 64 ) (1891.431519 -415.988007 64 ) 
5 161 172 (1696 -516.925537 64 ) (1696 -487.074677 64 ) (1891.431519 -415.988007 64 ) (2048 -415.988007 64 ) (2048 -645.169922 64 ) 
4 161 171 (2048 -1024 64 ) (1696 -1024 64 ) (1696 -516.925537 64 ) (2048 -645.169922 64 ) 
4 161 166 (1696 -473.119690 64 ) (1696 -452.079315 64 ) (1795.256836 -415.988007 64 ) (1853.543091 -415.988007 64 ) 
3 161 163 (1696 -452.079315 64 ) (1696 -415.988007 64 ) (1795.256836 -415.988007 64 ) 
4 161 162 (1696 -511.988007 64 ) (1696 -1024 64 ) (1696 -1024 80 ) (1696 -511.988007 80 ) 
4 162 673 (1696 -1024 80 ) (1024 -1024 80 ) (1024 -1024 64 ) (1696 -1024 64 ) 
4 162 547 (1024 -896.987976 64 ) (1024 -1024 64 ) (1024 -1024 80 ) (1024 -896.987976 80 ) 
4 162 546 (1024 -832.987976 64 ) (1024 -896.987976 64 ) (1024 -896.987976 80 ) (1024 -832.987976 80 ) 
4 162 545 (1024 -686.987976 64 ) (1024 -832.987976 64 ) (1024 -832.987976 80 ) (1024 -686.987976 80 ) 
4 162 544 (1024 -511.988007 64 ) (1024 -686.987976 64 ) (1024 -686.987976 80 ) (1024 -511.988007 80 ) 
3 162 172 (1682.447632 -511.988007 64 ) (1696 -511.988007 64 ) (1696 -516.925537 64 ) 
6 162 171 (1696 -1024 64 ) (1024 -1024 64 ) (1024 -716.814880 64 ) (1588.818848 -511.988007 64 ) (1682.447632 -511.988007 64 ) (1696 -516.925537 64 ) 
4 162 164 (1024 -716.814880 64 ) (1024 -696.428772 64 ) (1531.241333 -511.988007 64 ) (1588.818848 -511.988007 64 ) 
3 162 163 (1024 -696.428772 64 ) (1024 -511.988007 64 ) (1531.241333 -511.988007 64 ) 
4 163 545 (1024 -686.987976 0 ) (1024 -696.428833 0 ) (1024 -696.428833 64 ) (1024 -686.987976 64 ) 
4 163 544 (1024 -511.988007 0 ) (1024 -686.987976 0 ) (1024 -686.987976 64 ) (1024 -511.988007 64 ) 
4 163 543 (1024 -415.988007 0 ) (1024 -511.988007 0 ) (1024 -511.988007 64 ) (1024 -415.988007 64 ) 
4 163 280 (1024 -127.987999 0 ) (1024 -415.988007 0 ) (1024 -415.988007 64 ) (1024 -127.987999 64 ) 
4 163 274 (1024 0 64 ) (1024 0 0 ) (1024 -127.987999 0 ) (1024 -127.987999 64 ) 
4 163 178 (1024 0 0 ) (2048 0 0 ) (2048 -324.086731 0 ) (1024 -696.428833 0 ) 
4 163 169 (1668.566162 -462.053589 0 ) (1671.860718 -460.855621 0 ) (1671.860962 -460.855316 64 ) (1668.566162 -462.053345 64 ) 
4 163 167 (1677 -458.987091 0 ) (1688.016113 -454.981323 0 ) (1688.016113 -454.981049 64 ) (1676.998291 -458.987305 64 ) 
4 163 166 (1688.016113 -454.981323 0 ) (2048 -324.085663 0 ) (2048 -324.085266 64 ) (1688.016113 -454.981049 64 ) 
4 163 165 (1657.761108 -465.982483 0 ) (1668.566162 -462.053589 0 ) (1668.566162 -462.053345 64 ) (1657.760742 -465.982361 64 ) 
4 163 164 (1024 -696.427734 0 ) (1657.761108 -465.982483 0 ) (1657.760742 -465.982361 64 ) (1024 -696.427734 64 ) 
4 164 545 (1024 -696.428833 0 ) (1024 -716.814941 0 ) (1024 -716.814941 64 ) (1024 -696.428833 64 ) 
4 164 179 (1686.661743 -476.506165 0 ) (1024 -716.814941 0 ) (1024 -696.428833 0 ) (1657.762695 -465.983032 0 ) 
4 164 177 (1655.001587 -487.988251 0 ) (1658.936646 -486.561249 0 ) (1658.936646 -486.561218 64 ) (1655.001099 -487.988403 64 ) 
4 164 175 (1646.564087 -491.048065 0 ) (1649.860352 -489.852692 0 ) (1649.860474 -489.852600 64 ) (1646.564087 -491.048004 64 ) 
4 164 174 (1658.936646 -486.561249 0 ) (1686.662842 -476.506592 0 ) (1686.662842 -476.506561 64 ) (1658.936646 -486.561218 64 ) 
4 164 173 (1635.743652 -494.971985 0 ) (1646.564087 -491.048065 0 ) (1646.564087 -491.048004 64 ) (1635.743164 -494.972137 64 ) 
4 164 171 (1024 -716.815674 0 ) (1635.743652 -494.971985 0 ) (1635.743164 -494.972137 64 ) (1024 -716.815674 64 ) 
4 164 168 (1680.924683 -474.416504 0 ) (1677.001709 -472.988098 0 ) (1677 -472.987732 64 ) (1680.924683 -474.416504 64 ) 
4 164 166 (1686.663086 -476.505981 64 ) (1686.663086 -476.505981 0 ) (1680.924683 -474.416504 0 ) (1680.924683 -474.416504 64 ) 
4 164 165 (1671.870239 -471.119629 0 ) (1657.761719 -465.982422 0 ) (1657.761719 -465.982422 64 ) (1671.870239 -471.119629 64 ) 
3 165 180 (1671.870483 -471.120148 0 ) (1657.762695 -465.983032 0 ) (1668.566528 -462.054596 0 ) 
4 165 169 (1670 -465.987274 0 ) (1668.566772 -462.054474 0 ) (1668.566772 -462.054474 64 ) (1670 -465.987274 64 ) 
5 166 181 (2048 -324.086731 0 ) (2048 -345.469879 0 ) (1686.661743 -476.506165 0 ) (1680.924438 -474.416992 0 ) (1688.015503 -454.982635 0 ) 
4 166 174 (1686.662842 -476.506592 0 ) (2048 -345.470703 0 ) (2048 -345.470703 64 ) (1686.662842 -476.506561 64 ) 
4 166 170 (1685.435181 -462.048920 0 ) (1683.998901 -465.985474 0 ) (1683.998901 -465.985718 64 ) (1685.434937 -462.049530 64 ) 
4 166 168 (1682.126709 -471.116852 0 ) (1680.922607 -474.417297 0 ) (1680.922607 -474.417297 64 ) (1682.127075 -471.116058 64 ) 
4 166 167 (1688.012939 -454.983734 64 ) (1688.012939 -454.983734 0 ) (1685.435181 -462.048920 0 ) (1685.434937 -462.049530 64 ) 
3 167 182 (1677.001099 -458.987640 0 ) (1688.015503 -454.982635 0 ) (1685.437012 -462.049561 0 ) 
4 167 170 (1682.128540 -460.847534 0 ) (1685.435547 -462.047852 0 ) (1685.435303 -462.048462 64 ) (1682.128662 -460.848236 64 ) 
3 168 183 (1680.924438 -474.416992 0 ) (1677 -472.988342 0 ) (1682.128784 -471.116150 0 ) 
3 169 184 (1670 -465.987823 0 ) (1668.566528 -462.054596 0 ) (1671.860352 -460.856903 0 ) 
3 170 185 (1682.129028 -460.848877 0 ) (1685.437012 -462.049561 0 ) (1684 -465.988220 0 ) 
4 171 673 (2048 -1024 0 ) (2048 -1024 64 ) (1024 -1024 64 ) (1024 -1024 0 ) 
4 171 547 (1024 -896.987976 0 ) (1024 -1024 0 ) (1024 -1024 64 ) (1024 -896.987976 64 ) 
4 171 546 (1024 -832.987976 0 ) (1024 -896.987976 0 ) (1024 -896.987976 64 ) (1024 -832.987976 64 ) 
4 171 545 (1024 -716.814941 0 ) (1024 -832.987976 0 ) (1024 -832.987976 64 ) (1024 -716.814941 64 ) 
5 171 186 (2048 -645.169678 0 ) (2048 -1024 0 ) (1024 -1024 0 ) (1024 -716.814941 0 ) (1635.742676 -494.971588 0 ) 
4 171 173 (1649.869995 -500.119110 0 ) (1635.744141 -494.972656 0 ) (1635.743652 -494.972839 64 ) (1649.870239 -500.119568 64 ) 
4 171 172 (2048 -645.170166 0 ) (1655 -501.988098 0 ) (1655 -501.988281 64 ) (2048 -645.170471 64 ) 
3 172 187 (2048 -359.037537 0 ) (2048 -645.169678 0 ) (1655 -501.987823 0 ) 
4 172 176 (1663.429810 -498.921265 0 ) (1660.128784 -500.122009 0 ) (1660.128784 -500.122009 64 ) (1663.429810 -498.921295 64 ) 
4 172 174 (2048 -359.037109 0 ) (1663.429810 -498.921265 0 ) (1663.429810 -498.921295 64 ) (2048 -359.037018 64 ) 
3 173 188 (1649.869995 -500.118622 0 ) (1635.742676 -494.971588 0 ) (1646.563843 -491.047363 0 ) 
4 173 175 (1648 -494.986908 0 ) (1646.564453 -491.047028 0 ) (1646.564453 -491.047028 64 ) (1648 -494.986938 64 ) 
4 174 189 (2048 -345.469879 0 ) (2048 -359.037537 0 ) (1663.430054 -498.921631 0 ) (1658.936401 -486.560547 0 ) 
4 174 177 (1658.936768 -486.559570 64 ) (1658.936768 -486.559570 0 ) (1660.132324 -489.848450 0 ) (1660.132446 -489.848846 64 ) 
4 174 176 (1662 -494.987213 0 ) (1663.429443 -498.918945 0 ) (1663.429443 -498.918945 64 ) (1662 -494.987213 64 ) 
3 175 190 (1648 -494.987915 0 ) (1646.563843 -491.047363 0 ) (1649.860718 -489.851776 0 ) 
3 176 191 (1663.430054 -498.921631 0 ) (1660.128662 -500.122498 0 ) (1662 -494.987823 0 ) 
3 177 192 (1655 -487.987854 0 ) (1658.936401 -486.560547 0 ) (1660.131592 -489.848175 0 ) 
4 178 657 (1024 -521.517334 -118 ) (1024 -585.520874 -118 ) (1024 -585.520630 0 ) (1024 -521.517334 0 ) 
4 178 633 (1024 0 0 ) (1024 0 -45 ) (1024 -521.517334 -45 ) (1024 -521.517334 0 ) 
4 178 641 (1024 0 -45 ) (1024 0 -118 ) (1024 -521.517334 -118 ) (1024 -521.517334 -45 ) 
4 178 613 (1024 -585.520874 -118 ) (1024 -696.428833 -118 ) (1024 -696.428833 0 ) (1024 -585.520630 0 ) 
4 178 193 (1024 -696.428833 -118 ) (1024 0 -118 ) (2048 0 -118 ) (2048 -324.086731 -118 ) 
4 178 184 (1668.566406 -462.054474 -118 ) (1671.860352 -460.856720 -118 ) (1671.860840 -460.855316 0 ) (1668.566162 -462.053345 0 ) 
4 178 182 (1677.002563 -458.986938 -118 ) (1688.015503 -454.982452 -118 ) (1688.016113 -454.981049 0 ) (1677 -458.986969 0 ) 
4 178 181 (1688.015503 -454.982452 -118 ) (2048 -324.086578 -118 ) (2048 -324.085266 0 ) (1688.016113 -454.981049 0 ) 
4 178 180 (1657.762451 -465.982941 -118 ) (1668.566406 -462.054474 -118 ) (1668.566162 -462.053345 0 ) (1657.760742 -465.982361 0 ) 
4 178 179 (1024 -696.428711 -118 ) (1657.762451 -465.982941 -118 ) (1657.760742 -465.982361 0 ) (1024 -696.427734 0 ) 
4 179 613 (1024 -696.428833 -118 ) (1024 -716.814941 -118 ) (1024 -716.814941 0 ) (1024 -696.428833 0 ) 
4 179 193 (1024 -716.814941 -118 ) (1024 -696.428833 -118 ) (1657.762695 -465.983032 -118 ) (1686.661743 -476.506165 -118 ) 
4 179 192 (1655.002563 -487.987946 -118 ) (1658.936646 -486.561279 -118 ) (1658.936646 -486.561249 0 ) (1655.001587 -487.988251 0 ) 
4 179 190 (1646.564209 -491.048065 -118 ) (1649.860352 -489.852722 -118 ) (1649.860352 -489.852692 0 ) (1646.564087 -491.048065 0 ) 
4 179 189 (1658.936646 -486.561279 -118 ) (1686.662842 -476.506592 -118 ) (1686.662842 -476.506561 0 ) (1658.936646 -486.561249 0 ) 
4 179 188 (1635.744629 -494.971680 -118 ) (1646.564209 -491.048065 -118 ) (1646.564087 -491.048065 0 ) (1635.743652 -494.971985 0 ) 
4 179 186 (1024 -716.815674 -118 ) (1635.744629 -494.971680 -118 ) (1635.743652 -494.971985 0 ) (1024 -716.815674 0 ) 
4 179 183 (1680.924683 -474.416473 -118 ) (1677.003540 -472.988708 -118 ) (1677.001709 -472.988068 0 ) (1680.924683 -474.416473 0 ) 
4 179 181 (1686.663086 -476.505951 0 ) (1686.663086 -476.505951 -118 ) (1680.924683 -474.416473 -118 ) (1680.924683 -474.416473 0 ) 
4 179 180 (1671.870239 -471.119598 -118 ) (1657.761719 -465.982422 -118 ) (1657.761719 -465.982422 0 ) (1671.870239 -471.119598 0 ) 
3 180 193 (1657.762695 -465.983032 -118 ) (1668.566528 -462.054596 -118 ) (1671.870483 -471.120148 -118 ) 
4 180 184 (1670 -465.987091 -118 ) (1668.566895 -462.054474 -118 ) (1668.566895 -462.054474 0 ) (1670 -465.987091 0 ) 
5 181 193 (1688.015503 -454.982635 -118 ) (2048 -324.086731 -118 ) (2048 -345.469879 -118 ) (1686.661743 -476.506165 -118 ) (1680.924438 -474.416992 -118 ) 
4 181 189 (1686.662842 -476.506592 -118 ) (2048 -345.470703 -118 ) (2048 -345.470703 0 ) (1686.662842 -476.506561 0 ) 
4 181 185 (1685.435669 -462.047791 -118 ) (1684 -465.985229 -118 ) (1683.998901 -465.985474 0 ) (1685.435181 -462.048920 0 ) 
4 181 183 (1682.126221 -471.118378 -118 ) (1680.922607 -474.417297 -118 ) (1680.922607 -474.417297 0 ) (1682.126709 -471.116852 0 ) 
4 181 182 (1688.012939 -454.983734 0 ) (1688.012939 -454.983734 -118 ) (1685.435669 -462.047791 -118 ) (1685.435181 -462.048920 0 ) 
3 182 193 (1677.002930 -458.987000 -118 ) (1688.015503 -454.982635 -118 ) (1685.437378 -462.048431 -118 ) 
4 182 185 (1682.128296 -460.846161 -118 ) (1685.435913 -462.046722 -118 ) (1685.435547 -462.047852 0 ) (1682.128540 -460.847534 0 ) 
3 183 193 (1682.128296 -471.117645 -118 ) (1680.924438 -474.416992 -118 ) (1677.002808 -472.989014 -118 ) 
3 184 193 (1668.566528 -462.054596 -118 ) (1671.860352 -460.856903 -118 ) (1670 -465.987823 -118 ) 
3 185 193 (1682.128784 -460.847534 -118 ) (1685.437378 -462.048431 -118 ) (1684 -465.987854 -118 ) 
4 186 674 (2048 -1024 -118 ) (2048 -1024 0 ) (1024 -1024 0 ) (1024 -1024 -118 ) 
4 186 631 (1024 -843.554565 -118 ) (1024 -1024 -118 ) (1024 -1024 0 ) (1024 -843.554565 0 ) 
4 186 630 (1024 -782.772888 -118 ) (1024 -843.554565 -118 ) (1024 -843.554565 0 ) (1024 -782.768921 0 ) 
4 186 613 (1024 -716.814941 -118 ) (1024 -782.772888 -118 ) (1024 -782.768921 0 ) (1024 -716.814941 0 ) 
5 186 193 (2048 -1024 -118 ) (1024 -1024 -118 ) (1024 -716.814941 -118 ) (1635.743408 -494.971252 -118 ) (2048 -645.169006 -118 ) 
4 186 188 (1649.869873 -500.118500 -118 ) (1635.744995 -494.972351 -118 ) (1635.744141 -494.972656 0 ) (1649.869995 -500.119110 0 ) 
4 186 187 (2048 -645.169678 -118 ) (1655 -501.987793 -118 ) (1655 -501.988098 0 ) (2048 -645.170166 0 ) 
3 187 193 (2048 -359.037537 -118 ) (2048 -645.169006 -118 ) (1655.001465 -501.987549 -118 ) 
4 187 191 (1663.429932 -498.921265 -118 ) (1660.128784 -500.122009 -118 ) (1660.128784 -500.122009 0 ) (1663.429810 -498.921265 0 ) 
4 187 189 (2048 -359.036621 -118 ) (1663.429932 -498.921265 -118 ) (1663.429810 -498.921265 0 ) (2048 -359.037018 0 ) 
3 188 193 (1635.743408 -494.971252 -118 ) (1646.563843 -491.047333 -118 ) (1649.869629 -500.117859 -118 ) 
4 188 190 (1648 -494.987030 -118 ) (1646.564331 -491.047028 -118 ) (1646.564331 -491.047028 0 ) (1648 -494.987030 0 ) 
4 189 193 (1658.936401 -486.560516 -118 ) (2048 -345.469879 -118 ) (2048 -359.037537 -118 ) (1663.430054 -498.921722 -118 ) 
4 189 192 (1658.936890 -486.559570 0 ) (1658.936890 -486.559570 -118 ) (1660.132080 -489.847778 -118 ) (1660.132446 -489.848511 0 ) 
4 189 191 (1662 -494.987152 -118 ) (1663.429443 -498.918945 -118 ) (1663.429443 -498.918945 0 ) (1662 -494.987152 0 ) 
3 190 193 (1646.563843 -491.047333 -118 ) (1649.860718 -489.851746 -118 ) (1648 -494.987854 -118 ) 
3 191 193 (1662 -494.987885 -118 ) (1663.430054 -498.921722 -118 ) (1660.128540 -500.122589 -118 ) 
3 192 193 (1655.001465 -487.987518 -118 ) (1658.936401 -486.560516 -118 ) (1660.131348 -489.847443 -118 ) 
4 193 674 (2048 -1024 -120 ) (2048 -1024 -118 ) (1024 -1024 -118 ) (1024 -1024 -120 ) 
4 193 657 (1024 -521.517334 -120 ) (1024 -585.520935 -120 ) (1024 -585.520935 -118 ) (1024 -521.517334 -118 ) 
4 193 641 (1024 0 -118 ) (1024 0 -120 ) (1024 -521.517334 -120 ) (1024 -521.517334 -118 ) 
4 193 631 (1024 -843.554565 -120 ) (1024 -1024 -120 ) (1024 -1024 -118 ) (1024 -843.554565 -118 ) 
4 193 630 (1024 -782.773010 -120 ) (1024 -843.554565 -120 ) (1024 -843.554565 -118 ) (1024 -782.772949 -118 ) 
4 193 613 (1024 -585.520935 -120 ) (1024 -782.773010 -120 ) (1024 -782.772949 -118 ) (1024 -585.520935 -118 ) 
4 194 675 (2048 -1024 -248 ) (2048 -1024 -166 ) (1024 -1024 -166 ) (1024 -1024 -248 ) 
4 194 669 (1024 0 -166 ) (1024 0 -248 ) (1024 -1024 -248 ) (1024 -1024 -166 ) 
4 195 241 (352 -681.987976 247 ) (352 0 247 ) (547.920166 0 247 ) (547.920166 -681.987976 247 ) 
4 195 239 (456.101990 0 317.001160 ) (352 0 396.365906 ) (352 -681.987976 396.365936 ) (456.101990 -681.987976 317.001190 ) 
4 195 237 (547.921875 -681.987976 247 ) (547.921875 0 247 ) (456.101990 0 317.001160 ) (456.101990 -681.987976 317.001190 ) 
4 195 233 (352 -681.987976 288 ) (352 -681.987976 396.367188 ) (352 0 396.367188 ) (352 0 288 ) 
4 195 234 (352 0 247 ) (352 -681.987976 247 ) (352 -681.987976 280 ) (352 0 280 ) 
5 195 213 (357.011475 -681.987976 247 ) (364.283173 -681.987976 247 ) (456.101990 -681.987976 316.998413 ) (456.101990 -681.987976 317.001770 ) (452.179932 -681.987976 319.991882 ) 
4 195 207 (364.283173 -681.987976 247 ) (456.101990 -681.987976 247 ) (456.101990 -681.987976 305 ) (440.363342 -681.987976 305 ) 
5 195 206 (456.101990 -681.987976 311 ) (456.101990 -681.987976 311.001526 ) (452.136475 -681.987976 313.975281 ) (440.363342 -681.987976 305 ) (448.108978 -681.987976 305 ) 
3 195 205 (456.101990 -681.987976 311.001526 ) (456.101990 -681.987976 316.998413 ) (452.136475 -681.987976 313.975281 ) 
4 195 201 (456.101990 -681.987976 247 ) (547.921875 -681.987976 247 ) (491.519653 -681.987976 290 ) (456.101990 -681.987976 290 ) 
4 195 199 (491.519653 -681.987976 290 ) (471.844452 -681.987976 305 ) (456.101990 -681.987976 305 ) (456.101990 -681.987976 290 ) 
4 195 198 (471.844452 -681.987976 305 ) (460.068665 -681.987976 313.977631 ) (456.102966 -681.987976 311 ) (464.105011 -681.987976 305 ) 
3 195 197 (460.068665 -681.987976 313.977631 ) (456.101990 -681.987976 317.001770 ) (456.101990 -681.987976 311 ) 
4 195 196 (352 -681.987976 396.367188 ) (352 -681.987976 247 ) (357.011475 -681.987976 247 ) (452.179932 -681.987976 319.991882 ) 
5 196 728 (352 -1024 247 ) (357.011475 -1024 247 ) (364.100037 -1024 252.436752 ) (364.100037 -1024 387.140076 ) (352 -1024 396.364868 ) 
3 196 686 (364.100037 -1024 252.436752 ) (452.178741 -1024 319.990967 ) (364.100037 -1024 387.140076 ) 
4 196 269 (357.011475 -1024 247 ) (352 -1024 247 ) (352 -947.987976 247 ) (357.011475 -947.987976 247 ) 
4 196 264 (352 -947.987976 247 ) (352 -812.987976 247 ) (357.011475 -812.987976 247 ) (357.011475 -947.987976 247 ) 
4 196 244 (352 -812.987976 247 ) (352 -686.987976 247 ) (357.011475 -686.987976 247 ) (357.011475 -812.987976 247 ) 
4 196 241 (352 -686.987976 247 ) (352 -681.987976 247 ) (357.011475 -681.987976 247 ) (357.011475 -686.987976 247 ) 
4 196 240 (352 -1024 396.365936 ) (452.179535 -1024 319.991577 ) (452.179535 -686.987976 319.991577 ) (352 -686.987976 396.365936 ) 
4 196 239 (452.179535 -686.987976 319.991577 ) (452.179535 -681.987976 319.991577 ) (352 -681.987976 396.365936 ) (352 -686.987976 396.365936 ) 
4 196 233 (352 -736 288 ) (352 -736 396.367188 ) (352 -681.987976 396.367188 ) (352 -681.987976 288 ) 
4 196 234 (352 -681.987976 247 ) (352 -736 247 ) (352 -736 280 ) (352 -681.987976 280 ) 
4 196 235 (352 -736 247 ) (352 -1024 247 ) (352 -1024 396.367188 ) (352 -736 396.367188 ) 
4 196 213 (357.011566 -686.987976 247 ) (357.011566 -681.987976 247 ) (452.178833 -681.987976 319.990936 ) (452.178833 -686.987976 319.990936 ) 
4 197 237 (460.068298 -681.987976 313.977356 ) (456.101990 -681.987976 317.001190 ) (456.101990 -686.987976 317.001190 ) (460.068268 -686.987976 313.977386 ) 
4 197 205 (456.101990 -693.987976 317 ) (456.101990 -681.987976 317 ) (456.101990 -681.987976 311 ) (456.101990 -693.987976 311 ) 
4 197 198 (456.101990 -693.987976 311 ) (456.101990 -681.987976 311 ) (460.067627 -681.987976 313.976715 ) (460.069336 -693.987976 313.979095 ) 
4 198 237 (471.843842 -681.987976 305 ) (460.068298 -681.987976 313.977356 ) (460.068268 -686.987976 313.977386 ) (471.843842 -686.987976 305 ) 
4 198 199 (464.105011 -681.987976 305 ) (471.842285 -681.987976 305 ) (471.843201 -693.987976 305 ) (464.104858 -693.987976 305 ) 
4 199 237 (491.519196 -681.987976 290 ) (471.843842 -681.987976 305 ) (471.843842 -686.987976 305 ) (491.519196 -686.987976 290 ) 
4 199 207 (456.101990 -681.987976 305 ) (456.101990 -681.987976 290 ) (456.101990 -693.987976 290 ) (456.101990 -693.987976 305 ) 
4 199 201 (456.101990 -693.987976 290 ) (456.101990 -681.987976 290 ) (491.517609 -681.987976 290 ) (491.516357 -693.987976 290 ) 
4 199 200 (456.101990 -693.987976 290 ) (483.969055 -693.987976 290 ) (464.048828 -693.987976 305 ) (456.101990 -693.987976 305 ) 
4 200 208 (456.101990 -693.987976 290 ) (456.101990 -700.987976 290 ) (456.101990 -700.987976 305 ) (456.101990 -693.987976 305 ) 
4 200 204 (456.101990 -700.987976 305 ) (456.101990 -700.987976 290 ) (483.969116 -700.987976 290 ) (464.048798 -700.987976 305 ) 
4 201 246 (547.920166 -686.987976 247 ) (547.920166 -693.987976 247 ) (456.101990 -693.987976 247 ) (456.101990 -686.987976 247 ) 
4 201 241 (456.101990 -681.987976 247 ) (547.920166 -681.987976 247 ) (547.920166 -686.987976 247 ) (456.101990 -686.987976 247 ) 
4 201 237 (547.921875 -686.987976 247 ) (547.921875 -681.987976 247 ) (491.519196 -681.987976 290 ) (491.519196 -686.987976 290 ) 
4 201 207 (456.101990 -681.987976 290 ) (456.101990 -681.987976 247 ) (456.101990 -693.987976 247 ) (456.101990 -693.987976 290 ) 
4 201 202 (490.609192 -693.987976 285 ) (456.101990 -693.987976 285 ) (456.101990 -693.987976 247 ) (541.073914 -693.987976 247 ) 
4 202 209 (456.101990 -693.987976 247 ) (456.101990 -700.987976 247 ) (456.101990 -700.987976 285 ) (456.101990 -693.987976 285 ) 
4 202 204 (456.101990 -700.987976 285 ) (456.101990 -700.987976 247 ) (541.073914 -700.987976 247 ) (490.609192 -700.987976 285 ) 
4 203 210 (456.101990 -805.987976 311 ) (456.101990 -805.987976 317 ) (456.101990 -700.987976 317 ) (456.101990 -700.987976 311.001404 ) 
4 203 204 (471.843750 -805.987976 305 ) (464.103912 -805.987976 305 ) (464.104797 -700.987976 305 ) (471.842285 -700.987976 305 ) 
4 204 250 (531.101990 -805.987976 247 ) (456.101990 -805.987976 247 ) (456.101990 -700.987976 247 ) (531.101990 -700.987976 247 ) 
4 204 215 (490.629120 -805.987976 285 ) (456.101990 -805.987976 285 ) (456.101990 -805.987976 247 ) (541.088989 -805.987976 247 ) 
4 204 214 (464.071320 -805.987976 305 ) (456.101990 -805.987976 305 ) (456.101990 -805.987976 290 ) (483.989685 -805.987976 290 ) 
4 204 212 (456.101990 -805.987976 247 ) (456.101990 -805.987976 305 ) (456.101990 -700.987976 305 ) (456.101990 -700.987976 247 ) 
4 205 213 (456.101990 -686.987976 317 ) (456.101990 -681.987976 317 ) (452.136078 -681.987976 313.975586 ) (452.136047 -686.987976 313.975586 ) 
4 205 206 (456.101990 -681.987976 311.001923 ) (456.101990 -693.987976 311.001831 ) (452.136627 -693.987976 313.975494 ) (452.136719 -681.987976 313.975525 ) 
4 206 213 (452.136078 -681.987976 313.975586 ) (440.362518 -681.987976 305 ) (440.362488 -686.987976 305 ) (452.136047 -686.987976 313.975586 ) 
4 206 207 (440.359406 -693.987976 305 ) (440.359497 -681.987976 305 ) (448.109009 -681.987976 305 ) (448.108887 -693.987976 305 ) 
4 207 246 (456.101990 -686.987976 247 ) (456.101990 -693.987976 247 ) (364.283081 -693.987976 247 ) (364.283142 -686.987976 247 ) 
4 207 241 (364.283173 -681.987976 247 ) (456.101990 -681.987976 247 ) (456.101990 -686.987976 247 ) (364.283142 -686.987976 247 ) 
4 207 213 (440.362518 -681.987976 305 ) (364.282166 -681.987976 247 ) (364.282135 -686.987976 247 ) (440.362488 -686.987976 305 ) 
4 207 209 (456.101990 -693.987976 247 ) (456.101990 -693.987976 285 ) (421.571960 -693.987976 285 ) (371.105011 -693.987976 247 ) 
4 207 208 (456.101990 -693.987976 290 ) (456.101990 -693.987976 305 ) (448.133514 -693.987976 305 ) (428.212341 -693.987976 290 ) 
4 208 212 (456.101990 -700.987976 290 ) (456.101990 -700.987976 305 ) (448.133514 -700.987976 305 ) (428.212341 -700.987976 290 ) 
4 209 212 (456.101990 -700.987976 247 ) (456.101990 -700.987976 285 ) (421.571960 -700.987976 285 ) (371.105011 -700.987976 247 ) 
4 210 211 (452.135986 -805.987976 313.976440 ) (452.136719 -700.987976 313.976563 ) (456.101990 -700.987976 311.002594 ) (456.101990 -805.987976 311.001923 ) 
4 211 212 (440.358795 -805.987976 305 ) (440.359375 -700.987976 305 ) (448.108795 -700.987976 305 ) (448.107941 -805.987976 305 ) 
4 212 250 (456.101990 -700.987976 247 ) (456.101990 -805.987976 247 ) (381.100037 -805.987976 247 ) (381.100037 -700.987976 247 ) 
4 212 215 (371.099976 -805.987976 247 ) (456.101990 -805.987976 247 ) (456.101990 -805.987976 285 ) (421.569305 -805.987976 285 ) 
4 212 214 (456.101990 -805.987976 290 ) (456.101990 -805.987976 305 ) (448.132111 -805.987976 305 ) (428.210022 -805.987976 290 ) 
4 213 241 (357.011475 -686.987976 247 ) (357.011475 -681.987976 247 ) (364.283173 -681.987976 247 ) (364.283142 -686.987976 247 ) 
4 213 239 (456.101990 -681.987976 317.001190 ) (452.179535 -681.987976 319.991577 ) (452.179535 -686.987976 319.991577 ) (456.101990 -686.987976 317.001190 ) 
4 214 224 (456.101990 -812.987976 305 ) (448.133118 -812.987976 305 ) (428.210999 -812.987976 290 ) (456.101990 -812.987976 290 ) 
4 214 217 (464.071350 -812.987976 305 ) (456.101990 -812.987976 305 ) (456.101990 -812.987976 290 ) (483.989685 -812.987976 290 ) 
4 215 226 (456.101990 -812.987976 285 ) (421.570313 -812.987976 285 ) (371.101013 -812.987976 247 ) (456.101990 -812.987976 247 ) 
4 215 217 (490.629120 -812.987976 285 ) (456.101990 -812.987976 285 ) (456.101990 -812.987976 247 ) (541.088989 -812.987976 247 ) 
4 216 238 (456.101990 -832.987976 317.001190 ) (456.101990 -896.987976 317.001190 ) (471.843842 -896.987976 305 ) (471.843842 -832.987976 305 ) 
4 216 222 (456.101990 -812.987976 317 ) (456.101990 -812.987976 311 ) (456.101990 -940.987976 311 ) (456.101990 -940.987976 317 ) 
4 216 217 (471.843750 -940.987976 305 ) (464.102783 -940.987976 305 ) (464.103821 -812.987976 305 ) (471.842285 -812.987976 305 ) 
4 217 259 (456.101990 -812.987976 247 ) (531.101990 -812.987976 247 ) (531.101990 -940.987976 247 ) (456.101990 -940.987976 247 ) 
4 217 238 (547.921875 -896.987976 247 ) (547.921875 -832.987976 247 ) (471.843842 -832.987976 305 ) (471.843842 -896.987976 305 ) 
4 217 226 (456.101990 -812.987976 290 ) (456.101990 -812.987976 247 ) (456.101990 -940.987976 247 ) (456.101990 -940.987976 290 ) 
4 217 224 (456.101990 -812.987976 305 ) (456.101990 -812.987976 290 ) (456.101990 -940.987976 290 ) (456.101990 -940.987976 305 ) 
4 217 219 (456.101990 -940.987976 285 ) (456.101990 -940.987976 247 ) (541.101929 -940.987976 247 ) (490.633179 -940.987976 285 ) 
4 217 218 (456.101990 -940.987976 305 ) (456.101990 -940.987976 290 ) (483.992584 -940.987976 290 ) (464.070740 -940.987976 305 ) 
4 218 225 (456.101990 -947.987976 290 ) (456.101990 -947.987976 305 ) (456.101990 -940.987976 305 ) (456.101990 -940.987976 290 ) 
4 218 221 (456.101990 -947.987976 305 ) (456.101990 -947.987976 290 ) (483.992584 -947.987976 290 ) (464.070740 -947.987976 305 ) 
4 219 227 (456.101990 -940.987976 247 ) (456.101990 -947.987976 247 ) (456.101990 -947.987976 285 ) (456.101990 -940.987976 285 ) 
4 219 221 (456.101990 -947.987976 285 ) (456.101990 -947.987976 247 ) (541.101929 -947.987976 247 ) (490.633179 -947.987976 285 ) 
4 220 228 (456.101990 -1021.989990 311 ) (456.101990 -1021.989990 317 ) (456.101990 -947.987976 317 ) (456.101990 -947.987976 311 ) 
4 220 221 (471.843750 -1021.989990 305 ) (464.102081 -1021.989990 305 ) (464.102753 -947.987976 305 ) (471.842285 -947.987976 305 ) 
4 221 262 (531.101990 -1014.989990 247 ) (456.101990 -1014.989990 247 ) (456.101990 -947.987976 247 ) (531.101990 -947.987976 247 ) 
4 221 232 (490.644897 -1021.989990 285 ) (456.101990 -1021.989990 285 ) (456.101990 -1021.989990 247 ) (541.109253 -1021.989990 247 ) 
4 221 231 (464.084595 -1021.989990 305 ) (456.101990 -1021.989990 305 ) (456.101990 -1021.989990 290 ) (484.004761 -1021.989990 290 ) 
4 221 230 (456.101990 -947.987976 247 ) (456.101990 -1021.989990 247 ) (456.101990 -1021.989990 305 ) (456.101990 -947.987976 305 ) 
4 222 223 (456.101990 -940.987976 310.998932 ) (452.134033 -940.987976 313.974548 ) (452.134949 -812.987976 313.974701 ) (456.101990 -812.987976 311 ) 
4 223 224 (440.359406 -940.987976 305 ) (440.360138 -812.987976 305 ) (448.107880 -812.987976 305 ) (448.106812 -940.987976 305 ) 
4 224 226 (420.683624 -940.987976 290 ) (420.684357 -812.987976 290 ) (456.101990 -812.987976 290 ) (456.101990 -940.987976 290 ) 
4 224 225 (428.212341 -940.987976 290 ) (456.101990 -940.987976 290 ) (456.101990 -940.987976 305 ) (448.133514 -940.987976 305 ) 
4 225 230 (456.101990 -947.987976 290 ) (456.101990 -947.987976 305 ) (448.134460 -947.987976 305 ) (428.213318 -947.987976 290 ) 
4 226 259 (381.100037 -812.987976 247 ) (456.101990 -812.987976 247 ) (456.101990 -940.987976 247 ) (381.100037 -940.987976 247 ) 
4 226 227 (456.101990 -940.987976 247 ) (456.101990 -940.987976 285 ) (421.571960 -940.987976 285 ) (371.104980 -940.987976 247 ) 
4 227 230 (456.101990 -947.987976 247 ) (456.101990 -947.987976 285 ) (421.572937 -947.987976 285 ) (371.105957 -947.987976 247 ) 
4 228 229 (452.132294 -1021.989990 313.976471 ) (452.132813 -947.987976 313.976563 ) (456.101990 -947.987976 311 ) (456.101990 -1021.989990 311 ) 
4 229 230 (440.358978 -1021.989990 305 ) (440.359375 -947.987976 305 ) (448.106689 -947.987976 305 ) (448.106079 -1021.989990 305 ) 
4 230 262 (456.101990 -947.987976 247 ) (456.101990 -1014.989990 247 ) (381.100037 -1014.989990 247 ) (381.100037 -947.987976 247 ) 
4 230 232 (371.109009 -1021.989990 247 ) (456.101990 -1021.989990 247 ) (456.101990 -1021.989990 285 ) (421.573608 -1021.989990 285 ) 
4 230 231 (456.101990 -1021.989990 290 ) (456.101990 -1021.989990 305 ) (448.133881 -1021.989990 305 ) (428.213654 -1021.989990 290 ) 
4 231 687 (456.101990 -1024 305 ) (448.133881 -1024 305 ) (428.213654 -1024 290 ) (456.101990 -1024 290 ) 
4 231 680 (464.085388 -1024 305 ) (456.101990 -1024 305 ) (456.101990 -1024 290 ) (484.005524 -1024 290 ) 
4 232 688 (371.109009 -1024 247 ) (456.101990 -1024 247 ) (456.101990 -1024 285 ) (421.573578 -1024 285 ) 
4 232 681 (456.101990 -1024 247 ) (541.110107 -1024 247 ) (490.645660 -1024 285 ) (456.101990 -1024 285 ) 
4 233 963 (0 -736 664.721313 ) (0 0 664.721313 ) (0 0 288 ) (0 -736 288 ) 
4 233 240 (0 -686.987976 664.721863 ) (0 -736 664.721863 ) (352 -736 396.365936 ) (352 -686.987976 396.365936 ) 
4 233 239 (0 0 664.721863 ) (0 -686.987976 664.721863 ) (352 -686.987976 396.365936 ) (352 0 396.365906 ) 
4 233 235 (352 -736 288 ) (352 -736 396.367188 ) (0 -736 664.723633 ) (0 -736 288 ) 
4 234 972 (0 -447.988007 247 ) (0 -736 247 ) (0 -736 280 ) (0 -447.988007 280 ) 
4 234 966 (0 0 280 ) (0 0 247 ) (0 -447.988007 247 ) (0 -447.988007 280 ) 
4 234 244 (0 -736 247 ) (0 -686.987976 247 ) (352 -686.987976 247 ) (352 -736 247 ) 
4 234 241 (0 -686.987976 247 ) (0 0 247 ) (352 0 247 ) (352 -686.987976 247 ) 
4 234 235 (0 -736 247 ) (352 -736 247 ) (352 -736 280 ) (0 -736 280 ) 
4 235 1023 (0 -1024 247 ) (0 -1024 664.721313 ) (0 -991.987976 664.721313 ) (0 -991.987976 247 ) 
4 235 986 (0 -991.987976 664.721313 ) (0 -983.987976 664.721313 ) (0 -983.987976 247 ) (0 -991.987976 247 ) 
4 235 975 (0 -746.670044 247 ) (0 -752 247 ) (0 -752 280 ) (0 -746.670044 280 ) 
4 235 976 (0 -752 247 ) (0 -983.987976 247 ) (0 -983.987976 280 ) (0 -752 280 ) 
4 235 974 (0 -741.330017 247 ) (0 -746.670044 247 ) (0 -746.670044 280 ) (0 -741.330017 280 ) 
4 235 973 (0 -736 280 ) (0 -736 247 ) (0 -741.330017 247 ) (0 -741.330017 280 ) 
4 235 964 (0 -736 288 ) (0 -736 280 ) (0 -983.987976 280 ) (0 -983.987976 288 ) 
4 235 963 (0 -983.987976 664.721313 ) (0 -736 664.721313 ) (0 -736 288 ) (0 -983.987976 288 ) 
4 235 732 (88 -1024 247 ) (96 -1024 247 ) (96 -1024 591.533203 ) (88 -1024 597.632202 ) 
4 235 733 (0 -1024 664.721313 ) (0 -1024 247 ) (88 -1024 247 ) (88 -1024 597.632202 ) 
4 235 728 (96 -1024 247 ) (352 -1024 247 ) (352 -1024 396.364868 ) (96 -1024 591.533203 ) 
4 235 269 (352 -1024 247 ) (0 -1024 247 ) (0 -947.987976 247 ) (352 -947.987976 247 ) 
4 235 264 (0 -947.987976 247 ) (0 -812.987976 247 ) (352 -812.987976 247 ) (352 -947.987976 247 ) 
4 235 244 (0 -812.987976 247 ) (0 -736 247 ) (352 -736 247 ) (352 -812.987976 247 ) 
4 235 240 (0 -736 664.721863 ) (0 -1024 664.721863 ) (352 -1024 396.365936 ) (352 -736 396.365936 ) 
5 236 676 (1024 -1024 247 ) (1024 -1024 696 ) (456.101990 -1024 696 ) (456.101990 -1024 323 ) (555.190613 -1024 247 ) 
4 236 242 (1024 -1024 247 ) (555.190613 -1024 247 ) (555.190613 -686.987976 247 ) (1024 -686.987976 247 ) 
4 236 241 (555.190613 -686.987976 247 ) (555.190613 0 247 ) (1024 0 247 ) (1024 -686.987976 247 ) 
4 236 240 (456.101990 -686.987976 323 ) (456.101990 -1024 323 ) (456.101990 -1024 696 ) (456.101990 -686.987976 696 ) 
4 236 239 (456.101990 0 696 ) (456.101990 0 323 ) (456.101990 -686.987976 323 ) (456.101990 -686.987976 696 ) 
4 236 237 (456.101990 -686.987976 323.001923 ) (456.101990 0 323.001953 ) (555.193115 0 247 ) (555.193054 -686.987976 247 ) 
4 236 238 (456.101990 -896.987976 323.001923 ) (456.101990 -832.987976 323.001923 ) (555.193054 -832.987976 247 ) (555.193054 -896.987976 247 ) 
4 237 241 (547.920166 -686.987976 247 ) (547.920166 0 247 ) (555.190613 0 247 ) (555.190613 -686.987976 247 ) 
4 237 239 (456.101990 0 323 ) (456.101990 0 317 ) (456.101990 -686.987976 317 ) (456.101990 -686.987976 323 ) 
4 238 257 (547.920166 -896.987976 247 ) (547.920166 -832.987976 247 ) (555.190613 -832.987976 247 ) (555.190613 -896.987976 247 ) 
4 239 963 (0 -686.987976 696 ) (0 0 696 ) (0 0 664.721313 ) (0 -686.987976 664.721313 ) 
5 239 240 (456.101990 -686.987976 323 ) (456.101990 -686.987976 696 ) (0 -686.987976 696 ) (0 -686.987976 664.721375 ) (452.178741 -686.987976 319.990997 ) 
4 240 1023 (0 -1024 664.721313 ) (0 -1024 696 ) (0 -991.987976 696 ) (0 -991.987976 664.721313 ) 
4 240 986 (0 -991.987976 696 ) (0 -983.987976 696 ) (0 -983.987976 664.721313 ) (0 -991.987976 664.721313 ) 
4 240 963 (0 -983.987976 696 ) (0 -686.987976 696 ) (0 -686.987976 664.721313 ) (0 -983.987976 664.721313 ) 
4 240 732 (88 -1024 597.632202 ) (96 -1024 591.533203 ) (96 -1024 696 ) (88 -1024 696 ) 
4 240 733 (0 -1024 696 ) (0 -1024 664.721313 ) (88 -1024 597.632202 ) (88 -1024 696 ) 
4 240 728 (96 -1024 591.533203 ) (364.100037 -1024 387.140106 ) (364.100037 -1024 696 ) (96 -1024 696 ) 
4 240 686 (364.100037 -1024 387.140106 ) (452.178741 -1024 319.990997 ) (456.101990 -1024 323 ) (364.100037 -1024 393.564606 ) 
4 240 676 (456.101990 -1024 323 ) (456.101990 -1024 696 ) (364.100037 -1024 696 ) (364.100037 -1024 393.564606 ) 
4 241 972 (0 -686.987976 247 ) (0 -447.988007 247 ) (0 -447.988007 242 ) (0 -686.987976 242 ) 
4 241 966 (0 -447.988007 247 ) (0 0 247 ) (0 0 242 ) (0 -447.988007 242 ) 
4 241 593 (40 -686.987976 242 ) (0 -686.987976 242 ) (0 -447.988007 242 ) (40 -447.988007 242 ) 
4 241 592 (88 -686.987976 242 ) (40 -686.987976 242 ) (40 -447.988007 242 ) (88 -447.988007 242 ) 
4 241 565 (352 -686.987976 242 ) (88 -686.987976 242 ) (88 -586 242 ) (352 -586 242 ) 
4 241 562 (304 -580 242 ) (304 -586 242 ) (202 -586 242 ) (202 -580 242 ) 
4 241 561 (202 -447.988007 242 ) (304 -447.988007 242 ) (304 -580 242 ) (202 -580 242 ) 
4 241 560 (304 -447.988007 242 ) (352 -447.988007 242 ) (352 -586 242 ) (304 -586 242 ) 
4 241 564 (88 -586 242 ) (88 -447.988007 242 ) (202 -447.988007 242 ) (202 -586 242 ) 
4 241 554 (359.100037 -598.987976 242 ) (359.100037 -578.987976 242 ) (364.100037 -578.987976 242 ) (364.100037 -598.987976 242 ) 
4 241 553 (359.100037 -578.987976 242 ) (359.100037 -447.988007 242 ) (364.100037 -447.988007 242 ) (364.100037 -578.987976 242 ) 
4 241 556 (364.100037 -686.987976 242 ) (359.100037 -686.987976 242 ) (359.100037 -598.987976 242 ) (364.100037 -598.987976 242 ) 
4 241 557 (359.100037 -686.987976 242 ) (352 -686.987976 242 ) (352 -447.988007 242 ) (359.100037 -447.988007 242 ) 
4 241 548 (0 -447.988007 242 ) (0 0 242 ) (364.100037 0 242 ) (364.100037 -447.988007 242 ) 
4 241 544 (1024 -511.988007 242 ) (1024 -686.987976 242 ) (554.478638 -686.987976 242 ) (554.478638 -511.988007 242 ) 
4 241 542 (1024 -415.988007 242 ) (1024 -511.988007 242 ) (554.478638 -511.988007 242 ) (554.478638 -415.988007 242 ) 
4 241 521 (512.101929 -686.987976 242 ) (507.101959 -686.987976 242 ) (507.101959 -661.987976 242 ) (512.101929 -661.987976 242 ) 
4 241 520 (531.101990 -686.987976 242 ) (512.101929 -686.987976 242 ) (512.101929 -661.987976 242 ) (531.101990 -661.987976 242 ) 
4 241 431 (376.100037 -686.987976 242 ) (364.100037 -686.987976 242 ) (364.100037 -661.987976 242 ) (376.100037 -661.987976 242 ) 
4 241 411 (381.100037 -686.987976 242 ) (376.100037 -686.987976 242 ) (376.100037 -661.987976 242 ) (381.100037 -661.987976 242 ) 
4 241 409 (405.093994 -686.987976 242 ) (381.100037 -686.987976 242 ) (381.100037 -661.987976 242 ) (405.093994 -661.987976 242 ) 
4 241 395 (500 -686.987976 242 ) (405.093994 -686.987976 242 ) (405.093994 -672 242 ) (500 -672 242 ) 
4 241 394 (405.093994 -672 242 ) (405.093994 -661.987976 242 ) (500 -661.987976 242 ) (500 -672 242 ) 
4 241 393 (507.101959 -686.987976 242 ) (500 -686.987976 242 ) (500 -661.987976 242 ) (507.101959 -661.987976 242 ) 
4 241 343 (550.101990 -686.987976 242 ) (531.101990 -686.987976 242 ) (531.101990 -661.987976 242 ) (550.101990 -661.987976 242 ) 
4 241 297 (364.100037 -661.987976 242 ) (364.100037 -526.987976 242 ) (550.101990 -526.987976 242 ) (550.101990 -661.987976 242 ) 
4 241 294 (384 -511.988007 242 ) (480 -511.988007 242 ) (480 -526.987976 242 ) (384 -526.987976 242 ) 
4 241 293 (480 -511.988007 242 ) (550.101990 -511.988007 242 ) (550.101990 -526.987976 242 ) (480 -526.987976 242 ) 
4 241 296 (364.100037 -526.987976 242 ) (364.100037 -511.988007 242 ) (384 -511.988007 242 ) (384 -526.987976 242 ) 
4 241 286 (554.478638 -686.987976 242 ) (550.101990 -686.987976 242 ) (550.101990 -511.988007 242 ) (554.478638 -511.988007 242 ) 
4 241 283 (384 -415.988007 242 ) (480 -415.988007 242 ) (480 -511.988007 242 ) (384 -511.988007 242 ) 
4 241 285 (364.100037 -511.988007 242 ) (364.100037 -415.988007 242 ) (384 -415.988007 242 ) (384 -511.988007 242 ) 
4 241 281 (480 -415.988007 242 ) (554.478638 -415.988007 242 ) (554.478638 -511.988007 242 ) (480 -511.988007 242 ) 
4 241 280 (1024 -127.987999 242 ) (1024 -415.988007 242 ) (364.100037 -415.988007 242 ) (364.100037 -127.987999 242 ) 
4 241 278 (512 -127.987999 242 ) (364.100037 -127.987999 242 ) (364.100037 -31.988302 242 ) (512 -31.988302 242 ) 
4 241 277 (364.100037 -31.988302 242 ) (364.100037 0 242 ) (512 0 242 ) (512 -31.988302 242 ) 
4 241 275 (608 -127.987999 242 ) (512 -127.987999 242 ) (512 0 242 ) (608 0 242 ) 
4 241 274 (1024 0 242 ) (1024 -127.987999 242 ) (608 -127.987999 242 ) (608 0 242 ) 
4 241 246 (357.724487 -686.987976 242 ) (554.478577 -686.987976 242 ) (547.920227 -686.987976 247 ) (364.283112 -686.987976 247 ) 
3 241 245 (350.492340 -686.987976 242 ) (354.101471 -686.987976 242 ) (353.101410 -686.987976 244.001099 ) 
4 241 244 (0 -686.987976 242 ) (350.492340 -686.987976 242 ) (357.011475 -686.987976 247 ) (0 -686.987976 247 ) 
3 241 243 (558.103455 -686.987976 242 ) (561.709534 -686.987976 242 ) (559.103394 -686.987976 243.998886 ) 
4 241 242 (561.709534 -686.987976 242 ) (1024 -686.987976 242 ) (1024 -686.987976 247 ) (555.190613 -686.987976 247 ) 
4 242 676 (1024 -1024 242 ) (1024 -1024 247 ) (555.190613 -1024 247 ) (561.709534 -1024 242 ) 
4 242 547 (1024 -896.987976 242 ) (1024 -1024 242 ) (561.709595 -1024 242 ) (561.709534 -896.987976 242 ) 
4 242 546 (1024 -832.987976 242 ) (1024 -896.987976 242 ) (561.709534 -896.987976 242 ) (561.709534 -832.987976 242 ) 
4 242 545 (1024 -686.987976 242 ) (1024 -832.987976 242 ) (561.709534 -832.987976 242 ) (561.709534 -686.987976 242 ) 
4 242 257 (555.191406 -896.987976 247 ) (555.191406 -832.987976 247 ) (559.104370 -832.987976 243.998795 ) (559.104675 -896.987976 243.998566 ) 
4 242 243 (559.103638 -686.987976 244 ) (561.710388 -686.987976 242 ) (561.710388 -1024 242 ) (559.105286 -1024 243.998093 ) 
3 243 677 (558.105713 -1024 242 ) (561.709534 -1024 242 ) (559.105042 -1024 243.997635 ) 
4 243 547 (561.709595 -1024 242 ) (558.105713 -1024 242 ) (558.104858 -896.987976 242 ) (561.709534 -896.987976 242 ) 
4 243 546 (558.104858 -896.987976 242 ) (558.104431 -832.987976 242 ) (561.709534 -832.987976 242 ) (561.709534 -896.987976 242 ) 
4 243 545 (558.104431 -832.987976 242 ) (558.103455 -686.987976 242 ) (561.709534 -686.987976 242 ) (561.709534 -832.987976 242 ) 
4 243 257 (559.104980 -896.987976 244 ) (559.104675 -832.987976 244 ) (558.103760 -832.987976 242 ) (558.104187 -896.987976 242 ) 
4 244 975 (0 -752 247 ) (0 -746.670044 247 ) (0 -746.670044 242 ) (0 -752 242 ) 
4 244 976 (0 -812.987976 247 ) (0 -752 247 ) (0 -752 242 ) (0 -812.987976 242 ) 
4 244 974 (0 -746.670044 247 ) (0 -741.330017 247 ) (0 -741.330017 242 ) (0 -746.670044 242 ) 
4 244 973 (0 -741.330017 247 ) (0 -735.987976 247 ) (0 -735.987976 242 ) (0 -741.330017 242 ) 
4 244 972 (0 -735.987976 247 ) (0 -686.987976 247 ) (0 -686.987976 242 ) (0 -735.987976 242 ) 
4 244 597 (0 -752 242 ) (0 -746.670044 242 ) (40 -746.670044 242 ) (40 -752 242 ) 
4 244 598 (0 -812.987976 242 ) (0 -752 242 ) (40 -752 242 ) (40 -812.987976 242 ) 
4 244 596 (40 -746.670044 242 ) (88 -746.670044 242 ) (88 -812.987976 242 ) (40 -812.987976 242 ) 
4 244 595 (0 -746.670044 242 ) (0 -741.330017 242 ) (40 -741.330017 242 ) (40 -746.670044 242 ) 
4 244 594 (0 -741.330017 242 ) (0 -735.987976 242 ) (40 -735.987976 242 ) (40 -741.330017 242 ) 
4 244 593 (0 -735.987976 242 ) (0 -686.987976 242 ) (40 -686.987976 242 ) (40 -735.987976 242 ) 
4 244 592 (40 -686.987976 242 ) (88 -686.987976 242 ) (88 -746.670044 242 ) (40 -746.670044 242 ) 
4 244 566 (350.492340 -735.987976 242 ) (350.492340 -812.987976 242 ) (88 -812.987976 242 ) (88 -735.987976 242 ) 
4 244 565 (88 -686.987976 242 ) (350.492340 -686.987976 242 ) (350.492340 -735.987976 242 ) (88 -735.987976 242 ) 
4 244 264 (0 -812.987976 242 ) (350.492340 -812.987976 242 ) (357.011475 -812.987976 247 ) (0 -812.987976 247 ) 
4 244 253 (353.101593 -812.987976 244 ) (350.493927 -812.987976 242 ) (350.493835 -805.987976 242 ) (353.101593 -805.987976 244 ) 
4 244 251 (350.493835 -805.987976 242 ) (350.492371 -700.987976 242 ) (353.101440 -700.987976 244 ) (353.101593 -805.987976 244 ) 
4 244 245 (350.492371 -700.987976 242 ) (350.492188 -686.987976 242 ) (353.101410 -686.987976 244.001083 ) (353.101440 -700.987976 244 ) 
4 245 565 (350.492340 -686.987976 242 ) (352 -686.987976 242 ) (352 -700.987976 242 ) (350.492340 -700.987976 242 ) 
4 245 559 (352 -686.987976 242 ) (354.101471 -686.987976 242 ) (354.101440 -700.987976 242 ) (352 -700.987976 242 ) 
3 245 251 (353.098389 -700.987976 244.007080 ) (350.481506 -700.987976 242 ) (354.101410 -700.987976 242 ) 
4 246 558 (357.724487 -686.987976 242 ) (364.100037 -686.987976 242 ) (364.100037 -693.987976 242 ) (357.724457 -693.987976 242 ) 
4 246 521 (507.101959 -686.987976 242 ) (512.101929 -686.987976 242 ) (512.101929 -693.987976 242 ) (507.101959 -693.987976 242 ) 
4 246 520 (512.101929 -686.987976 242 ) (531.101990 -686.987976 242 ) (531.101990 -693.987976 242 ) (512.101929 -693.987976 242 ) 
4 246 431 (364.100037 -686.987976 242 ) (376.100037 -686.987976 242 ) (376.100037 -693.987976 242 ) (364.100037 -693.987976 242 ) 
4 246 411 (376.100037 -686.987976 242 ) (381.100037 -686.987976 242 ) (381.100037 -693.987976 242 ) (376.100037 -693.987976 242 ) 
4 246 409 (381.100037 -686.987976 242 ) (405.093994 -686.987976 242 ) (405.093994 -693.987976 242 ) (381.100037 -693.987976 242 ) 
4 246 395 (405.093994 -686.987976 242 ) (500 -686.987976 242 ) (500 -693.987976 242 ) (405.093994 -693.987976 242 ) 
4 246 393 (500 -686.987976 242 ) (507.101959 -686.987976 242 ) (507.101959 -693.987976 242 ) (500 -693.987976 242 ) 
4 246 343 (531.101990 -686.987976 242 ) (550.101990 -686.987976 242 ) (550.101990 -693.987976 242 ) (531.101990 -693.987976 242 ) 
4 246 286 (550.101990 -686.987976 242 ) (554.478577 -686.987976 242 ) (554.478638 -693.987976 242 ) (550.101990 -693.987976 242 ) 
3 246 248 (357.724457 -693.987976 242 ) (364.100037 -693.987976 242 ) (364.100037 -693.987976 246.860458 ) 
3 246 247 (548.101990 -693.987976 242 ) (554.478638 -693.987976 242 ) (548.101990 -693.987976 246.861435 ) 
4 247 344 (550.101990 -700.987976 242 ) (548.101990 -700.987976 242 ) (548.101990 -693.987976 242 ) (550.101990 -693.987976 242 ) 
4 247 286 (554.478699 -700.987976 242 ) (550.101990 -700.987976 242 ) (550.101990 -693.987976 242 ) (554.478638 -693.987976 242 ) 
3 247 249 (548.101990 -700.987976 246.861389 ) (548.101990 -700.987976 242 ) (554.478699 -700.987976 242 ) 
4 248 558 (364.100037 -700.987976 242 ) (357.724396 -700.987976 242 ) (357.724457 -693.987976 242 ) (364.100037 -693.987976 242 ) 
3 248 252 (357.724396 -700.987976 242 ) (364.100037 -700.987976 242 ) (364.100037 -700.987976 246.860489 ) 
4 249 346 (550.101990 -805.987976 242 ) (548.101990 -805.987976 242 ) (548.101990 -700.987976 242 ) (550.101990 -700.987976 242 ) 
4 249 286 (554.478577 -805.987976 242 ) (550.101990 -805.987976 242 ) (550.101990 -700.987976 242 ) (554.478699 -700.987976 242 ) 
3 249 254 (548.101990 -805.987976 246.861389 ) (548.101990 -805.987976 242 ) (554.478699 -805.987976 242 ) 
4 250 522 (512.101929 -805.987976 242 ) (507.101959 -805.987976 242 ) (507.101959 -700.987976 242 ) (512.101929 -700.987976 242 ) 
4 250 520 (531.101990 -805.987976 242 ) (512.101929 -805.987976 242 ) (512.101929 -700.987976 242 ) (531.101990 -700.987976 242 ) 
4 250 413 (500 -805.987976 242 ) (404.149994 -805.987976 242 ) (404.149994 -700.987976 242 ) (500 -700.987976 242 ) 
4 250 412 (507.101959 -805.987976 242 ) (500 -805.987976 242 ) (500 -700.987976 242 ) (507.101959 -700.987976 242 ) 
4 250 415 (404.149994 -805.987976 242 ) (381.100037 -805.987976 242 ) (381.100037 -700.987976 242 ) (404.149994 -700.987976 242 ) 
4 251 566 (352 -805.987976 242 ) (350.492340 -805.987976 242 ) (350.492340 -735.987976 242 ) (352 -735.987976 242 ) 
4 251 565 (350.492340 -735.987976 242 ) (350.492340 -700.987976 242 ) (352 -700.987976 242 ) (352 -735.987976 242 ) 
4 251 559 (354.101166 -805.987976 242 ) (352 -805.987976 242 ) (352 -700.987976 242 ) (354.101440 -700.987976 242 ) 
3 251 253 (353.098175 -805.987976 244.006927 ) (350.481506 -805.987976 242 ) (354.101166 -805.987976 242 ) 
4 252 558 (364.100037 -805.987976 242 ) (357.723816 -805.987976 242 ) (357.724396 -700.987976 242 ) (364.100037 -700.987976 242 ) 
3 252 255 (357.723816 -805.987976 242 ) (364.100037 -805.987976 242 ) (364.100037 -805.987976 246.860931 ) 
4 253 566 (352 -812.987976 242 ) (350.492340 -812.987976 242 ) (350.492340 -805.987976 242 ) (352 -805.987976 242 ) 
4 253 559 (354.101135 -812.987976 242 ) (352 -812.987976 242 ) (352 -805.987976 242 ) (354.101166 -805.987976 242 ) 
3 253 265 (350.492340 -812.987976 242 ) (354.101135 -812.987976 242 ) (353.101166 -812.987976 244 ) 
4 254 353 (550.101990 -812.987976 242 ) (548.101990 -812.987976 242 ) (548.101990 -805.987976 242 ) (550.101990 -805.987976 242 ) 
4 254 286 (554.478638 -812.987976 242 ) (550.101990 -812.987976 242 ) (550.101990 -805.987976 242 ) (554.478577 -805.987976 242 ) 
3 254 256 (548.101990 -812.987976 242 ) (554.478699 -812.987976 242 ) (548.101990 -812.987976 246.861389 ) 
4 255 558 (364.100037 -812.987976 242 ) (357.723755 -812.987976 242 ) (357.723816 -805.987976 242 ) (364.100037 -805.987976 242 ) 
3 255 266 (357.723755 -812.987976 242 ) (364.100037 -812.987976 242 ) (364.100037 -812.987976 246.860962 ) 
4 256 370 (548.101990 -812.987976 242 ) (550.101990 -812.987976 242 ) (550.101990 -832.987976 242 ) (548.101990 -832.987976 242 ) 
4 256 286 (550.101990 -812.987976 242 ) (554.478638 -812.987976 242 ) (554.478638 -832.987976 242 ) (550.101990 -832.987976 242 ) 
3 256 257 (548.101990 -832.987976 242 ) (554.478577 -832.987976 242 ) (548.101990 -832.987976 246.861389 ) 
4 257 546 (558.104431 -832.987976 242 ) (558.104858 -896.987976 242 ) (554.478577 -896.987976 242 ) (554.478638 -832.987976 242 ) 
4 257 370 (550.101990 -896.987976 242 ) (548.101990 -896.987976 242 ) (548.101990 -832.987976 242 ) (550.101990 -832.987976 242 ) 
4 257 286 (554.478577 -896.987976 242 ) (550.101990 -896.987976 242 ) (550.101990 -832.987976 242 ) (554.478638 -832.987976 242 ) 
3 257 258 (548.101990 -896.987976 242 ) (554.478577 -896.987976 242 ) (548.101990 -896.987976 246.861389 ) 
4 258 370 (550.101990 -940.987976 242 ) (548.101990 -940.987976 242 ) (548.101990 -896.987976 242 ) (550.101990 -896.987976 242 ) 
4 258 286 (554.478638 -940.987976 242 ) (550.101990 -940.987976 242 ) (550.101990 -896.987976 242 ) (554.478577 -896.987976 242 ) 
3 258 260 (548.101990 -940.987976 242 ) (554.478638 -940.987976 242 ) (548.101990 -940.987976 246.861389 ) 
4 259 523 (507.101959 -812.987976 242 ) (512.101929 -812.987976 242 ) (512.101929 -940.987976 242 ) (507.101959 -940.987976 242 ) 
4 259 520 (512.101929 -812.987976 242 ) (531.101990 -812.987976 242 ) (531.101990 -940.987976 242 ) (512.101929 -940.987976 242 ) 
4 259 436 (381.100037 -940.987976 242 ) (381.100037 -812.987976 242 ) (507.101959 -812.987976 242 ) (507.101959 -940.987976 242 ) 
4 260 370 (548.101990 -940.987976 242 ) (550.101990 -940.987976 242 ) (550.101990 -947.987976 242 ) (548.101990 -947.987976 242 ) 
4 260 286 (550.101990 -940.987976 242 ) (554.478638 -940.987976 242 ) (554.478638 -947.987976 242 ) (550.101990 -947.987976 242 ) 
3 260 261 (548.101990 -947.987976 242 ) (554.478638 -947.987976 242 ) (548.101990 -947.987976 246.861389 ) 
4 261 370 (548.101990 -947.987976 242 ) (550.101990 -947.987976 242 ) (550.101990 -1014.989990 242 ) (548.101990 -1014.989990 242 ) 
4 261 286 (550.101990 -947.987976 242 ) (554.478638 -947.987976 242 ) (554.478638 -1014.989990 242 ) (550.101990 -1014.989990 242 ) 
3 261 263 (548.101990 -1014.989990 242 ) (554.478638 -1014.989990 242 ) (548.101990 -1014.989990 246.861389 ) 
4 262 524 (507.101959 -947.987976 242 ) (512.101929 -947.987976 242 ) (512.101929 -1014.989990 242 ) (507.101959 -1014.989990 242 ) 
4 262 520 (512.101929 -947.987976 242 ) (531.101990 -947.987976 242 ) (531.101990 -1014.989990 242 ) (512.101929 -1014.989990 242 ) 
4 262 470 (404.149994 -947.987976 242 ) (500 -947.987976 242 ) (500 -1004 242 ) (404.149994 -1004 242 ) 
4 262 472 (500 -1004 242 ) (500 -1014.989990 242 ) (404.149994 -1014.989990 242 ) (404.149994 -1004 242 ) 
4 262 469 (500 -947.987976 242 ) (507.101959 -947.987976 242 ) (507.101959 -1014.989990 242 ) (500 -1014.989990 242 ) 
4 262 473 (381.100037 -1014.989990 242 ) (381.100037 -947.987976 242 ) (404.149994 -947.987976 242 ) (404.149994 -1014.989990 242 ) 
3 263 678 (548.101990 -1024 246.861389 ) (548.101990 -1024 242 ) (554.478638 -1024 242 ) 
4 263 525 (554.478638 -1024 242 ) (548.101990 -1024 242 ) (548.101990 -1014.989990 242 ) (554.478638 -1014.989990 242 ) 
4 264 976 (0 -947.987976 247 ) (0 -812.987976 247 ) (0 -812.987976 242 ) (0 -947.987976 242 ) 
4 264 598 (0 -947.987976 242 ) (0 -812.987976 242 ) (40 -812.987976 242 ) (40 -947.987976 242 ) 
4 264 596 (40 -812.987976 242 ) (88 -812.987976 242 ) (88 -947.987976 242 ) (40 -947.987976 242 ) 
4 264 566 (88 -812.987976 242 ) (350.492371 -812.987976 242 ) (350.492371 -947.987976 242 ) (88 -947.987976 242 ) 
4 264 269 (0 -947.987976 242 ) (350.492371 -947.987976 242 ) (357.011475 -947.987976 247 ) (0 -947.987976 247 ) 
4 264 267 (353.100433 -947.987976 244.001572 ) (350.490753 -947.987976 242 ) (350.490814 -940.987976 242 ) (353.100464 -940.987976 244.001541 ) 
4 264 265 (350.490814 -940.987976 242 ) (350.492188 -812.987976 242 ) (353.101166 -812.987976 244 ) (353.100464 -940.987976 244.001541 ) 
4 265 566 (350.492371 -812.987976 242 ) (352 -812.987976 242 ) (352 -940.987976 242 ) (350.492371 -940.987976 242 ) 
4 265 559 (352 -812.987976 242 ) (354.101135 -812.987976 242 ) (354.100769 -940.987976 242 ) (352 -940.987976 242 ) 
3 265 267 (353.097626 -940.987976 244.007217 ) (350.480591 -940.987976 242 ) (354.100739 -940.987976 242 ) 
4 266 558 (357.723755 -812.987976 242 ) (364.100037 -812.987976 242 ) (364.100037 -940.987976 242 ) (357.723053 -940.987976 242 ) 
3 266 268 (357.723053 -940.987976 242 ) (364.100037 -940.987976 242 ) (364.100037 -940.987976 246.861511 ) 
4 267 566 (352 -947.987976 242 ) (350.492371 -947.987976 242 ) (350.492371 -940.987976 242 ) (352 -940.987976 242 ) 
4 267 559 (354.100769 -947.987976 242 ) (352 -947.987976 242 ) (352 -940.987976 242 ) (354.100769 -940.987976 242 ) 
3 267 270 (350.492371 -947.987976 242 ) (354.100769 -947.987976 242 ) (353.100891 -947.987976 244 ) 
4 268 558 (364.100037 -947.987976 242 ) (357.723022 -947.987976 242 ) (357.723053 -940.987976 242 ) (364.100037 -940.987976 242 ) 
3 268 271 (357.723022 -947.987976 242 ) (364.100037 -947.987976 242 ) (364.100037 -947.987976 246.861542 ) 
4 269 1023 (0 -1024 242 ) (0 -1024 247 ) (0 -991.987976 247 ) (0 -991.987976 242 ) 
4 269 986 (0 -991.987976 247 ) (0 -983.987976 247 ) (0 -983.987976 242 ) (0 -991.987976 242 ) 
4 269 976 (0 -983.987976 247 ) (0 -947.987976 247 ) (0 -947.987976 242 ) (0 -983.987976 242 ) 
4 269 732 (96 -1024 247 ) (88 -1024 247 ) (88 -1024 242 ) (96 -1024 242 ) 
4 269 733 (88 -1024 247 ) (0 -1024 247 ) (0 -1024 242 ) (88 -1024 242 ) 
4 269 728 (357.011475 -1024 247 ) (96 -1024 247 ) (96 -1024 242 ) (350.492371 -1024 242 ) 
4 269 599 (0 -991.987976 242 ) (0 -983.987976 242 ) (88 -983.987976 242 ) (88 -991.987976 242 ) 
4 269 602 (88 -1024 242 ) (0 -1024 242 ) (0 -991.987976 242 ) (88 -991.987976 242 ) 
4 269 598 (0 -983.987976 242 ) (0 -947.987976 242 ) (40 -947.987976 242 ) (40 -983.987976 242 ) 
4 269 596 (40 -947.987976 242 ) (88 -947.987976 242 ) (88 -983.987976 242 ) (40 -983.987976 242 ) 
4 269 587 (96 -1024 242 ) (88 -1024 242 ) (88 -991.987976 242 ) (96 -991.987976 242 ) 
4 269 586 (350.492371 -1024 242 ) (96 -1024 242 ) (96 -991.987976 242 ) (350.492371 -991.987976 242 ) 
4 269 566 (88 -991.987976 242 ) (88 -947.987976 242 ) (350.492371 -947.987976 242 ) (350.492371 -991.987976 242 ) 
4 269 272 (350.492188 -1024 242 ) (350.492188 -1014.989990 242 ) (353.100739 -1014.989990 244 ) (353.100739 -1024 244 ) 
4 269 270 (350.492188 -1014.989990 242 ) (350.492188 -947.987976 242 ) (353.100891 -947.987976 244 ) (353.100739 -1014.989990 244 ) 
4 270 586 (350.492371 -1014.989990 242 ) (350.492371 -991.987976 242 ) (352 -991.987976 242 ) (352 -1014.989990 242 ) 
4 270 566 (350.492371 -991.987976 242 ) (350.492371 -947.987976 242 ) (352 -947.987976 242 ) (352 -991.987976 242 ) 
4 270 559 (352 -947.987976 242 ) (354.100769 -947.987976 242 ) (354.100555 -1014.989990 242 ) (352 -1014.989990 242 ) 
3 270 272 (353.097473 -1014.989990 244.007095 ) (350.480591 -1014.989990 242 ) (354.100555 -1014.989990 242 ) 
4 271 558 (357.723022 -947.987976 242 ) (364.100037 -947.987976 242 ) (364.100037 -1014.989990 242 ) (357.722626 -1014.989990 242 ) 
3 271 273 (357.722626 -1014.989990 242 ) (364.100037 -1014.989990 242 ) (364.100037 -1014.989990 246.861832 ) 
3 272 730 (353.100769 -1024 244 ) (350.492371 -1024 242 ) (354.100555 -1024 242 ) 
4 272 586 (352 -1024 242 ) (350.492371 -1024 242 ) (350.492371 -1014.989990 242 ) (352 -1014.989990 242 ) 
4 272 559 (354.100555 -1024 242 ) (352 -1024 242 ) (352 -1014.989990 242 ) (354.100555 -1014.989990 242 ) 
3 273 729 (357.722595 -1024 242 ) (364.100037 -1024 242 ) (364.100037 -1024 246.861877 ) 
4 273 558 (364.100037 -1024 242 ) (357.722595 -1024 242 ) (357.722626 -1014.989990 242 ) (364.100037 -1014.989990 242 ) 
4 274 633 (608 0 0 ) (1024 0 0 ) (1024 -127.987999 0 ) (608 -127.987999 0 ) 
4 274 280 (608 -127.987999 0 ) (1024 -127.987999 0 ) (1024 -127.987999 242 ) (608 -127.987999 242 ) 
4 274 275 (608 -127.987999 80 ) (608 -127.987999 242 ) (608 0 242 ) (608 0 80 ) 
4 274 276 (608 0 0 ) (608 -127.987999 0 ) (608 -127.987999 64 ) (608 0 64 ) 
4 275 280 (608 -127.987999 80 ) (608 -127.987999 242 ) (512 -127.987999 242 ) (512 -127.987999 80 ) 
4 275 278 (512 -127.987999 80 ) (512 -127.987999 242 ) (512 -31.988302 242 ) (512 -31.988302 80 ) 
4 275 277 (512 -31.988302 242 ) (512 0 242 ) (512 0 80 ) (512 -31.988302 80 ) 
4 276 633 (512 0 0 ) (608 0 0 ) (608 -127.987999 0 ) (512 -127.987999 0 ) 
4 276 280 (512 -127.987999 0 ) (608 -127.987999 0 ) (608 -127.987999 64 ) (512 -127.987999 64 ) 
4 276 279 (512 -31.988302 0 ) (512 -127.987999 0 ) (512 -127.987999 64 ) (512 -31.988302 64 ) 
4 276 277 (512 0 0 ) (512 -31.988302 0 ) (512 -31.988302 64 ) (512 0 64 ) 
4 277 633 (364.100037 -31.988302 0 ) (364.100037 0 0 ) (512 0 0 ) (512 -31.988302 0 ) 
4 277 549 (364.100037 -31.988302 64 ) (364.100037 -31.988302 80 ) (364.100037 0 80 ) (364.100037 0 64 ) 
4 277 548 (364.100037 -31.988302 80 ) (364.100037 -31.988302 242 ) (364.100037 0 242 ) (364.100037 0 80 ) 
4 277 552 (364.100037 0 0 ) (364.100037 -31.988302 0 ) (364.100037 -31.988302 64 ) (364.100037 0 64 ) 
4 277 278 (364.100037 -31.988302 242 ) (364.100037 -31.988302 80 ) (512 -31.988302 80 ) (512 -31.988302 242 ) 
4 277 279 (364.100037 -31.988302 64 ) (364.100037 -31.988302 0 ) (512 -31.988302 0 ) (512 -31.988302 64 ) 
4 278 548 (364.100037 -127.987999 80 ) (364.100037 -127.987999 242 ) (364.100037 -31.988302 242 ) (364.100037 -31.988302 80 ) 
4 278 280 (364.100037 -127.987999 242 ) (364.100037 -127.987999 80 ) (512 -127.987999 80 ) (512 -127.987999 242 ) 
3 279 634 (364.100037 -127.987999 0 ) (364.100037 -107.423737 0 ) (371.597229 -127.987999 0 ) 
5 279 633 (364.100037 -107.423737 0 ) (364.100037 -31.988302 0 ) (512 -31.988302 0 ) (512 -127.987999 0 ) (371.597229 -127.987999 0 ) 
4 279 552 (364.100037 -31.988302 0 ) (364.100037 -127.987999 0 ) (364.100037 -127.987999 64 ) (364.100037 -31.988302 64 ) 
4 279 280 (364.100037 -127.987999 64 ) (364.100037 -127.987999 0 ) (512 -127.987999 0 ) (512 -127.987999 64 ) 
4 280 634 (364.100037 -415.988007 0 ) (364.100037 -127.987999 0 ) (371.597198 -127.987999 0 ) (476.594116 -415.988007 0 ) 
4 280 633 (371.597198 -127.987999 0 ) (1024 -127.987999 0 ) (1024 -415.988007 0 ) (476.594116 -415.988007 0 ) 
4 280 551 (364.100037 -415.988007 64 ) (364.100037 -415.988007 80 ) (364.100037 -351.988007 80 ) (364.100037 -351.988007 64 ) 
4 280 550 (364.100037 -351.988007 80 ) (364.100037 -127.987999 80 ) (364.100037 -127.987999 64 ) (364.100037 -351.988007 64 ) 
4 280 548 (364.100037 -415.988007 80 ) (364.100037 -415.988007 242 ) (364.100037 -127.987999 242 ) (364.100037 -127.987999 80 ) 
4 280 552 (364.100037 -127.987999 0 ) (364.100037 -415.988007 0 ) (364.100037 -415.988007 64 ) (364.100037 -127.987999 64 ) 
4 280 542 (1024 -415.988007 80 ) (1024 -415.988007 242 ) (554.478638 -415.988007 242 ) (766.972168 -415.988007 80 ) 
4 280 543 (871.907227 -415.988007 0 ) (1024 -415.988007 0 ) (1024 -415.988007 64 ) (787.959167 -415.988007 64 ) 
4 280 283 (480 -415.988007 80 ) (480 -415.988007 242 ) (384 -415.988007 242 ) (384 -415.988007 80 ) 
4 280 284 (384 -415.988007 0 ) (480 -415.988007 0 ) (480 -415.988007 64 ) (384 -415.988007 64 ) 
4 280 285 (364.100037 -415.988007 242 ) (364.100037 -415.988007 0 ) (384 -415.988007 0 ) (384 -415.988007 242 ) 
4 280 281 (766.972168 -415.988007 80 ) (554.478638 -415.988007 242 ) (480 -415.988007 242 ) (480 -415.988007 80 ) 
4 280 282 (480 -415.988007 0 ) (871.907227 -415.988007 0 ) (787.959167 -415.988007 64 ) (480 -415.988007 64 ) 
4 281 542 (766.974609 -415.988007 80 ) (554.480164 -415.988007 242 ) (554.480164 -511.988007 242 ) (766.974609 -511.988007 80 ) 
4 281 293 (550.101990 -511.988007 242 ) (480 -511.988007 242 ) (480 -511.988007 80 ) (550.101990 -511.988007 80 ) 
4 281 287 (766.970459 -511.988007 80 ) (765.658752 -511.988007 81 ) (550.101990 -511.988007 81 ) (550.101990 -511.988007 80 ) 
4 281 286 (765.658752 -511.988007 81 ) (554.475464 -511.988007 242 ) (550.101990 -511.988007 242 ) (550.101990 -511.988007 81 ) 
4 281 283 (480 -511.988007 80 ) (480 -511.988007 242 ) (480 -415.988007 242 ) (480 -415.988007 80 ) 
3 282 634 (511.593140 -511.988007 0 ) (480 -511.988007 0 ) (480 -425.330109 0 ) 
5 282 633 (480 -415.988007 0 ) (871.907227 -415.988007 0 ) (871.907227 -511.988007 0 ) (511.593140 -511.988007 0 ) (480 -425.330109 0 ) 
4 282 543 (871.910156 -415.988007 0 ) (787.961731 -415.988007 64 ) (787.961731 -511.988007 64 ) (871.910156 -511.988007 0 ) 
4 282 293 (550.101990 -511.988007 64 ) (480 -511.988007 64 ) (480 -511.988007 0 ) (550.101990 -511.988007 0 ) 
4 282 287 (871.906250 -511.988007 0 ) (787.957642 -511.988007 64 ) (550.101990 -511.988007 64 ) (550.101990 -511.988007 0 ) 
4 282 284 (480 -511.988007 0 ) (480 -511.988007 64 ) (480 -415.988007 64 ) (480 -415.988007 0 ) 
4 283 294 (480 -511.988007 242 ) (384 -511.988007 242 ) (384 -511.988007 80 ) (480 -511.988007 80 ) 
4 283 285 (384 -511.988007 80 ) (384 -511.988007 242 ) (384 -415.988007 242 ) (384 -415.988007 80 ) 
5 284 634 (384 -415.988007 0 ) (476.594116 -415.988007 0 ) (480 -425.330109 0 ) (480 -511.988007 0 ) (384 -511.988007 0 ) 
3 284 633 (476.594116 -415.988007 0 ) (480 -415.988007 0 ) (480 -425.330109 0 ) 
4 284 295 (384 -511.988007 64 ) (384 -511.988007 0 ) (480 -511.988007 0 ) (480 -511.988007 64 ) 
4 284 285 (384 -511.988007 0 ) (384 -511.988007 64 ) (384 -415.988007 64 ) (384 -415.988007 0 ) 
3 285 635 (364.100037 -511.988007 0 ) (364.100037 -504.780701 0 ) (383.822632 -511.988007 0 ) 
5 285 634 (364.100037 -504.780701 0 ) (364.100037 -415.988007 0 ) (384 -415.988007 0 ) (384 -511.988007 0 ) (383.822632 -511.988007 0 ) 
4 285 553 (364.100037 -447.988007 0 ) (364.100037 -511.988007 0 ) (364.100037 -511.988007 242 ) (364.100037 -447.988007 242 ) 
4 285 551 (364.100037 -447.988007 64 ) (364.100037 -447.988007 80 ) (364.100037 -415.988007 80 ) (364.100037 -415.988007 64 ) 
4 285 548 (364.100037 -447.988007 80 ) (364.100037 -447.988007 242 ) (364.100037 -415.988007 242 ) (364.100037 -415.988007 80 ) 
4 285 552 (364.100037 -415.988007 0 ) (364.100037 -447.988007 0 ) (364.100037 -447.988007 64 ) (364.100037 -415.988007 64 ) 
4 285 296 (384 -511.988007 242 ) (364.100037 -511.988007 242 ) (364.100037 -511.988007 0 ) (384 -511.988007 0 ) 
4 286 547 (557.100525 -1014.989990 240.002304 ) (765.662964 -1014.989990 81 ) (765.662964 -896.987976 81 ) (557.101685 -896.987976 240.001419 ) 
4 286 546 (554.480164 -832.987976 242 ) (554.480164 -896.987976 242 ) (765.662964 -896.987976 81 ) (765.662964 -832.987976 81 ) 
4 286 545 (557.103821 -832.987976 240 ) (765.662964 -832.987976 81 ) (765.662964 -686.987976 81 ) (557.103149 -686.987976 240 ) 
4 286 544 (554.480164 -511.988007 242 ) (554.480164 -686.987976 242 ) (765.662964 -686.987976 81 ) (765.662903 -511.988007 81 ) 
4 286 525 (765.658752 -1014.989990 81 ) (554.475464 -1014.989990 242 ) (550.101990 -1014.989990 242 ) (550.101990 -1014.989990 81 ) 
4 286 370 (550.101990 -812.987976 81 ) (550.101990 -1014.989990 81 ) (550.101990 -1014.989990 242 ) (550.101990 -812.987976 242 ) 
4 286 353 (550.101990 -805.987976 81 ) (550.101990 -812.987976 81 ) (550.101990 -812.987976 242 ) (550.101990 -805.987976 242 ) 
4 286 351 (550.101990 -700.987976 81 ) (550.101990 -805.987976 81 ) (550.101990 -805.987976 83 ) (550.101990 -700.987976 83 ) 
4 286 346 (550.101990 -805.987976 83 ) (550.101990 -805.987976 242 ) (550.101990 -700.987976 242 ) (550.101990 -700.987976 83 ) 
4 286 344 (550.101990 -693.987976 81 ) (550.101990 -700.987976 81 ) (550.101990 -700.987976 242 ) (550.101990 -693.987976 242 ) 
4 286 343 (550.101990 -661.987976 81 ) (550.101990 -693.987976 81 ) (550.101990 -693.987976 242 ) (550.101990 -661.987976 242 ) 
4 286 299 (550.101990 -547.987976 81 ) (550.101990 -562.987976 81 ) (550.101990 -562.987976 101 ) (550.101990 -547.987976 101 ) 
4 286 298 (550.101990 -526.987976 81 ) (550.101990 -547.987976 81 ) (550.101990 -547.987976 101 ) (550.101990 -526.987976 101 ) 
4 286 301 (550.101990 -562.987976 81 ) (550.101990 -661.987976 81 ) (550.101990 -661.987976 101 ) (550.101990 -562.987976 101 ) 
4 286 297 (550.101990 -661.987976 101 ) (550.101990 -661.987976 242 ) (550.101990 -526.987976 242 ) (550.101990 -526.987976 101 ) 
4 286 293 (550.101990 -511.988007 242 ) (550.101990 -511.988007 81 ) (550.101990 -526.987976 81 ) (550.101990 -526.987976 242 ) 
3 286 292 (552 -936.990662 81 ) (553.426880 -940.916748 81 ) (550.130615 -942.118042 81 ) 
4 286 291 (580.366943 -1014.989990 81 ) (550.101990 -1014.989990 81 ) (550.101990 -942.128479 81 ) (553.426880 -940.916748 81 ) 
5 286 290 (624.905945 -1014.989990 81 ) (580.366943 -1014.989990 81 ) (550.101990 -931.774658 81 ) (550.101990 -820.205688 81 ) (552 -814.986694 81 ) 
4 286 289 (765.660156 -1014.989990 81 ) (624.905945 -1014.989990 81 ) (550.131775 -809.860229 81 ) (765.660278 -888.494629 81 ) 
4 286 288 (550.101990 -809.849365 81 ) (550.101990 -708.202026 81 ) (552 -702.987915 81 ) (597.187012 -827.028076 81 ) 
5 286 287 (550.101990 -697.777832 81 ) (550.101990 -511.988007 81 ) (765.660522 -511.988007 81 ) (765.660278 -888.494629 81 ) (597.187012 -827.028076 81 ) 
6 287 657 (871.907227 -576.915527 0 ) (871.907227 -640.936584 0 ) (613.671997 -735.026123 0 ) (556.012024 -714.002991 0 ) (550.101990 -697.779724 0 ) (550.101990 -694.129700 0 ) 
3 287 656 (613.671997 -735.026123 0 ) (569.529724 -751.109619 0 ) (556.012024 -714.002991 0 ) 
4 287 636 (574.726990 -685.160278 0 ) (562.354248 -689.666931 0 ) (550.101990 -656.048157 0 ) (550.101990 -617.615479 0 ) 
3 287 635 (562.354248 -689.666931 0 ) (550.101990 -694.129700 0 ) (550.101990 -656.048157 0 ) 
5 287 633 (550.101990 -511.988007 0 ) (871.907227 -511.988007 0 ) (871.907227 -576.915527 0 ) (574.726990 -685.160278 0 ) (550.101990 -617.615479 0 ) 
3 287 631 (871.907227 -898.941528 0 ) (871.907227 -927.258179 0 ) (833.064636 -913.086670 0 ) 
4 287 630 (871.907227 -837.891846 0 ) (871.907227 -898.941528 0 ) (833.064636 -913.086670 0 ) (749.028748 -882.426636 0 ) 
5 287 613 (871.907227 -640.936584 0 ) (871.907227 -837.891846 0 ) (749.028748 -882.426636 0 ) (597.186218 -827.027771 0 ) (569.529724 -751.109619 0 ) 
3 287 547 (871.910156 -927.259277 0 ) (871.910156 -896.987976 0 ) (788.939697 -896.987976 63.254467 ) 
5 287 546 (871.910156 -896.987976 0 ) (871.910156 -832.987976 0 ) (765.662964 -832.987976 81 ) (765.662964 -888.495605 81 ) (788.939697 -896.987976 63.254467 ) 
4 287 545 (871.910156 -832.987976 0 ) (871.910156 -686.987976 0 ) (765.662964 -686.987976 81 ) (765.662964 -832.987976 81 ) 
4 287 544 (871.910156 -686.987976 0 ) (871.910156 -511.988007 0 ) (765.662903 -511.988007 81 ) (765.662964 -686.987976 81 ) 
4 287 357 (550.101990 -687.987976 0 ) (550.101990 -697.779663 0 ) (550.101990 -697.777893 78 ) (550.101990 -687.987976 78 ) 
4 287 355 (550.101990 -661.987976 0 ) (550.101990 -687.987976 0 ) (550.101990 -687.987976 73 ) (550.101990 -661.987976 73 ) 
4 287 345 (550.101990 -697.777893 78 ) (550.101990 -697.777832 81 ) (550.101990 -693.987976 81 ) (550.101990 -693.987976 78 ) 
4 287 343 (550.101990 -693.987976 81 ) (550.101990 -661.987976 81 ) (550.101990 -661.987976 78 ) (550.101990 -693.987976 78 ) 
4 287 299 (550.101990 -562.987976 78 ) (550.101990 -562.987976 81 ) (550.101990 -547.987976 81 ) (550.101990 -547.987976 78 ) 
4 287 300 (550.101990 -547.987976 0 ) (550.101990 -562.987976 0 ) (550.101990 -562.987976 73 ) (550.101990 -547.987976 73 ) 
4 287 298 (550.101990 -526.987976 0 ) (550.101990 -547.987976 0 ) (550.101990 -547.987976 81 ) (550.101990 -526.987976 81 ) 
4 287 301 (550.101990 -562.987976 0 ) (550.101990 -661.987976 0 ) (550.101990 -661.987976 81 ) (550.101990 -562.987976 81 ) 
4 287 293 (550.101990 -511.988007 81 ) (550.101990 -511.988007 0 ) (550.101990 -526.987976 0 ) (550.101990 -526.987976 81 ) 
4 287 289 (871.907166 -927.258240 0 ) (765.660522 -888.494812 81 ) (597.187134 -827.028320 81 ) (597.186340 -827.028015 0 ) 
4 287 288 (597.185547 -827.025391 0 ) (597.186340 -827.025696 81 ) (552 -702.987610 81 ) (552 -702.988525 0 ) 
4 288 659 (550.101990 -711.848206 0 ) (550.101990 -708.202148 0 ) (552 -702.988892 0 ) (556.012024 -714.003052 0 ) 
4 288 656 (550.101990 -758.188232 0 ) (550.101990 -711.848206 0 ) (556.012024 -714.003052 0 ) (569.529724 -751.109619 0 ) 
4 288 613 (597.186218 -827.027771 0 ) (550.101990 -809.849365 0 ) (550.101990 -758.188232 0 ) (569.529724 -751.109619 0 ) 
4 288 358 (550.101990 -708.202087 0 ) (550.101990 -809.849365 0 ) (550.101990 -809.849365 78 ) (550.101990 -708.202026 78 ) 
4 288 354 (550.101990 -809.849365 78 ) (550.101990 -809.849365 81 ) (550.101990 -805.987976 81 ) (550.101990 -805.987976 78 ) 
4 288 352 (550.101990 -805.987976 81 ) (550.101990 -708.202026 81 ) (550.101990 -708.202026 78 ) (550.101990 -805.987976 78 ) 
4 288 289 (597.187134 -827.028320 81 ) (550.101990 -809.849609 81 ) (550.101990 -809.849609 0 ) (597.186340 -827.028015 0 ) 
5 289 631 (871.907227 -927.258179 0 ) (871.907227 -1014.989990 0 ) (624.905518 -1014.989990 0 ) (616.506836 -991.949707 0 ) (833.064636 -913.086670 0 ) 
4 289 630 (616.506836 -991.949707 0 ) (596.707153 -937.632629 0 ) (749.028748 -882.426636 0 ) (833.064636 -913.086670 0 ) 
3 289 615 (596.707153 -937.632629 0 ) (550.131348 -809.860046 0 ) (749.028748 -882.426636 0 ) 
5 289 547 (765.662964 -1014.989990 81 ) (871.910156 -1014.989990 0 ) (871.910156 -927.259277 0 ) (788.939697 -896.987976 63.254471 ) (765.662964 -896.987976 81 ) 
3 289 546 (788.939697 -896.987976 63.254471 ) (765.662964 -888.495605 81 ) (765.662964 -896.987976 81 ) 
4 289 526 (871.906250 -1014.989990 0 ) (765.658752 -1014.989990 81 ) (624.905945 -1014.989990 81 ) (624.905579 -1014.989990 0 ) 
4 289 290 (552 -814.989136 0 ) (624.903931 -1014.989990 0 ) (624.904297 -1014.989990 81 ) (552 -814.988647 81 ) 
4 290 631 (624.905518 -1014.989990 0 ) (580.367676 -1014.989990 0 ) (577.194702 -1006.265747 0 ) (616.506836 -991.949646 0 ) 
5 290 630 (577.194702 -1006.265747 0 ) (561.004211 -961.748901 0 ) (565.687012 -948.875183 0 ) (596.707153 -937.632568 0 ) (616.506836 -991.949646 0 ) 
3 290 627 (561.004211 -961.748901 0 ) (557.412781 -951.874023 0 ) (565.687012 -948.875183 0 ) 
5 290 616 (550.101990 -848.150879 0 ) (550.101990 -820.205688 0 ) (552 -814.987183 0 ) (596.707153 -937.632568 0 ) (584.384766 -942.098572 0 ) 
4 290 611 (552 -936.989624 0 ) (550.101990 -931.772522 0 ) (550.101990 -928.131042 0 ) (556.011475 -925.979614 0 ) 
4 290 609 (550.101990 -928.131042 0 ) (550.101990 -848.150879 0 ) (567.249207 -895.140686 0 ) (556.011475 -925.979614 0 ) 
4 290 606 (553.427612 -940.916565 0 ) (552 -936.989624 0 ) (567.249207 -895.140686 0 ) (580.370239 -931.097229 0 ) 
4 290 605 (557.412781 -951.874023 0 ) (553.427612 -940.916565 0 ) (580.370239 -931.097229 0 ) (584.384766 -942.098572 0 ) 
4 290 526 (624.905945 -1014.989990 81 ) (580.366943 -1014.989990 81 ) (580.367737 -1014.989990 0 ) (624.905579 -1014.989990 0 ) 
4 290 371 (550.101990 -820.205688 0 ) (550.101990 -931.772522 0 ) (550.101990 -931.774658 81 ) (550.101990 -820.205688 81 ) 
4 290 292 (553.428406 -940.916260 81 ) (552 -936.988281 81 ) (552 -936.987183 0 ) (553.429077 -940.915955 0 ) 
4 290 291 (580.367981 -1014.989990 0 ) (580.367188 -1014.989990 81 ) (553.428406 -940.916260 81 ) (553.429077 -940.915955 0 ) 
3 291 631 (580.367676 -1014.989990 0 ) (553.238098 -1014.989990 0 ) (577.194702 -1006.265747 0 ) 
5 291 630 (553.238098 -1014.989990 0 ) (550.101990 -1014.989990 0 ) (550.101990 -991.720947 0 ) (561.004211 -961.748840 0 ) (577.194702 -1006.265747 0 ) 
4 291 627 (550.101990 -991.720947 0 ) (550.101990 -954.523621 0 ) (557.412781 -951.873962 0 ) (561.004211 -961.748840 0 ) 
4 291 605 (550.101990 -954.523621 0 ) (550.101990 -942.128540 0 ) (553.427612 -940.916504 0 ) (557.412781 -951.873962 0 ) 
4 291 526 (580.366943 -1014.989990 81 ) (550.101990 -1014.989990 81 ) (550.101990 -1014.989990 0 ) (580.367737 -1014.989990 0 ) 
4 291 372 (550.101990 -942.128540 0 ) (550.101990 -1014.989990 0 ) (550.101990 -1014.989990 81 ) (550.101990 -942.128479 81 ) 
4 291 292 (553.429016 -940.915283 81 ) (553.429688 -940.915039 0 ) (550.101990 -942.128906 0 ) (550.101990 -942.128906 81 ) 
3 292 606 (552 -936.989624 0 ) (553.427612 -940.916504 0 ) (550.130615 -942.118103 0 ) 
4 293 634 (480 -511.988007 0 ) (511.593109 -511.988007 0 ) (517.061646 -526.987976 0 ) (480 -526.987976 0 ) 
4 293 633 (511.593109 -511.988007 0 ) (550.101990 -511.988007 0 ) (550.101990 -526.987976 0 ) (517.061646 -526.987976 0 ) 
4 293 325 (517.101990 -526.987976 0 ) (536.101990 -526.987976 0 ) (536.101990 -526.987976 73 ) (517.101990 -526.987976 73 ) 
4 293 324 (536.101990 -526.987976 0 ) (549.101990 -526.987976 0 ) (549.101990 -526.987976 73 ) (536.101990 -526.987976 73 ) 
4 293 334 (480 -526.987976 73 ) (480 -526.987976 0 ) (517.101990 -526.987976 0 ) (517.101990 -526.987976 73 ) 
4 293 303 (480 -526.987976 80 ) (480 -526.987976 73 ) (549.101990 -526.987976 73 ) (549.101990 -526.987976 80 ) 
4 293 302 (549.101990 -526.987976 101 ) (480 -526.987976 101 ) (480 -526.987976 80 ) (549.101990 -526.987976 80 ) 
4 293 298 (550.101990 -526.987976 0 ) (550.101990 -526.987976 101 ) (549.101990 -526.987976 101 ) (549.101990 -526.987976 0 ) 
4 293 297 (550.101990 -526.987976 101 ) (550.101990 -526.987976 242 ) (480 -526.987976 242 ) (480 -526.987976 101 ) 
4 293 294 (480 -511.988007 242 ) (480 -511.988007 80 ) (480 -526.987976 80 ) (480 -526.987976 242 ) 
4 293 295 (480 -511.988007 64 ) (480 -511.988007 0 ) (480 -526.987976 0 ) (480 -526.987976 64 ) 
4 294 302 (384 -526.987976 101 ) (384 -526.987976 80 ) (480 -526.987976 80 ) (480 -526.987976 101 ) 
4 294 297 (480 -526.987976 242 ) (384 -526.987976 242 ) (384 -526.987976 101 ) (480 -526.987976 101 ) 
4 294 296 (384 -511.988007 242 ) (384 -511.988007 80 ) (384 -526.987976 80 ) (384 -526.987976 242 ) 
3 295 635 (424.869690 -526.987976 0 ) (384 -526.987976 0 ) (384 -512.052856 0 ) 
5 295 634 (384 -511.988007 0 ) (480 -511.988007 0 ) (480 -526.987976 0 ) (424.869690 -526.987976 0 ) (384 -512.052856 0 ) 
4 295 335 (395.100037 -526.987976 61 ) (480 -526.987976 61 ) (480 -526.987976 64 ) (395.100037 -526.987976 64 ) 
4 295 337 (384 -526.987976 61 ) (384 -526.987976 0 ) (480 -526.987976 0 ) (480 -526.987976 61 ) 
4 295 296 (384 -511.988007 64 ) (384 -511.988007 0 ) (384 -526.987976 0 ) (384 -526.987976 64 ) 
4 296 635 (364.100037 -526.987976 0 ) (364.100037 -511.988007 0 ) (384 -511.988007 0 ) (384 -526.987976 0 ) 
4 296 553 (364.100037 -511.988007 0 ) (364.100037 -526.987976 0 ) (364.100037 -526.987976 242 ) (364.100037 -511.988007 242 ) 
4 296 339 (364.100037 -526.987976 101 ) (364.100037 -526.987976 0 ) (367.100037 -526.987976 0 ) (367.100037 -526.987976 101 ) 
4 296 337 (376.100037 -526.987976 0 ) (384 -526.987976 0 ) (384 -526.987976 61 ) (376.100037 -526.987976 61 ) 
4 296 338 (367.100037 -526.987976 0 ) (376.100037 -526.987976 0 ) (376.100037 -526.987976 73 ) (367.100037 -526.987976 73 ) 
4 296 304 (384 -526.987976 73 ) (384 -526.987976 80 ) (369.100037 -526.987976 80 ) (369.100037 -526.987976 73 ) 
4 296 308 (369.100037 -526.987976 80 ) (367.100037 -526.987976 80 ) (367.100037 -526.987976 73 ) (369.100037 -526.987976 73 ) 
4 296 302 (384 -526.987976 80 ) (384 -526.987976 101 ) (367.100037 -526.987976 101 ) (367.100037 -526.987976 80 ) 
4 296 297 (384 -526.987976 242 ) (364.100037 -526.987976 242 ) (364.100037 -526.987976 101 ) (384 -526.987976 101 ) 
4 297 554 (364.100037 -598.987976 242 ) (364.100037 -578.987976 242 ) (364.100037 -578.987976 101 ) (364.100037 -598.987976 101 ) 
4 297 553 (364.100037 -578.987976 242 ) (364.100037 -526.987976 242 ) (364.100037 -526.987976 101 ) (364.100037 -578.987976 101 ) 
4 297 556 (364.100037 -661.987976 101 ) (364.100037 -661.987976 242 ) (364.100037 -598.987976 242 ) (364.100037 -598.987976 101 ) 
4 297 521 (512.101929 -661.987976 242 ) (507.101959 -661.987976 242 ) (531.101990 -661.987976 218 ) (531.101990 -661.987976 223 ) 
3 297 520 (531.101990 -661.987976 242 ) (512.101929 -661.987976 242 ) (531.101990 -661.987976 223 ) 
4 297 431 (376.100037 -661.987976 242 ) (364.100037 -661.987976 242 ) (364.100037 -661.987976 101 ) (376.100037 -661.987976 101 ) 
4 297 411 (381.100037 -661.987976 242 ) (376.100037 -661.987976 242 ) (376.100037 -661.987976 213.001190 ) (381.100037 -661.987976 218.002029 ) 
3 297 409 (405.093994 -661.987976 242 ) (381.100037 -661.987976 242 ) (381.100037 -661.987976 218.002029 ) 
4 297 406 (381.100037 -661.987976 218.002029 ) (376.100037 -661.987976 213.001190 ) (376.100037 -661.987976 101 ) (381.100037 -661.987976 101 ) 
4 297 399 (381.100037 -661.987976 178 ) (381.100037 -661.987976 101 ) (500 -661.987976 101 ) (500 -661.987976 178 ) 
4 297 398 (500 -661.987976 101 ) (531.101990 -661.987976 101 ) (531.101990 -661.987976 178 ) (500 -661.987976 178 ) 
5 297 394 (500 -661.987976 242 ) (405.093994 -661.987976 242 ) (404.149994 -661.987976 241.055847 ) (404.149994 -661.987976 178 ) (500 -661.987976 178 ) 
5 297 393 (507.101959 -661.987976 242 ) (500 -661.987976 242 ) (500 -661.987976 178 ) (531.101990 -661.987976 178 ) (531.101990 -661.987976 218 ) 
4 297 397 (404.149994 -661.987976 241.055847 ) (381.100037 -661.987976 218.002029 ) (381.100037 -661.987976 178 ) (404.149994 -661.987976 178 ) 
4 297 343 (550.101990 -661.987976 101 ) (550.101990 -661.987976 242 ) (531.101990 -661.987976 242 ) (531.101990 -661.987976 101 ) 
4 297 340 (364.100037 -598.987976 101 ) (364.100037 -578.987976 101 ) (367.100037 -578.987976 101 ) (367.100037 -598.987976 101 ) 
4 297 339 (364.100037 -578.987976 101 ) (364.100037 -526.987976 101 ) (367.100037 -526.987976 101 ) (367.100037 -578.987976 101 ) 
4 297 342 (367.100037 -661.987976 101 ) (364.100037 -661.987976 101 ) (364.100037 -598.987976 101 ) (367.100037 -598.987976 101 ) 
4 297 317 (549.101990 -661.987976 101 ) (367.100037 -661.987976 101 ) (367.100037 -578.987976 101 ) (549.101990 -578.987976 101 ) 
4 297 316 (522.003540 -562.987976 101 ) (523.378601 -562.987976 101 ) (526.113403 -563.987366 101 ) (520.957336 -565.871643 101 ) 
3 297 315 (516.186401 -562.987976 101 ) (522.003540 -562.987976 101 ) (519.101563 -570.986694 101 ) 
4 297 314 (531.236755 -576.114563 101 ) (530.190735 -578.987976 101 ) (528.841370 -578.987976 101 ) (526.093628 -577.986755 101 ) 
3 297 313 (533.103943 -570.985474 101 ) (536.021423 -578.987976 101 ) (530.190735 -578.987976 101 ) 
3 297 312 (528.841370 -578.987976 101 ) (522.017639 -578.987976 101 ) (520.972656 -576.120728 101 ) 
4 297 311 (367.100037 -578.987976 101 ) (367.100037 -562.987976 101 ) (516.186401 -562.987976 101 ) (522.017639 -578.987976 101 ) 
3 297 310 (523.378601 -562.987976 101 ) (530.188293 -562.987976 101 ) (531.234985 -565.858948 101 ) 
4 297 309 (530.188293 -562.987976 101 ) (549.101990 -562.987976 101 ) (549.101990 -578.987976 101 ) (536.021423 -578.987976 101 ) 
4 297 302 (367.100037 -562.987976 101 ) (367.100037 -526.987976 101 ) (549.101990 -526.987976 101 ) (549.101990 -562.987976 101 ) 
4 297 299 (549.101990 -562.987976 101 ) (549.101990 -547.987976 101 ) (550.101990 -547.987976 101 ) (550.101990 -562.987976 101 ) 
4 297 298 (549.101990 -547.987976 101 ) (549.101990 -526.987976 101 ) (550.101990 -526.987976 101 ) (550.101990 -547.987976 101 ) 
4 297 301 (550.101990 -661.987976 101 ) (549.101990 -661.987976 101 ) (549.101990 -562.987976 101 ) (550.101990 -562.987976 101 ) 
4 298 633 (549.101990 -526.987976 0 ) (550.101990 -526.987976 0 ) (550.101990 -547.987976 0 ) (549.101990 -547.987976 0 ) 
4 298 324 (549.101990 -526.987976 73 ) (549.101990 -526.987976 0 ) (549.101990 -547.987976 0 ) (549.101990 -547.987976 73 ) 
4 298 303 (549.101990 -526.987976 80 ) (549.101990 -526.987976 73 ) (549.101990 -547.987976 73 ) (549.101990 -547.987976 80 ) 
4 298 302 (549.101990 -547.987976 101 ) (549.101990 -526.987976 101 ) (549.101990 -526.987976 80 ) (549.101990 -547.987976 80 ) 
4 298 299 (549.101990 -547.987976 101 ) (549.101990 -547.987976 78 ) (550.101990 -547.987976 78 ) (550.101990 -547.987976 101 ) 
4 298 300 (549.101990 -547.987976 73 ) (549.101990 -547.987976 0 ) (550.101990 -547.987976 0 ) (550.101990 -547.987976 73 ) 
4 299 307 (549.101990 -555.987976 78 ) (549.101990 -562.987976 78 ) (549.101990 -562.987976 80 ) (549.101990 -555.987976 80 ) 
4 299 305 (549.101990 -547.987976 80 ) (549.101990 -547.987976 78 ) (549.101990 -555.987976 78 ) (549.101990 -555.987976 80 ) 
4 299 302 (549.101990 -562.987976 101 ) (549.101990 -547.987976 101 ) (549.101990 -547.987976 80 ) (549.101990 -562.987976 80 ) 
4 299 301 (549.101990 -562.987976 101 ) (549.101990 -562.987976 78 ) (550.101990 -562.987976 78 ) (550.101990 -562.987976 101 ) 
4 300 633 (550.101990 -547.987976 0 ) (550.101990 -562.987976 0 ) (549.101990 -562.987976 0 ) (549.101990 -547.987976 0 ) 
4 300 324 (549.101990 -547.987976 73 ) (549.101990 -547.987976 0 ) (549.101990 -562.987976 0 ) (549.101990 -562.987976 73 ) 
4 300 301 (549.101990 -562.987976 73 ) (549.101990 -562.987976 0 ) (550.101990 -562.987976 0 ) (550.101990 -562.987976 73 ) 
4 301 636 (550.101990 -617.615479 0 ) (550.101990 -656.048218 0 ) (549.101990 -653.304382 0 ) (549.101990 -614.872559 0 ) 
4 301 635 (550.101990 -656.048218 0 ) (550.101990 -661.987976 0 ) (549.101990 -661.987976 0 ) (549.101990 -653.304382 0 ) 
4 301 633 (550.101990 -562.987976 0 ) (550.101990 -617.615479 0 ) (549.101990 -614.872559 0 ) (549.101990 -562.987976 0 ) 
4 301 355 (550.101990 -661.987976 0 ) (550.101990 -661.987976 73 ) (549.101990 -661.987976 73 ) (549.101990 -661.987976 0 ) 
4 301 343 (550.101990 -661.987976 78 ) (550.101990 -661.987976 101 ) (549.101990 -661.987976 101 ) (549.101990 -661.987976 78 ) 
4 301 324 (549.101990 -661.987976 0 ) (549.101990 -661.987976 73 ) (549.101990 -562.987976 73 ) (549.101990 -562.987976 0 ) 
4 301 322 (549.101990 -661.987976 73 ) (549.101990 -661.987976 78 ) (549.101990 -630.987976 78 ) (549.101990 -630.987976 73 ) 
4 301 319 (549.101990 -603.987976 78 ) (549.101990 -598.987976 78 ) (549.101990 -598.987976 73 ) (549.101990 -603.987976 73 ) 
4 301 320 (549.101990 -630.987976 78 ) (549.101990 -625.987976 78 ) (549.101990 -625.987976 73 ) (549.101990 -630.987976 73 ) 
4 301 318 (549.101990 -598.987976 78 ) (549.101990 -578.987976 78 ) (549.101990 -578.987976 73 ) (549.101990 -598.987976 73 ) 
4 301 317 (549.101990 -661.987976 78 ) (549.101990 -661.987976 101 ) (549.101990 -578.987976 101 ) (549.101990 -578.987976 78 ) 
4 301 309 (549.101990 -578.987976 101 ) (549.101990 -562.987976 101 ) (549.101990 -562.987976 73 ) (549.101990 -578.987976 73 ) 
4 302 339 (367.100037 -562.987976 101 ) (367.100037 -526.987976 101 ) (367.100037 -526.987976 80 ) (367.100037 -562.987976 80 ) 
4 302 316 (522.003418 -562.987976 80 ) (523.379517 -562.987976 80 ) (523.378601 -562.987976 101 ) (522.003540 -562.987976 101 ) 
4 302 315 (516.186401 -562.987976 80 ) (522.003418 -562.987976 80 ) (522.003540 -562.987976 101 ) (516.186462 -562.987976 101 ) 
4 302 311 (367.100037 -562.987976 101 ) (367.100037 -562.987976 80 ) (516.186401 -562.987976 80 ) (516.186462 -562.987976 101 ) 
4 302 310 (523.379517 -562.987976 80 ) (530.187866 -562.987976 80 ) (530.188293 -562.987976 101 ) (523.378601 -562.987976 101 ) 
4 302 309 (530.187866 -562.987976 80 ) (549.101990 -562.987976 80 ) (549.101990 -562.987976 101 ) (530.188293 -562.987976 101 ) 
4 302 307 (549.101990 -562.987976 80 ) (369.100037 -562.987976 80 ) (369.100037 -555.987976 80 ) (549.101990 -555.987976 80 ) 
4 302 306 (369.100037 -555.987976 80 ) (369.100037 -547.987976 80 ) (384 -547.987976 80 ) (384 -555.987976 80 ) 
4 302 305 (480 -547.987976 80 ) (549.101990 -547.987976 80 ) (549.101990 -555.987976 80 ) (480 -555.987976 80 ) 
4 302 303 (480 -526.987976 80 ) (549.101990 -526.987976 80 ) (549.101990 -547.987976 80 ) (480 -547.987976 80 ) 
4 302 304 (369.100037 -547.987976 80 ) (369.100037 -526.987976 80 ) (384 -526.987976 80 ) (384 -547.987976 80 ) 
4 302 308 (369.100037 -562.987976 80 ) (367.100037 -562.987976 80 ) (367.100037 -526.987976 80 ) (369.100037 -526.987976 80 ) 
4 303 325 (517.101990 -526.987976 73 ) (536.101990 -526.987976 73 ) (536.101990 -547.987976 73 ) (517.101990 -547.987976 73 ) 
4 303 324 (536.101990 -526.987976 73 ) (549.101990 -526.987976 73 ) (549.101990 -547.987976 73 ) (536.101990 -547.987976 73 ) 
4 303 334 (480 -526.987976 73 ) (517.101990 -526.987976 73 ) (517.101990 -547.987976 73 ) (480 -547.987976 73 ) 
4 303 305 (549.101990 -547.987976 78 ) (549.101990 -547.987976 80 ) (480 -547.987976 80 ) (480 -547.987976 78 ) 
4 304 338 (369.100037 -526.987976 73 ) (376.100037 -526.987976 73 ) (376.100037 -547.987976 73 ) (369.100037 -547.987976 73 ) 
4 304 306 (369.100037 -547.987976 80 ) (369.100037 -547.987976 78 ) (384 -547.987976 78 ) (384 -547.987976 80 ) 
4 304 308 (369.100037 -526.987976 73 ) (369.100037 -547.987976 73 ) (369.100037 -547.987976 80 ) (369.100037 -526.987976 80 ) 
4 305 307 (549.101990 -555.987976 78 ) (549.101990 -555.987976 80 ) (480 -555.987976 80 ) (480 -555.987976 78 ) 
4 306 307 (369.100037 -555.987976 80 ) (369.100037 -555.987976 78 ) (384 -555.987976 78 ) (384 -555.987976 80 ) 
4 306 308 (369.100037 -555.987976 78 ) (369.100037 -555.987976 80 ) (369.100037 -547.987976 80 ) (369.100037 -547.987976 78 ) 
4 307 316 (523.379517 -562.987976 80 ) (522.003418 -562.987976 80 ) (522.003418 -562.987976 78 ) (523.379639 -562.987976 78 ) 
4 307 315 (522.003418 -562.987976 80 ) (516.186401 -562.987976 80 ) (516.186401 -562.987976 78 ) (522.003418 -562.987976 78 ) 
4 307 311 (516.186401 -562.987976 80 ) (369.100037 -562.987976 80 ) (369.100037 -562.987976 78 ) (516.186401 -562.987976 78 ) 
4 307 310 (530.187927 -562.987976 80 ) (523.379517 -562.987976 80 ) (523.379639 -562.987976 78 ) (530.187866 -562.987976 78 ) 
4 307 309 (549.101990 -562.987976 78 ) (549.101990 -562.987976 80 ) (530.187927 -562.987976 80 ) (530.187866 -562.987976 78 ) 
4 307 308 (369.100037 -562.987976 78 ) (369.100037 -562.987976 80 ) (369.100037 -555.987976 80 ) (369.100037 -555.987976 78 ) 
4 308 339 (367.100037 -526.987976 80 ) (367.100037 -526.987976 73 ) (367.100037 -562.987976 73 ) (367.100037 -562.987976 80 ) 
4 308 338 (367.100037 -562.987976 73 ) (367.100037 -526.987976 73 ) (369.100037 -526.987976 73 ) (369.100037 -562.987976 73 ) 
4 308 311 (367.100037 -562.987976 80 ) (367.100037 -562.987976 73 ) (369.100037 -562.987976 73 ) (369.100037 -562.987976 80 ) 
4 309 324 (536.101990 -562.987976 73 ) (549.101990 -562.987976 73 ) (549.101990 -578.987976 73 ) (536.101990 -578.987976 73 ) 
4 309 318 (540.101990 -578.987976 73 ) (549.101990 -578.987976 73 ) (549.101990 -578.987976 78 ) (540.101990 -578.987976 78 ) 
4 309 317 (549.101990 -578.987976 78 ) (549.101990 -578.987976 101 ) (536.021423 -578.987976 101 ) (536.020996 -578.987976 78 ) 
4 309 313 (533.103760 -570.985168 73 ) (536.021545 -578.987976 73 ) (536.022095 -578.987976 101 ) (533.104187 -570.984863 101 ) 
4 309 310 (530.188538 -562.987976 101 ) (530.187988 -562.987976 73 ) (531.234558 -565.858398 73 ) (531.235352 -565.859070 101 ) 
4 310 316 (523.376526 -562.987976 101 ) (523.377686 -562.987976 73 ) (526.113586 -563.987793 73 ) (526.112305 -563.987793 101 ) 
4 311 339 (367.100037 -578.987976 101 ) (367.100037 -562.987976 101 ) (367.100037 -562.987976 73 ) (367.100037 -578.987976 73 ) 
4 311 336 (395.100037 -562.987976 73 ) (480 -562.987976 73 ) (480 -578.987976 73 ) (395.100037 -578.987976 73 ) 
4 311 338 (367.100037 -578.987976 73 ) (367.100037 -562.987976 73 ) (376.100037 -562.987976 73 ) (376.100037 -578.987976 73 ) 
5 311 334 (480 -562.987976 73 ) (516.186401 -562.987976 73 ) (517.101990 -565.500244 73 ) (517.101990 -578.987976 73 ) (480 -578.987976 73 ) 
4 311 317 (367.100037 -578.987976 101 ) (367.100037 -578.987976 78 ) (522.017578 -578.987976 78 ) (522.017639 -578.987976 101 ) 
4 311 315 (519.101074 -570.987488 73 ) (516.185425 -562.987976 73 ) (516.185425 -562.987976 101 ) (519.101135 -570.987793 101 ) 
4 311 312 (522.017029 -578.987976 101 ) (522.017029 -578.987976 73 ) (520.971802 -576.120178 73 ) (520.971863 -576.120483 101 ) 
4 312 317 (528.841919 -578.987976 78 ) (528.841370 -578.987976 101 ) (522.017639 -578.987976 101 ) (522.017578 -578.987976 78 ) 
4 312 314 (528.842834 -578.987976 101 ) (528.843628 -578.987976 73 ) (526.095764 -577.986694 73 ) (526.094421 -577.986450 101 ) 
4 313 317 (536.020996 -578.987976 78 ) (536.021423 -578.987976 101 ) (530.190735 -578.987976 101 ) (530.190430 -578.987976 78 ) 
4 313 314 (531.237122 -576.115112 73 ) (530.191162 -578.987976 73 ) (530.191528 -578.987976 101 ) (531.237854 -576.114136 101 ) 
4 314 317 (530.190430 -578.987976 78 ) (530.190735 -578.987976 101 ) (528.841370 -578.987976 101 ) (528.841919 -578.987976 78 ) 
3 315 334 (516.186401 -562.987976 73 ) (517.101990 -562.987976 73 ) (517.101990 -565.500183 73 ) 
4 315 316 (520.956665 -565.872314 73 ) (522.003235 -562.987976 73 ) (522.003418 -562.987976 101 ) (520.957092 -565.871765 101 ) 
4 317 431 (376.100037 -661.987976 101 ) (367.100037 -661.987976 101 ) (367.100037 -661.987976 78 ) (376.100037 -661.987976 78 ) 
4 317 406 (381.100037 -661.987976 101 ) (376.100037 -661.987976 101 ) (376.100037 -661.987976 78 ) (381.100037 -661.987976 78 ) 
4 317 399 (500 -661.987976 101 ) (381.100037 -661.987976 101 ) (381.100037 -661.987976 78 ) (500 -661.987976 78 ) 
4 317 398 (531.101990 -661.987976 101 ) (500 -661.987976 101 ) (500 -661.987976 78 ) (531.101990 -661.987976 78 ) 
4 317 343 (549.101990 -661.987976 101 ) (531.101990 -661.987976 101 ) (531.101990 -661.987976 78 ) (549.101990 -661.987976 78 ) 
4 317 340 (367.100037 -598.987976 101 ) (367.100037 -578.987976 101 ) (367.100037 -578.987976 78 ) (367.100037 -598.987976 78 ) 
4 317 342 (367.100037 -661.987976 78 ) (367.100037 -661.987976 101 ) (367.100037 -598.987976 101 ) (367.100037 -598.987976 78 ) 
4 317 323 (367.100037 -661.987976 78 ) (367.100037 -652.987976 78 ) (548.101990 -652.987976 78 ) (548.101990 -661.987976 78 ) 
4 317 322 (548.101990 -630.987976 78 ) (549.101990 -630.987976 78 ) (549.101990 -661.987976 78 ) (548.101990 -661.987976 78 ) 
4 317 319 (368.100037 -598.987976 78 ) (549.101990 -598.987976 78 ) (549.101990 -603.987976 78 ) (368.100037 -603.987976 78 ) 
4 317 320 (549.101990 -625.987976 78 ) (549.101990 -630.987976 78 ) (368.100037 -630.987976 78 ) (368.100037 -625.987976 78 ) 
4 317 321 (367.100037 -630.987976 78 ) (367.100037 -598.987976 78 ) (368.100037 -598.987976 78 ) (368.100037 -630.987976 78 ) 
4 317 318 (540.101990 -578.987976 78 ) (549.101990 -578.987976 78 ) (549.101990 -598.987976 78 ) (540.101990 -598.987976 78 ) 
4 318 324 (540.101990 -578.987976 73 ) (549.101990 -578.987976 73 ) (549.101990 -598.987976 73 ) (540.101990 -598.987976 73 ) 
4 318 319 (540.101990 -598.987976 73 ) (549.101990 -598.987976 73 ) (549.101990 -598.987976 78 ) (540.101990 -598.987976 78 ) 
4 319 336 (395.100037 -598.987976 73 ) (480 -598.987976 73 ) (480 -603.987976 73 ) (395.100037 -603.987976 73 ) 
4 319 338 (368.100037 -598.987976 73 ) (376.100037 -598.987976 73 ) (376.100037 -603.987976 73 ) (368.100037 -603.987976 73 ) 
4 319 324 (536.101990 -598.987976 73 ) (549.101990 -598.987976 73 ) (549.101990 -603.987976 73 ) (536.101990 -603.987976 73 ) 
4 319 334 (480 -598.987976 73 ) (517.101990 -598.987976 73 ) (517.101990 -603.987976 73 ) (480 -603.987976 73 ) 
4 319 321 (368.100037 -598.987976 78 ) (368.100037 -598.987976 73 ) (368.100037 -603.987976 73 ) (368.100037 -603.987976 78 ) 
4 320 336 (480 -630.987976 73 ) (395.100037 -630.987976 73 ) (395.100037 -625.987976 73 ) (480 -625.987976 73 ) 
4 320 338 (376.100037 -630.987976 73 ) (368.100037 -630.987976 73 ) (368.100037 -625.987976 73 ) (376.100037 -625.987976 73 ) 
4 320 324 (549.101990 -625.987976 73 ) (549.101990 -630.987976 73 ) (536.101990 -630.987976 73 ) (536.101990 -625.987976 73 ) 
4 320 334 (517.101990 -630.987976 73 ) (480 -630.987976 73 ) (480 -625.987976 73 ) (517.101990 -625.987976 73 ) 
4 320 322 (548.101990 -630.987976 73 ) (549.101990 -630.987976 73 ) (549.101990 -630.987976 78 ) (548.101990 -630.987976 78 ) 
4 320 321 (368.100037 -625.987976 73 ) (368.100037 -630.987976 73 ) (368.100037 -630.987976 78 ) (368.100037 -625.987976 78 ) 
4 321 342 (367.100037 -630.987976 78 ) (367.100037 -598.987976 78 ) (367.100037 -598.987976 73 ) (367.100037 -630.987976 73 ) 
4 321 338 (367.100037 -630.987976 73 ) (367.100037 -598.987976 73 ) (368.100037 -598.987976 73 ) (368.100037 -630.987976 73 ) 
4 322 324 (548.101990 -630.987976 73 ) (549.101990 -630.987976 73 ) (549.101990 -661.987976 73 ) (548.101990 -661.987976 73 ) 
4 322 323 (548.101990 -652.987976 73 ) (548.101990 -661.987976 73 ) (548.101990 -661.987976 78 ) (548.101990 -652.987976 78 ) 
4 323 342 (367.100037 -661.987976 73 ) (367.100037 -661.987976 78 ) (367.100037 -652.987976 78 ) (367.100037 -652.987976 73 ) 
4 323 336 (395.100037 -652.987976 73 ) (480 -652.987976 73 ) (480 -661.987976 73 ) (395.100037 -661.987976 73 ) 
4 323 338 (367.100037 -661.987976 73 ) (367.100037 -652.987976 73 ) (376.100037 -652.987976 73 ) (376.100037 -661.987976 73 ) 
4 323 324 (536.101990 -652.987976 73 ) (548.101990 -652.987976 73 ) (548.101990 -661.987976 73 ) (536.101990 -661.987976 73 ) 
4 323 334 (480 -652.987976 73 ) (517.101990 -652.987976 73 ) (517.101990 -661.987976 73 ) (480 -661.987976 73 ) 
3 324 637 (536.101990 -581.632690 0 ) (536.101990 -579.214294 0 ) (537.118713 -582.003174 0 ) 
5 324 636 (549.101990 -614.872559 0 ) (549.101990 -653.304382 0 ) (536.101990 -617.633850 0 ) (536.101990 -581.632690 0 ) (537.118713 -582.003174 0 ) 
4 324 635 (549.101990 -653.304382 0 ) (549.101990 -661.987976 0 ) (536.101990 -661.987976 0 ) (536.101990 -617.633850 0 ) 
4 324 633 (536.101990 -526.987976 0 ) (549.101990 -526.987976 0 ) (549.101990 -614.872559 0 ) (536.101990 -579.214294 0 ) 
4 324 355 (536.101990 -661.987976 0 ) (549.101990 -661.987976 0 ) (549.101990 -661.987976 73 ) (536.101990 -661.987976 73 ) 
4 324 330 (536.101990 -579.211060 61 ) (536.101990 -579.214355 0 ) (536.101990 -581.632629 0 ) (536.101990 -581.633362 61 ) 
4 324 329 (536.101990 -581.633362 61 ) (536.101990 -581.632629 0 ) (536.101990 -617.633850 0 ) (536.101990 -617.633850 61 ) 
4 324 328 (536.101990 -661.987976 0 ) (536.101990 -661.987976 61 ) (536.101990 -617.633850 61 ) (536.101990 -617.633850 0 ) 
4 324 326 (536.101990 -550.987976 61 ) (536.101990 -550.987976 0 ) (536.101990 -579.214355 0 ) (536.101990 -579.211060 61 ) 
4 324 325 (536.101990 -550.987976 73 ) (536.101990 -526.987976 73 ) (536.101990 -526.987976 0 ) (536.101990 -550.987976 0 ) 
3 325 634 (525.811462 -550.987976 0 ) (517.101990 -550.987976 0 ) (517.101990 -527.098450 0 ) 
5 325 633 (517.101990 -526.987976 0 ) (536.101990 -526.987976 0 ) (536.101990 -550.987976 0 ) (525.811462 -550.987976 0 ) (517.101990 -527.098450 0 ) 
4 325 327 (517.101990 -550.987976 61 ) (517.101990 -550.987976 0 ) (525.811462 -550.987976 0 ) (525.812622 -550.987976 61 ) 
4 325 326 (525.811462 -550.987976 0 ) (536.101990 -550.987976 0 ) (536.101990 -550.987976 61 ) (525.812622 -550.987976 61 ) 
4 325 334 (517.101990 -550.987976 73 ) (517.101990 -526.987976 73 ) (517.101990 -526.987976 0 ) (517.101990 -550.987976 0 ) 
3 326 633 (536.101990 -550.987976 0 ) (536.101990 -579.214355 0 ) (525.811462 -550.987976 0 ) 
4 326 330 (533.102234 -570.986511 0 ) (536.101990 -579.214905 0 ) (536.101990 -579.211609 61 ) (533.103271 -570.985962 61 ) 
4 326 327 (525.812744 -550.987976 61 ) (525.811523 -550.987976 0 ) (531.231934 -565.856323 0 ) (531.233765 -565.857910 61 ) 
4 327 634 (517.101990 -560.692749 0 ) (517.101990 -550.987976 0 ) (525.811462 -550.987976 0 ) (531.232056 -565.856384 0 ) 
4 327 333 (522.164063 -562.543579 0 ) (526.116394 -563.987854 0 ) (526.113770 -563.987854 61 ) (522.164185 -562.544556 61 ) 
4 327 332 (517.101990 -560.694702 61 ) (517.101990 -560.693787 0 ) (522.164063 -562.543579 0 ) (522.164185 -562.544556 61 ) 
4 327 334 (517.101990 -550.987976 61 ) (517.101990 -550.987976 0 ) (517.101990 -560.692749 0 ) (517.101990 -560.693665 61 ) 
4 328 635 (536.101990 -617.633850 0 ) (536.101990 -661.987976 0 ) (517.101990 -661.987976 0 ) (517.101990 -565.500183 0 ) 
4 328 488 (517.101990 -661.987976 0 ) (531.101990 -661.987976 0 ) (531.101990 -661.987976 61 ) (517.101990 -661.987976 61 ) 
4 328 356 (531.101990 -661.987976 0 ) (536.101990 -661.987976 0 ) (536.101990 -661.987976 61 ) (531.101990 -661.987976 61 ) 
4 328 332 (519.100647 -570.987061 0 ) (517.101990 -565.502991 0 ) (517.101990 -565.502991 61 ) (519.100891 -570.987732 61 ) 
4 328 329 (536.101990 -617.636780 61 ) (536.101990 -617.636780 0 ) (520.971008 -576.119141 0 ) (520.971252 -576.119812 61 ) 
4 328 334 (517.101990 -661.987976 0 ) (517.101990 -661.987976 61 ) (517.101990 -565.500122 61 ) (517.101990 -565.500183 0 ) 
3 329 636 (536.101990 -581.632629 0 ) (536.101990 -617.633850 0 ) (520.972168 -576.119507 0 ) 
4 329 331 (530.031982 -579.420227 0 ) (526.099182 -577.987183 0 ) (526.096252 -577.986755 61 ) (530.032532 -579.421082 61 ) 
4 329 330 (536.101990 -581.632690 61 ) (536.101990 -581.632080 0 ) (530.031982 -579.420227 0 ) (530.032532 -579.421082 61 ) 
4 330 637 (536.101990 -579.214355 0 ) (536.101990 -581.632629 0 ) (530.031799 -579.420715 0 ) (533.102295 -570.986328 0 ) 
4 330 331 (531.235229 -576.117554 0 ) (530.032227 -579.421875 0 ) (530.032776 -579.422668 61 ) (531.236816 -576.115479 61 ) 
3 331 638 (530.031799 -579.420715 0 ) (526.098450 -577.987427 0 ) (531.234131 -576.117920 0 ) 
4 332 639 (519.101196 -570.985718 0 ) (517.101990 -565.500183 0 ) (517.101990 -560.692749 0 ) (522.164368 -562.542725 0 ) 
4 332 333 (522.160095 -562.545898 0 ) (522.160156 -562.546875 61 ) (520.953430 -565.873718 61 ) (520.952515 -565.875000 0 ) 
4 332 334 (517.101990 -560.693665 61 ) (517.101990 -560.692749 0 ) (517.101990 -565.500183 0 ) (517.101990 -565.500122 61 ) 
3 333 640 (520.955872 -565.873779 0 ) (522.164368 -562.542725 0 ) (526.117737 -563.987427 0 ) 
3 334 639 (517.101990 -560.692810 0 ) (517.101990 -565.500183 0 ) (515.080750 -559.954163 0 ) 
5 334 635 (517.101990 -565.500183 0 ) (517.101990 -661.987976 0 ) (480 -661.987976 0 ) (480 -547.134460 0 ) (515.080750 -559.954163 0 ) 
4 334 634 (480 -526.987976 0 ) (517.101990 -526.987976 0 ) (517.101990 -560.692810 0 ) (480 -547.134460 0 ) 
4 334 489 (480 -661.987976 0 ) (517.101990 -661.987976 0 ) (517.101990 -661.987976 73 ) (480 -661.987976 73 ) 
4 334 336 (480 -661.987976 61 ) (480 -661.987976 73 ) (480 -555.987976 73 ) (480 -555.987976 61 ) 
4 334 335 (480 -526.987976 64 ) (480 -526.987976 61 ) (480 -555.987976 61 ) (480 -555.987976 64 ) 
4 334 337 (480 -661.987976 0 ) (480 -661.987976 61 ) (480 -526.987976 61 ) (480 -526.987976 0 ) 
4 335 336 (395.100037 -555.987976 61 ) (480 -555.987976 61 ) (480 -555.987976 64 ) (395.100037 -555.987976 64 ) 
4 335 337 (395.100037 -526.987976 61 ) (480 -526.987976 61 ) (480 -555.987976 61 ) (395.100037 -555.987976 61 ) 
4 336 489 (480 -661.987976 61 ) (480 -661.987976 73 ) (395.100037 -661.987976 73 ) (395.100037 -661.987976 61 ) 
4 336 337 (480 -555.987976 61 ) (480 -661.987976 61 ) (395.100037 -661.987976 61 ) (395.100037 -555.987976 61 ) 
5 337 635 (376.100037 -526.987976 0 ) (424.869690 -526.987976 0 ) (480 -547.134460 0 ) (480 -661.987976 0 ) (376.100037 -661.987976 0 ) 
3 337 634 (424.869690 -526.987976 0 ) (480 -526.987976 0 ) (480 -547.134460 0 ) 
4 337 491 (376.100037 -661.987976 0 ) (395.100037 -661.987976 0 ) (395.100037 -661.987976 61 ) (376.100037 -661.987976 61 ) 
4 337 489 (395.100037 -661.987976 0 ) (480 -661.987976 0 ) (480 -661.987976 61 ) (395.100037 -661.987976 61 ) 
4 337 338 (376.100037 -661.987976 0 ) (376.100037 -661.987976 61 ) (376.100037 -526.987976 61 ) (376.100037 -526.987976 0 ) 
4 338 635 (367.100037 -526.987976 0 ) (376.100037 -526.987976 0 ) (376.100037 -661.987976 0 ) (367.100037 -661.987976 0 ) 
4 338 492 (367.100037 -661.987976 73 ) (367.100037 -661.987976 0 ) (376.100037 -661.987976 0 ) (376.100037 -661.987976 73 ) 
4 338 341 (367.100037 -598.987976 73 ) (367.100037 -578.987976 73 ) (367.100037 -578.987976 0 ) (367.100037 -598.987976 0 ) 
4 338 339 (367.100037 -578.987976 73 ) (367.100037 -526.987976 73 ) (367.100037 -526.987976 0 ) (367.100037 -578.987976 0 ) 
4 338 342 (367.100037 -661.987976 0 ) (367.100037 -661.987976 73 ) (367.100037 -598.987976 73 ) (367.100037 -598.987976 0 ) 
4 339 635 (364.100037 -578.987976 0 ) (364.100037 -526.987976 0 ) (367.100037 -526.987976 0 ) (367.100037 -578.987976 0 ) 
4 339 553 (364.100037 -526.987976 0 ) (364.100037 -578.987976 0 ) (364.100037 -578.987976 101 ) (364.100037 -526.987976 101 ) 
4 339 340 (367.100037 -578.987976 78 ) (367.100037 -578.987976 101 ) (364.100037 -578.987976 101 ) (364.100037 -578.987976 78 ) 
4 339 341 (367.100037 -578.987976 0 ) (367.100037 -578.987976 73 ) (364.100037 -578.987976 73 ) (364.100037 -578.987976 0 ) 
4 340 554 (364.100037 -598.987976 78 ) (364.100037 -598.987976 101 ) (364.100037 -578.987976 101 ) (364.100037 -578.987976 78 ) 
4 340 342 (367.100037 -598.987976 78 ) (367.100037 -598.987976 101 ) (364.100037 -598.987976 101 ) (364.100037 -598.987976 78 ) 
4 341 635 (364.100037 -598.987976 0 ) (364.100037 -578.987976 0 ) (367.100037 -578.987976 0 ) (367.100037 -598.987976 0 ) 
4 341 555 (364.100037 -578.987976 0 ) (364.100037 -598.987976 0 ) (364.100037 -598.987976 73 ) (364.100037 -578.987976 73 ) 
4 341 342 (367.100037 -598.987976 0 ) (367.100037 -598.987976 73 ) (364.100037 -598.987976 73 ) (364.100037 -598.987976 0 ) 
3 342 642 (364.100037 -661.987976 0 ) (364.100037 -653.768005 0 ) (367.089417 -661.987976 0 ) 
5 342 635 (364.100037 -653.768005 0 ) (364.100037 -598.987976 0 ) (367.100037 -598.987976 0 ) (367.100037 -661.987976 0 ) (367.089417 -661.987976 0 ) 
4 342 556 (364.100037 -598.987976 0 ) (364.100037 -661.987976 0 ) (364.100037 -661.987976 101 ) (364.100037 -598.987976 101 ) 
4 342 492 (364.100037 -661.987976 73 ) (364.100037 -661.987976 0 ) (367.100037 -661.987976 0 ) (367.100037 -661.987976 73 ) 
4 342 431 (367.100037 -661.987976 101 ) (364.100037 -661.987976 101 ) (364.100037 -661.987976 78 ) (367.100037 -661.987976 78 ) 
4 343 521 (531.101990 -661.987976 223 ) (531.101990 -661.987976 218 ) (531.101990 -693.987976 218 ) (531.101990 -693.987976 223 ) 
4 343 520 (531.101990 -661.987976 242 ) (531.101990 -661.987976 223 ) (531.101990 -693.987976 223 ) (531.101990 -693.987976 242 ) 
4 343 398 (531.101990 -661.987976 178 ) (531.101990 -661.987976 78 ) (531.101990 -693.987976 78 ) (531.101990 -693.987976 178 ) 
4 343 393 (531.101990 -661.987976 218 ) (531.101990 -661.987976 178 ) (531.101990 -693.987976 178 ) (531.101990 -693.987976 218 ) 
4 343 366 (531.101990 -693.987976 78 ) (531.101990 -687.987976 78 ) (536.101990 -687.987976 78 ) (536.101990 -693.987976 78 ) 
4 343 359 (536.101990 -687.987976 78 ) (548.101990 -687.987976 78 ) (548.101990 -693.987976 78 ) (536.101990 -693.987976 78 ) 
4 343 357 (548.101990 -687.987976 78 ) (550.101990 -687.987976 78 ) (550.101990 -693.987976 78 ) (548.101990 -693.987976 78 ) 
4 343 345 (548.101990 -693.987976 78 ) (550.101990 -693.987976 78 ) (550.101990 -693.987976 81 ) (548.101990 -693.987976 81 ) 
4 343 344 (550.101990 -693.987976 81 ) (550.101990 -693.987976 242 ) (548.101990 -693.987976 242 ) (548.101990 -693.987976 81 ) 
4 344 351 (550.101990 -700.987976 81 ) (550.101990 -700.987976 83 ) (548.101990 -700.987976 83 ) (548.101990 -700.987976 81 ) 
4 344 346 (550.101990 -700.987976 83 ) (550.101990 -700.987976 242 ) (548.101990 -700.987976 242 ) (548.101990 -700.987976 83 ) 
4 344 345 (548.101990 -697.119507 81 ) (548.101990 -693.987976 81 ) (550.101990 -693.987976 81 ) (550.101990 -697.848633 81 ) 
4 345 357 (548.101990 -693.987976 78 ) (550.101990 -693.987976 78 ) (550.101990 -697.848633 78 ) (548.101990 -697.119446 78 ) 
4 346 353 (548.101990 -805.987976 83 ) (550.101990 -805.987976 83 ) (550.101990 -805.987976 242 ) (548.101990 -805.987976 242 ) 
4 346 351 (550.101990 -805.987976 83 ) (548.101990 -805.987976 83 ) (548.101990 -700.987976 83 ) (550.101990 -700.987976 83 ) 
3 346 348 (548.101990 -700.987976 236 ) (548.101990 -700.987976 83 ) (548.101990 -799.987976 83 ) 
3 346 347 (548.101990 -805.987976 89 ) (548.101990 -805.987976 242 ) (548.101990 -706.988037 242 ) 
4 349 522 (531.101990 -805.987976 218 ) (531.101990 -805.987976 223 ) (531.101990 -719.282166 223 ) (531.101990 -722.517456 218 ) 
4 349 520 (531.101990 -805.987976 223 ) (531.101990 -805.987976 242 ) (531.101990 -706.988037 242 ) (531.101990 -719.282166 223 ) 
3 349 416 (531.101990 -805.987976 89 ) (531.101990 -805.987976 178 ) (531.101990 -748.399780 178 ) 
4 349 412 (531.101990 -805.987976 178 ) (531.101990 -805.987976 218 ) (531.101990 -722.517456 218 ) (531.101990 -748.399780 178 ) 
4 350 522 (531.101990 -700.987976 223 ) (531.101990 -700.987976 218 ) (531.101990 -712.635132 218 ) (531.101990 -709.399841 223 ) 
3 350 520 (531.101990 -700.987976 236 ) (531.101990 -700.987976 223 ) (531.101990 -709.399841 223 ) 
4 350 416 (531.101990 -700.987976 178 ) (531.101990 -700.987976 83 ) (531.101990 -799.987976 83 ) (531.101990 -738.517456 178 ) 
4 350 412 (531.101990 -700.987976 218 ) (531.101990 -700.987976 178 ) (531.101990 -738.517456 178 ) (531.101990 -712.635132 218 ) 
4 351 353 (550.101990 -805.987976 81 ) (550.101990 -805.987976 83 ) (548.101990 -805.987976 83 ) (548.101990 -805.987976 81 ) 
4 351 352 (550.101990 -805.987976 81 ) (548.101990 -805.987976 81 ) (548.101990 -708.854187 81 ) (550.101990 -708.123169 81 ) 
4 352 358 (550.101990 -708.123230 78 ) (550.101990 -805.987976 78 ) (548.101990 -805.987976 78 ) (548.101990 -708.854248 78 ) 
4 352 354 (548.101990 -805.987976 78 ) (550.101990 -805.987976 78 ) (550.101990 -805.987976 81 ) (548.101990 -805.987976 81 ) 
4 353 370 (550.101990 -812.987976 81 ) (550.101990 -812.987976 242 ) (548.101990 -812.987976 242 ) (548.101990 -812.987976 81 ) 
4 353 354 (548.101990 -809.119751 81 ) (548.101990 -805.987976 81 ) (550.101990 -805.987976 81 ) (550.101990 -809.849426 81 ) 
4 354 358 (548.101990 -809.119751 78 ) (548.101990 -805.987976 78 ) (550.101990 -805.987976 78 ) (550.101990 -809.849426 78 ) 
4 355 635 (536.101990 -661.987976 0 ) (550.101990 -661.987976 0 ) (550.101990 -687.987976 0 ) (536.101990 -687.987976 0 ) 
4 355 359 (548.101990 -687.987976 73 ) (536.101990 -687.987976 73 ) (536.101990 -687.987976 0 ) (548.101990 -687.987976 0 ) 
4 355 357 (550.101990 -687.987976 0 ) (550.101990 -687.987976 73 ) (548.101990 -687.987976 73 ) (548.101990 -687.987976 0 ) 
4 355 356 (536.101990 -687.987976 0 ) (536.101990 -687.987976 61 ) (536.101990 -661.987976 61 ) (536.101990 -661.987976 0 ) 
4 356 635 (531.101990 -661.987976 0 ) (536.101990 -661.987976 0 ) (536.101990 -687.987976 0 ) (531.101990 -687.987976 0 ) 
4 356 488 (531.101990 -661.987976 61 ) (531.101990 -661.987976 0 ) (531.101990 -687.987976 0 ) (531.101990 -687.987976 61 ) 
4 356 367 (531.101990 -687.987976 61 ) (531.101990 -687.987976 0 ) (536.101990 -687.987976 0 ) (536.101990 -687.987976 61 ) 
5 357 660 (550.101990 -697.779724 0 ) (550.101990 -697.848389 0 ) (548.101990 -697.119202 0 ) (548.101990 -694.858154 0 ) (548.928040 -694.557312 0 ) 
3 357 657 (550.101990 -694.129700 0 ) (550.101990 -697.779724 0 ) (548.928040 -694.557312 0 ) 
4 357 635 (550.101990 -687.987976 0 ) (550.101990 -694.129700 0 ) (548.101990 -694.858154 0 ) (548.101990 -687.987976 0 ) 
4 357 362 (548.101990 -694.858154 0 ) (548.101990 -697.119202 0 ) (548.101990 -697.119446 73 ) (548.101990 -694.858154 73 ) 
4 357 360 (548.101990 -693.987976 0 ) (548.101990 -694.858154 0 ) (548.101990 -694.858154 73 ) (548.101990 -693.987976 73 ) 
4 357 359 (548.101990 -687.987976 78 ) (548.101990 -687.987976 0 ) (548.101990 -693.987976 0 ) (548.101990 -693.987976 78 ) 
5 358 662 (550.101990 -708.124756 0 ) (550.101990 -708.202026 0 ) (548.930298 -711.420959 0 ) (548.101990 -711.118958 0 ) (548.101990 -708.855774 0 ) 
3 358 659 (550.101990 -708.202026 0 ) (550.101990 -711.848206 0 ) (548.930298 -711.420959 0 ) 
4 358 656 (550.101990 -711.848206 0 ) (550.101990 -758.188232 0 ) (548.101990 -758.916992 0 ) (548.101990 -711.118958 0 ) 
4 358 613 (550.101990 -758.188232 0 ) (550.101990 -809.849365 0 ) (548.101990 -809.119690 0 ) (548.101990 -758.916992 0 ) 
4 358 368 (548.101990 -787.116882 0 ) (548.101990 -809.119690 0 ) (548.101990 -809.119690 73 ) (548.101990 -787.116882 73 ) 
4 358 365 (548.101990 -708.855774 0 ) (548.101990 -711.118958 0 ) (548.101990 -711.119019 73 ) (548.101990 -708.854309 73 ) 
4 358 361 (548.101990 -711.118958 0 ) (548.101990 -787.116882 0 ) (548.101990 -787.116882 73 ) (548.101990 -711.119019 73 ) 
4 359 635 (536.101990 -693.987976 0 ) (536.101990 -687.987976 0 ) (548.101990 -687.987976 0 ) (548.101990 -693.987976 0 ) 
4 359 367 (536.101990 -687.987976 61 ) (536.101990 -687.987976 0 ) (536.101990 -693.987976 0 ) (536.101990 -693.987976 61 ) 
4 359 366 (536.101990 -687.987976 78 ) (536.101990 -687.987976 73 ) (536.101990 -693.987976 73 ) (536.101990 -693.987976 78 ) 
4 359 360 (536.101990 -693.987976 73 ) (536.101990 -693.987976 0 ) (548.101990 -693.987976 0 ) (548.101990 -693.987976 73 ) 
4 360 635 (536.101990 -699.229004 0 ) (536.101990 -693.987976 0 ) (548.101990 -693.987976 0 ) (548.101990 -694.858154 0 ) 
4 360 367 (536.101990 -693.987976 0 ) (536.101990 -699.229065 0 ) (536.101990 -699.229004 61 ) (536.101990 -693.987976 61 ) 
4 360 363 (536.101990 -699.228271 73 ) (536.101990 -699.228271 0 ) (539.867188 -697.856750 0 ) (539.868469 -697.856323 73 ) 
4 360 362 (544.998352 -695.987671 0 ) (548.101990 -694.857178 0 ) (548.101990 -694.857178 73 ) (544.998047 -695.987793 73 ) 
4 361 656 (536.101990 -763.289246 0 ) (536.101990 -706.743713 0 ) (548.101990 -711.118958 0 ) (548.101990 -758.916931 0 ) 
5 361 614 (538.724976 -812.987976 0 ) (537.270508 -812.987976 0 ) (536.101990 -809.785767 0 ) (536.101990 -804.741577 0 ) (541.058472 -806.549927 0 ) 
5 361 613 (536.101990 -804.741577 0 ) (536.101990 -763.289246 0 ) (548.101990 -758.916931 0 ) (548.101990 -787.116821 0 ) (541.058472 -806.549927 0 ) 
3 361 609 (537.270508 -812.987976 0 ) (536.101990 -812.987976 0 ) (536.101990 -809.785767 0 ) 
4 361 377 (537.270508 -812.987976 0 ) (538.724976 -812.987976 0 ) (538.724976 -812.987976 73 ) (537.270752 -812.987976 73 ) 
4 361 376 (536.101990 -812.987976 0 ) (537.270508 -812.987976 0 ) (537.270752 -812.987976 73 ) (536.101990 -812.987976 73 ) 
4 361 369 (541.059204 -806.550171 73 ) (539.860718 -809.856750 73 ) (539.860718 -809.856750 0 ) (541.059204 -806.550171 0 ) 
4 361 368 (548.101990 -787.119141 0 ) (548.101990 -787.119141 73 ) (541.059204 -806.550171 73 ) (541.059204 -806.550171 0 ) 
4 361 367 (536.101990 -706.743713 0 ) (536.101990 -812.987976 0 ) (536.101990 -812.987976 61 ) (536.101990 -706.743713 61 ) 
4 361 365 (548.101990 -711.119019 73 ) (548.101990 -711.119019 0 ) (545.002258 -709.988831 0 ) (545 -709.988098 73 ) 
4 361 364 (539.865906 -708.116028 0 ) (536.573853 -706.915649 0 ) (536.574829 -706.916016 73 ) (539.865906 -708.116028 73 ) 
4 361 363 (536.573853 -706.915649 0 ) (536.101990 -706.743591 0 ) (536.101990 -706.743591 73 ) (536.574829 -706.916016 73 ) 
3 362 660 (545 -695.988159 0 ) (548.101990 -694.858154 0 ) (548.101990 -697.119202 0 ) 
4 363 658 (536.101990 -706.743713 0 ) (536.101990 -699.229004 0 ) (539.866821 -697.857727 0 ) (536.573792 -706.915710 0 ) 
4 363 367 (536.101990 -699.229065 0 ) (536.101990 -706.743713 0 ) (536.101990 -706.743713 61 ) (536.101990 -699.229004 61 ) 
4 363 364 (538.001221 -702.991394 73 ) (536.574463 -706.916016 73 ) (536.573486 -706.915649 0 ) (538 -702.989868 0 ) 
3 364 661 (539.865967 -708.116028 0 ) (536.573792 -706.915710 0 ) (538 -702.990295 0 ) 
3 365 662 (548.101990 -708.855774 0 ) (548.101990 -711.118958 0 ) (545.002319 -709.988770 0 ) 
4 366 487 (531.101990 -693.987976 78 ) (531.101990 -687.987976 78 ) (531.101990 -687.987976 73 ) (531.101990 -693.987976 73 ) 
4 367 658 (531.101990 -704.920654 0 ) (531.101990 -701.050232 0 ) (536.101990 -699.229065 0 ) (536.101990 -706.743713 0 ) 
4 367 656 (531.101990 -765.111023 0 ) (531.101990 -704.920654 0 ) (536.101990 -706.743713 0 ) (536.101990 -763.289246 0 ) 
4 367 635 (531.101990 -701.050232 0 ) (531.101990 -687.987976 0 ) (536.101990 -687.987976 0 ) (536.101990 -699.229065 0 ) 
3 367 614 (536.101990 -804.741577 0 ) (536.101990 -809.785767 0 ) (533.978638 -803.966919 0 ) 
5 367 613 (531.101990 -796.083862 0 ) (531.101990 -765.111023 0 ) (536.101990 -763.289246 0 ) (536.101990 -804.741577 0 ) (533.978638 -803.966919 0 ) 
4 367 609 (536.101990 -812.987976 0 ) (531.101990 -812.987976 0 ) (531.101990 -796.083862 0 ) (536.101990 -809.785767 0 ) 
4 367 488 (531.101990 -687.987976 0 ) (531.101990 -812.987976 0 ) (531.101990 -812.987976 61 ) (531.101990 -687.987976 61 ) 
4 367 383 (531.101990 -812.987976 61 ) (531.101990 -812.987976 0 ) (536.101990 -812.987976 0 ) (536.101990 -812.987976 61 ) 
3 368 613 (541.058472 -806.549927 0 ) (548.101990 -787.116821 0 ) (548.101990 -809.119690 0 ) 
4 368 369 (541.058594 -806.548828 73 ) (541.058594 -806.548828 0 ) (545.001343 -807.987488 0 ) (545.001343 -807.987488 73 ) 
3 369 619 (539.859802 -809.857056 0 ) (541.058472 -806.549927 0 ) (545 -807.987976 0 ) 
4 370 525 (550.101990 -1014.989990 242 ) (548.101990 -1014.989990 242 ) (548.101990 -1014.989990 81 ) (550.101990 -1014.989990 81 ) 
3 370 385 (548.101990 -1014.989990 83 ) (548.101990 -1014.989990 236 ) (548.101990 -953.987976 83 ) 
3 370 384 (548.101990 -1008.989990 242 ) (548.101990 -947.987976 242 ) (548.101990 -947.987976 89 ) 
4 370 375 (548.101990 -812.987976 219 ) (548.101990 -812.987976 83 ) (548.101990 -940.987976 83 ) (548.101990 -940.987976 219 ) 
4 370 373 (548.101990 -812.987976 242 ) (548.101990 -812.987976 224 ) (548.101990 -940.987976 224 ) (548.101990 -940.987976 242 ) 
4 370 372 (548.101990 -1014.989990 81 ) (548.101990 -942.857483 81 ) (550.101990 -942.128540 81 ) (550.101990 -1014.989990 81 ) 
4 370 371 (548.101990 -931.113892 81 ) (548.101990 -820.864014 81 ) (550.101990 -820.139282 81 ) (550.101990 -931.839783 81 ) 
4 371 617 (550.101990 -820.139282 0 ) (550.101990 -820.205688 0 ) (548.101990 -825.704102 0 ) (548.101990 -820.864014 0 ) 
4 371 616 (550.101990 -820.205688 0 ) (550.101990 -848.150940 0 ) (548.101990 -842.670227 0 ) (548.101990 -825.704102 0 ) 
5 371 612 (550.101990 -931.772522 0 ) (550.101990 -931.839783 0 ) (548.101990 -931.113892 0 ) (548.101990 -928.859192 0 ) (548.932495 -928.556824 0 ) 
3 371 611 (550.101990 -928.131042 0 ) (550.101990 -931.772522 0 ) (548.932495 -928.556824 0 ) 
4 371 609 (550.101990 -848.150940 0 ) (550.101990 -928.131042 0 ) (548.101990 -928.859192 0 ) (548.101990 -842.670227 0 ) 
4 371 382 (548.101990 -928.859192 0 ) (548.101990 -931.113892 0 ) (548.101990 -931.113892 73 ) (548.101990 -928.859558 73 ) 
4 371 378 (548.101990 -820.864014 0 ) (548.101990 -842.670227 0 ) (548.101990 -842.669678 73 ) (548.101990 -820.864014 73 ) 
4 371 376 (548.101990 -842.670227 0 ) (548.101990 -928.859192 0 ) (548.101990 -928.859558 73 ) (548.101990 -842.669678 73 ) 
4 372 630 (550.101990 -991.720947 0 ) (550.101990 -1014.989990 0 ) (548.101990 -1014.989990 0 ) (548.101990 -997.219238 0 ) 
4 372 627 (550.101990 -954.523621 0 ) (550.101990 -991.720947 0 ) (548.101990 -997.219238 0 ) (548.101990 -955.248535 0 ) 
4 372 605 (550.101990 -942.128540 0 ) (550.101990 -954.523621 0 ) (548.101990 -955.248535 0 ) (548.101990 -942.857483 0 ) 
4 372 526 (548.101990 -1014.989990 81 ) (548.101990 -1014.989990 0 ) (550.101990 -1014.989990 0 ) (550.101990 -1014.989990 81 ) 
4 372 388 (548.101990 -942.857483 0 ) (548.101990 -1014.989990 0 ) (548.101990 -1014.989990 73 ) (548.101990 -942.857483 73 ) 
4 374 520 (531.101990 -940.987976 224 ) (531.101990 -940.987976 242 ) (531.101990 -812.987976 242 ) (531.101990 -812.987976 224 ) 
4 375 523 (531.101990 -940.987976 218 ) (531.101990 -940.987976 219 ) (531.101990 -812.987976 219 ) (531.101990 -812.987976 218 ) 
4 375 447 (531.101990 -940.987976 83 ) (531.101990 -940.987976 178 ) (531.101990 -812.987976 178 ) (531.101990 -812.987976 83 ) 
4 375 443 (531.101990 -940.987976 178 ) (531.101990 -940.987976 213 ) (531.101990 -812.987976 213 ) (531.101990 -812.987976 178 ) 
4 375 441 (531.101990 -940.987976 213 ) (531.101990 -940.987976 218 ) (531.101990 -812.987976 218 ) (531.101990 -812.987976 213 ) 
6 376 609 (536.101990 -812.987976 0 ) (537.270508 -812.987976 0 ) (548.101990 -842.670227 0 ) (548.101990 -928.859192 0 ) (536.571716 -933.057007 0 ) (536.101990 -931.764221 0 ) 
3 376 607 (536.571716 -933.057007 0 ) (536.101990 -933.228027 0 ) (536.101990 -931.764221 0 ) 
4 376 383 (536.101990 -812.987976 61 ) (536.101990 -812.987976 0 ) (536.101990 -933.228027 0 ) (536.101990 -933.228333 61 ) 
4 376 382 (545 -929.988159 0 ) (548.101990 -928.859009 0 ) (548.101990 -928.859375 73 ) (545 -929.988281 73 ) 
4 376 381 (536.571594 -933.056580 0 ) (539.863831 -931.858093 0 ) (539.863831 -931.858459 73 ) (536.571655 -933.056946 73 ) 
4 376 380 (536.101990 -933.227905 73 ) (536.101990 -933.227539 0 ) (536.571594 -933.056580 0 ) (536.571655 -933.056946 73 ) 
4 376 379 (539.873108 -820.119812 73 ) (541.073975 -823.410583 73 ) (541.073730 -823.410583 0 ) (539.872864 -820.119690 0 ) 
4 376 378 (541.073975 -823.410583 73 ) (548.101990 -842.670471 73 ) (548.101990 -842.671021 0 ) (541.073730 -823.410583 0 ) 
4 376 377 (537.270447 -812.987976 0 ) (537.270691 -812.987976 73 ) (538 -814.987305 73 ) (538 -814.987671 0 ) 
3 377 614 (537.270508 -812.987976 0 ) (538.724915 -812.987976 0 ) (538 -814.987549 0 ) 
4 378 617 (548.101990 -820.864014 0 ) (548.101990 -825.704102 0 ) (545.011292 -834.200623 0 ) (541.073853 -823.410583 0 ) 
3 378 616 (548.101990 -825.704102 0 ) (548.101990 -842.670227 0 ) (545.011292 -834.200623 0 ) 
4 378 379 (541.074219 -823.410461 0 ) (541.074402 -823.410400 73 ) (545 -821.987976 73 ) (545 -821.987976 0 ) 
3 379 618 (545 -821.987976 0 ) (541.073853 -823.410583 0 ) (539.872986 -820.119690 0 ) 
4 380 607 (539.453308 -940.987976 0 ) (536.101990 -940.987976 0 ) (536.101990 -933.228027 0 ) (536.571716 -933.057007 0 ) 
4 380 389 (536.101990 -940.987976 0 ) (539.453308 -940.987976 0 ) (539.453308 -940.987976 73 ) (536.101990 -940.987976 73 ) 
4 380 383 (536.101990 -940.987976 0 ) (536.101990 -940.987976 61 ) (536.101990 -933.228333 61 ) (536.101990 -933.228027 0 ) 
4 380 381 (536.572144 -933.058289 0 ) (536.572266 -933.058594 73 ) (538 -936.988525 73 ) (538 -936.988342 0 ) 
3 381 610 (538 -936.988281 0 ) (536.571716 -933.057007 0 ) (539.863647 -931.858521 0 ) 
3 382 612 (548.101990 -928.859192 0 ) (548.101990 -931.113831 0 ) (545 -929.988281 0 ) 
4 383 609 (531.101990 -918.002747 0 ) (531.101990 -812.987976 0 ) (536.101990 -812.987976 0 ) (536.101990 -931.764221 0 ) 
4 383 607 (531.101990 -940.987976 0 ) (531.101990 -918.002747 0 ) (536.101990 -931.764221 0 ) (536.101990 -940.987976 0 ) 
4 383 488 (531.101990 -812.987976 0 ) (531.101990 -940.987976 0 ) (531.101990 -940.987976 61 ) (531.101990 -812.987976 61 ) 
4 383 391 (531.101990 -940.987976 61 ) (531.101990 -940.987976 0 ) (536.101990 -940.987976 0 ) (536.101990 -940.987976 61 ) 
4 386 524 (531.101990 -947.987976 223 ) (531.101990 -947.987976 218 ) (531.101990 -999.421021 218 ) (531.101990 -1001.414551 223 ) 
4 386 520 (531.101990 -1008.989990 242 ) (531.101990 -947.987976 242 ) (531.101990 -947.987976 223 ) (531.101990 -1001.414551 223 ) 
3 386 474 (531.101990 -947.987976 178 ) (531.101990 -947.987976 89 ) (531.101990 -983.472778 178 ) 
4 386 469 (531.101990 -947.987976 218 ) (531.101990 -947.987976 178 ) (531.101990 -983.472778 178 ) (531.101990 -999.421021 218 ) 
4 387 524 (531.101990 -1014.989990 218 ) (531.101990 -1014.989990 223 ) (531.101990 -1009.806824 223 ) (531.101990 -1007.813293 218 ) 
3 387 520 (531.101990 -1014.989990 223 ) (531.101990 -1014.989990 236 ) (531.101990 -1009.806824 223 ) 
4 387 479 (531.101990 -1014.989990 83 ) (531.101990 -1014.989990 178 ) (531.101990 -1002 178 ) (531.101990 -1002 83 ) 
4 387 474 (531.101990 -1002 178 ) (531.101990 -991.865051 178 ) (531.101990 -953.987976 83 ) (531.101990 -1002 83 ) 
4 387 469 (531.101990 -1014.989990 178 ) (531.101990 -1014.989990 218 ) (531.101990 -1007.813293 218 ) (531.101990 -991.865051 178 ) 
3 388 630 (548.101990 -1014.989990 0 ) (541.637939 -1014.989990 0 ) (548.101990 -997.219299 0 ) 
5 388 627 (541.637939 -1014.989990 0 ) (536.101990 -1014.989990 0 ) (536.101990 -959.597717 0 ) (548.101990 -955.248535 0 ) (548.101990 -997.219299 0 ) 
4 388 605 (536.101990 -959.597717 0 ) (536.101990 -947.230835 0 ) (548.101990 -942.857483 0 ) (548.101990 -955.248535 0 ) 
4 388 529 (541.637939 -1014.989990 0 ) (548.101990 -1014.989990 0 ) (548.101990 -1014.989990 73 ) (541.637634 -1014.989990 73 ) 
4 388 528 (536.101990 -1014.989990 0 ) (541.637939 -1014.989990 0 ) (541.637634 -1014.989990 73 ) (536.101990 -1014.989990 73 ) 
4 388 391 (536.101990 -1014.989990 0 ) (536.101990 -1014.989990 61 ) (536.101990 -947.230835 61 ) (536.101990 -947.230835 0 ) 
4 388 390 (541.064331 -945.421936 73 ) (545.003052 -943.986450 73 ) (545.001709 -943.986938 0 ) (541.064331 -945.421936 0 ) 
4 388 389 (536.101990 -947.230469 0 ) (536.101990 -947.230469 73 ) (541.064331 -945.421936 73 ) (541.064331 -945.421936 0 ) 
4 389 607 (536.101990 -947.230835 0 ) (536.101990 -940.987976 0 ) (539.453308 -940.987976 0 ) (541.064453 -945.422302 0 ) 
4 389 391 (536.101990 -940.987976 61 ) (536.101990 -940.987976 0 ) (536.101990 -947.230835 0 ) (536.101990 -947.230835 61 ) 
4 389 390 (539.862366 -942.117737 73 ) (541.064453 -945.425781 73 ) (541.064453 -945.425781 0 ) (539.862793 -942.118835 0 ) 
3 390 608 (545.002258 -943.987183 0 ) (541.064453 -945.422302 0 ) (539.864380 -942.119446 0 ) 
4 391 627 (536.101990 -1014.989990 0 ) (531.101990 -1014.989990 0 ) (531.101990 -961.409912 0 ) (536.101990 -959.597717 0 ) 
4 391 607 (531.101990 -949.053162 0 ) (531.101990 -940.987976 0 ) (536.101990 -940.987976 0 ) (536.101990 -947.230835 0 ) 
4 391 605 (531.101990 -961.409912 0 ) (531.101990 -949.053162 0 ) (536.101990 -947.230835 0 ) (536.101990 -959.597717 0 ) 
4 391 535 (531.101990 -1014.989990 61 ) (531.101990 -1014.989990 0 ) (536.101990 -1014.989990 0 ) (536.101990 -1014.989990 61 ) 
4 391 488 (531.101990 -940.987976 0 ) (531.101990 -1014.989990 0 ) (531.101990 -1014.989990 61 ) (531.101990 -940.987976 61 ) 
4 392 558 (364.100037 -940.987976 242 ) (364.100037 -926.286926 242 ) (364.100037 -926.286926 83 ) (364.100037 -940.987976 83 ) 
4 392 462 (369.100037 -940.004028 83 ) (364.100037 -926.284607 83 ) (364.100037 -926.284668 218 ) (369.100037 -940.004028 218 ) 
4 392 440 (364.100037 -926.284668 218 ) (364.100037 -926.284668 242 ) (369.100037 -940.004028 242 ) (369.100037 -940.004028 218 ) 
4 393 521 (531.101990 -693.987976 218 ) (531.101990 -661.987976 218 ) (507.101990 -661.987976 242 ) (507.101990 -693.987976 242 ) 
5 393 412 (531.101990 -700.987976 178 ) (531.101990 -700.987976 218 ) (507.100861 -700.987976 242 ) (500 -700.987976 242 ) (500 -700.987976 178 ) 
4 393 398 (531.101990 -700.987976 178 ) (500 -700.987976 178 ) (500 -661.987976 178 ) (531.101990 -661.987976 178 ) 
4 393 396 (500 -672 178 ) (500 -700.987976 178 ) (500 -700.987976 180 ) (500 -672 180 ) 
4 393 395 (500 -700.987976 180 ) (500 -700.987976 242 ) (500 -672 242 ) (500 -672 180 ) 
4 393 394 (500 -661.987976 178 ) (500 -672 178 ) (500 -672 242 ) (500 -661.987976 242 ) 
4 394 409 (405.095184 -672 242 ) (405.095184 -661.987976 242 ) (404.149994 -661.987976 241.054657 ) (404.149994 -672 241.054657 ) 
4 394 399 (404.149994 -672 178 ) (404.149994 -661.987976 178 ) (500 -661.987976 178 ) (500 -672 178 ) 
4 394 396 (404.149994 -672 180 ) (404.149994 -672 178 ) (500 -672 178 ) (500 -672 180 ) 
5 394 395 (404.149994 -672 241.054688 ) (404.149994 -672 180 ) (500 -672 180 ) (500 -672 242 ) (405.095154 -672 242 ) 
4 394 397 (404.149994 -661.987976 178 ) (404.149994 -672 178 ) (404.149994 -672 241.055817 ) (404.149994 -661.987976 241.055817 ) 
5 395 413 (500 -700.987976 242 ) (405.093994 -700.987976 242 ) (404.149994 -700.987976 241.055847 ) (404.149994 -700.987976 180 ) (500 -700.987976 180 ) 
4 395 409 (405.095184 -693.987976 242 ) (405.095184 -672 242 ) (404.149994 -672 241.054657 ) (404.149994 -693.987976 241.054657 ) 
4 395 397 (404.149994 -700.987976 180 ) (404.149994 -700.987976 241.055817 ) (404.149994 -672 241.055817 ) (404.149994 -672 180 ) 
4 395 396 (404.149994 -700.987976 180 ) (404.149994 -672 180 ) (500 -672 180 ) (500 -700.987976 180 ) 
4 396 414 (404.149994 -700.987976 180 ) (404.149994 -700.987976 178 ) (500 -700.987976 178 ) (500 -700.987976 180 ) 
4 396 404 (406 -700.987976 178 ) (404.149994 -700.987976 178 ) (404.149994 -674 178 ) (406 -674 178 ) 
4 396 403 (496.942993 -700.987976 178 ) (406 -700.987976 178 ) (406 -674 178 ) (496.942993 -674 178 ) 
4 396 402 (500 -700.987976 178 ) (496.942993 -700.987976 178 ) (496.942993 -674 178 ) (500 -674 178 ) 
4 396 401 (404.149994 -674 178 ) (404.149994 -672 178 ) (406 -672 178 ) (406 -674 178 ) 
4 396 400 (406 -672 178 ) (500 -672 178 ) (500 -674 178 ) (406 -674 178 ) 
4 396 397 (404.149994 -672 178 ) (404.149994 -700.987976 178 ) (404.149994 -700.987976 180 ) (404.149994 -672 180 ) 
4 397 415 (404.149994 -700.987976 241.055847 ) (388.712524 -700.987976 225.615784 ) (388.712524 -700.987976 178 ) (404.149994 -700.987976 178 ) 
4 397 409 (404.149994 -693.987976 241.054657 ) (404.149994 -661.987976 241.054657 ) (381.100037 -661.987976 218 ) (381.100037 -693.987976 218 ) 
4 397 407 (388.714844 -700.987976 178 ) (388.714844 -700.987976 225.617188 ) (381.100037 -698.211365 218.001114 ) (381.100037 -698.211365 178 ) 
4 397 406 (381.100037 -693.987976 218 ) (381.100037 -661.987976 218 ) (381.100037 -661.987976 178 ) (381.100037 -693.987976 178 ) 
5 397 405 (404.149994 -700.987976 178 ) (388.718750 -700.987976 178 ) (381.100037 -698.210938 178 ) (381.100037 -672 178 ) (404.149994 -672 178 ) 
4 397 399 (381.100037 -672 178 ) (381.100037 -661.987976 178 ) (404.149994 -661.987976 178 ) (404.149994 -672 178 ) 
4 398 487 (531.101990 -687.987976 78 ) (531.101990 -693.987976 78 ) (500 -693.987976 78 ) (500 -687.987976 78 ) 
4 398 423 (500 -700.987976 78 ) (531.101990 -700.987976 78 ) (531.101990 -700.987976 83 ) (500 -700.987976 83 ) 
4 398 416 (531.101990 -700.987976 83 ) (531.101990 -700.987976 178 ) (500 -700.987976 178 ) (500 -700.987976 83 ) 
4 398 402 (500 -674 78 ) (500 -700.987976 78 ) (500 -700.987976 178 ) (500 -674 178 ) 
4 398 400 (500 -672 78 ) (500 -674 78 ) (500 -674 178 ) (500 -672 178 ) 
4 398 399 (500 -661.987976 78 ) (500 -672 78 ) (500 -672 178 ) (500 -661.987976 178 ) 
4 399 406 (381.100037 -661.987976 78 ) (381.100037 -672 78 ) (381.100037 -672 178 ) (381.100037 -661.987976 178 ) 
4 399 401 (406 -672 178 ) (404 -672 178 ) (404 -672 78 ) (406 -672 78 ) 
4 399 400 (500 -672 78 ) (500 -672 178 ) (406 -672 178 ) (406 -672 78 ) 
4 399 405 (404 -672 178 ) (381.100037 -672 178 ) (381.100037 -672 78 ) (404 -672 78 ) 
4 400 403 (406 -674 78 ) (496.942993 -674 78 ) (496.942993 -674 178 ) (406 -674 178 ) 
4 400 402 (496.942993 -674 78 ) (500 -674 78 ) (500 -674 178 ) (496.942993 -674 178 ) 
4 400 401 (406 -672 178 ) (406 -672 78 ) (406 -674 78 ) (406 -674 178 ) 
4 401 404 (404 -674 178 ) (404 -674 78 ) (406 -674 78 ) (406 -674 178 ) 
4 401 405 (404 -672 178 ) (404 -672 78 ) (404 -674 78 ) (404 -674 178 ) 
4 402 487 (500 -687.987976 78 ) (500 -693.987976 78 ) (496.942993 -693.987976 78 ) (496.942993 -687.987976 78 ) 
4 402 424 (496.942993 -700.987976 78 ) (500 -700.987976 78 ) (500 -700.987976 83 ) (496.942993 -700.987976 83 ) 
4 402 417 (500 -700.987976 83 ) (500 -700.987976 178 ) (496.942993 -700.987976 178 ) (496.942993 -700.987976 83 ) 
4 402 403 (496.942993 -674 178 ) (496.942993 -674 78 ) (496.942993 -700.987976 78 ) (496.942993 -700.987976 178 ) 
4 403 487 (406 -693.987976 78 ) (406 -687.987976 78 ) (496.942993 -687.987976 78 ) (496.942993 -693.987976 78 ) 
4 403 425 (406 -700.987976 78 ) (496.942993 -700.987976 78 ) (496.942993 -700.987976 83 ) (406 -700.987976 83 ) 
4 403 418 (496.942993 -700.987976 83 ) (496.942993 -700.987976 178 ) (406 -700.987976 178 ) (406 -700.987976 83 ) 
4 403 404 (406 -674 178 ) (406 -674 78 ) (406 -700.987976 78 ) (406 -700.987976 178 ) 
4 404 487 (404 -693.987976 78 ) (404 -687.987976 78 ) (406 -687.987976 78 ) (406 -693.987976 78 ) 
4 404 426 (404 -700.987976 78 ) (406 -700.987976 78 ) (406 -700.987976 83 ) (404 -700.987976 83 ) 
4 404 419 (406 -700.987976 83 ) (406 -700.987976 178 ) (404 -700.987976 178 ) (404 -700.987976 83 ) 
4 404 405 (404 -674 78 ) (404 -700.987976 78 ) (404 -700.987976 178 ) (404 -674 178 ) 
4 405 490 (381.100037 -693.987976 78 ) (381.100037 -687.987976 78 ) (395.100037 -687.987976 78 ) (395.100037 -693.987976 78 ) 
4 405 487 (395.100037 -693.987976 78 ) (395.100037 -687.987976 78 ) (404 -687.987976 78 ) (404 -693.987976 78 ) 
4 405 429 (388.712494 -700.987976 78 ) (399.716766 -700.987976 78 ) (399.716766 -700.987976 81 ) (388.712494 -700.987976 81 ) 
4 405 428 (399.716766 -700.987976 81 ) (399.716766 -700.987976 83 ) (388.712494 -700.987976 83 ) (388.712494 -700.987976 81 ) 
4 405 427 (399.716766 -700.987976 78 ) (404 -700.987976 78 ) (404 -700.987976 83 ) (399.716766 -700.987976 83 ) 
4 405 420 (404 -700.987976 83 ) (404 -700.987976 178 ) (388.712524 -700.987976 178 ) (388.712494 -700.987976 83 ) 
4 405 408 (388.714844 -700.987976 78 ) (388.714844 -700.987976 81 ) (381.100037 -698.211365 81 ) (381.100037 -698.211365 78 ) 
4 405 407 (388.714844 -700.987976 81 ) (388.714844 -700.987976 178 ) (381.100037 -698.211365 178 ) (381.100037 -698.211365 81 ) 
4 405 406 (381.100037 -672 78 ) (381.100037 -693.987976 78 ) (381.100037 -693.987976 178 ) (381.100037 -672 178 ) 
4 406 490 (381.100037 -687.987976 78 ) (381.100037 -693.987976 78 ) (376.100037 -693.987976 78 ) (376.100037 -687.987976 78 ) 
4 406 431 (376.100037 -661.987976 78 ) (376.100037 -693.987976 78 ) (376.100037 -693.987976 213.001205 ) (376.100037 -661.987976 213.001190 ) 
4 406 411 (376.100037 -661.987976 213 ) (376.100037 -693.987976 213 ) (381.100037 -693.987976 218 ) (381.100037 -661.987976 218 ) 
4 407 428 (381.100037 -700.987976 81 ) (388.712494 -700.987976 81 ) (388.712494 -700.987976 83 ) (381.100037 -700.987976 83 ) 
4 407 420 (388.712494 -700.987976 83 ) (388.712524 -700.987976 178 ) (381.100037 -700.987976 178 ) (381.100037 -700.987976 83 ) 
4 407 415 (388.712524 -700.987976 178 ) (388.712524 -700.987976 225.615784 ) (381.100037 -700.987976 218.002029 ) (381.100037 -700.987976 178 ) 
3 407 408 (381.100037 -698.213623 81 ) (388.708740 -700.987976 81 ) (381.100037 -700.987976 81 ) 
4 408 429 (381.100037 -700.987976 78 ) (388.712494 -700.987976 78 ) (388.712494 -700.987976 81 ) (381.100037 -700.987976 81 ) 
4 409 411 (381.100037 -661.987976 218 ) (381.100037 -693.987976 218 ) (381.100037 -693.987976 242 ) (381.100037 -661.987976 242 ) 
3 409 410 (381.100037 -693.987976 242 ) (381.100037 -693.987976 223.014053 ) (400.089996 -693.987976 242 ) 
3 410 415 (400.105988 -700.987976 242 ) (381.100037 -700.987976 242 ) (381.100037 -700.987976 222.998047 ) 
4 411 431 (376.100037 -693.987976 242 ) (376.100037 -661.987976 242 ) (376.100037 -661.987976 213.001190 ) (376.100037 -693.987976 213.001205 ) 
4 412 522 (531.101990 -805.987976 218 ) (531.101990 -700.987976 218 ) (507.101990 -700.987976 242 ) (507.101959 -805.987976 242 ) 
4 412 443 (531.101990 -805.987976 178 ) (531.101990 -805.987976 213 ) (500 -805.987976 213 ) (500 -805.987976 178 ) 
4 412 441 (531.101990 -805.987976 213 ) (531.101990 -805.987976 218 ) (500 -805.987976 218 ) (500 -805.987976 213 ) 
5 412 435 (531.101990 -805.987976 218 ) (531.101990 -805.987976 218.001358 ) (507.103577 -805.987976 242 ) (500 -805.987976 242 ) (500 -805.987976 218 ) 
4 412 416 (531.101990 -805.987976 178 ) (500 -805.987976 178 ) (500 -700.987976 178 ) (531.101990 -700.987976 178 ) 
4 412 414 (500 -700.987976 180 ) (500 -700.987976 178 ) (500 -805.987976 178 ) (500 -805.987976 180 ) 
4 412 413 (500 -700.987976 242 ) (500 -700.987976 180 ) (500 -805.987976 180 ) (500 -805.987976 242 ) 
4 413 444 (404.149994 -805.987976 213 ) (404.149994 -805.987976 180 ) (500 -805.987976 180 ) (500 -805.987976 213 ) 
4 413 441 (404.149994 -805.987976 218 ) (404.149994 -805.987976 213 ) (500 -805.987976 213 ) (500 -805.987976 218 ) 
5 413 435 (500 -805.987976 242 ) (405.093994 -805.987976 242 ) (404.149994 -805.987976 241.055832 ) (404.149994 -805.987976 218 ) (500 -805.987976 218 ) 
4 413 415 (404.149994 -700.987976 242 ) (404.149994 -700.987976 180 ) (404.149994 -805.987976 180 ) (404.149994 -805.987976 242 ) 
4 413 414 (404.149994 -805.987976 180 ) (404.149994 -700.987976 180 ) (500 -700.987976 180 ) (500 -805.987976 180 ) 
4 414 445 (404.149994 -805.987976 180 ) (404.149994 -805.987976 178 ) (500 -805.987976 178 ) (500 -805.987976 180 ) 
4 414 419 (406 -805.987976 178 ) (404.149994 -805.987976 178 ) (404.149994 -700.987976 178 ) (406 -700.987976 178 ) 
4 414 417 (500 -805.987976 178 ) (496.942993 -805.987976 178 ) (496.942993 -700.987976 178 ) (500 -700.987976 178 ) 
4 414 418 (496.942993 -805.987976 178 ) (406 -805.987976 178 ) (406 -700.987976 178 ) (496.942993 -700.987976 178 ) 
4 414 415 (404.149994 -700.987976 180 ) (404.149994 -700.987976 178 ) (404.149994 -805.987976 178 ) (404.149994 -805.987976 180 ) 
4 415 463 (381.100037 -805.987976 218 ) (381.100037 -805.987976 178 ) (385.269592 -805.987976 178 ) (385.269592 -805.987976 218 ) 
4 415 446 (385.269592 -805.987976 178 ) (404.149994 -805.987976 178 ) (404.149994 -805.987976 213 ) (385.269592 -805.987976 213 ) 
4 415 441 (404.149994 -805.987976 213 ) (404.149994 -805.987976 218 ) (385.269592 -805.987976 218 ) (385.269592 -805.987976 213 ) 
4 415 435 (381.100037 -805.987976 218.002029 ) (381.100037 -805.987976 218 ) (404.149994 -805.987976 218 ) (404.149994 -805.987976 241.055832 ) 
3 415 434 (400.092987 -805.987976 242 ) (381.100037 -805.987976 242 ) (381.100037 -805.987976 223.010056 ) 
4 415 422 (381.100037 -748.399780 178 ) (381.100037 -805.987976 178 ) (381.100037 -805.987976 242 ) (381.100037 -706.988037 242 ) 
3 415 421 (381.100037 -700.987976 236 ) (381.100037 -700.987976 178 ) (381.100037 -738.517395 178 ) 
4 415 420 (404.149994 -805.987976 178 ) (381.100037 -805.987976 178 ) (381.100037 -700.987976 178 ) (404.149994 -700.987976 178 ) 
4 416 447 (531.101990 -805.987976 83 ) (531.101990 -805.987976 178 ) (500 -805.987976 178 ) (500 -805.987976 83 ) 
4 416 423 (531.101990 -805.987976 83 ) (500 -805.987976 83 ) (500 -700.987976 83 ) (531.101990 -700.987976 83 ) 
4 416 417 (500 -700.987976 83 ) (500 -805.987976 83 ) (500 -805.987976 178 ) (500 -700.987976 178 ) 
4 417 448 (500 -805.987976 178 ) (496.942993 -805.987976 178 ) (496.942993 -805.987976 83 ) (500 -805.987976 83 ) 
4 417 424 (500 -805.987976 83 ) (496.942993 -805.987976 83 ) (496.942993 -700.987976 83 ) (500 -700.987976 83 ) 
4 417 418 (496.942993 -700.987976 83 ) (496.942993 -805.987976 83 ) (496.942993 -805.987976 178 ) (496.942993 -700.987976 178 ) 
4 418 449 (496.942993 -805.987976 178 ) (406 -805.987976 178 ) (406 -805.987976 83 ) (496.942993 -805.987976 83 ) 
4 418 425 (496.942993 -805.987976 83 ) (406 -805.987976 83 ) (406 -700.987976 83 ) (496.942993 -700.987976 83 ) 
4 418 419 (406 -700.987976 83 ) (406 -805.987976 83 ) (406 -805.987976 178 ) (406 -700.987976 178 ) 
4 419 450 (406 -805.987976 178 ) (404 -805.987976 178 ) (404 -805.987976 83 ) (406 -805.987976 83 ) 
4 419 426 (406 -805.987976 83 ) (404 -805.987976 83 ) (404 -700.987976 83 ) (406 -700.987976 83 ) 
4 419 420 (404 -700.987976 83 ) (404 -805.987976 83 ) (404 -805.987976 178 ) (404 -700.987976 178 ) 
4 420 463 (385.269592 -805.987976 178 ) (381.100037 -805.987976 178 ) (381.100037 -805.987976 83 ) (385.269592 -805.987976 83 ) 
4 420 451 (404 -805.987976 178 ) (385.269592 -805.987976 178 ) (385.269592 -805.987976 83 ) (404 -805.987976 83 ) 
3 420 428 (381.100037 -707.766846 83 ) (381.100037 -700.987976 83 ) (399.716766 -700.987976 83 ) 
5 420 427 (404 -805.987976 83 ) (381.100037 -805.987976 83 ) (381.100037 -707.766846 83 ) (399.716766 -700.987976 83 ) (404 -700.987976 83 ) 
3 420 422 (381.100037 -805.987976 89 ) (381.100037 -805.987976 178 ) (381.100037 -748.399780 178 ) 
4 420 421 (381.100037 -700.987976 178 ) (381.100037 -700.987976 83 ) (381.100037 -799.987976 83 ) (381.100037 -738.517395 178 ) 
4 423 452 (500 -805.987976 78 ) (531.101990 -805.987976 78 ) (531.101990 -805.987976 83 ) (500 -805.987976 83 ) 
4 423 424 (500 -805.987976 78 ) (500 -805.987976 83 ) (500 -700.987976 83 ) (500 -700.987976 78 ) 
4 424 453 (496.942993 -805.987976 78 ) (500 -805.987976 78 ) (500 -805.987976 83 ) (496.942993 -805.987976 83 ) 
4 424 425 (496.942993 -805.987976 78 ) (496.942993 -805.987976 83 ) (496.942993 -700.987976 83 ) (496.942993 -700.987976 78 ) 
4 425 454 (406 -805.987976 78 ) (496.942993 -805.987976 78 ) (496.942993 -805.987976 83 ) (406 -805.987976 83 ) 
4 425 426 (406 -805.987976 78 ) (406 -805.987976 83 ) (406 -700.987976 83 ) (406 -700.987976 78 ) 
4 426 455 (404 -805.987976 78 ) (406 -805.987976 78 ) (406 -805.987976 83 ) (404 -805.987976 83 ) 
4 426 427 (404 -805.987976 78 ) (404 -805.987976 83 ) (404 -700.987976 83 ) (404 -700.987976 78 ) 
4 427 463 (381.100037 -805.987976 78 ) (385.269592 -805.987976 78 ) (385.269592 -805.987976 83 ) (381.100037 -805.987976 83 ) 
4 427 456 (385.269592 -805.987976 78 ) (404 -805.987976 78 ) (404 -805.987976 83 ) (385.269592 -805.987976 83 ) 
4 427 430 (383.429077 -706.917542 78 ) (381.100037 -707.765503 78 ) (381.100037 -707.765503 81 ) (383.429077 -706.917542 81 ) 
4 427 429 (399.714844 -700.987976 81 ) (399.714844 -700.987976 78 ) (383.429077 -706.917542 78 ) (383.429077 -706.917542 81 ) 
4 427 428 (381.100037 -707.765503 83 ) (399.714844 -700.987976 83 ) (399.714844 -700.987976 81 ) (381.100037 -707.765503 81 ) 
4 428 430 (383.429260 -706.918030 81 ) (381.100037 -707.766174 81 ) (381.100037 -705.460693 81 ) (382 -702.987976 81 ) 
3 428 429 (399.714844 -700.987976 81 ) (383.429260 -706.918030 81 ) (381.272644 -700.987976 81 ) 
4 429 430 (383.429688 -706.917969 78 ) (383.429688 -706.917969 81 ) (382 -702.987427 81 ) (382 -702.987427 78 ) 
4 431 558 (364.100037 -693.987976 242 ) (364.100037 -686.987976 242 ) (364.100037 -686.987976 78 ) (364.100037 -693.987976 78 ) 
4 431 556 (364.100037 -686.987976 242 ) (364.100037 -661.987976 242 ) (364.100037 -661.987976 78 ) (364.100037 -686.987976 78 ) 
4 431 490 (376.100037 -687.987976 78 ) (376.100037 -693.987976 78 ) (364.100037 -693.987976 78 ) (364.100037 -687.987976 78 ) 
3 432 558 (364.100037 -700.987976 236 ) (364.100037 -700.987976 83 ) (364.100037 -799.987976 83 ) 
3 433 558 (364.100037 -805.987976 242 ) (364.100037 -706.988037 242 ) (364.100037 -805.987976 89 ) 
3 434 436 (381.100037 -812.987976 242 ) (381.100037 -812.987976 222.998047 ) (400.105011 -812.987976 242 ) 
4 435 463 (381.100037 -812.987976 218 ) (381.100037 -805.987976 218 ) (385.269592 -805.987976 218 ) (382.726563 -812.987976 218 ) 
4 435 441 (385.269592 -805.987976 218 ) (531.101929 -805.987976 218 ) (531.101746 -812.987976 218 ) (382.726563 -812.987976 218 ) 
5 435 436 (381.100037 -812.987976 218.002029 ) (381.100037 -812.987976 218 ) (531.101990 -812.987976 218 ) (507.101685 -812.987976 242 ) (405.093994 -812.987976 242 ) 
4 436 523 (531.101990 -940.987976 218 ) (531.101990 -812.987976 218 ) (507.101959 -812.987976 242 ) (507.101929 -940.987976 242 ) 
4 436 466 (381.100037 -817.465027 218 ) (381.100037 -812.987976 218 ) (381.271332 -812.987976 218 ) (382 -814.987854 218 ) 
3 436 463 (381.271332 -812.987976 218 ) (382.726532 -812.987976 218 ) (382 -814.987854 218 ) 
5 436 441 (381.100037 -940.987976 218 ) (381.100037 -817.465027 218 ) (382.726532 -812.987976 218 ) (531.101746 -812.987976 218 ) (531.097839 -940.987976 218 ) 
4 436 439 (381.100037 -812.987976 218 ) (381.100037 -940.987976 218 ) (381.100037 -940.987976 242 ) (381.100037 -812.987976 242 ) 
3 436 438 (381.100037 -940.987976 242 ) (381.100037 -940.987976 223.002991 ) (400.106995 -940.987976 242 ) 
5 436 437 (381.100037 -940.987976 218.003906 ) (381.100037 -940.987976 218 ) (531.101990 -940.987976 218 ) (507.101685 -940.987976 242 ) (405.093750 -940.987976 242 ) 
5 437 470 (500 -947.987976 242 ) (405.093750 -947.987976 242 ) (404.149994 -947.987976 241.056152 ) (404.149994 -947.987976 218 ) (500 -947.987976 218 ) 
4 437 469 (531.101990 -947.987976 218 ) (507.101563 -947.987976 242 ) (500 -947.987976 242 ) (500 -947.987976 218 ) 
4 437 473 (404.149994 -947.987976 241.056152 ) (381.100037 -947.987976 218.003906 ) (381.100037 -947.987976 218 ) (404.149994 -947.987976 218 ) 
3 438 473 (400.109985 -947.987976 242 ) (381.100037 -947.987976 242 ) (381.100037 -947.987976 223 ) 
4 439 466 (376.100037 -831.227966 218 ) (376.100037 -812.987976 218 ) (381.100037 -812.987976 218 ) (381.100037 -817.465027 218 ) 
4 439 442 (376.100037 -940.987976 218 ) (376.100037 -831.227966 218 ) (381.100037 -817.465027 218 ) (381.100037 -940.987976 218 ) 
4 440 558 (364.100037 -926.286926 242 ) (364.100037 -812.987976 242 ) (364.100037 -812.987976 218 ) (364.100037 -926.286926 218 ) 
5 440 467 (364.100037 -864.258728 218 ) (364.100037 -825.761719 218 ) (368.723999 -812.987976 218 ) (369.100037 -812.987976 218 ) (369.100037 -850.495789 218 ) 
3 440 465 (364.100037 -825.761719 218 ) (364.100037 -812.987976 218 ) (368.723999 -812.987976 218 ) 
4 440 462 (369.100037 -940.009277 218 ) (364.100037 -926.289673 218 ) (364.100037 -864.258728 218 ) (369.100037 -850.495789 218 ) 
4 441 466 (381.100037 -817.464966 218 ) (382 -814.987793 218 ) (382 -814.987793 213 ) (381.100037 -817.464966 213 ) 
4 441 463 (382 -814.987793 218 ) (385.269531 -805.987976 218 ) (385.269531 -805.987976 213 ) (382 -814.987793 213 ) 
3 441 458 (381.100037 -940.987976 213 ) (381.100037 -934.512329 213 ) (383.454041 -940.987976 213 ) 
4 441 444 (404.149994 -805.987976 213 ) (500 -805.987976 213 ) (500 -940.987976 213 ) (404.149994 -940.987976 213 ) 
4 441 443 (500 -805.987976 213 ) (531.101990 -805.987976 213 ) (531.101990 -940.987976 213 ) (500 -940.987976 213 ) 
6 441 446 (381.100037 -934.512329 213 ) (381.100037 -817.463745 213 ) (385.269165 -805.987976 213 ) (404.149994 -805.987976 213 ) (404.149994 -940.987976 213 ) (383.454041 -940.987976 213 ) 
4 441 442 (381.100037 -817.468750 218 ) (381.100037 -817.468750 213 ) (381.100037 -940.987976 213 ) (381.100037 -940.987976 218 ) 
4 442 466 (376.100037 -831.228027 218 ) (381.100037 -817.464966 218 ) (381.100037 -817.464966 213 ) (376.100037 -831.228027 213 ) 
4 442 458 (376.100037 -940.987976 213 ) (376.100037 -920.757690 213 ) (381.100037 -934.512329 213 ) (381.100037 -940.987976 213 ) 
4 442 457 (376.100037 -920.757690 213 ) (376.100037 -831.226563 213 ) (381.100037 -817.463745 213 ) (381.100037 -934.512329 213 ) 
4 443 469 (531.101990 -947.987976 178 ) (531.101990 -947.987976 213 ) (500 -947.987976 213 ) (500 -947.987976 178 ) 
4 443 447 (531.101990 -947.987976 178 ) (500 -947.987976 178 ) (500 -805.987976 178 ) (531.101990 -805.987976 178 ) 
4 443 445 (500 -805.987976 178 ) (500 -947.987976 178 ) (500 -947.987976 180 ) (500 -805.987976 180 ) 
4 443 444 (500 -947.987976 180 ) (500 -947.987976 213 ) (500 -805.987976 213 ) (500 -805.987976 180 ) 
4 444 470 (500 -947.987976 213 ) (404.149994 -947.987976 213 ) (404.149994 -947.987976 180 ) (500 -947.987976 180 ) 
4 444 446 (404.149994 -947.987976 180 ) (404.149994 -947.987976 213 ) (404.149994 -805.987976 213 ) (404.149994 -805.987976 180 ) 
4 444 445 (404.149994 -947.987976 180 ) (404.149994 -805.987976 180 ) (500 -805.987976 180 ) (500 -947.987976 180 ) 
4 445 471 (404.149994 -947.987976 180 ) (404.149994 -947.987976 178 ) (500 -947.987976 178 ) (500 -947.987976 180 ) 
4 445 450 (406 -947.987976 178 ) (404.149994 -947.987976 178 ) (404.149994 -805.987976 178 ) (406 -805.987976 178 ) 
4 445 448 (500 -947.987976 178 ) (496.942993 -947.987976 178 ) (496.942993 -805.987976 178 ) (500 -805.987976 178 ) 
4 445 449 (496.942993 -947.987976 178 ) (406 -947.987976 178 ) (406 -805.987976 178 ) (496.942993 -805.987976 178 ) 
4 445 446 (404.149994 -805.987976 178 ) (404.149994 -947.987976 178 ) (404.149994 -947.987976 180 ) (404.149994 -805.987976 180 ) 
4 446 473 (404.149994 -947.987976 213 ) (385.998596 -947.987976 213 ) (385.998596 -947.987976 178 ) (404.149994 -947.987976 178 ) 
4 446 466 (382 -814.987793 178 ) (381.100037 -817.464966 178 ) (381.100037 -817.464966 213 ) (382 -814.987793 213 ) 
4 446 463 (385.269531 -805.987976 213 ) (385.269531 -805.987976 178 ) (382 -814.987793 178 ) (382 -814.987793 213 ) 
4 446 461 (386 -947.987976 178 ) (386 -947.987976 213 ) (383.454315 -940.987976 213 ) (383.454315 -940.987976 178 ) 
4 446 458 (383.454315 -940.987976 213 ) (381.100037 -934.511841 213 ) (381.100037 -934.511841 178 ) (383.454315 -940.987976 178 ) 
4 446 457 (381.100037 -934.509766 178 ) (381.100037 -934.509766 213 ) (381.100037 -817.464905 213 ) (381.100037 -817.464905 178 ) 
6 446 451 (404.149994 -947.987976 178 ) (386 -947.987976 178 ) (381.100037 -934.511719 178 ) (381.100037 -817.465088 178 ) (385.269653 -805.987976 178 ) (404.149994 -805.987976 178 ) 
4 447 474 (531.101990 -947.987976 83 ) (531.101990 -947.987976 178 ) (500 -947.987976 178 ) (500 -947.987976 83 ) 
4 447 452 (500 -940.987976 83 ) (500 -805.987976 83 ) (531.101990 -805.987976 83 ) (531.101990 -940.987976 83 ) 
4 447 448 (500 -805.987976 83 ) (500 -947.987976 83 ) (500 -947.987976 178 ) (500 -805.987976 178 ) 
4 448 475 (500 -947.987976 178 ) (496.942993 -947.987976 178 ) (496.942993 -947.987976 83 ) (500 -947.987976 83 ) 
4 448 453 (496.942993 -940.987976 83 ) (496.942993 -805.987976 83 ) (500 -805.987976 83 ) (500 -940.987976 83 ) 
4 448 449 (496.942993 -805.987976 83 ) (496.942993 -947.987976 83 ) (496.942993 -947.987976 178 ) (496.942993 -805.987976 178 ) 
4 449 476 (496.942993 -947.987976 178 ) (406 -947.987976 178 ) (406 -947.987976 83 ) (496.942993 -947.987976 83 ) 
4 449 454 (406 -940.987976 83 ) (406 -805.987976 83 ) (496.942993 -805.987976 83 ) (496.942993 -940.987976 83 ) 
4 449 450 (406 -805.987976 83 ) (406 -947.987976 83 ) (406 -947.987976 178 ) (406 -805.987976 178 ) 
4 450 477 (406 -947.987976 178 ) (404 -947.987976 178 ) (404 -947.987976 83 ) (406 -947.987976 83 ) 
4 450 455 (404 -940.987976 83 ) (404 -805.987976 83 ) (406 -805.987976 83 ) (406 -940.987976 83 ) 
4 450 451 (404 -805.987976 83 ) (404 -947.987976 83 ) (404 -947.987976 178 ) (404 -805.987976 178 ) 
4 451 478 (404 -947.987976 178 ) (385.998596 -947.987976 178 ) (385.998596 -947.987976 83 ) (404 -947.987976 83 ) 
4 451 466 (382 -814.987793 83 ) (381.100037 -817.464966 83 ) (381.100037 -817.464966 178 ) (382 -814.987793 178 ) 
4 451 463 (385.269531 -805.987976 178 ) (385.269531 -805.987976 83 ) (382 -814.987793 83 ) (382 -814.987793 178 ) 
4 451 461 (386 -947.987976 83 ) (386 -947.987976 178 ) (383.454315 -940.987976 178 ) (383.454315 -940.987976 83 ) 
4 451 458 (383.454315 -940.987976 178 ) (381.100037 -934.511841 178 ) (381.100037 -934.511841 83 ) (383.454315 -940.987976 83 ) 
4 451 457 (381.100037 -934.509766 83 ) (381.100037 -934.509766 178 ) (381.100037 -817.464905 178 ) (381.100037 -817.464905 83 ) 
6 451 456 (383.454346 -940.987976 83 ) (381.100037 -934.511719 83 ) (381.100037 -817.465088 83 ) (385.269653 -805.987976 83 ) (404 -805.987976 83 ) (404 -940.987976 83 ) 
4 452 453 (500 -940.987976 78 ) (500 -940.987976 83 ) (500 -805.987976 83 ) (500 -805.987976 78 ) 
4 453 454 (496.942993 -940.987976 78 ) (496.942993 -940.987976 83 ) (496.942993 -805.987976 83 ) (496.942993 -805.987976 78 ) 
4 454 455 (406 -940.987976 78 ) (406 -940.987976 83 ) (406 -805.987976 83 ) (406 -805.987976 78 ) 
4 455 456 (404 -940.987976 78 ) (404 -940.987976 83 ) (404 -805.987976 83 ) (404 -805.987976 78 ) 
4 456 468 (381.100037 -817.464966 81 ) (381.100037 -817.464966 83 ) (382 -814.987793 83 ) (382 -814.987793 81 ) 
4 456 463 (385.269531 -805.987976 83 ) (385.269531 -805.987976 78 ) (382 -814.987793 78 ) (382 -814.987793 83 ) 
4 456 460 (382 -936.987793 78 ) (383.454315 -940.987976 78 ) (383.454315 -940.987976 81 ) (382 -936.987793 81 ) 
4 456 459 (383.454315 -940.987976 83 ) (381.100037 -934.511841 83 ) (381.100037 -934.511841 81 ) (383.454315 -940.987976 81 ) 
4 457 466 (376.100037 -831.228027 83 ) (376.100037 -831.228027 213 ) (381.100037 -817.464966 213 ) (381.100037 -817.464966 83 ) 
4 457 458 (381.100037 -934.511841 213 ) (376.100037 -920.757813 213 ) (376.100037 -920.757813 83 ) (381.100037 -934.511841 83 ) 
4 458 461 (383.455078 -940.987976 83 ) (383.455078 -940.987976 213 ) (381.100037 -940.987976 213 ) (381.100037 -940.987976 83 ) 
3 458 459 (383.457031 -940.987976 83 ) (381.100037 -940.987976 83 ) (381.100037 -934.501709 83 ) 
4 459 460 (383.457031 -940.987976 81 ) (381.100037 -940.987976 81 ) (381.100037 -939.460510 81 ) (382.001801 -936.983276 81 ) 
4 461 478 (385.998596 -947.987976 83 ) (385.998596 -947.987976 178 ) (381.100037 -947.987976 178 ) (381.100037 -947.987976 83 ) 
4 461 473 (385.998596 -947.987976 178 ) (385.998596 -947.987976 213 ) (381.100037 -947.987976 213 ) (381.100037 -947.987976 178 ) 
4 462 558 (364.100037 -926.286926 83 ) (364.100037 -926.286926 218 ) (364.100037 -864.258728 218 ) (364.100037 -864.258728 83 ) 
4 462 467 (364.100037 -864.259399 218 ) (369.100037 -850.496338 218 ) (369.100037 -850.496338 83 ) (364.100037 -864.259399 83 ) 
4 463 468 (382 -814.988281 81 ) (382 -814.988281 83 ) (381.271179 -812.987976 83 ) (381.271179 -812.987976 81 ) 
4 463 466 (382 -814.988281 83 ) (382 -814.988281 218 ) (381.271179 -812.987976 218 ) (381.271179 -812.987976 83 ) 
4 463 464 (381.271179 -812.987976 218 ) (381.100037 -812.518250 218 ) (381.100037 -812.518250 81 ) (381.271179 -812.987976 81 ) 
4 465 558 (364.100037 -825.761719 83 ) (364.100037 -825.761719 218 ) (364.100037 -812.987976 218 ) (364.100037 -812.987976 83 ) 
4 465 467 (368.725586 -812.987976 83 ) (368.725586 -812.987976 218 ) (364.100037 -825.766174 218 ) (364.100037 -825.766174 83 ) 
4 466 468 (381.100037 -812.987976 83 ) (381.271301 -812.987976 83 ) (382 -814.987915 83 ) (381.100037 -817.465149 83 ) 
4 467 558 (364.100037 -864.258728 83 ) (364.100037 -864.258728 218 ) (364.100037 -825.761719 218 ) (364.100037 -825.761719 83 ) 
5 469 532 (507.101959 -1014.989990 242 ) (500 -1014.989990 242 ) (500 -1014.989990 178 ) (531.101990 -1014.989990 178 ) (531.101990 -1014.989990 218 ) 
4 469 524 (507.101929 -1014.989990 242 ) (531.101990 -1014.989990 218 ) (531.101990 -947.987976 218 ) (507.101929 -947.987976 242 ) 
4 469 479 (531.101990 -1002 178 ) (531.101990 -1014.989990 178 ) (500 -1014.989990 178 ) (500 -1002 178 ) 
4 469 474 (500 -947.987976 178 ) (531.101990 -947.987976 178 ) (531.101990 -1002 178 ) (500 -1002 178 ) 
4 469 471 (500 -947.987976 180 ) (500 -947.987976 178 ) (500 -1004 178 ) (500 -1004 180 ) 
4 469 470 (500 -947.987976 242 ) (500 -947.987976 180 ) (500 -1004 180 ) (500 -1004 242 ) 
4 469 472 (500 -1004 178 ) (500 -1014.989990 178 ) (500 -1014.989990 242 ) (500 -1004 242 ) 
4 470 472 (404.149994 -1004 242 ) (404.149994 -1004 180 ) (500 -1004 180 ) (500 -1004 242 ) 
4 470 473 (404.149994 -947.987976 242 ) (404.149994 -947.987976 180 ) (404.149994 -1004 180 ) (404.149994 -1004 242 ) 
4 470 471 (500 -1004 180 ) (404.149994 -1004 180 ) (404.149994 -947.987976 180 ) (500 -947.987976 180 ) 
4 471 480 (499.340027 -1004 178 ) (404.149994 -1004 178 ) (404.149994 -1002 178 ) (499.340027 -1002 178 ) 
4 471 479 (500 -1002 178 ) (500 -1004 178 ) (499.340027 -1004 178 ) (499.340027 -1002 178 ) 
4 471 477 (404.149994 -947.987976 178 ) (406 -947.987976 178 ) (406 -1002 178 ) (404.149994 -1002 178 ) 
4 471 475 (496.942993 -947.987976 178 ) (500 -947.987976 178 ) (500 -1002 178 ) (496.942993 -1002 178 ) 
4 471 476 (406 -947.987976 178 ) (496.942993 -947.987976 178 ) (496.942993 -1002 178 ) (406 -1002 178 ) 
4 471 472 (404.149994 -1004 180 ) (404.149994 -1004 178 ) (500 -1004 178 ) (500 -1004 180 ) 
4 471 473 (404.149994 -947.987976 180 ) (404.149994 -947.987976 178 ) (404.149994 -1004 178 ) (404.149994 -1004 180 ) 
5 472 532 (500 -1014.989990 242 ) (405.093994 -1014.989990 242 ) (404.149994 -1014.989990 241.055832 ) (404.149994 -1014.989990 178 ) (500 -1014.989990 178 ) 
4 472 481 (499.340027 -1014.989990 178 ) (404.149994 -1014.989990 178 ) (404.149994 -1004 178 ) (499.340027 -1004 178 ) 
4 472 479 (500 -1004 178 ) (500 -1014.989990 178 ) (499.340027 -1014.989990 178 ) (499.340027 -1004 178 ) 
4 472 473 (404.149994 -1004 178 ) (404.149994 -1014.989990 178 ) (404.149994 -1014.989990 242 ) (404.149994 -1004 242 ) 
3 473 533 (400.103973 -1014.989990 242 ) (381.100037 -1014.989990 242 ) (381.100037 -1014.989990 222.998062 ) 
4 473 532 (381.100037 -1014.989990 218.002029 ) (381.100037 -1014.989990 178 ) (404.149994 -1014.989990 178 ) (404.149994 -1014.989990 241.055832 ) 
3 473 484 (381.100037 -991.865051 178 ) (381.100037 -1014.989990 178 ) (381.100037 -1014.989990 236 ) 
4 473 483 (381.100037 -947.987976 242 ) (381.100037 -947.987976 178 ) (381.100037 -983.476013 178 ) (381.100037 -1008.989929 242 ) 
4 473 482 (381.100037 -1014.989990 178 ) (381.100037 -1002 178 ) (404.149994 -1002 178 ) (404.149994 -1014.989990 178 ) 
4 473 478 (381.100037 -1002 178 ) (381.100037 -947.987976 178 ) (404.149994 -947.987976 178 ) (404.149994 -1002 178 ) 
4 474 479 (531.101990 -1002 178 ) (500 -1002 178 ) (500 -1002 78 ) (531.101990 -1002 78 ) 
4 474 475 (500 -1002 78 ) (500 -1002 178 ) (500 -947.987976 178 ) (500 -947.987976 78 ) 
4 475 480 (499.340027 -1002 178 ) (496.942993 -1002 178 ) (496.942993 -1002 78 ) (499.340027 -1002 78 ) 
4 475 479 (500 -1002 178 ) (499.340027 -1002 178 ) (499.340027 -1002 78 ) (500 -1002 78 ) 
4 475 476 (496.942993 -1002 78 ) (496.942993 -1002 178 ) (496.942993 -947.987976 178 ) (496.942993 -947.987976 78 ) 
4 476 480 (496.942993 -1002 178 ) (406 -1002 178 ) (406 -1002 78 ) (496.942993 -1002 78 ) 
4 476 477 (406 -1002 78 ) (406 -1002 178 ) (406 -947.987976 178 ) (406 -947.987976 78 ) 
4 477 480 (406 -1002 178 ) (404 -1002 178 ) (404 -1002 78 ) (406 -1002 78 ) 
4 477 478 (404 -1002 78 ) (404 -1002 178 ) (404 -947.987976 178 ) (404 -947.987976 78 ) 
4 478 484 (381.100037 -953.987976 83 ) (381.100037 -1002 83 ) (381.100037 -1002 178 ) (381.100037 -991.865051 178 ) 
3 478 483 (381.100037 -947.987976 178 ) (381.100037 -947.987976 88.980507 ) (381.100037 -983.476013 178 ) 
4 478 482 (404 -1002 178 ) (381.100037 -1002 178 ) (381.100037 -1002 78 ) (404 -1002 78 ) 
4 479 534 (499.340027 -1014.989990 78 ) (531.101990 -1014.989990 78 ) (531.101990 -1014.989990 83 ) (499.340027 -1014.989990 83 ) 
4 479 532 (531.101990 -1014.989990 83 ) (531.101990 -1014.989990 178 ) (499.340027 -1014.989990 178 ) (499.340027 -1014.989990 83 ) 
4 479 481 (499.340027 -1004 78 ) (499.340027 -1014.989990 78 ) (499.340027 -1014.989990 178 ) (499.340027 -1004 178 ) 
4 479 480 (499.340027 -1002 178 ) (499.340027 -1002 78 ) (499.340027 -1004 78 ) (499.340027 -1004 178 ) 
4 480 482 (404 -1002 178 ) (404 -1002 78 ) (404 -1004 78 ) (404 -1004 178 ) 
4 480 481 (404 -1004 178 ) (404 -1004 78 ) (499.340027 -1004 78 ) (499.340027 -1004 178 ) 
4 481 534 (404 -1014.989990 78 ) (499.340027 -1014.989990 78 ) (499.340027 -1014.989990 83 ) (404 -1014.989990 83 ) 
4 481 532 (499.340027 -1014.989990 83 ) (499.340027 -1014.989990 178 ) (404 -1014.989990 178 ) (404 -1014.989990 83 ) 
4 481 482 (404 -1004 78 ) (404 -1014.989990 78 ) (404 -1014.989990 178 ) (404 -1004 178 ) 
4 482 534 (381.100037 -1014.989990 83 ) (381.100037 -1014.989990 78 ) (404 -1014.989990 78 ) (404 -1014.989990 83 ) 
4 482 532 (381.100037 -1014.989990 178 ) (381.100037 -1014.989990 83 ) (404 -1014.989990 83 ) (404 -1014.989990 178 ) 
4 482 484 (381.100037 -1014.989990 83 ) (381.100037 -1014.989990 178 ) (381.100037 -1002 178 ) (381.100037 -1002 83 ) 
3 485 558 (364.100037 -1008.989929 242 ) (364.100037 -947.987976 242 ) (364.100037 -947.987976 88.980499 ) 
3 486 558 (364.100037 -1014.989990 83 ) (364.100037 -1014.989990 236 ) (364.100037 -953.987976 83 ) 
4 487 490 (395.100037 -693.987976 78 ) (395.100037 -687.987976 78 ) (395.100037 -687.987976 73 ) (395.100037 -693.987976 73 ) 
4 487 489 (395.100037 -693.987976 73 ) (395.100037 -687.987976 73 ) (517.101990 -687.987976 73 ) (517.101990 -693.987976 73 ) 
3 488 658 (531.101990 -701.050232 0 ) (531.101990 -704.920654 0 ) (525.791565 -702.984497 0 ) 
5 488 656 (531.101990 -704.920654 0 ) (531.101990 -765.110962 0 ) (517.101990 -770.211975 0 ) (517.101990 -706.149597 0 ) (525.791565 -702.984497 0 ) 
4 488 635 (517.101990 -661.987976 0 ) (531.101990 -661.987976 0 ) (531.101990 -701.050232 0 ) (517.101990 -706.149597 0 ) 
4 488 627 (531.101990 -961.409851 0 ) (531.101990 -1014.989990 0 ) (517.101990 -1014.989990 0 ) (517.101990 -966.483826 0 ) 
3 488 613 (531.101990 -765.110962 0 ) (531.101990 -796.083862 0 ) (521.125977 -768.745789 0 ) 
5 488 609 (531.101990 -796.083862 0 ) (531.101990 -918.002686 0 ) (517.101990 -879.470581 0 ) (517.101990 -770.211975 0 ) (521.125977 -768.745789 0 ) 
4 488 607 (531.101990 -918.002686 0 ) (531.101990 -949.053101 0 ) (517.101990 -954.155396 0 ) (517.101990 -879.470581 0 ) 
4 488 605 (531.101990 -949.053101 0 ) (531.101990 -961.409851 0 ) (517.101990 -966.483826 0 ) (517.101990 -954.155396 0 ) 
4 488 535 (517.101990 -1014.989990 0 ) (531.101990 -1014.989990 0 ) (531.101990 -1014.989990 61 ) (517.101990 -1014.989990 61 ) 
4 488 489 (517.101990 -1014.989990 0 ) (517.101990 -1014.989990 61 ) (517.101990 -661.987976 61 ) (517.101990 -661.987976 0 ) 
4 489 656 (517.101990 -706.149597 0 ) (517.101990 -770.211975 0 ) (395.100037 -814.664185 0 ) (395.100037 -750.587463 0 ) 
3 489 644 (398.818115 -749.233215 0 ) (395.100037 -750.587463 0 ) (395.100037 -739.009521 0 ) 
5 489 635 (395.100037 -661.987976 0 ) (517.101990 -661.987976 0 ) (517.101990 -706.149597 0 ) (398.818115 -749.233215 0 ) (395.100037 -739.009521 0 ) 
4 489 627 (517.101990 -966.483887 0 ) (517.101990 -1014.989990 0 ) (395.100037 -1014.989990 0 ) (395.100037 -1010.700989 0 ) 
3 489 622 (395.100037 -901 0 ) (395.100037 -814.664185 0 ) (431.332733 -801.462585 0 ) 
3 489 609 (517.101990 -770.211975 0 ) (517.101990 -879.470642 0 ) (482.045532 -782.985046 0 ) 
6 489 607 (517.101990 -879.470642 0 ) (517.101990 -954.155457 0 ) (395.100037 -998.619324 0 ) (395.100037 -901 0 ) (431.332733 -801.462585 0 ) (482.045532 -782.985046 0 ) 
4 489 605 (517.101990 -954.155457 0 ) (517.101990 -966.483887 0 ) (395.100037 -1010.700989 0 ) (395.100037 -998.619324 0 ) 
4 489 536 (395.100037 -1014.989990 0 ) (517.101990 -1014.989990 0 ) (517.101990 -1014.989990 73 ) (395.100037 -1014.989990 73 ) 
4 489 506 (395.100037 -850.942322 61 ) (395.100037 -850.942322 0 ) (395.100037 -901 0 ) (395.100037 -901 61 ) 
4 489 504 (395.100037 -1014.989990 0 ) (395.100037 -1014.989990 61 ) (395.100037 -901 61 ) (395.100037 -901 0 ) 
4 489 496 (395.100037 -739.009460 61 ) (395.100037 -739.009460 0 ) (395.100037 -850.942322 0 ) (395.100037 -850.942322 61 ) 
4 489 494 (395.100037 -693.987976 61 ) (395.100037 -693.987976 0 ) (395.100037 -739.009460 0 ) (395.100037 -739.009460 61 ) 
4 489 491 (395.100037 -661.987976 61 ) (395.100037 -661.987976 0 ) (395.100037 -693.987976 0 ) (395.100037 -693.987976 61 ) 
4 490 558 (364.100037 -693.987976 73 ) (364.100037 -693.987976 78 ) (364.100037 -687.987976 78 ) (364.100037 -687.987976 73 ) 
4 490 492 (376.100037 -693.987976 73 ) (364.100037 -693.987976 73 ) (364.100037 -687.987976 73 ) (376.100037 -687.987976 73 ) 
3 491 643 (378.726929 -693.987976 0 ) (376.100037 -693.987976 0 ) (376.100037 -686.764709 0 ) 
5 491 635 (376.100037 -661.987976 0 ) (395.100037 -661.987976 0 ) (395.100037 -693.987976 0 ) (378.726929 -693.987976 0 ) (376.100037 -686.764709 0 ) 
4 491 495 (378.726929 -693.987976 61 ) (376.100037 -693.987976 61 ) (376.100037 -693.987976 0 ) (378.726929 -693.987976 0 ) 
4 491 494 (395.100037 -693.987976 0 ) (395.100037 -693.987976 61 ) (378.726929 -693.987976 61 ) (378.726929 -693.987976 0 ) 
4 491 492 (376.100037 -693.987976 0 ) (376.100037 -693.987976 61 ) (376.100037 -661.987976 61 ) (376.100037 -661.987976 0 ) 
4 492 643 (374.985474 -683.700012 0 ) (376.100037 -686.764709 0 ) (376.100037 -693.987976 0 ) (371.259491 -693.987976 0 ) 
5 492 642 (364.100037 -693.987976 0 ) (364.100037 -661.987976 0 ) (367.089417 -661.987976 0 ) (374.985474 -683.700012 0 ) (371.259491 -693.987976 0 ) 
3 492 635 (367.089417 -661.987976 0 ) (376.100037 -661.987976 0 ) (376.100037 -686.764709 0 ) 
4 492 558 (364.100037 -686.987976 0 ) (364.100037 -693.987976 0 ) (364.100037 -693.987976 73 ) (364.100037 -686.987976 73 ) 
4 492 556 (364.100037 -661.987976 0 ) (364.100037 -686.987976 0 ) (364.100037 -686.987976 73 ) (364.100037 -661.987976 73 ) 
4 492 498 (376.100037 -693.987976 73 ) (371.259491 -693.987976 73 ) (371.259491 -693.987976 0 ) (376.100037 -693.987976 0 ) 
4 492 493 (371.259491 -693.987976 73 ) (364.100037 -693.987976 73 ) (364.100037 -693.987976 0 ) (371.259491 -693.987976 0 ) 
3 493 642 (364.100037 -713.756226 0 ) (364.100037 -693.987976 0 ) (371.259460 -693.987976 0 ) 
4 493 558 (364.100037 -693.987976 0 ) (364.100037 -713.756226 0 ) (364.100037 -713.756226 73 ) (364.100037 -693.987976 73 ) 
4 493 502 (371.057068 -694.550293 73 ) (369.857452 -697.862610 73 ) (369.858185 -697.860596 0 ) (371.057068 -694.550293 0 ) 
4 493 501 (368 -702.990112 73 ) (366.576782 -706.921143 73 ) (366.576782 -706.921143 0 ) (368 -702.989929 0 ) 
4 493 499 (366.576782 -706.921143 73 ) (364.100037 -713.759766 73 ) (364.100037 -713.759766 0 ) (366.576782 -706.921143 0 ) 
4 493 498 (371.260742 -693.987976 0 ) (371.260742 -693.987976 73 ) (371.057068 -694.550293 73 ) (371.057068 -694.550293 0 ) 
3 494 635 (378.726929 -693.987976 0 ) (395.100037 -693.987976 0 ) (395.100037 -739.009460 0 ) 
4 494 497 (383.430969 -706.918091 61 ) (382 -702.985718 61 ) (382 -702.985718 0 ) (383.430969 -706.918091 0 ) 
4 494 496 (395.100037 -739.003906 0 ) (395.100037 -739.003906 61 ) (383.430969 -706.918091 61 ) (383.430969 -706.918091 0 ) 
4 494 495 (380.137146 -697.861206 61 ) (378.728516 -693.987976 61 ) (378.728516 -693.987976 0 ) (380.137146 -697.861206 0 ) 
4 495 643 (376.100037 -693.987976 0 ) (378.726929 -693.987976 0 ) (380.135254 -697.860474 0 ) (376.100037 -696.389099 0 ) 
4 495 498 (376.100037 -693.987976 61 ) (376.100037 -693.987976 0 ) (376.100037 -696.389099 0 ) (376.100037 -696.389099 61 ) 
5 496 656 (395.100037 -750.587463 0 ) (395.100037 -814.664185 0 ) (383.431122 -818.915771 0 ) (376.100037 -798.794861 0 ) (376.100037 -757.507996 0 ) 
4 496 645 (383.429443 -706.918640 0 ) (386.002502 -713.993835 0 ) (376.100037 -710.388489 0 ) (376.100037 -709.587463 0 ) 
5 496 644 (386.002502 -713.993835 0 ) (395.100037 -739.009460 0 ) (395.100037 -750.587463 0 ) (376.100037 -757.507996 0 ) (376.100037 -710.388489 0 ) 
3 496 622 (395.100037 -814.664185 0 ) (395.100037 -850.942322 0 ) (383.431122 -818.915771 0 ) 
4 496 515 (383.431152 -818.915649 61 ) (382 -814.987793 61 ) (382 -814.987793 0 ) (383.431183 -818.915771 0 ) 
4 496 514 (380.131409 -809.859192 61 ) (376.100037 -798.794739 61 ) (376.100037 -798.794739 0 ) (380.131378 -809.859131 0 ) 
4 496 506 (395.100037 -850.941956 0 ) (395.100037 -850.941956 61 ) (383.431152 -818.915649 61 ) (383.431183 -818.915771 0 ) 
4 496 500 (376.100037 -709.587463 0 ) (376.100037 -710.388489 0 ) (376.100037 -710.388489 61 ) (376.100037 -709.587463 61 ) 
4 496 499 (376.100037 -710.388489 0 ) (376.100037 -798.796875 0 ) (376.100037 -798.796875 61 ) (376.100037 -710.388489 61 ) 
4 496 497 (380.132843 -708.117981 61 ) (383.429688 -706.917969 61 ) (383.429688 -706.917969 0 ) (380.132843 -708.117981 0 ) 
3 497 647 (382 -702.988037 0 ) (383.429443 -706.918640 0 ) (380.132385 -708.119202 0 ) 
4 498 643 (371.055939 -694.549927 0 ) (371.259460 -693.987976 0 ) (376.100037 -693.987976 0 ) (376.100037 -696.389099 0 ) 
4 498 502 (371.055786 -694.550354 73 ) (371.055786 -694.550354 0 ) (375.003235 -695.989685 0 ) (375.005615 -695.990601 73 ) 
4 499 656 (364.100037 -765.859619 0 ) (364.100037 -761.878906 0 ) (376.100037 -757.508057 0 ) (376.100037 -798.794861 0 ) 
5 499 644 (364.100037 -761.878906 0 ) (364.100037 -713.756226 0 ) (366.575653 -706.920654 0 ) (376.100037 -710.388489 0 ) (376.100037 -757.508057 0 ) 
4 499 558 (364.100037 -713.756226 0 ) (364.100037 -765.859619 0 ) (364.100037 -765.859619 73 ) (364.100037 -713.756226 73 ) 
4 499 516 (374.977234 -795.713074 0 ) (376.100037 -798.794739 0 ) (376.100037 -798.794739 73 ) (374.977234 -795.713074 73 ) 
4 499 503 (364.100037 -765.859680 73 ) (364.100037 -765.859680 0 ) (374.977234 -795.713074 0 ) (374.977234 -795.713074 73 ) 
4 499 501 (369.874298 -708.123474 0 ) (366.575073 -706.922241 0 ) (366.575073 -706.922241 73 ) (369.874176 -708.123413 73 ) 
4 499 500 (376.100037 -710.390137 73 ) (376.100037 -710.390137 0 ) (374.997803 -709.988831 0 ) (374.997803 -709.988831 73 ) 
3 500 645 (376.100037 -709.587463 0 ) (376.100037 -710.388489 0 ) (375 -709.987976 0 ) 
3 501 646 (366.575653 -706.920654 0 ) (368 -702.988159 0 ) (369.873566 -708.121399 0 ) 
3 502 648 (369.856720 -697.861084 0 ) (371.055939 -694.549927 0 ) (375.003998 -695.989441 0 ) 
3 503 663 (364.100037 -825.761841 0 ) (364.100037 -765.859619 0 ) (374.977234 -795.713196 0 ) 
4 503 558 (364.100037 -765.859619 0 ) (364.100037 -825.761841 0 ) (364.100037 -825.761841 73 ) (364.100037 -765.859619 73 ) 
4 503 519 (368 -814.990723 73 ) (366.579590 -818.916382 73 ) (366.579590 -818.916382 0 ) (368 -814.990540 0 ) 
4 503 518 (371.056122 -806.549866 73 ) (369.859009 -809.856873 73 ) (369.859009 -809.856873 0 ) (371.056122 -806.549866 0 ) 
4 503 517 (366.579590 -818.916382 73 ) (364.100037 -825.766235 73 ) (364.100037 -825.766235 0 ) (366.579590 -818.916382 0 ) 
4 503 516 (374.977539 -795.716797 0 ) (374.977539 -795.716797 73 ) (371.056122 -806.549866 73 ) (371.056122 -806.549866 0 ) 
3 504 627 (395.100037 -1010.700989 0 ) (395.100037 -1014.989990 0 ) (383.266052 -1014.989990 0 ) 
4 504 607 (395.100037 -901 0 ) (395.100037 -998.619263 0 ) (376.100037 -1005.543823 0 ) (376.100037 -953.197571 0 ) 
5 504 605 (395.100037 -998.619263 0 ) (395.100037 -1010.700989 0 ) (383.266052 -1014.989990 0 ) (376.100037 -1014.989990 0 ) (376.100037 -1005.543823 0 ) 
4 504 537 (376.100037 -1014.989990 0 ) (395.100037 -1014.989990 0 ) (395.100037 -1014.989990 61 ) (376.100037 -1014.989990 61 ) 
4 504 509 (376.100037 -953.197510 0 ) (376.100037 -959.213501 0 ) (376.100037 -959.213501 61 ) (376.100037 -953.196716 61 ) 
4 504 508 (376.100037 -959.213501 0 ) (376.100037 -1014.989990 0 ) (376.100037 -1014.989990 61 ) (376.100037 -959.213501 61 ) 
4 504 507 (382 -936.989563 61 ) (383.430054 -933.062378 61 ) (383.430450 -933.062134 0 ) (382 -936.989990 0 ) 
4 504 506 (383.430054 -933.062378 61 ) (395.100037 -901.002686 61 ) (395.100037 -901.003479 0 ) (383.430450 -933.062134 0 ) 
4 504 505 (376.100037 -953.200195 0 ) (376.100037 -953.199402 61 ) (380.134583 -942.115662 61 ) (380.134918 -942.115601 0 ) 
3 505 621 (380.133820 -942.115967 0 ) (376.100037 -953.197571 0 ) (376.100037 -943.586853 0 ) 
4 505 509 (376.100037 -943.586792 0 ) (376.100037 -953.197510 0 ) (376.100037 -953.196716 61 ) (376.100037 -943.586853 61 ) 
4 506 624 (386.002594 -925.993347 0 ) (383.429596 -933.061829 0 ) (376.100037 -930.388611 0 ) (376.100037 -929.588623 0 ) 
6 506 622 (376.100037 -821.586914 0 ) (383.431122 -818.915771 0 ) (395.100037 -850.942322 0 ) (395.100037 -901 0 ) (386.002594 -925.993347 0 ) (376.100037 -929.588623 0 ) 
4 506 515 (383.432404 -818.914734 61 ) (383.432465 -818.914917 0 ) (380.137146 -820.115479 0 ) (380.137238 -820.115234 61 ) 
4 506 513 (376.100037 -929.588623 0 ) (376.100037 -930.388672 0 ) (376.100037 -930.389038 61 ) (376.100037 -929.588623 61 ) 
4 506 510 (376.100037 -821.589661 61 ) (376.100037 -821.589844 0 ) (376.100037 -929.588623 0 ) (376.100037 -929.588623 61 ) 
4 506 507 (383.429901 -933.061035 0 ) (383.429504 -933.061279 61 ) (380.135925 -931.860046 61 ) (380.135742 -931.859619 0 ) 
3 507 625 (383.429596 -933.061829 0 ) (382 -936.988647 0 ) (380.136108 -931.860657 0 ) 
3 508 620 (364.100037 -986.164063 0 ) (364.100037 -926.286926 0 ) (375.004456 -956.207397 0 ) 
5 508 607 (364.100037 -1009.917358 0 ) (364.100037 -986.164063 0 ) (375.004456 -956.207397 0 ) (376.100037 -959.213501 0 ) (376.100037 -1005.543823 0 ) 
4 508 605 (364.100037 -1014.989990 0 ) (364.100037 -1009.917358 0 ) (376.100037 -1005.543823 0 ) (376.100037 -1014.989990 0 ) 
4 508 558 (364.100037 -926.286926 0 ) (364.100037 -1014.989990 0 ) (364.100037 -1014.989990 73 ) (364.100037 -926.286926 73 ) 
4 508 540 (364.100037 -1014.989990 73 ) (364.100037 -1014.989990 0 ) (366.721100 -1014.989990 0 ) (366.710510 -1014.989990 73 ) 
4 508 539 (366.721100 -1014.989990 0 ) (376.100037 -1014.989990 0 ) (376.100037 -1014.989990 73 ) (366.710510 -1014.989990 73 ) 
4 508 512 (368 -936.986267 0 ) (366.565735 -933.050171 0 ) (366.565735 -933.050171 73 ) (368 -936.986694 73 ) 
4 508 511 (371.073822 -945.419678 0 ) (369.870056 -942.116699 0 ) (369.870300 -942.117371 73 ) (371.073822 -945.419678 73 ) 
4 508 510 (366.565735 -933.050171 0 ) (364.100037 -926.284607 0 ) (364.100037 -926.284607 73 ) (366.565735 -933.050171 73 ) 
4 508 509 (376.100037 -959.210938 73 ) (376.100037 -959.210938 0 ) (371.073822 -945.419678 0 ) (371.073822 -945.419678 73 ) 
4 509 621 (376.100037 -943.586914 0 ) (376.100037 -953.197632 0 ) (375.004456 -956.207397 0 ) (371.072998 -945.419922 0 ) 
3 509 607 (376.100037 -953.197632 0 ) (376.100037 -959.213501 0 ) (375.004456 -956.207397 0 ) 
4 509 511 (375.001862 -943.987976 0 ) (371.074219 -945.419922 0 ) (371.074219 -945.419922 73 ) (375.001038 -943.988281 73 ) 
5 510 622 (364.100037 -926.286926 0 ) (364.100037 -825.959167 0 ) (376.100037 -821.586914 0 ) (376.100037 -929.588623 0 ) (366.564972 -933.050415 0 ) 
4 510 558 (364.100037 -825.761841 0 ) (364.100037 -926.286926 0 ) (364.100037 -926.286926 73 ) (364.100037 -825.761841 73 ) 
4 510 517 (374.998749 -821.987549 0 ) (364.100037 -825.958191 0 ) (364.100037 -825.958008 73 ) (374.998413 -821.987488 73 ) 
4 510 513 (375.001678 -929.988037 0 ) (376.100037 -929.589294 0 ) (376.100037 -929.589294 73 ) (375.001068 -929.988281 73 ) 
4 510 512 (366.565430 -933.050903 73 ) (366.565430 -933.050903 0 ) (369.863037 -931.853699 0 ) (369.863403 -931.853577 73 ) 
3 511 623 (375.001007 -943.987671 0 ) (371.072998 -945.419922 0 ) (369.868988 -942.116272 0 ) 
3 512 626 (368 -936.987488 0 ) (366.564972 -933.050415 0 ) (369.863281 -931.852905 0 ) 
3 513 624 (376.100037 -929.588623 0 ) (376.100037 -930.388611 0 ) (375 -929.987732 0 ) 
3 514 664 (376.100037 -798.794861 0 ) (380.131317 -809.859070 0 ) (376.100037 -808.389160 0 ) 
4 514 516 (376.100037 -798.794861 61 ) (376.100037 -798.794861 0 ) (376.100037 -808.389099 0 ) (376.100037 -808.389099 61 ) 
3 515 667 (382 -814.987793 0 ) (383.431122 -818.915771 0 ) (380.136871 -820.116028 0 ) 
4 516 664 (371.054718 -806.549316 0 ) (374.977234 -795.713196 0 ) (376.100037 -798.794861 0 ) (376.100037 -808.389160 0 ) 
4 516 518 (371.056702 -806.550842 73 ) (371.056702 -806.550842 0 ) (375 -807.988281 0 ) (375 -807.988281 73 ) 
4 517 665 (364.100037 -825.959167 0 ) (364.100037 -825.761841 0 ) (366.578186 -818.915833 0 ) (375 -821.987854 0 ) 
4 517 519 (369.870911 -820.115845 0 ) (366.578217 -818.914673 0 ) (366.578217 -818.914673 73 ) (369.870728 -820.115784 73 ) 
3 518 666 (369.857178 -809.857544 0 ) (371.054718 -806.549316 0 ) (375 -807.987976 0 ) 
3 519 668 (366.578186 -818.915833 0 ) (368 -814.988281 0 ) (369.871368 -820.117126 0 ) 
3 520 531 (531.101990 -1014.989990 242 ) (512.101929 -1014.989990 242 ) (531.101990 -1014.989990 223 ) 
4 520 524 (531.101990 -947.987976 223 ) (531.101990 -1014.989990 223 ) (512.101990 -1014.989990 242 ) (512.101990 -947.987976 242 ) 
4 520 522 (531.101990 -700.987976 223 ) (531.101990 -805.987976 223 ) (512.101929 -805.987976 242 ) (512.101929 -700.987976 242 ) 
4 520 523 (531.101990 -812.987976 223 ) (531.101990 -940.987976 223 ) (512.101990 -940.987976 242 ) (512.101929 -812.987976 242 ) 
4 520 521 (512.101929 -661.987976 242 ) (531.101990 -661.987976 223 ) (531.101990 -693.987976 223 ) (512.101929 -693.987976 242 ) 
4 525 696 (548.101990 -1024 83 ) (548.101990 -1024 81 ) (765.660461 -1024 81 ) (763.037109 -1024 83 ) 
4 525 694 (554.478638 -1024 242 ) (548.101990 -1024 242 ) (548.101990 -1024 83 ) (763.037109 -1024 83 ) 
4 525 547 (557.100464 -1024 240.002380 ) (765.662964 -1024 81 ) (765.662903 -1014.989990 81 ) (557.100525 -1014.989990 240.002304 ) 
3 525 527 (550.127747 -1019.859497 81 ) (561.484375 -1024 81 ) (551.638733 -1024 81 ) 
5 525 526 (548.101990 -1019.120911 81 ) (548.101990 -1014.989990 81 ) (765.660400 -1014.989990 81 ) (765.660400 -1024 81 ) (561.484375 -1024 81 ) 
4 526 700 (561.485962 -1024 0 ) (871.907227 -1024 0 ) (765.660461 -1024 81 ) (561.484375 -1024 81 ) 
6 526 631 (871.907227 -1024 0 ) (561.485962 -1024 0 ) (548.101990 -1019.120361 0 ) (548.101990 -1016.860352 0 ) (553.237976 -1014.989990 0 ) (871.907227 -1014.989990 0 ) 
3 526 630 (548.101990 -1016.860352 0 ) (548.101990 -1014.989990 0 ) (553.237976 -1014.989990 0 ) 
4 526 547 (765.662964 -1024 81 ) (871.910156 -1024 0 ) (871.910156 -1014.989990 0 ) (765.662903 -1014.989990 81 ) 
4 526 530 (548.101990 -1016.860352 0 ) (548.101990 -1019.120361 0 ) (548.101990 -1019.120850 73 ) (548.101990 -1016.860352 73 ) 
4 526 529 (548.101990 -1014.989990 73 ) (548.101990 -1014.989990 0 ) (548.101990 -1016.860352 0 ) (548.101990 -1016.860352 73 ) 
4 526 527 (561.489380 -1024 81 ) (550.127014 -1019.857422 81 ) (550.126770 -1019.856750 0 ) (561.490906 -1024 0 ) 
4 527 702 (551.638733 -1024 0 ) (552.362061 -1024 0 ) (552.362061 -1024 81 ) (551.638733 -1024 81 ) 
4 527 700 (552.362061 -1024 0 ) (561.485962 -1024 0 ) (561.484375 -1024 81 ) (552.362061 -1024 81 ) 
3 527 632 (561.485962 -1024 0 ) (551.638733 -1024 0 ) (550.127563 -1019.858826 0 ) 
4 528 709 (537.638733 -1024 0 ) (538.360535 -1024 0 ) (538.360168 -1024 73 ) (537.638733 -1024 73 ) 
4 528 708 (536.101990 -1024 73 ) (536.101990 -1024 0 ) (537.638733 -1024 0 ) (537.638733 -1024 73 ) 
4 528 627 (538.360535 -1024 0 ) (536.101990 -1024 0 ) (536.101990 -1014.989990 0 ) (541.637939 -1014.989990 0 ) 
4 528 535 (536.101990 -1014.989990 61 ) (536.101990 -1014.989990 0 ) (536.101990 -1024 0 ) (536.101990 -1024 61 ) 
4 528 529 (541.639526 -1014.989990 0 ) (541.639160 -1014.989990 73 ) (539.868103 -1019.858887 73 ) (539.868530 -1019.858704 0 ) 
4 529 630 (539.866699 -1019.859436 0 ) (541.637939 -1014.989990 0 ) (548.101990 -1014.989990 0 ) (548.101990 -1016.860352 0 ) 
4 529 530 (545.003967 -1017.990784 0 ) (548.101990 -1016.863281 0 ) (548.101990 -1016.863281 73 ) (545.003296 -1017.991089 73 ) 
3 530 631 (545 -1017.989685 0 ) (548.101990 -1016.860352 0 ) (548.101990 -1019.120361 0 ) 
4 532 534 (381.100037 -1015.989990 83 ) (381.100037 -1014.989990 83 ) (531.101990 -1014.989990 83 ) (531.101990 -1015.989990 83 ) 
4 535 710 (517.101990 -1024 0 ) (536.101990 -1024 0 ) (536.101990 -1024 61 ) (517.101990 -1024 61 ) 
4 535 627 (536.101990 -1024 0 ) (517.101990 -1024 0 ) (517.101990 -1014.989990 0 ) (536.101990 -1014.989990 0 ) 
4 535 536 (517.101990 -1014.989990 61 ) (517.101990 -1014.989990 0 ) (517.101990 -1024 0 ) (517.101990 -1024 61 ) 
4 536 711 (395.100037 -1024 0 ) (517.101990 -1024 0 ) (517.101990 -1024 73 ) (395.100037 -1024 73 ) 
4 536 627 (517.101990 -1024 0 ) (395.100037 -1024 0 ) (395.100037 -1014.989990 0 ) (517.101990 -1014.989990 0 ) 
4 536 537 (395.100037 -1014.989990 61 ) (395.100037 -1014.989990 0 ) (395.100037 -1024 0 ) (395.100037 -1024 61 ) 
4 537 712 (391.578400 -1024 0 ) (395.100037 -1024 0 ) (395.100037 -1024 61 ) (391.569580 -1024 61 ) 
6 537 627 (395.100037 -1024 0 ) (391.578400 -1024 0 ) (376.100037 -1018.389587 0 ) (376.100037 -1017.587158 0 ) (383.266052 -1014.989990 0 ) (395.100037 -1014.989990 0 ) 
3 537 605 (376.100037 -1017.587158 0 ) (376.100037 -1014.989990 0 ) (383.266052 -1014.989990 0 ) 
4 537 539 (376.100037 -1014.989990 61 ) (376.100037 -1014.989990 0 ) (376.100037 -1018.389587 0 ) (376.100037 -1018.392822 61 ) 
4 537 538 (380.118683 -1019.847290 0 ) (391.575623 -1024 0 ) (391.566864 -1024 61 ) (380.119446 -1019.850769 61 ) 
4 538 712 (381.637024 -1024 0 ) (391.578400 -1024 0 ) (391.569580 -1024 61 ) (381.636536 -1024 61 ) 
3 538 629 (391.578400 -1024 0 ) (381.637024 -1024 0 ) (380.118225 -1019.846069 0 ) 
3 539 627 (376.100037 -1017.587158 0 ) (376.100037 -1018.389587 0 ) (374.993103 -1017.988342 0 ) 
4 539 605 (366.721100 -1014.989990 0 ) (376.100037 -1014.989990 0 ) (376.100037 -1017.587158 0 ) (374.993103 -1017.988342 0 ) 
4 539 541 (374.984314 -1017.989075 73 ) (371.063416 -1016.567871 73 ) (371.064667 -1016.564514 0 ) (374.992950 -1017.988342 0 ) 
4 539 540 (371.063416 -1016.567871 73 ) (366.710327 -1014.989990 73 ) (366.720856 -1014.989990 0 ) (371.064667 -1016.564514 0 ) 
4 540 715 (367.638885 -1024 0 ) (368.360077 -1024 0 ) (368.360077 -1024 73 ) (367.638519 -1024 73 ) 
4 540 714 (364.100037 -1024 73 ) (364.100037 -1024 0 ) (367.638885 -1024 0 ) (367.638519 -1024 73 ) 
4 540 628 (368.360077 -1024 0 ) (364.100037 -1024 0 ) (364.100037 -1021.936340 0 ) (369.871552 -1019.844604 0 ) 
5 540 605 (364.100037 -1021.936340 0 ) (364.100037 -1014.989990 0 ) (366.721100 -1014.989990 0 ) (371.064667 -1016.564392 0 ) (369.871552 -1019.844604 0 ) 
4 540 558 (364.100037 -1014.989990 0 ) (364.100037 -1024 0 ) (364.100037 -1024 73 ) (364.100037 -1014.989990 73 ) 
4 540 541 (371.065430 -1016.564453 0 ) (371.064209 -1016.567810 73 ) (369.873474 -1019.841370 73 ) (369.872437 -1019.844238 0 ) 
3 541 605 (369.871552 -1019.844604 0 ) (371.064667 -1016.564392 0 ) (374.993134 -1017.988342 0 ) 
4 542 544 (554.479309 -511.988007 242 ) (766.972778 -511.988007 80 ) (1024 -511.988007 80 ) (1024 -511.988007 242 ) 
4 543 633 (871.907227 -511.988007 0 ) (871.907227 -415.988007 0 ) (1024 -415.988007 0 ) (1024 -511.988007 0 ) 
4 543 544 (787.959778 -511.988007 64 ) (871.907837 -511.988007 0 ) (1024 -511.988007 0 ) (1024 -511.988007 64 ) 
4 544 657 (871.907227 -640.936584 0 ) (871.907227 -576.915527 0 ) (1024 -521.517334 0 ) (1024 -585.520691 0 ) 
4 544 633 (871.907227 -576.915527 0 ) (871.907227 -511.988007 0 ) (1024 -511.988007 0 ) (1024 -521.517334 0 ) 
4 544 613 (871.907227 -686.987976 0 ) (871.907227 -640.936584 0 ) (1024 -585.520691 0 ) (1024 -686.987976 0 ) 
5 544 545 (557.102905 -686.987976 240 ) (871.907837 -686.987976 0 ) (1024 -686.987976 0 ) (1024 -686.987976 242 ) (558.103516 -686.987976 242 ) 
3 545 630 (1024 -782.768982 0 ) (1024 -832.987976 0 ) (885.437988 -832.987976 0 ) 
5 545 613 (871.907227 -832.987976 0 ) (871.907227 -686.987976 0 ) (1024 -686.987976 0 ) (1024 -782.768982 0 ) (885.437988 -832.987976 0 ) 
5 545 546 (557.103638 -832.987976 240 ) (871.907837 -832.987976 0 ) (1024 -832.987976 0 ) (1024 -832.987976 242 ) (558.104492 -832.987976 242 ) 
3 546 631 (1024 -843.554565 0 ) (1024 -896.987976 0 ) (877.271851 -896.987976 0 ) 
6 546 630 (871.907227 -896.987976 0 ) (871.907227 -837.891907 0 ) (885.437988 -832.987976 0 ) (1024 -832.987976 0 ) (1024 -843.554565 0 ) (877.271851 -896.987976 0 ) 
3 546 613 (871.907227 -837.891907 0 ) (871.907227 -832.987976 0 ) (885.437988 -832.987976 0 ) 
5 546 547 (557.101440 -896.987976 240 ) (871.907837 -896.987976 0 ) (1024 -896.987976 0 ) (1024 -896.987976 242 ) (558.100464 -896.987976 242 ) 
4 547 700 (1024 -1024 0 ) (1024 -1024 81 ) (765.660461 -1024 81 ) (871.907227 -1024 0 ) 
4 547 696 (1024 -1024 81 ) (1024 -1024 83 ) (763.037109 -1024 83 ) (765.660461 -1024 81 ) 
5 547 695 (1024 -1024 83 ) (1024 -1024 242 ) (558.098755 -1024 242 ) (557.100037 -1024 240.001526 ) (763.037109 -1024 83 ) 
5 547 631 (1024 -1024 0 ) (871.907227 -1024 0 ) (871.907227 -898.941589 0 ) (877.271912 -896.987976 0 ) (1024 -896.987976 0 ) 
3 547 630 (871.907227 -898.941589 0 ) (871.907227 -896.987976 0 ) (877.271912 -896.987976 0 ) 
4 548 966 (0 -447.988007 242 ) (0 0 242 ) (0 0 80 ) (0 -447.988007 80 ) 
4 548 593 (40 -447.988007 242 ) (0 -447.988007 242 ) (0 -447.988007 80 ) (40 -447.988007 80 ) 
4 548 592 (88 -447.988007 242 ) (40 -447.988007 242 ) (40 -447.988007 80 ) (88 -447.988007 80 ) 
4 548 561 (304 -447.988007 242 ) (202 -447.988007 242 ) (202 -447.988007 80 ) (304 -447.988007 80 ) 
4 548 560 (352 -447.988007 242 ) (304 -447.988007 242 ) (304 -447.988007 80 ) (352 -447.988007 80 ) 
4 548 564 (202 -447.988007 242 ) (88 -447.988007 242 ) (88 -447.988007 80 ) (202 -447.988007 80 ) 
4 548 553 (364.100037 -447.988007 80 ) (364.100037 -447.988007 242 ) (359.100037 -447.988007 242 ) (359.100037 -447.988007 80 ) 
4 548 557 (359.100037 -447.988007 242 ) (352 -447.988007 242 ) (352 -447.988007 80 ) (359.100037 -447.988007 80 ) 
4 548 551 (364.100037 -447.988007 80 ) (40 -447.988007 80 ) (40 -351.988007 80 ) (364.100037 -351.988007 80 ) 
4 548 549 (0 -31.988302 80 ) (0 0 80 ) (364.100037 0 80 ) (364.100037 -31.988302 80 ) 
4 548 550 (0 -351.988007 80 ) (0 -127.987999 80 ) (364.100037 -127.987999 80 ) (364.100037 -351.988007 80 ) 
4 549 967 (0 0 80 ) (0 0 64 ) (0 -31.988302 64 ) (0 -31.988302 80 ) 
4 549 552 (0 -31.988302 64 ) (0 0 64 ) (364.100037 0 64 ) (364.100037 -31.988302 64 ) 
4 550 969 (0 -127.987999 64 ) (0 -351.988007 64 ) (0 -351.988007 80 ) (0 -127.987999 80 ) 
4 550 551 (40 -351.988007 64 ) (364.100037 -351.988007 64 ) (364.100037 -351.988007 80 ) (40 -351.988007 80 ) 
4 550 552 (0 -351.988007 64 ) (0 -127.987999 64 ) (364.100037 -127.987999 64 ) (364.100037 -351.988007 64 ) 
4 551 592 (88 -447.988007 80 ) (40 -447.988007 80 ) (40 -447.988007 64 ) (88 -447.988007 64 ) 
4 551 561 (304 -447.988007 80 ) (202 -447.988007 80 ) (202 -447.988007 64 ) (304 -447.988007 64 ) 
4 551 560 (352 -447.988007 80 ) (304 -447.988007 80 ) (304 -447.988007 64 ) (352 -447.988007 64 ) 
4 551 564 (202 -447.988007 80 ) (88 -447.988007 80 ) (88 -447.988007 64 ) (202 -447.988007 64 ) 
4 551 553 (364.100037 -447.988007 64 ) (364.100037 -447.988007 80 ) (359.100037 -447.988007 80 ) (359.100037 -447.988007 64 ) 
4 551 557 (359.100037 -447.988007 80 ) (352 -447.988007 80 ) (352 -447.988007 64 ) (359.100037 -447.988007 64 ) 
4 551 552 (364.100037 -447.988007 64 ) (40 -447.988007 64 ) (40 -351.988007 64 ) (364.100037 -351.988007 64 ) 
4 552 991 (0 0 64 ) (0 0 0 ) (0 -447.988007 0 ) (0 -447.988007 64 ) 
4 552 649 (0 -447.988007 0 ) (0 0 0 ) (78.422180 0 0 ) (241.402847 -447.988007 0 ) 
4 552 642 (78.422180 0 0 ) (126.342529 0 0 ) (289.263489 -447.988007 0 ) (241.402847 -447.988007 0 ) 
5 552 634 (126.342529 0 0 ) (324.936279 0 0 ) (364.100037 -107.423752 0 ) (364.100037 -447.988007 0 ) (289.263489 -447.988007 0 ) 
3 552 633 (324.936279 0 0 ) (364.100037 0 0 ) (364.100037 -107.423752 0 ) 
4 552 603 (0 -447.988007 0 ) (88 -447.988007 0 ) (88 -447.988007 64 ) (0 -447.988007 64 ) 
4 552 561 (202 -447.988007 0 ) (304 -447.988007 0 ) (304 -447.988007 64 ) (202 -447.988007 64 ) 
4 552 560 (304 -447.988007 0 ) (352 -447.988007 0 ) (352 -447.988007 64 ) (304 -447.988007 64 ) 
4 552 564 (88 -447.988007 0 ) (202 -447.988007 0 ) (202 -447.988007 64 ) (88 -447.988007 64 ) 
4 552 553 (359.100037 -447.988007 0 ) (364.100037 -447.988007 0 ) (364.100037 -447.988007 64 ) (359.100037 -447.988007 64 ) 
4 552 557 (352 -447.988007 0 ) (359.100037 -447.988007 0 ) (359.100037 -447.988007 64 ) (352 -447.988007 64 ) 
4 553 635 (364.100037 -504.780670 0 ) (364.100037 -578.987976 0 ) (359.100037 -578.987976 0 ) (359.100037 -502.953522 0 ) 
4 553 634 (359.100037 -447.988007 0 ) (364.100037 -447.988007 0 ) (364.100037 -504.780670 0 ) (359.100037 -502.953522 0 ) 
4 553 554 (359.100037 -578.987976 242 ) (359.100037 -578.987976 78 ) (364.100037 -578.987976 78 ) (364.100037 -578.987976 242 ) 
4 553 555 (359.100037 -578.987976 73 ) (359.100037 -578.987976 0 ) (364.100037 -578.987976 0 ) (364.100037 -578.987976 73 ) 
4 553 557 (359.100037 -447.988007 242 ) (359.100037 -447.988007 0 ) (359.100037 -578.987976 0 ) (359.100037 -578.987976 242 ) 
4 554 556 (359.100037 -598.987976 242 ) (359.100037 -598.987976 78 ) (364.100037 -598.987976 78 ) (364.100037 -598.987976 242 ) 
4 554 557 (359.100037 -598.987976 78 ) (359.100037 -598.987976 242 ) (359.100037 -578.987976 242 ) (359.100037 -578.987976 78 ) 
4 555 635 (364.100037 -578.987976 0 ) (364.100037 -598.987976 0 ) (359.100037 -598.987976 0 ) (359.100037 -578.987976 0 ) 
4 555 557 (359.100037 -578.987976 0 ) (359.100037 -598.987976 0 ) (359.100037 -598.987976 73 ) (359.100037 -578.987976 73 ) 
4 555 556 (359.100037 -598.987976 73 ) (359.100037 -598.987976 0 ) (364.100037 -598.987976 0 ) (364.100037 -598.987976 73 ) 
4 556 642 (364.100037 -653.768066 0 ) (364.100037 -686.987976 0 ) (359.100037 -686.987976 0 ) (359.100037 -640.019409 0 ) 
4 556 635 (364.100037 -598.987976 0 ) (364.100037 -653.768066 0 ) (359.100037 -640.019409 0 ) (359.100037 -598.987976 0 ) 
4 556 558 (359.100037 -686.987976 0 ) (364.100037 -686.987976 0 ) (364.100037 -686.987976 242 ) (359.100037 -686.987976 242 ) 
4 556 557 (359.100037 -598.987976 0 ) (359.100037 -686.987976 0 ) (359.100037 -686.987976 242 ) (359.100037 -598.987976 242 ) 
4 557 642 (352 -686.987976 0 ) (352 -620.496155 0 ) (359.100037 -640.019409 0 ) (359.100037 -686.987976 0 ) 
4 557 635 (352 -620.496155 0 ) (352 -500.358948 0 ) (359.100037 -502.953552 0 ) (359.100037 -640.019409 0 ) 
4 557 634 (352 -500.358948 0 ) (352 -447.988007 0 ) (359.100037 -447.988007 0 ) (359.100037 -502.953552 0 ) 
4 557 565 (352 -586 0 ) (352 -686.987976 0 ) (352 -686.987976 242 ) (352 -586 242 ) 
4 557 560 (352 -447.988007 242 ) (352 -447.988007 0 ) (352 -586 0 ) (352 -586 242 ) 
4 557 559 (352 -686.987976 242 ) (352 -686.987976 237.635925 ) (355.100983 -686.987976 240 ) (354.101471 -686.987976 242 ) 
5 557 558 (352 -686.987976 237.635925 ) (352 -686.987976 0 ) (359.100037 -686.987976 0 ) (359.100037 -686.987976 242 ) (357.724457 -686.987976 242 ) 
4 558 738 (352 -1024 64 ) (352 -1024 0 ) (364.100037 -1024 0 ) (364.100037 -1024 64 ) 
4 558 734 (352 -1024 216 ) (352 -1024 64 ) (364.100037 -1024 64 ) (364.100037 -1024 216 ) 
5 558 729 (364.100037 -1024 242 ) (357.722565 -1024 242 ) (352 -1024 237.637375 ) (352 -1024 216 ) (364.100037 -1024 216 ) 
5 558 663 (352 -830.367920 0 ) (352 -766.286255 0 ) (362.819611 -762.345276 0 ) (364.100037 -765.859619 0 ) (364.100037 -825.959229 0 ) 
3 558 656 (362.819611 -762.345276 0 ) (364.100037 -761.878906 0 ) (364.100037 -765.859619 0 ) 
3 558 653 (352 -762.165222 0 ) (352 -751.988464 0 ) (355.269531 -760.975464 0 ) 
4 558 652 (352 -766.286255 0 ) (352 -762.165222 0 ) (355.269531 -760.975464 0 ) (356.592987 -764.613281 0 ) 
5 558 644 (352 -751.988464 0 ) (352 -747.166199 0 ) (364.100037 -713.756287 0 ) (364.100037 -761.878906 0 ) (356.592987 -764.613281 0 ) 
4 558 642 (352 -747.166199 0 ) (352 -686.987976 0 ) (364.100037 -686.987976 0 ) (364.100037 -713.756287 0 ) 
3 558 628 (364.100037 -1024 0 ) (358.405945 -1024 0 ) (364.100037 -1021.936279 0 ) 
4 558 622 (352 -893.085938 0 ) (352 -830.367920 0 ) (364.100037 -825.959229 0 ) (364.100037 -926.286865 0 ) 
4 558 620 (352 -1019.405212 0 ) (352 -893.085938 0 ) (364.100037 -926.286865 0 ) (364.100037 -986.164124 0 ) 
3 558 607 (354.131195 -1013.550415 0 ) (364.100037 -986.164124 0 ) (364.100037 -1009.917358 0 ) 
6 558 605 (358.405945 -1024 0 ) (352 -1024 0 ) (352 -1019.405212 0 ) (354.131195 -1013.550415 0 ) (364.100037 -1009.917358 0 ) (364.100037 -1021.936279 0 ) 
4 558 591 (352 -991.987976 0 ) (352 -1024 0 ) (352 -1024 58 ) (352 -991.987976 58 ) 
4 558 588 (352 -1024 64 ) (352 -1024 216 ) (352 -991.987976 216 ) (352 -991.987976 64 ) 
4 558 586 (352 -1024 216 ) (352 -1024 237.637375 ) (352 -991.987976 237.637238 ) (352 -991.987976 216 ) 
4 558 578 (352 -762.165161 64 ) (352 -762.165161 96 ) (352 -751.988953 96 ) (352 -751.988770 64 ) 
4 558 579 (352 -751.988464 0 ) (352 -762.165222 0 ) (352 -762.165161 58 ) (352 -751.988770 58 ) 
4 558 576 (352 -991.987976 64 ) (352 -991.987976 96 ) (352 -762.165161 96 ) (352 -762.165161 64 ) 
4 558 577 (352 -762.165222 0 ) (352 -991.987976 0 ) (352 -991.987976 58 ) (352 -762.165161 58 ) 
4 558 568 (352 -751.988770 64 ) (352 -751.988953 96 ) (352 -735.987976 96 ) (352 -735.987976 64 ) 
4 558 569 (352 -735.987976 0 ) (352 -751.988464 0 ) (352 -751.988770 58 ) (352 -735.987976 58 ) 
4 558 567 (352 -991.987976 96 ) (352 -991.987976 237.637238 ) (352 -735.987976 237.636139 ) (352 -735.987976 96 ) 
4 558 565 (352 -686.987976 0 ) (352 -735.987976 0 ) (352 -735.987976 237.636139 ) (352 -686.987976 237.635925 ) 
4 558 559 (355.100525 -686.987976 240 ) (352 -686.987976 237.636719 ) (352 -1024 237.638153 ) (355.099335 -1024 240.001465 ) 
4 559 730 (354.100555 -1024 242 ) (352 -1024 242 ) (352 -1024 237.637375 ) (355.099823 -1024 240 ) 
4 559 586 (352 -1024 237.637375 ) (352 -1024 242 ) (352 -991.987976 242 ) (352 -991.987976 237.637238 ) 
4 559 567 (352 -735.987976 240 ) (352 -735.987976 237.636139 ) (352 -991.987976 237.637238 ) (352 -991.987976 240 ) 
4 559 566 (352 -991.987976 242 ) (352 -735.987976 242 ) (352 -735.987976 240 ) (352 -991.987976 240 ) 
4 559 565 (352 -735.987976 242 ) (352 -686.987976 242 ) (352 -686.987976 237.635925 ) (352 -735.987976 237.636139 ) 
3 560 642 (339.454712 -586 0 ) (304 -586 0 ) (304 -488.509308 0 ) 
5 560 635 (352 -500.358948 0 ) (352 -586 0 ) (339.454712 -586 0 ) (304 -488.509308 0 ) (304 -482.818115 0 ) 
4 560 634 (304 -447.988007 0 ) (352 -447.988007 0 ) (352 -500.358948 0 ) (304 -482.818115 0 ) 
4 560 565 (304 -586 0 ) (352 -586 0 ) (352 -586 242 ) (304 -586 242 ) 
4 560 562 (304 -586 132 ) (304 -586 242 ) (304 -580 242 ) (304 -580 132 ) 
4 560 563 (304 -580 0 ) (304 -586 0 ) (304 -586 20 ) (304 -580 20 ) 
4 560 561 (304 -447.988007 242 ) (304 -447.988007 0 ) (304 -580 0 ) (304 -580 242 ) 
4 561 649 (202 -447.988007 0 ) (241.402847 -447.988007 0 ) (289.429565 -580 0 ) (202 -580 0 ) 
5 561 642 (241.402847 -447.988007 0 ) (289.263519 -447.988007 0 ) (304 -488.509308 0 ) (304 -580 0 ) (289.429565 -580 0 ) 
3 561 635 (304 -482.818115 0 ) (304 -488.509308 0 ) (301.613037 -481.945831 0 ) 
4 561 634 (289.263519 -447.988007 0 ) (304 -447.988007 0 ) (304 -482.818115 0 ) (301.613037 -481.945831 0 ) 
4 561 562 (202 -580 242 ) (202 -580 132 ) (304 -580 132 ) (304 -580 242 ) 
4 561 563 (202 -580 20 ) (202 -580 0 ) (304 -580 0 ) (304 -580 20 ) 
4 561 564 (202 -447.988007 242 ) (202 -447.988007 0 ) (202 -580 0 ) (202 -580 242 ) 
4 562 565 (304 -586 132 ) (304 -586 242 ) (202 -586 242 ) (202 -586 132 ) 
4 562 564 (202 -586 132 ) (202 -586 242 ) (202 -580 242 ) (202 -580 132 ) 
4 563 649 (291.612396 -586 0 ) (202 -586 0 ) (202 -580 0 ) (289.429565 -580 0 ) 
4 563 642 (304 -580 0 ) (304 -586 0 ) (291.612396 -586 0 ) (289.429565 -580 0 ) 
4 563 565 (202 -586 0 ) (304 -586 0 ) (304 -586 20 ) (202 -586 20 ) 
4 563 564 (202 -580 0 ) (202 -586 0 ) (202 -586 20 ) (202 -580 20 ) 
4 564 649 (88 -586 0 ) (88 -447.988007 0 ) (202 -447.988007 0 ) (202 -586 0 ) 
4 564 603 (88 -447.988007 64 ) (88 -447.988007 0 ) (88 -586 0 ) (88 -586 64 ) 
4 564 592 (88 -447.988007 242 ) (88 -447.988007 64 ) (88 -586 64 ) (88 -586 242 ) 
4 564 565 (88 -586 242 ) (88 -586 0 ) (202 -586 0 ) (202 -586 242 ) 
3 565 651 (327.002106 -732.721069 0 ) (335.993286 -735.987976 0 ) (325.814850 -735.987976 0 ) 
4 565 650 (88 -735.987976 0 ) (88 -645.881226 0 ) (327.002106 -732.721069 0 ) (325.814850 -735.987976 0 ) 
5 565 649 (88 -645.881226 0 ) (88 -586 0 ) (291.612427 -586 0 ) (346.178925 -735.987976 0 ) (335.993286 -735.987976 0 ) 
5 565 642 (291.612427 -586 0 ) (339.454712 -586 0 ) (352 -620.496155 0 ) (352 -735.987976 0 ) (346.178925 -735.987976 0 ) 
3 565 635 (339.454712 -586 0 ) (352 -586 0 ) (352 -620.496155 0 ) 
4 565 603 (88 -586 0 ) (88 -735.987976 0 ) (88 -735.987976 64 ) (88 -586 64 ) 
4 565 592 (88 -735.987976 64 ) (88 -735.987976 242 ) (88 -586 242 ) (88 -586 64 ) 
4 565 585 (88 -735.987976 58 ) (88 -735.987976 0 ) (96 -735.987976 0 ) (96 -735.987976 58 ) 
4 565 584 (88 -735.987976 240 ) (88 -735.987976 64 ) (96 -735.987976 64 ) (96 -735.987976 240 ) 
4 565 574 (335.993286 -735.987976 64 ) (335.993286 -735.987976 96 ) (325.814850 -735.987976 96 ) (325.814850 -735.987976 64 ) 
4 565 575 (325.814819 -735.987976 0 ) (335.993286 -735.987976 0 ) (335.993286 -735.987976 58 ) (325.814850 -735.987976 58 ) 
4 565 572 (325.814850 -735.987976 64 ) (325.814850 -735.987976 96 ) (96 -735.987976 96 ) (96 -735.987976 64 ) 
4 565 573 (96 -735.987976 0 ) (325.814819 -735.987976 0 ) (325.814850 -735.987976 58 ) (96 -735.987976 58 ) 
4 565 570 (346.178802 -735.987976 64 ) (346.178741 -735.987976 96 ) (335.993286 -735.987976 96 ) (335.993286 -735.987976 64 ) 
4 565 571 (335.993286 -735.987976 0 ) (346.178925 -735.987976 0 ) (346.178802 -735.987976 58 ) (335.993286 -735.987976 58 ) 
4 565 568 (352 -735.987976 64 ) (352 -735.987976 96 ) (346.178741 -735.987976 96 ) (346.178802 -735.987976 64 ) 
4 565 569 (346.178925 -735.987976 0 ) (352 -735.987976 0 ) (352 -735.987976 58 ) (346.178802 -735.987976 58 ) 
4 565 567 (352 -735.987976 96 ) (352 -735.987976 240 ) (96 -735.987976 240 ) (96 -735.987976 96 ) 
4 565 566 (88 -735.987976 242 ) (88 -735.987976 240 ) (352 -735.987976 240 ) (352 -735.987976 242 ) 
4 566 599 (88 -991.987976 240 ) (88 -991.987976 242 ) (88 -983.987976 242 ) (88 -983.987976 240 ) 
4 566 596 (88 -983.987976 242 ) (88 -746.670044 242 ) (88 -746.670044 240 ) (88 -983.987976 240 ) 
4 566 592 (88 -746.670044 242 ) (88 -735.987976 242 ) (88 -735.987976 240 ) (88 -746.670044 240 ) 
4 566 587 (88 -991.987976 242 ) (88 -991.987976 240 ) (96 -991.987976 240 ) (96 -991.987976 242 ) 
4 566 586 (96 -991.987976 240 ) (352 -991.987976 240 ) (352 -991.987976 242 ) (96 -991.987976 242 ) 
4 566 584 (88 -983.987976 240 ) (88 -735.987976 240 ) (96 -735.987976 240 ) (96 -983.987976 240 ) 
4 566 567 (352 -991.987976 240 ) (96 -991.987976 240 ) (96 -735.987976 240 ) (352 -735.987976 240 ) 
4 567 588 (352 -991.987976 96 ) (352 -991.987976 216 ) (96 -991.987976 216 ) (96 -991.987976 96 ) 
4 567 586 (352 -991.987976 216 ) (352 -991.987976 240 ) (96 -991.987976 240 ) (96 -991.987976 216 ) 
4 567 584 (96 -983.987976 240 ) (96 -735.987976 240 ) (96 -735.987976 96 ) (96 -983.987976 96 ) 
3 567 581 (336 -767.987793 96 ) (327.013672 -771.257813 96 ) (324.270966 -763.721924 96 ) 
3 567 580 (310.860474 -777.136047 96 ) (320 -751.987427 96 ) (327.013672 -771.257813 96 ) 
3 567 578 (352 -751.988953 96 ) (352 -762.165161 96 ) (347.730530 -763.718872 96 ) 
4 567 576 (352 -991.987976 96 ) (232.777466 -991.987976 96 ) (310.860474 -777.136047 96 ) (352 -762.165161 96 ) 
4 567 574 (324.257996 -740.271606 96 ) (325.814789 -735.987976 96 ) (335.993317 -735.987976 96 ) (335.998230 -735.989746 96 ) 
4 567 572 (232.777466 -991.987976 96 ) (96 -991.987976 96 ) (96 -735.987976 96 ) (325.814789 -735.987976 96 ) 
3 567 570 (335.993317 -735.987976 96 ) (346.178772 -735.987976 96 ) (347.730225 -740.252502 96 ) 
3 567 568 (346.178772 -735.987976 96 ) (352 -735.987976 96 ) (352 -751.988953 96 ) 
4 568 570 (347.731293 -740.252869 96 ) (346.179688 -735.987976 96 ) (346.179749 -735.987976 64 ) (347.731384 -740.252991 64 ) 
3 569 644 (352 -747.166199 0 ) (352 -751.988464 0 ) (351.124786 -749.582764 0 ) 
4 569 642 (346.178925 -735.987976 0 ) (352 -735.987976 0 ) (352 -747.166199 0 ) (351.124786 -749.582764 0 ) 
4 569 571 (347.731384 -740.252991 58 ) (346.179749 -735.987976 58 ) (346.179840 -735.987976 0 ) (347.731476 -740.252930 0 ) 
3 571 649 (335.993286 -735.987976 0 ) (346.178925 -735.987976 0 ) (347.730408 -740.252563 0 ) 
4 572 588 (232.777466 -991.987976 64 ) (232.777466 -991.987976 96 ) (96 -991.987976 96 ) (96 -991.987976 64 ) 
4 572 584 (96 -983.987976 96 ) (96 -735.987976 96 ) (96 -735.987976 64 ) (96 -983.987976 64 ) 
4 572 580 (320 -751.988708 96 ) (310.861511 -777.135620 96 ) (310.861511 -777.135681 64 ) (320 -751.988770 64 ) 
4 572 576 (310.861511 -777.135620 96 ) (232.778320 -991.987976 96 ) (232.778320 -991.987976 64 ) (310.861511 -777.135681 64 ) 
4 572 574 (325.815704 -735.987976 64 ) (325.815704 -735.987976 96 ) (324.259094 -740.271118 96 ) (324.259155 -740.270996 64 ) 
4 573 663 (309.128540 -781.901672 0 ) (282.282867 -855.769775 0 ) (96 -923.643005 0 ) (96 -859.531494 0 ) 
4 573 650 (96 -735.987976 0 ) (325.814819 -735.987976 0 ) (309.128540 -781.901672 0 ) (96 -859.531494 0 ) 
4 573 620 (282.282867 -855.769775 0 ) (232.777466 -991.987976 0 ) (96 -991.987976 0 ) (96 -923.643005 0 ) 
4 573 591 (96 -991.987976 0 ) (232.777466 -991.987976 0 ) (232.777466 -991.987976 58 ) (96 -991.987976 58 ) 
4 573 585 (96 -983.987976 58 ) (96 -735.987976 58 ) (96 -735.987976 0 ) (96 -983.987976 0 ) 
4 573 582 (320 -751.988770 58 ) (310.861481 -777.135742 58 ) (310.861450 -777.135864 0 ) (320 -751.988892 0 ) 
4 573 577 (310.861481 -777.135742 58 ) (232.778320 -991.987976 58 ) (232.778320 -991.987976 0 ) (310.861450 -777.135864 0 ) 
4 573 575 (325.815704 -735.987976 0 ) (325.815704 -735.987976 58 ) (324.259186 -740.270874 58 ) (324.259308 -740.270508 0 ) 
4 575 651 (325.814819 -735.987976 0 ) (335.993286 -735.987976 0 ) (335.997559 -735.989502 0 ) (324.258270 -740.270996 0 ) 
4 576 588 (352 -991.987976 64 ) (352 -991.987976 96 ) (232.777466 -991.987976 96 ) (232.777466 -991.987976 64 ) 
4 576 581 (327.013794 -771.258179 96 ) (336 -767.988037 96 ) (336 -767.988037 64 ) (327.013763 -771.258240 64 ) 
4 576 580 (310.861359 -777.136108 64 ) (310.861389 -777.136047 96 ) (327.013794 -771.258179 96 ) (327.013763 -771.258240 64 ) 
4 576 578 (347.730316 -763.719360 96 ) (352 -762.165588 96 ) (352 -762.165649 64 ) (347.730316 -763.719421 64 ) 
4 577 663 (352 -766.286194 0 ) (352 -830.367920 0 ) (282.282898 -855.769714 0 ) (309.128540 -781.901733 0 ) 
4 577 652 (352 -762.165222 0 ) (352 -766.286194 0 ) (309.128540 -781.901733 0 ) (310.860474 -777.136169 0 ) 
3 577 622 (352 -830.367920 0 ) (352 -893.085876 0 ) (331.821991 -837.719910 0 ) 
5 577 620 (352 -893.085876 0 ) (352 -991.987976 0 ) (232.777466 -991.987976 0 ) (282.282898 -855.769714 0 ) (331.821991 -837.719910 0 ) 
4 577 591 (232.777466 -991.987976 0 ) (352 -991.987976 0 ) (352 -991.987976 58 ) (232.777466 -991.987976 58 ) 
4 577 583 (327.013733 -771.258240 58 ) (336 -767.988037 58 ) (336 -767.988098 0 ) (327.013672 -771.258362 0 ) 
4 577 582 (310.861328 -777.136230 0 ) (310.861359 -777.136108 58 ) (327.013733 -771.258240 58 ) (327.013672 -771.258362 0 ) 
4 577 579 (347.730316 -763.719421 58 ) (352 -762.165649 58 ) (352 -762.165771 0 ) (347.730286 -763.719543 0 ) 
3 579 653 (352 -751.988464 0 ) (352 -762.165222 0 ) (347.730438 -763.718933 0 ) 
4 580 581 (327.011047 -771.258728 96 ) (327.011017 -771.258789 64 ) (324.267487 -763.720642 64 ) (324.267578 -763.720703 96 ) 
3 582 654 (327.013550 -771.257935 0 ) (310.860474 -777.136169 0 ) (320 -751.987732 0 ) 
4 582 583 (324.270538 -763.721741 58 ) (327.011719 -771.253906 58 ) (327.011658 -771.254028 0 ) (324.270447 -763.721802 0 ) 
3 583 655 (336 -767.987854 0 ) (327.013550 -771.257935 0 ) (324.270782 -763.721924 0 ) 
4 584 596 (88 -983.987976 240 ) (88 -746.670044 240 ) (88 -746.670044 64 ) (88 -983.987976 64 ) 
4 584 592 (88 -746.670044 240 ) (88 -735.987976 240 ) (88 -735.987976 64 ) (88 -746.670044 64 ) 
4 585 663 (88 -926.557922 0 ) (88 -862.445374 0 ) (96 -859.531494 0 ) (96 -923.643005 0 ) 
4 585 650 (88 -862.445374 0 ) (88 -735.987976 0 ) (96 -735.987976 0 ) (96 -859.531494 0 ) 
4 585 620 (88 -983.987976 0 ) (88 -926.557922 0 ) (96 -923.643005 0 ) (96 -983.987976 0 ) 
4 585 604 (88 -735.987976 0 ) (88 -983.987976 0 ) (88 -983.987976 58 ) (88 -735.987976 58 ) 
5 586 730 (352 -1024 242 ) (350.492371 -1024 242 ) (316.592957 -1024 216 ) (323.617676 -1024 216 ) (352 -1024 237.637375 ) 
3 586 729 (323.617676 -1024 216 ) (352 -1024 216 ) (352 -1024 237.637375 ) 
4 586 728 (350.492371 -1024 242 ) (96 -1024 242 ) (96 -1024 216 ) (316.592957 -1024 216 ) 
4 586 588 (96 -991.987976 216 ) (352 -991.987976 216 ) (352 -1024 216 ) (96 -1024 216 ) 
4 586 587 (96 -991.987976 242 ) (96 -991.987976 224 ) (96 -1024 224 ) (96 -1024 242 ) 
4 587 732 (96 -1024 242 ) (88 -1024 242 ) (88 -1024 224 ) (96 -1024 224 ) 
4 587 602 (88 -1024 224 ) (88 -1024 242 ) (88 -991.987976 242 ) (88 -991.987976 224 ) 
4 588 734 (96 -1024 64 ) (352 -1024 64 ) (352 -1024 216 ) (96 -1024 216 ) 
4 588 589 (96 -1024 176 ) (96 -1024 216 ) (96 -991.987976 216 ) (96 -991.987976 176 ) 
4 588 590 (96 -991.987976 64 ) (96 -1024 64 ) (96 -1024 168 ) (96 -991.987976 168 ) 
4 589 735 (88 -1024 216 ) (88 -1024 176 ) (96 -1024 176 ) (96 -1024 216 ) 
4 589 602 (88 -1024 176 ) (88 -1024 216 ) (88 -991.987976 216 ) (88 -991.987976 176 ) 
4 590 736 (88 -1024 168 ) (88 -1024 64 ) (96 -1024 64 ) (96 -1024 168 ) 
4 590 602 (88 -1024 64 ) (88 -1024 168 ) (88 -991.987976 168 ) (88 -991.987976 64 ) 
4 591 739 (88 -1024 58 ) (88 -1024 0 ) (352 -1024 0 ) (352 -1024 58 ) 
5 591 620 (350.327454 -1024 0 ) (88 -1024 0 ) (88 -991.987976 0 ) (352 -991.987976 0 ) (352 -1019.405212 0 ) 
3 591 605 (352 -1024 0 ) (350.327454 -1024 0 ) (352 -1019.405212 0 ) 
4 591 604 (88 -991.987976 0 ) (88 -1024 0 ) (88 -1024 58 ) (88 -991.987976 58 ) 
4 592 603 (40 -447.988007 64 ) (88 -447.988007 64 ) (88 -735.987976 64 ) (40 -735.987976 64 ) 
4 592 596 (40 -746.670044 64 ) (88 -746.670044 64 ) (88 -746.670044 242 ) (40 -746.670044 242 ) 
4 592 595 (40 -746.670044 72 ) (40 -746.670044 242 ) (40 -741.330017 242 ) (40 -741.330017 72 ) 
4 592 594 (40 -741.330017 76 ) (40 -741.330017 242 ) (40 -735.987976 242 ) (40 -735.987976 76 ) 
4 592 593 (40 -447.988007 242 ) (40 -447.988007 80 ) (40 -735.987976 80 ) (40 -735.987976 242 ) 
4 593 972 (0 -735.987976 242 ) (0 -447.988007 242 ) (0 -447.988007 80 ) (0 -735.987976 80 ) 
4 593 594 (40 -735.987976 80 ) (40 -735.987976 242 ) (0 -735.987976 242 ) (0 -735.987976 80 ) 
4 594 973 (0 -741.330017 242 ) (0 -735.987976 242 ) (0 -735.987976 76 ) (0 -741.330017 76 ) 
4 594 595 (40 -741.330017 76 ) (40 -741.330017 242 ) (0 -741.330017 242 ) (0 -741.330017 76 ) 
4 595 974 (0 -746.670044 242 ) (0 -741.330017 242 ) (0 -741.330017 72 ) (0 -746.670044 72 ) 
4 595 597 (40 -746.670044 72 ) (40 -746.670044 242 ) (0 -746.670044 242 ) (0 -746.670044 72 ) 
4 596 600 (88 -983.987976 176 ) (88 -983.987976 216 ) (40 -983.987976 216 ) (40 -983.987976 176 ) 
4 596 601 (40 -983.987976 64 ) (88 -983.987976 64 ) (88 -983.987976 168 ) (40 -983.987976 168 ) 
4 596 599 (88 -983.987976 224 ) (88 -983.987976 242 ) (40 -983.987976 242 ) (40 -983.987976 224 ) 
4 596 597 (40 -746.670044 242 ) (40 -746.670044 68 ) (40 -752 68 ) (40 -752 242 ) 
4 596 598 (40 -752 64 ) (40 -983.987976 64 ) (40 -983.987976 242 ) (40 -752 242 ) 
4 597 975 (0 -752 242 ) (0 -746.670044 242 ) (0 -746.670044 68 ) (0 -752 68 ) 
4 597 598 (40 -752 68 ) (40 -752 242 ) (0 -752 242 ) (0 -752 68 ) 
4 598 976 (0 -983.987976 242 ) (0 -752 242 ) (0 -752 64 ) (0 -983.987976 64 ) 
4 598 600 (40 -983.987976 176 ) (40 -983.987976 216 ) (0 -983.987976 216 ) (0 -983.987976 176 ) 
4 598 601 (0 -983.987976 64 ) (40 -983.987976 64 ) (40 -983.987976 168 ) (0 -983.987976 168 ) 
4 598 599 (40 -983.987976 224 ) (40 -983.987976 242 ) (0 -983.987976 242 ) (0 -983.987976 224 ) 
4 599 986 (0 -991.987976 242 ) (0 -983.987976 242 ) (0 -983.987976 224 ) (0 -991.987976 224 ) 
4 599 602 (88 -991.987976 224 ) (88 -991.987976 242 ) (0 -991.987976 242 ) (0 -991.987976 224 ) 
4 600 987 (0 -983.987976 216 ) (0 -983.987976 176 ) (0 -991.987976 176 ) (0 -991.987976 216 ) 
4 600 602 (88 -991.987976 176 ) (88 -991.987976 216 ) (0 -991.987976 216 ) (0 -991.987976 176 ) 
4 601 988 (0 -983.987976 168 ) (0 -983.987976 64 ) (0 -991.987976 64 ) (0 -991.987976 168 ) 
4 601 602 (0 -991.987976 64 ) (88 -991.987976 64 ) (88 -991.987976 168 ) (0 -991.987976 168 ) 
4 602 1029 (0 -1024 64 ) (0 -1024 168 ) (0 -991.987976 168 ) (0 -991.987976 64 ) 
4 602 1026 (0 -1024 168 ) (0 -1024 216 ) (0 -991.987976 216 ) (0 -991.987976 168 ) 
4 602 1024 (0 -1024 216 ) (0 -1024 224 ) (0 -991.987976 224 ) (0 -991.987976 216 ) 
4 602 1023 (0 -1024 224 ) (0 -1024 242 ) (0 -991.987976 242 ) (0 -991.987976 224 ) 
4 602 737 (0 -1024 216 ) (0 -1024 64 ) (88 -1024 64 ) (88 -1024 216 ) 
4 602 733 (88 -1024 242 ) (0 -1024 242 ) (0 -1024 216 ) (88 -1024 216 ) 
4 603 991 (0 -735.987976 64 ) (0 -447.988007 64 ) (0 -447.988007 0 ) (0 -735.987976 0 ) 
4 603 650 (0 -735.987976 0 ) (0 -613.906982 0 ) (88 -645.881226 0 ) (88 -735.987976 0 ) 
4 603 649 (0 -613.906982 0 ) (0 -447.988007 0 ) (88 -447.988007 0 ) (88 -645.881226 0 ) 
4 603 604 (0 -735.987976 0 ) (88 -735.987976 0 ) (88 -735.987976 58 ) (0 -735.987976 58 ) 
4 604 1030 (0 -1024 0 ) (0 -1024 58 ) (0 -991.987976 58 ) (0 -991.987976 0 ) 
4 604 992 (0 -991.987976 58 ) (0 -735.987976 58 ) (0 -735.987976 0 ) (0 -991.987976 0 ) 
4 604 739 (0 -1024 58 ) (0 -1024 0 ) (88 -1024 0 ) (88 -1024 58 ) 
4 604 663 (0 -958.621216 0 ) (0 -894.498474 0 ) (88 -862.445374 0 ) (88 -926.557861 0 ) 
4 604 650 (0 -894.498474 0 ) (0 -735.987976 0 ) (88 -735.987976 0 ) (88 -862.445374 0 ) 
4 604 620 (88 -1024 0 ) (0 -1024 0 ) (0 -958.621216 0 ) (88 -926.557861 0 ) 
4 605 777 (358.405945 -1024 0 ) (350.327423 -1024 0 ) (350.328064 -1024 -120 ) (358.417297 -1024 -120 ) 
4 605 630 (565.686523 -948.878174 -120 ) (584.385376 -942.101135 -120 ) (584.384338 -942.097412 0 ) (565.687561 -948.873657 0 ) 
4 605 628 (358.414063 -1024 -120 ) (369.870361 -1019.847900 -120 ) (369.872131 -1019.842957 0 ) (358.402283 -1024 0 ) 
4 605 627 (375.005768 -1017.986694 -120 ) (565.686523 -948.878174 -120 ) (565.687561 -948.873657 0 ) (374.991211 -1017.987671 0 ) 
4 605 620 (354.132446 -1013.549988 -120 ) (350.328552 -1024 -120 ) (350.327942 -1024 0 ) (354.131714 -1013.550293 0 ) 
4 605 616 (584.385315 -942.100098 0 ) (584.386353 -942.103821 -120 ) (580.369934 -931.097290 -120 ) (580.370239 -931.097290 0 ) 
4 605 608 (545 -943.987854 -120 ) (541.064392 -945.422119 -120 ) (541.064331 -945.422119 0 ) (545.001953 -943.987061 0 ) 
4 605 607 (541.064392 -945.422119 -120 ) (354.132813 -1013.549927 -120 ) (354.132111 -1013.550171 0 ) (541.064331 -945.422119 0 ) 
4 605 606 (580.371094 -931.096680 0 ) (580.370789 -931.096802 -120 ) (550.130615 -942.117920 -120 ) (550.130615 -942.117920 0 ) 
4 606 616 (580.369934 -931.097290 -120 ) (567.249023 -895.140991 -120 ) (567.249207 -895.140625 0 ) (580.370239 -931.097290 0 ) 
4 606 611 (556.011841 -925.978882 -120 ) (552 -936.988220 -120 ) (552 -936.989807 0 ) (556.011597 -925.979492 0 ) 
4 606 609 (567.249451 -895.139771 0 ) (567.249268 -895.140259 -120 ) (556.011841 -925.978882 -120 ) (556.011597 -925.979492 0 ) 
4 607 656 (482.044922 -782.983337 -120 ) (431.334229 -801.460083 -120 ) (431.333618 -801.460144 0 ) (482.044891 -782.983215 0 ) 
4 607 625 (383.430817 -933.061584 -120 ) (382 -936.990173 -120 ) (382 -936.989319 0 ) (383.430023 -933.062012 0 ) 
4 607 624 (386.003876 -925.992859 -120 ) (383.430817 -933.061584 -120 ) (383.430023 -933.062012 0 ) (386.003143 -925.993164 0 ) 
4 607 622 (431.332794 -801.463684 0 ) (431.333374 -801.463745 -120 ) (386.003876 -925.992859 -120 ) (386.003143 -925.993164 0 ) 
4 607 621 (380.135101 -942.115540 -120 ) (375.005005 -956.208923 -120 ) (375.004700 -956.208069 0 ) (380.134399 -942.115723 0 ) 
4 607 620 (375.005005 -956.208923 -120 ) (354.132446 -1013.549988 -120 ) (354.131714 -1013.550293 0 ) (375.004700 -956.208069 0 ) 
4 607 610 (538 -936.987854 -120 ) (536.571655 -933.056458 -120 ) (536.571899 -933.057007 0 ) (538 -936.988037 0 ) 
4 607 609 (536.571655 -933.056458 -120 ) (482.045868 -782.985168 -120 ) (482.045776 -782.984924 0 ) (536.571899 -933.057007 0 ) 
4 607 608 (541.065247 -945.424072 0 ) (541.065247 -945.424072 -120 ) (539.865234 -942.121338 -120 ) (539.864563 -942.119446 0 ) 
4 609 656 (521.125000 -768.744263 -120 ) (482.044922 -782.983337 -120 ) (482.044891 -782.983215 0 ) (521.125305 -768.744019 0 ) 
4 609 618 (541.073730 -823.410583 -120 ) (539.872864 -820.119690 -120 ) (539.873291 -820.119812 0 ) (541.074097 -823.410522 0 ) 
4 609 617 (545.011230 -834.200867 -120 ) (541.073730 -823.410583 -120 ) (541.074097 -823.410522 0 ) (545.011414 -834.200378 0 ) 
4 609 616 (567.249023 -895.140991 -120 ) (545.011230 -834.200867 -120 ) (545.011414 -834.200378 0 ) (567.249207 -895.140625 0 ) 
4 609 614 (538 -814.987671 -120 ) (533.978516 -803.966858 -120 ) (533.978943 -803.966980 0 ) (538 -814.987183 0 ) 
4 609 613 (533.978516 -803.966858 -120 ) (521.126038 -768.746094 -120 ) (521.126282 -768.745728 0 ) (533.978943 -803.966980 0 ) 
4 609 612 (544.996338 -929.986633 -120 ) (548.932373 -928.553467 -120 ) (548.931580 -928.554382 0 ) (544.997131 -929.986938 0 ) 
4 609 611 (548.932373 -928.553467 -120 ) (556.012695 -925.975525 -120 ) (556.012451 -925.976196 0 ) (548.931580 -928.554382 0 ) 
4 609 610 (536.570435 -933.055115 0 ) (536.570251 -933.054626 -120 ) (539.864624 -931.855103 -120 ) (539.864746 -931.855652 0 ) 
4 611 612 (548.933105 -928.557312 0 ) (548.933899 -928.556458 -120 ) (550.131958 -931.850586 -120 ) (550.130676 -931.850159 0 ) 
4 613 657 (1024 -585.518738 -120 ) (613.669312 -735.025146 -120 ) (613.669189 -735.025085 0 ) (1024 -585.518616 0 ) 
4 613 656 (613.669312 -735.025146 -120 ) (521.125000 -768.744263 -120 ) (521.125305 -768.744019 0 ) (613.669189 -735.025085 0 ) 
4 613 630 (749.032471 -882.428040 -120 ) (1024 -782.771484 -120 ) (1024 -782.767578 0 ) (749.026978 -882.426025 0 ) 
4 613 619 (541.058472 -806.549927 -120 ) (545 -807.987976 -120 ) (545 -807.987976 0 ) (541.058411 -806.549866 0 ) 
4 613 615 (550.130676 -809.859924 -120 ) (749.031494 -882.428345 -120 ) (749.025818 -882.426270 0 ) (550.131348 -809.860107 0 ) 
4 613 614 (533.978516 -803.966797 0 ) (533.978088 -803.966675 -120 ) (541.058472 -806.549927 -120 ) (541.058411 -806.549866 0 ) 
4 614 619 (539.860413 -809.856873 -120 ) (541.059570 -806.548828 -120 ) (541.059570 -806.548828 0 ) (539.860413 -809.856873 0 ) 
4 615 630 (596.707458 -937.635254 -120 ) (749.032471 -882.428040 -120 ) (749.026978 -882.426025 0 ) (596.706665 -937.631409 0 ) 
4 615 616 (552 -814.990234 -120 ) (596.706604 -937.637024 -120 ) (596.705811 -937.633179 0 ) (552 -814.989502 0 ) 
4 616 630 (584.385376 -942.101135 -120 ) (596.707458 -937.635254 -120 ) (596.706665 -937.631409 0 ) (584.384338 -942.097412 0 ) 
4 616 617 (550.129150 -820.129456 -120 ) (545.010803 -834.200256 -120 ) (545.010986 -834.199768 0 ) (550.129150 -820.129456 0 ) 
4 617 618 (544.998535 -821.987427 -120 ) (541.073242 -823.409790 -120 ) (541.073547 -823.409668 0 ) (544.998474 -821.987427 0 ) 
4 620 1034 (0 -1024 -120 ) (0 -1024 0 ) (0 -958.621216 0 ) (0 -958.621460 -120 ) 
4 620 777 (350.327423 -1024 0 ) (209.254196 -1024 0 ) (209.253082 -1024 -120 ) (350.328064 -1024 -120 ) 
4 620 776 (209.254196 -1024 0 ) (0 -1024 0 ) (0 -1024 -120 ) (209.253082 -1024 -120 ) 
4 620 663 (331.821381 -837.718201 -120 ) (0 -958.619324 -120 ) (0 -958.619141 0 ) (331.821350 -837.718018 0 ) 
4 620 626 (368 -936.986084 -120 ) (366.565369 -933.050293 -120 ) (366.565369 -933.050293 0 ) (368 -936.986816 0 ) 
4 620 623 (371.073425 -945.419739 -120 ) (369.869171 -942.115417 -120 ) (369.869568 -942.116516 0 ) (371.073456 -945.419800 0 ) 
4 620 622 (366.565369 -933.050293 -120 ) (331.822205 -837.720215 -120 ) (331.822113 -837.719971 0 ) (366.565369 -933.050293 0 ) 
4 620 621 (375.004883 -956.207031 0 ) (375.005188 -956.207886 -120 ) (371.073425 -945.419739 -120 ) (371.073456 -945.419800 0 ) 
4 621 623 (375.002899 -943.987366 -120 ) (371.074219 -945.419922 -120 ) (371.074219 -945.419922 0 ) (375.001556 -943.987793 0 ) 
4 622 667 (383.430481 -818.914124 -120 ) (380.137695 -820.113892 -120 ) (380.137817 -820.113647 0 ) (383.430420 -818.913940 0 ) 
4 622 665 (374.996979 -821.986938 -120 ) (364.018494 -825.987000 -120 ) (364.018585 -825.986755 0 ) (374.996704 -821.986816 0 ) 
4 622 663 (364.018494 -825.987000 -120 ) (331.821381 -837.718201 -120 ) (331.821350 -837.718018 0 ) (364.018585 -825.986755 0 ) 
4 622 656 (431.334229 -801.460083 -120 ) (383.430481 -818.914124 -120 ) (383.430420 -818.913940 0 ) (431.333618 -801.460144 0 ) 
4 622 626 (366.565430 -933.050903 0 ) (366.565430 -933.050903 -120 ) (369.862396 -931.853882 -120 ) (369.863068 -931.853638 0 ) 
4 622 624 (375.002533 -929.987671 -120 ) (386.002960 -925.993774 -120 ) (386.002258 -925.994019 0 ) (375.001556 -929.988037 0 ) 
4 624 625 (380.135498 -931.858948 -120 ) (383.430634 -933.060791 -120 ) (383.429871 -933.061218 0 ) (380.135803 -931.859802 0 ) 
4 627 782 (462.634277 -1024 0 ) (391.578369 -1024 0 ) (391.595673 -1024 -120 ) (462.634247 -1024 -120 ) 
4 627 771 (538.360474 -1024 0 ) (537.638733 -1024 0 ) (537.638733 -1024 -120 ) (538.361084 -1024 -120 ) 
4 627 769 (537.638733 -1024 0 ) (523.076721 -1024 0 ) (523.076782 -1024 -120 ) (537.638733 -1024 -120 ) 
4 627 768 (523.076721 -1024 0 ) (462.634277 -1024 0 ) (462.634247 -1024 -120 ) (523.076782 -1024 -120 ) 
4 627 630 (539.869751 -1019.858276 -120 ) (565.687439 -948.877563 -120 ) (565.688477 -948.873047 0 ) (539.867432 -1019.859131 0 ) 
4 627 629 (380.116577 -1019.838867 -120 ) (391.596588 -1024 -120 ) (391.579224 -1024 0 ) (380.118103 -1019.845764 0 ) 
4 628 781 (368.360046 -1024 0 ) (367.638885 -1024 0 ) (367.639496 -1024 -120 ) (368.360107 -1024 -120 ) 
4 628 777 (367.638885 -1024 0 ) (358.405945 -1024 0 ) (358.417297 -1024 -120 ) (367.639496 -1024 -120 ) 
4 629 782 (391.578369 -1024 0 ) (381.637024 -1024 0 ) (381.638031 -1024 -120 ) (391.595673 -1024 -120 ) 
4 630 631 (545.003601 -1017.989868 -120 ) (1024 -843.555725 -120 ) (1024 -843.555664 0 ) (545.002502 -1017.990234 0 ) 
4 631 770 (1024 -1024 -120 ) (1024 -1024 0 ) (561.486084 -1024 0 ) (561.488281 -1024 -120 ) 
4 631 632 (550.126709 -1019.856567 -120 ) (561.491272 -1024 -120 ) (561.488281 -1024 0 ) (550.127136 -1019.857666 0 ) 
4 632 773 (552.362061 -1024 0 ) (551.638733 -1024 0 ) (551.638733 -1024 -120 ) (552.362061 -1024 -120 ) 
4 632 770 (561.486084 -1024 0 ) (552.362061 -1024 0 ) (552.362061 -1024 -120 ) (561.488281 -1024 -120 ) 
4 633 657 (1024 -521.516846 -45 ) (1024 -521.517578 0 ) (574.727051 -685.160461 0 ) (574.726013 -685.159973 -45 ) 
4 633 637 (533.101929 -570.985413 -45 ) (537.118530 -582.002625 -45 ) (537.119995 -582.003662 0 ) (533.102844 -570.984863 0 ) 
4 633 636 (537.118530 -582.002625 -45 ) (574.728516 -685.164063 -45 ) (574.729309 -685.163757 0 ) (537.119995 -582.003662 0 ) 
4 633 634 (324.935547 0 -45 ) (531.231750 -565.855591 -45 ) (531.233276 -565.856812 0 ) (324.937317 0 0 ) 
4 633 641 (1024 -521.519531 -45 ) (574.726685 -685.161865 -45 ) (324.935364 0 -45 ) (1024 0 -45 ) 
4 634 642 (301.613617 -481.946014 0 ) (126.343048 0 0 ) (126.342575 0 -45 ) (301.613159 -481.945221 -45 ) 
4 634 640 (522.164001 -562.542786 -45 ) (526.118469 -563.987915 -45 ) (526.116516 -563.987854 0 ) (522.164063 -562.543518 0 ) 
4 634 639 (515.080811 -559.954346 -45 ) (522.164001 -562.542786 -45 ) (522.164063 -562.543518 0 ) (515.081116 -559.955139 0 ) 
4 634 635 (301.613556 -481.946075 0 ) (301.613281 -481.945313 -45 ) (515.080811 -559.954346 -45 ) (515.081116 -559.955139 0 ) 
4 634 641 (301.612518 -481.944946 -45 ) (126.342346 0 -45 ) (324.935364 0 -45 ) (531.230713 -565.855225 -45 ) 
4 635 660 (548.928101 -694.557495 0 ) (545 -695.988281 0 ) (544.998840 -695.987732 -45 ) (548.927490 -694.556763 -45 ) 
4 635 658 (539.866760 -697.857971 0 ) (525.791870 -702.984619 0 ) (525.790649 -702.984131 -45 ) (539.866333 -697.857178 -45 ) 
4 635 657 (562.354309 -689.667114 0 ) (548.928101 -694.557495 0 ) (548.927490 -694.556763 -45 ) (562.354004 -689.666321 -45 ) 
4 635 656 (525.791870 -702.984619 0 ) (398.818176 -749.233398 0 ) (398.817902 -749.232605 -45 ) (525.790649 -702.984131 -45 ) 
4 635 647 (383.429932 -706.918457 0 ) (382 -702.987244 0 ) (382 -702.987305 -45 ) (383.429901 -706.918457 -45 ) 
4 635 645 (386.003143 -713.994080 0 ) (383.429932 -706.918457 0 ) (383.429901 -706.918457 -45 ) (386.003113 -713.994080 -45 ) 
4 635 644 (398.818359 -749.232422 -45 ) (398.818359 -749.232422 0 ) (386.003143 -713.994080 0 ) (386.003113 -713.994080 -45 ) 
4 635 643 (380.135864 -697.860657 0 ) (374.985748 -683.699280 0 ) (374.985718 -683.699341 -45 ) (380.135803 -697.860657 -45 ) 
4 635 642 (374.985748 -683.699280 0 ) (301.613617 -481.946014 0 ) (301.613159 -481.945221 -45 ) (374.985718 -683.699341 -45 ) 
4 635 639 (519.100525 -570.986633 -45 ) (515.079773 -559.954285 -45 ) (515.080078 -559.955078 0 ) (519.100647 -570.987061 0 ) 
4 635 636 (562.353516 -689.667969 0 ) (562.353516 -689.667969 -45 ) (520.970825 -576.118591 -45 ) (520.971008 -576.119141 0 ) 
4 635 641 (562.354736 -689.668213 -45 ) (398.818359 -749.234375 -45 ) (301.612518 -481.944946 -45 ) (515.080505 -559.953369 -45 ) 
4 636 657 (574.727051 -685.160461 0 ) (562.354309 -689.667114 0 ) (562.354004 -689.666321 -45 ) (574.726013 -685.159973 -45 ) 
4 636 638 (530.031555 -579.419617 -45 ) (526.101379 -577.987488 -45 ) (526.099121 -577.987183 0 ) (530.031982 -579.420288 0 ) 
4 636 637 (537.119080 -582.002747 0 ) (537.117859 -582.001831 -45 ) (530.031555 -579.419617 -45 ) (530.031982 -579.420288 0 ) 
4 636 641 (574.726685 -685.161865 -45 ) (562.354736 -689.668213 -45 ) (520.972046 -576.119019 -45 ) (537.117493 -582.002258 -45 ) 
4 637 638 (531.234070 -576.119080 -45 ) (530.031799 -579.421265 -45 ) (530.032227 -579.421875 0 ) (531.235229 -576.117554 0 ) 
3 637 641 (533.101501 -570.986694 -45 ) (537.117493 -582.002258 -45 ) (530.031372 -579.420166 -45 ) 
3 638 641 (531.232971 -576.119507 -45 ) (530.031372 -579.420166 -45 ) (526.100525 -577.987793 -45 ) 
4 639 640 (520.954895 -565.874817 -45 ) (522.163696 -562.543335 -45 ) (522.163757 -562.544006 0 ) (520.955505 -565.873901 0 ) 
3 639 641 (519.101013 -570.985168 -45 ) (515.080505 -559.953369 -45 ) (522.164246 -562.542053 -45 ) 
3 640 641 (520.955078 -565.874817 -45 ) (522.164246 -562.542053 -45 ) (526.119629 -563.987488 -45 ) 
4 641 660 (544.997314 -695.986938 -120 ) (548.926514 -694.555786 -120 ) (548.927490 -694.556763 -45 ) (544.998840 -695.987732 -45 ) 
4 641 658 (525.788757 -702.983459 -120 ) (539.865601 -697.856140 -120 ) (539.866394 -697.857178 -45 ) (525.790710 -702.984131 -45 ) 
4 641 657 (548.926514 -694.555786 -120 ) (1024 -521.515625 -120 ) (1024 -521.516846 -45 ) (548.927490 -694.556763 -45 ) 
4 641 656 (398.817444 -749.231323 -120 ) (525.788757 -702.983459 -120 ) (525.790710 -702.984131 -45 ) (398.817902 -749.232605 -45 ) 
4 641 647 (382 -702.987366 -120 ) (383.429871 -706.918457 -120 ) (383.429901 -706.918457 -45 ) (382 -702.987305 -45 ) 
4 641 645 (383.429871 -706.918457 -120 ) (386.003082 -713.994019 -120 ) (386.003113 -713.994080 -45 ) (383.429901 -706.918457 -45 ) 
4 641 644 (386.003082 -713.994019 -120 ) (398.818359 -749.232422 -120 ) (398.818359 -749.232422 -45 ) (386.003113 -713.994080 -45 ) 
4 641 643 (374.985718 -683.699463 -120 ) (380.135773 -697.860657 -120 ) (380.135803 -697.860657 -45 ) (374.985718 -683.699341 -45 ) 
4 641 642 (126.341797 0 -120 ) (374.985718 -683.699463 -120 ) (374.985718 -683.699341 -45 ) (126.342575 0 -45 ) 
4 642 649 (78.421577 0 -120 ) (347.730103 -740.252502 -120 ) (347.729858 -740.252380 0 ) (78.421692 0 0 ) 
4 642 648 (369.858337 -697.857605 -120 ) (371.056244 -694.549988 -120 ) (371.056244 -694.549988 0 ) (369.857117 -697.860962 0 ) 
4 642 646 (366.575928 -706.920776 -120 ) (368 -702.988342 -120 ) (368 -702.988647 0 ) (366.575928 -706.920776 0 ) 
4 642 644 (351.124023 -749.585938 0 ) (351.124115 -749.585632 -120 ) (366.575928 -706.920776 -120 ) (366.575928 -706.920776 0 ) 
4 642 643 (371.056244 -694.549988 -120 ) (374.985901 -683.699585 -120 ) (374.985901 -683.699585 0 ) (371.056244 -694.549988 0 ) 
4 643 648 (371.056641 -694.549805 0 ) (371.056641 -694.549805 -120 ) (375 -695.987793 -120 ) (375.004456 -695.989258 0 ) 
4 644 663 (356.592468 -764.611328 -120 ) (362.818878 -762.343445 -120 ) (362.819641 -762.345459 0 ) (356.593018 -764.613464 0 ) 
4 644 656 (362.818878 -762.343445 -120 ) (398.817444 -749.231323 -120 ) (398.818176 -749.233398 0 ) (362.819641 -762.345459 0 ) 
4 644 653 (352 -751.988586 -120 ) (355.269348 -760.975708 -120 ) (355.269104 -760.975647 0 ) (352 -751.988953 0 ) 
4 644 652 (355.269348 -760.975708 -120 ) (356.591980 -764.611267 -120 ) (356.591797 -764.611328 0 ) (355.269104 -760.975647 0 ) 
4 644 646 (369.873932 -708.121826 -120 ) (366.574219 -706.920410 -120 ) (366.574219 -706.920410 0 ) (369.873688 -708.121704 0 ) 
4 644 645 (386.003174 -713.994385 0 ) (386.003174 -713.994385 -120 ) (375 -709.988098 -120 ) (375 -709.988098 0 ) 
4 645 647 (383.429413 -706.918457 0 ) (383.429413 -706.918457 -120 ) (380.132507 -708.118896 -120 ) (380.132507 -708.118896 0 ) 
4 649 1035 (0 -610.902161 0 ) (0 -578.928711 0 ) (0 -578.928711 -120 ) (0 -610.902161 -120 ) 
4 649 1034 (0 -613.906982 0 ) (0 -610.902161 0 ) (0 -610.902161 -120 ) (0 -613.906982 -120 ) 
4 649 1032 (0 -578.928711 0 ) (0 0 0 ) (0 0 -120 ) (0 -578.928711 -120 ) 
4 649 651 (327.001953 -732.721497 -120 ) (335.996002 -735.989441 -120 ) (335.996857 -735.989807 0 ) (327.001953 -732.721558 0 ) 
4 649 650 (0 -613.907410 -120 ) (327.001953 -732.721497 -120 ) (327.001953 -732.721558 0 ) (0 -613.907471 0 ) 
4 650 1034 (0 -894.498474 0 ) (0 -613.906982 0 ) (0 -613.906982 -120 ) (0 -894.498474 -120 ) 
4 650 663 (0 -894.496094 -120 ) (309.129456 -781.899170 -120 ) (309.128479 -781.901917 0 ) (0 -894.498657 0 ) 
4 650 654 (310.861420 -777.136047 -120 ) (320 -751.989197 -120 ) (320 -751.988953 0 ) (310.861511 -777.135803 0 ) 
4 650 652 (309.129456 -781.901733 0 ) (309.129456 -781.901733 -120 ) (310.861420 -777.136047 -120 ) (310.861511 -777.135803 0 ) 
4 650 651 (324.259552 -740.269836 -120 ) (327 -732.726563 -120 ) (327 -732.726563 0 ) (324.259277 -740.270630 0 ) 
4 652 663 (309.129456 -781.899170 -120 ) (356.592468 -764.611328 -120 ) (356.593018 -764.613464 0 ) (309.128479 -781.901917 0 ) 
4 652 655 (336 -767.988159 -120 ) (327.013550 -771.258606 -120 ) (327.013672 -771.258362 0 ) (336 -767.988098 0 ) 
4 652 654 (327.013550 -771.258606 -120 ) (310.861237 -777.136475 -120 ) (310.861328 -777.136230 0 ) (327.013672 -771.258362 0 ) 
4 652 653 (355.269653 -760.975891 0 ) (355.269897 -760.976013 -120 ) (347.730225 -763.719727 -120 ) (347.730255 -763.719482 0 ) 
4 654 655 (327.012207 -771.257629 0 ) (327.012085 -771.257874 -120 ) (324.269257 -763.721313 -120 ) (324.269501 -763.721436 0 ) 
4 656 667 (382 -814.986572 -120 ) (383.432159 -818.915955 -120 ) (383.432068 -818.915710 0 ) (382 -814.986511 0 ) 
4 656 664 (374.977600 -795.712036 -120 ) (380.132355 -809.859497 -120 ) (380.132385 -809.859497 0 ) (374.977631 -795.712036 0 ) 
4 656 663 (362.820313 -762.345703 0 ) (362.820313 -762.345703 -120 ) (374.977600 -795.712036 -120 ) (374.977631 -795.712036 0 ) 
4 656 662 (548.930237 -711.421265 -120 ) (545.005066 -709.990173 -120 ) (545.001831 -709.988953 0 ) (548.930176 -711.421265 0 ) 
4 656 661 (539.866089 -708.116455 -120 ) (536.572144 -706.915466 -120 ) (536.573730 -706.916016 0 ) (539.866089 -708.116455 0 ) 
4 656 659 (556.011047 -714.002991 -120 ) (548.930237 -711.421265 -120 ) (548.930176 -711.421265 0 ) (556.012146 -714.003418 0 ) 
4 656 658 (536.572144 -706.915466 -120 ) (525.790405 -702.984375 -120 ) (525.790405 -702.984375 0 ) (536.573730 -706.916016 0 ) 
4 656 657 (613.672058 -735.026611 0 ) (613.672424 -735.026733 -120 ) (556.011047 -714.002991 -120 ) (556.012146 -714.003418 0 ) 
4 657 660 (548.928162 -694.555054 0 ) (548.927307 -694.555359 -120 ) (550.130554 -697.858459 -120 ) (550.131836 -697.859253 0 ) 
4 657 659 (552 -702.989136 -120 ) (556.012512 -714.005432 -120 ) (556.013672 -714.005859 0 ) (552 -702.987793 0 ) 
4 658 661 (536.573853 -706.915588 0 ) (536.572266 -706.915039 -120 ) (538 -702.987793 -120 ) (538 -702.990234 0 ) 
4 659 662 (550.134155 -708.115356 -120 ) (548.931030 -711.420532 -120 ) (548.931030 -711.420532 0 ) (550.135132 -708.112610 0 ) 
4 663 1034 (0 -958.621216 0 ) (0 -894.498474 0 ) (0 -894.498474 -120 ) (0 -958.621460 -120 ) 
4 663 668 (366.579834 -818.916504 -120 ) (368 -814.990540 -120 ) (368 -814.990845 0 ) (366.579865 -818.916443 0 ) 
4 663 666 (369.859192 -809.856873 -120 ) (371.056213 -806.549927 -120 ) (371.056244 -806.549866 0 ) (369.859192 -809.856873 0 ) 
4 663 665 (364.020142 -825.987976 0 ) (364.020020 -825.988281 -120 ) (366.579834 -818.916504 -120 ) (366.579865 -818.916443 0 ) 
4 663 664 (371.056213 -806.549927 -120 ) (374.977539 -795.716797 -120 ) (374.977539 -795.716797 0 ) (371.056244 -806.549866 0 ) 
4 664 666 (371.054688 -806.548828 0 ) (371.054688 -806.548828 -120 ) (375 -807.987793 -120 ) (375 -807.987793 0 ) 
4 665 668 (369.871643 -820.117310 -120 ) (366.576172 -818.915039 -120 ) (366.576172 -818.915039 0 ) (369.871399 -820.117188 0 ) 
4 669 1052 (0 -1024 -248 ) (0 -1024 -166 ) (0 0 -166 ) (0 0 -248 ) 
4 669 786 (1024 -1024 -248 ) (1024 -1024 -166 ) (0 -1024 -166 ) (0 -1024 -248 ) 
4 670 787 (3072 -2048 0 ) (3072 -2048 696 ) (2048 -2048 696 ) (2048 -2048 0 ) 
4 670 673 (2048 -2048 0 ) (2048 -2048 696 ) (2048 -1024 696 ) (2048 -1024 0 ) 
4 670 671 (3072 -2048 0 ) (2048 -2048 0 ) (2048 -1024 0 ) (3072 -1024 0 ) 
4 671 788 (3072 -2048 -120 ) (3072 -2048 0 ) (2048 -2048 0 ) (2048 -2048 -120 ) 
4 671 674 (2048 -2048 -120 ) (2048 -2048 0 ) (2048 -1024 0 ) (2048 -1024 -120 ) 
4 672 789 (3072 -2048 -248 ) (3072 -2048 -166 ) (2048 -2048 -166 ) (2048 -2048 -248 ) 
4 672 675 (2048 -2048 -248 ) (2048 -2048 -166 ) (2048 -1024 -166 ) (2048 -1024 -248 ) 
4 673 791 (2048 -2048 0 ) (2048 -2048 696 ) (1024 -2048 696 ) (1024 -2048 0 ) 
4 673 700 (1024 -1024 81 ) (1024 -1024 0 ) (1024 -2048 0 ) (1024 -2048 81 ) 
4 673 698 (1024 -1028.989990 81 ) (1024 -1042.989990 81 ) (1024 -1042.989990 242 ) (1024 -1028.989990 242 ) 
4 673 699 (1024 -1042.989990 81 ) (1024 -2048 81 ) (1024 -2048 242 ) (1024 -1042.989990 242 ) 
4 673 696 (1024 -1024 83 ) (1024 -1024 81 ) (1024 -1028.989990 81 ) (1024 -1028.989990 83 ) 
4 673 695 (1024 -1024 242 ) (1024 -1024 83 ) (1024 -1028.989990 83 ) (1024 -1028.989990 242 ) 
4 673 676 (1024 -1024 696 ) (1024 -1024 242 ) (1024 -1044.989990 242 ) (1024 -1044.989990 696 ) 
4 673 693 (1024 -1044.989990 242 ) (1024 -2048 242 ) (1024 -2048 696 ) (1024 -1044.989990 696 ) 
4 673 674 (2048 -2048 0 ) (1024 -2048 0 ) (1024 -1024 0 ) (2048 -1024 0 ) 
4 674 792 (2048 -2048 -120 ) (2048 -2048 0 ) (1024 -2048 0 ) (1024 -2048 -120 ) 
4 674 770 (1024 -1024 0 ) (1024 -1024 -120 ) (1024 -1206.562378 -120 ) (1024 -1206.562378 0 ) 
4 674 768 (1024 -1206.562378 -120 ) (1024 -2048 -120 ) (1024 -2048 0 ) (1024 -1206.562378 0 ) 
4 675 793 (2048 -2048 -248 ) (2048 -2048 -166 ) (1024 -2048 -166 ) (1024 -2048 -248 ) 
4 675 786 (1024 -1024 -166 ) (1024 -1024 -248 ) (1024 -2048 -248 ) (1024 -2048 -166 ) 
4 676 728 (364.100037 -1044.989990 696 ) (364.100037 -1024 696 ) (364.100037 -1024 393.564636 ) (364.100037 -1044.989990 393.564636 ) 
4 676 698 (1024 -1028.989990 242 ) (1024 -1042.989990 242 ) (561.709595 -1042.989990 242 ) (561.709595 -1028.989990 242 ) 
4 676 699 (1024 -1042.989990 242 ) (1024 -1044.989990 242 ) (561.709595 -1044.989990 242 ) (561.709595 -1042.989990 242 ) 
4 676 695 (561.709595 -1024 242 ) (1024 -1024 242 ) (1024 -1028.989990 242 ) (561.709595 -1028.989990 242 ) 
4 676 686 (456.101990 -1044.989990 323.001343 ) (364.100037 -1044.989990 393.566193 ) (364.100037 -1024 393.566193 ) (456.101990 -1024 323.001312 ) 
4 676 685 (548.101990 -1044.989990 252.437973 ) (456.101990 -1044.989990 323.001343 ) (456.101990 -1042.989990 323.001343 ) (548.101990 -1042.989990 252.437973 ) 
4 676 679 (559.099426 -1044.989990 244.003021 ) (548.101990 -1044.989990 252.437973 ) (548.101990 -1042.989990 252.437973 ) (559.099426 -1042.989990 244.003006 ) 
4 676 677 (561.710938 -1044.989990 242 ) (559.099426 -1044.989990 244.003021 ) (559.099609 -1024 244.002853 ) (561.710938 -1024 242 ) 
5 676 693 (561.709595 -1044.989990 242 ) (1024 -1044.989990 242 ) (1024 -1044.989990 696 ) (364.100037 -1044.989990 696 ) (364.100037 -1044.989990 393.564636 ) 
4 677 698 (561.709595 -1028.989990 242 ) (561.709595 -1042.989990 242 ) (558.098511 -1042.989990 242 ) (558.098694 -1028.989990 242 ) 
4 677 699 (561.709595 -1042.989990 242 ) (561.709595 -1044.989990 242 ) (558.098450 -1044.989990 242 ) (558.098511 -1042.989990 242 ) 
4 677 695 (558.098755 -1024 242 ) (561.709595 -1024 242 ) (561.709595 -1028.989990 242 ) (558.098694 -1028.989990 242 ) 
4 677 679 (558.099609 -1042.989990 242 ) (558.099609 -1044.989990 242 ) (559.098938 -1044.989990 244.002151 ) (559.098938 -1042.989990 244.002136 ) 
3 677 693 (558.098450 -1044.989990 242 ) (561.709595 -1044.989990 242 ) (559.099060 -1044.989990 244.002258 ) 
4 678 697 (554.478699 -1028.989990 242 ) (554.478638 -1042.989990 242 ) (548.101990 -1042.989990 242 ) (548.101990 -1028.989990 242 ) 
4 678 694 (548.101990 -1024 242 ) (554.478699 -1024 242 ) (554.478699 -1028.989990 242 ) (548.101990 -1028.989990 242 ) 
4 678 683 (548.101990 -1028.989990 242 ) (548.101990 -1035.989990 242 ) (548.101990 -1035.989990 246.861389 ) (548.101990 -1028.989990 246.861389 ) 
4 678 684 (548.101990 -1035.989990 242 ) (548.101990 -1042.989990 242 ) (548.101990 -1042.989990 246.861389 ) (548.101990 -1035.989990 246.861389 ) 
3 678 679 (548.101990 -1042.989990 246.861404 ) (548.101990 -1042.989990 242 ) (554.478699 -1042.989990 242 ) 
4 679 699 (558.098450 -1042.989990 242 ) (558.098450 -1044.989990 242 ) (548.101990 -1044.989990 242 ) (548.101990 -1042.989990 242 ) 
4 679 685 (548.101990 -1042.989990 242 ) (548.101990 -1044.989990 242 ) (548.101990 -1044.989990 252.435257 ) (548.101990 -1042.989990 252.435257 ) 
4 679 693 (548.101990 -1044.989990 242 ) (558.098450 -1044.989990 242 ) (559.099060 -1044.989990 244.002258 ) (548.101990 -1044.989990 252.436905 ) 
4 680 687 (456.101990 -1028.989990 290 ) (456.101990 -1028.989990 305 ) (456.101990 -1024 305 ) (456.101990 -1024 290 ) 
4 680 683 (456.101990 -1028.989990 305 ) (456.101990 -1028.989990 290 ) (484.007416 -1028.989990 290 ) (464.087219 -1028.989990 305 ) 
4 681 688 (456.101990 -1028.989990 247 ) (456.101990 -1028.989990 285 ) (456.101990 -1024 285 ) (456.101990 -1024 247 ) 
4 681 683 (456.101990 -1028.989990 285 ) (456.101990 -1028.989990 247 ) (541.111938 -1028.989990 247 ) (490.647461 -1028.989990 285 ) 
4 682 689 (456.101990 -1035.989990 311 ) (456.101990 -1035.989990 317 ) (456.101990 -1028.989990 317 ) (456.101990 -1028.989990 311 ) 
4 682 683 (471.843750 -1035.989990 305 ) (464.101959 -1035.989990 305 ) (464.101959 -1028.989990 305 ) (471.843750 -1028.989990 305 ) 
4 682 684 (471.837555 -1035.989990 305 ) (456.101990 -1035.989990 316.996094 ) (456.101990 -1035.989990 311 ) (464.101990 -1035.989990 305 ) 
4 683 697 (548.101990 -1028.989990 242 ) (548.101990 -1035.989990 242 ) (456.101990 -1035.989990 242 ) (456.101990 -1028.989990 242 ) 
4 683 691 (456.101990 -1028.989990 242 ) (456.101990 -1035.989990 242 ) (456.101990 -1035.989990 305 ) (456.101990 -1028.989990 305 ) 
5 683 684 (548.101990 -1035.989990 242 ) (548.101990 -1035.989990 246.859375 ) (471.837555 -1035.989990 305 ) (456.101990 -1035.989990 305 ) (456.101990 -1035.989990 242 ) 
4 684 697 (548.101990 -1035.989990 242 ) (548.101990 -1042.989990 242 ) (456.101990 -1042.989990 242 ) (456.101990 -1035.989990 242 ) 
4 684 692 (456.101990 -1035.989990 242 ) (456.101990 -1042.989990 242 ) (456.101990 -1042.989990 317 ) (456.101990 -1035.989990 317 ) 
4 684 685 (456.101990 -1042.989990 317 ) (456.101990 -1042.989990 242 ) (548.101990 -1042.989990 242 ) (548.101990 -1042.989990 246.861420 ) 
4 685 699 (548.101990 -1042.989990 242 ) (548.101990 -1044.989990 242 ) (456.101990 -1044.989990 242 ) (456.101990 -1042.989990 242 ) 
4 685 692 (456.101990 -1042.989990 242 ) (456.101990 -1044.989990 242 ) (456.101990 -1044.989990 317 ) (456.101990 -1042.989990 317 ) 
4 685 693 (456.101990 -1044.989990 242 ) (548.101990 -1044.989990 242 ) (548.101990 -1044.989990 252.436905 ) (456.101990 -1044.989990 323 ) 
4 686 728 (364.100037 -1024 393.564636 ) (364.100037 -1024 252.436752 ) (364.100037 -1044.989990 252.436752 ) (364.100037 -1044.989990 393.564636 ) 
3 686 693 (456.101990 -1044.989990 323 ) (364.100037 -1044.989990 393.564636 ) (364.100037 -1044.989990 252.436752 ) 
4 687 691 (456.101990 -1028.989990 290 ) (456.101990 -1028.989990 305 ) (448.133881 -1028.989990 305 ) (428.213654 -1028.989990 290 ) 
4 688 691 (456.101990 -1028.989990 247 ) (456.101990 -1028.989990 285 ) (421.573608 -1028.989990 285 ) (371.108978 -1028.989990 247 ) 
3 689 692 (456.101990 -1035.989990 311 ) (456.101990 -1035.989990 317 ) (452.133942 -1035.989990 313.974915 ) 
4 689 690 (452.135223 -1035.989990 313.974945 ) (452.135284 -1028.989990 313.974945 ) (456.101990 -1028.989990 311 ) (456.101990 -1035.989990 311 ) 
4 690 692 (456.100006 -1035.989990 311 ) (452.133942 -1035.989990 313.974915 ) (440.361298 -1035.989990 305 ) (448.105988 -1035.989990 305 ) 
4 690 691 (448.106018 -1035.989990 305 ) (440.361389 -1035.989990 305 ) (440.361420 -1028.989990 305 ) (448.106049 -1028.989990 305 ) 
4 691 729 (364.100037 -1028.989990 242 ) (364.100037 -1035.989990 242 ) (364.100037 -1035.989990 246.861938 ) (364.100037 -1028.989990 246.861893 ) 
4 691 697 (364.100037 -1035.989990 242 ) (364.100037 -1028.989990 242 ) (456.101990 -1028.989990 242 ) (456.101990 -1035.989990 242 ) 
5 691 692 (456.101990 -1035.989990 242 ) (456.101990 -1035.989990 305 ) (440.361298 -1035.989990 305 ) (364.100037 -1035.989990 246.861938 ) (364.100037 -1035.989990 242 ) 
4 692 729 (364.100037 -1035.989990 242 ) (364.100037 -1044.989990 242 ) (364.100037 -1044.989990 246.861969 ) (364.100037 -1035.989990 246.861938 ) 
4 692 697 (364.100037 -1042.989990 242 ) (364.100037 -1035.989990 242 ) (456.101990 -1035.989990 242 ) (456.101990 -1042.989990 242 ) 
4 692 699 (364.100037 -1044.989990 242 ) (364.100037 -1042.989990 242 ) (456.101990 -1042.989990 242 ) (456.101990 -1044.989990 242 ) 
4 692 693 (364.100037 -1044.989990 242 ) (456.101990 -1044.989990 242 ) (456.101990 -1044.989990 317 ) (364.100037 -1044.989990 246.861969 ) 
4 693 795 (1024 -2048 242 ) (1024 -2048 696 ) (364.100037 -2048 696 ) (364.100037 -2048 242 ) 
4 693 740 (364.100037 -2048 242 ) (364.100037 -2048 696 ) (364.100037 -1183.989990 696 ) (364.100037 -1183.989990 242 ) 
4 693 731 (364.100037 -1183.989990 696 ) (364.100037 -1044.989990 696 ) (364.100037 -1044.989990 242 ) (364.100037 -1183.989990 242 ) 
4 693 699 (1024 -2048 242 ) (364.100037 -2048 242 ) (364.100037 -1044.989990 242 ) (1024 -1044.989990 242 ) 
4 694 697 (554.478638 -1028.989990 242 ) (548.101990 -1028.989990 242 ) (548.101990 -1028.989990 83 ) (763.037048 -1028.989990 83 ) 
4 694 696 (763.037048 -1028.989990 83 ) (548.101990 -1028.989990 83 ) (548.101990 -1024 83 ) (763.037048 -1024 83 ) 
4 694 695 (557.100647 -1028.989990 240.002914 ) (763.039307 -1028.989990 83 ) (763.039307 -1024 83 ) (557.100708 -1024 240.002869 ) 
5 695 698 (1024 -1028.989990 83 ) (1024 -1028.989990 242 ) (558.098633 -1028.989990 242 ) (557.099976 -1028.989990 240.001556 ) (763.037048 -1028.989990 83 ) 
4 695 696 (1024 -1028.989990 83 ) (763.037048 -1028.989990 83 ) (763.037048 -1024 83 ) (1024 -1024 83 ) 
3 696 702 (551.638733 -1024 81 ) (552.361938 -1024 81 ) (552 -1024.989990 81 ) 
4 696 700 (552.361938 -1024 81 ) (1024 -1024 81 ) (1024 -1028.989990 81 ) (550.537231 -1028.989990 81 ) 
4 696 698 (765.660400 -1028.989990 81 ) (1024 -1028.989990 81 ) (1024 -1028.989990 83 ) (763.037048 -1028.989990 83 ) 
4 696 697 (548.101990 -1028.989990 81 ) (765.660400 -1028.989990 81 ) (763.037048 -1028.989990 83 ) (548.101990 -1028.989990 83 ) 
4 697 734 (364.100037 -1028.989990 216 ) (364.100037 -1028.989990 81 ) (364.100037 -1042.989990 81 ) (364.100037 -1042.989990 216 ) 
4 697 729 (364.100037 -1042.989990 242 ) (364.100037 -1028.989990 242 ) (364.100037 -1028.989990 216 ) (364.100037 -1042.989990 216 ) 
4 697 725 (364.100037 -1033.989990 81 ) (364.100037 -1032.989990 81 ) (548.101990 -1032.989990 81 ) (548.101990 -1033.989990 81 ) 
4 697 719 (375.001068 -1031.990356 81 ) (372.259216 -1032.989990 81 ) (370.912079 -1032.989990 81 ) (369.866699 -1030.119141 81 ) 
3 697 718 (380.131012 -1030.120117 81 ) (379.084320 -1032.989990 81 ) (372.259216 -1032.989990 81 ) 
4 697 717 (380.543152 -1028.989990 81 ) (395.100037 -1028.989990 81 ) (395.100037 -1032.989990 81 ) (379.084320 -1032.989990 81 ) 
4 697 716 (364.100037 -1032.989990 81 ) (364.100037 -1028.989990 81 ) (369.455536 -1028.989990 81 ) (370.912079 -1032.989990 81 ) 
3 697 706 (536.768555 -1028.989990 81 ) (539.459595 -1028.989990 81 ) (539.872437 -1030.121216 81 ) 
5 697 705 (395.100037 -1028.989990 81 ) (536.768555 -1028.989990 81 ) (545 -1031.989990 81 ) (542.259094 -1032.989990 81 ) (395.100037 -1032.989990 81 ) 
3 697 703 (548.101990 -1030.858398 81 ) (548.101990 -1032.989990 81 ) (542.259094 -1032.989990 81 ) 
4 697 727 (364.100037 -1042.989990 81 ) (364.100037 -1033.989990 81 ) (548.101990 -1033.989990 81 ) (548.101990 -1042.989990 81 ) 
3 697 701 (550.123657 -1030.120850 81 ) (548.101990 -1035.649292 81 ) (548.101990 -1030.858398 81 ) 
5 697 700 (550.537231 -1028.989990 81 ) (765.660461 -1028.989990 81 ) (765.660461 -1042.989990 81 ) (548.101990 -1042.989990 81 ) (548.101990 -1035.649292 81 ) 
4 697 698 (765.660156 -1028.989990 81 ) (557.099915 -1028.989990 240.001419 ) (557.099243 -1042.989990 240 ) (765.660156 -1042.989990 81 ) 
4 697 699 (364.100037 -1042.989990 81 ) (765.660461 -1042.989990 81 ) (554.478638 -1042.989990 242 ) (364.100037 -1042.989990 242 ) 
4 698 700 (765.660461 -1028.989990 81 ) (1024 -1028.989990 81 ) (1024 -1042.989990 81 ) (765.660461 -1042.989990 81 ) 
5 698 699 (765.660461 -1042.989990 81 ) (1024 -1042.989990 81 ) (1024 -1042.989990 242 ) (558.098511 -1042.989990 242 ) (557.099792 -1042.989990 240.001678 ) 
4 699 795 (1024 -2048 81 ) (1024 -2048 242 ) (364.100037 -2048 242 ) (364.100037 -2048 81 ) 
4 699 741 (364.100037 -2048 81 ) (364.100037 -2048 240 ) (364.100037 -1183.989990 240 ) (364.100037 -1183.989990 81 ) 
4 699 740 (364.100037 -2048 240 ) (364.100037 -2048 242 ) (364.100037 -1183.989990 242 ) (364.100037 -1183.989990 240 ) 
4 699 734 (364.100037 -1042.989990 216 ) (364.100037 -1042.989990 81 ) (364.100037 -1183.989990 81 ) (364.100037 -1183.989990 216 ) 
4 699 729 (364.100037 -1044.989990 242 ) (364.100037 -1042.989990 242 ) (364.100037 -1042.989990 216 ) (364.100037 -1044.989990 216 ) 
4 699 731 (364.100037 -1183.989990 242 ) (364.100037 -1044.989990 242 ) (364.100037 -1044.989990 216 ) (364.100037 -1183.989990 216 ) 
4 699 727 (364.100037 -2048 81 ) (364.100037 -1042.989990 81 ) (548.101990 -1042.989990 81 ) (548.101990 -2048 81 ) 
4 699 700 (548.101990 -1042.989990 81 ) (1024 -1042.989990 81 ) (1024 -2048 81 ) (548.101990 -2048 81 ) 
4 700 795 (548.101990 -2048 0 ) (1024 -2048 0 ) (1024 -2048 81 ) (548.101990 -2048 81 ) 
4 700 770 (548.917969 -1033.417847 0 ) (552.361938 -1024 0 ) (1024 -1024 0 ) (1024 -1206.562378 0 ) 
5 700 768 (1024 -2048 0 ) (548.101990 -2048 0 ) (548.101990 -1035.649170 0 ) (548.917969 -1033.417847 0 ) (1024 -1206.562378 0 ) 
4 700 727 (548.101990 -1035.649292 0 ) (548.101990 -2048 0 ) (548.101990 -2048 81 ) (548.101990 -1035.649170 81 ) 
4 700 702 (552.361694 -1024 0 ) (552 -1024.989502 0 ) (552 -1024.989502 81 ) (552.361694 -1024 81 ) 
4 700 701 (550.123352 -1030.120972 0 ) (548.101990 -1035.648438 0 ) (548.101990 -1035.648438 81 ) (550.123352 -1030.120972 81 ) 
4 701 772 (548.101990 -1033.120483 0 ) (548.101990 -1030.858398 0 ) (550.123596 -1030.120972 0 ) (548.917969 -1033.417969 0 ) 
3 701 768 (548.101990 -1035.649170 0 ) (548.101990 -1033.120483 0 ) (548.917969 -1033.417969 0 ) 
4 701 725 (548.101990 -1033.989990 78 ) (548.101990 -1033.989990 81 ) (548.101990 -1032.989990 81 ) (548.101990 -1032.989990 78 ) 
4 701 726 (548.101990 -1032.989990 0 ) (548.101990 -1033.989990 0 ) (548.101990 -1033.989990 73 ) (548.101990 -1032.989990 73 ) 
4 701 703 (548.101990 -1032.989990 78 ) (548.101990 -1032.989990 81 ) (548.101990 -1030.858398 81 ) (548.101990 -1030.858398 78 ) 
4 701 704 (548.101990 -1030.858398 0 ) (548.101990 -1032.989990 0 ) (548.101990 -1032.989990 73 ) (548.101990 -1030.858398 73 ) 
4 701 727 (548.101990 -1033.989990 0 ) (548.101990 -1035.649292 0 ) (548.101990 -1035.649170 81 ) (548.101990 -1033.989990 81 ) 
3 702 773 (551.638733 -1024 0 ) (552.361938 -1024 0 ) (552 -1024.989868 0 ) 
4 703 725 (548.101990 -1032.989990 78 ) (548.101990 -1032.989990 81 ) (542.259094 -1032.989990 81 ) (542.259094 -1032.989990 78 ) 
4 703 705 (545 -1031.989990 78 ) (542.257813 -1032.989990 78 ) (542.257813 -1032.989990 81 ) (545 -1031.989990 81 ) 
4 704 772 (548.101990 -1030.858521 0 ) (548.101990 -1032.989990 0 ) (547.743896 -1032.989990 0 ) (545 -1031.989990 0 ) 
3 704 768 (547.743896 -1032.989990 0 ) (542.259094 -1032.989990 0 ) (545 -1031.989990 0 ) 
4 704 726 (548.101990 -1032.989990 0 ) (548.101990 -1032.989990 73 ) (542.259094 -1032.989990 73 ) (542.259094 -1032.989990 0 ) 
4 704 707 (545 -1031.989990 0 ) (542.257813 -1032.989990 0 ) (542.257813 -1032.989990 73 ) (545 -1031.989990 73 ) 
4 705 725 (542.259094 -1032.989990 81 ) (395.100037 -1032.989990 81 ) (395.100037 -1032.989990 78 ) (542.259094 -1032.989990 78 ) 
4 705 717 (395.100037 -1032.989990 78 ) (395.100037 -1032.989990 81 ) (395.100037 -1028.989990 81 ) (395.100037 -1028.989990 78 ) 
4 705 706 (539.872559 -1030.121582 78 ) (536.767578 -1028.989990 78 ) (536.767578 -1028.989990 81 ) (539.872559 -1030.121582 81 ) 
4 707 768 (545 -1031.989990 0 ) (542.259094 -1032.989990 0 ) (536.101990 -1032.989990 0 ) (536.101990 -1028.747070 0 ) 
4 707 726 (536.101990 -1032.989990 0 ) (542.259094 -1032.989990 0 ) (542.259094 -1032.989990 73 ) (536.101990 -1032.989990 73 ) 
4 707 710 (536.101990 -1028.747070 0 ) (536.101990 -1032.989990 0 ) (536.101990 -1032.989990 61 ) (536.101990 -1028.747070 61 ) 
4 707 708 (536.101990 -1028.746094 0 ) (536.101990 -1028.746094 73 ) (539.872009 -1030.120117 73 ) (539.872009 -1030.120117 0 ) 
4 708 769 (536.101990 -1024 0 ) (537.638733 -1024 0 ) (539.872437 -1030.121216 0 ) (536.101990 -1028.747070 0 ) 
4 708 710 (536.101990 -1024 0 ) (536.101990 -1028.747070 0 ) (536.101990 -1028.747070 61 ) (536.101990 -1024 61 ) 
4 708 709 (538 -1024.991821 0 ) (537.637878 -1024 0 ) (537.637878 -1024 73 ) (538 -1024.991333 73 ) 
3 709 771 (537.638733 -1024 0 ) (538.360474 -1024 0 ) (538 -1024.990601 0 ) 
3 710 769 (523.076660 -1024 0 ) (536.101990 -1024 0 ) (536.101990 -1028.747070 0 ) 
5 710 768 (517.101990 -1024 0 ) (523.076660 -1024 0 ) (536.101990 -1028.747070 0 ) (536.101990 -1032.989990 0 ) (517.101990 -1032.989990 0 ) 
4 710 726 (517.101990 -1032.989990 0 ) (536.101990 -1032.989990 0 ) (536.101990 -1032.989990 61 ) (517.101990 -1032.989990 61 ) 
4 710 711 (517.101990 -1024 0 ) (517.101990 -1032.989990 0 ) (517.101990 -1032.989990 61 ) (517.101990 -1024 61 ) 
4 711 782 (395.100037 -1024 0 ) (462.634277 -1024 0 ) (459.362427 -1032.989990 0 ) (395.100037 -1032.989990 0 ) 
4 711 768 (462.634277 -1024 0 ) (517.101990 -1024 0 ) (517.101990 -1032.989990 0 ) (459.362427 -1032.989990 0 ) 
4 711 726 (395.100037 -1032.989990 73 ) (395.100037 -1032.989990 0 ) (517.101990 -1032.989990 0 ) (517.101990 -1032.989990 73 ) 
4 711 720 (395.100037 -1028.989990 0 ) (395.100037 -1032.989990 0 ) (395.100037 -1032.989990 61 ) (395.100037 -1028.989990 61 ) 
4 711 712 (395.100037 -1024 0 ) (395.100037 -1028.989990 0 ) (395.100037 -1028.989990 61 ) (395.100037 -1024 61 ) 
4 712 782 (381.637054 -1024 0 ) (395.100037 -1024 0 ) (395.100037 -1028.989990 0 ) (383.461548 -1028.989990 0 ) 
4 712 720 (395.100037 -1028.989990 0 ) (395.100037 -1028.989990 61 ) (383.461060 -1028.989990 61 ) (383.461548 -1028.989990 0 ) 
4 712 713 (383.461548 -1028.989990 0 ) (383.461029 -1028.989990 61 ) (382 -1024.993896 61 ) (382 -1024.992432 0 ) 
3 713 783 (382 -1024.993042 0 ) (383.461548 -1028.989990 0 ) (380.542358 -1028.989990 0 ) 
4 713 720 (380.542358 -1028.989990 0 ) (383.461548 -1028.989990 0 ) (383.461060 -1028.989990 61 ) (380.542969 -1028.989990 61 ) 
4 714 777 (364.100037 -1028.989990 0 ) (364.100037 -1024 0 ) (367.638885 -1024 0 ) (369.455933 -1028.989990 0 ) 
4 714 738 (364.100037 -1024 0 ) (364.100037 -1028.989990 0 ) (364.100037 -1028.989990 64 ) (364.100037 -1024 64 ) 
4 714 734 (364.100037 -1028.989990 64 ) (364.100037 -1028.989990 73 ) (364.100037 -1024 73 ) (364.100037 -1024 64 ) 
4 714 722 (364.100037 -1028.989990 73 ) (364.100037 -1028.989990 0 ) (369.455933 -1028.989990 0 ) (369.455566 -1028.989990 73 ) 
4 714 715 (368 -1024.991089 0 ) (367.638763 -1024 0 ) (367.638397 -1024 73 ) (368 -1024.991577 73 ) 
3 715 781 (367.638885 -1024 0 ) (368.360046 -1024 0 ) (368 -1024.990845 0 ) 
4 716 734 (364.100037 -1032.989990 78 ) (364.100037 -1032.989990 81 ) (364.100037 -1028.989990 81 ) (364.100037 -1028.989990 78 ) 
4 716 725 (370.912079 -1032.989990 81 ) (364.100037 -1032.989990 81 ) (364.100037 -1032.989990 78 ) (370.912079 -1032.989990 78 ) 
4 716 719 (370.913574 -1032.989990 81 ) (370.913574 -1032.989990 78 ) (369.868408 -1030.119751 78 ) (369.868408 -1030.119751 81 ) 
4 717 725 (395.100037 -1032.989990 81 ) (379.084320 -1032.989990 81 ) (379.084320 -1032.989990 78 ) (395.100037 -1032.989990 78 ) 
4 717 718 (380.130768 -1030.120117 78 ) (379.083893 -1032.989990 78 ) (379.083923 -1032.989990 81 ) (380.130798 -1030.120117 81 ) 
4 718 725 (379.084320 -1032.989990 81 ) (372.259216 -1032.989990 81 ) (372.259216 -1032.989990 78 ) (379.084320 -1032.989990 78 ) 
4 718 719 (375 -1031.990356 78 ) (372.259705 -1032.989990 78 ) (372.259735 -1032.989990 81 ) (375.001007 -1031.990356 81 ) 
4 719 725 (372.259216 -1032.989990 81 ) (370.912079 -1032.989990 81 ) (370.912079 -1032.989990 78 ) (372.259216 -1032.989990 78 ) 
4 720 783 (380.542389 -1028.989990 0 ) (383.461548 -1028.989990 0 ) (384.924103 -1032.989990 0 ) (379.083557 -1032.989990 0 ) 
4 720 782 (383.461548 -1028.989990 0 ) (395.100037 -1028.989990 0 ) (395.100037 -1032.989990 0 ) (384.924103 -1032.989990 0 ) 
4 720 726 (379.083557 -1032.989990 0 ) (395.100037 -1032.989990 0 ) (395.100037 -1032.989990 61 ) (379.084167 -1032.989990 61 ) 
4 720 721 (379.082672 -1032.989990 0 ) (379.083282 -1032.989990 61 ) (380.129822 -1030.120483 61 ) (380.129242 -1030.120483 0 ) 
4 721 784 (380.130249 -1030.120117 0 ) (379.083557 -1032.989990 0 ) (376.100037 -1032.989990 0 ) (376.100037 -1031.589478 0 ) 
4 721 726 (376.100037 -1032.989990 0 ) (379.083557 -1032.989990 0 ) (379.084167 -1032.989990 61 ) (376.100037 -1032.989990 61 ) 
4 721 723 (376.100037 -1032.989990 0 ) (376.100037 -1032.989990 61 ) (376.100037 -1031.589722 61 ) (376.100037 -1031.589478 0 ) 
4 722 777 (364.100037 -1032.989990 0 ) (364.100037 -1028.989990 0 ) (369.455933 -1028.989990 0 ) (370.912476 -1032.989990 0 ) 
4 722 738 (364.100037 -1028.989990 0 ) (364.100037 -1032.989990 0 ) (364.100037 -1032.989990 64 ) (364.100037 -1028.989990 64 ) 
4 722 734 (364.100037 -1032.989990 64 ) (364.100037 -1032.989990 73 ) (364.100037 -1028.989990 73 ) (364.100037 -1028.989990 64 ) 
4 722 726 (364.100037 -1032.989990 73 ) (364.100037 -1032.989990 0 ) (370.912476 -1032.989990 0 ) (370.912109 -1032.989990 73 ) 
4 722 724 (369.868408 -1030.119751 73 ) (370.913544 -1032.989990 73 ) (370.913910 -1032.989990 0 ) (369.868835 -1030.119873 0 ) 
3 723 784 (376.100037 -1031.589478 0 ) (376.100037 -1032.989990 0 ) (372.258545 -1032.989990 0 ) 
4 723 726 (372.258545 -1032.989990 0 ) (376.100037 -1032.989990 0 ) (376.100037 -1032.989990 73 ) (372.259247 -1032.989990 73 ) 
4 723 724 (375 -1031.989746 0 ) (372.256561 -1032.989990 0 ) (372.257294 -1032.989990 73 ) (375 -1031.989868 73 ) 
4 724 785 (375 -1031.990234 0 ) (372.258545 -1032.989990 0 ) (370.912476 -1032.989990 0 ) (369.867157 -1030.119263 0 ) 
4 724 726 (370.912476 -1032.989990 0 ) (372.258545 -1032.989990 0 ) (372.259247 -1032.989990 73 ) (370.912109 -1032.989990 73 ) 
4 725 734 (364.100037 -1033.989990 78 ) (364.100037 -1033.989990 81 ) (364.100037 -1032.989990 81 ) (364.100037 -1032.989990 78 ) 
4 725 727 (548.101990 -1033.989990 78 ) (548.101990 -1033.989990 81 ) (364.100037 -1033.989990 81 ) (364.100037 -1033.989990 78 ) 
3 726 785 (370.912476 -1032.989990 0 ) (372.258514 -1032.989990 0 ) (371.070251 -1033.423340 0 ) 
5 726 784 (372.258514 -1032.989990 0 ) (379.083527 -1032.989990 0 ) (378.718811 -1033.989990 0 ) (371.276611 -1033.989990 0 ) (371.070251 -1033.423340 0 ) 
4 726 783 (379.083527 -1032.989990 0 ) (384.924072 -1032.989990 0 ) (385.289673 -1033.989990 0 ) (378.718811 -1033.989990 0 ) 
4 726 782 (384.924072 -1032.989990 0 ) (459.362427 -1032.989990 0 ) (458.998474 -1033.989990 0 ) (385.289673 -1033.989990 0 ) 
4 726 777 (364.100037 -1033.989990 0 ) (364.100037 -1032.989990 0 ) (370.912476 -1032.989990 0 ) (371.276611 -1033.989990 0 ) 
4 726 768 (459.362427 -1032.989990 0 ) (548.101990 -1032.989990 0 ) (548.101990 -1033.989990 0 ) (458.998474 -1033.989990 0 ) 
4 726 738 (364.100037 -1032.989990 0 ) (364.100037 -1033.989990 0 ) (364.100037 -1033.989990 64 ) (364.100037 -1032.989990 64 ) 
4 726 734 (364.100037 -1033.989990 64 ) (364.100037 -1033.989990 73 ) (364.100037 -1032.989990 73 ) (364.100037 -1032.989990 64 ) 
4 726 727 (548.101990 -1033.989990 0 ) (548.101990 -1033.989990 73 ) (364.100037 -1033.989990 73 ) (364.100037 -1033.989990 0 ) 
4 727 795 (364.100037 -2048 0 ) (548.101990 -2048 0 ) (548.101990 -2048 81 ) (364.100037 -2048 81 ) 
3 727 784 (371.276611 -1033.989990 0 ) (378.718811 -1033.989990 0 ) (374.994751 -1044.200806 0 ) 
5 727 783 (378.718811 -1033.989990 0 ) (385.289703 -1033.989990 0 ) (422.229584 -1135.020020 0 ) (415.149231 -1154.474731 0 ) (374.994751 -1044.200806 0 ) 
3 727 782 (385.289703 -1033.989990 0 ) (458.998474 -1033.989990 0 ) (422.229584 -1135.020020 0 ) 
4 727 777 (364.100037 -1294.742676 0 ) (364.100037 -1033.989990 0 ) (371.276611 -1033.989990 0 ) (415.149231 -1154.474731 0 ) 
5 727 768 (548.101990 -2048 0 ) (364.100037 -2048 0 ) (364.100037 -1294.742676 0 ) (458.998474 -1033.989990 0 ) (548.101990 -1033.989990 0 ) 
4 727 741 (364.100037 -1183.989990 0 ) (364.100037 -2048 0 ) (364.100037 -2048 81 ) (364.100037 -1183.989990 81 ) 
4 727 738 (364.100037 -1033.989990 0 ) (364.100037 -1183.989990 0 ) (364.100037 -1183.989990 64 ) (364.100037 -1033.989990 64 ) 
4 727 734 (364.100037 -1183.989990 64 ) (364.100037 -1183.989990 81 ) (364.100037 -1033.989990 81 ) (364.100037 -1033.989990 64 ) 
4 728 734 (96 -1044.989990 216 ) (96 -1024 216 ) (316.592957 -1024 216 ) (316.592957 -1044.989990 216 ) 
4 728 732 (96 -1044.989990 224 ) (96 -1044.989990 696 ) (96 -1024 696 ) (96 -1024 224 ) 
4 728 730 (353.101379 -1044.989990 244 ) (316.595398 -1044.989990 216 ) (316.595398 -1024 216 ) (353.101410 -1024 244 ) 
5 728 731 (96 -1044.989990 696 ) (96 -1044.989990 216 ) (316.592957 -1044.989990 216 ) (364.100037 -1044.989990 252.436752 ) (364.100037 -1044.989990 696 ) 
4 729 734 (323.617706 -1024 216 ) (364.100037 -1024 216 ) (364.100037 -1044.989990 216 ) (323.617554 -1044.989990 216 ) 
4 729 730 (323.615479 -1024 216 ) (323.615356 -1044.989990 216 ) (355.099121 -1044.989990 240.001770 ) (355.099213 -1024 240.001724 ) 
3 729 731 (323.617554 -1044.989990 216 ) (364.100037 -1044.989990 216 ) (364.100037 -1044.989990 246.861969 ) 
4 730 734 (316.592957 -1024 216 ) (323.617706 -1024 216 ) (323.617554 -1044.989990 216 ) (316.592957 -1044.989990 216 ) 
4 730 731 (316.592957 -1044.989990 216 ) (323.617554 -1044.989990 216 ) (355.099731 -1044.989990 240 ) (353.100708 -1044.989990 244 ) 
4 731 742 (96 -1183.989990 216 ) (352 -1183.989990 216 ) (352 -1183.989990 240 ) (96 -1183.989990 240 ) 
4 731 741 (352 -1183.989990 216 ) (364.100037 -1183.989990 216 ) (364.100037 -1183.989990 240 ) (352 -1183.989990 240 ) 
4 731 740 (364.100037 -1183.989990 240 ) (364.100037 -1183.989990 696 ) (96 -1183.989990 696 ) (96 -1183.989990 240 ) 
4 731 734 (364.100037 -1183.989990 216 ) (96 -1183.989990 216 ) (96 -1044.989990 216 ) (364.100037 -1044.989990 216 ) 
4 731 732 (96 -1183.989990 224 ) (96 -1183.989990 696 ) (96 -1044.989990 696 ) (96 -1044.989990 224 ) 
4 732 740 (96 -1183.989990 240 ) (96 -1183.989990 696 ) (88 -1183.989990 696 ) (88 -1183.989990 240 ) 
4 732 733 (88 -1183.989990 224 ) (88 -1183.989990 696 ) (88 -1024 696 ) (88 -1024 224 ) 
4 733 1066 (0 -1024 224 ) (0 -1024 216 ) (0 -1183.989990 216 ) (0 -1183.989990 224 ) 
4 733 1065 (0 -1024 696 ) (0 -1024 224 ) (0 -1183.989990 224 ) (0 -1183.989990 696 ) 
4 733 744 (0 -1183.989990 240 ) (0 -1183.989990 224 ) (88 -1183.989990 224 ) (88 -1183.989990 240 ) 
4 733 740 (0 -1183.989990 696 ) (0 -1183.989990 240 ) (88 -1183.989990 240 ) (88 -1183.989990 696 ) 
4 733 737 (88 -1183.989990 216 ) (0 -1183.989990 216 ) (0 -1024 216 ) (88 -1024 216 ) 
4 734 742 (96 -1183.989990 64 ) (352 -1183.989990 64 ) (352 -1183.989990 216 ) (96 -1183.989990 216 ) 
4 734 741 (352 -1183.989990 64 ) (364.100037 -1183.989990 64 ) (364.100037 -1183.989990 216 ) (352 -1183.989990 216 ) 
4 734 738 (364.100037 -1183.989990 64 ) (352 -1183.989990 64 ) (352 -1024 64 ) (364.100037 -1024 64 ) 
4 734 735 (96 -1183.989990 176 ) (96 -1183.989990 216 ) (96 -1024 216 ) (96 -1024 176 ) 
4 734 736 (96 -1024 64 ) (96 -1183.989990 64 ) (96 -1183.989990 168 ) (96 -1024 168 ) 
4 735 737 (88 -1183.989990 176 ) (88 -1183.989990 216 ) (88 -1024 216 ) (88 -1024 176 ) 
4 736 737 (88 -1024 64 ) (88 -1183.989990 64 ) (88 -1183.989990 168 ) (88 -1024 168 ) 
4 737 1071 (0 -1024 168 ) (0 -1024 64 ) (0 -1183.989990 64 ) (0 -1183.989990 168 ) 
4 737 1068 (0 -1024 216 ) (0 -1024 168 ) (0 -1183.989990 168 ) (0 -1183.989990 216 ) 
4 737 745 (0 -1183.989990 216 ) (0 -1183.989990 176 ) (88 -1183.989990 176 ) (88 -1183.989990 216 ) 
4 737 746 (0 -1183.989990 168 ) (0 -1183.989990 64 ) (88 -1183.989990 64 ) (88 -1183.989990 168 ) 
4 738 777 (352 -1024 0 ) (364.100037 -1024 0 ) (364.100037 -1183.989990 0 ) (352 -1183.989990 0 ) 
4 738 741 (352 -1183.989990 0 ) (364.100037 -1183.989990 0 ) (364.100037 -1183.989990 64 ) (352 -1183.989990 64 ) 
4 738 739 (352 -1024 0 ) (352 -1183.989990 0 ) (352 -1183.989990 58 ) (352 -1024 58 ) 
4 739 1072 (0 -1024 58 ) (0 -1024 0 ) (0 -1183.989990 0 ) (0 -1183.989990 58 ) 
4 739 777 (209.254211 -1024 0 ) (352 -1024 0 ) (352 -1183.989990 0 ) (267.540344 -1183.989990 0 ) 
4 739 776 (0 -1183.989990 0 ) (0 -1024 0 ) (209.254211 -1024 0 ) (267.540344 -1183.989990 0 ) 
4 739 747 (0 -1183.989990 58 ) (0 -1183.989990 0 ) (88 -1183.989990 0 ) (88 -1183.989990 58 ) 
4 739 743 (96 -1183.989990 0 ) (352 -1183.989990 0 ) (352 -1183.989990 58 ) (96 -1183.989990 58 ) 
4 740 1065 (0 -2048 240 ) (0 -2048 696 ) (0 -1183.989990 696 ) (0 -1183.989990 240 ) 
4 740 795 (0 -2048 696 ) (0 -2048 240 ) (364.100037 -2048 240 ) (364.100037 -2048 696 ) 
4 740 748 (0 -2048 240 ) (0 -1191.989990 240 ) (352 -1191.989990 240 ) (352 -2048 240 ) 
4 740 744 (0 -1191.989990 240 ) (0 -1183.989990 240 ) (88 -1183.989990 240 ) (88 -1191.989990 240 ) 
4 740 742 (96 -1183.989990 240 ) (352 -1183.989990 240 ) (352 -1191.989990 240 ) (96 -1191.989990 240 ) 
4 740 741 (352 -1183.989990 240 ) (364.100037 -1183.989990 240 ) (364.100037 -2048 240 ) (352 -2048 240 ) 
4 741 795 (352 -2048 0 ) (364.100037 -2048 0 ) (364.100037 -2048 240 ) (352 -2048 240 ) 
3 741 778 (352 -1327.989990 0 ) (352 -1317.801270 0 ) (355.275208 -1318.990723 0 ) 
5 741 777 (352 -1317.801270 0 ) (352 -1183.989990 0 ) (364.100037 -1183.989990 0 ) (364.100037 -1294.742798 0 ) (355.275208 -1318.990723 0 ) 
4 741 768 (364.100037 -2048 0 ) (352 -2048 0 ) (352 -1327.989990 0 ) (364.100037 -1294.742798 0 ) 
4 741 753 (352 -1343.989990 64 ) (352 -1343.989990 96 ) (352 -1327.989990 96 ) (352 -1327.989990 64 ) 
4 741 754 (352 -1327.989990 0 ) (352 -1343.989990 0 ) (352 -1343.989990 58 ) (352 -1327.989990 58 ) 
4 741 755 (352 -1343.989990 0 ) (352 -2048 0 ) (352 -2048 96 ) (352 -1343.989990 96 ) 
4 741 751 (352 -1327.989990 64 ) (352 -1327.989990 96 ) (352 -1317.801270 96 ) (352 -1317.801270 64 ) 
4 741 752 (352 -1317.801147 0 ) (352 -1327.989990 0 ) (352 -1327.989990 58 ) (352 -1317.801270 58 ) 
4 741 749 (352 -1191.989990 96 ) (352 -1191.989990 64 ) (352 -1317.801270 64 ) (352 -1317.801270 96 ) 
4 741 750 (352 -1191.989990 58 ) (352 -1191.989990 0 ) (352 -1317.801147 0 ) (352 -1317.801270 58 ) 
4 741 748 (352 -2048 240 ) (352 -1191.989990 240 ) (352 -1191.989990 96 ) (352 -2048 96 ) 
4 741 743 (352 -1183.989990 58 ) (352 -1183.989990 0 ) (352 -1191.989990 0 ) (352 -1191.989990 58 ) 
4 741 742 (352 -1191.989990 240 ) (352 -1183.989990 240 ) (352 -1183.989990 64 ) (352 -1191.989990 64 ) 
4 742 749 (352 -1191.989990 64 ) (352 -1191.989990 96 ) (96 -1191.989990 96 ) (96 -1191.989990 64 ) 
4 742 748 (352 -1191.989990 96 ) (352 -1191.989990 240 ) (96 -1191.989990 240 ) (96 -1191.989990 96 ) 
4 743 777 (267.540344 -1183.989990 0 ) (352 -1183.989990 0 ) (352 -1191.989990 0 ) (270.454803 -1191.989990 0 ) 
4 743 776 (96 -1183.989990 0 ) (267.540344 -1183.989990 0 ) (270.454803 -1191.989990 0 ) (96 -1191.989990 0 ) 
4 743 750 (96 -1191.989990 0 ) (352 -1191.989990 0 ) (352 -1191.989990 58 ) (96 -1191.989990 58 ) 
4 744 1065 (0 -1191.989990 240 ) (0 -1183.989990 240 ) (0 -1183.989990 224 ) (0 -1191.989990 224 ) 
4 744 748 (88 -1191.989990 224 ) (88 -1191.989990 240 ) (0 -1191.989990 240 ) (0 -1191.989990 224 ) 
4 745 1069 (0 -1183.989990 216 ) (0 -1183.989990 176 ) (0 -1191.989990 176 ) (0 -1191.989990 216 ) 
4 745 748 (88 -1191.989990 176 ) (88 -1191.989990 216 ) (0 -1191.989990 216 ) (0 -1191.989990 176 ) 
4 746 1071 (0 -1183.989990 168 ) (0 -1183.989990 64 ) (0 -1191.989990 64 ) (0 -1191.989990 168 ) 
4 746 762 (5.606422 -1191.989990 96 ) (0 -1191.989990 96 ) (0 -1191.989990 64 ) (5.606423 -1191.989990 64 ) 
4 746 749 (88 -1191.989990 64 ) (88 -1191.989990 96 ) (5.606422 -1191.989990 96 ) (5.606423 -1191.989990 64 ) 
4 746 748 (88 -1191.989990 96 ) (88 -1191.989990 168 ) (0 -1191.989990 168 ) (0 -1191.989990 96 ) 
4 747 1072 (0 -1183.989990 58 ) (0 -1183.989990 0 ) (0 -1191.989990 0 ) (0 -1191.989990 58 ) 
4 747 776 (0 -1191.989990 0 ) (0 -1183.989990 0 ) (88 -1183.989990 0 ) (88 -1191.989990 0 ) 
4 747 763 (0 -1191.989990 0 ) (5.606423 -1191.989990 0 ) (5.606422 -1191.989990 58 ) (0 -1191.989990 58 ) 
4 747 750 (5.606423 -1191.989990 0 ) (88 -1191.989990 0 ) (88 -1191.989990 58 ) (5.606422 -1191.989990 58 ) 
4 748 1071 (0 -1343.989990 168 ) (0 -1191.989990 168 ) (0 -1191.989990 96 ) (0 -1343.989990 96 ) 
4 748 1073 (0 -2048 96 ) (0 -2048 168 ) (0 -1343.989990 168 ) (0 -1343.989990 96 ) 
4 748 1070 (0 -2048 168 ) (0 -2048 216 ) (0 -1191.989990 216 ) (0 -1191.989990 168 ) 
4 748 1067 (0 -2048 216 ) (0 -2048 224 ) (0 -1191.989990 224 ) (0 -1191.989990 216 ) 
4 748 1065 (0 -2048 224 ) (0 -2048 240 ) (0 -1191.989990 240 ) (0 -1191.989990 224 ) 
4 748 795 (0 -2048 240 ) (0 -2048 96 ) (352 -2048 96 ) (352 -2048 240 ) 
3 748 765 (327 -1308.721436 96 ) (336 -1311.989624 96 ) (324.262329 -1316.258911 96 ) 
3 748 764 (310.844421 -1302.853394 96 ) (327 -1308.721436 96 ) (320 -1327.987183 96 ) 
5 748 762 (0 -1191.989990 96 ) (5.606426 -1191.989990 96 ) (310.844421 -1302.853394 96 ) (324.281097 -1339.735718 96 ) (0 -1221.431274 96 ) 
3 748 759 (0 -1343.989990 96 ) (0 -1221.431274 96 ) (335.942352 -1343.989990 96 ) 
4 748 761 (335.950714 -1343.993042 96 ) (0 -1465.840820 96 ) (0 -1343.989990 96 ) (335.942352 -1343.989990 96 ) 
3 748 756 (347.730804 -1339.720459 96 ) (346.176941 -1343.989990 96 ) (335.959137 -1343.989990 96 ) 
5 748 758 (346.176941 -1343.989990 96 ) (89.959381 -2048 96 ) (0 -2048 96 ) (0 -1465.840820 96 ) (335.959137 -1343.989990 96 ) 
3 748 753 (352 -1327.989990 96 ) (352 -1343.989990 96 ) (346.176941 -1343.989990 96 ) 
4 748 755 (352 -1343.989990 96 ) (352 -2048 96 ) (89.959381 -2048 96 ) (346.176941 -1343.989990 96 ) 
3 748 751 (347.719727 -1316.246582 96 ) (352 -1317.801147 96 ) (352 -1327.989990 96 ) 
3 748 749 (5.606426 -1191.989990 96 ) (352 -1191.989990 96 ) (352 -1317.801147 96 ) 
4 749 765 (336 -1311.989380 96 ) (327.001221 -1308.721069 96 ) (327.001190 -1308.721069 64 ) (336 -1311.989380 64 ) 
4 749 764 (327.001221 -1308.721069 96 ) (310.844208 -1302.852783 96 ) (310.843872 -1302.852661 64 ) (327.001190 -1308.721069 64 ) 
4 749 762 (310.844208 -1302.852783 96 ) (5.609375 -1191.989990 96 ) (5.609375 -1191.989990 64 ) (310.843872 -1302.852661 64 ) 
4 749 751 (352 -1317.800781 64 ) (352 -1317.800781 96 ) (347.719574 -1316.246094 96 ) (347.719604 -1316.246094 64 ) 
4 750 777 (270.454803 -1191.989990 0 ) (352 -1191.989990 0 ) (352 -1317.801147 0 ) (310.843414 -1302.852905 0 ) 
3 750 776 (5.606426 -1191.989990 0 ) (270.454803 -1191.989990 0 ) (310.843414 -1302.852905 0 ) 
4 750 767 (336 -1311.989502 58 ) (327.001190 -1308.721069 58 ) (327.001190 -1308.721069 0 ) (336 -1311.989502 0 ) 
4 750 766 (327.001190 -1308.721069 58 ) (310.843811 -1302.852661 58 ) (310.843201 -1302.852417 0 ) (327.001190 -1308.721069 0 ) 
4 750 763 (310.843811 -1302.852661 58 ) (5.609375 -1191.989990 58 ) (5.609375 -1191.989990 0 ) (310.843201 -1302.852417 0 ) 
4 750 752 (352 -1317.800781 0 ) (352 -1317.800781 58 ) (347.719574 -1316.246094 58 ) (347.719604 -1316.246094 0 ) 
3 752 778 (347.719727 -1316.246582 0 ) (352 -1317.801147 0 ) (352 -1327.989990 0 ) 
4 753 756 (347.730621 -1339.719238 64 ) (346.176331 -1343.989990 64 ) (346.176331 -1343.989990 96 ) (347.730133 -1339.720581 96 ) 
4 753 755 (346.179688 -1343.989990 96 ) (346.179688 -1343.989990 64 ) (352 -1343.989990 64 ) (352 -1343.989990 96 ) 
3 754 768 (346.176941 -1343.989990 0 ) (352 -1327.989990 0 ) (352 -1343.989990 0 ) 
4 754 757 (347.731598 -1339.716553 0 ) (346.176331 -1343.989990 0 ) (346.176331 -1343.989990 58 ) (347.730713 -1339.718994 58 ) 
4 754 755 (346.179688 -1343.989990 58 ) (346.179688 -1343.989990 0 ) (352 -1343.989990 0 ) (352 -1343.989990 58 ) 
4 755 795 (89.959381 -2048 0 ) (352 -2048 0 ) (352 -2048 96 ) (89.959381 -2048 96 ) 
4 755 768 (352 -2048 0 ) (89.959381 -2048 0 ) (346.176941 -1343.989990 0 ) (352 -1343.989990 0 ) 
4 755 758 (346.176331 -1343.989990 0 ) (89.958740 -2048 0 ) (89.958664 -2048 96 ) (346.176331 -1343.989990 96 ) 
4 756 758 (335.954895 -1343.989990 96 ) (335.951721 -1343.989990 64 ) (346.176392 -1343.989990 64 ) (346.176392 -1343.989990 96 ) 
3 757 774 (335.949524 -1343.989990 0 ) (347.732300 -1339.716431 0 ) (346.176971 -1343.989990 0 ) 
4 757 758 (335.951111 -1343.989990 58 ) (335.945313 -1343.989990 0 ) (346.176392 -1343.989990 0 ) (346.176392 -1343.989990 58 ) 
4 758 1073 (0 -2048 0 ) (0 -2048 96 ) (0 -1465.840820 96 ) (0 -1465.837402 0 ) 
4 758 795 (0 -2048 96 ) (0 -2048 0 ) (89.959381 -2048 0 ) (89.959381 -2048 96 ) 
5 758 774 (89.959381 -2048 0 ) (0 -2048 0 ) (0 -1465.837402 0 ) (335.949524 -1343.989990 0 ) (346.176971 -1343.989990 0 ) 
4 758 761 (335.945282 -1343.989990 0 ) (0 -1465.835938 0 ) (0 -1465.839355 96 ) (335.954926 -1343.989990 96 ) 
4 759 1071 (0 -1343.989990 96 ) (0 -1221.431274 96 ) (0 -1221.430664 64 ) (0 -1343.989990 64 ) 
4 759 762 (324.280273 -1339.734253 64 ) (0 -1221.430176 64 ) (0 -1221.430664 96 ) (324.280853 -1339.734985 96 ) 
4 759 761 (335.940277 -1343.989990 64 ) (335.938721 -1343.989990 96 ) (0 -1343.989990 96 ) (0 -1343.989990 64 ) 
4 760 1072 (0 -1221.430542 58 ) (0 -1221.429565 0 ) (0 -1343.989990 0 ) (0 -1343.989990 58 ) 
3 760 775 (0 -1343.989990 0 ) (0 -1221.429565 0 ) (335.948303 -1343.990479 0 ) 
4 760 763 (324.279114 -1339.732788 0 ) (0 -1221.429077 0 ) (0 -1221.430054 58 ) (324.280182 -1339.734131 58 ) 
4 760 761 (0 -1343.989990 0 ) (335.943359 -1343.989990 0 ) (335.940552 -1343.989990 58 ) (0 -1343.989990 58 ) 
4 761 1073 (0 -1465.840820 96 ) (0 -1343.989990 96 ) (0 -1343.989990 0 ) (0 -1465.837402 0 ) 
3 761 775 (0 -1465.837402 0 ) (0 -1343.989990 0 ) (335.948303 -1343.990479 0 ) 
4 762 1071 (0 -1221.431274 96 ) (0 -1191.989990 96 ) (0 -1191.989990 64 ) (0 -1221.430664 64 ) 
4 762 764 (320 -1327.988525 64 ) (310.843567 -1302.853394 64 ) (310.843903 -1302.853516 96 ) (320 -1327.988159 96 ) 
4 763 1072 (0 -1191.989990 58 ) (0 -1191.989990 0 ) (0 -1221.429565 0 ) (0 -1221.430542 58 ) 
5 763 776 (0 -1221.429565 0 ) (0 -1191.989990 0 ) (5.606426 -1191.989990 0 ) (310.843414 -1302.853027 0 ) (324.279358 -1339.733398 0 ) 
4 763 766 (320 -1327.989380 0 ) (310.842896 -1302.853149 0 ) (310.843506 -1302.853394 58 ) (320 -1327.988525 58 ) 
4 764 765 (324.263367 -1316.258423 64 ) (327.001740 -1308.721802 64 ) (327.001740 -1308.721802 96 ) (324.263367 -1316.258423 96 ) 
3 766 779 (310.843414 -1302.853027 0 ) (327.001007 -1308.721558 0 ) (320 -1327.988403 0 ) 
4 766 767 (327.001312 -1308.721680 0 ) (327.001312 -1308.721680 58 ) (324.262970 -1316.258667 58 ) (324.262909 -1316.258911 0 ) 
3 767 780 (327.001007 -1308.721558 0 ) (336 -1311.989746 0 ) (324.262299 -1316.259155 0 ) 
4 768 796 (89.959389 -2048 -120 ) (1024 -2048 -120 ) (1024 -2048 0 ) (89.959412 -2048 0 ) 
4 768 783 (422.230377 -1135.019531 -120 ) (415.149841 -1154.474731 -120 ) (415.149597 -1154.475586 0 ) (422.229950 -1135.020874 0 ) 
4 768 782 (462.634888 -1024 -120 ) (422.230377 -1135.019531 -120 ) (422.229950 -1135.020874 0 ) (462.634918 -1024 0 ) 
4 768 778 (355.275757 -1318.990967 -120 ) (352 -1327.990845 -120 ) (352 -1327.990967 0 ) (355.275757 -1318.991089 0 ) 
4 768 777 (415.149841 -1154.474731 -120 ) (355.275757 -1318.990967 -120 ) (355.275757 -1318.991089 0 ) (415.149597 -1154.475586 0 ) 
4 768 774 (347.734863 -1339.711060 -120 ) (89.959991 -2048 -120 ) (89.960068 -2048 0 ) (347.733093 -1339.716064 0 ) 
4 768 772 (548.918213 -1033.417480 -120 ) (545 -1031.989746 -120 ) (545 -1031.989624 0 ) (548.918213 -1033.417358 0 ) 
4 768 770 (1024 -1206.562012 -120 ) (548.918213 -1033.417480 -120 ) (548.918213 -1033.417358 0 ) (1024 -1206.561768 0 ) 
4 768 769 (539.872192 -1030.120605 -120 ) (523.078369 -1024 -120 ) (523.078552 -1024 0 ) (539.872131 -1030.120483 0 ) 
4 769 771 (538 -1024.992798 -120 ) (537.637695 -1024 -120 ) (537.637695 -1024 0 ) (538 -1024.991943 0 ) 
4 770 773 (552.361328 -1024 -120 ) (552 -1024.989136 -120 ) (552 -1024.989746 0 ) (552.361816 -1024 0 ) 
4 770 772 (550.123291 -1030.120972 -120 ) (548.917847 -1033.417847 -120 ) (548.917847 -1033.417847 0 ) (550.123474 -1030.120972 0 ) 
4 774 1108 (0 -2048 -120 ) (0 -2048 0 ) (0 -1465.837402 0 ) (0 -1465.833008 -120 ) 
4 774 796 (0 -2048 0 ) (0 -2048 -120 ) (89.959389 -2048 -120 ) (89.959412 -2048 0 ) 
4 774 775 (335.943115 -1343.986450 -120 ) (0 -1465.831543 -120 ) (0 -1465.835938 0 ) (335.946136 -1343.989624 0 ) 
4 775 1108 (0 -1465.837402 0 ) (0 -1221.429688 0 ) (0 -1221.427490 -120 ) (0 -1465.833008 -120 ) 
4 775 776 (324.276947 -1339.729736 -120 ) (0 -1221.426880 -120 ) (0 -1221.429077 0 ) (324.279114 -1339.732788 0 ) 
4 776 1108 (0 -1221.429688 0 ) (0 -1024 0 ) (0 -1024 -120 ) (0 -1221.427490 -120 ) 
4 776 779 (320 -1327.990845 -120 ) (310.841400 -1302.852295 -120 ) (310.842712 -1302.852905 0 ) (320 -1327.989380 0 ) 
4 776 777 (310.841400 -1302.852295 -120 ) (209.252411 -1024 -120 ) (209.253677 -1024 0 ) (310.842712 -1302.852905 0 ) 
4 777 785 (371.071075 -1033.422607 -120 ) (369.868408 -1030.119751 -120 ) (369.869049 -1030.119995 0 ) (371.071655 -1033.422729 0 ) 
4 777 784 (374.994629 -1044.197632 -120 ) (371.071075 -1033.422607 -120 ) (371.071655 -1033.422729 0 ) (374.995514 -1044.198853 0 ) 
4 777 783 (415.150391 -1154.476563 0 ) (415.150696 -1154.475708 -120 ) (374.994629 -1044.197632 -120 ) (374.995514 -1044.198853 0 ) 
4 777 781 (368 -1024.989258 -120 ) (367.639984 -1024 -120 ) (367.640625 -1024 0 ) (368 -1024.988403 0 ) 
4 777 780 (327.001251 -1308.720825 -120 ) (336.001160 -1311.989624 -120 ) (336 -1311.989380 0 ) (327.001251 -1308.720825 0 ) 
4 777 779 (310.843750 -1302.852539 0 ) (310.842499 -1302.852051 -120 ) (327.001251 -1308.720825 -120 ) (327.001251 -1308.720825 0 ) 
4 777 778 (347.719421 -1316.245605 -120 ) (355.275513 -1318.989990 -120 ) (355.275513 -1318.989990 0 ) (347.719421 -1316.245605 0 ) 
4 779 780 (324.261658 -1316.259766 -120 ) (327 -1308.722168 -120 ) (327 -1308.722168 0 ) (324.261841 -1316.259277 0 ) 
4 782 783 (382 -1024.989014 -120 ) (422.229797 -1135.016479 -120 ) (422.229309 -1135.017822 0 ) (382 -1024.992065 0 ) 
4 783 784 (380.127319 -1030.120728 -120 ) (374.993713 -1044.196289 -120 ) (374.994019 -1044.198730 0 ) (380.128571 -1030.120605 0 ) 
4 784 785 (375 -1031.989746 -120 ) (371.070404 -1033.421997 -120 ) (371.070007 -1033.422607 0 ) (375 -1031.989990 0 ) 
4 786 1116 (0 -2048 -248 ) (0 -2048 -166 ) (0 -1024 -166 ) (0 -1024 -248 ) 
4 786 797 (0 -2048 -166 ) (0 -2048 -248 ) (1024 -2048 -248 ) (1024 -2048 -166 ) 
4 787 791 (2048 -2048 696 ) (2048 -2048 0 ) (2048 -2552 0 ) (2048 -2552 696 ) 
4 787 790 (2048 -2552 0 ) (2048 -2432 0 ) (3072 -2432 0 ) (3072 -2552 0 ) 
4 787 788 (2048 -2432 0 ) (2048 -2048 0 ) (3072 -2048 0 ) (3072 -2432 0 ) 
4 788 792 (2048 -2048 0 ) (2048 -2048 -120 ) (2048 -2432 -120 ) (2048 -2432 0 ) 
4 788 790 (3072 -2432 -120 ) (3072 -2432 0 ) (2048 -2432 0 ) (2048 -2432 -120 ) 
4 789 793 (2048 -2048 -166 ) (2048 -2048 -248 ) (2048 -2432 -248 ) (2048 -2432 -166 ) 
4 789 790 (2048 -2432 -248 ) (3072 -2432 -248 ) (3072 -2432 -166 ) (2048 -2432 -166 ) 
4 790 794 (2048 -2432 -248 ) (2048 -2552 -248 ) (2048 -2552 0 ) (2048 -2432 0 ) 
4 791 795 (1024 -2048 696 ) (1024 -2048 0 ) (1024 -2552 0 ) (1024 -2552 696 ) 
4 791 794 (1024 -2552 0 ) (1024 -2432 0 ) (2048 -2432 0 ) (2048 -2552 0 ) 
4 791 792 (1024 -2432 0 ) (1024 -2048 0 ) (2048 -2048 0 ) (2048 -2432 0 ) 
4 792 796 (1024 -2048 0 ) (1024 -2048 -120 ) (1024 -2432 -120 ) (1024 -2432 0 ) 
4 792 794 (2048 -2432 -120 ) (2048 -2432 0 ) (1024 -2432 0 ) (1024 -2432 -120 ) 
4 793 797 (1024 -2048 -166 ) (1024 -2048 -248 ) (1024 -2432 -248 ) (1024 -2432 -166 ) 
4 793 794 (1024 -2432 -248 ) (2048 -2432 -248 ) (2048 -2432 -166 ) (1024 -2432 -166 ) 
4 794 798 (1024 -2432 -248 ) (1024 -2552 -248 ) (1024 -2552 0 ) (1024 -2432 0 ) 
4 795 1123 (0 -2552 696 ) (0 -2048 696 ) (0 -2048 0 ) (0 -2552 0 ) 
4 795 798 (1024 -2432 0 ) (1024 -2552 0 ) (0 -2552 0 ) (0 -2432 0 ) 
4 795 796 (1024 -2048 0 ) (1024 -2432 0 ) (0 -2432 0 ) (0 -2048 0 ) 
4 796 1124 (0 -2432 0 ) (0 -2048 0 ) (0 -2048 -120 ) (0 -2432 -120 ) 
4 796 798 (1024 -2432 -120 ) (1024 -2432 0 ) (0 -2432 0 ) (0 -2432 -120 ) 
4 797 1125 (0 -2048 -166 ) (0 -2048 -248 ) (0 -2432 -248 ) (0 -2432 -166 ) 
4 797 798 (0 -2432 -248 ) (1024 -2432 -248 ) (1024 -2432 -166 ) (0 -2432 -166 ) 
4 798 1126 (0 -2552 0 ) (0 -2432 0 ) (0 -2432 -248 ) (0 -2552 -248 ) 
4 799 811 (0 4096 0 ) (0 4096 696 ) (-448 4096 696 ) (-448 4096 0 ) 
4 799 814 (-448 4096 696 ) (-1024 4096 696 ) (-1024 4096 0 ) (-448 4096 0 ) 
4 799 803 (-1024 4096 0 ) (-1024 4096 696 ) (-1024 4856 696 ) (-1024 4856 0 ) 
4 799 801 (-1024 4096 0 ) (-1024 4736 0 ) (0 4736 0 ) (0 4096 0 ) 
4 799 800 (-1024 4736 0 ) (-1024 4856 0 ) (0 4856 0 ) (0 4736 0 ) 
4 800 804 (-1024 4736 0 ) (-1024 4856 0 ) (-1024 4856 -248 ) (-1024 4736 -248 ) 
4 800 802 (-1024 4736 -248 ) (0 4736 -248 ) (0 4736 -166 ) (-1024 4736 -166 ) 
4 800 801 (0 4736 -120 ) (0 4736 0 ) (-1024 4736 0 ) (-1024 4736 -120 ) 
4 801 815 (0 4096 -120 ) (0 4096 0 ) (-1024 4096 0 ) (-1024 4096 -120 ) 
4 801 805 (-1024 4096 -120 ) (-1024 4096 0 ) (-1024 4736 0 ) (-1024 4736 -120 ) 
4 802 816 (0 4096 -248 ) (0 4096 -166 ) (-1024 4096 -166 ) (-1024 4096 -248 ) 
4 802 806 (-1024 4096 -248 ) (-1024 4096 -166 ) (-1024 4736 -166 ) (-1024 4736 -248 ) 
4 803 817 (-1024 4096 0 ) (-1024 4096 696 ) (-2048 4096 696 ) (-2048 4096 0 ) 
4 803 807 (-2048 4096 0 ) (-2048 4096 696 ) (-2048 4856 696 ) (-2048 4856 0 ) 
4 803 805 (-1024 4736 0 ) (-1024 4096 0 ) (-2048 4096 0 ) (-2048 4736 0 ) 
4 803 804 (-1024 4856 0 ) (-1024 4736 0 ) (-2048 4736 0 ) (-2048 4856 0 ) 
4 804 808 (-2048 4736 0 ) (-2048 4856 0 ) (-2048 4856 -248 ) (-2048 4736 -248 ) 
4 804 806 (-2048 4736 -248 ) (-1024 4736 -248 ) (-1024 4736 -166 ) (-2048 4736 -166 ) 
4 804 805 (-1024 4736 -120 ) (-1024 4736 0 ) (-2048 4736 0 ) (-2048 4736 -120 ) 
4 805 818 (-1024 4096 -120 ) (-1024 4096 0 ) (-2048 4096 0 ) (-2048 4096 -120 ) 
4 805 809 (-2048 4096 -120 ) (-2048 4096 0 ) (-2048 4736 0 ) (-2048 4736 -120 ) 
4 806 819 (-1024 4096 -248 ) (-1024 4096 -166 ) (-2048 4096 -166 ) (-2048 4096 -248 ) 
4 806 810 (-2048 4096 -248 ) (-2048 4096 -166 ) (-2048 4736 -166 ) (-2048 4736 -248 ) 
4 807 921 (-3072 4096 0 ) (-3072 4096 696 ) (-3072 4856 696 ) (-3072 4856 0 ) 
4 807 820 (-2048 4096 0 ) (-2048 4096 696 ) (-3072 4096 696 ) (-3072 4096 0 ) 
4 807 809 (-2048 4736 0 ) (-2048 4096 0 ) (-3072 4096 0 ) (-3072 4736 0 ) 
4 807 808 (-2048 4856 0 ) (-2048 4736 0 ) (-3072 4736 0 ) (-3072 4856 0 ) 
4 808 922 (-3072 4736 0 ) (-3072 4856 0 ) (-3072 4856 -248 ) (-3072 4736 -248 ) 
4 808 810 (-3072 4736 -248 ) (-2048 4736 -248 ) (-2048 4736 -166 ) (-3072 4736 -166 ) 
4 808 809 (-2048 4736 -120 ) (-2048 4736 0 ) (-3072 4736 0 ) (-3072 4736 -120 ) 
4 809 923 (-3072 4096 -120 ) (-3072 4096 0 ) (-3072 4736 0 ) (-3072 4736 -120 ) 
4 809 821 (-2048 4096 -120 ) (-2048 4096 0 ) (-3072 4096 0 ) (-3072 4096 -120 ) 
4 810 924 (-3072 4096 -248 ) (-3072 4096 -166 ) (-3072 4736 -166 ) (-3072 4736 -248 ) 
4 810 822 (-2048 4096 -248 ) (-2048 4096 -166 ) (-3072 4096 -166 ) (-3072 4096 -248 ) 
4 811 815 (-448 4064 0 ) (-448 4096 0 ) (0 4096 0 ) (0 4064 0 ) 
4 811 812 (-448 4064 696 ) (-448 4064 288 ) (0 4064 288 ) (0 4064 696 ) 
4 811 813 (-448 4064 280 ) (-448 4064 0 ) (0 4064 0 ) (0 4064 280 ) 
4 811 814 (-448 4096 0 ) (-448 4064 0 ) (-448 4064 696 ) (-448 4096 696 ) 
4 812 823 (0 3072 288 ) (0 3072 696 ) (-448 3072 696 ) (-448 3072 288 ) 
4 812 814 (-448 3072 288 ) (-448 3072 696 ) (-448 4064 696 ) (-448 4064 288 ) 
4 813 824 (0 3072 0 ) (0 3072 280 ) (-448 3072 280 ) (-448 3072 0 ) 
4 813 815 (0 3072 0 ) (-448 3072 0 ) (-448 4064 0 ) (0 4064 0 ) 
4 813 814 (-448 4064 0 ) (-448 3072 0 ) (-448 3072 280 ) (-448 4064 280 ) 
4 814 825 (-448 3072 696 ) (-1024 3072 696 ) (-1024 3072 0 ) (-448 3072 0 ) 
4 814 817 (-1024 3072 0 ) (-1024 3072 696 ) (-1024 4096 696 ) (-1024 4096 0 ) 
4 814 815 (-448 3072 0 ) (-1024 3072 0 ) (-1024 4096 0 ) (-448 4096 0 ) 
4 815 826 (0 3072 -120 ) (0 3072 0 ) (-1024 3072 0 ) (-1024 3072 -120 ) 
4 815 818 (-1024 3072 -120 ) (-1024 3072 0 ) (-1024 4096 0 ) (-1024 4096 -120 ) 
4 816 827 (0 3072 -248 ) (0 3072 -166 ) (-1024 3072 -166 ) (-1024 3072 -248 ) 
4 816 819 (-1024 3072 -248 ) (-1024 3072 -166 ) (-1024 4096 -166 ) (-1024 4096 -248 ) 
4 817 908 (-1024 3072 0 ) (-1024 3072 696 ) (-2048 3072 696 ) (-2048 3072 0 ) 
4 817 820 (-2048 4096 696 ) (-2048 4096 0 ) (-2048 3072 0 ) (-2048 3072 696 ) 
4 817 818 (-1024 3072 0 ) (-2048 3072 0 ) (-2048 4096 0 ) (-1024 4096 0 ) 
4 818 909 (-1024 3072 -120 ) (-1024 3072 0 ) (-2048 3072 0 ) (-2048 3072 -120 ) 
4 818 821 (-2048 4096 0 ) (-2048 4096 -120 ) (-2048 3072 -120 ) (-2048 3072 0 ) 
4 819 910 (-1024 3072 -248 ) (-1024 3072 -166 ) (-2048 3072 -166 ) (-2048 3072 -248 ) 
4 819 822 (-2048 4096 -166 ) (-2048 4096 -248 ) (-2048 3072 -248 ) (-2048 3072 -166 ) 
4 820 931 (-3072 3072 0 ) (-3072 3072 696 ) (-3072 4096 696 ) (-3072 4096 0 ) 
4 820 912 (-3072 3072 696 ) (-3072 3072 0 ) (-2048 3072 0 ) (-2048 3072 696 ) 
4 820 821 (-3072 3072 0 ) (-3072 4096 0 ) (-2048 4096 0 ) (-2048 3072 0 ) 
4 821 932 (-3072 3072 -120 ) (-3072 3072 0 ) (-3072 4096 0 ) (-3072 4096 -120 ) 
4 821 913 (-3072 3072 0 ) (-3072 3072 -120 ) (-2048 3072 -120 ) (-2048 3072 0 ) 
4 822 933 (-3072 3072 -248 ) (-3072 3072 -166 ) (-3072 4096 -166 ) (-3072 4096 -248 ) 
4 822 914 (-3072 3072 -166 ) (-3072 3072 -248 ) (-2048 3072 -248 ) (-2048 3072 -166 ) 
4 823 832 (0 2048 288 ) (0 2048 696 ) (-448 2048 696 ) (-448 2048 288 ) 
4 823 825 (-448 2048 288 ) (-448 2048 696 ) (-448 3072 696 ) (-448 3072 288 ) 
4 824 838 (0 2048 0 ) (0 2048 71.750046 ) (-448 2048 71.750046 ) (-448 2048 0 ) 
4 824 833 (0 2048 71.750046 ) (0 2048 280 ) (-448 2048 280 ) (-448 2048 71.750046 ) 
4 824 826 (-448 3072 0 ) (0 3072 0 ) (0 2048 0 ) (-448 2048 0 ) 
4 824 825 (-448 3072 0 ) (-448 2048 0 ) (-448 2048 280 ) (-448 3072 280 ) 
4 825 908 (-1024 3072 696 ) (-1024 3072 0 ) (-1024 2048 0 ) (-1024 2048 696 ) 
4 825 842 (-1024 2048 71.750046 ) (-1024 2048 0 ) (-1007.334106 2048 0 ) (-1007.334839 2048 71.750046 ) 
4 825 838 (-1007.334106 2048 0 ) (-448 2048 0 ) (-448 2048 71.750046 ) (-1007.334839 2048 71.750046 ) 
4 825 835 (-665 2048 696 ) (-883 2048 696 ) (-883 2048 71.750046 ) (-665 2048 71.750046 ) 
4 825 837 (-883 2048 696 ) (-1024 2048 696 ) (-1024 2048 71.750046 ) (-883 2048 71.750046 ) 
4 825 834 (-448 2048 696 ) (-665 2048 696 ) (-665 2048 71.750046 ) (-448 2048 71.750046 ) 
4 825 826 (-1024 2048 0 ) (-1024 3072 0 ) (-448 3072 0 ) (-448 2048 0 ) 
4 826 909 (-1024 3072 0 ) (-1024 3072 -120 ) (-1024 2048 -120 ) (-1024 2048 0 ) 
4 826 899 (-1007.334045 2048 0 ) (-1024 2048 0 ) (-1024 2048 -110.250000 ) (-1007.332886 2048 -110.250000 ) 
4 826 906 (-1024 2048 -110.250000 ) (-1024 2048 -120 ) (-1007.332764 2048 -120 ) (-1007.332886 2048 -110.250000 ) 
4 826 883 (0 2048 -113.250000 ) (0 2048 0 ) (-1007.334045 2048 0 ) (-1007.332825 2048 -113.250000 ) 
4 826 891 (0 2048 -120 ) (0 2048 -113.250000 ) (-1007.332825 2048 -113.250000 ) (-1007.332764 2048 -120 ) 
4 827 910 (-1024 3072 -166 ) (-1024 3072 -248 ) (-1024 2048 -248 ) (-1024 2048 -166 ) 
4 827 907 (0 2048 -248 ) (0 2048 -166 ) (-1024 2048 -166 ) (-1024 2048 -248 ) 
4 828 830 (-616 2747 -502 ) (-616 2197 -502 ) (-616 2197 -423 ) (-616 2747 -423 ) 
4 828 829 (-616 2197 -423 ) (-616 2197 -359 ) (-616 2747 -359 ) (-616 2747 -423 ) 
4 829 831 (-661 2197 -359 ) (-661 2747 -359 ) (-661 2747 -423 ) (-661 2197 -423 ) 
4 829 830 (-661 2197 -423 ) (-661 2747 -423 ) (-616 2747 -423 ) (-616 2197 -423 ) 
4 830 831 (-661 2747 -502 ) (-661 2197 -502 ) (-661 2197 -423 ) (-661 2747 -423 ) 
4 831 911 (-1024 2747 -502 ) (-1024 2197 -502 ) (-1024 2197 -359 ) (-1024 2747 -359 ) 
4 832 861 (0 1575.010132 288 ) (0 1575.010132 696 ) (-448 1575.010132 696 ) (-448 1575.010132 288 ) 
4 832 834 (-448 1575.010132 288 ) (-448 1575.010132 696 ) (-448 2048 696 ) (-448 2048 288 ) 
4 833 864 (0 1575.010132 71.750046 ) (0 1575.010132 80 ) (-448 1575.010132 80 ) (-448 1575.010132 71.750046 ) 
4 833 862 (0 1575.010132 80 ) (0 1575.010132 280 ) (-448 1575.010132 280 ) (-448 1575.010132 80 ) 
4 833 845 (0 1575.010132 71.750046 ) (-448 1575.010132 71.750046 ) (-448 1626.010132 71.750046 ) (0 1626.010132 71.750046 ) 
4 833 838 (-448 1626.010132 71.750046 ) (-448 2048 71.750046 ) (0 2048 71.750046 ) (0 1626.010132 71.750046 ) 
4 833 834 (-448 2048 71.750046 ) (-448 1575.010132 71.750046 ) (-448 1575.010132 280 ) (-448 2048 280 ) 
4 834 864 (-665 1575.010132 80 ) (-665 1575.010132 71.750046 ) (-448 1575.010132 71.750046 ) (-448 1575.010132 80 ) 
4 834 863 (-448 1575.010132 696 ) (-665 1575.010132 696 ) (-665 1575.010132 80 ) (-448 1575.010132 80 ) 
4 834 846 (-645 1575.010132 71.750046 ) (-655 1575.010132 71.750046 ) (-655 1626.010132 71.750046 ) (-645 1626.010132 71.750046 ) 
4 834 845 (-448 1575.010132 71.750046 ) (-645 1575.010132 71.750046 ) (-645 1626.010132 71.750046 ) (-448 1626.010132 71.750046 ) 
4 834 838 (-665 1626.010132 71.750046 ) (-665 2048 71.750046 ) (-448 2048 71.750046 ) (-448 1626.010132 71.750046 ) 
4 834 836 (-665 1575.010132 76.750000 ) (-665 1575.010132 696 ) (-665 1642.010132 696 ) (-665 1642.010132 76.750000 ) 
4 834 835 (-665 2048 71.750046 ) (-665 1642.010132 71.750046 ) (-665 1642.010132 696 ) (-665 2048 696 ) 
3 835 843 (-860.036316 1643.335205 71.750046 ) (-859.554016 1642.010132 71.750046 ) (-860.513794 1642.010132 71.750046 ) 
4 835 842 (-883 1642.010132 71.750046 ) (-883 1706.421875 71.750046 ) (-860.036316 1643.335205 71.750046 ) (-860.513794 1642.010132 71.750046 ) 
3 835 840 (-733.957336 1642.010132 71.750046 ) (-859.554016 1642.010132 71.750046 ) (-878.531677 1694.146240 71.750046 ) 
6 835 838 (-883 1706.421875 71.750046 ) (-883 2048 71.750046 ) (-665 2048 71.750046 ) (-665 1642.010132 71.750046 ) (-733.957336 1642.010132 71.750046 ) (-878.531677 1694.146240 71.750046 ) 
4 835 836 (-883 1642.010132 696 ) (-883 1642.010132 76.750000 ) (-665 1642.010132 76.750000 ) (-665 1642.010132 696 ) 
4 835 837 (-883 2048 71.750046 ) (-883 1642.010132 71.750046 ) (-883 1642.010132 696 ) (-883 2048 696 ) 
4 836 875 (-883 1575.010132 80 ) (-883 1575.010132 76.750000 ) (-817 1575.010132 76.750000 ) (-817 1575.010132 80 ) 
4 836 874 (-817 1575.010132 76.750000 ) (-792 1575.010132 76.750000 ) (-792 1575.010132 80 ) (-817 1575.010132 80 ) 
4 836 864 (-792 1575.010132 76.750000 ) (-665 1575.010132 76.750000 ) (-665 1575.010132 80 ) (-792 1575.010132 80 ) 
4 836 863 (-665 1575.010132 696 ) (-883 1575.010132 696 ) (-883 1575.010132 80 ) (-665 1575.010132 80 ) 
4 836 837 (-883 1575.010132 76.750000 ) (-883 1575.010132 696 ) (-883 1642.010132 696 ) (-883 1642.010132 76.750000 ) 
4 837 915 (-1024 2048 696 ) (-1024 2048 71.750046 ) (-1024 1575.010132 71.750046 ) (-1024 1575.010132 696 ) 
4 837 877 (-1024 1575.010132 80 ) (-1024 1575.010132 71.750046 ) (-883 1575.010132 71.750046 ) (-883 1575.010132 80 ) 
4 837 863 (-883 1575.010132 696 ) (-1024 1575.010132 696 ) (-1024 1575.010132 80 ) (-883 1575.010132 80 ) 
3 837 857 (-883 1575.010132 71.750046 ) (-884.656982 1575.010132 71.750046 ) (-883 1579.608398 71.750046 ) 
5 837 856 (-884.656982 1575.010132 71.750046 ) (-1024 1575.010132 71.750046 ) (-1024 1626.010132 71.750046 ) (-883 1626.010132 71.750046 ) (-883 1579.608398 71.750046 ) 
5 837 842 (-1024 1626.010132 71.750046 ) (-1024 2048 71.750046 ) (-1007.334839 2048 71.750046 ) (-883 1706.421875 71.750046 ) (-883 1626.010132 71.750046 ) 
3 837 838 (-1007.334839 2048 71.750046 ) (-883 2048 71.750046 ) (-883 1706.421875 71.750046 ) 
3 838 893 (0 1816.455200 0 ) (0 1626.010132 0 ) (-523.571411 1626.010132 0 ) 
6 838 883 (-1007.334106 2048 0 ) (0 2048 0 ) (0 1816.455200 0 ) (-523.571411 1626.010132 0 ) (-689.589111 1626.010132 0 ) (-878.530762 1694.145996 0 ) 
4 838 851 (-689.589111 1626.010132 0 ) (-671 1626.010132 0 ) (-671 1626.010132 71.750046 ) (-689.589111 1626.010132 71.750046 ) 
4 838 850 (-671 1626.010132 0 ) (-665 1626.010132 0 ) (-665 1626.010132 6.750000 ) (-671 1626.010132 6.750000 ) 
5 838 848 (0 1626.010132 7 ) (0 1626.010132 41.748001 ) (-625 1626.010132 41.748001 ) (-625 1626.010132 32 ) (-603 1626.010132 7 ) 
4 838 849 (-665 1626.010132 0 ) (0 1626.010132 0 ) (0 1626.010132 7 ) (-665 1626.010132 7 ) 
4 838 847 (0 1626.010132 41.748001 ) (0 1626.010132 51.750000 ) (-635 1626.010132 51.750000 ) (-635 1626.010132 41.748001 ) 
4 838 846 (-645 1626.010132 71.750046 ) (-655 1626.010132 71.750046 ) (-655 1626.010132 61.750000 ) (-645 1626.010132 61.750000 ) 
4 838 845 (0 1626.010132 51.750000 ) (0 1626.010132 71.750046 ) (-645 1626.010132 71.750046 ) (-645 1626.010132 51.750000 ) 
4 838 842 (-1007.332031 2048 0 ) (-878.529724 1694.145630 0 ) (-878.530884 1694.145996 71.750046 ) (-1007.334167 2048 71.750046 ) 
4 838 841 (-712.950256 1634.435059 0 ) (-709.002319 1633.011353 0 ) (-709.002075 1633.011230 71.750046 ) (-712.950195 1634.435059 71.750046 ) 
4 838 840 (-878.534119 1694.147827 71.750046 ) (-878.533203 1694.147461 0 ) (-712.950256 1634.435059 0 ) (-712.950195 1634.435059 71.750046 ) 
4 838 839 (-703.876038 1631.162720 0 ) (-689.587830 1626.010132 0 ) (-689.587830 1626.010132 71.750046 ) (-703.877808 1631.163330 71.750046 ) 
3 839 884 (-689.589111 1626.010132 0 ) (-702.002502 1626.010132 0 ) (-703.875916 1631.162231 0 ) 
4 839 851 (-702.002502 1626.010132 0 ) (-689.589111 1626.010132 0 ) (-689.589111 1626.010132 71.750046 ) (-702.004028 1626.010132 71.750046 ) 
3 840 889 (-716 1626.010132 0 ) (-719.994934 1636.975098 0 ) (-712.950378 1634.434692 0 ) 
5 840 888 (-716 1626.010132 0 ) (-728.199768 1626.010132 0 ) (-872.937561 1678.780029 0 ) (-878.530762 1694.145996 0 ) (-719.994934 1636.975098 0 ) 
3 840 887 (-728.199768 1626.010132 0 ) (-853.729187 1626.010132 0 ) (-872.937561 1678.780029 0 ) 
4 840 855 (-728.199768 1626.010132 0 ) (-716 1626.010132 0 ) (-716 1626.010132 71.750046 ) (-728.199768 1626.010132 71.750046 ) 
4 840 854 (-853.729248 1626.010132 0 ) (-728.199768 1626.010132 0 ) (-728.199768 1626.010132 71.750046 ) (-853.729980 1626.010132 71.750046 ) 
4 840 844 (-856.072937 1632.450806 0 ) (-854.871277 1629.149658 0 ) (-854.872131 1629.149780 71.750046 ) (-856.073730 1632.450806 71.750046 ) 
4 840 843 (-860.035583 1643.337280 0 ) (-856.072937 1632.450806 0 ) (-856.073730 1632.450806 71.750046 ) (-860.036011 1643.336182 71.750046 ) 
4 840 842 (-878.529724 1694.145630 0 ) (-860.035583 1643.337280 0 ) (-860.036011 1643.336182 71.750046 ) (-878.530884 1694.145996 71.750046 ) 
4 840 841 (-714.143921 1631.141113 0 ) (-712.951843 1634.434204 0 ) (-712.951843 1634.434204 71.750046 ) (-714.143921 1631.140991 71.750046 ) 
3 841 890 (-714.142456 1631.141602 0 ) (-712.950378 1634.434692 0 ) (-709.002747 1633.011108 0 ) 
4 842 915 (-1024 2048 71.750046 ) (-1024 2048 0 ) (-1024 1626.010132 0 ) (-1024 1626.010132 71.750046 ) 
5 842 899 (-1024 1626.010132 0 ) (-1024 2048 0 ) (-1007.334106 2048 0 ) (-860.035950 1643.336304 0 ) (-866.279358 1626.010132 0 ) 
4 842 856 (-1024 1626.010132 0 ) (-866.279297 1626.010132 0 ) (-866.279358 1626.010132 71.750046 ) (-1024 1626.010132 71.750046 ) 
4 842 843 (-865.153748 1629.130127 0 ) (-860.036133 1643.332031 0 ) (-860.036499 1643.330933 71.750046 ) (-865.153625 1629.130371 71.750046 ) 
3 843 900 (-860.035950 1643.336304 0 ) (-856.073547 1632.450684 0 ) (-865.155273 1629.129517 0 ) 
4 843 844 (-860.004272 1631.011353 0 ) (-856.071472 1632.449341 0 ) (-856.072266 1632.449341 71.750046 ) (-860.004944 1631.011353 71.750046 ) 
3 844 903 (-856.073547 1632.450684 0 ) (-854.872070 1629.149902 0 ) (-860.006897 1631.012329 0 ) 
4 845 868 (0 1575.010132 51.750000 ) (0 1575.010132 64 ) (-645 1575.010132 64 ) (-645 1575.010132 51.750000 ) 
4 845 864 (0 1575.010132 64 ) (0 1575.010132 71.750046 ) (-645 1575.010132 71.750046 ) (-645 1575.010132 64 ) 
4 845 847 (0 1575.010132 51.750000 ) (-635 1575.010132 51.750000 ) (-635 1626.010132 51.750000 ) (0 1626.010132 51.750000 ) 
4 845 846 (-645 1626.010132 71.750046 ) (-645 1626.010132 61.750000 ) (-645 1575.010132 61.750000 ) (-645 1575.010132 71.750046 ) 
4 846 868 (-655 1575.010132 64 ) (-655 1575.010132 61.750000 ) (-645 1575.010132 61.750000 ) (-645 1575.010132 64 ) 
4 846 864 (-645 1575.010132 71.750046 ) (-655 1575.010132 71.750046 ) (-655 1575.010132 64 ) (-645 1575.010132 64 ) 
4 847 868 (0 1575.010132 41.748001 ) (0 1575.010132 51.750000 ) (-635 1575.010132 51.750000 ) (-635 1575.010132 41.748001 ) 
4 847 848 (0 1575.010132 41.748001 ) (-625 1575.010132 41.748001 ) (-625 1626.010132 41.748001 ) (0 1626.010132 41.748001 ) 
5 848 868 (0 1575.010132 7 ) (0 1575.010132 41.748001 ) (-625 1575.010132 41.748001 ) (-625 1575.010132 32 ) (-603 1575.010132 7 ) 
4 848 849 (0 1575.010132 7 ) (-603 1575.010132 7 ) (-603 1626.010132 7 ) (0 1626.010132 7 ) 
4 849 893 (-523.571533 1626.010132 0 ) (0 1626.010132 0 ) (0 1575.010132 0 ) (-663.780823 1575.010132 0 ) 
4 849 884 (-606.222595 1595.946533 0 ) (-663.780823 1575.010132 0 ) (-665 1575.010132 0 ) (-665 1617.142822 0 ) 
4 849 883 (-665 1626.010132 0 ) (-523.571533 1626.010132 0 ) (-606.222595 1595.946533 0 ) (-665 1617.142822 0 ) 
4 849 868 (-663.780823 1575.010132 0 ) (0 1575.010132 0 ) (0 1575.010132 7 ) (-663.780823 1575.010132 7 ) 
4 849 867 (-665 1575.010132 0 ) (-663.780823 1575.010132 0 ) (-663.780823 1575.010132 7 ) (-665 1575.010132 7 ) 
4 849 850 (-665 1626.010132 6.750000 ) (-665 1626.010132 0 ) (-665 1575.010132 0 ) (-665 1575.010132 6.750000 ) 
4 850 884 (-665 1617.142822 0 ) (-665 1575.010132 0 ) (-671 1575.010132 0 ) (-671 1619.306641 0 ) 
4 850 883 (-671 1626.010132 0 ) (-665 1626.010132 0 ) (-665 1617.142822 0 ) (-671 1619.306641 0 ) 
4 850 867 (-671 1575.010132 0 ) (-665 1575.010132 0 ) (-665 1575.010132 6.750000 ) (-671 1575.010132 6.750000 ) 
4 850 851 (-671 1626.010132 6.750000 ) (-671 1626.010132 0 ) (-671 1575.010132 0 ) (-671 1575.010132 6.750000 ) 
5 851 884 (-702.002441 1626.010132 0 ) (-689.588989 1626.010132 0 ) (-671 1619.306641 0 ) (-671 1575.010132 0 ) (-683.457764 1575.010132 0 ) 
3 851 883 (-689.588989 1626.010132 0 ) (-671 1626.010132 0 ) (-671 1619.306641 0 ) 
4 851 867 (-683.457764 1575.010132 0 ) (-671 1575.010132 0 ) (-671 1575.010132 64 ) (-683.459106 1575.010132 64 ) 
4 851 864 (-671 1575.010132 64 ) (-671 1575.010132 71.750046 ) (-683.459290 1575.010132 71.750046 ) (-683.459106 1575.010132 64 ) 
4 851 853 (-702.003601 1626.010132 71.750046 ) (-702.002075 1626.010132 0 ) (-700.573425 1622.081177 0 ) (-700.574768 1622.080688 71.750046 ) 
4 851 852 (-700.573425 1622.081177 0 ) (-683.457153 1575.010132 0 ) (-683.458679 1575.010132 71.750046 ) (-700.574768 1622.080688 71.750046 ) 
3 852 885 (-700.573730 1622.081055 0 ) (-683.457764 1575.010132 0 ) (-829.729004 1575.010132 0 ) 
4 852 876 (-829.729004 1575.010132 0 ) (-817 1575.010132 0 ) (-817 1575.010132 71.750046 ) (-829.729065 1575.010132 71.750046 ) 
4 852 874 (-817 1575.010132 0 ) (-792 1575.010132 0 ) (-792 1575.010132 71.750046 ) (-817 1575.010132 71.750046 ) 
4 852 867 (-792 1575.010132 0 ) (-683.457764 1575.010132 0 ) (-683.459106 1575.010132 64 ) (-792 1575.010132 64 ) 
4 852 864 (-683.459106 1575.010132 64 ) (-683.459290 1575.010132 71.750046 ) (-792 1575.010132 71.750046 ) (-792 1575.010132 64 ) 
4 852 854 (-708.997620 1619.009155 0 ) (-829.725769 1575.010132 0 ) (-829.725769 1575.010132 71.750046 ) (-708.997559 1619.009277 71.750046 ) 
4 852 853 (-700.575562 1622.078613 71.750046 ) (-700.574219 1622.079102 0 ) (-703.869629 1620.878052 0 ) (-703.869751 1620.878052 71.750046 ) 
3 853 886 (-702.001221 1626.006714 0 ) (-700.573730 1622.081055 0 ) (-703.868835 1620.880127 0 ) 
5 854 887 (-853.729248 1626.010132 0 ) (-728.199829 1626.010132 0 ) (-709 1619.010010 0 ) (-829.729004 1575.010132 0 ) (-835.165161 1575.010132 0 ) 
4 854 876 (-835.165161 1575.010132 0 ) (-829.729004 1575.010132 0 ) (-829.729065 1575.010132 71.750046 ) (-835.165955 1575.010132 71.750046 ) 
4 854 858 (-853 1624.006836 0 ) (-848.992493 1612.997192 0 ) (-848.993530 1612.997681 71.750046 ) (-853 1624.004517 71.750046 ) 
4 854 857 (-848.992493 1612.997192 0 ) (-835.165161 1575.010132 0 ) (-835.165955 1575.010132 71.750046 ) (-848.993530 1612.997681 71.750046 ) 
4 854 855 (-714.131653 1620.881836 0 ) (-728.197632 1626.010132 0 ) (-728.197632 1626.010132 71.750046 ) (-714.131653 1620.881836 71.750046 ) 
3 855 888 (-728.199829 1626.010132 0 ) (-716 1626.010132 0 ) (-714.131348 1620.880859 0 ) 
4 856 915 (-1024 1626.010132 0 ) (-1024 1575.010132 0 ) (-1024 1575.010132 71.750046 ) (-1024 1626.010132 71.750046 ) 
4 856 899 (-1024 1575.010132 0 ) (-1024 1626.010132 0 ) (-866.279297 1626.010132 0 ) (-884.656982 1575.010132 0 ) 
4 856 877 (-1024 1575.010132 0 ) (-884.656982 1575.010132 0 ) (-884.656982 1575.010132 71.750046 ) (-1024 1575.010132 71.750046 ) 
4 856 860 (-867 1624.008179 71.750046 ) (-868.415344 1620.078735 71.750046 ) (-868.415466 1620.078491 0 ) (-867 1624.008301 0 ) 
4 856 857 (-868.415344 1620.078735 71.750046 ) (-884.655640 1575.010132 71.750046 ) (-884.655640 1575.010132 0 ) (-868.415466 1620.078491 0 ) 
4 857 901 (-848.992493 1612.997192 0 ) (-835.165161 1575.010132 0 ) (-884.656982 1575.010132 0 ) (-868.416565 1620.078979 0 ) 
4 857 876 (-883 1575.010132 0 ) (-835.165161 1575.010132 0 ) (-835.165955 1575.010132 71.750046 ) (-883 1575.010132 71.750046 ) 
4 857 877 (-884.656982 1575.010132 0 ) (-883 1575.010132 0 ) (-883 1575.010132 71.750046 ) (-884.656982 1575.010132 71.750046 ) 
4 857 860 (-865.127014 1618.880005 0 ) (-868.416016 1620.079102 0 ) (-868.415955 1620.079346 71.750046 ) (-865.127075 1618.880249 71.750046 ) 
4 857 859 (-856.076599 1615.580200 0 ) (-860 1617.010376 0 ) (-859.998657 1617.010498 71.750046 ) (-856.075806 1615.580200 71.750046 ) 
4 857 858 (-848.995911 1612.998901 71.750046 ) (-848.994873 1612.998291 0 ) (-856.076599 1615.580200 0 ) (-856.075806 1615.580200 71.750046 ) 
3 858 902 (-853 1624.006836 0 ) (-848.992493 1612.997192 0 ) (-856.076721 1615.580078 0 ) 
4 858 859 (-854.873291 1618.879517 0 ) (-856.077148 1615.582031 0 ) (-856.076355 1615.582031 71.750046 ) (-854.872375 1618.879883 71.750046 ) 
3 859 904 (-854.871826 1618.880127 0 ) (-856.076721 1615.580078 0 ) (-860 1617.010254 0 ) 
3 860 905 (-865.126892 1618.879639 0 ) (-868.416565 1620.078979 0 ) (-867 1624.010010 0 ) 
4 861 952 (0 1024 288 ) (0 1024 696 ) (-448 1024 696 ) (-448 1024 288 ) 
4 861 863 (-448 1024 288 ) (-448 1024 696 ) (-448 1575.010132 696 ) (-448 1575.010132 288 ) 
4 862 953 (0 1024 80 ) (0 1024 280 ) (-448 1024 280 ) (-448 1024 80 ) 
4 862 865 (0 1024 80 ) (-448 1024 80 ) (-448 1448.010132 80 ) (0 1448.010132 80 ) 
4 862 864 (-448 1544.010132 80 ) (-448 1575.010132 80 ) (0 1575.010132 80 ) (0 1544.010132 80 ) 
4 862 863 (-448 1575.010132 80 ) (-448 1024 80 ) (-448 1024 280 ) (-448 1575.010132 280 ) 
4 863 954 (-1024 1024 288 ) (-1024 1024 80 ) (-448 1024 80 ) (-448 1024 288 ) 
4 863 952 (-448 1024 696 ) (-1024 1024 696 ) (-1024 1024 288 ) (-448 1024 288 ) 
4 863 915 (-1024 1024 80 ) (-1024 1024 696 ) (-1024 1575.010132 696 ) (-1024 1575.010132 80 ) 
4 863 879 (-883 1364.010010 80 ) (-883 1371.010132 80 ) (-817 1371.010132 80 ) (-817 1364.010010 80 ) 
4 863 881 (-817 1024 80 ) (-883 1024 80 ) (-883 1364.010010 80 ) (-817 1364.010010 80 ) 
4 863 878 (-792 1024 80 ) (-817 1024 80 ) (-817 1371.010132 80 ) (-792 1371.010132 80 ) 
4 863 882 (-883 1024 80 ) (-1024 1024 80 ) (-1024 1371.010132 80 ) (-883 1371.010132 80 ) 
4 863 875 (-883 1575.010132 80 ) (-817 1575.010132 80 ) (-817 1371.010132 80 ) (-883 1371.010132 80 ) 
4 863 874 (-817 1575.010132 80 ) (-792 1575.010132 80 ) (-792 1371.010132 80 ) (-817 1371.010132 80 ) 
4 863 877 (-1024 1371.010132 80 ) (-1024 1575.010132 80 ) (-883 1575.010132 80 ) (-883 1371.010132 80 ) 
4 863 865 (-448 1024 80 ) (-696 1024 80 ) (-696 1448.010132 80 ) (-448 1448.010132 80 ) 
4 863 864 (-792 1544.010132 80 ) (-792 1575.010132 80 ) (-448 1575.010132 80 ) (-448 1544.010132 80 ) 
4 864 874 (-792 1544.010132 80 ) (-792 1575.010132 80 ) (-792 1575.010132 64 ) (-792 1544.010132 64 ) 
4 864 868 (-663.780640 1575.010132 64 ) (0 1575.010132 64 ) (0 1544.010132 64 ) (-749.005737 1544.010132 64 ) 
4 864 867 (-792 1544.010132 64 ) (-792 1575.010132 64 ) (-663.780640 1575.010132 64 ) (-749.005737 1544.010132 64 ) 
4 865 957 (-168 1024 80 ) (-264 1024 80 ) (-264 1024 64 ) (-168 1024 64 ) 
4 865 958 (-264 1024 80 ) (-696 1024 80 ) (-696 1024 64 ) (-264 1024 64 ) 
4 865 955 (0 1024 64 ) (0 1024 80 ) (-168 1024 80 ) (-168 1024 64 ) 
3 865 868 (-568.839539 1448.010132 64 ) (0 1448.010132 64 ) (0 1239.788940 64 ) 
5 865 866 (0 1024 64 ) (-696 1024 64 ) (-696 1448.010132 64 ) (-568.839539 1448.010132 64 ) (0 1239.788940 64 ) 
4 866 960 (0 1024 0 ) (0 1024 64 ) (-792 1024 64 ) (-792 1024 0 ) 
3 866 901 (-634.596802 1024 0 ) (-792 1024 0 ) (-792 1456.424805 0 ) 
6 866 892 (0 1024 0 ) (-634.596802 1024 0 ) (-792 1456.424805 0 ) (-792 1528.371338 0 ) (-790.183411 1529.032104 0 ) (0 1239.788940 0 ) 
3 866 885 (-792 1528.371338 0 ) (-792 1529.697021 0 ) (-790.183411 1529.032104 0 ) 
4 866 878 (-792 1371.010132 0 ) (-792 1024 0 ) (-792 1024 64 ) (-792 1371.010132 64 ) 
4 866 874 (-792 1529.697021 0 ) (-792 1371.010132 0 ) (-792 1371.010132 64 ) (-792 1529.697021 64 ) 
4 866 870 (-767.075989 1520.572021 0 ) (-771.002136 1522.009155 0 ) (-771.002136 1522.009155 64 ) (-767.075073 1520.571655 64 ) 
4 866 869 (-776.135254 1523.888062 0 ) (-790.185913 1529.031250 0 ) (-790.185913 1529.031250 64 ) (-776.135254 1523.888062 64 ) 
4 866 868 (0 1239.787109 0 ) (-767.075989 1520.572021 0 ) (-767.075073 1520.571655 64 ) (0 1239.787231 64 ) 
4 866 867 (-790.185913 1529.031250 0 ) (-792 1529.695313 0 ) (-792 1529.695313 64 ) (-790.185913 1529.031250 64 ) 
5 867 885 (-792 1529.697021 0 ) (-792 1575.010132 0 ) (-683.457764 1575.010132 0 ) (-681.159180 1568.688843 0 ) (-790.183411 1529.032104 0 ) 
3 867 884 (-683.457764 1575.010132 0 ) (-663.780640 1575.010132 0 ) (-681.159180 1568.688843 0 ) 
4 867 874 (-792 1575.010132 64 ) (-792 1575.010132 0 ) (-792 1529.697021 0 ) (-792 1529.697021 64 ) 
4 867 872 (-770.998779 1536.009521 0 ) (-759.982971 1540.016357 0 ) (-759.981750 1540.016846 64 ) (-770.998901 1536.009521 64 ) 
4 867 871 (-779.431519 1532.942139 0 ) (-776.141418 1534.138916 0 ) (-776.141418 1534.139038 64 ) (-779.431519 1532.942261 64 ) 
4 867 869 (-790.183594 1529.031250 64 ) (-790.183594 1529.031250 0 ) (-779.431519 1532.942139 0 ) (-779.431519 1532.942261 64 ) 
4 867 868 (-759.982971 1540.016357 0 ) (-663.777344 1575.010132 0 ) (-663.777344 1575.010132 64 ) (-759.981750 1540.016846 64 ) 
5 868 893 (-663.780640 1575.010132 0 ) (0 1575.010132 0 ) (0 1239.788940 0 ) (-767.075562 1520.573608 0 ) (-759.982727 1540.017334 0 ) 
4 868 873 (-762.555237 1532.962280 0 ) (-763.998535 1529.005859 0 ) (-763.998047 1529.004517 64 ) (-762.554382 1532.961914 64 ) 
4 868 872 (-759.980286 1540.018066 64 ) (-759.981445 1540.017578 0 ) (-762.555237 1532.962280 0 ) (-762.554382 1532.961914 64 ) 
4 868 870 (-765.871521 1523.871582 0 ) (-767.074463 1520.573975 0 ) (-767.073547 1520.573608 64 ) (-765.870361 1523.871948 64 ) 
3 869 894 (-776.135986 1523.890137 0 ) (-790.183411 1529.032104 0 ) (-779.431763 1532.942871 0 ) 
4 869 871 (-778 1529.009888 0 ) (-779.431702 1532.942139 0 ) (-779.431702 1532.942139 64 ) (-778 1529.009888 64 ) 
3 870 895 (-767.075562 1520.573608 0 ) (-771 1522.010010 0 ) (-765.872681 1523.870972 0 ) 
3 871 896 (-778 1529.010132 0 ) (-779.431763 1532.942871 0 ) (-776.141052 1534.139893 0 ) 
3 872 897 (-771 1536.009888 0 ) (-759.982727 1540.017334 0 ) (-762.556213 1532.962524 0 ) 
4 872 873 (-765.875183 1534.160522 0 ) (-762.556274 1532.962646 0 ) (-762.555359 1532.962280 64 ) (-765.875183 1534.160522 64 ) 
3 873 898 (-765.875122 1534.160278 0 ) (-762.556213 1532.962524 0 ) (-764 1529.007324 0 ) 
4 874 901 (-792 1456.424805 0 ) (-792 1371.010132 0 ) (-817 1371.010132 0 ) (-817 1525.106079 0 ) 
3 874 892 (-792 1528.371338 0 ) (-792 1456.424805 0 ) (-815.126587 1519.959351 0 ) 
5 874 885 (-817 1575.010132 0 ) (-792 1575.010132 0 ) (-792 1528.371338 0 ) (-815.126587 1519.959351 0 ) (-817 1525.106079 0 ) 
4 874 878 (-817 1371.010132 0 ) (-792 1371.010132 0 ) (-792 1371.010132 80 ) (-817 1371.010132 80 ) 
4 874 875 (-817 1371.010132 76.750000 ) (-817 1371.010132 80 ) (-817 1575.010132 80 ) (-817 1575.010132 76.750000 ) 
4 874 876 (-817 1371.010132 0 ) (-817 1371.010132 71.750046 ) (-817 1575.010132 71.750046 ) (-817 1575.010132 0 ) 
4 875 879 (-817 1371.010132 77 ) (-817 1371.010132 80 ) (-883 1371.010132 80 ) (-883 1371.010132 77 ) 
4 875 877 (-883 1371.010132 76.750000 ) (-883 1371.010132 80 ) (-883 1575.010132 80 ) (-883 1575.010132 76.750000 ) 
5 876 901 (-883 1575.010132 0 ) (-835.165161 1575.010132 0 ) (-817 1525.106079 0 ) (-817 1371.010132 0 ) (-883 1371.010132 0 ) 
3 876 887 (-835.165161 1575.010132 0 ) (-829.729004 1575.010132 0 ) (-834.528442 1573.260986 0 ) 
4 876 885 (-829.729004 1575.010132 0 ) (-817 1575.010132 0 ) (-817 1525.106079 0 ) (-834.528442 1573.260986 0 ) 
4 876 880 (-883 1371.010132 0 ) (-817 1371.010132 0 ) (-817 1371.010132 48 ) (-883 1371.010132 48 ) 
4 876 877 (-883 1371.010132 0 ) (-883 1371.010132 71.750046 ) (-883 1575.010132 71.750046 ) (-883 1575.010132 0 ) 
4 877 915 (-1024 1371.010132 80 ) (-1024 1575.010132 80 ) (-1024 1575.010132 0 ) (-1024 1371.010132 0 ) 
4 877 901 (-884.656982 1575.010132 0 ) (-883 1575.010132 0 ) (-883 1371.010132 0 ) (-958.167603 1371.010132 0 ) 
4 877 899 (-1024 1371.010132 0 ) (-1024 1575.010132 0 ) (-884.656982 1575.010132 0 ) (-958.167603 1371.010132 0 ) 
4 877 882 (-1024 1371.010132 0 ) (-883 1371.010132 0 ) (-883 1371.010132 80 ) (-1024 1371.010132 80 ) 
4 878 959 (-792 1024 80 ) (-817 1024 80 ) (-817 1024 64 ) (-792 1024 64 ) 
4 878 960 (-817 1024 64 ) (-817 1024 0 ) (-792 1024 0 ) (-792 1024 64 ) 
4 878 901 (-792 1024 0 ) (-817 1024 0 ) (-817 1371.010132 0 ) (-792 1371.010132 0 ) 
4 878 879 (-817 1371.010132 80 ) (-817 1371.010132 77 ) (-817 1364.010010 77 ) (-817 1364.010010 80 ) 
4 878 880 (-817 1371.010132 48 ) (-817 1371.010132 0 ) (-817 1364.010010 0 ) (-817 1364.010010 48 ) 
4 878 881 (-817 1364.010010 0 ) (-817 1024 0 ) (-817 1024 80 ) (-817 1364.010010 80 ) 
4 879 882 (-883 1371.010132 80 ) (-883 1371.010132 77 ) (-883 1364.010010 77 ) (-883 1364.010010 80 ) 
4 879 881 (-883 1364.010010 80 ) (-883 1364.010010 77 ) (-817 1364.010010 77 ) (-817 1364.010010 80 ) 
4 880 901 (-883 1364.010010 0 ) (-883 1371.010132 0 ) (-817 1371.010132 0 ) (-817 1364.010010 0 ) 
4 880 881 (-883 1364.010010 48 ) (-883 1364.010010 0 ) (-817 1364.010010 0 ) (-817 1364.010010 48 ) 
4 880 882 (-883 1371.010132 48 ) (-883 1371.010132 0 ) (-883 1364.010010 0 ) (-883 1364.010010 48 ) 
4 881 959 (-817 1024 80 ) (-883 1024 80 ) (-883 1024 64 ) (-817 1024 64 ) 
4 881 960 (-883 1024 64 ) (-883 1024 0 ) (-817 1024 0 ) (-817 1024 64 ) 
4 881 901 (-817 1024 0 ) (-883 1024 0 ) (-883 1364.010010 0 ) (-817 1364.010010 0 ) 
4 881 882 (-883 1364.010010 0 ) (-883 1024 0 ) (-883 1024 80 ) (-883 1364.010010 80 ) 
4 882 959 (-883 1024 80 ) (-1024 1024 80 ) (-1024 1024 64 ) (-883 1024 64 ) 
4 882 960 (-1024 1024 64 ) (-1024 1024 0 ) (-883 1024 0 ) (-883 1024 64 ) 
4 882 915 (-1024 1024 0 ) (-1024 1024 80 ) (-1024 1371.010132 80 ) (-1024 1371.010132 0 ) 
5 882 901 (-883 1024 0 ) (-1024 1024 0 ) (-1024 1188.317993 0 ) (-958.167603 1371.010132 0 ) (-883 1371.010132 0 ) 
3 882 899 (-1024 1188.317993 0 ) (-1024 1371.010132 0 ) (-958.167603 1371.010132 0 ) 
4 883 899 (-878.528809 1694.145264 0 ) (-1007.332031 2048 0 ) (-1007.330261 2048 -110.250000 ) (-878.526367 1694.144531 -110.250000 ) 
4 883 906 (-1007.330261 2048 -110.250000 ) (-1007.330200 2048 -113.250000 ) (-878.526306 1694.144531 -113.250000 ) (-878.526367 1694.144531 -110.250000 ) 
4 883 893 (-606.221802 1595.946289 -113.250000 ) (0 1816.454590 -113.250000 ) (0 1816.453125 0 ) (-606.221130 1595.946167 0 ) 
4 883 890 (-712.950012 1634.435791 -113.250000 ) (-709.001648 1633.011963 -113.250000 ) (-709.001038 1633.011841 0 ) (-712.949951 1634.435913 0 ) 
4 883 889 (-719.995544 1636.976563 -113.250000 ) (-712.950012 1634.435791 -113.250000 ) (-712.949951 1634.435913 0 ) (-719.995544 1636.976685 0 ) 
4 883 888 (-878.528748 1694.146973 0 ) (-878.527344 1694.146484 -113.250000 ) (-719.995544 1636.976563 -113.250000 ) (-719.995544 1636.976685 0 ) 
4 883 884 (-703.873657 1631.162720 -113.250000 ) (-606.226563 1595.949219 -113.250000 ) (-606.226563 1595.949219 0 ) (-703.876404 1631.163818 0 ) 
5 883 891 (0 1816.454102 -113.250000 ) (-606.221252 1595.946045 -113.250000 ) (-878.529053 1694.145264 -113.250000 ) (-1007.332581 2048 -113.250000 ) (0 2048 -113.250000 ) 
4 884 893 (-681.156921 1568.689209 -113.250000 ) (-606.221802 1595.946289 -113.250000 ) (-606.221130 1595.946167 0 ) (-681.158997 1568.688232 0 ) 
4 884 886 (-702 1626.009277 -113.250000 ) (-700.572083 1622.081665 -113.250000 ) (-700.574219 1622.080811 0 ) (-702.001465 1626.005981 0 ) 
4 884 885 (-700.572083 1622.081665 -113.250000 ) (-681.157593 1568.689453 -113.250000 ) (-681.159729 1568.688721 0 ) (-700.574219 1622.080811 0 ) 
3 884 891 (-606.221252 1595.946045 -113.250000 ) (-681.156799 1568.688843 -113.250000 ) (-703.873047 1631.161133 -113.250000 ) 
4 885 901 (-815.123230 1519.960571 -110.250000 ) (-815.125244 1519.959717 0 ) (-834.527100 1573.261475 0 ) (-834.525085 1573.262207 -110.250000 ) 
4 885 906 (-815.123169 1519.960571 -113.250000 ) (-815.123230 1519.960571 -110.250000 ) (-834.525085 1573.262207 -110.250000 ) (-834.525024 1573.262207 -113.250000 ) 
4 885 897 (-771 1536.009766 -113.250000 ) (-759.984985 1540.016113 -113.250000 ) (-759.982971 1540.016846 0 ) (-771 1536.009766 0 ) 
4 885 896 (-779.431702 1532.942505 -113.250000 ) (-776.141296 1534.139404 -113.250000 ) (-776.141296 1534.139404 0 ) (-779.431702 1532.942505 0 ) 
4 885 894 (-790.182983 1529.031860 -113.250000 ) (-779.431702 1532.942505 -113.250000 ) (-779.431702 1532.942505 0 ) (-790.183044 1529.031860 0 ) 
4 885 893 (-759.984985 1540.016113 -113.250000 ) (-681.156921 1568.689209 -113.250000 ) (-681.158997 1568.688232 0 ) (-759.982971 1540.016846 0 ) 
4 885 892 (-815.128906 1519.958008 0 ) (-815.127808 1519.958374 -113.250000 ) (-790.182983 1529.031860 -113.250000 ) (-790.183044 1529.031860 0 ) 
4 885 887 (-708.997498 1619.009277 -113.250000 ) (-834.526794 1573.259766 -113.250000 ) (-834.527893 1573.259399 0 ) (-708.997559 1619.009155 0 ) 
4 885 886 (-700.574219 1622.079102 0 ) (-700.572083 1622.079834 -113.250000 ) (-703.869751 1620.878052 -113.250000 ) (-703.869629 1620.878052 0 ) 
4 885 891 (-681.156799 1568.688843 -113.250000 ) (-815.125000 1519.958984 -113.250000 ) (-834.527161 1573.261475 -113.250000 ) (-700.571594 1622.081787 -113.250000 ) 
3 886 891 (-702 1626.009888 -113.250000 ) (-700.571594 1622.081787 -113.250000 ) (-703.868958 1620.880005 -113.250000 ) 
4 887 903 (-854.870239 1629.149170 0 ) (-856.072205 1632.451172 0 ) (-856.070068 1632.451538 -110.250000 ) (-854.867737 1629.148438 -110.250000 ) 
4 887 902 (-848.990662 1612.996460 0 ) (-853 1624.009033 0 ) (-852.998657 1624.013672 -110.250000 ) (-848.987854 1612.994995 -110.250000 ) 
4 887 901 (-834.527100 1573.261475 0 ) (-848.990662 1612.996460 0 ) (-848.987854 1612.994995 -110.250000 ) (-834.525085 1573.262207 -110.250000 ) 
4 887 900 (-856.072205 1632.451172 0 ) (-860.035156 1643.338379 0 ) (-860.034058 1643.341553 -110.250000 ) (-856.070068 1632.451538 -110.250000 ) 
4 887 899 (-860.035156 1643.338379 0 ) (-872.935669 1678.779419 0 ) (-872.933167 1678.778564 -110.250000 ) (-860.034058 1643.341553 -110.250000 ) 
4 887 906 (-872.933167 1678.778564 -110.250000 ) (-872.933105 1678.778564 -113.250000 ) (-834.525024 1573.262207 -113.250000 ) (-834.525085 1573.262207 -110.250000 ) 
4 887 888 (-714.131653 1620.881836 -113.250000 ) (-872.936523 1678.780518 -113.250000 ) (-872.937927 1678.781006 0 ) (-714.131653 1620.881836 0 ) 
3 887 891 (-834.527161 1573.261475 -113.250000 ) (-872.935852 1678.779419 -113.250000 ) (-709 1619.010010 -113.250000 ) 
4 888 899 (-872.935669 1678.779419 0 ) (-878.528809 1694.145264 0 ) (-878.526367 1694.144531 -110.250000 ) (-872.933167 1678.778564 -110.250000 ) 
4 888 906 (-878.526367 1694.144531 -110.250000 ) (-878.526306 1694.144531 -113.250000 ) (-872.933105 1678.778564 -113.250000 ) (-872.933167 1678.778564 -110.250000 ) 
4 888 889 (-716 1626.009277 -113.250000 ) (-719.995605 1636.975830 -113.250000 ) (-719.995605 1636.975830 0 ) (-716 1626.009277 0 ) 
4 888 891 (-872.935852 1678.779419 -113.250000 ) (-878.529053 1694.145264 -113.250000 ) (-719.994873 1636.974976 -113.250000 ) (-714.131348 1620.880859 -113.250000 ) 
4 889 890 (-714.143372 1631.141602 -113.250000 ) (-712.951233 1634.434937 -113.250000 ) (-712.951233 1634.434937 0 ) (-714.143494 1631.141235 0 ) 
3 889 891 (-719.994873 1636.974976 -113.250000 ) (-712.950378 1634.434570 -113.250000 ) (-716 1626.010010 -113.250000 ) 
3 890 891 (-712.950378 1634.434570 -113.250000 ) (-709.003479 1633.011230 -113.250000 ) (-714.142212 1631.142090 -113.250000 ) 
4 891 906 (-1007.330078 2048 -120 ) (-815.123047 1519.960571 -120 ) (-815.123169 1519.960571 -113.250000 ) (-1007.330200 2048 -113.250000 ) 
4 891 897 (-771 1536.009766 -120 ) (-759.985168 1540.016113 -120 ) (-759.985107 1540.016113 -113.250000 ) (-771 1536.009766 -113.250000 ) 
4 891 896 (-779.431702 1532.942505 -120 ) (-776.141235 1534.139404 -120 ) (-776.141296 1534.139526 -113.250000 ) (-779.431702 1532.942627 -113.250000 ) 
4 891 894 (-790.182983 1529.031860 -120 ) (-779.431702 1532.942505 -120 ) (-779.431702 1532.942627 -113.250000 ) (-790.183044 1529.031860 -113.250000 ) 
4 891 893 (-759.985168 1540.016113 -120 ) (0 1816.454712 -120 ) (0 1816.454590 -113.250000 ) (-759.985107 1540.016113 -113.250000 ) 
4 891 892 (-815.127808 1519.958374 -113.250000 ) (-815.127747 1519.958374 -120 ) (-790.182983 1529.031860 -120 ) (-790.183044 1529.031860 -113.250000 ) 
4 892 961 (0 1024 -120 ) (0 1024 0 ) (-634.596802 1024 0 ) (-634.595459 1024 -120 ) 
4 892 901 (-634.593079 1024 -110.250000 ) (-634.595703 1024 0 ) (-815.125244 1519.959717 0 ) (-815.123230 1519.960449 -110.250000 ) 
4 892 906 (-815.123047 1519.960571 -120 ) (-634.592834 1024 -120 ) (-634.593079 1024 -110.250000 ) (-815.123230 1519.960449 -110.250000 ) 
4 892 895 (-767.077454 1520.573364 -120 ) (-771 1522.009521 -120 ) (-771.001038 1522.009521 0 ) (-767.075745 1520.572754 0 ) 
4 892 894 (-776.135559 1523.889038 -120 ) (-790.183594 1529.031250 -120 ) (-790.183594 1529.031250 0 ) (-776.135620 1523.889038 0 ) 
4 892 893 (0 1239.788086 -120 ) (-767.077454 1520.573364 -120 ) (-767.075745 1520.572754 0 ) (0 1239.788086 0 ) 
4 893 898 (-762.556946 1532.962769 -120 ) (-764 1529.008423 -120 ) (-763.998474 1529.005737 0 ) (-762.555298 1532.962280 0 ) 
4 893 897 (-759.981934 1540.017090 0 ) (-759.984131 1540.016235 -120 ) (-762.556946 1532.962769 -120 ) (-762.555298 1532.962280 0 ) 
4 893 895 (-765.873413 1523.870850 -120 ) (-767.074951 1520.576782 -120 ) (-767.073242 1520.576172 0 ) (-765.871216 1523.871582 0 ) 
4 894 896 (-778 1529.009644 -120 ) (-779.432678 1532.944092 -120 ) (-779.432678 1532.944092 0 ) (-778 1529.009644 0 ) 
4 897 898 (-765.875122 1534.160522 -120 ) (-762.557922 1532.963257 -120 ) (-762.556213 1532.962646 0 ) (-765.875183 1534.160522 0 ) 
4 899 916 (-1024 1188.317993 0 ) (-1024 2048 0 ) (-1024 2048 -110.250000 ) (-1024 1188.317993 -110.250000 ) 
4 899 905 (-868.416382 1620.078613 -110.250000 ) (-867 1624.009644 -110.250000 ) (-867 1624.009644 0 ) (-868.416321 1620.078857 0 ) 
4 899 901 (-1024 1188.316406 -110.250000 ) (-868.416382 1620.078613 -110.250000 ) (-868.416321 1620.078857 0 ) (-1024 1188.317139 0 ) 
4 899 900 (-865.154968 1629.129395 -110.250000 ) (-860.037109 1643.332031 -110.250000 ) (-860.037720 1643.330444 0 ) (-865.154907 1629.129761 0 ) 
4 899 906 (-1007.332764 2048 -110.250000 ) (-860.035339 1643.337891 -110.250000 ) (-1024 1188.317993 -110.250000 ) (-1024 2048 -110.250000 ) 
4 900 903 (-860.003540 1631.011353 -110.250000 ) (-856.071777 1632.449097 -110.250000 ) (-856.072937 1632.449097 0 ) (-860.004456 1631.011353 0 ) 
3 900 906 (-860.035339 1643.337891 -110.250000 ) (-856.072388 1632.450806 -110.250000 ) (-865.155396 1629.129150 -110.250000 ) 
4 901 961 (-634.596802 1024 0 ) (-1024 1024 0 ) (-1024 1024 -110.250000 ) (-634.595581 1024 -110.250000 ) 
4 901 916 (-1024 1024 -110.250000 ) (-1024 1024 0 ) (-1024 1188.317993 0 ) (-1024 1188.317993 -110.250000 ) 
4 901 905 (-865.127014 1618.879883 -110.250000 ) (-868.415161 1620.078613 -110.250000 ) (-868.415039 1620.078979 0 ) (-865.127136 1618.880249 0 ) 
4 901 904 (-856.077637 1615.580688 -110.250000 ) (-860 1617.010376 -110.250000 ) (-859.998657 1617.010620 0 ) (-856.076477 1615.580688 0 ) 
4 901 902 (-848.989868 1612.997070 0 ) (-848.988281 1612.996094 -110.250000 ) (-856.077637 1615.580688 -110.250000 ) (-856.076477 1615.580688 0 ) 
5 901 906 (-848.990906 1612.996216 -110.250000 ) (-634.595703 1024 -110.250000 ) (-1024 1024 -110.250000 ) (-1024 1188.317993 -110.250000 ) (-868.416687 1620.078613 -110.250000 ) 
4 902 904 (-854.874695 1618.879028 -110.250000 ) (-856.078369 1615.582031 -110.250000 ) (-856.077148 1615.582031 0 ) (-854.873291 1618.879517 0 ) 
3 902 906 (-853 1624.010132 -110.250000 ) (-848.990906 1612.996216 -110.250000 ) (-856.077820 1615.580078 -110.250000 ) 
3 903 906 (-856.072388 1632.450806 -110.250000 ) (-854.870728 1629.149658 -110.250000 ) (-860.006104 1631.012207 -110.250000 ) 
3 904 906 (-854.873108 1618.879639 -110.250000 ) (-856.077820 1615.580078 -110.250000 ) (-860 1617.010010 -110.250000 ) 
3 905 906 (-865.126709 1618.879150 -110.250000 ) (-868.416687 1620.078613 -110.250000 ) (-867 1624.010010 -110.250000 ) 
4 906 961 (-1024 1024 -110.250000 ) (-1024 1024 -120 ) (-634.595459 1024 -120 ) (-634.595581 1024 -110.250000 ) 
4 906 916 (-1024 1024 -120 ) (-1024 1024 -110.250000 ) (-1024 2048 -110.250000 ) (-1024 2048 -120 ) 
4 907 962 (0 1024 -248 ) (0 1024 -166 ) (-1024 1024 -166 ) (-1024 1024 -248 ) 
4 907 917 (-1024 1024 -248 ) (-1024 1024 -166 ) (-1024 2048 -166 ) (-1024 2048 -248 ) 
4 908 915 (-1024 2048 0 ) (-1024 2048 696 ) (-2048 2048 696 ) (-2048 2048 0 ) 
4 908 912 (-2048 3072 696 ) (-2048 3072 0 ) (-2048 2048 0 ) (-2048 2048 696 ) 
4 908 909 (-1024 2048 0 ) (-2048 2048 0 ) (-2048 3072 0 ) (-1024 3072 0 ) 
4 909 916 (-1024 2048 -120 ) (-1024 2048 0 ) (-2048 2048 0 ) (-2048 2048 -120 ) 
4 909 913 (-2048 3072 0 ) (-2048 3072 -120 ) (-2048 2048 -120 ) (-2048 2048 0 ) 
4 910 917 (-1024 2048 -248 ) (-1024 2048 -166 ) (-2048 2048 -166 ) (-2048 2048 -248 ) 
4 910 914 (-2048 3072 -166 ) (-2048 3072 -248 ) (-2048 2048 -248 ) (-2048 2048 -166 ) 
4 912 938 (-3072 2048 0 ) (-3072 2048 696 ) (-3072 3072 696 ) (-3072 3072 0 ) 
4 912 918 (-3072 2048 696 ) (-3072 2048 0 ) (-2048 2048 0 ) (-2048 2048 696 ) 
4 912 913 (-2048 3072 0 ) (-2048 2048 0 ) (-3072 2048 0 ) (-3072 3072 0 ) 
4 913 939 (-3072 2048 -120 ) (-3072 2048 0 ) (-3072 3072 0 ) (-3072 3072 -120 ) 
4 913 919 (-3072 2048 0 ) (-3072 2048 -120 ) (-2048 2048 -120 ) (-2048 2048 0 ) 
4 914 940 (-3072 2048 -248 ) (-3072 2048 -166 ) (-3072 3072 -166 ) (-3072 3072 -248 ) 
4 914 920 (-3072 2048 -166 ) (-3072 2048 -248 ) (-2048 2048 -248 ) (-2048 2048 -166 ) 
4 915 1053 (-1024 1024 0 ) (-1024 1024 696 ) (-2048 1024 696 ) (-2048 1024 0 ) 
4 915 918 (-2048 2048 696 ) (-2048 2048 0 ) (-2048 1024 0 ) (-2048 1024 696 ) 
4 915 916 (-2048 2048 0 ) (-1024 2048 0 ) (-1024 1024 0 ) (-2048 1024 0 ) 
4 916 1054 (-1024 1024 -120 ) (-1024 1024 0 ) (-2048 1024 0 ) (-2048 1024 -120 ) 
4 916 919 (-2048 2048 0 ) (-2048 2048 -120 ) (-2048 1024 -120 ) (-2048 1024 0 ) 
4 917 1055 (-1024 1024 -248 ) (-1024 1024 -166 ) (-2048 1024 -166 ) (-2048 1024 -248 ) 
4 917 920 (-2048 2048 -166 ) (-2048 2048 -248 ) (-2048 1024 -248 ) (-2048 1024 -166 ) 
4 918 1056 (-2048 1024 0 ) (-2048 1024 696 ) (-3072 1024 696 ) (-3072 1024 0 ) 
4 918 941 (-3072 1024 0 ) (-3072 1024 696 ) (-3072 2048 696 ) (-3072 2048 0 ) 
4 918 919 (-3072 1024 0 ) (-3072 2048 0 ) (-2048 2048 0 ) (-2048 1024 0 ) 
4 919 1057 (-2048 1024 -120 ) (-2048 1024 0 ) (-3072 1024 0 ) (-3072 1024 -120 ) 
4 919 942 (-3072 1024 -120 ) (-3072 1024 0 ) (-3072 2048 0 ) (-3072 2048 -120 ) 
4 920 1058 (-2048 1024 -248 ) (-2048 1024 -166 ) (-3072 1024 -166 ) (-3072 1024 -248 ) 
4 920 943 (-3072 1024 -248 ) (-3072 1024 -166 ) (-3072 2048 -166 ) (-3072 2048 -248 ) 
4 921 931 (-3072 4096 0 ) (-3072 4096 696 ) (-4096 4096 696 ) (-4096 4096 0 ) 
4 921 925 (-4096 4096 0 ) (-4096 4096 696 ) (-4096 4856 696 ) (-4096 4856 0 ) 
4 921 923 (-4096 4096 0 ) (-4096 4736 0 ) (-3072 4736 0 ) (-3072 4096 0 ) 
4 921 922 (-4096 4736 0 ) (-4096 4856 0 ) (-3072 4856 0 ) (-3072 4736 0 ) 
4 922 926 (-4096 4736 0 ) (-4096 4856 0 ) (-4096 4856 -248 ) (-4096 4736 -248 ) 
4 922 924 (-4096 4736 -248 ) (-3072 4736 -248 ) (-3072 4736 -166 ) (-4096 4736 -166 ) 
4 922 923 (-3072 4736 -120 ) (-3072 4736 0 ) (-4096 4736 0 ) (-4096 4736 -120 ) 
4 923 932 (-3072 4096 -120 ) (-3072 4096 0 ) (-4096 4096 0 ) (-4096 4096 -120 ) 
4 923 927 (-4096 4096 -120 ) (-4096 4096 0 ) (-4096 4736 0 ) (-4096 4736 -120 ) 
4 924 933 (-3072 4096 -248 ) (-3072 4096 -166 ) (-4096 4096 -166 ) (-4096 4096 -248 ) 
4 924 929 (-4096 4096 -248 ) (-4096 4096 -166 ) (-4096 4736 -166 ) (-4096 4736 -248 ) 
4 925 934 (-4096 4096 0 ) (-4096 4096 696 ) (-4472 4096 696 ) (-4472 4096 0 ) 
4 925 928 (-4352 4096 0 ) (-4472 4096 0 ) (-4472 4736 0 ) (-4352 4736 0 ) 
4 925 927 (-4096 4736 0 ) (-4096 4096 0 ) (-4352 4096 0 ) (-4352 4736 0 ) 
4 925 926 (-4096 4856 0 ) (-4096 4736 0 ) (-4472 4736 0 ) (-4472 4856 0 ) 
4 926 929 (-4352 4736 -248 ) (-4096 4736 -248 ) (-4096 4736 -166 ) (-4352 4736 -166 ) 
4 926 930 (-4472 4736 -120 ) (-4472 4736 -248 ) (-4352 4736 -248 ) (-4352 4736 -120 ) 
4 926 928 (-4472 4736 0 ) (-4472 4736 -120 ) (-4352 4736 -120 ) (-4352 4736 0 ) 
4 926 927 (-4352 4736 -120 ) (-4096 4736 -120 ) (-4096 4736 0 ) (-4352 4736 0 ) 
4 927 935 (-4096 4096 -120 ) (-4096 4096 0 ) (-4352 4096 0 ) (-4352 4096 -120 ) 
4 927 928 (-4352 4736 0 ) (-4352 4736 -120 ) (-4352 4096 -120 ) (-4352 4096 0 ) 
4 928 937 (-4352 4096 0 ) (-4472 4096 0 ) (-4472 4096 -120 ) (-4352 4096 -120 ) 
4 928 930 (-4472 4096 -120 ) (-4472 4736 -120 ) (-4352 4736 -120 ) (-4352 4096 -120 ) 
4 929 936 (-4096 4096 -248 ) (-4096 4096 -166 ) (-4352 4096 -166 ) (-4352 4096 -248 ) 
4 929 930 (-4352 4736 -166 ) (-4352 4736 -248 ) (-4352 4096 -248 ) (-4352 4096 -166 ) 
4 930 937 (-4352 4096 -120 ) (-4472 4096 -120 ) (-4472 4096 -248 ) (-4352 4096 -248 ) 
4 931 938 (-3072 3072 0 ) (-3072 3072 696 ) (-4096 3072 696 ) (-4096 3072 0 ) 
4 931 934 (-4096 3072 0 ) (-4096 3072 696 ) (-4096 4096 696 ) (-4096 4096 0 ) 
4 931 932 (-3072 3072 0 ) (-4096 3072 0 ) (-4096 4096 0 ) (-3072 4096 0 ) 
4 932 939 (-3072 3072 -120 ) (-3072 3072 0 ) (-4096 3072 0 ) (-4096 3072 -120 ) 
4 932 935 (-4096 3072 -120 ) (-4096 3072 0 ) (-4096 4096 0 ) (-4096 4096 -120 ) 
4 933 940 (-3072 3072 -248 ) (-3072 3072 -166 ) (-4096 3072 -166 ) (-4096 3072 -248 ) 
4 933 936 (-4096 3072 -248 ) (-4096 3072 -166 ) (-4096 4096 -166 ) (-4096 4096 -248 ) 
4 934 944 (-4096 3072 0 ) (-4096 3072 696 ) (-4472 3072 696 ) (-4472 3072 0 ) 
4 934 937 (-4352 3072 0 ) (-4472 3072 0 ) (-4472 4096 0 ) (-4352 4096 0 ) 
4 934 935 (-4096 3072 0 ) (-4352 3072 0 ) (-4352 4096 0 ) (-4096 4096 0 ) 
4 935 945 (-4096 3072 -120 ) (-4096 3072 0 ) (-4352 3072 0 ) (-4352 3072 -120 ) 
4 935 937 (-4352 3072 -120 ) (-4352 3072 0 ) (-4352 4096 0 ) (-4352 4096 -120 ) 
4 936 946 (-4096 3072 -248 ) (-4096 3072 -166 ) (-4352 3072 -166 ) (-4352 3072 -248 ) 
4 936 937 (-4352 4096 -248 ) (-4352 3072 -248 ) (-4352 3072 -166 ) (-4352 4096 -166 ) 
4 937 947 (-4352 3072 0 ) (-4472 3072 0 ) (-4472 3072 -248 ) (-4352 3072 -248 ) 
4 938 944 (-4096 3072 696 ) (-4096 3072 0 ) (-4096 2048 0 ) (-4096 2048 696 ) 
4 938 941 (-3072 2048 0 ) (-3072 2048 696 ) (-4096 2048 696 ) (-4096 2048 0 ) 
4 938 939 (-4096 2048 0 ) (-4096 3072 0 ) (-3072 3072 0 ) (-3072 2048 0 ) 
4 939 945 (-4096 3072 0 ) (-4096 3072 -120 ) (-4096 2048 -120 ) (-4096 2048 0 ) 
4 939 942 (-3072 2048 -120 ) (-3072 2048 0 ) (-4096 2048 0 ) (-4096 2048 -120 ) 
4 940 946 (-4096 3072 -166 ) (-4096 3072 -248 ) (-4096 2048 -248 ) (-4096 2048 -166 ) 
4 940 943 (-3072 2048 -248 ) (-3072 2048 -166 ) (-4096 2048 -166 ) (-4096 2048 -248 ) 
4 941 1135 (-3072 1024 0 ) (-3072 1024 696 ) (-4096 1024 696 ) (-4096 1024 0 ) 
4 941 948 (-4096 1024 0 ) (-4096 1024 696 ) (-4096 2048 696 ) (-4096 2048 0 ) 
4 941 942 (-4096 1024 0 ) (-4096 2048 0 ) (-3072 2048 0 ) (-3072 1024 0 ) 
4 942 1136 (-3072 1024 -120 ) (-3072 1024 0 ) (-4096 1024 0 ) (-4096 1024 -120 ) 
4 942 949 (-4096 1024 -120 ) (-4096 1024 0 ) (-4096 2048 0 ) (-4096 2048 -120 ) 
4 943 1137 (-3072 1024 -248 ) (-3072 1024 -166 ) (-4096 1024 -166 ) (-4096 1024 -248 ) 
4 943 950 (-4096 1024 -248 ) (-4096 1024 -166 ) (-4096 2048 -166 ) (-4096 2048 -248 ) 
4 944 948 (-4096 2048 0 ) (-4096 2048 696 ) (-4472 2048 696 ) (-4472 2048 0 ) 
4 944 947 (-4352 2048 0 ) (-4472 2048 0 ) (-4472 3072 0 ) (-4352 3072 0 ) 
4 944 945 (-4096 2048 0 ) (-4352 2048 0 ) (-4352 3072 0 ) (-4096 3072 0 ) 
4 945 949 (-4096 2048 -120 ) (-4096 2048 0 ) (-4352 2048 0 ) (-4352 2048 -120 ) 
4 945 947 (-4352 2048 -120 ) (-4352 2048 0 ) (-4352 3072 0 ) (-4352 3072 -120 ) 
4 946 950 (-4096 2048 -248 ) (-4096 2048 -166 ) (-4352 2048 -166 ) (-4352 2048 -248 ) 
4 946 947 (-4352 3072 -248 ) (-4352 2048 -248 ) (-4352 2048 -166 ) (-4352 3072 -166 ) 
4 947 951 (-4352 2048 0 ) (-4472 2048 0 ) (-4472 2048 -248 ) (-4352 2048 -248 ) 
4 948 1141 (-4096 1024 0 ) (-4096 1024 696 ) (-4472 1024 696 ) (-4472 1024 0 ) 
4 948 951 (-4472 2048 0 ) (-4352 2048 0 ) (-4352 1024 0 ) (-4472 1024 0 ) 
4 948 949 (-4352 2048 0 ) (-4096 2048 0 ) (-4096 1024 0 ) (-4352 1024 0 ) 
4 949 1142 (-4096 1024 -120 ) (-4096 1024 0 ) (-4352 1024 0 ) (-4352 1024 -120 ) 
4 949 951 (-4352 1024 -120 ) (-4352 1024 0 ) (-4352 2048 0 ) (-4352 2048 -120 ) 
4 950 1143 (-4096 1024 -248 ) (-4096 1024 -166 ) (-4352 1024 -166 ) (-4352 1024 -248 ) 
4 950 951 (-4352 2048 -248 ) (-4352 1024 -248 ) (-4352 1024 -166 ) (-4352 2048 -166 ) 
4 951 1144 (-4352 1024 0 ) (-4472 1024 0 ) (-4472 1024 -248 ) (-4352 1024 -248 ) 
4 952 1053 (-1024 1024 696 ) (-1024 1024 288 ) (-1024 0 288 ) (-1024 0 696 ) 
4 952 963 (0 0 288 ) (0 0 696 ) (-1024 0 696 ) (-1024 0 288 ) 
4 952 954 (-1024 0 288 ) (-1024 1024 288 ) (-448 1024 288 ) (-448 0 288 ) 
4 953 966 (0 0 80 ) (0 0 280 ) (-448 0 280 ) (-448 0 80 ) 
4 953 957 (-264 816.012085 80 ) (-264 1024 80 ) (-168 1024 80 ) (-168 816.012085 80 ) 
4 953 958 (-264 0 80 ) (-448 0 80 ) (-448 1024 80 ) (-264 1024 80 ) 
4 953 955 (-168 816.012085 80 ) (-168 1024 80 ) (0 1024 80 ) (0 816.012085 80 ) 
4 953 956 (0 0 80 ) (-168 0 80 ) (-168 720.012085 80 ) (0 720.012085 80 ) 
4 953 954 (-448 1024 80 ) (-448 0 80 ) (-448 0 280 ) (-448 1024 280 ) 
4 954 1053 (-1024 1024 288 ) (-1024 1024 80 ) (-1024 0 80 ) (-1024 0 288 ) 
4 954 966 (-1024 0 280 ) (-1024 0 80 ) (-448 0 80 ) (-448 0 280 ) 
4 954 965 (-448 0 288 ) (-1024 0 288 ) (-1024 0 280 ) (-448 0 280 ) 
4 954 959 (-792 0 80 ) (-1024 0 80 ) (-1024 1024 80 ) (-792 1024 80 ) 
4 954 958 (-448 0 80 ) (-696 0 80 ) (-696 1024 80 ) (-448 1024 80 ) 
4 955 957 (-168 1024 64 ) (-168 816.012085 64 ) (-168 816.012085 80 ) (-168 1024 80 ) 
4 955 960 (-168 1024 64 ) (0 1024 64 ) (0 816.012085 64 ) (-168 816.012085 64 ) 
4 956 967 (0 0 64 ) (0 0 80 ) (-168 0 80 ) (-168 0 64 ) 
4 956 960 (0 720.012085 64 ) (0 0 64 ) (-168 0 64 ) (-168 720.012085 64 ) 
4 957 958 (-264 1024 64 ) (-264 816.012085 64 ) (-264 816.012085 80 ) (-264 1024 80 ) 
4 957 960 (-264 1024 64 ) (-168 1024 64 ) (-168 816.012085 64 ) (-264 816.012085 64 ) 
4 958 968 (-264 0 80 ) (-696 0 80 ) (-696 0 64 ) (-264 0 64 ) 
4 958 960 (-696 1024 64 ) (-264 1024 64 ) (-264 0 64 ) (-696 0 64 ) 
4 959 1053 (-1024 1024 80 ) (-1024 1024 64 ) (-1024 0 64 ) (-1024 0 80 ) 
4 959 971 (-792 0 80 ) (-1024 0 80 ) (-1024 0 64 ) (-792 0 64 ) 
4 959 960 (-1024 0 64 ) (-1024 1024 64 ) (-792 1024 64 ) (-792 0 64 ) 
4 960 1053 (-1024 1024 64 ) (-1024 1024 0 ) (-1024 0 0 ) (-1024 0 64 ) 
4 960 1003 (-448 0 64 ) (-620.262817 0 64 ) (-620.262878 0 2 ) (-448 0 2 ) 
4 960 1002 (-620.262817 0 64 ) (-1024 0 64 ) (-1024 0 2 ) (-620.262878 0 2 ) 
4 960 1010 (-1024 0 2 ) (-1024 0 0 ) (-448 0 0 ) (-448 0 2 ) 
4 960 991 (0 0 0 ) (0 0 64 ) (-448 0 64 ) (-448 0 0 ) 
4 960 961 (-1024 0 0 ) (-1024 1024 0 ) (0 1024 0 ) (0 0 0 ) 
4 961 1054 (-1024 1024 0 ) (-1024 1024 -120 ) (-1024 0 -120 ) (-1024 0 0 ) 
4 961 1046 (-768 0 0 ) (-776 0 0 ) (-776 0 -52 ) (-768 0 -52 ) 
4 961 1050 (-776 0 -52 ) (-776 0 -120 ) (-768 0 -120 ) (-768 0 -52 ) 
4 961 1051 (-776 0 0 ) (-1024 0 0 ) (-1024 0 -120 ) (-776 0 -120 ) 
4 961 1040 (-712 0 0 ) (-720 0 0 ) (-720 0 -120 ) (-712 0 -120 ) 
4 961 1045 (-720 0 0 ) (-768 0 0 ) (-768 0 -120 ) (-720 0 -120 ) 
4 961 1032 (0 0 -120 ) (0 0 0 ) (-712 0 0 ) (-712 0 -120 ) 
4 962 1055 (-1024 1024 -166 ) (-1024 1024 -248 ) (-1024 0 -248 ) (-1024 0 -166 ) 
4 962 1052 (0 0 -248 ) (0 0 -166 ) (-1024 0 -166 ) (-1024 0 -248 ) 
4 963 1059 (-1024 0 696 ) (-1024 0 288 ) (-1024 -983.987976 288 ) (-1024 -983.987976 696 ) 
4 963 989 (-1024 -983.987976 696 ) (-1024 -983.987976 288 ) (-104 -983.987976 288 ) (-104 -983.987976 696 ) 
4 963 986 (-104 -983.987976 288 ) (0 -983.987976 288 ) (0 -983.987976 696 ) (-104 -983.987976 696 ) 
4 963 964 (0 -983.987976 288 ) (-448 -983.987976 288 ) (-448 -736 288 ) (0 -736 288 ) 
4 963 965 (-448 -983.987976 288 ) (-1024 -983.987976 288 ) (-1024 0 288 ) (-448 0 288 ) 
4 964 989 (-448 -983.987976 280 ) (-104 -983.987976 280 ) (-104 -983.987976 288 ) (-448 -983.987976 288 ) 
4 964 986 (-104 -983.987976 280 ) (0 -983.987976 280 ) (0 -983.987976 288 ) (-104 -983.987976 288 ) 
4 964 977 (-56 -983.987976 280 ) (-448 -983.987976 280 ) (-448 -736 280 ) (-56 -736 280 ) 
4 964 975 (-56 -752 280 ) (-56 -746.670044 280 ) (0 -746.670044 280 ) (0 -752 280 ) 
4 964 976 (0 -983.987976 280 ) (-56 -983.987976 280 ) (-56 -752 280 ) (0 -752 280 ) 
4 964 974 (-56 -746.670044 280 ) (-56 -741.330017 280 ) (0 -741.330017 280 ) (0 -746.670044 280 ) 
4 964 973 (-56 -741.330017 280 ) (-56 -736 280 ) (0 -736 280 ) (0 -741.330017 280 ) 
4 964 965 (-448 -736 280 ) (-448 -983.987976 280 ) (-448 -983.987976 288 ) (-448 -736 288 ) 
4 965 1059 (-1024 0 288 ) (-1024 0 280 ) (-1024 -983.987976 280 ) (-1024 -983.987976 288 ) 
4 965 989 (-1024 -983.987976 288 ) (-1024 -983.987976 280 ) (-448 -983.987976 280 ) (-448 -983.987976 288 ) 
4 965 977 (-448 -983.987976 280 ) (-1024 -983.987976 280 ) (-1024 -447.988007 280 ) (-448 -447.988007 280 ) 
4 965 966 (-1024 -447.988007 280 ) (-1024 0 280 ) (-448 0 280 ) (-448 -447.988007 280 ) 
4 966 1059 (-1024 0 280 ) (-1024 0 80 ) (-1024 -447.988007 80 ) (-1024 -447.988007 280 ) 
4 966 978 (-1024 -447.988007 96 ) (-1024 -447.988007 80 ) (-56 -447.988007 80 ) (-56 -447.988007 96 ) 
4 966 977 (-56 -447.988007 280 ) (-1024 -447.988007 280 ) (-1024 -447.988007 96 ) (-56 -447.988007 96 ) 
4 966 972 (0 -447.988007 80 ) (0 -447.988007 280 ) (-56 -447.988007 280 ) (-56 -447.988007 80 ) 
4 966 971 (-792 -447.988007 80 ) (-1024 -447.988007 80 ) (-1024 0 80 ) (-792 0 80 ) 
4 966 969 (0 -127.987999 80 ) (0 -351.988007 80 ) (-264 -351.988007 80 ) (-264 -127.987999 80 ) 
4 966 970 (-696 -351.988007 80 ) (-696 -31.988302 80 ) (-264 -31.988302 80 ) (-264 -351.988007 80 ) 
4 966 967 (-168 0 80 ) (0 0 80 ) (0 -31.988302 80 ) (-168 -31.988302 80 ) 
4 966 968 (-696 -31.988302 80 ) (-696 0 80 ) (-264 0 80 ) (-264 -31.988302 80 ) 
4 967 991 (-168 0 64 ) (0 0 64 ) (0 -31.988302 64 ) (-168 -31.988302 64 ) 
4 968 1003 (-620.262878 0 64 ) (-448 0 64 ) (-448 -31.988302 64 ) (-631.875671 -31.988302 64 ) 
4 968 1002 (-696 0 64 ) (-620.262878 0 64 ) (-631.875671 -31.988302 64 ) (-696 -31.988302 64 ) 
4 968 991 (-448 0 64 ) (-264 0 64 ) (-264 -31.988302 64 ) (-448 -31.988302 64 ) 
4 968 970 (-696 -31.988302 80 ) (-696 -31.988302 64 ) (-264 -31.988302 64 ) (-264 -31.988302 80 ) 
4 969 991 (0 -127.987999 64 ) (0 -351.988007 64 ) (-264 -351.988007 64 ) (-264 -127.987999 64 ) 
4 969 970 (-264 -127.987999 64 ) (-264 -351.988007 64 ) (-264 -351.988007 80 ) (-264 -127.987999 80 ) 
5 970 1003 (-448 -351.988007 64 ) (-696 -351.988007 64 ) (-696 -208.622894 64 ) (-631.875671 -31.988302 64 ) (-448 -31.988302 64 ) 
3 970 1002 (-696 -208.622894 64 ) (-696 -31.988302 64 ) (-631.875671 -31.988302 64 ) 
4 970 991 (-264 -351.988007 64 ) (-448 -351.988007 64 ) (-448 -31.988302 64 ) (-264 -31.988302 64 ) 
4 971 1059 (-1024 0 80 ) (-1024 0 64 ) (-1024 -447.988007 64 ) (-1024 -447.988007 80 ) 
4 971 1002 (-1024 -447.988007 64 ) (-1024 0 64 ) (-792 0 64 ) (-792 -447.988007 64 ) 
4 971 978 (-1024 -447.988007 64 ) (-792 -447.988007 64 ) (-792 -447.988007 80 ) (-1024 -447.988007 80 ) 
4 972 981 (-56 -599.288269 80 ) (-56 -631.265198 80 ) (-56 -631.265198 96 ) (-56 -599.288269 96 ) 
4 972 980 (-56 -631.265198 80 ) (-56 -735.987976 80 ) (-56 -735.987976 96 ) (-56 -631.265198 96 ) 
4 972 978 (-56 -447.988007 96 ) (-56 -447.988007 80 ) (-56 -599.288269 80 ) (-56 -599.288269 96 ) 
4 972 977 (-56 -447.988007 280 ) (-56 -447.988007 96 ) (-56 -735.987976 96 ) (-56 -735.987976 280 ) 
4 972 973 (-56 -735.987976 280 ) (-56 -735.987976 80 ) (0 -735.987976 80 ) (0 -735.987976 280 ) 
4 973 980 (-56 -741.330017 76 ) (-56 -741.330017 96 ) (-56 -735.987976 96 ) (-56 -735.987976 76 ) 
4 973 977 (-56 -741.330017 96 ) (-56 -741.330017 280 ) (-56 -735.987976 280 ) (-56 -735.987976 96 ) 
4 973 974 (-56 -741.330017 280 ) (-56 -741.330017 76 ) (0 -741.330017 76 ) (0 -741.330017 280 ) 
4 974 980 (-56 -746.670044 72 ) (-56 -746.670044 96 ) (-56 -741.330017 96 ) (-56 -741.330017 72 ) 
4 974 977 (-56 -746.670044 96 ) (-56 -746.670044 280 ) (-56 -741.330017 280 ) (-56 -741.330017 96 ) 
4 974 975 (-56 -746.670044 280 ) (-56 -746.670044 72 ) (0 -746.670044 72 ) (0 -746.670044 280 ) 
4 975 980 (-56 -752 68 ) (-56 -752 96 ) (-56 -746.670044 96 ) (-56 -746.670044 68 ) 
4 975 977 (-56 -752 96 ) (-56 -752 280 ) (-56 -746.670044 280 ) (-56 -746.670044 96 ) 
4 975 976 (-56 -752 280 ) (-56 -752 68 ) (0 -752 68 ) (0 -752 280 ) 
4 976 987 (0 -983.987976 176 ) (0 -983.987976 216 ) (-56 -983.987976 216 ) (-56 -983.987976 176 ) 
4 976 988 (-56 -983.987976 64 ) (0 -983.987976 64 ) (0 -983.987976 168 ) (-56 -983.987976 168 ) 
4 976 986 (0 -983.987976 224 ) (0 -983.987976 280 ) (-56 -983.987976 280 ) (-56 -983.987976 224 ) 
4 976 980 (-56 -752 64 ) (-56 -983.987976 64 ) (-56 -983.987976 96 ) (-56 -752 96 ) 
4 976 977 (-56 -983.987976 96 ) (-56 -983.987976 280 ) (-56 -752 280 ) (-56 -752 96 ) 
4 977 1059 (-1024 -983.987976 96 ) (-1024 -983.987976 280 ) (-1024 -447.988007 280 ) (-1024 -447.988007 96 ) 
4 977 990 (-1024 -983.987976 240 ) (-1024 -983.987976 96 ) (-112 -983.987976 96 ) (-112 -983.987976 240 ) 
4 977 989 (-1024 -983.987976 280 ) (-1024 -983.987976 240 ) (-104 -983.987976 240 ) (-104 -983.987976 280 ) 
4 977 987 (-56 -983.987976 176 ) (-56 -983.987976 216 ) (-104 -983.987976 216 ) (-104 -983.987976 176 ) 
4 977 988 (-104 -983.987976 96 ) (-56 -983.987976 96 ) (-56 -983.987976 168 ) (-104 -983.987976 168 ) 
4 977 986 (-56 -983.987976 224 ) (-56 -983.987976 280 ) (-104 -983.987976 280 ) (-104 -983.987976 224 ) 
3 977 985 (-432.004089 -767.989441 96 ) (-440.986694 -771.255737 96 ) (-443.729156 -763.721313 96 ) 
3 977 984 (-440.986694 -771.255737 96 ) (-457.140137 -777.129517 96 ) (-448 -751.988403 96 ) 
3 977 983 (-420.264008 -740.261108 96 ) (-412.729156 -743.006042 96 ) (-416 -751.985596 96 ) 
3 977 982 (-431.996887 -735.986877 96 ) (-406.842865 -726.841797 96 ) (-412.729156 -743.006042 96 ) 
4 977 981 (-56 -599.288269 96 ) (-56 -631.265198 96 ) (-420.273743 -763.723999 96 ) (-406.842865 -726.841797 96 ) 
4 977 980 (-56 -631.265198 96 ) (-56 -983.987976 96 ) (-532.345459 -983.987976 96 ) (-457.140137 -777.129517 96 ) 
4 977 979 (-532.345459 -983.987976 96 ) (-1024 -983.987976 96 ) (-1024 -951.217346 96 ) (-443.733643 -740.253906 96 ) 
4 977 978 (-1024 -447.988007 96 ) (-56 -447.988007 96 ) (-56 -599.288269 96 ) (-1024 -951.217346 96 ) 
4 978 1059 (-1024 -447.988007 64 ) (-1024 -951.217407 64 ) (-1024 -951.217346 96 ) (-1024 -447.988007 96 ) 
4 978 1012 (-684 -543.987976 64 ) (-684 -827.605896 64 ) (-796 -868.324951 64 ) (-796 -543.987976 64 ) 
4 978 1011 (-684 -463.988007 64 ) (-448 -463.988007 64 ) (-448 -741.804993 64 ) (-684 -827.605896 64 ) 
4 978 1013 (-1024 -951.217346 64 ) (-1024 -463.988007 64 ) (-796 -463.988007 64 ) (-796 -868.324951 64 ) 
4 978 1006 (-782.897644 -447.988007 64 ) (-755.093628 -447.988007 64 ) (-749.277832 -463.988007 64 ) (-788.706177 -463.988007 64 ) 
4 978 1003 (-755.093628 -447.988007 64 ) (-448 -447.988007 64 ) (-448 -463.988007 64 ) (-749.277832 -463.988007 64 ) 
4 978 1002 (-1024 -463.988007 64 ) (-1024 -447.988007 64 ) (-782.897644 -447.988007 64 ) (-788.706177 -463.988007 64 ) 
5 978 991 (-448 -447.988007 64 ) (-56 -447.988007 64 ) (-56 -599.288269 64 ) (-432 -735.987976 64 ) (-448 -735.987976 64 ) 
4 978 982 (-406.843170 -726.842712 96 ) (-431.995850 -735.987305 96 ) (-431.996307 -735.987427 64 ) (-406.843170 -726.842712 64 ) 
4 978 981 (-56 -599.289063 64 ) (-56 -599.289063 96 ) (-406.843170 -726.842712 96 ) (-406.843170 -726.842712 64 ) 
4 978 979 (-443.733948 -740.254822 96 ) (-1024 -951.218140 96 ) (-1024 -951.218140 64 ) (-443.733948 -740.254822 64 ) 
4 979 1059 (-1024 -951.217407 64 ) (-1024 -983.987976 64 ) (-1024 -983.987976 96 ) (-1024 -951.217346 96 ) 
4 979 1012 (-796 -868.324951 64 ) (-684 -827.605896 64 ) (-684 -983.987976 64 ) (-796 -983.987976 64 ) 
5 979 1011 (-684 -827.605896 64 ) (-448 -741.804993 64 ) (-448 -751.988708 64 ) (-532.345520 -983.987976 64 ) (-684 -983.987976 64 ) 
4 979 1013 (-1024 -983.987976 64 ) (-1024 -951.217346 64 ) (-796 -868.324951 64 ) (-796 -983.987976 64 ) 
4 979 990 (-1024 -983.987976 96 ) (-1024 -983.987976 64 ) (-532.345520 -983.987976 64 ) (-532.345459 -983.987976 96 ) 
4 979 984 (-448 -751.988586 96 ) (-457.139984 -777.129456 96 ) (-457.140045 -777.129456 64 ) (-448 -751.988525 64 ) 
4 979 980 (-457.139984 -777.129456 96 ) (-532.345398 -983.987976 96 ) (-532.345459 -983.987976 64 ) (-457.140045 -777.129456 64 ) 
4 980 1011 (-448 -983.987976 64 ) (-532.345520 -983.987976 64 ) (-457.140198 -777.129517 64 ) (-448 -773.805908 64 ) 
3 980 991 (-56 -631.265198 64 ) (-56 -735.987976 64 ) (-343.997223 -735.987976 64 ) 
4 980 990 (-532.345520 -983.987976 64 ) (-112 -983.987976 64 ) (-112 -983.987976 96 ) (-532.345459 -983.987976 96 ) 
4 980 988 (-104 -983.987976 64 ) (-56 -983.987976 64 ) (-56 -983.987976 96 ) (-104 -983.987976 96 ) 
4 980 985 (-440.986633 -771.255920 96 ) (-432.003876 -767.989563 96 ) (-432.003387 -767.989319 64 ) (-440.986664 -771.255859 64 ) 
4 980 984 (-457.140503 -777.129822 64 ) (-457.140442 -777.129822 96 ) (-440.986633 -771.255920 96 ) (-440.986664 -771.255859 64 ) 
4 980 981 (-420.273804 -763.724243 96 ) (-56 -631.265320 96 ) (-56 -631.265320 64 ) (-420.273804 -763.724182 64 ) 
5 981 991 (-406.842865 -726.841736 64 ) (-56 -599.288269 64 ) (-56 -631.265198 64 ) (-343.997131 -735.987976 64 ) (-410.173523 -735.987976 64 ) 
4 981 983 (-412.729462 -743.006287 64 ) (-415.998962 -751.984619 64 ) (-416 -751.985352 96 ) (-412.729340 -743.005981 96 ) 
4 981 982 (-406.843414 -726.842773 96 ) (-406.843414 -726.842773 64 ) (-412.729462 -743.006287 64 ) (-412.729340 -743.005981 96 ) 
3 982 991 (-431.997437 -735.987000 64 ) (-406.842865 -726.841736 64 ) (-410.173523 -735.987976 64 ) 
4 982 983 (-420.263428 -740.261414 64 ) (-412.728302 -743.006287 64 ) (-412.728210 -743.005981 96 ) (-420.264191 -740.260803 96 ) 
3 984 1011 (-448 -773.805908 64 ) (-457.140198 -777.129517 64 ) (-448 -751.988281 64 ) 
4 984 985 (-440.985901 -771.255493 96 ) (-440.985901 -771.255493 64 ) (-443.728363 -763.721191 64 ) (-443.728180 -763.721680 96 ) 
4 986 1023 (0 -991.987976 224 ) (0 -991.987976 696 ) (-104 -991.987976 696 ) (-104 -991.987976 224 ) 
4 986 989 (-104 -983.987976 696 ) (-104 -983.987976 240 ) (-104 -991.987976 240 ) (-104 -991.987976 696 ) 
4 987 1026 (0 -991.987976 176 ) (0 -991.987976 216 ) (-104 -991.987976 216 ) (-104 -991.987976 176 ) 
4 988 1029 (-104 -991.987976 64 ) (0 -991.987976 64 ) (0 -991.987976 168 ) (-104 -991.987976 168 ) 
4 989 1059 (-1024 -983.987976 696 ) (-1024 -983.987976 240 ) (-1024 -991.987976 240 ) (-1024 -991.987976 696 ) 
4 989 1023 (-1024 -991.987976 696 ) (-1024 -991.987976 240 ) (-104 -991.987976 240 ) (-104 -991.987976 696 ) 
4 989 990 (-1024 -983.987976 240 ) (-112 -983.987976 240 ) (-112 -991.987976 240 ) (-1024 -991.987976 240 ) 
4 990 1059 (-1024 -983.987976 240 ) (-1024 -983.987976 64 ) (-1024 -991.987976 64 ) (-1024 -991.987976 240 ) 
4 990 1029 (-448 -991.987976 64 ) (-112 -991.987976 64 ) (-112 -991.987976 168 ) (-448 -991.987976 168 ) 
4 990 1031 (-1024 -991.987976 168 ) (-1024 -991.987976 64 ) (-448 -991.987976 64 ) (-448 -991.987976 168 ) 
4 990 1028 (-1024 -991.987976 216 ) (-1024 -991.987976 168 ) (-112 -991.987976 168 ) (-112 -991.987976 216 ) 
4 990 1025 (-1024 -991.987976 224 ) (-1024 -991.987976 216 ) (-112 -991.987976 216 ) (-112 -991.987976 224 ) 
4 990 1023 (-1024 -991.987976 240 ) (-1024 -991.987976 224 ) (-112 -991.987976 224 ) (-112 -991.987976 240 ) 
4 990 1012 (-684 -991.987976 64 ) (-796 -991.987976 64 ) (-796 -983.987976 64 ) (-684 -983.987976 64 ) 
4 990 1011 (-448 -991.987976 64 ) (-684 -991.987976 64 ) (-684 -983.987976 64 ) (-448 -983.987976 64 ) 
4 990 1013 (-796 -991.987976 64 ) (-1024 -991.987976 64 ) (-1024 -983.987976 64 ) (-796 -983.987976 64 ) 
3 991 1036 (-410.173523 -735.987976 0 ) (-432 -735.987976 0 ) (-406.842865 -726.841797 0 ) 
5 991 1035 (0 -578.928711 0 ) (0 -610.902222 0 ) (-343.997131 -735.987976 0 ) (-410.173523 -735.987976 0 ) (-406.842865 -726.841797 0 ) 
3 991 1034 (0 -610.902222 0 ) (0 -735.987976 0 ) (-343.997131 -735.987976 0 ) 
5 991 1032 (-448 0 0 ) (0 0 0 ) (0 -578.928711 0 ) (-432 -735.987976 0 ) (-448 -735.987976 0 ) 
4 991 1014 (-448 -463.988007 0 ) (-448 -735.987976 0 ) (-448 -735.987976 56 ) (-448 -463.988007 56 ) 
4 991 1011 (-448 -735.987976 56 ) (-448 -735.987976 64 ) (-448 -463.988007 64 ) (-448 -463.988007 56 ) 
4 991 1003 (-448 -463.988007 2 ) (-448 -463.988007 64 ) (-448 0 64 ) (-448 0 2 ) 
4 991 1010 (-448 0 0 ) (-448 -463.988007 0 ) (-448 -463.988007 2 ) (-448 0 2 ) 
4 991 998 (-432 -735.987976 0 ) (-410.173492 -735.987976 0 ) (-410.173492 -735.987976 58 ) (-432 -735.987976 58 ) 
4 991 997 (-410.173492 -735.987976 0 ) (-343.997040 -735.987976 0 ) (-343.997040 -735.987976 58 ) (-410.173492 -735.987976 58 ) 
4 991 996 (-343.997040 -735.987976 0 ) (-112 -735.987976 0 ) (-112 -735.987976 58 ) (-343.997040 -735.987976 58 ) 
4 991 994 (-448 -735.987976 58 ) (-448 -735.987976 0 ) (-432 -735.987976 0 ) (-432 -735.987976 58 ) 
4 991 993 (-112 -735.987976 0 ) (-104 -735.987976 0 ) (-104 -735.987976 58 ) (-112 -735.987976 58 ) 
4 991 992 (-104 -735.987976 0 ) (0 -735.987976 0 ) (0 -735.987976 58 ) (-104 -735.987976 58 ) 
4 992 1034 (0 -735.987976 0 ) (0 -991.987976 0 ) (-104 -991.987976 0 ) (-104 -735.987976 0 ) 
4 992 1030 (-104 -991.987976 0 ) (0 -991.987976 0 ) (0 -991.987976 58 ) (-104 -991.987976 58 ) 
4 992 993 (-104 -735.987976 58 ) (-104 -735.987976 0 ) (-104 -983.987976 0 ) (-104 -983.987976 58 ) 
4 993 1034 (-112 -983.987976 0 ) (-112 -735.987976 0 ) (-104 -735.987976 0 ) (-104 -983.987976 0 ) 
4 993 996 (-112 -735.987976 58 ) (-112 -735.987976 0 ) (-112 -983.987976 0 ) (-112 -983.987976 58 ) 
3 994 1032 (-448 -741.804993 0 ) (-448 -735.987976 0 ) (-432 -735.987976 0 ) 
4 994 1014 (-448 -735.987976 0 ) (-448 -741.804993 0 ) (-448 -741.804993 56 ) (-448 -735.987976 56 ) 
4 994 1011 (-448 -741.804993 56 ) (-448 -741.804993 58 ) (-448 -735.987976 58 ) (-448 -735.987976 56 ) 
4 994 995 (-448 -741.806091 58 ) (-448 -741.806091 0 ) (-443.734222 -740.255188 0 ) (-443.734100 -740.255127 58 ) 
3 995 1033 (-448 -751.988525 0 ) (-448 -741.804993 0 ) (-443.733765 -740.253967 0 ) 
4 995 1014 (-448 -741.804993 0 ) (-448 -751.988525 0 ) (-448 -751.988770 56 ) (-448 -741.804993 56 ) 
4 995 1011 (-448 -751.988770 56 ) (-448 -751.988770 58 ) (-448 -741.804993 58 ) (-448 -741.804993 56 ) 
5 996 1034 (-112 -991.987976 0 ) (-448 -991.987976 0 ) (-448 -773.805969 0 ) (-343.997040 -735.987976 0 ) (-112 -735.987976 0 ) 
4 996 1030 (-448 -991.987976 0 ) (-112 -991.987976 0 ) (-112 -991.987976 58 ) (-448 -991.987976 58 ) 
4 996 1014 (-448 -773.805969 0 ) (-448 -991.987976 0 ) (-448 -991.987976 56 ) (-448 -773.805969 56 ) 
4 996 1011 (-448 -991.987976 56 ) (-448 -991.987976 58 ) (-448 -773.805969 58 ) (-448 -773.805969 56 ) 
4 996 1001 (-432.002106 -767.988892 0 ) (-440.986633 -771.255920 0 ) (-440.986633 -771.255920 58 ) (-432.003174 -767.989319 58 ) 
4 996 1000 (-440.986633 -771.255920 0 ) (-448 -773.806152 0 ) (-448 -773.806152 58 ) (-440.986633 -771.255920 58 ) 
4 996 997 (-343.997253 -735.987976 58 ) (-343.997253 -735.987976 0 ) (-420.273773 -763.724182 0 ) (-420.273773 -763.724182 58 ) 
3 997 1035 (-410.173492 -735.987976 0 ) (-343.997040 -735.987976 0 ) (-420.273712 -763.723999 0 ) 
4 997 999 (-412.729675 -743.006897 0 ) (-415.998444 -751.983215 0 ) (-415.998962 -751.984558 58 ) (-412.729492 -743.006348 58 ) 
4 997 998 (-410.173706 -735.987976 58 ) (-410.173706 -735.987976 0 ) (-412.729675 -743.006897 0 ) (-412.729492 -743.006348 58 ) 
3 998 1036 (-431.996613 -735.987976 0 ) (-410.173492 -735.987976 0 ) (-412.729492 -743.006897 0 ) 
4 998 999 (-420.261963 -740.262573 0 ) (-412.728516 -743.006836 0 ) (-412.728333 -743.006348 58 ) (-420.263336 -740.261536 58 ) 
3 999 1037 (-420.261810 -740.262939 0 ) (-412.729492 -743.006897 0 ) (-415.998352 -751.983459 0 ) 
3 1000 1038 (-448 -773.805969 0 ) (-448 -751.988525 0 ) (-440.986694 -771.255737 0 ) 
4 1000 1014 (-448 -751.988525 0 ) (-448 -773.805969 0 ) (-448 -773.805969 56 ) (-448 -751.988770 56 ) 
4 1000 1011 (-448 -773.805969 56 ) (-448 -773.805969 58 ) (-448 -751.988770 58 ) (-448 -751.988770 56 ) 
4 1000 1001 (-440.985901 -771.255493 58 ) (-440.985901 -771.255493 0 ) (-443.728729 -763.720154 0 ) (-443.728394 -763.721069 58 ) 
3 1001 1039 (-432.002289 -767.988770 0 ) (-440.986694 -771.255737 0 ) (-443.729797 -763.719788 0 ) 
4 1002 1059 (-1024 0 64 ) (-1024 0 2 ) (-1024 -463.988007 2 ) (-1024 -463.988007 64 ) 
4 1002 1022 (-1024 -463.988007 56 ) (-1024 -463.988007 2 ) (-788.706177 -463.988007 2 ) (-788.706177 -463.988007 56 ) 
4 1002 1013 (-796 -463.988007 64 ) (-1024 -463.988007 64 ) (-1024 -463.988007 56 ) (-796 -463.988007 56 ) 
4 1002 1008 (-780.004395 -440.015961 2 ) (-776 -428.986694 2 ) (-776 -428.988068 64 ) (-780.004883 -440.017334 64 ) 
4 1002 1006 (-788.707031 -463.988007 64 ) (-788.707031 -463.988007 2 ) (-780.004395 -440.015961 2 ) (-780.004883 -440.017334 64 ) 
4 1002 1005 (-774.138306 -423.857483 2 ) (-772.941101 -420.559692 2 ) (-772.941101 -420.559723 64 ) (-774.139038 -423.859589 64 ) 
4 1002 1004 (-772.941101 -420.559692 2 ) (-769.004822 -409.716980 2 ) (-769.004822 -409.716949 64 ) (-772.941101 -420.559723 64 ) 
4 1002 1003 (-769.004822 -409.716980 2 ) (-620.263733 0 2 ) (-620.263672 0 64 ) (-769.004822 -409.716949 64 ) 
4 1002 1010 (-788.706177 -463.988007 2 ) (-1024 -463.988007 2 ) (-1024 0 2 ) (-620.262878 0 2 ) 
4 1003 1018 (-720 -463.988007 56 ) (-749.277832 -463.988007 56 ) (-749.277771 -463.988007 2 ) (-720 -463.988007 2 ) 
4 1003 1015 (-712 -463.988007 56 ) (-720 -463.988007 56 ) (-720 -463.988007 2 ) (-712 -463.988007 2 ) 
4 1003 1014 (-448 -463.988007 2 ) (-448 -463.988007 56 ) (-712 -463.988007 56 ) (-712 -463.988007 2 ) 
4 1003 1011 (-448 -463.988007 56 ) (-448 -463.988007 64 ) (-684 -463.988007 64 ) (-684 -463.988007 56 ) 
4 1003 1007 (-762 -428.985657 2 ) (-760.570923 -432.914917 2 ) (-760.570557 -432.915955 64 ) (-762 -428.985718 64 ) 
4 1003 1006 (-760.570923 -432.914917 2 ) (-749.276123 -463.988007 2 ) (-749.276123 -463.988007 64 ) (-760.570557 -432.915955 64 ) 
4 1003 1004 (-769.003906 -409.714844 64 ) (-769.003906 -409.714844 2 ) (-763.866455 -423.848541 2 ) (-763.866455 -423.848541 64 ) 
5 1003 1010 (-448 -463.988007 2 ) (-749.277832 -463.988007 2 ) (-769.004395 -409.718140 2 ) (-620.262878 0 2 ) (-448 0 2 ) 
4 1004 1005 (-772.940735 -420.559937 64 ) (-772.940735 -420.559937 2 ) (-769 -421.988068 2 ) (-768.997620 -421.988983 64 ) 
3 1004 1010 (-772.940369 -420.559967 2 ) (-769.004395 -409.718140 2 ) (-763.868347 -423.847900 2 ) 
3 1005 1010 (-774.137329 -423.857117 2 ) (-772.940369 -420.559967 2 ) (-769 -421.988037 2 ) 
4 1006 1019 (-776 -463.988007 2 ) (-768 -463.988007 2 ) (-768 -463.988007 56 ) (-776 -463.988007 56 ) 
4 1006 1018 (-768 -463.988007 2 ) (-749.277771 -463.988007 2 ) (-749.277832 -463.988007 56 ) (-768 -463.988007 56 ) 
4 1006 1022 (-788.706177 -463.988007 56 ) (-788.706177 -463.988007 2 ) (-776 -463.988007 2 ) (-776 -463.988007 56 ) 
4 1006 1009 (-768.980896 -435.987274 2 ) (-772.928101 -437.429657 2 ) (-772.928589 -437.431061 64 ) (-768.979675 -435.988068 64 ) 
4 1006 1008 (-772.928101 -437.429657 2 ) (-780.002930 -440.014923 2 ) (-780.003418 -440.016296 64 ) (-772.928589 -437.431061 64 ) 
4 1006 1007 (-760.572449 -432.915894 64 ) (-760.572815 -432.914825 2 ) (-763.870972 -434.120026 2 ) (-763.871399 -434.121399 64 ) 
4 1006 1010 (-749.277832 -463.988007 2 ) (-788.706177 -463.988007 2 ) (-780.003418 -440.015625 2 ) (-760.572388 -432.915436 2 ) 
3 1007 1010 (-762 -428.987915 2 ) (-760.572388 -432.915436 2 ) (-763.871277 -434.120850 2 ) 
4 1008 1009 (-772.927063 -437.433472 64 ) (-772.926636 -437.432129 2 ) (-774.133606 -434.115112 2 ) (-774.134583 -434.115112 64 ) 
3 1008 1010 (-780.003418 -440.015625 2 ) (-776 -428.987854 2 ) (-772.927917 -437.430176 2 ) 
3 1009 1010 (-768.980042 -435.987610 2 ) (-772.927917 -437.430176 2 ) (-774.134338 -434.114838 2 ) 
4 1010 1059 (-1024 0 2 ) (-1024 0 0 ) (-1024 -463.988007 0 ) (-1024 -463.988007 2 ) 
4 1010 1046 (-776 0 0 ) (-768 0 0 ) (-768 -463.988007 0 ) (-776 -463.988007 0 ) 
4 1010 1051 (-1024 -463.988007 0 ) (-1024 0 0 ) (-776 0 0 ) (-776 -463.988007 0 ) 
4 1010 1040 (-720 0 0 ) (-712 0 0 ) (-712 -463.988007 0 ) (-720 -463.988007 0 ) 
4 1010 1045 (-768 0 0 ) (-720 0 0 ) (-720 -463.988007 0 ) (-768 -463.988007 0 ) 
4 1010 1032 (-712 0 0 ) (-448 0 0 ) (-448 -463.988007 0 ) (-712 -463.988007 0 ) 
4 1010 1019 (-776 -463.988007 0 ) (-768 -463.988007 0 ) (-768 -463.988007 2 ) (-776 -463.988007 2 ) 
4 1010 1018 (-768 -463.988007 0 ) (-720 -463.988007 0 ) (-720 -463.988007 2 ) (-768 -463.988007 2 ) 
4 1010 1022 (-1024 -463.988007 0 ) (-776 -463.988007 0 ) (-776 -463.988007 2 ) (-1024 -463.988007 2 ) 
4 1010 1015 (-720 -463.988007 0 ) (-712 -463.988007 0 ) (-712 -463.988007 2 ) (-720 -463.988007 2 ) 
4 1010 1014 (-712 -463.988007 0 ) (-448 -463.988007 0 ) (-448 -463.988007 2 ) (-712 -463.988007 2 ) 
4 1011 1031 (-684 -991.987976 56 ) (-448 -991.987976 56 ) (-448 -991.987976 64 ) (-684 -991.987976 64 ) 
4 1011 1014 (-684 -463.988007 56 ) (-448 -463.988007 56 ) (-448 -991.987976 56 ) (-684 -991.987976 56 ) 
4 1011 1012 (-684 -543.987976 56 ) (-684 -991.987976 56 ) (-684 -991.987976 64 ) (-684 -543.987976 64 ) 
4 1012 1031 (-796 -991.987976 56 ) (-684 -991.987976 56 ) (-684 -991.987976 64 ) (-796 -991.987976 64 ) 
4 1012 1020 (-768 -991.987976 56 ) (-776 -991.987976 56 ) (-776 -543.987976 56 ) (-768 -543.987976 56 ) 
4 1012 1018 (-720 -991.987976 56 ) (-768 -991.987976 56 ) (-768 -543.987976 56 ) (-720 -543.987976 56 ) 
4 1012 1022 (-776 -991.987976 56 ) (-796 -991.987976 56 ) (-796 -543.987976 56 ) (-776 -543.987976 56 ) 
4 1012 1017 (-712 -991.987976 56 ) (-720 -991.987976 56 ) (-720 -543.987976 56 ) (-712 -543.987976 56 ) 
4 1012 1014 (-684 -543.987976 56 ) (-684 -991.987976 56 ) (-712 -991.987976 56 ) (-712 -543.987976 56 ) 
4 1012 1013 (-796 -543.987976 56 ) (-796 -991.987976 56 ) (-796 -991.987976 64 ) (-796 -543.987976 64 ) 
4 1013 1059 (-1024 -991.987976 56 ) (-1024 -991.987976 64 ) (-1024 -463.988007 64 ) (-1024 -463.988007 56 ) 
4 1013 1031 (-1024 -991.987976 64 ) (-1024 -991.987976 56 ) (-796 -991.987976 56 ) (-796 -991.987976 64 ) 
4 1013 1022 (-1024 -463.988007 56 ) (-796 -463.988007 56 ) (-796 -991.987976 56 ) (-1024 -991.987976 56 ) 
3 1014 1038 (-448 -751.988525 0 ) (-448 -773.805969 0 ) (-457.140289 -777.129578 0 ) 
4 1014 1034 (-448 -773.805969 0 ) (-448 -991.987976 0 ) (-535.254150 -991.987976 0 ) (-457.140289 -777.129578 0 ) 
5 1014 1033 (-448 -741.805054 0 ) (-448 -751.988525 0 ) (-535.254150 -991.987976 0 ) (-712 -991.987976 0 ) (-712 -837.785645 0 ) 
4 1014 1032 (-712 -463.988007 0 ) (-448 -463.988007 0 ) (-448 -741.805054 0 ) (-712 -837.785645 0 ) 
4 1014 1031 (-712 -991.987976 0 ) (-448 -991.987976 0 ) (-448 -991.987976 56 ) (-712 -991.987976 56 ) 
4 1014 1017 (-712 -991.987976 0 ) (-712 -991.987976 56 ) (-712 -531.988037 56 ) (-712 -507.099121 0 ) 
4 1014 1016 (-712 -523.987976 56 ) (-712 -479.988007 56 ) (-712 -479.988007 0 ) (-712 -499.099091 0 ) 
4 1014 1015 (-712 -471.988007 56 ) (-712 -463.988007 56 ) (-712 -463.988007 0 ) (-712 -471.988007 0 ) 
4 1015 1040 (-720 -463.988007 0 ) (-712 -463.988007 0 ) (-712 -471.988007 0 ) (-720 -471.988007 0 ) 
4 1015 1018 (-720 -471.988007 56 ) (-720 -463.988007 56 ) (-720 -463.988007 0 ) (-720 -471.988007 0 ) 
4 1016 1042 (-712 -479.988007 0 ) (-712 -499.099091 0 ) (-720 -499.099091 0 ) (-720 -479.988007 0 ) 
4 1016 1018 (-720 -523.987976 56 ) (-720 -479.988007 56 ) (-720 -479.988007 0 ) (-720 -499.099091 0 ) 
4 1017 1043 (-712 -507.099121 0 ) (-712 -991.987976 0 ) (-720 -991.987976 0 ) (-720 -507.099121 0 ) 
4 1017 1031 (-720 -991.987976 0 ) (-712 -991.987976 0 ) (-712 -991.987976 56 ) (-720 -991.987976 56 ) 
4 1017 1018 (-720 -991.987976 0 ) (-720 -991.987976 56 ) (-720 -531.988037 56 ) (-720 -507.099121 0 ) 
4 1018 1045 (-768 -463.988007 0 ) (-720 -463.988007 0 ) (-720 -991.987976 0 ) (-768 -991.987976 0 ) 
4 1018 1031 (-768 -991.987976 0 ) (-720 -991.987976 0 ) (-720 -991.987976 56 ) (-768 -991.987976 56 ) 
4 1018 1021 (-768 -523.987976 56 ) (-768 -479.988007 56 ) (-768 -479.988007 0 ) (-768 -499.099091 0 ) 
4 1018 1020 (-768 -991.987976 0 ) (-768 -991.987976 56 ) (-768 -531.987976 56 ) (-768 -507.099121 0 ) 
4 1018 1019 (-768 -471.988007 56 ) (-768 -463.988007 56 ) (-768 -463.988007 0 ) (-768 -471.988007 0 ) 
4 1019 1046 (-776 -463.988007 0 ) (-768 -463.988007 0 ) (-768 -471.988007 0 ) (-776 -471.988007 0 ) 
4 1019 1022 (-776 -471.988007 56 ) (-776 -463.988007 56 ) (-776 -463.988007 0 ) (-776 -471.988007 0 ) 
4 1020 1048 (-768 -507.099121 0 ) (-768 -991.987976 0 ) (-776 -991.987976 0 ) (-776 -507.099121 0 ) 
4 1020 1031 (-776 -991.987976 0 ) (-768 -991.987976 0 ) (-768 -991.987976 56 ) (-776 -991.987976 56 ) 
4 1020 1022 (-776 -991.987976 0 ) (-776 -991.987976 56 ) (-776 -531.987976 56 ) (-776 -507.099121 0 ) 
4 1021 1049 (-768 -479.988007 0 ) (-768 -499.099091 0 ) (-776 -499.099091 0 ) (-776 -479.988007 0 ) 
4 1021 1022 (-776 -523.987976 56 ) (-776 -479.988007 56 ) (-776 -479.988007 0 ) (-776 -499.099091 0 ) 
4 1022 1059 (-1024 -463.988007 0 ) (-1024 -991.987976 0 ) (-1024 -991.987976 56 ) (-1024 -463.988007 56 ) 
4 1022 1051 (-1024 -991.987976 0 ) (-1024 -463.988007 0 ) (-776 -463.988007 0 ) (-776 -991.987976 0 ) 
4 1022 1031 (-1024 -991.987976 56 ) (-1024 -991.987976 0 ) (-776 -991.987976 0 ) (-776 -991.987976 56 ) 
4 1023 1074 (-104 -1024 696 ) (-112 -1024 696 ) (-112 -1024 224 ) (-104 -1024 224 ) 
4 1023 1077 (-112 -1024 696 ) (-1024 -1024 696 ) (-1024 -1024 224 ) (-112 -1024 224 ) 
4 1023 1065 (0 -1024 224 ) (0 -1024 696 ) (-104 -1024 696 ) (-104 -1024 224 ) 
4 1023 1059 (-1024 -1024 224 ) (-1024 -1024 696 ) (-1024 -991.987976 696 ) (-1024 -991.987976 224 ) 
4 1023 1024 (-104 -991.987976 224 ) (0 -991.987976 224 ) (0 -1024 224 ) (-104 -1024 224 ) 
4 1023 1025 (-1024 -1024 224 ) (-1024 -991.987976 224 ) (-112 -991.987976 224 ) (-112 -1024 224 ) 
4 1024 1066 (0 -1024 216 ) (0 -1024 224 ) (-104 -1024 224 ) (-104 -1024 216 ) 
4 1024 1026 (0 -1024 216 ) (-104 -1024 216 ) (-104 -991.987976 216 ) (0 -991.987976 216 ) 
4 1025 1077 (-112 -1024 224 ) (-1024 -1024 224 ) (-1024 -1024 216 ) (-112 -1024 216 ) 
4 1025 1059 (-1024 -1024 216 ) (-1024 -1024 224 ) (-1024 -991.987976 224 ) (-1024 -991.987976 216 ) 
4 1025 1028 (-112 -1024 216 ) (-1024 -1024 216 ) (-1024 -991.987976 216 ) (-112 -991.987976 216 ) 
4 1026 1068 (0 -1024 168 ) (0 -1024 216 ) (-104 -1024 216 ) (-104 -1024 168 ) 
4 1026 1029 (-104 -991.987976 168 ) (0 -991.987976 168 ) (0 -1024 168 ) (-104 -1024 168 ) 
4 1026 1027 (-104 -1024 176 ) (-104 -1024 216 ) (-104 -991.987976 216 ) (-104 -991.987976 176 ) 
4 1027 1075 (-104 -1024 216 ) (-112 -1024 216 ) (-112 -1024 176 ) (-104 -1024 176 ) 
4 1027 1028 (-112 -1024 176 ) (-112 -1024 216 ) (-112 -991.987976 216 ) (-112 -991.987976 176 ) 
4 1028 1077 (-112 -1024 216 ) (-1024 -1024 216 ) (-1024 -1024 168 ) (-112 -1024 168 ) 
4 1028 1059 (-1024 -1024 168 ) (-1024 -1024 216 ) (-1024 -991.987976 216 ) (-1024 -991.987976 168 ) 
4 1028 1029 (-448 -991.987976 168 ) (-112 -991.987976 168 ) (-112 -1024 168 ) (-448 -1024 168 ) 
4 1028 1031 (-1024 -1024 168 ) (-1024 -991.987976 168 ) (-448 -991.987976 168 ) (-448 -1024 168 ) 
4 1029 1076 (-104 -1024 168 ) (-112 -1024 168 ) (-112 -1024 64 ) (-104 -1024 64 ) 
4 1029 1077 (-112 -1024 168 ) (-448 -1024 168 ) (-448 -1024 64 ) (-112 -1024 64 ) 
4 1029 1071 (0 -1024 64 ) (0 -1024 168 ) (-104 -1024 168 ) (-104 -1024 64 ) 
4 1029 1031 (-448 -1024 168 ) (-448 -991.987976 168 ) (-448 -991.987976 64 ) (-448 -1024 64 ) 
4 1030 1078 (-104 -1024 58 ) (-448 -1024 58 ) (-448 -1024 0 ) (-104 -1024 0 ) 
4 1030 1072 (0 -1024 0 ) (0 -1024 58 ) (-104 -1024 58 ) (-104 -1024 0 ) 
4 1030 1034 (0 -1024 0 ) (-448 -1024 0 ) (-448 -991.987976 0 ) (0 -991.987976 0 ) 
4 1030 1031 (-448 -991.987976 58 ) (-448 -991.987976 0 ) (-448 -1024 0 ) (-448 -1024 58 ) 
4 1031 1079 (-1024 -1024 64 ) (-1024 -1024 0 ) (-448 -1024 0 ) (-448 -1024 64 ) 
4 1031 1077 (-448 -1024 168 ) (-1024 -1024 168 ) (-1024 -1024 64 ) (-448 -1024 64 ) 
4 1031 1059 (-1024 -1024 0 ) (-1024 -1024 168 ) (-1024 -991.987976 168 ) (-1024 -991.987976 0 ) 
4 1031 1048 (-768 -1024 0 ) (-776 -1024 0 ) (-776 -991.987976 0 ) (-768 -991.987976 0 ) 
4 1031 1051 (-776 -1024 0 ) (-1024 -1024 0 ) (-1024 -991.987976 0 ) (-776 -991.987976 0 ) 
4 1031 1043 (-712 -1024 0 ) (-720 -1024 0 ) (-720 -991.987976 0 ) (-712 -991.987976 0 ) 
4 1031 1045 (-720 -1024 0 ) (-768 -1024 0 ) (-768 -991.987976 0 ) (-720 -991.987976 0 ) 
4 1031 1034 (-448 -1024 0 ) (-546.892456 -1024 0 ) (-535.254150 -991.987976 0 ) (-448 -991.987976 0 ) 
4 1031 1033 (-546.892456 -1024 0 ) (-712 -1024 0 ) (-712 -991.987976 0 ) (-535.254150 -991.987976 0 ) 
4 1032 1043 (-712 -837.785645 -52 ) (-712 -837.785645 0 ) (-712 -507.099121 0 ) (-712 -483.988007 -52 ) 
3 1032 1042 (-712 -499.099091 0 ) (-712 -479.988007 0 ) (-712 -479.988007 -43 ) 
4 1032 1041 (-712 -471.988007 -48 ) (-712 -471.988007 -52 ) (-712 -475.987976 -52 ) (-712 -477.765778 -48 ) 
4 1032 1044 (-712 -471.988007 -120 ) (-712 -837.785645 -120 ) (-712 -837.785645 -52 ) (-712 -471.988007 -52 ) 
4 1032 1040 (-712 0 -120 ) (-712 -471.988007 -120 ) (-712 -471.988007 0 ) (-712 0 0 ) 
4 1032 1036 (-432 -735.987732 -120 ) (-406.842651 -726.841248 -120 ) (-406.842682 -726.841248 0 ) (-431.998840 -735.987122 0 ) 
4 1032 1035 (-406.842651 -726.841248 -120 ) (0 -578.928223 -120 ) (0 -578.928406 0 ) (-406.842682 -726.841248 0 ) 
4 1032 1033 (-712 -837.785156 0 ) (-712 -837.785156 -120 ) (-443.733795 -740.253479 -120 ) (-443.733582 -740.253418 0 ) 
4 1033 1112 (-546.892456 -1024 0 ) (-558.815308 -1024 0 ) (-558.815308 -1024 -120 ) (-546.892639 -1024 -120 ) 
4 1033 1111 (-558.815308 -1024 0 ) (-712 -1024 0 ) (-712 -1024 -120 ) (-558.815308 -1024 -120 ) 
4 1033 1043 (-712 -1024 -52 ) (-712 -1024 0 ) (-712 -837.785645 0 ) (-712 -837.785645 -52 ) 
4 1033 1044 (-712 -837.785645 -120 ) (-712 -1024 -120 ) (-712 -1024 -52 ) (-712 -837.785645 -52 ) 
4 1033 1038 (-457.140442 -777.129639 -120 ) (-448 -751.988098 -120 ) (-448 -751.988403 0 ) (-457.140198 -777.129578 0 ) 
4 1033 1034 (-546.892761 -1024 -120 ) (-457.140442 -777.129639 -120 ) (-457.140198 -777.129578 0 ) (-546.892517 -1024 0 ) 
4 1034 1113 (-305.287689 -1024 0 ) (-337.599640 -1024 0 ) (-337.599121 -1024 -120 ) (-305.288269 -1024 -120 ) 
4 1034 1112 (-337.599640 -1024 0 ) (-546.892456 -1024 0 ) (-546.892639 -1024 -120 ) (-337.599121 -1024 -120 ) 
4 1034 1108 (0 -1024 -120 ) (0 -1024 0 ) (-305.287689 -1024 0 ) (-305.288269 -1024 -120 ) 
4 1034 1039 (-432 -767.988037 -120 ) (-440.986664 -771.255859 -120 ) (-440.986664 -771.255920 0 ) (-432.002106 -767.988892 0 ) 
4 1034 1038 (-440.986664 -771.255859 -120 ) (-457.140839 -777.129944 -120 ) (-457.140625 -777.129883 0 ) (-440.986664 -771.255920 0 ) 
4 1034 1035 (0 -610.902344 -120 ) (-420.273804 -763.724182 -120 ) (-420.273804 -763.724182 0 ) (0 -610.902344 0 ) 
4 1035 1037 (-412.730042 -743.007935 -120 ) (-415.997467 -751.980530 -120 ) (-415.998444 -751.983215 0 ) (-412.729645 -743.006836 0 ) 
4 1035 1036 (-406.843414 -726.842773 0 ) (-406.843414 -726.842773 -120 ) (-412.730042 -743.007935 -120 ) (-412.729645 -743.006836 0 ) 
4 1036 1037 (-420.259186 -740.264832 -120 ) (-412.728912 -743.007935 -120 ) (-412.728516 -743.006836 0 ) (-420.261963 -740.262573 0 ) 
4 1038 1039 (-440.985901 -771.255493 0 ) (-440.985901 -771.255493 -120 ) (-443.729462 -763.718201 -120 ) (-443.728729 -763.720154 0 ) 
4 1040 1041 (-720 -471.988007 -48 ) (-720 -471.988007 -52 ) (-712 -471.988007 -52 ) (-712 -471.988007 -48 ) 
4 1040 1044 (-720 -471.988007 -52 ) (-720 -471.988007 -120 ) (-712 -471.988007 -120 ) (-712 -471.988007 -52 ) 
4 1040 1045 (-720 0 -120 ) (-720 -471.988007 -120 ) (-720 -471.988007 0 ) (-720 0 0 ) 
4 1041 1044 (-720 -475.987976 -52 ) (-720 -471.988007 -52 ) (-712 -471.988007 -52 ) (-712 -475.987976 -52 ) 
4 1041 1045 (-720 -471.988007 -48 ) (-720 -471.988007 -52 ) (-720 -475.987976 -52 ) (-720 -477.765778 -48 ) 
3 1042 1045 (-720 -499.099121 0 ) (-720 -479.988007 0 ) (-720 -479.988007 -43 ) 
4 1043 1111 (-712 -1024 0 ) (-720 -1024 0 ) (-720 -1024 -52 ) (-712 -1024 -52 ) 
4 1043 1044 (-720 -1024 -52 ) (-720 -483.988037 -52 ) (-712 -483.988007 -52 ) (-712 -1024 -52 ) 
4 1043 1045 (-720 -1024 -52 ) (-720 -1024 0 ) (-720 -507.099121 0 ) (-720 -483.988007 -52 ) 
4 1044 1111 (-720 -1024 -52 ) (-720 -1024 -120 ) (-712 -1024 -120 ) (-712 -1024 -52 ) 
4 1044 1045 (-720 -471.988007 -120 ) (-720 -1024 -120 ) (-720 -1024 -52 ) (-720 -471.988007 -52 ) 
4 1045 1111 (-720 -1024 0 ) (-768 -1024 0 ) (-768 -1024 -120 ) (-720 -1024 -120 ) 
3 1045 1049 (-768 -499.099091 0 ) (-768 -479.988007 0 ) (-768 -479.988007 -43 ) 
4 1045 1048 (-768 -1024 -52 ) (-768 -1024 0 ) (-768 -507.099121 0 ) (-768 -483.988007 -52 ) 
4 1045 1047 (-768 -471.988007 -48 ) (-768 -471.988007 -52 ) (-768 -475.987976 -52 ) (-768 -477.765778 -48 ) 
4 1045 1046 (-768 -471.988007 0 ) (-768 0 0 ) (-768 0 -52 ) (-768 -471.988007 -52 ) 
4 1045 1050 (-768 0 -120 ) (-768 -1024 -120 ) (-768 -1024 -52 ) (-768 0 -52 ) 
4 1046 1047 (-776 -471.988007 -48 ) (-776 -471.988007 -52 ) (-768 -471.988007 -52 ) (-768 -471.988007 -48 ) 
4 1046 1050 (-776 -471.988007 -52 ) (-776 0 -52 ) (-768 0 -52 ) (-768 -471.988007 -52 ) 
4 1046 1051 (-776 -471.988007 0 ) (-776 0 0 ) (-776 0 -52 ) (-776 -471.988007 -52 ) 
4 1047 1051 (-776 -471.988007 -48 ) (-776 -471.988007 -52 ) (-776 -475.987976 -52 ) (-776 -477.765778 -48 ) 
4 1047 1050 (-776 -475.987976 -52 ) (-776 -471.988007 -52 ) (-768 -471.988007 -52 ) (-768 -475.987976 -52 ) 
4 1048 1111 (-768 -1024 0 ) (-776 -1024 0 ) (-776 -1024 -52 ) (-768 -1024 -52 ) 
4 1048 1050 (-776 -1024 -52 ) (-776 -483.988037 -52 ) (-768 -483.988007 -52 ) (-768 -1024 -52 ) 
4 1048 1051 (-776 -1024 -52 ) (-776 -1024 0 ) (-776 -507.099121 0 ) (-776 -483.988007 -52 ) 
3 1049 1051 (-776 -499.099091 0 ) (-776 -479.988007 0 ) (-776 -479.988007 -43 ) 
4 1050 1111 (-776 -1024 -52 ) (-776 -1024 -120 ) (-768 -1024 -120 ) (-768 -1024 -52 ) 
4 1050 1051 (-776 0 -120 ) (-776 -1024 -120 ) (-776 -1024 -52 ) (-776 0 -52 ) 
4 1051 1111 (-776 -1024 0 ) (-1024 -1024 0 ) (-1024 -1024 -120 ) (-776 -1024 -120 ) 
4 1051 1060 (-1024 -1024 -120 ) (-1024 -1024 0 ) (-1024 0 0 ) (-1024 0 -120 ) 
4 1052 1116 (0 -1024 -248 ) (0 -1024 -166 ) (-1024 -1024 -166 ) (-1024 -1024 -248 ) 
4 1052 1061 (-1024 -1024 -248 ) (-1024 -1024 -166 ) (-1024 0 -166 ) (-1024 0 -248 ) 
4 1053 1059 (-1024 0 0 ) (-1024 0 696 ) (-2048 0 696 ) (-2048 0 0 ) 
4 1053 1056 (-2048 1024 696 ) (-2048 1024 0 ) (-2048 0 0 ) (-2048 0 696 ) 
4 1053 1054 (-1024 0 0 ) (-2048 0 0 ) (-2048 1024 0 ) (-1024 1024 0 ) 
4 1054 1060 (-1024 0 -120 ) (-1024 0 0 ) (-2048 0 0 ) (-2048 0 -120 ) 
4 1054 1057 (-2048 1024 0 ) (-2048 1024 -120 ) (-2048 0 -120 ) (-2048 0 0 ) 
4 1055 1061 (-1024 0 -248 ) (-1024 0 -166 ) (-2048 0 -166 ) (-2048 0 -248 ) 
4 1055 1058 (-2048 1024 -166 ) (-2048 1024 -248 ) (-2048 0 -248 ) (-2048 0 -166 ) 
4 1056 1135 (-3072 1024 696 ) (-3072 1024 0 ) (-3072 0 0 ) (-3072 0 696 ) 
4 1056 1062 (-2048 0 0 ) (-2048 0 696 ) (-3072 0 696 ) (-3072 0 0 ) 
4 1056 1057 (-3072 1024 0 ) (-2048 1024 0 ) (-2048 0 0 ) (-3072 0 0 ) 
4 1057 1136 (-3072 1024 0 ) (-3072 1024 -120 ) (-3072 0 -120 ) (-3072 0 0 ) 
4 1057 1063 (-2048 0 -120 ) (-2048 0 0 ) (-3072 0 0 ) (-3072 0 -120 ) 
4 1058 1137 (-3072 1024 -166 ) (-3072 1024 -248 ) (-3072 0 -248 ) (-3072 0 -166 ) 
4 1058 1064 (-2048 0 -248 ) (-2048 0 -166 ) (-3072 0 -166 ) (-3072 0 -248 ) 
4 1059 1117 (-1024 -1024 0 ) (-1024 -1024 696 ) (-2048 -1024 696 ) (-2048 -1024 0 ) 
4 1059 1062 (-2048 0 696 ) (-2048 0 0 ) (-2048 -1024 0 ) (-2048 -1024 696 ) 
4 1059 1060 (-2048 0 0 ) (-1024 0 0 ) (-1024 -1024 0 ) (-2048 -1024 0 ) 
4 1060 1118 (-1024 -1024 -120 ) (-1024 -1024 0 ) (-2048 -1024 0 ) (-2048 -1024 -120 ) 
4 1060 1063 (-2048 0 0 ) (-2048 0 -120 ) (-2048 -1024 -120 ) (-2048 -1024 0 ) 
4 1061 1119 (-1024 -1024 -248 ) (-1024 -1024 -166 ) (-2048 -1024 -166 ) (-2048 -1024 -248 ) 
4 1061 1064 (-2048 0 -166 ) (-2048 0 -248 ) (-2048 -1024 -248 ) (-2048 -1024 -166 ) 
4 1062 1138 (-3072 -1024 0 ) (-3072 -1024 696 ) (-3072 0 696 ) (-3072 0 0 ) 
4 1062 1120 (-2048 -1024 0 ) (-2048 -1024 696 ) (-3072 -1024 696 ) (-3072 -1024 0 ) 
4 1062 1063 (-2048 0 0 ) (-2048 -1024 0 ) (-3072 -1024 0 ) (-3072 0 0 ) 
4 1063 1139 (-3072 -1024 -120 ) (-3072 -1024 0 ) (-3072 0 0 ) (-3072 0 -120 ) 
4 1063 1121 (-2048 -1024 -120 ) (-2048 -1024 0 ) (-3072 -1024 0 ) (-3072 -1024 -120 ) 
4 1064 1140 (-3072 -1024 -248 ) (-3072 -1024 -166 ) (-3072 0 -166 ) (-3072 0 -248 ) 
4 1064 1122 (-2048 -1024 -248 ) (-2048 -1024 -166 ) (-3072 -1024 -166 ) (-3072 -1024 -248 ) 
4 1065 1123 (0 -2048 224 ) (0 -2048 696 ) (-104 -2048 696 ) (-104 -2048 224 ) 
4 1065 1081 (-104 -1191.989990 224 ) (-104 -2048 224 ) (-104 -2048 240 ) (-104 -1191.989990 240 ) 
4 1065 1080 (-104 -2048 240 ) (-104 -2048 696 ) (-104 -1183.989990 696 ) (-104 -1183.989990 240 ) 
4 1065 1074 (-104 -1024 696 ) (-104 -1024 224 ) (-104 -1183.989990 224 ) (-104 -1183.989990 696 ) 
4 1065 1066 (-104 -1183.989990 224 ) (-104 -1024 224 ) (0 -1024 224 ) (0 -1183.989990 224 ) 
4 1065 1067 (0 -2048 224 ) (-104 -2048 224 ) (-104 -1191.989990 224 ) (0 -1191.989990 224 ) 
4 1066 1068 (-104 -1183.989990 216 ) (-104 -1024 216 ) (0 -1024 216 ) (0 -1183.989990 216 ) 
4 1067 1123 (0 -2048 216 ) (0 -2048 224 ) (-104 -2048 224 ) (-104 -2048 216 ) 
4 1067 1081 (-104 -1191.989990 216 ) (-104 -2048 216 ) (-104 -2048 224 ) (-104 -1191.989990 224 ) 
4 1067 1070 (-104 -2048 216 ) (-104 -1191.989990 216 ) (0 -1191.989990 216 ) (0 -2048 216 ) 
4 1068 1075 (-104 -1024 216 ) (-104 -1024 176 ) (-104 -1183.989990 176 ) (-104 -1183.989990 216 ) 
4 1068 1071 (-104 -1183.989990 168 ) (-104 -1024 168 ) (0 -1024 168 ) (0 -1183.989990 168 ) 
4 1068 1069 (0 -1183.989990 176 ) (0 -1183.989990 216 ) (-104 -1183.989990 216 ) (-104 -1183.989990 176 ) 
4 1069 1070 (0 -1191.989990 176 ) (0 -1191.989990 216 ) (-104 -1191.989990 216 ) (-104 -1191.989990 176 ) 
4 1070 1123 (0 -2048 168 ) (0 -2048 216 ) (-104 -2048 216 ) (-104 -2048 168 ) 
4 1070 1081 (-104 -1191.989990 168 ) (-104 -2048 168 ) (-104 -2048 216 ) (-104 -1191.989990 216 ) 
4 1070 1071 (-104 -1343.989990 168 ) (-104 -1191.989990 168 ) (0 -1191.989990 168 ) (0 -1343.989990 168 ) 
4 1070 1073 (0 -2048 168 ) (-104 -2048 168 ) (-104 -1343.989990 168 ) (0 -1343.989990 168 ) 
4 1071 1083 (-104 -1191.989990 64 ) (-104 -1343.989990 64 ) (-104 -1343.989990 96 ) (-104 -1191.989990 96 ) 
4 1071 1081 (-104 -1343.989990 96 ) (-104 -1343.989990 168 ) (-104 -1191.989990 168 ) (-104 -1191.989990 96 ) 
4 1071 1076 (-104 -1024 168 ) (-104 -1024 64 ) (-104 -1183.989990 64 ) (-104 -1183.989990 168 ) 
4 1071 1073 (0 -1343.989990 168 ) (-104 -1343.989990 168 ) (-104 -1343.989990 64 ) (0 -1343.989990 64 ) 
4 1072 1108 (-104 -1024 0 ) (0 -1024 0 ) (0 -1343.989990 0 ) (-104 -1343.989990 0 ) 
4 1072 1084 (-104 -1191.989990 0 ) (-104 -1343.989990 0 ) (-104 -1343.989990 58 ) (-104 -1191.989990 58 ) 
4 1072 1078 (-104 -1024 58 ) (-104 -1024 0 ) (-104 -1183.989990 0 ) (-104 -1183.989990 58 ) 
4 1072 1073 (-104 -1343.989990 58 ) (-104 -1343.989990 0 ) (0 -1343.989990 0 ) (0 -1343.989990 58 ) 
4 1073 1123 (0 -2048 0 ) (0 -2048 168 ) (-104 -2048 168 ) (-104 -2048 0 ) 
4 1073 1108 (0 -1343.989990 0 ) (0 -2048 0 ) (-104 -2048 0 ) (-104 -1343.989990 0 ) 
4 1073 1085 (-104 -1343.989990 0 ) (-104 -2048 0 ) (-104 -2048 96 ) (-104 -1343.989990 96 ) 
4 1073 1081 (-104 -2048 96 ) (-104 -2048 168 ) (-104 -1343.989990 168 ) (-104 -1343.989990 96 ) 
4 1074 1080 (-104 -1183.989990 240 ) (-104 -1183.989990 696 ) (-112 -1183.989990 696 ) (-112 -1183.989990 240 ) 
4 1074 1077 (-112 -1183.989990 224 ) (-112 -1183.989990 696 ) (-112 -1024 696 ) (-112 -1024 224 ) 
4 1075 1077 (-112 -1183.989990 176 ) (-112 -1183.989990 216 ) (-112 -1024 216 ) (-112 -1024 176 ) 
4 1076 1077 (-112 -1024 64 ) (-112 -1183.989990 64 ) (-112 -1183.989990 168 ) (-112 -1024 168 ) 
4 1077 1117 (-1024 -1183.989990 696 ) (-1024 -1024 696 ) (-1024 -1024 64 ) (-1024 -1183.989990 64 ) 
4 1077 1102 (-395.703949 -1183.989990 64 ) (-363.554993 -1183.989990 64 ) (-363.554840 -1183.989990 96 ) (-395.704102 -1183.989990 96 ) 
4 1077 1099 (-448 -1183.989990 64 ) (-395.703949 -1183.989990 64 ) (-395.704102 -1183.989990 96 ) (-448 -1183.989990 96 ) 
4 1077 1101 (-500.493134 -1183.989990 64 ) (-448 -1183.989990 64 ) (-448 -1183.989990 96 ) (-500.493164 -1183.989990 96 ) 
4 1077 1098 (-871.382813 -1183.989990 64 ) (-500.493134 -1183.989990 64 ) (-500.493164 -1183.989990 96 ) (-871.383545 -1183.989990 96 ) 
4 1077 1095 (-1024 -1183.989990 96 ) (-1024 -1183.989990 64 ) (-871.382813 -1183.989990 64 ) (-871.383545 -1183.989990 96 ) 
4 1077 1086 (-363.554993 -1183.989990 64 ) (-112 -1183.989990 64 ) (-112 -1183.989990 96 ) (-363.554840 -1183.989990 96 ) 
4 1077 1082 (-1024 -1183.989990 240 ) (-1024 -1183.989990 96 ) (-112 -1183.989990 96 ) (-112 -1183.989990 240 ) 
4 1077 1080 (-112 -1183.989990 696 ) (-1024 -1183.989990 696 ) (-1024 -1183.989990 240 ) (-112 -1183.989990 240 ) 
4 1077 1079 (-448 -1183.989990 64 ) (-1024 -1183.989990 64 ) (-1024 -1024 64 ) (-448 -1024 64 ) 
4 1078 1113 (-337.599670 -1024 0 ) (-305.287720 -1024 0 ) (-363.555298 -1183.989990 0 ) (-395.703674 -1183.989990 0 ) 
4 1078 1112 (-448 -1024 0 ) (-337.599670 -1024 0 ) (-395.703674 -1183.989990 0 ) (-448 -1183.989990 0 ) 
4 1078 1108 (-305.287720 -1024 0 ) (-104 -1024 0 ) (-104 -1183.989990 0 ) (-363.555298 -1183.989990 0 ) 
4 1078 1103 (-395.703674 -1183.989990 0 ) (-363.555298 -1183.989990 0 ) (-363.555054 -1183.989990 58 ) (-395.703918 -1183.989990 58 ) 
4 1078 1100 (-448 -1183.989990 0 ) (-395.703674 -1183.989990 0 ) (-395.703918 -1183.989990 58 ) (-448 -1183.989990 58 ) 
4 1078 1087 (-363.555298 -1183.989990 0 ) (-112 -1183.989990 0 ) (-112 -1183.989990 58 ) (-363.555054 -1183.989990 58 ) 
4 1078 1079 (-448 -1024 0 ) (-448 -1183.989990 0 ) (-448 -1183.989990 58 ) (-448 -1024 58 ) 
4 1079 1117 (-1024 -1024 64 ) (-1024 -1024 0 ) (-1024 -1183.989990 0 ) (-1024 -1183.989990 64 ) 
4 1079 1112 (-558.815308 -1024 0 ) (-448 -1024 0 ) (-448 -1183.989990 0 ) (-500.493195 -1183.989990 0 ) 
5 1079 1111 (-1024 -1128.414307 0 ) (-1024 -1024 0 ) (-558.815308 -1024 0 ) (-500.493195 -1183.989990 0 ) (-871.382080 -1183.989990 0 ) 
3 1079 1110 (-1024 -1183.989990 0 ) (-1024 -1128.414307 0 ) (-871.382080 -1183.989990 0 ) 
4 1079 1101 (-500.493164 -1183.989990 0 ) (-448 -1183.989990 0 ) (-448 -1183.989990 64 ) (-500.493164 -1183.989990 64 ) 
4 1079 1098 (-871.382080 -1183.989990 0 ) (-500.493164 -1183.989990 0 ) (-500.493164 -1183.989990 64 ) (-871.382813 -1183.989990 64 ) 
4 1079 1095 (-1024 -1183.989990 0 ) (-871.382080 -1183.989990 0 ) (-871.382813 -1183.989990 64 ) (-1024 -1183.989990 64 ) 
4 1080 1123 (-1024 -2048 696 ) (-1024 -2048 240 ) (-104 -2048 240 ) (-104 -2048 696 ) 
4 1080 1117 (-1024 -2048 240 ) (-1024 -2048 696 ) (-1024 -1183.989990 696 ) (-1024 -1183.989990 240 ) 
4 1080 1081 (-104 -1191.989990 240 ) (-104 -2048 240 ) (-112 -2048 240 ) (-112 -1191.989990 240 ) 
4 1080 1082 (-1024 -2048 240 ) (-1024 -1183.989990 240 ) (-112 -1183.989990 240 ) (-112 -2048 240 ) 
4 1081 1123 (-112 -2048 96 ) (-104 -2048 96 ) (-104 -2048 240 ) (-112 -2048 240 ) 
4 1081 1083 (-104 -1191.989990 96 ) (-104 -1343.989990 96 ) (-112 -1343.989990 96 ) (-112 -1191.989990 96 ) 
4 1081 1085 (-104 -1343.989990 96 ) (-104 -2048 96 ) (-112 -2048 96 ) (-112 -1343.989990 96 ) 
4 1081 1082 (-112 -1191.989990 96 ) (-112 -2048 96 ) (-112 -2048 240 ) (-112 -1191.989990 240 ) 
4 1082 1123 (-1024 -2048 240 ) (-1024 -2048 96 ) (-112 -2048 96 ) (-112 -2048 240 ) 
4 1082 1117 (-1024 -2048 96 ) (-1024 -2048 240 ) (-1024 -1183.989990 240 ) (-1024 -1183.989990 96 ) 
3 1082 1105 (-431.996094 -1311.988647 96 ) (-423.027466 -1308.727173 96 ) (-420.284485 -1316.245972 96 ) 
3 1082 1104 (-406.839539 -1302.840332 96 ) (-416 -1327.991455 96 ) (-423.027466 -1308.727173 96 ) 
4 1082 1102 (-395.704102 -1183.989990 96 ) (-363.554810 -1183.989990 96 ) (-406.839539 -1302.840332 96 ) (-443.740845 -1316.259644 96 ) 
3 1082 1099 (-448 -1183.989990 96 ) (-395.704102 -1183.989990 96 ) (-448 -1327.988525 96 ) 
3 1082 1101 (-500.493164 -1183.989990 96 ) (-448 -1183.989990 96 ) (-448 -1327.988525 96 ) 
3 1082 1096 (-448 -1327.989868 96 ) (-443.723145 -1339.722168 96 ) (-448 -1338.164795 96 ) 
4 1082 1098 (-871.383484 -1183.989990 96 ) (-500.493164 -1183.989990 96 ) (-448 -1327.989868 96 ) (-448 -1338.164795 96 ) 
3 1082 1092 (-448 -1338.164795 96 ) (-432.001587 -1343.990601 96 ) (-448 -1343.989990 96 ) 
3 1082 1094 (-432.001587 -1343.990601 96 ) (-448 -1349.815918 96 ) (-448 -1343.989990 96 ) 
5 1082 1095 (-1024 -1183.989990 96 ) (-871.383484 -1183.989990 96 ) (-448 -1338.164795 96 ) (-448 -1349.815918 96 ) (-1024 -1559.548340 96 ) 
3 1082 1089 (-420.270630 -1339.719116 96 ) (-421.826050 -1343.989990 96 ) (-432 -1343.989990 96 ) 
5 1082 1091 (-421.826050 -1343.989990 96 ) (-678.223206 -2048 96 ) (-1024 -2048 96 ) (-1024 -1559.548340 96 ) (-432 -1343.989990 96 ) 
4 1082 1086 (-363.554810 -1183.989990 96 ) (-112 -1183.989990 96 ) (-112 -1343.989990 96 ) (-421.826050 -1343.989990 96 ) 
4 1082 1088 (-112 -1343.989990 96 ) (-112 -2048 96 ) (-678.223206 -2048 96 ) (-421.826050 -1343.989990 96 ) 
4 1083 1086 (-112 -1343.989990 96 ) (-112 -1191.989990 96 ) (-112 -1191.989990 64 ) (-112 -1343.989990 64 ) 
4 1083 1085 (-112 -1343.989990 96 ) (-112 -1343.989990 64 ) (-104 -1343.989990 64 ) (-104 -1343.989990 96 ) 
4 1084 1108 (-104 -1191.989990 0 ) (-104 -1343.989990 0 ) (-112 -1343.989990 0 ) (-112 -1191.989990 0 ) 
4 1084 1087 (-112 -1191.989990 0 ) (-112 -1343.989990 0 ) (-112 -1343.989990 58 ) (-112 -1191.989990 58 ) 
4 1084 1085 (-112 -1343.989990 58 ) (-112 -1343.989990 0 ) (-104 -1343.989990 0 ) (-104 -1343.989990 58 ) 
4 1085 1123 (-112 -2048 0 ) (-104 -2048 0 ) (-104 -2048 96 ) (-112 -2048 96 ) 
4 1085 1108 (-104 -1343.989990 0 ) (-104 -2048 0 ) (-112 -2048 0 ) (-112 -1343.989990 0 ) 
4 1085 1088 (-112 -2048 96 ) (-112 -1343.989990 96 ) (-112 -1343.989990 0 ) (-112 -2048 0 ) 
4 1086 1104 (-416 -1327.991211 96 ) (-406.839630 -1302.840332 96 ) (-406.839752 -1302.840332 64 ) (-416 -1327.991089 64 ) 
4 1086 1102 (-406.839630 -1302.840332 96 ) (-363.554688 -1183.989990 96 ) (-363.554840 -1183.989990 64 ) (-406.839752 -1302.840332 64 ) 
4 1086 1089 (-421.826233 -1343.989990 96 ) (-420.270782 -1339.719116 96 ) (-420.270905 -1339.719238 64 ) (-421.826294 -1343.989990 64 ) 
4 1086 1088 (-421.825714 -1343.989990 96 ) (-421.825867 -1343.989990 64 ) (-112 -1343.989990 64 ) (-112 -1343.989990 96 ) 
4 1087 1108 (-363.555237 -1183.989990 0 ) (-112 -1183.989990 0 ) (-112 -1343.989990 0 ) (-421.826477 -1343.989990 0 ) 
4 1087 1106 (-406.839905 -1302.840454 0 ) (-416 -1327.991089 0 ) (-416 -1327.991211 58 ) (-406.839752 -1302.840454 58 ) 
4 1087 1103 (-363.554871 -1183.989990 58 ) (-363.555145 -1183.989990 0 ) (-406.839905 -1302.840454 0 ) (-406.839752 -1302.840454 58 ) 
4 1087 1090 (-420.270996 -1339.719238 0 ) (-421.826385 -1343.989990 0 ) (-421.826294 -1343.989990 58 ) (-420.270905 -1339.719238 58 ) 
4 1087 1088 (-421.825897 -1343.989990 58 ) (-421.826172 -1343.989990 0 ) (-112 -1343.989990 0 ) (-112 -1343.989990 58 ) 
4 1088 1123 (-678.223633 -2048 0 ) (-112 -2048 0 ) (-112 -2048 96 ) (-678.223206 -2048 96 ) 
4 1088 1108 (-112 -1343.989990 0 ) (-112 -2048 0 ) (-678.223633 -2048 0 ) (-421.826477 -1343.989990 0 ) 
4 1088 1091 (-678.224609 -2048 96 ) (-421.826233 -1343.989990 96 ) (-421.826385 -1343.989990 0 ) (-678.223511 -2048 0 ) 
4 1089 1091 (-432 -1343.989990 96 ) (-432 -1343.989990 64 ) (-421.827484 -1343.989990 64 ) (-421.827332 -1343.989990 96 ) 
3 1090 1109 (-432 -1343.989990 0 ) (-420.271088 -1339.719238 0 ) (-421.826477 -1343.989990 0 ) 
4 1090 1091 (-432 -1343.989990 58 ) (-432 -1343.989990 0 ) (-421.827789 -1343.989990 0 ) (-421.827515 -1343.989990 58 ) 
4 1091 1123 (-1024 -2048 96 ) (-1024 -2048 0 ) (-678.223633 -2048 0 ) (-678.223206 -2048 96 ) 
4 1091 1117 (-1024 -2048 0 ) (-1024 -2048 96 ) (-1024 -1559.548340 96 ) (-1024 -1559.548340 0 ) 
5 1091 1109 (-1024 -2048 0 ) (-1024 -1559.548340 0 ) (-432 -1343.989990 0 ) (-421.826477 -1343.989990 0 ) (-678.223633 -2048 0 ) 
4 1091 1094 (-432.001099 -1343.989990 0 ) (-448 -1349.815552 0 ) (-448 -1349.815430 96 ) (-432.001343 -1343.989990 96 ) 
4 1091 1095 (-448 -1349.815552 0 ) (-1024 -1559.547974 0 ) (-1024 -1559.546875 96 ) (-448 -1349.815430 96 ) 
4 1092 1096 (-443.723663 -1339.720825 64 ) (-448 -1338.163574 64 ) (-448 -1338.163818 96 ) (-443.723602 -1339.721069 96 ) 
4 1092 1095 (-448 -1338.164551 96 ) (-448 -1338.164307 64 ) (-448 -1343.989990 64 ) (-448 -1343.989990 96 ) 
4 1092 1094 (-448 -1343.989990 96 ) (-448 -1343.989990 64 ) (-432.001068 -1343.989990 64 ) (-432.001495 -1343.989990 96 ) 
3 1093 1110 (-448 -1338.164307 0 ) (-432 -1343.990356 0 ) (-448 -1343.989990 0 ) 
4 1093 1097 (-443.723816 -1339.720459 0 ) (-448 -1338.163330 0 ) (-448 -1338.163574 58 ) (-443.723663 -1339.720825 58 ) 
4 1093 1094 (-448 -1343.989990 58 ) (-448 -1343.989990 0 ) (-432 -1343.989990 0 ) (-432 -1343.989990 58 ) 
4 1093 1095 (-448 -1338.164307 58 ) (-448 -1338.164063 0 ) (-448 -1343.989990 0 ) (-448 -1343.989990 58 ) 
3 1094 1110 (-432 -1343.990356 0 ) (-448 -1349.815918 0 ) (-448 -1343.989990 0 ) 
4 1094 1095 (-448 -1343.989990 0 ) (-448 -1349.816162 0 ) (-448 -1349.816162 96 ) (-448 -1343.989990 96 ) 
4 1095 1117 (-1024 -1559.548340 96 ) (-1024 -1183.989990 96 ) (-1024 -1183.989990 0 ) (-1024 -1559.548340 0 ) 
5 1095 1110 (-1024 -1559.548340 0 ) (-1024 -1183.989990 0 ) (-871.382080 -1183.989990 0 ) (-448 -1338.164307 0 ) (-448 -1349.815918 0 ) 
4 1095 1098 (-448 -1338.163330 0 ) (-871.377563 -1183.989990 0 ) (-871.378906 -1183.989990 96 ) (-448 -1338.163818 96 ) 
4 1096 1098 (-448 -1327.990234 96 ) (-448 -1327.990234 64 ) (-448 -1338.163086 64 ) (-448 -1338.163330 96 ) 
3 1097 1111 (-448 -1327.989990 0 ) (-443.723358 -1339.721680 0 ) (-448 -1338.164307 0 ) 
4 1097 1098 (-448 -1327.990234 58 ) (-448 -1327.990234 0 ) (-448 -1338.162842 0 ) (-448 -1338.163086 58 ) 
4 1098 1111 (-871.382080 -1183.989990 0 ) (-500.493164 -1183.989990 0 ) (-448 -1327.989990 0 ) (-448 -1338.164307 0 ) 
4 1098 1101 (-448 -1327.990601 0 ) (-500.494141 -1183.989990 0 ) (-500.494141 -1183.989990 96 ) (-448 -1327.990601 96 ) 
4 1099 1102 (-443.742371 -1316.260254 64 ) (-395.705414 -1183.989990 64 ) (-395.705566 -1183.989990 96 ) (-443.742554 -1316.260254 96 ) 
4 1099 1101 (-448 -1327.987427 64 ) (-448 -1327.987061 96 ) (-448 -1183.989990 96 ) (-448 -1183.989990 64 ) 
3 1100 1112 (-448 -1183.989990 0 ) (-395.703674 -1183.989990 0 ) (-448 -1327.989258 0 ) 
4 1100 1103 (-443.742035 -1316.260010 0 ) (-395.705109 -1183.989990 0 ) (-395.705383 -1183.989990 58 ) (-443.742371 -1316.260254 58 ) 
4 1100 1101 (-448 -1327.988281 0 ) (-448 -1327.987549 58 ) (-448 -1183.989990 58 ) (-448 -1183.989990 0 ) 
3 1101 1112 (-500.493164 -1183.989990 0 ) (-448 -1183.989990 0 ) (-448 -1327.989258 0 ) 
4 1102 1105 (-432 -1311.987915 64 ) (-423.028046 -1308.725586 64 ) (-423.028046 -1308.725586 96 ) (-431.998413 -1311.987671 96 ) 
4 1102 1104 (-423.028046 -1308.725586 64 ) (-406.839569 -1302.838623 64 ) (-406.839386 -1302.838501 96 ) (-423.028046 -1308.725586 96 ) 
4 1103 1113 (-395.703674 -1183.989990 0 ) (-363.555237 -1183.989990 0 ) (-406.839996 -1302.840454 0 ) (-443.740356 -1316.259521 0 ) 
4 1103 1107 (-432 -1311.988281 0 ) (-423.028046 -1308.725586 0 ) (-423.028046 -1308.725586 58 ) (-432 -1311.987915 58 ) 
4 1103 1106 (-423.028046 -1308.725586 0 ) (-406.839905 -1302.838745 0 ) (-406.839600 -1302.838623 58 ) (-423.028046 -1308.725586 58 ) 
4 1104 1105 (-423.027344 -1308.730469 96 ) (-423.027344 -1308.730469 64 ) (-420.285583 -1316.245850 64 ) (-420.285736 -1316.245361 96 ) 
3 1106 1114 (-406.839996 -1302.840454 0 ) (-416 -1327.990845 0 ) (-423.027496 -1308.727173 0 ) 
4 1106 1107 (-420.284027 -1316.246582 58 ) (-423.027344 -1308.726563 58 ) (-423.027344 -1308.726563 0 ) (-420.283661 -1316.247437 0 ) 
3 1107 1115 (-431.997772 -1311.989258 0 ) (-423.027496 -1308.727173 0 ) (-420.283936 -1316.247437 0 ) 
4 1108 1124 (0 -2048 -120 ) (0 -2048 0 ) (-678.223633 -2048 0 ) (-678.224182 -2048 -120 ) 
4 1108 1114 (-406.841522 -1302.841064 -120 ) (-416 -1327.989136 -120 ) (-416 -1327.992065 0 ) (-406.838989 -1302.840210 0 ) 
4 1108 1113 (-305.289063 -1024 -120 ) (-406.841522 -1302.841064 -120 ) (-406.838989 -1302.840210 0 ) (-305.286743 -1024 0 ) 
4 1108 1109 (-420.272583 -1339.719849 -120 ) (-678.224609 -2048 -120 ) (-678.222656 -2048 0 ) (-420.270081 -1339.718994 0 ) 
4 1109 1124 (-678.223633 -2048 0 ) (-1024 -2048 0 ) (-1024 -2048 -120 ) (-678.224182 -2048 -120 ) 
4 1109 1118 (-1024 -2048 -120 ) (-1024 -2048 0 ) (-1024 -1559.548340 0 ) (-1024 -1559.548340 -120 ) 
4 1109 1110 (-432 -1343.989746 -120 ) (-1024 -1559.548096 -120 ) (-1024 -1559.548828 0 ) (-432.001465 -1343.990112 0 ) 
4 1110 1118 (-1024 -1559.548340 0 ) (-1024 -1128.414307 0 ) (-1024 -1128.413696 -120 ) (-1024 -1559.548340 -120 ) 
4 1110 1111 (-443.724060 -1339.719849 -120 ) (-1024 -1128.412720 -120 ) (-1024 -1128.412842 0 ) (-443.723816 -1339.720459 0 ) 
4 1111 1118 (-1024 -1128.414307 0 ) (-1024 -1024 0 ) (-1024 -1024 -120 ) (-1024 -1128.413696 -120 ) 
4 1111 1112 (-448 -1327.990234 -120 ) (-558.815430 -1024 -120 ) (-558.815674 -1024 0 ) (-448 -1327.989502 0 ) 
4 1112 1113 (-443.741425 -1316.259888 -120 ) (-337.600616 -1024 -120 ) (-337.601563 -1024 0 ) (-443.742035 -1316.260010 0 ) 
4 1113 1115 (-432.002594 -1311.989136 -120 ) (-423.028076 -1308.725464 -120 ) (-423.028076 -1308.725464 0 ) (-432 -1311.988281 0 ) 
4 1113 1114 (-423.028076 -1308.725464 -120 ) (-406.840546 -1302.838867 -120 ) (-406.839905 -1302.838623 0 ) (-423.028076 -1308.725464 0 ) 
4 1114 1115 (-423.027344 -1308.728516 0 ) (-423.027344 -1308.728516 -120 ) (-420.283752 -1316.249023 -120 ) (-420.284424 -1316.247192 0 ) 
4 1116 1125 (0 -2048 -248 ) (0 -2048 -166 ) (-1024 -2048 -166 ) (-1024 -2048 -248 ) 
4 1116 1119 (-1024 -2048 -248 ) (-1024 -2048 -166 ) (-1024 -1024 -166 ) (-1024 -1024 -248 ) 
4 1117 1127 (-1024 -2048 0 ) (-1024 -2048 696 ) (-2048 -2048 696 ) (-2048 -2048 0 ) 
4 1117 1120 (-2048 -1024 696 ) (-2048 -1024 0 ) (-2048 -2048 0 ) (-2048 -2048 696 ) 
4 1117 1118 (-1024 -2048 0 ) (-2048 -2048 0 ) (-2048 -1024 0 ) (-1024 -1024 0 ) 
4 1118 1128 (-1024 -2048 -120 ) (-1024 -2048 0 ) (-2048 -2048 0 ) (-2048 -2048 -120 ) 
4 1118 1121 (-2048 -1024 0 ) (-2048 -1024 -120 ) (-2048 -2048 -120 ) (-2048 -2048 0 ) 
4 1119 1129 (-1024 -2048 -248 ) (-1024 -2048 -166 ) (-2048 -2048 -166 ) (-2048 -2048 -248 ) 
4 1119 1122 (-2048 -1024 -166 ) (-2048 -1024 -248 ) (-2048 -2048 -248 ) (-2048 -2048 -166 ) 
4 1120 1149 (-3072 -2048 0 ) (-3072 -2048 696 ) (-3072 -1024 696 ) (-3072 -1024 0 ) 
4 1120 1131 (-3072 -2048 696 ) (-3072 -2048 0 ) (-2048 -2048 0 ) (-2048 -2048 696 ) 
4 1120 1121 (-3072 -2048 0 ) (-3072 -1024 0 ) (-2048 -1024 0 ) (-2048 -2048 0 ) 
4 1121 1150 (-3072 -2048 -120 ) (-3072 -2048 0 ) (-3072 -1024 0 ) (-3072 -1024 -120 ) 
4 1121 1132 (-3072 -2048 0 ) (-3072 -2048 -120 ) (-2048 -2048 -120 ) (-2048 -2048 0 ) 
4 1122 1151 (-3072 -2048 -248 ) (-3072 -2048 -166 ) (-3072 -1024 -166 ) (-3072 -1024 -248 ) 
4 1122 1133 (-3072 -2048 -166 ) (-3072 -2048 -248 ) (-2048 -2048 -248 ) (-2048 -2048 -166 ) 
4 1123 1127 (-1024 -2048 696 ) (-1024 -2048 0 ) (-1024 -2552 0 ) (-1024 -2552 696 ) 
4 1123 1126 (-1024 -2552 0 ) (-1024 -2432 0 ) (0 -2432 0 ) (0 -2552 0 ) 
4 1123 1124 (-1024 -2432 0 ) (-1024 -2048 0 ) (0 -2048 0 ) (0 -2432 0 ) 
4 1124 1128 (-1024 -2048 0 ) (-1024 -2048 -120 ) (-1024 -2432 -120 ) (-1024 -2432 0 ) 
4 1124 1126 (0 -2432 -120 ) (0 -2432 0 ) (-1024 -2432 0 ) (-1024 -2432 -120 ) 
4 1125 1129 (-1024 -2048 -166 ) (-1024 -2048 -248 ) (-1024 -2432 -248 ) (-1024 -2432 -166 ) 
4 1125 1126 (-1024 -2432 -248 ) (0 -2432 -248 ) (0 -2432 -166 ) (-1024 -2432 -166 ) 
4 1126 1130 (-1024 -2432 -248 ) (-1024 -2552 -248 ) (-1024 -2552 0 ) (-1024 -2432 0 ) 
4 1127 1131 (-2048 -2048 696 ) (-2048 -2048 0 ) (-2048 -2552 0 ) (-2048 -2552 696 ) 
4 1127 1130 (-2048 -2552 0 ) (-2048 -2432 0 ) (-1024 -2432 0 ) (-1024 -2552 0 ) 
4 1127 1128 (-2048 -2432 0 ) (-2048 -2048 0 ) (-1024 -2048 0 ) (-1024 -2432 0 ) 
4 1128 1132 (-2048 -2048 0 ) (-2048 -2048 -120 ) (-2048 -2432 -120 ) (-2048 -2432 0 ) 
4 1128 1130 (-1024 -2432 -120 ) (-1024 -2432 0 ) (-2048 -2432 0 ) (-2048 -2432 -120 ) 
4 1129 1133 (-2048 -2048 -166 ) (-2048 -2048 -248 ) (-2048 -2432 -248 ) (-2048 -2432 -166 ) 
4 1129 1130 (-2048 -2432 -248 ) (-1024 -2432 -248 ) (-1024 -2432 -166 ) (-2048 -2432 -166 ) 
4 1130 1134 (-2048 -2432 -248 ) (-2048 -2552 -248 ) (-2048 -2552 0 ) (-2048 -2432 0 ) 
4 1131 1156 (-3072 -2552 696 ) (-3072 -2048 696 ) (-3072 -2048 0 ) (-3072 -2552 0 ) 
4 1131 1134 (-2048 -2432 0 ) (-2048 -2552 0 ) (-3072 -2552 0 ) (-3072 -2432 0 ) 
4 1131 1132 (-2048 -2048 0 ) (-2048 -2432 0 ) (-3072 -2432 0 ) (-3072 -2048 0 ) 
4 1132 1157 (-3072 -2432 0 ) (-3072 -2048 0 ) (-3072 -2048 -120 ) (-3072 -2432 -120 ) 
4 1132 1134 (-2048 -2432 -120 ) (-2048 -2432 0 ) (-3072 -2432 0 ) (-3072 -2432 -120 ) 
4 1133 1158 (-3072 -2048 -166 ) (-3072 -2048 -248 ) (-3072 -2432 -248 ) (-3072 -2432 -166 ) 
4 1133 1134 (-3072 -2432 -248 ) (-2048 -2432 -248 ) (-2048 -2432 -166 ) (-3072 -2432 -166 ) 
4 1134 1159 (-3072 -2552 0 ) (-3072 -2432 0 ) (-3072 -2432 -248 ) (-3072 -2552 -248 ) 
4 1135 1141 (-4096 1024 696 ) (-4096 1024 0 ) (-4096 0 0 ) (-4096 0 696 ) 
4 1135 1138 (-3072 0 0 ) (-3072 0 696 ) (-4096 0 696 ) (-4096 0 0 ) 
4 1135 1136 (-4096 0 0 ) (-4096 1024 0 ) (-3072 1024 0 ) (-3072 0 0 ) 
4 1136 1142 (-4096 1024 0 ) (-4096 1024 -120 ) (-4096 0 -120 ) (-4096 0 0 ) 
4 1136 1139 (-3072 0 -120 ) (-3072 0 0 ) (-4096 0 0 ) (-4096 0 -120 ) 
4 1137 1143 (-4096 1024 -166 ) (-4096 1024 -248 ) (-4096 0 -248 ) (-4096 0 -166 ) 
4 1137 1140 (-3072 0 -248 ) (-3072 0 -166 ) (-4096 0 -166 ) (-4096 0 -248 ) 
4 1138 1149 (-3072 -1024 0 ) (-3072 -1024 696 ) (-4096 -1024 696 ) (-4096 -1024 0 ) 
4 1138 1145 (-4096 -1024 0 ) (-4096 -1024 696 ) (-4096 0 696 ) (-4096 0 0 ) 
4 1138 1139 (-4096 -1024 0 ) (-4096 0 0 ) (-3072 0 0 ) (-3072 -1024 0 ) 
4 1139 1150 (-3072 -1024 -120 ) (-3072 -1024 0 ) (-4096 -1024 0 ) (-4096 -1024 -120 ) 
4 1139 1146 (-4096 -1024 -120 ) (-4096 -1024 0 ) (-4096 0 0 ) (-4096 0 -120 ) 
4 1140 1151 (-3072 -1024 -248 ) (-3072 -1024 -166 ) (-4096 -1024 -166 ) (-4096 -1024 -248 ) 
4 1140 1147 (-4096 -1024 -248 ) (-4096 -1024 -166 ) (-4096 0 -166 ) (-4096 0 -248 ) 
4 1141 1145 (-4096 0 0 ) (-4096 0 696 ) (-4472 0 696 ) (-4472 0 0 ) 
4 1141 1144 (-4352 0 0 ) (-4472 0 0 ) (-4472 1024 0 ) (-4352 1024 0 ) 
4 1141 1142 (-4096 0 0 ) (-4352 0 0 ) (-4352 1024 0 ) (-4096 1024 0 ) 
4 1142 1146 (-4096 0 -120 ) (-4096 0 0 ) (-4352 0 0 ) (-4352 0 -120 ) 
4 1142 1144 (-4352 0 -120 ) (-4352 0 0 ) (-4352 1024 0 ) (-4352 1024 -120 ) 
4 1143 1147 (-4096 0 -248 ) (-4096 0 -166 ) (-4352 0 -166 ) (-4352 0 -248 ) 
4 1143 1144 (-4352 1024 -248 ) (-4352 0 -248 ) (-4352 0 -166 ) (-4352 1024 -166 ) 
4 1144 1148 (-4352 0 0 ) (-4472 0 0 ) (-4472 0 -248 ) (-4352 0 -248 ) 
4 1145 1152 (-4096 -1024 0 ) (-4096 -1024 696 ) (-4472 -1024 696 ) (-4472 -1024 0 ) 
4 1145 1148 (-4472 0 0 ) (-4352 0 0 ) (-4352 -1024 0 ) (-4472 -1024 0 ) 
4 1145 1146 (-4352 0 0 ) (-4096 0 0 ) (-4096 -1024 0 ) (-4352 -1024 0 ) 
4 1146 1153 (-4096 -1024 -120 ) (-4096 -1024 0 ) (-4352 -1024 0 ) (-4352 -1024 -120 ) 
4 1146 1148 (-4352 -1024 -120 ) (-4352 -1024 0 ) (-4352 0 0 ) (-4352 0 -120 ) 
4 1147 1154 (-4096 -1024 -248 ) (-4096 -1024 -166 ) (-4352 -1024 -166 ) (-4352 -1024 -248 ) 
4 1147 1148 (-4352 0 -248 ) (-4352 -1024 -248 ) (-4352 -1024 -166 ) (-4352 0 -166 ) 
4 1148 1155 (-4352 -1024 0 ) (-4472 -1024 0 ) (-4472 -1024 -248 ) (-4352 -1024 -248 ) 
4 1149 1156 (-3072 -2048 0 ) (-3072 -2048 696 ) (-4096 -2048 696 ) (-4096 -2048 0 ) 
4 1149 1152 (-4096 -2048 0 ) (-4096 -2048 696 ) (-4096 -1024 696 ) (-4096 -1024 0 ) 
4 1149 1150 (-3072 -2048 0 ) (-4096 -2048 0 ) (-4096 -1024 0 ) (-3072 -1024 0 ) 
4 1150 1157 (-3072 -2048 -120 ) (-3072 -2048 0 ) (-4096 -2048 0 ) (-4096 -2048 -120 ) 
4 1150 1153 (-4096 -2048 -120 ) (-4096 -2048 0 ) (-4096 -1024 0 ) (-4096 -1024 -120 ) 
4 1151 1158 (-3072 -2048 -248 ) (-3072 -2048 -166 ) (-4096 -2048 -166 ) (-4096 -2048 -248 ) 
4 1151 1154 (-4096 -2048 -248 ) (-4096 -2048 -166 ) (-4096 -1024 -166 ) (-4096 -1024 -248 ) 
4 1152 1160 (-4096 -2048 0 ) (-4096 -2048 696 ) (-4472 -2048 696 ) (-4472 -2048 0 ) 
4 1152 1155 (-4352 -2048 0 ) (-4472 -2048 0 ) (-4472 -1024 0 ) (-4352 -1024 0 ) 
4 1152 1153 (-4096 -2048 0 ) (-4352 -2048 0 ) (-4352 -1024 0 ) (-4096 -1024 0 ) 
4 1153 1161 (-4096 -2048 -120 ) (-4096 -2048 0 ) (-4352 -2048 0 ) (-4352 -2048 -120 ) 
4 1153 1155 (-4352 -2048 -120 ) (-4352 -2048 0 ) (-4352 -1024 0 ) (-4352 -1024 -120 ) 
4 1154 1163 (-4096 -2048 -248 ) (-4096 -2048 -166 ) (-4352 -2048 -166 ) (-4352 -2048 -248 ) 
4 1154 1155 (-4352 -1024 -248 ) (-4352 -2048 -248 ) (-4352 -2048 -166 ) (-4352 -1024 -166 ) 
4 1155 1164 (-4472 -2048 -120 ) (-4472 -2048 -248 ) (-4352 -2048 -248 ) (-4352 -2048 -120 ) 
4 1155 1162 (-4352 -2048 0 ) (-4472 -2048 0 ) (-4472 -2048 -120 ) (-4352 -2048 -120 ) 
4 1156 1160 (-4096 -2048 696 ) (-4096 -2048 0 ) (-4096 -2552 0 ) (-4096 -2552 696 ) 
4 1156 1159 (-4096 -2552 0 ) (-4096 -2432 0 ) (-3072 -2432 0 ) (-3072 -2552 0 ) 
4 1156 1157 (-4096 -2432 0 ) (-4096 -2048 0 ) (-3072 -2048 0 ) (-3072 -2432 0 ) 
4 1157 1161 (-4096 -2048 0 ) (-4096 -2048 -120 ) (-4096 -2432 -120 ) (-4096 -2432 0 ) 
4 1157 1159 (-3072 -2432 -120 ) (-3072 -2432 0 ) (-4096 -2432 0 ) (-4096 -2432 -120 ) 
4 1158 1163 (-4096 -2048 -166 ) (-4096 -2048 -248 ) (-4096 -2432 -248 ) (-4096 -2432 -166 ) 
4 1158 1159 (-4096 -2432 -248 ) (-3072 -2432 -248 ) (-3072 -2432 -166 ) (-4096 -2432 -166 ) 
4 1159 1165 (-4096 -2432 -248 ) (-4096 -2552 -248 ) (-4096 -2552 0 ) (-4096 -2432 0 ) 
4 1160 1165 (-4472 -2552 0 ) (-4472 -2432 0 ) (-4096 -2432 0 ) (-4096 -2552 0 ) 
4 1160 1162 (-4472 -2432 0 ) (-4472 -2048 0 ) (-4352 -2048 0 ) (-4352 -2432 0 ) 
4 1160 1161 (-4352 -2048 0 ) (-4096 -2048 0 ) (-4096 -2432 0 ) (-4352 -2432 0 ) 
4 1161 1165 (-4352 -2432 -120 ) (-4096 -2432 -120 ) (-4096 -2432 0 ) (-4352 -2432 0 ) 
4 1161 1162 (-4352 -2048 -120 ) (-4352 -2432 -120 ) (-4352 -2432 0 ) (-4352 -2048 0 ) 
4 1162 1165 (-4472 -2432 0 ) (-4472 -2432 -120 ) (-4352 -2432 -120 ) (-4352 -2432 0 ) 
4 1162 1164 (-4352 -2432 -120 ) (-4472 -2432 -120 ) (-4472 -2048 -120 ) (-4352 -2048 -120 ) 
4 1163 1165 (-4352 -2432 -248 ) (-4096 -2432 -248 ) (-4096 -2432 -166 ) (-4352 -2432 -166 ) 
4 1163 1164 (-4352 -2048 -248 ) (-4352 -2432 -248 ) (-4352 -2432 -166 ) (-4352 -2048 -166 ) 
4 1164 1165 (-4472 -2432 -120 ) (-4472 -2432 -248 ) (-4352 -2432 -248 ) (-4352 -2432 -120 ) 
