PRT1
1070
3587
4 0 5 (4096.220215 4096 620.299988 ) (4096 4096 620.299988 ) (4096 4096 -288.299988 ) (4096.220215 4096 -288.299988 ) 
4 0 4 (4096 4096 -288.299988 ) (4096 4096 -166 ) (4096 4736 -166 ) (4096 4736 -288.299988 ) 
4 0 3 (4096 4096 -120 ) (4096 4096 0 ) (4096 4736 0 ) (4096 4736 -120 ) 
4 0 2 (4096 4736 0 ) (4096 4736.250000 0 ) (4096 4736.250000 -288.299988 ) (4096 4736 -288.299988 ) 
4 0 1 (4096 4096 0 ) (4096 4096 620.299988 ) (4096 4736.250000 620.299988 ) (4096 4736.250000 0 ) 
4 1 17 (3072 4096 0 ) (3072 4096 620.299988 ) (3072 4736.250000 620.299988 ) (3072 4736.250000 0 ) 
4 1 6 (4096 4096 0 ) (4096 4096 620.299988 ) (3072 4096 620.299988 ) (3072 4096 0 ) 
4 1 3 (4096 4736 0 ) (4096 4096 0 ) (3072 4096 0 ) (3072 4736 0 ) 
4 1 2 (4096 4736.250000 0 ) (4096 4736 0 ) (3072 4736 0 ) (3072 4736.250000 0 ) 
4 2 18 (3072 4736 -288.299988 ) (3072 4736 0 ) (3072 4736.250000 0 ) (3072 4736.250000 -288.299988 ) 
4 2 4 (3072 4736 -166 ) (3072 4736 -288.299988 ) (4096 4736 -288.299988 ) (4096 4736 -166 ) 
4 2 3 (4096 4736 0 ) (3072 4736 0 ) (3072 4736 -120 ) (4096 4736 -120 ) 
4 3 19 (3072 4096 -120 ) (3072 4096 0 ) (3072 4736 0 ) (3072 4736 -120 ) 
4 3 7 (4096 4096 -120 ) (4096 4096 0 ) (3072 4096 0 ) (3072 4096 -120 ) 
4 4 20 (3072 4096 -288.299988 ) (3072 4096 -166 ) (3072 4736 -166 ) (3072 4736 -288.299988 ) 
4 4 8 (4096 4096 -288.299988 ) (4096 4096 -166 ) (3072 4096 -166 ) (3072 4096 -288.299988 ) 
4 5 9 (4096.220215 3072 620.299988 ) (4096 3072 620.299988 ) (4096 3072 -288.299988 ) (4096.220215 3072 -288.299988 ) 
4 5 8 (4096 4096 -166 ) (4096 4096 -288.299988 ) (4096 3072 -288.299988 ) (4096 3072 -166 ) 
4 5 7 (4096 4096 0 ) (4096 4096 -120 ) (4096 3072 -120 ) (4096 3072 0 ) 
4 5 6 (4096 4096 620.299988 ) (4096 4096 0 ) (4096 3072 0 ) (4096 3072 620.299988 ) 
4 6 29 (3072 3072 0 ) (3072 3072 620.299988 ) (3072 4096 620.299988 ) (3072 4096 0 ) 
4 6 10 (3072 3072 620.299988 ) (3072 3072 0 ) (4096 3072 0 ) (4096 3072 620.299988 ) 
4 6 7 (3072 3072 0 ) (3072 4096 0 ) (4096 4096 0 ) (4096 3072 0 ) 
4 7 30 (3072 3072 -120 ) (3072 3072 0 ) (3072 4096 0 ) (3072 4096 -120 ) 
4 7 11 (3072 3072 0 ) (3072 3072 -120 ) (4096 3072 -120 ) (4096 3072 0 ) 
4 8 31 (3072 3072 -288.299988 ) (3072 3072 -166 ) (3072 4096 -166 ) (3072 4096 -288.299988 ) 
4 8 12 (3072 3072 -166 ) (3072 3072 -288.299988 ) (4096 3072 -288.299988 ) (4096 3072 -166 ) 
4 9 13 (4096.220215 2048 620.299988 ) (4096 2048 620.299988 ) (4096 2048 -288.299988 ) (4096.220215 2048 -288.299988 ) 
4 9 12 (4096 3072 -166 ) (4096 3072 -288.299988 ) (4096 2048 -288.299988 ) (4096 2048 -166 ) 
4 9 11 (4096 3072 0 ) (4096 3072 -120 ) (4096 2048 -120 ) (4096 2048 0 ) 
4 9 10 (4096 3072 620.299988 ) (4096 3072 0 ) (4096 2048 0 ) (4096 2048 620.299988 ) 
4 10 38 (3072 2048 0 ) (3072 2048 620.299988 ) (3072 3072 620.299988 ) (3072 3072 0 ) 
4 10 14 (3072 2048 620.299988 ) (3072 2048 0 ) (4096 2048 0 ) (4096 2048 620.299988 ) 
4 10 11 (4096 3072 0 ) (4096 2048 0 ) (3072 2048 0 ) (3072 3072 0 ) 
4 11 39 (3072 2048 -120 ) (3072 2048 0 ) (3072 3072 0 ) (3072 3072 -120 ) 
4 11 15 (3072 2048 0 ) (3072 2048 -120 ) (4096 2048 -120 ) (4096 2048 0 ) 
4 12 40 (3072 2048 -288.299988 ) (3072 2048 -166 ) (3072 3072 -166 ) (3072 3072 -288.299988 ) 
4 12 16 (3072 2048 -166 ) (3072 2048 -288.299988 ) (4096 2048 -288.299988 ) (4096 2048 -166 ) 
4 13 103 (4096.220215 1024 620.299988 ) (4096 1024 620.299988 ) (4096 1024 -288.299988 ) (4096.220215 1024 -288.299988 ) 
4 13 16 (4096 2048 -166 ) (4096 2048 -288.299988 ) (4096 1024 -288.299988 ) (4096 1024 -166 ) 
4 13 15 (4096 2048 0 ) (4096 2048 -120 ) (4096 1024 -120 ) (4096 1024 0 ) 
4 13 14 (4096 2048 620.299988 ) (4096 2048 0 ) (4096 1024 0 ) (4096 1024 620.299988 ) 
4 14 104 (4096 1024 0 ) (4096 1024 620.299988 ) (3072 1024 620.299988 ) (3072 1024 0 ) 
4 14 41 (3072 1024 0 ) (3072 1024 620.299988 ) (3072 2048 620.299988 ) (3072 2048 0 ) 
4 14 15 (3072 1024 0 ) (3072 2048 0 ) (4096 2048 0 ) (4096 1024 0 ) 
4 15 105 (4096 1024 -120 ) (4096 1024 0 ) (3072 1024 0 ) (3072 1024 -120 ) 
4 15 42 (3072 1024 -120 ) (3072 1024 0 ) (3072 2048 0 ) (3072 2048 -120 ) 
4 16 106 (4096 1024 -288.299988 ) (4096 1024 -166 ) (3072 1024 -166 ) (3072 1024 -288.299988 ) 
4 16 43 (3072 1024 -288.299988 ) (3072 1024 -166 ) (3072 2048 -166 ) (3072 2048 -288.299988 ) 
4 17 29 (3072 4096 0 ) (3072 4096 620.299988 ) (2048 4096 620.299988 ) (2048 4096 0 ) 
4 17 21 (2048 4096 0 ) (2048 4096 620.299988 ) (2048 4736.250000 620.299988 ) (2048 4736.250000 0 ) 
4 17 19 (2048 4096 0 ) (2048 4736 0 ) (3072 4736 0 ) (3072 4096 0 ) 
4 17 18 (2048 4736 0 ) (2048 4736.250000 0 ) (3072 4736.250000 0 ) (3072 4736 0 ) 
4 18 22 (2048 4736 -288.299988 ) (2048 4736 0 ) (2048 4736.250000 0 ) (2048 4736.250000 -288.299988 ) 
4 18 20 (3072 4736 -288.299988 ) (3072 4736 -166 ) (2048 4736 -166 ) (2048 4736 -288.299988 ) 
4 18 19 (3072 4736 -120 ) (3072 4736 0 ) (2048 4736 0 ) (2048 4736 -120 ) 
4 19 30 (3072 4096 -120 ) (3072 4096 0 ) (2048 4096 0 ) (2048 4096 -120 ) 
4 19 23 (2048 4096 -120 ) (2048 4096 0 ) (2048 4736 0 ) (2048 4736 -120 ) 
4 20 31 (3072 4096 -288.299988 ) (3072 4096 -166 ) (2048 4096 -166 ) (2048 4096 -288.299988 ) 
4 20 24 (2048 4096 -288.299988 ) (2048 4096 -166 ) (2048 4736 -166 ) (2048 4736 -288.299988 ) 
4 21 32 (2048 4096 0 ) (2048 4096 620.299988 ) (1024 4096 620.299988 ) (1024 4096 0 ) 
4 21 25 (1024 4096 0 ) (1024 4096 620.299988 ) (1024 4736.250000 620.299988 ) (1024 4736.250000 0 ) 
4 21 23 (2048 4736 0 ) (2048 4096 0 ) (1024 4096 0 ) (1024 4736 0 ) 
4 21 22 (2048 4736.250000 0 ) (2048 4736 0 ) (1024 4736 0 ) (1024 4736.250000 0 ) 
4 22 26 (1024 4736 -288.299988 ) (1024 4736 0 ) (1024 4736.250000 0 ) (1024 4736.250000 -288.299988 ) 
4 22 24 (1024 4736 -166 ) (1024 4736 -288.299988 ) (2048 4736 -288.299988 ) (2048 4736 -166 ) 
4 22 23 (2048 4736 0 ) (1024 4736 0 ) (1024 4736 -120 ) (2048 4736 -120 ) 
4 23 33 (2048 4096 -120 ) (2048 4096 0 ) (1024 4096 0 ) (1024 4096 -120 ) 
4 23 27 (1024 4096 -120 ) (1024 4096 0 ) (1024 4736 0 ) (1024 4736 -120 ) 
4 24 34 (2048 4096 -288.299988 ) (2048 4096 -166 ) (1024 4096 -166 ) (1024 4096 -288.299988 ) 
4 24 28 (1024 4096 -288.299988 ) (1024 4096 -166 ) (1024 4736 -166 ) (1024 4736 -288.299988 ) 
4 25 713 (0 4096 0 ) (0 4096 620.299988 ) (0 4736.250000 620.299988 ) (0 4736.250000 0 ) 
4 25 35 (1024 4096 0 ) (1024 4096 620.299988 ) (0 4096 620.299988 ) (0 4096 0 ) 
4 25 27 (1024 4736 0 ) (1024 4096 0 ) (0 4096 0 ) (0 4736 0 ) 
4 25 26 (1024 4736.250000 0 ) (1024 4736 0 ) (0 4736 0 ) (0 4736.250000 0 ) 
4 26 714 (0 4736 -288.299988 ) (0 4736 0 ) (0 4736.250000 0 ) (0 4736.250000 -288.299988 ) 
4 26 28 (0 4736 -166 ) (0 4736 -288.299988 ) (1024 4736 -288.299988 ) (1024 4736 -166 ) 
4 26 27 (1024 4736 0 ) (0 4736 0 ) (0 4736 -120 ) (1024 4736 -120 ) 
4 27 715 (0 4096 -120 ) (0 4096 0 ) (0 4736 0 ) (0 4736 -120 ) 
4 27 36 (1024 4096 -120 ) (1024 4096 0 ) (0 4096 0 ) (0 4096 -120 ) 
4 28 716 (0 4096 -288.299988 ) (0 4096 -166 ) (0 4736 -166 ) (0 4736 -288.299988 ) 
4 28 37 (1024 4096 -288.299988 ) (1024 4096 -166 ) (0 4096 -166 ) (0 4096 -288.299988 ) 
4 29 38 (3072 3072 0 ) (3072 3072 620.299988 ) (2048 3072 620.299988 ) (2048 3072 0 ) 
4 29 32 (2048 3072 0 ) (2048 3072 620.299988 ) (2048 4096 620.299988 ) (2048 4096 0 ) 
4 29 30 (3072 3072 0 ) (2048 3072 0 ) (2048 4096 0 ) (3072 4096 0 ) 
4 30 39 (3072 3072 -120 ) (3072 3072 0 ) (2048 3072 0 ) (2048 3072 -120 ) 
4 30 33 (2048 3072 -120 ) (2048 3072 0 ) (2048 4096 0 ) (2048 4096 -120 ) 
4 31 40 (3072 3072 -288.299988 ) (3072 3072 -166 ) (2048 3072 -166 ) (2048 3072 -288.299988 ) 
4 31 34 (2048 3072 -288.299988 ) (2048 3072 -166 ) (2048 4096 -166 ) (2048 4096 -288.299988 ) 
4 32 44 (2048 3072 0 ) (2048 3072 620.299988 ) (1024 3072 620.299988 ) (1024 3072 0 ) 
4 32 35 (1024 4096 620.299988 ) (1024 4096 0 ) (1024 3072 0 ) (1024 3072 620.299988 ) 
4 32 33 (2048 3072 0 ) (1024 3072 0 ) (1024 4096 0 ) (2048 4096 0 ) 
4 33 45 (2048 3072 -120 ) (2048 3072 0 ) (1024 3072 0 ) (1024 3072 -120 ) 
4 33 36 (1024 4096 0 ) (1024 4096 -120 ) (1024 3072 -120 ) (1024 3072 0 ) 
4 34 46 (2048 3072 -288.299988 ) (2048 3072 -166 ) (1024 3072 -166 ) (1024 3072 -288.299988 ) 
4 34 37 (1024 4096 -166 ) (1024 4096 -288.299988 ) (1024 3072 -288.299988 ) (1024 3072 -166 ) 
4 35 725 (0 3072 0 ) (0 3072 620.299988 ) (0 4096 620.299988 ) (0 4096 0 ) 
4 35 51 (0 3072 88 ) (0 3072 0 ) (1024 3072 0 ) (1024 3072 88 ) 
4 35 48 (268 3072 88 ) (873 3072 88 ) (873 3072 620.299988 ) (268 3072 620.299988 ) 
4 35 47 (873 3072 88 ) (1024 3072 88 ) (1024 3072 620.299988 ) (873 3072 620.299988 ) 
4 35 50 (0 3072 620.299988 ) (0 3072 88 ) (268 3072 88 ) (268 3072 620.299988 ) 
4 35 36 (0 3072 0 ) (0 4096 0 ) (1024 4096 0 ) (1024 3072 0 ) 
4 36 726 (0 3072 -120 ) (0 3072 0 ) (0 4096 0 ) (0 4096 -120 ) 
4 36 64 (0 3072 0 ) (0 3072 -120 ) (1024 3072 -120 ) (1024 3072 0 ) 
4 37 727 (0 3072 -288.299988 ) (0 3072 -166 ) (0 4096 -166 ) (0 4096 -288.299988 ) 
4 37 65 (0 3072 -166 ) (0 3072 -288.299988 ) (1024 3072 -288.299988 ) (1024 3072 -166 ) 
4 38 44 (2048 3072 620.299988 ) (2048 3072 0 ) (2048 2048 0 ) (2048 2048 620.299988 ) 
4 38 41 (3072 2048 0 ) (3072 2048 620.299988 ) (2048 2048 620.299988 ) (2048 2048 0 ) 
4 38 39 (2048 2048 0 ) (2048 3072 0 ) (3072 3072 0 ) (3072 2048 0 ) 
4 39 45 (2048 3072 0 ) (2048 3072 -120 ) (2048 2048 -120 ) (2048 2048 0 ) 
4 39 42 (3072 2048 -120 ) (3072 2048 0 ) (2048 2048 0 ) (2048 2048 -120 ) 
4 40 46 (2048 3072 -166 ) (2048 3072 -288.299988 ) (2048 2048 -288.299988 ) (2048 2048 -166 ) 
4 40 43 (3072 2048 -288.299988 ) (3072 2048 -166 ) (2048 2048 -166 ) (2048 2048 -288.299988 ) 
4 41 120 (3072 1024 0 ) (3072 1024 620.299988 ) (2048 1024 620.299988 ) (2048 1024 0 ) 
4 41 67 (2048 1024 0 ) (2048 1024 80 ) (2048 2048 80 ) (2048 2048 0 ) 
4 41 66 (2048 1024 80 ) (2048 1024 620.299988 ) (2048 2048 620.299988 ) (2048 2048 80 ) 
4 41 42 (2048 1024 0 ) (2048 2048 0 ) (3072 2048 0 ) (3072 1024 0 ) 
4 42 121 (3072 1024 -120 ) (3072 1024 0 ) (2048 1024 0 ) (2048 1024 -120 ) 
4 42 73 (2048 1024 -120 ) (2048 1024 0 ) (2048 2048 0 ) (2048 2048 -120 ) 
4 43 122 (3072 1024 -288.299988 ) (3072 1024 -166 ) (2048 1024 -166 ) (2048 1024 -288.299988 ) 
4 43 74 (2048 1024 -288.299988 ) (2048 1024 -166 ) (2048 2048 -166 ) (2048 2048 -288.299988 ) 
4 44 70 (1056 2048 80 ) (1024 2048 80 ) (1024 2048 0 ) (1056 2048 0 ) 
4 44 68 (1152 2048 80 ) (1056 2048 80 ) (1056 2048 0 ) (1152 2048 0 ) 
4 44 67 (2048 2048 0 ) (2048 2048 80 ) (1152 2048 80 ) (1152 2048 0 ) 
4 44 66 (2048 2048 80 ) (2048 2048 620.299988 ) (1024 2048 620.299988 ) (1024 2048 80 ) 
4 44 61 (1024 2072.010254 0 ) (1024 2048 0 ) (1024 2048 107 ) (1024 2072.010254 107 ) 
4 44 59 (1024 2048 107 ) (1024 2048 256 ) (1024 2072.010254 256 ) (1024 2072.010254 107 ) 
4 44 56 (1024 2048 256 ) (1024 2048 620.299988 ) (1024 2072.010254 620.299988 ) (1024 2072.010254 256 ) 
4 44 52 (1024 2072.010254 48 ) (1024 2072.010254 88 ) (1024 2080.010254 88 ) (1024 2080.010254 48 ) 
4 44 55 (1024 2080.010254 0 ) (1024 2072.010254 0 ) (1024 2072.010254 48 ) (1024 2080.010254 48 ) 
4 44 51 (1024 3072 88 ) (1024 3072 0 ) (1024 2080.010254 0 ) (1024 2080.010254 88 ) 
4 44 47 (1024 3072 620.299988 ) (1024 3072 88 ) (1024 2072.010254 88 ) (1024 2072.010254 620.299988 ) 
4 44 45 (2048 2048 0 ) (1024 2048 0 ) (1024 3072 0 ) (2048 3072 0 ) 
4 45 73 (2048 2048 -120 ) (2048 2048 0 ) (1024 2048 0 ) (1024 2048 -120 ) 
4 45 64 (1024 3072 0 ) (1024 3072 -120 ) (1024 2048 -120 ) (1024 2048 0 ) 
4 46 74 (2048 2048 -288.299988 ) (2048 2048 -166 ) (1024 2048 -166 ) (1024 2048 -288.299988 ) 
4 46 65 (1024 3072 -166 ) (1024 3072 -288.299988 ) (1024 2048 -288.299988 ) (1024 2048 -166 ) 
4 47 61 (1024 2072.010254 88 ) (1024 2072.010254 107 ) (873 2072.010254 107 ) (873 2072.010254 88 ) 
4 47 59 (1024 2072.010254 107 ) (1024 2072.010254 256 ) (873 2072.010254 256 ) (873 2072.010254 107 ) 
4 47 56 (1024 2072.010254 256 ) (1024 2072.010254 620.299988 ) (873 2072.010254 620.299988 ) (873 2072.010254 256 ) 
4 47 52 (1024 2072.010254 88 ) (873 2072.010254 88 ) (873 2080.010254 88 ) (1024 2080.010254 88 ) 
4 47 51 (873 2080.010254 88 ) (873 3072 88 ) (1024 3072 88 ) (1024 2080.010254 88 ) 
4 47 49 (873 2072.010254 264 ) (873 2072.010254 620.299988 ) (873 2080.010254 620.299988 ) (873 2080.010254 264 ) 
4 47 48 (873 3072 88 ) (873 2080.010254 88 ) (873 2080.010254 620.299988 ) (873 3072 620.299988 ) 
4 48 51 (268 2080.010254 88 ) (268 3072 88 ) (873 3072 88 ) (873 2080.010254 88 ) 
4 48 49 (268 2080.010254 620.299988 ) (268 2080.010254 264 ) (873 2080.010254 264 ) (873 2080.010254 620.299988 ) 
4 48 50 (268 3072 88 ) (268 2080.010254 88 ) (268 2080.010254 620.299988 ) (268 3072 620.299988 ) 
4 49 57 (873 2072.010254 620.299988 ) (268 2072.010254 620.299988 ) (268 2072.010254 264 ) (873 2072.010254 264 ) 
4 49 50 (268 2072.010254 264 ) (268 2072.010254 620.299988 ) (268 2080.010254 620.299988 ) (268 2080.010254 264 ) 
4 50 734 (0 3072 620.299988 ) (0 3072 88 ) (0 2072.010254 88 ) (0 2072.010254 620.299988 ) 
4 50 63 (0 2072.010254 107 ) (0 2072.010254 88 ) (268 2072.010254 88 ) (268 2072.010254 107 ) 
4 50 60 (0 2072.010254 256 ) (0 2072.010254 107 ) (268 2072.010254 107 ) (268 2072.010254 256 ) 
4 50 58 (268 2072.010254 620.299988 ) (0 2072.010254 620.299988 ) (0 2072.010254 256 ) (268 2072.010254 256 ) 
4 50 54 (268 2072.010254 88 ) (0 2072.010254 88 ) (0 2080.010254 88 ) (268 2080.010254 88 ) 
4 50 51 (0 2080.010254 88 ) (0 3072 88 ) (268 3072 88 ) (268 2080.010254 88 ) 
4 51 734 (0 3072 88 ) (0 3072 0 ) (0 2080.010254 0 ) (0 2080.010254 88 ) 
4 51 64 (1024 3072 0 ) (1024 2080.010254 0 ) (0 2080.010254 0 ) (0 3072 0 ) 
4 51 54 (296 2080.010254 88 ) (0 2080.010254 88 ) (0 2080.010254 48 ) (296 2080.010254 48 ) 
4 51 52 (1024 2080.010254 48 ) (1024 2080.010254 88 ) (862 2080.010254 88 ) (862 2080.010254 48 ) 
4 51 53 (854 2080.010254 88 ) (304 2080.010254 88 ) (304 2080.010254 48 ) (854 2080.010254 48 ) 
4 51 55 (0 2080.010254 0 ) (1024 2080.010254 0 ) (1024 2080.010254 48 ) (0 2080.010254 48 ) 
4 52 62 (873 2072.010254 88 ) (862 2072.010254 88 ) (862 2072.010254 48 ) (873 2072.010254 48 ) 
4 52 61 (1024 2072.010254 48 ) (1024 2072.010254 88 ) (873 2072.010254 88 ) (873 2072.010254 48 ) 
4 52 55 (1024 2072.010254 48 ) (862 2072.010254 48 ) (862 2080.010254 48 ) (1024 2080.010254 48 ) 
4 53 62 (854 2072.010254 88 ) (304 2072.010254 88 ) (304 2072.010254 48 ) (854 2072.010254 48 ) 
4 53 55 (854 2072.010254 48 ) (304 2072.010254 48 ) (304 2080.010254 48 ) (854 2080.010254 48 ) 
4 54 734 (0 2072.010254 48 ) (0 2072.010254 88 ) (0 2080.010254 88 ) (0 2080.010254 48 ) 
4 54 62 (296 2072.010254 88 ) (268 2072.010254 88 ) (268 2072.010254 48 ) (296 2072.010254 48 ) 
4 54 63 (268 2072.010254 88 ) (0 2072.010254 88 ) (0 2072.010254 48 ) (268 2072.010254 48 ) 
4 54 55 (296 2072.010254 48 ) (0 2072.010254 48 ) (0 2080.010254 48 ) (296 2080.010254 48 ) 
4 55 734 (0 2080.010254 0 ) (0 2072.010254 0 ) (0 2072.010254 48 ) (0 2080.010254 48 ) 
4 55 64 (1024 2080.010254 0 ) (1024 2072.010254 0 ) (0 2072.010254 0 ) (0 2080.010254 0 ) 
4 55 62 (268 2072.010254 0 ) (873 2072.010254 0 ) (873 2072.010254 48 ) (268 2072.010254 48 ) 
4 55 61 (873 2072.010254 0 ) (1024 2072.010254 0 ) (1024 2072.010254 48 ) (873 2072.010254 48 ) 
4 55 63 (0 2072.010254 0 ) (268 2072.010254 0 ) (268 2072.010254 48 ) (0 2072.010254 48 ) 
4 56 75 (873 2048 256 ) (1024 2048 256 ) (1024 2048 620.299988 ) (873 2048 620.299988 ) 
4 56 59 (873 2072.010254 256 ) (1024 2072.010254 256 ) (1024 2048 256 ) (873 2048 256 ) 
4 56 57 (873 2048 264 ) (873 2048 620.299988 ) (873 2072.010254 620.299988 ) (873 2072.010254 264 ) 
4 57 76 (873 2048 264 ) (873 2048 620.299988 ) (268 2048 620.299988 ) (268 2048 264 ) 
4 57 58 (268 2048 264 ) (268 2048 620.299988 ) (268 2072.010254 620.299988 ) (268 2072.010254 264 ) 
4 58 734 (0 2048 256 ) (0 2048 620.299988 ) (0 2072.010254 620.299988 ) (0 2072.010254 256 ) 
4 58 79 (0 2048 620.299988 ) (0 2048 256 ) (268 2048 256 ) (268 2048 620.299988 ) 
4 58 60 (0 2072.010254 256 ) (268 2072.010254 256 ) (268 2048 256 ) (0 2048 256 ) 
4 59 77 (284 2048 107 ) (873 2048 107 ) (873 2048 256 ) (284 2048 256 ) 
4 59 75 (873 2048 107 ) (1024 2048 107 ) (1024 2048 256 ) (873 2048 256 ) 
4 59 61 (1024 2048 107 ) (873 2048 107 ) (873 2072.010254 107 ) (1024 2072.010254 107 ) 
4 60 734 (0 2048 107 ) (0 2048 256 ) (0 2072.010254 256 ) (0 2072.010254 107 ) 
4 60 79 (0 2048 256 ) (0 2048 107 ) (268 2048 107 ) (268 2048 256 ) 
4 60 63 (268 2048 107 ) (0 2048 107 ) (0 2072.010254 107 ) (268 2072.010254 107 ) 
4 61 80 (873 2048 0 ) (1024 2048 0 ) (1024 2048 107 ) (873 2048 107 ) 
4 61 64 (1024 2072.010254 0 ) (1024 2048 0 ) (873 2048 0 ) (873 2072.010254 0 ) 
4 61 62 (873 2072.010254 99 ) (873 2072.010254 0 ) (873 2048 0 ) (873 2048 99 ) 
4 62 81 (268 2048 0 ) (873 2048 0 ) (873 2048 99 ) (268 2048 99 ) 
4 62 64 (873 2048 0 ) (268 2048 0 ) (268 2072.010254 0 ) (873 2072.010254 0 ) 
4 62 63 (268 2072.010254 99 ) (268 2072.010254 0 ) (268 2048 0 ) (268 2048 99 ) 
4 63 734 (0 2048 0 ) (0 2048 107 ) (0 2072.010254 107 ) (0 2072.010254 0 ) 
4 63 83 (0 2048 107 ) (0 2048 0 ) (268 2048 0 ) (268 2048 107 ) 
4 63 64 (268 2048 0 ) (0 2048 0 ) (0 2072.010254 0 ) (268 2072.010254 0 ) 
4 64 735 (0 2048 -120 ) (0 2048 0 ) (0 3072 0 ) (0 3072 -120 ) 
4 64 101 (0 2048 0 ) (0 2048 -120 ) (1024 2048 -120 ) (1024 2048 0 ) 
4 65 736 (0 2048 -288.299988 ) (0 2048 -166 ) (0 3072 -166 ) (0 3072 -288.299988 ) 
4 65 102 (0 2048 -166 ) (0 2048 -288.299988 ) (1024 2048 -288.299988 ) (1024 2048 -166 ) 
4 66 126 (2048 1024 80 ) (2048 1024 620.299988 ) (1024 1024 620.299988 ) (1024 1024 80 ) 
4 66 100 (1024 1200.010010 80 ) (1024 1024 80 ) (1024 1024 620.299988 ) (1024 1200.010010 620.299988 ) 
4 66 84 (1024 1776.010132 80 ) (1024 1200.010010 80 ) (1024 1200.010010 620.299988 ) (1024 1776.010132 620.299988 ) 
4 66 80 (1024 2048 107 ) (1024 2048 80 ) (1024 1776.010132 80 ) (1024 1776.010132 107 ) 
4 66 75 (1024 2048 620.299988 ) (1024 2048 107 ) (1024 1776.010132 107 ) (1024 1776.010132 620.299988 ) 
4 66 70 (1024 1544.010132 80 ) (1024 2048 80 ) (1056 2048 80 ) (1056 1544.010132 80 ) 
4 66 72 (1056 1024 80 ) (1024 1024 80 ) (1024 1448.010132 80 ) (1056 1448.010132 80 ) 
4 66 68 (1056 1544.010132 80 ) (1056 2048 80 ) (1152 2048 80 ) (1152 1544.010132 80 ) 
4 66 67 (2048 1024 80 ) (1152 1024 80 ) (1152 2048 80 ) (2048 2048 80 ) 
4 67 127 (2048 1024 64 ) (2048 1024 80 ) (1152 1024 80 ) (1152 1024 64 ) 
4 67 133 (2048 1024 0 ) (2048 1024 64 ) (1152 1024 64 ) (1152 1024 0 ) 
4 67 73 (1152 2048 0 ) (2048 2048 0 ) (2048 1024 0 ) (1152 1024 0 ) 
4 67 69 (1152 1544.010132 0 ) (1152 1024 0 ) (1152 1024 64 ) (1152 1544.010132 64 ) 
4 67 68 (1152 2048 0 ) (1152 1544.010132 0 ) (1152 1544.010132 80 ) (1152 2048 80 ) 
4 68 73 (1056 2048 0 ) (1152 2048 0 ) (1152 1544.010132 0 ) (1056 1544.010132 0 ) 
4 68 70 (1056 2048 0 ) (1056 1544.010132 0 ) (1056 1544.010132 80 ) (1056 2048 80 ) 
4 68 69 (1056 1544.010132 64 ) (1056 1544.010132 0 ) (1152 1544.010132 0 ) (1152 1544.010132 64 ) 
4 69 133 (1056 1024 64 ) (1056 1024 0 ) (1152 1024 0 ) (1152 1024 64 ) 
4 69 73 (1152 1544.010132 0 ) (1152 1024 0 ) (1056 1024 0 ) (1056 1544.010132 0 ) 
4 69 71 (1056 1544.010132 0 ) (1056 1448.010132 0 ) (1056 1448.010132 64 ) (1056 1544.010132 64 ) 
4 69 72 (1056 1448.010132 0 ) (1056 1024 0 ) (1056 1024 64 ) (1056 1448.010132 64 ) 
4 70 87 (1024 1544.010132 64 ) (1024 1544.010132 71 ) (1024 1776.010132 71 ) (1024 1776.010132 64 ) 
4 70 91 (1024 1776.010132 0 ) (1024 1544.010132 0 ) (1024 1544.010132 64 ) (1024 1776.010132 64 ) 
4 70 85 (1024 1544.010132 71 ) (1024 1544.010132 80 ) (1024 1776.010132 80 ) (1024 1776.010132 71 ) 
4 70 80 (1024 2048 80 ) (1024 2048 0 ) (1024 1776.010132 0 ) (1024 1776.010132 80 ) 
4 70 73 (1024 2048 0 ) (1056 2048 0 ) (1056 1544.010132 0 ) (1024 1544.010132 0 ) 
4 70 71 (1024 1544.010132 0 ) (1056 1544.010132 0 ) (1056 1544.010132 64 ) (1024 1544.010132 64 ) 
4 71 91 (1024 1544.010132 0 ) (1024 1448.010132 0 ) (1024 1448.010132 64 ) (1024 1544.010132 64 ) 
4 71 73 (1056 1544.010132 0 ) (1056 1448.010132 0 ) (1024 1448.010132 0 ) (1024 1544.010132 0 ) 
4 71 72 (1024 1448.010132 0 ) (1056 1448.010132 0 ) (1056 1448.010132 64 ) (1024 1448.010132 64 ) 
4 72 128 (1056 1024 80 ) (1024 1024 80 ) (1024 1024 64 ) (1056 1024 64 ) 
4 72 133 (1024 1024 64 ) (1024 1024 0 ) (1056 1024 0 ) (1056 1024 64 ) 
4 72 100 (1024 1200.010010 0 ) (1024 1024 0 ) (1024 1024 80 ) (1024 1200.010010 80 ) 
4 72 88 (1024 1200.010010 64 ) (1024 1200.010010 71 ) (1024 1448.010132 71 ) (1024 1448.010132 64 ) 
4 72 91 (1024 1448.010132 0 ) (1024 1200.010010 0 ) (1024 1200.010010 64 ) (1024 1448.010132 64 ) 
4 72 86 (1024 1200.010010 71 ) (1024 1200.010010 80 ) (1024 1448.010132 80 ) (1024 1448.010132 71 ) 
4 72 73 (1056 1448.010132 0 ) (1056 1024 0 ) (1024 1024 0 ) (1024 1448.010132 0 ) 
4 73 134 (2048 1024 -120 ) (2048 1024 0 ) (1024 1024 0 ) (1024 1024 -120 ) 
4 73 101 (1024 2048 0 ) (1024 2048 -120 ) (1024 1024 -120 ) (1024 1024 0 ) 
4 74 135 (2048 1024 -288.299988 ) (2048 1024 -166 ) (1024 1024 -166 ) (1024 1024 -288.299988 ) 
4 74 102 (1024 2048 -166 ) (1024 2048 -288.299988 ) (1024 1024 -288.299988 ) (1024 1024 -166 ) 
4 75 84 (1024 1776.010132 107 ) (1024 1776.010132 620.299988 ) (873 1776.010132 620.299988 ) (873 1776.010132 107 ) 
4 75 80 (1024 1776.010132 107 ) (873 1776.010132 107 ) (873 2048 107 ) (1024 2048 107 ) 
4 75 76 (873 2025.010132 264 ) (873 2025.010132 620.299988 ) (873 2048 620.299988 ) (873 2048 264 ) 
4 75 77 (873 2048 107 ) (873 2025.010132 107 ) (873 2025.010132 256 ) (873 2048 256 ) 
4 75 78 (873 2025.010132 107 ) (873 1776.010132 107 ) (873 1776.010132 620.299988 ) (873 2025.010132 620.299988 ) 
4 76 79 (268 2025.010132 264 ) (268 2025.010132 620.299988 ) (268 2048 620.299988 ) (268 2048 264 ) 
4 76 78 (268 2025.010132 620.299988 ) (268 2025.010132 264 ) (873 2025.010132 264 ) (873 2025.010132 620.299988 ) 
4 77 78 (268 2025.010132 256 ) (268 2025.010132 107 ) (873 2025.010132 107 ) (873 2025.010132 256 ) 
4 77 79 (268 2048 107 ) (268 2025.010132 107 ) (268 2025.010132 256 ) (268 2048 256 ) 
4 78 84 (873 1776.010132 620.299988 ) (268 1776.010132 620.299988 ) (268 1776.010132 107 ) (873 1776.010132 107 ) 
4 78 82 (873 1776.010132 107 ) (268 1776.010132 107 ) (268 2025.010132 107 ) (873 2025.010132 107 ) 
4 78 79 (268 2025.010132 107 ) (268 1776.010132 107 ) (268 1776.010132 620.299988 ) (268 2025.010132 620.299988 ) 
4 79 741 (0 2048 620.299988 ) (0 2048 107 ) (0 1776.010132 107 ) (0 1776.010132 620.299988 ) 
4 79 84 (268 1776.010132 620.299988 ) (0 1776.010132 620.299988 ) (0 1776.010132 107 ) (268 1776.010132 107 ) 
4 79 83 (268 1776.010132 107 ) (0 1776.010132 107 ) (0 2048 107 ) (268 2048 107 ) 
4 80 101 (873 2048 0 ) (1024 2048 0 ) (1024 1776.010132 0 ) (873 1776.010132 0 ) 
4 80 87 (1024 1776.010132 64 ) (1024 1776.010132 71 ) (873 1776.010132 71 ) (873 1776.010132 64 ) 
4 80 91 (873 1776.010132 0 ) (1024 1776.010132 0 ) (1024 1776.010132 64 ) (873 1776.010132 64 ) 
4 80 85 (1024 1776.010132 71 ) (1024 1776.010132 80 ) (873 1776.010132 80 ) (873 1776.010132 71 ) 
4 80 84 (1024 1776.010132 80 ) (1024 1776.010132 107 ) (873 1776.010132 107 ) (873 1776.010132 80 ) 
4 80 81 (873 2048 0 ) (873 2025.010132 0 ) (873 2025.010132 99 ) (873 2048 99 ) 
4 80 82 (873 2025.010132 0 ) (873 1776.010132 0 ) (873 1776.010132 107 ) (873 2025.010132 107 ) 
4 81 101 (268 2048 0 ) (873 2048 0 ) (873 2025.010132 0 ) (268 2025.010132 0 ) 
4 81 82 (268 2025.010132 99 ) (268 2025.010132 0 ) (873 2025.010132 0 ) (873 2025.010132 99 ) 
4 81 83 (268 2048 0 ) (268 2025.010132 0 ) (268 2025.010132 99 ) (268 2048 99 ) 
4 82 101 (873 2025.010132 0 ) (873 1776.010132 0 ) (268 1776.010132 0 ) (268 2025.010132 0 ) 
4 82 97 (762 1776.010132 71 ) (268 1776.010132 71 ) (268 1776.010132 64 ) (762 1776.010132 64 ) 
4 82 95 (768 1776.010132 64 ) (768 1776.010132 65 ) (762 1776.010132 65 ) (762 1776.010132 64 ) 
4 82 99 (268 1776.010132 0 ) (768 1776.010132 0 ) (768 1776.010132 64 ) (268 1776.010132 64 ) 
4 82 92 (770 1776.010132 64 ) (770 1776.010132 67 ) (768 1776.010132 67 ) (768 1776.010132 64 ) 
4 82 94 (768 1776.010132 0 ) (770 1776.010132 0 ) (770 1776.010132 64 ) (768 1776.010132 64 ) 
4 82 89 (770 1776.010132 65 ) (770 1776.010132 64 ) (776 1776.010132 64 ) (776 1776.010132 65 ) 
4 82 87 (873 1776.010132 64 ) (873 1776.010132 71 ) (776 1776.010132 71 ) (776 1776.010132 64 ) 
4 82 91 (770 1776.010132 0 ) (873 1776.010132 0 ) (873 1776.010132 64 ) (770 1776.010132 64 ) 
4 82 85 (873 1776.010132 71 ) (873 1776.010132 80 ) (268 1776.010132 80 ) (268 1776.010132 71 ) 
4 82 84 (873 1776.010132 80 ) (873 1776.010132 107 ) (268 1776.010132 107 ) (268 1776.010132 80 ) 
4 82 83 (268 2025.010132 0 ) (268 1776.010132 0 ) (268 1776.010132 107 ) (268 2025.010132 107 ) 
4 83 741 (0 2048 107 ) (0 2048 0 ) (0 1776.010132 0 ) (0 1776.010132 107 ) 
4 83 101 (0 1776.010132 0 ) (0 2048 0 ) (268 2048 0 ) (268 1776.010132 0 ) 
4 83 97 (268 1776.010132 64 ) (268 1776.010132 71 ) (0 1776.010132 71 ) (0 1776.010132 64 ) 
4 83 99 (0 1776.010132 0 ) (268 1776.010132 0 ) (268 1776.010132 64 ) (0 1776.010132 64 ) 
4 83 85 (268 1776.010132 71 ) (268 1776.010132 80 ) (0 1776.010132 80 ) (0 1776.010132 71 ) 
4 83 84 (268 1776.010132 80 ) (268 1776.010132 107 ) (0 1776.010132 107 ) (0 1776.010132 80 ) 
4 84 768 (0 1575.010132 80 ) (0 1200.010010 80 ) (0 1200.010010 620.299988 ) (0 1575.010132 620.299988 ) 
4 84 742 (0 1626.010132 80 ) (0 1575.010132 80 ) (0 1575.010132 620.299988 ) (0 1626.010132 620.299988 ) 
4 84 741 (0 1776.010132 620.299988 ) (0 1776.010132 80 ) (0 1626.010132 80 ) (0 1626.010132 620.299988 ) 
4 84 100 (0 1200.010010 620.299988 ) (0 1200.010010 80 ) (1024 1200.010010 80 ) (1024 1200.010010 620.299988 ) 
4 84 85 (0 1544.010132 80 ) (0 1776.010132 80 ) (1024 1776.010132 80 ) (1024 1544.010132 80 ) 
4 84 86 (1024 1200.010010 80 ) (0 1200.010010 80 ) (0 1448.010132 80 ) (1024 1448.010132 80 ) 
4 85 769 (0 1575.010132 71 ) (0 1544.010132 71 ) (0 1544.010132 80 ) (0 1575.010132 80 ) 
4 85 743 (0 1626.010132 71 ) (0 1575.010132 71 ) (0 1575.010132 71.750000 ) (0 1626.010132 71.750000 ) 
4 85 742 (0 1575.010132 71.750000 ) (0 1575.010132 80 ) (0 1626.010132 80 ) (0 1626.010132 71.750000 ) 
4 85 741 (0 1776.010132 80 ) (0 1776.010132 71 ) (0 1626.010132 71 ) (0 1626.010132 80 ) 
4 85 97 (0 1544.010132 71 ) (0 1776.010132 71 ) (762 1776.010132 71 ) (762 1544.010132 71 ) 
4 85 87 (776 1776.010132 71 ) (1024 1776.010132 71 ) (1024 1544.010132 71 ) (776 1544.010132 71 ) 
4 86 770 (0 1448.010132 71 ) (0 1200.010010 71 ) (0 1200.010010 80 ) (0 1448.010132 80 ) 
4 86 100 (0 1200.010010 80 ) (0 1200.010010 71 ) (1024 1200.010010 71 ) (1024 1200.010010 80 ) 
4 86 98 (762 1200.010010 71 ) (0 1200.010010 71 ) (0 1448.010132 71 ) (762 1448.010132 71 ) 
4 86 88 (1024 1200.010010 71 ) (776 1200.010010 71 ) (776 1448.010132 71 ) (1024 1448.010132 71 ) 
4 87 89 (776 1776.010132 64 ) (776 1544.010132 64 ) (776 1544.010132 65 ) (776 1776.010132 65 ) 
4 87 91 (776 1544.010132 64 ) (776 1776.010132 64 ) (1024 1776.010132 64 ) (1024 1544.010132 64 ) 
4 88 100 (1024 1200.010010 64 ) (1024 1200.010010 71 ) (776 1200.010010 71 ) (776 1200.010010 64 ) 
4 88 90 (776 1448.010132 64 ) (776 1200.010010 64 ) (776 1200.010010 65 ) (776 1448.010132 65 ) 
4 88 91 (1024 1200.010010 64 ) (776 1200.010010 64 ) (776 1448.010132 64 ) (1024 1448.010132 64 ) 
4 89 92 (770 1776.010132 65 ) (770 1776.010132 64 ) (770 1544.010132 64 ) (770 1544.010132 65 ) 
4 89 91 (770 1544.010132 64 ) (770 1776.010132 64 ) (776 1776.010132 64 ) (776 1544.010132 64 ) 
4 90 100 (770 1200.010010 65 ) (770 1200.010010 64 ) (776 1200.010010 64 ) (776 1200.010010 65 ) 
4 90 93 (770 1200.010010 64 ) (770 1200.010010 65 ) (770 1448.010132 65 ) (770 1448.010132 64 ) 
4 90 91 (776 1200.010010 64 ) (770 1200.010010 64 ) (770 1448.010132 64 ) (776 1448.010132 64 ) 
4 91 101 (770 1776.010132 0 ) (1024 1776.010132 0 ) (1024 1200.010010 0 ) (770 1200.010010 0 ) 
4 91 100 (770 1200.010010 0 ) (1024 1200.010010 0 ) (1024 1200.010010 64 ) (770 1200.010010 64 ) 
4 91 94 (770 1200.010010 0 ) (770 1200.010010 64 ) (770 1776.010132 64 ) (770 1776.010132 0 ) 
4 92 95 (768 1776.010132 65 ) (768 1776.010132 64 ) (768 1544.010132 64 ) (768 1544.010132 65 ) 
4 92 94 (768 1544.010132 64 ) (768 1776.010132 64 ) (770 1776.010132 64 ) (770 1544.010132 64 ) 
4 93 100 (770 1200.010010 64 ) (770 1200.010010 67 ) (768 1200.010010 67 ) (768 1200.010010 64 ) 
4 93 96 (768 1200.010010 64 ) (768 1200.010010 65 ) (768 1448.010132 65 ) (768 1448.010132 64 ) 
4 93 94 (768 1200.010010 64 ) (768 1448.010132 64 ) (770 1448.010132 64 ) (770 1200.010010 64 ) 
4 94 101 (768 1776.010132 0 ) (770 1776.010132 0 ) (770 1200.010010 0 ) (768 1200.010010 0 ) 
4 94 100 (768 1200.010010 0 ) (770 1200.010010 0 ) (770 1200.010010 64 ) (768 1200.010010 64 ) 
4 94 99 (768 1200.010010 0 ) (768 1200.010010 64 ) (768 1776.010132 64 ) (768 1776.010132 0 ) 
4 95 97 (762 1776.010132 64 ) (762 1544.010132 64 ) (762 1544.010132 65 ) (762 1776.010132 65 ) 
4 95 99 (762 1776.010132 64 ) (768 1776.010132 64 ) (768 1544.010132 64 ) (762 1544.010132 64 ) 
4 96 100 (762 1200.010010 64 ) (768 1200.010010 64 ) (768 1200.010010 65 ) (762 1200.010010 65 ) 
4 96 98 (762 1448.010132 64 ) (762 1200.010010 64 ) (762 1200.010010 65 ) (762 1448.010132 65 ) 
4 96 99 (768 1448.010132 64 ) (768 1200.010010 64 ) (762 1200.010010 64 ) (762 1448.010132 64 ) 
4 97 769 (0 1575.010132 64 ) (0 1544.010132 64 ) (0 1544.010132 71 ) (0 1575.010132 71 ) 
4 97 743 (0 1626.010132 64 ) (0 1575.010132 64 ) (0 1575.010132 71 ) (0 1626.010132 71 ) 
4 97 741 (0 1776.010132 71 ) (0 1776.010132 64 ) (0 1626.010132 64 ) (0 1626.010132 71 ) 
4 97 99 (0 1776.010132 64 ) (762 1776.010132 64 ) (762 1544.010132 64 ) (0 1544.010132 64 ) 
4 98 770 (0 1448.010132 64 ) (0 1200.010010 64 ) (0 1200.010010 71 ) (0 1448.010132 71 ) 
4 98 100 (0 1200.010010 71 ) (0 1200.010010 64 ) (762 1200.010010 64 ) (762 1200.010010 71 ) 
4 98 99 (762 1448.010132 64 ) (762 1200.010010 64 ) (0 1200.010010 64 ) (0 1448.010132 64 ) 
4 99 773 (0 1575.010132 0 ) (0 1239.788940 0 ) (0 1239.788940 64 ) (0 1575.010132 64 ) 
4 99 771 (0 1239.788940 0 ) (0 1200.010010 0 ) (0 1200.010010 64 ) (0 1239.788940 64 ) 
4 99 746 (0 1575.010132 7 ) (0 1575.010132 41.748001 ) (0 1626.010132 41.748001 ) (0 1626.010132 7 ) 
4 99 747 (0 1626.010132 0 ) (0 1575.010132 0 ) (0 1575.010132 7 ) (0 1626.010132 7 ) 
4 99 745 (0 1575.010132 41.748001 ) (0 1575.010132 51.750000 ) (0 1626.010132 51.750000 ) (0 1626.010132 41.748001 ) 
4 99 744 (0 1575.010132 51.750000 ) (0 1575.010132 61.750000 ) (0 1626.010132 61.750000 ) (0 1626.010132 51.750000 ) 
4 99 743 (0 1575.010132 61.750000 ) (0 1575.010132 64 ) (0 1626.010132 64 ) (0 1626.010132 61.750000 ) 
4 99 741 (0 1776.010132 64 ) (0 1776.010132 0 ) (0 1626.010132 0 ) (0 1626.010132 64 ) 
4 99 101 (0 1200.010010 0 ) (0 1776.010132 0 ) (768 1776.010132 0 ) (768 1200.010010 0 ) 
4 99 100 (0 1200.010010 64 ) (0 1200.010010 0 ) (768 1200.010010 0 ) (768 1200.010010 64 ) 
4 100 771 (0 1024 0 ) (0 1024 64 ) (0 1200.010010 64 ) (0 1200.010010 0 ) 
4 100 770 (0 1024 64 ) (0 1024 80 ) (0 1200.010010 80 ) (0 1200.010010 64 ) 
4 100 768 (0 1024 80 ) (0 1024 620.299988 ) (0 1200.010010 620.299988 ) (0 1200.010010 80 ) 
4 100 142 (1024 1024 64 ) (1024 1024 80 ) (0 1024 80 ) (0 1024 64 ) 
4 100 147 (1024 1024 0 ) (1024 1024 64 ) (0 1024 64 ) (0 1024 0 ) 
4 100 138 (584 1024 108 ) (492 1024 108 ) (492 1024 80 ) (584 1024 80 ) 
4 100 137 (1024 1024 80 ) (1024 1024 108 ) (584 1024 108 ) (584 1024 80 ) 
4 100 141 (492 1024 108 ) (0 1024 108 ) (0 1024 80 ) (492 1024 80 ) 
4 100 136 (1024 1024 108 ) (1024 1024 620.299988 ) (0 1024 620.299988 ) (0 1024 108 ) 
4 100 101 (0 1024 0 ) (0 1200.010010 0 ) (1024 1200.010010 0 ) (1024 1024 0 ) 
4 101 798 (0 1239.788940 0 ) (0 1816.455078 0 ) (0 1816.455078 -120 ) (0 1239.788940 -120 ) 
4 101 797 (0 1024 -120 ) (0 1024 0 ) (0 1239.788940 0 ) (0 1239.788940 -120 ) 
4 101 788 (0 1816.455078 0 ) (0 2048 0 ) (0 2048 -113.250000 ) (0 1816.455078 -113.250000 ) 
4 101 796 (0 2048 -113.250000 ) (0 2048 -120 ) (0 1816.455078 -120 ) (0 1816.455078 -113.250000 ) 
4 101 148 (1024 1024 -120 ) (1024 1024 0 ) (0 1024 0 ) (0 1024 -120 ) 
4 102 812 (0 1024 -288.299988 ) (0 1024 -166 ) (0 2048 -166 ) (0 2048 -288.299988 ) 
4 102 149 (1024 1024 -288.299988 ) (1024 1024 -166 ) (0 1024 -166 ) (0 1024 -288.299988 ) 
4 103 107 (4096.220215 0 620.299988 ) (4096 0 620.299988 ) (4096 0 -288.299988 ) (4096.220215 0 -288.299988 ) 
4 103 106 (4096 1024 -166 ) (4096 1024 -288.299988 ) (4096 0 -288.299988 ) (4096 0 -166 ) 
4 103 105 (4096 1024 0 ) (4096 1024 -120 ) (4096 0 -120 ) (4096 0 0 ) 
4 103 104 (4096 1024 620.299988 ) (4096 1024 0 ) (4096 0 0 ) (4096 0 620.299988 ) 
4 104 120 (3072 1024 620.299988 ) (3072 1024 0 ) (3072 0 0 ) (3072 0 620.299988 ) 
4 104 108 (4096 0 0 ) (4096 0 620.299988 ) (3072 0 620.299988 ) (3072 0 0 ) 
4 104 105 (3072 1024 0 ) (4096 1024 0 ) (4096 0 0 ) (3072 0 0 ) 
4 105 121 (3072 1024 0 ) (3072 1024 -120 ) (3072 0 -120 ) (3072 0 0 ) 
4 105 109 (4096 0 -120 ) (4096 0 0 ) (3072 0 0 ) (3072 0 -120 ) 
4 106 122 (3072 1024 -166 ) (3072 1024 -288.299988 ) (3072 0 -288.299988 ) (3072 0 -166 ) 
4 106 110 (4096 0 -288.299988 ) (4096 0 -166 ) (3072 0 -166 ) (3072 0 -288.299988 ) 
4 107 111 (4096.220215 -1024 620.299988 ) (4096 -1024 620.299988 ) (4096 -1024 -288.299988 ) (4096.220215 -1024 -288.299988 ) 
4 107 110 (4096 0 -166 ) (4096 0 -288.299988 ) (4096 -1024 -288.299988 ) (4096 -1024 -166 ) 
4 107 109 (4096 0 0 ) (4096 0 -120 ) (4096 -1024 -120 ) (4096 -1024 0 ) 
4 107 108 (4096 0 620.299988 ) (4096 0 0 ) (4096 -1024 0 ) (4096 -1024 620.299988 ) 
4 108 123 (3072 -1024 0 ) (3072 -1024 620.299988 ) (3072 0 620.299988 ) (3072 0 0 ) 
4 108 112 (4096 -1024 0 ) (4096 -1024 620.299988 ) (3072 -1024 620.299988 ) (3072 -1024 0 ) 
4 108 109 (4096 0 0 ) (4096 -1024 0 ) (3072 -1024 0 ) (3072 0 0 ) 
4 109 124 (3072 -1024 -120 ) (3072 -1024 0 ) (3072 0 0 ) (3072 0 -120 ) 
4 109 113 (4096 -1024 -120 ) (4096 -1024 0 ) (3072 -1024 0 ) (3072 -1024 -120 ) 
4 110 125 (3072 -1024 -288.299988 ) (3072 -1024 -166 ) (3072 0 -166 ) (3072 0 -288.299988 ) 
4 110 114 (4096 -1024 -288.299988 ) (4096 -1024 -166 ) (3072 -1024 -166 ) (3072 -1024 -288.299988 ) 
4 111 115 (4096.220215 -2048 620.299988 ) (4096 -2048 620.299988 ) (4096 -2048 -288.299988 ) (4096.220215 -2048 -288.299988 ) 
4 111 114 (4096 -1024 -166 ) (4096 -1024 -288.299988 ) (4096 -2048 -288.299988 ) (4096 -2048 -166 ) 
4 111 113 (4096 -1024 0 ) (4096 -1024 -120 ) (4096 -2048 -120 ) (4096 -2048 0 ) 
4 111 112 (4096 -1024 620.299988 ) (4096 -1024 0 ) (4096 -2048 0 ) (4096 -2048 620.299988 ) 
4 112 584 (3072 -2048 0 ) (3072 -2048 620.299988 ) (3072 -1024 620.299988 ) (3072 -1024 0 ) 
4 112 116 (3072 -2048 620.299988 ) (3072 -2048 0 ) (4096 -2048 0 ) (4096 -2048 620.299988 ) 
4 112 113 (3072 -2048 0 ) (3072 -1024 0 ) (4096 -1024 0 ) (4096 -2048 0 ) 
4 113 585 (3072 -2048 -120 ) (3072 -2048 0 ) (3072 -1024 0 ) (3072 -1024 -120 ) 
4 113 117 (3072 -2048 0 ) (3072 -2048 -120 ) (4096 -2048 -120 ) (4096 -2048 0 ) 
4 114 586 (3072 -2048 -288.299988 ) (3072 -2048 -166 ) (3072 -1024 -166 ) (3072 -1024 -288.299988 ) 
4 114 118 (3072 -2048 -166 ) (3072 -2048 -288.299988 ) (4096 -2048 -288.299988 ) (4096 -2048 -166 ) 
4 115 119 (4096 -2432 -288.299988 ) (4096 -2432.250000 -288.299988 ) (4096 -2432.250000 0 ) (4096 -2432 0 ) 
4 115 118 (4096 -2048 -166 ) (4096 -2048 -288.299988 ) (4096 -2432 -288.299988 ) (4096 -2432 -166 ) 
4 115 117 (4096 -2048 0 ) (4096 -2048 -120 ) (4096 -2432 -120 ) (4096 -2432 0 ) 
4 115 116 (4096 -2048 620.299988 ) (4096 -2048 0 ) (4096 -2432.250000 0 ) (4096 -2432.250000 620.299988 ) 
4 116 701 (3072 -2432.250000 620.299988 ) (3072 -2048 620.299988 ) (3072 -2048 0 ) (3072 -2432.250000 0 ) 
4 116 119 (4096 -2432 0 ) (4096 -2432.250000 0 ) (3072 -2432.250000 0 ) (3072 -2432 0 ) 
4 116 117 (4096 -2048 0 ) (4096 -2432 0 ) (3072 -2432 0 ) (3072 -2048 0 ) 
4 117 702 (3072 -2432 -120 ) (3072 -2432 0 ) (3072 -2048 0 ) (3072 -2048 -120 ) 
4 117 119 (4096 -2432 -120 ) (4096 -2432 0 ) (3072 -2432 0 ) (3072 -2432 -120 ) 
4 118 703 (3072 -2432 -288.299988 ) (3072 -2432 -166 ) (3072 -2048 -166 ) (3072 -2048 -288.299988 ) 
4 118 119 (4096 -2432 -288.299988 ) (4096 -2432 -166 ) (3072 -2432 -166 ) (3072 -2432 -288.299988 ) 
4 119 704 (3072 -2432.250000 0 ) (3072 -2432 0 ) (3072 -2432 -288.299988 ) (3072 -2432.250000 -288.299988 ) 
4 120 131 (2048 280.012024 64 ) (2048 0 64 ) (2048 0 80 ) (2048 280.012024 80 ) 
4 120 129 (2048 816.012085 64 ) (2048 280.012024 64 ) (2048 280.012024 80 ) (2048 816.012085 80 ) 
4 120 127 (2048 1024 80 ) (2048 1024 64 ) (2048 816.012085 64 ) (2048 816.012085 80 ) 
4 120 133 (2048 1024 64 ) (2048 1024 0 ) (2048 0 0 ) (2048 0 64 ) 
4 120 126 (2048 1024 620.299988 ) (2048 1024 80 ) (2048 0 80 ) (2048 0 620.299988 ) 
4 120 123 (3072 0 0 ) (3072 0 620.299988 ) (2048 0 620.299988 ) (2048 0 0 ) 
4 120 121 (2048 0 0 ) (2048 1024 0 ) (3072 1024 0 ) (3072 0 0 ) 
4 121 134 (2048 1024 0 ) (2048 1024 -120 ) (2048 0 -120 ) (2048 0 0 ) 
4 121 124 (3072 0 -120 ) (3072 0 0 ) (2048 0 0 ) (2048 0 -120 ) 
4 122 135 (2048 1024 -166 ) (2048 1024 -288.299988 ) (2048 0 -288.299988 ) (2048 0 -166 ) 
4 122 125 (3072 0 -288.299988 ) (3072 0 -166 ) (2048 0 -166 ) (2048 0 -288.299988 ) 
4 123 584 (3072 -1024 0 ) (3072 -1024 620.299988 ) (2048 -1024 620.299988 ) (2048 -1024 0 ) 
4 123 166 (2048 -359.037506 64 ) (2048 -345.469849 64 ) (2048 -345.469879 0 ) (2048 -359.037537 0 ) 
4 123 164 (2048 -645.169922 64 ) (2048 -359.037506 64 ) (2048 -359.037537 0 ) (2048 -645.169678 0 ) 
4 123 163 (2048 -1024 0 ) (2048 -1024 64 ) (2048 -645.169922 64 ) (2048 -645.169678 0 ) 
4 123 158 (2048 -345.469849 64 ) (2048 -324.086700 64 ) (2048 -324.086731 0 ) (2048 -345.469879 0 ) 
4 123 155 (2048 -324.086700 64 ) (2048 0 64 ) (2048 0 0 ) (2048 -324.086731 0 ) 
4 123 153 (2048 -1024 64 ) (2048 -1024 80 ) (2048 -415.988007 80 ) (2048 -415.988007 64 ) 
4 123 151 (2048 -415.988007 80 ) (2048 0 80 ) (2048 0 64 ) (2048 -415.988007 64 ) 
4 123 150 (2048 -1024 80 ) (2048 -1024 620.299988 ) (2048 0 620.299988 ) (2048 0 80 ) 
4 123 124 (2048 -1024 0 ) (2048 0 0 ) (3072 0 0 ) (3072 -1024 0 ) 
4 124 585 (3072 -1024 -120 ) (3072 -1024 0 ) (2048 -1024 0 ) (2048 -1024 -120 ) 
4 124 185 (2048 -1024 -120 ) (2048 -1024 -118 ) (2048 0 -118 ) (2048 0 -120 ) 
4 124 181 (2048 -359.037506 0 ) (2048 -345.469849 0 ) (2048 -345.469879 -118 ) (2048 -359.037537 -118 ) 
4 124 179 (2048 -645.169617 0 ) (2048 -359.037506 0 ) (2048 -359.037537 -118 ) (2048 -645.169006 -118 ) 
4 124 178 (2048 -1024 -118 ) (2048 -1024 0 ) (2048 -645.169617 0 ) (2048 -645.169006 -118 ) 
4 124 173 (2048 -345.469849 0 ) (2048 -324.086700 0 ) (2048 -324.086731 -118 ) (2048 -345.469879 -118 ) 
4 124 170 (2048 -324.086700 0 ) (2048 0 0 ) (2048 0 -118 ) (2048 -324.086731 -118 ) 
4 125 586 (3072 -1024 -288.299988 ) (3072 -1024 -166 ) (2048 -1024 -166 ) (2048 -1024 -288.299988 ) 
4 125 186 (2048 -1024 -288.299988 ) (2048 -1024 -166 ) (2048 0 -166 ) (2048 0 -288.299988 ) 
4 126 150 (2048 0 80 ) (2048 0 620.299988 ) (1024 0 620.299988 ) (1024 0 80 ) 
4 126 137 (1024 1024 108 ) (1024 1024 80 ) (1024 0 80 ) (1024 0 108 ) 
4 126 136 (1024 1024 620.299988 ) (1024 1024 108 ) (1024 0 108 ) (1024 0 620.299988 ) 
4 126 132 (1024 0 80 ) (1024 184.012009 80 ) (1600 184.012009 80 ) (1600 0 80 ) 
4 126 131 (1696 280.012024 80 ) (2048 280.012024 80 ) (2048 0 80 ) (1696 0 80 ) 
4 126 130 (1024 280.012024 80 ) (1024 720.012085 80 ) (1152 720.012085 80 ) (1152 280.012024 80 ) 
4 126 129 (1152 816.012085 80 ) (2048 816.012085 80 ) (2048 280.012024 80 ) (1152 280.012024 80 ) 
4 126 127 (1152 1024 80 ) (2048 1024 80 ) (2048 816.012085 80 ) (1152 816.012085 80 ) 
4 126 128 (1024 816.012085 80 ) (1024 1024 80 ) (1056 1024 80 ) (1056 816.012085 80 ) 
4 127 129 (1152 816.012085 64 ) (2048 816.012085 64 ) (2048 816.012085 80 ) (1152 816.012085 80 ) 
4 127 133 (1152 1024 64 ) (2048 1024 64 ) (2048 816.012085 64 ) (1152 816.012085 64 ) 
4 128 142 (1024 1024 80 ) (1024 1024 64 ) (1024 816.012085 64 ) (1024 816.012085 80 ) 
4 128 133 (1024 816.012085 64 ) (1024 1024 64 ) (1056 1024 64 ) (1056 816.012085 64 ) 
4 129 131 (1696 280.012024 64 ) (2048 280.012024 64 ) (2048 280.012024 80 ) (1696 280.012024 80 ) 
4 129 130 (1152 720.012085 64 ) (1152 280.012024 64 ) (1152 280.012024 80 ) (1152 720.012085 80 ) 
4 129 133 (1152 816.012085 64 ) (2048 816.012085 64 ) (2048 280.012024 64 ) (1152 280.012024 64 ) 
4 130 143 (1024 720.012085 64 ) (1024 280.012024 64 ) (1024 280.012024 80 ) (1024 720.012085 80 ) 
4 130 133 (1024 280.012024 64 ) (1024 720.012085 64 ) (1152 720.012085 64 ) (1152 280.012024 64 ) 
4 131 151 (2048 0 64 ) (2048 0 80 ) (1696 0 80 ) (1696 0 64 ) 
4 131 133 (2048 0 64 ) (1696 0 64 ) (1696 280.012024 64 ) (2048 280.012024 64 ) 
4 132 152 (1600 0 80 ) (1024 0 80 ) (1024 0 64 ) (1600 0 64 ) 
4 132 145 (1024 184.012009 64 ) (1024 0 64 ) (1024 0 80 ) (1024 184.012009 80 ) 
4 132 133 (1600 0 64 ) (1024 0 64 ) (1024 184.012009 64 ) (1600 184.012009 64 ) 
4 133 155 (2048 0 0 ) (2048 0 64 ) (1024 0 64 ) (1024 0 0 ) 
4 133 147 (1024 1024 64 ) (1024 1024 0 ) (1024 0 0 ) (1024 0 64 ) 
4 133 134 (2048 0 0 ) (1024 0 0 ) (1024 1024 0 ) (2048 1024 0 ) 
4 134 185 (2048 0 -120 ) (2048 0 -118 ) (1024 0 -118 ) (1024 0 -120 ) 
4 134 170 (2048 0 -118 ) (2048 0 0 ) (1024 0 0 ) (1024 0 -118 ) 
4 134 148 (1024 1024 0 ) (1024 1024 -120 ) (1024 0 -120 ) (1024 0 0 ) 
4 135 186 (2048 0 -288.299988 ) (2048 0 -166 ) (1024 0 -166 ) (1024 0 -288.299988 ) 
4 135 149 (1024 1024 -166 ) (1024 1024 -288.299988 ) (1024 0 -288.299988 ) (1024 0 -166 ) 
4 136 856 (0 0 108 ) (0 0 620.299988 ) (0 1024 620.299988 ) (0 1024 108 ) 
4 136 470 (364.100037 0 242 ) (0 0 242 ) (0 0 108 ) (364.100037 0 108 ) 
4 136 262 (1024 0 108 ) (1024 0 242 ) (364.100037 0 242 ) (364.100037 0 108 ) 
4 136 229 (1024 0 242 ) (1024 0 247 ) (0 0 247 ) (0 0 242 ) 
3 136 227 (456.101990 0 620.299988 ) (58.266846 0 620.299988 ) (456.101990 0 317 ) 
4 136 225 (456.101990 0 323 ) (456.101990 0 317 ) (547.920105 0 247 ) (555.190552 0 247 ) 
5 136 224 (1024 0 247 ) (1024 0 620.299988 ) (456.101990 0 620.299988 ) (456.101990 0 323 ) (555.190552 0 247 ) 
4 136 187 (58.266846 0 620.299988 ) (0 0 620.299988 ) (0 0 247 ) (547.920105 0 247 ) 
4 136 138 (492 572.012085 108 ) (492 1024 108 ) (584 1024 108 ) (584 572.012085 108 ) 
4 136 140 (584 0 108 ) (492 0 108 ) (492 480.012024 108 ) (584 480.012024 108 ) 
4 136 137 (1024 1024 108 ) (1024 0 108 ) (584 0 108 ) (584 1024 108 ) 
4 136 141 (492 0 108 ) (0 0 108 ) (0 1024 108 ) (492 1024 108 ) 
4 137 262 (1024 0 80 ) (1024 0 108 ) (584 0 108 ) (584 0 80 ) 
4 137 145 (1024 0 80 ) (608 0 80 ) (608 184.012009 80 ) (1024 184.012009 80 ) 
4 137 142 (584 816.012085 80 ) (584 1024 80 ) (1024 1024 80 ) (1024 816.012085 80 ) 
4 137 143 (584 280.012024 80 ) (584 720.012085 80 ) (1024 720.012085 80 ) (1024 280.012024 80 ) 
4 137 139 (584 572.012085 80 ) (584 480.012024 80 ) (584 480.012024 88 ) (584 572.012085 88 ) 
4 137 138 (584 1024 80 ) (584 572.012085 80 ) (584 572.012085 108 ) (584 1024 108 ) 
4 137 140 (584 480.012024 80 ) (584 0 80 ) (584 0 108 ) (584 480.012024 108 ) 
4 138 142 (492 816.012085 80 ) (492 1024 80 ) (584 1024 80 ) (584 816.012085 80 ) 
4 138 143 (492 572.012085 80 ) (492 720.012085 80 ) (584 720.012085 80 ) (584 572.012085 80 ) 
4 138 139 (492 572.012085 88 ) (492 572.012085 80 ) (584 572.012085 80 ) (584 572.012085 88 ) 
4 138 141 (492 1024 80 ) (492 572.012085 80 ) (492 572.012085 108 ) (492 1024 108 ) 
4 139 143 (492 480.012024 80 ) (492 572.012085 80 ) (584 572.012085 80 ) (584 480.012024 80 ) 
4 139 141 (492 572.012085 80 ) (492 480.012024 80 ) (492 480.012024 88 ) (492 572.012085 88 ) 
4 139 140 (492 480.012024 88 ) (492 480.012024 80 ) (584 480.012024 80 ) (584 480.012024 88 ) 
4 140 262 (584 0 108 ) (492 0 108 ) (492 0 80 ) (584 0 80 ) 
4 140 146 (512 0 80 ) (492 0 80 ) (492 184.012009 80 ) (512 184.012009 80 ) 
4 140 144 (492 184.012009 80 ) (492 280.012024 80 ) (512 280.012024 80 ) (512 184.012009 80 ) 
4 140 143 (492 280.012024 80 ) (492 480.012024 80 ) (584 480.012024 80 ) (584 280.012024 80 ) 
4 140 141 (492 480.012024 80 ) (492 0 80 ) (492 0 108 ) (492 480.012024 108 ) 
4 141 856 (0 0 80 ) (0 0 108 ) (0 1024 108 ) (0 1024 80 ) 
4 141 470 (364.100037 0 108 ) (0 0 108 ) (0 0 80 ) (364.100037 0 80 ) 
4 141 262 (492 0 108 ) (364.100037 0 108 ) (364.100037 0 80 ) (492 0 80 ) 
4 141 146 (492 0 80 ) (0 0 80 ) (0 184.012009 80 ) (492 184.012009 80 ) 
4 141 144 (0 184.012009 80 ) (0 280.012024 80 ) (492 280.012024 80 ) (492 184.012009 80 ) 
4 141 142 (0 816.012085 80 ) (0 1024 80 ) (492 1024 80 ) (492 816.012085 80 ) 
4 141 143 (0 280.012024 80 ) (0 720.012085 80 ) (492 720.012085 80 ) (492 280.012024 80 ) 
4 142 857 (0 816.012085 80 ) (0 1024 80 ) (0 1024 64 ) (0 816.012085 64 ) 
4 142 147 (1024 1024 64 ) (1024 816.012085 64 ) (0 816.012085 64 ) (0 1024 64 ) 
4 143 858 (0 280.012024 80 ) (0 720.012085 80 ) (0 720.012085 64 ) (0 280.012024 64 ) 
4 143 144 (0 280.012024 64 ) (512 280.012024 64 ) (512 280.012024 80 ) (0 280.012024 80 ) 
4 143 147 (1024 720.012085 64 ) (1024 280.012024 64 ) (0 280.012024 64 ) (0 720.012085 64 ) 
4 144 858 (0 184.012009 80 ) (0 280.012024 80 ) (0 280.012024 64 ) (0 184.012009 64 ) 
4 144 146 (0 184.012009 64 ) (512 184.012009 64 ) (512 184.012009 80 ) (0 184.012009 80 ) 
4 144 147 (512 184.012009 64 ) (0 184.012009 64 ) (0 280.012024 64 ) (512 280.012024 64 ) 
4 145 265 (1024 0 64 ) (1024 0 80 ) (608 0 80 ) (608 0 64 ) 
4 145 147 (1024 184.012009 64 ) (1024 0 64 ) (608 0 64 ) (608 184.012009 64 ) 
4 146 858 (0 0 64 ) (0 0 80 ) (0 184.012009 80 ) (0 184.012009 64 ) 
4 146 471 (364.100037 0 80 ) (0 0 80 ) (0 0 64 ) (364.100037 0 64 ) 
4 146 268 (512 0 80 ) (364.100037 0 80 ) (364.100037 0 64 ) (512 0 64 ) 
4 146 147 (512 0 64 ) (0 0 64 ) (0 184.012009 64 ) (512 184.012009 64 ) 
4 147 862 (0 0 0 ) (0 0 64 ) (0 1024 64 ) (0 1024 0 ) 
4 147 474 (364.100037 0 64 ) (0 0 64 ) (0 0 0 ) (364.100037 0 0 ) 
4 147 268 (512 0 64 ) (364.100037 0 64 ) (364.100037 0 0 ) (512 0 0 ) 
4 147 266 (608 0 64 ) (512 0 64 ) (512 0 0 ) (608 0 0 ) 
4 147 265 (1024 0 0 ) (1024 0 64 ) (608 0 64 ) (608 0 0 ) 
4 147 148 (1024 1024 0 ) (1024 0 0 ) (0 0 0 ) (0 1024 0 ) 
4 148 863 (0 0 -120 ) (0 0 0 ) (0 1024 0 ) (0 1024 -120 ) 
4 148 571 (78.422180 0 0 ) (46.312504 0 0 ) (46.312290 0 -120 ) (78.422394 0 -120 ) 
4 148 570 (85.058105 0 0 ) (78.422180 0 0 ) (78.422394 0 -120 ) (85.058159 0 -120 ) 
4 148 565 (46.312504 0 0 ) (26.517191 0 0 ) (26.517193 0 -120 ) (46.312290 0 -120 ) 
4 148 559 (26.517191 0 0 ) (0 0 0 ) (0 0 -120 ) (26.517193 0 -120 ) 
4 148 546 (1024 0 -120 ) (1024 0 0 ) (622.599976 0 0 ) (622.600037 0 -120 ) 
4 148 545 (622.599976 0 0 ) (85.058105 0 0 ) (85.058159 0 -120 ) (622.600037 0 -120 ) 
4 149 864 (0 0 -288.299988 ) (0 0 -166 ) (0 1024 -166 ) (0 1024 -288.299988 ) 
4 149 583 (1024 0 -288.299988 ) (1024 0 -166 ) (0 0 -166 ) (0 0 -288.299988 ) 
4 150 587 (2048 -1024 80 ) (2048 -1024 620.299988 ) (1024 -1024 620.299988 ) (1024 -1024 80 ) 
4 150 414 (1024 -896.987976 80 ) (1024 -1024 80 ) (1024 -1024 242 ) (1024 -896.987976 242 ) 
4 150 412 (1024 -812.987976 80 ) (1024 -832.987976 80 ) (1024 -832.987976 242 ) (1024 -812.987976 242 ) 
4 150 413 (1024 -832.987976 80 ) (1024 -896.987976 80 ) (1024 -896.987976 242 ) (1024 -832.987976 242 ) 
4 150 304 (1024 -693.987976 80 ) (1024 -812.987976 80 ) (1024 -812.987976 81 ) (1024 -693.987976 81 ) 
4 150 302 (1024 -812.987976 81 ) (1024 -812.987976 242 ) (1024 -693.987976 242 ) (1024 -693.987976 81 ) 
4 150 263 (1024 -686.987976 80 ) (1024 -693.987976 80 ) (1024 -693.987976 242 ) (1024 -686.987976 242 ) 
4 150 262 (1024 0 242 ) (1024 0 80 ) (1024 -686.987976 80 ) (1024 -686.987976 242 ) 
4 150 230 (1024 -686.987976 242 ) (1024 -1024 242 ) (1024 -1024 247 ) (1024 -686.987976 247 ) 
4 150 229 (1024 0 247 ) (1024 0 242 ) (1024 -686.987976 242 ) (1024 -686.987976 247 ) 
4 150 224 (1024 0 620.299988 ) (1024 0 247 ) (1024 -1024 247 ) (1024 -1024 620.299988 ) 
4 150 154 (1696 -1024 80 ) (1024 -1024 80 ) (1024 -511.988007 80 ) (1696 -511.988007 80 ) 
4 150 153 (2048 -415.988007 80 ) (2048 -1024 80 ) (1696 -1024 80 ) (1696 -415.988007 80 ) 
4 150 151 (1696 0 80 ) (2048 0 80 ) (2048 -415.988007 80 ) (1696 -415.988007 80 ) 
4 150 152 (1024 0 80 ) (1600 0 80 ) (1600 -415.988007 80 ) (1024 -415.988007 80 ) 
4 151 166 (2048 -345.469879 64 ) (2048 -359.037537 64 ) (1891.431641 -415.988007 64 ) (1853.543213 -415.988007 64 ) 
3 151 164 (2048 -359.037537 64 ) (2048 -415.988007 64 ) (1891.431641 -415.988007 64 ) 
4 151 158 (2048 -324.086731 64 ) (2048 -345.469879 64 ) (1853.543213 -415.988007 64 ) (1795.256958 -415.988007 64 ) 
5 151 155 (1696 0 64 ) (2048 0 64 ) (2048 -324.086731 64 ) (1795.256958 -415.988007 64 ) (1696 -415.988007 64 ) 
4 151 153 (1696 -415.988007 64 ) (2048 -415.988007 64 ) (2048 -415.988007 80 ) (1696 -415.988007 80 ) 
4 152 265 (1024 0 80 ) (1024 0 64 ) (1024 -415.988007 64 ) (1024 -415.988007 80 ) 
4 152 155 (1024 -415.988007 64 ) (1024 0 64 ) (1600 0 64 ) (1600 -415.988007 64 ) 
4 153 587 (2048 -1024 64 ) (2048 -1024 80 ) (1696 -1024 80 ) (1696 -1024 64 ) 
4 153 166 (1696 -487.074615 64 ) (1696 -473.119751 64 ) (1853.543213 -415.988007 64 ) (1891.431641 -415.988007 64 ) 
5 153 164 (1696 -516.925537 64 ) (1696 -487.074615 64 ) (1891.431641 -415.988007 64 ) (2048 -415.988007 64 ) (2048 -645.169922 64 ) 
4 153 163 (2048 -1024 64 ) (1696 -1024 64 ) (1696 -516.925537 64 ) (2048 -645.169922 64 ) 
4 153 158 (1696 -473.119751 64 ) (1696 -452.079285 64 ) (1795.256958 -415.988007 64 ) (1853.543213 -415.988007 64 ) 
3 153 155 (1696 -452.079285 64 ) (1696 -415.988007 64 ) (1795.256958 -415.988007 64 ) 
4 153 154 (1696 -511.988007 64 ) (1696 -1024 64 ) (1696 -1024 80 ) (1696 -511.988007 80 ) 
4 154 587 (1696 -1024 80 ) (1024 -1024 80 ) (1024 -1024 64 ) (1696 -1024 64 ) 
4 154 414 (1024 -896.987976 64 ) (1024 -1024 64 ) (1024 -1024 80 ) (1024 -896.987976 80 ) 
4 154 412 (1024 -812.987976 64 ) (1024 -832.987976 64 ) (1024 -832.987976 80 ) (1024 -812.987976 80 ) 
4 154 413 (1024 -832.987976 64 ) (1024 -896.987976 64 ) (1024 -896.987976 80 ) (1024 -832.987976 80 ) 
4 154 304 (1024 -693.987976 64 ) (1024 -812.987976 64 ) (1024 -812.987976 80 ) (1024 -693.987976 80 ) 
4 154 292 (1024 -511.988007 64 ) (1024 -693.987976 64 ) (1024 -693.987976 73 ) (1024 -511.988007 73 ) 
4 154 289 (1024 -693.987976 73 ) (1024 -693.987976 78 ) (1024 -661.987976 78 ) (1024 -661.987976 73 ) 
4 154 285 (1024 -661.987976 78 ) (1024 -625.987976 78 ) (1024 -625.987976 73 ) (1024 -661.987976 73 ) 
4 154 283 (1024 -625.987976 78 ) (1024 -603.987976 78 ) (1024 -603.987976 73 ) (1024 -625.987976 73 ) 
4 154 282 (1024 -693.987976 78 ) (1024 -693.987976 80 ) (1024 -603.987976 80 ) (1024 -603.987976 78 ) 
4 154 278 (1024 -603.987976 80 ) (1024 -562.987976 80 ) (1024 -562.987976 73 ) (1024 -603.987976 73 ) 
4 154 272 (1024 -562.987976 80 ) (1024 -547.987976 80 ) (1024 -547.987976 73 ) (1024 -562.987976 73 ) 
4 154 271 (1024 -547.987976 80 ) (1024 -511.988007 80 ) (1024 -511.988007 73 ) (1024 -547.987976 73 ) 
3 154 164 (1682.447632 -511.988007 64 ) (1696 -511.988007 64 ) (1696 -516.925537 64 ) 
6 154 163 (1696 -1024 64 ) (1024 -1024 64 ) (1024 -716.814941 64 ) (1588.819214 -511.988007 64 ) (1682.447632 -511.988007 64 ) (1696 -516.925537 64 ) 
4 154 156 (1024 -716.814941 64 ) (1024 -696.428833 64 ) (1531.241699 -511.988007 64 ) (1588.819214 -511.988007 64 ) 
3 154 155 (1024 -696.428833 64 ) (1024 -511.988007 64 ) (1531.241699 -511.988007 64 ) 
4 155 304 (1024 -693.987976 0 ) (1024 -696.428833 0 ) (1024 -696.428833 64 ) (1024 -693.987976 64 ) 
4 155 292 (1024 -511.988007 0 ) (1024 -693.987976 0 ) (1024 -693.987976 64 ) (1024 -511.988007 64 ) 
4 155 291 (1024 -415.988007 0 ) (1024 -511.988007 0 ) (1024 -511.988007 64 ) (1024 -415.988007 64 ) 
4 155 265 (1024 0 64 ) (1024 0 0 ) (1024 -415.988007 0 ) (1024 -415.988007 64 ) 
4 155 170 (1024 0 0 ) (2048 0 0 ) (2048 -324.086731 0 ) (1024 -696.428833 0 ) 
4 155 161 (1668.566650 -462.054871 0 ) (1671.860229 -460.857269 0 ) (1671.859985 -460.857910 64 ) (1668.566772 -462.055389 64 ) 
4 155 159 (1677.001587 -458.987823 0 ) (1688.015381 -454.983032 0 ) (1688.015137 -454.983643 64 ) (1677.001343 -458.988434 64 ) 
4 155 158 (1688.015381 -454.983032 0 ) (2048 -324.087097 0 ) (2048 -324.087677 64 ) (1688.015137 -454.983643 64 ) 
4 155 157 (1657.763184 -465.983185 0 ) (1668.566650 -462.054871 0 ) (1668.566772 -462.055389 64 ) (1657.763916 -465.983490 64 ) 
4 155 156 (1024 -696.429199 0 ) (1657.763184 -465.983185 0 ) (1657.763916 -465.983490 64 ) (1024 -696.429688 64 ) 
4 156 304 (1024 -696.428833 0 ) (1024 -716.814941 0 ) (1024 -716.814941 64 ) (1024 -696.428833 64 ) 
4 156 171 (1686.661743 -476.506165 0 ) (1024 -716.814941 0 ) (1024 -696.428833 0 ) (1657.762695 -465.983032 0 ) 
4 156 169 (1655.001587 -487.988251 0 ) (1658.936646 -486.561249 0 ) (1658.936646 -486.561218 64 ) (1655.001099 -487.988403 64 ) 
4 156 167 (1646.564087 -491.048065 0 ) (1649.860352 -489.852692 0 ) (1649.860474 -489.852600 64 ) (1646.564087 -491.048004 64 ) 
4 156 166 (1658.936646 -486.561249 0 ) (1686.662842 -476.506592 0 ) (1686.662842 -476.506561 64 ) (1658.936646 -486.561218 64 ) 
4 156 165 (1635.743652 -494.971985 0 ) (1646.564087 -491.048065 0 ) (1646.564087 -491.048004 64 ) (1635.743164 -494.972137 64 ) 
4 156 163 (1024 -716.815674 0 ) (1635.743652 -494.971985 0 ) (1635.743164 -494.972137 64 ) (1024 -716.815674 64 ) 
4 156 160 (1680.924805 -474.416077 0 ) (1677.002441 -472.987885 0 ) (1677.001465 -472.987518 64 ) (1680.924805 -474.416077 64 ) 
4 156 158 (1686.663696 -476.505737 64 ) (1686.663696 -476.505737 0 ) (1680.924805 -474.416077 0 ) (1680.924805 -474.416077 64 ) 
4 156 157 (1671.869995 -471.119080 0 ) (1657.765625 -465.983398 0 ) (1657.765625 -465.983398 64 ) (1671.869995 -471.119080 64 ) 
3 157 172 (1671.870483 -471.120148 0 ) (1657.762695 -465.983032 0 ) (1668.566528 -462.054596 0 ) 
4 157 161 (1670 -465.989960 0 ) (1668.564941 -462.054810 0 ) (1668.564941 -462.054810 64 ) (1670 -465.989960 64 ) 
5 158 173 (2048 -324.086731 0 ) (2048 -345.469879 0 ) (1686.661743 -476.506165 0 ) (1680.924438 -474.416992 0 ) (1688.015503 -454.982635 0 ) 
4 158 166 (1686.662842 -476.506592 0 ) (2048 -345.470703 0 ) (2048 -345.470703 64 ) (1686.662842 -476.506561 64 ) 
4 158 162 (1685.436646 -462.049438 0 ) (1684 -465.987701 0 ) (1684 -465.987885 64 ) (1685.436401 -462.050079 64 ) 
4 158 160 (1682.128418 -471.116302 0 ) (1680.923950 -474.417450 0 ) (1680.923950 -474.417450 64 ) (1682.128662 -471.115509 64 ) 
4 158 159 (1688.015381 -454.981628 64 ) (1688.015381 -454.981628 0 ) (1685.436646 -462.049438 0 ) (1685.436401 -462.050079 64 ) 
3 159 174 (1677.001099 -458.987640 0 ) (1688.015503 -454.982635 0 ) (1685.437012 -462.049561 0 ) 
4 159 162 (1682.128662 -460.847778 0 ) (1685.437500 -462.048828 0 ) (1685.437256 -462.049438 64 ) (1682.128784 -460.848511 64 ) 
3 160 175 (1680.924438 -474.416992 0 ) (1677.001099 -472.988373 0 ) (1682.128784 -471.116150 0 ) 
3 161 176 (1670 -465.987976 0 ) (1668.566528 -462.054596 0 ) (1671.860352 -460.856873 0 ) 
3 162 177 (1682.129028 -460.848877 0 ) (1685.437012 -462.049561 0 ) (1684 -465.988220 0 ) 
4 163 587 (2048 -1024 0 ) (2048 -1024 64 ) (1024 -1024 64 ) (1024 -1024 0 ) 
4 163 414 (1024 -896.987976 0 ) (1024 -1024 0 ) (1024 -1024 64 ) (1024 -896.987976 64 ) 
4 163 412 (1024 -812.987976 0 ) (1024 -832.987976 0 ) (1024 -832.987976 64 ) (1024 -812.987976 64 ) 
4 163 413 (1024 -832.987976 0 ) (1024 -896.987976 0 ) (1024 -896.987976 64 ) (1024 -832.987976 64 ) 
4 163 304 (1024 -716.814941 0 ) (1024 -812.987976 0 ) (1024 -812.987976 64 ) (1024 -716.814941 64 ) 
5 163 178 (2048 -645.169678 0 ) (2048 -1024 0 ) (1024 -1024 0 ) (1024 -716.814941 0 ) (1635.742676 -494.971588 0 ) 
4 163 165 (1649.869629 -500.118042 0 ) (1635.744141 -494.971680 0 ) (1635.743652 -494.971863 64 ) (1649.869751 -500.118439 64 ) 
4 163 164 (2048 -645.169006 0 ) (1655.001343 -501.987671 0 ) (1655 -501.987762 64 ) (2048 -645.169556 64 ) 
3 164 179 (2048 -359.037537 0 ) (2048 -645.169678 0 ) (1655 -501.987823 0 ) 
4 164 168 (1663.430176 -498.921906 0 ) (1660.128540 -500.122833 0 ) (1660.128540 -500.122803 64 ) (1663.430054 -498.921906 64 ) 
4 164 166 (2048 -359.038086 0 ) (1663.430176 -498.921906 0 ) (1663.430054 -498.921906 64 ) (2048 -359.037750 64 ) 
3 165 180 (1649.869995 -500.118622 0 ) (1635.742676 -494.971588 0 ) (1646.563843 -491.047363 0 ) 
4 165 167 (1648 -494.987274 0 ) (1646.564209 -491.047089 0 ) (1646.564209 -491.047089 64 ) (1648 -494.987274 64 ) 
4 166 181 (2048 -345.469879 0 ) (2048 -359.037537 0 ) (1663.430054 -498.921631 0 ) (1658.936401 -486.560547 0 ) 
4 166 169 (1658.935791 -486.557678 64 ) (1658.935791 -486.557678 0 ) (1660.131958 -489.848328 0 ) (1660.132080 -489.848724 64 ) 
4 166 168 (1662 -494.987793 0 ) (1663.428711 -498.917969 0 ) (1663.428711 -498.917969 64 ) (1662 -494.987793 64 ) 
3 167 182 (1648 -494.987915 0 ) (1646.563843 -491.047363 0 ) (1649.860718 -489.851776 0 ) 
3 168 183 (1663.430054 -498.921631 0 ) (1660.128662 -500.122498 0 ) (1662 -494.987823 0 ) 
3 169 184 (1655 -487.987854 0 ) (1658.936401 -486.560547 0 ) (1660.131592 -489.848267 0 ) 
4 170 553 (1024 -521.517334 -118 ) (1024 -696.428833 -118 ) (1024 -696.428833 0 ) (1024 -521.517334 0 ) 
4 170 546 (1024 0 0 ) (1024 0 -118 ) (1024 -521.517334 -118 ) (1024 -521.517334 0 ) 
4 170 185 (1024 -696.428833 -118 ) (1024 0 -118 ) (2048 0 -118 ) (2048 -324.086731 -118 ) 
4 170 176 (1668.566650 -462.054871 -118 ) (1671.860229 -460.857269 -118 ) (1671.860107 -460.857910 0 ) (1668.566772 -462.055389 0 ) 
4 170 174 (1677.003296 -458.987183 -118 ) (1688.015381 -454.983032 -118 ) (1688.015137 -454.983643 0 ) (1677.002319 -458.988098 0 ) 
4 170 173 (1688.015381 -454.983032 -118 ) (2048 -324.087097 -118 ) (2048 -324.087677 0 ) (1688.015137 -454.983643 0 ) 
4 170 172 (1657.763184 -465.983185 -118 ) (1668.566650 -462.054871 -118 ) (1668.566772 -462.055389 0 ) (1657.763916 -465.983490 0 ) 
4 170 171 (1024 -696.429199 -118 ) (1657.763184 -465.983185 -118 ) (1657.763916 -465.983490 0 ) (1024 -696.429688 0 ) 
4 171 553 (1024 -696.428833 -118 ) (1024 -716.814941 -118 ) (1024 -716.814941 0 ) (1024 -696.428833 0 ) 
4 171 185 (1024 -716.814941 -118 ) (1024 -696.428833 -118 ) (1657.762695 -465.983032 -118 ) (1686.661743 -476.506165 -118 ) 
4 171 184 (1655.002563 -487.987946 -118 ) (1658.936646 -486.561279 -118 ) (1658.936646 -486.561249 0 ) (1655.001587 -487.988251 0 ) 
4 171 182 (1646.564209 -491.048065 -118 ) (1649.860352 -489.852722 -118 ) (1649.860352 -489.852692 0 ) (1646.564087 -491.048065 0 ) 
4 171 181 (1658.936646 -486.561279 -118 ) (1686.662842 -476.506592 -118 ) (1686.662842 -476.506561 0 ) (1658.936646 -486.561249 0 ) 
4 171 180 (1635.744629 -494.971680 -118 ) (1646.564209 -491.048065 -118 ) (1646.564087 -491.048065 0 ) (1635.743652 -494.971985 0 ) 
4 171 178 (1024 -716.815674 -118 ) (1635.744629 -494.971680 -118 ) (1635.743652 -494.971985 0 ) (1024 -716.815674 0 ) 
4 171 175 (1680.924805 -474.416077 -118 ) (1677.004150 -472.988525 -118 ) (1677.002441 -472.987885 0 ) (1680.924805 -474.416077 0 ) 
4 171 173 (1686.663696 -476.505737 0 ) (1686.663696 -476.505737 -118 ) (1680.924805 -474.416077 -118 ) (1680.924805 -474.416077 0 ) 
4 171 172 (1671.869995 -471.119080 -118 ) (1657.765625 -465.983398 -118 ) (1657.765625 -465.983398 0 ) (1671.869995 -471.119080 0 ) 
3 172 185 (1657.762695 -465.983032 -118 ) (1668.566528 -462.054596 -118 ) (1671.870483 -471.120148 -118 ) 
4 172 176 (1670 -465.989960 -118 ) (1668.565063 -462.054840 -118 ) (1668.565063 -462.054840 0 ) (1670 -465.989960 0 ) 
5 173 185 (1688.015503 -454.982635 -118 ) (2048 -324.086731 -118 ) (2048 -345.469879 -118 ) (1686.661743 -476.506165 -118 ) (1680.924438 -474.416992 -118 ) 
4 173 181 (1686.662842 -476.506592 -118 ) (2048 -345.470703 -118 ) (2048 -345.470703 0 ) (1686.662842 -476.506561 0 ) 
4 173 177 (1685.437012 -462.048309 -118 ) (1684 -465.987335 -118 ) (1684 -465.987701 0 ) (1685.436646 -462.049438 0 ) 
4 173 175 (1682.127930 -471.117828 -118 ) (1680.923950 -474.417450 -118 ) (1680.923950 -474.417450 0 ) (1682.128418 -471.116302 0 ) 
4 173 174 (1688.015381 -454.981628 0 ) (1688.015381 -454.981628 -118 ) (1685.437012 -462.048309 -118 ) (1685.436646 -462.049438 0 ) 
3 174 185 (1677.002930 -458.987000 -118 ) (1688.015503 -454.982635 -118 ) (1685.437378 -462.048431 -118 ) 
4 174 177 (1682.128296 -460.846405 -118 ) (1685.437866 -462.047699 -118 ) (1685.437500 -462.048828 0 ) (1682.128662 -460.847778 0 ) 
3 175 185 (1682.128296 -471.117645 -118 ) (1680.924438 -474.416992 -118 ) (1677.002808 -472.989014 -118 ) 
3 176 185 (1668.566528 -462.054596 -118 ) (1671.860474 -460.856903 -118 ) (1670 -465.987976 -118 ) 
3 177 185 (1682.128784 -460.847534 -118 ) (1685.437378 -462.048431 -118 ) (1684 -465.987854 -118 ) 
4 178 588 (2048 -1024 -118 ) (2048 -1024 0 ) (1024 -1024 0 ) (1024 -1024 -118 ) 
4 178 553 (1024 -716.814941 -118 ) (1024 -884.633789 -118 ) (1024 -884.633789 0 ) (1024 -716.814941 0 ) 
4 178 552 (1024 -884.633789 -118 ) (1024 -946.283020 -118 ) (1024 -946.283020 0 ) (1024 -884.633789 0 ) 
4 178 529 (1024 -946.283020 -118 ) (1024 -1024 -118 ) (1024 -1024 0 ) (1024 -946.283020 0 ) 
5 178 185 (2048 -1024 -118 ) (1024 -1024 -118 ) (1024 -716.814941 -118 ) (1635.743408 -494.971252 -118 ) (2048 -645.169006 -118 ) 
4 178 180 (1649.869507 -500.117340 -118 ) (1635.744995 -494.971375 -118 ) (1635.744141 -494.971680 0 ) (1649.869629 -500.118011 0 ) 
4 178 179 (2048 -645.168152 -118 ) (1655.002197 -501.987335 -118 ) (1655.001343 -501.987640 0 ) (2048 -645.169189 0 ) 
3 179 185 (2048 -359.037537 -118 ) (2048 -645.169006 -118 ) (1655.001465 -501.987549 -118 ) 
4 179 183 (1663.430176 -498.921875 -118 ) (1660.128540 -500.122803 -118 ) (1660.128540 -500.122803 0 ) (1663.430054 -498.921906 0 ) 
4 179 181 (2048 -359.037598 -118 ) (1663.430176 -498.921875 -118 ) (1663.430054 -498.921906 0 ) (2048 -359.037720 0 ) 
3 180 185 (1635.743408 -494.971252 -118 ) (1646.563843 -491.047333 -118 ) (1649.869629 -500.117859 -118 ) 
4 180 182 (1648 -494.987457 -118 ) (1646.564087 -491.047089 -118 ) (1646.564087 -491.047089 0 ) (1648 -494.987427 0 ) 
4 181 185 (1658.936401 -486.560516 -118 ) (2048 -345.469879 -118 ) (2048 -359.037537 -118 ) (1663.430054 -498.921722 -118 ) 
4 181 184 (1658.935791 -486.557678 0 ) (1658.935791 -486.557678 -118 ) (1660.131714 -489.847595 -118 ) (1660.131958 -489.848328 0 ) 
4 181 183 (1662 -494.987793 -118 ) (1663.428711 -498.917969 -118 ) (1663.428711 -498.917969 0 ) (1662 -494.987793 0 ) 
3 182 185 (1646.563843 -491.047333 -118 ) (1649.860718 -489.851746 -118 ) (1648 -494.987854 -118 ) 
3 183 185 (1662 -494.987885 -118 ) (1663.430054 -498.921722 -118 ) (1660.128540 -500.122589 -118 ) 
3 184 185 (1655.001343 -487.987518 -118 ) (1658.936401 -486.560516 -118 ) (1660.131348 -489.847504 -118 ) 
4 185 588 (2048 -1024 -120 ) (2048 -1024 -118 ) (1024 -1024 -118 ) (1024 -1024 -120 ) 
4 185 553 (1024 -521.517273 -120 ) (1024 -884.633789 -120 ) (1024 -884.633789 -118 ) (1024 -521.517334 -118 ) 
4 185 552 (1024 -884.633789 -120 ) (1024 -946.283020 -120 ) (1024 -946.283020 -118 ) (1024 -884.633789 -118 ) 
4 185 546 (1024 0 -118 ) (1024 0 -120 ) (1024 -521.517273 -120 ) (1024 -521.517334 -118 ) 
4 185 529 (1024 -946.283020 -120 ) (1024 -1024 -120 ) (1024 -1024 -118 ) (1024 -946.283020 -118 ) 
4 186 589 (2048 -1024 -288.299988 ) (2048 -1024 -166 ) (1024 -1024 -166 ) (1024 -1024 -288.299988 ) 
4 186 583 (1024 0 -166 ) (1024 0 -288.299988 ) (1024 -1024 -288.299988 ) (1024 -1024 -166 ) 
4 187 880 (0 -681.987976 620.299988 ) (0 -447.988007 620.299988 ) (0 -447.988007 247 ) (0 -681.987976 247 ) 
4 187 865 (0 -447.988007 620.299988 ) (0 0 620.299988 ) (0 0 247 ) (0 -447.988007 247 ) 
4 187 229 (0 -681.987976 247 ) (0 0 247 ) (547.920105 0 247 ) (547.920105 -681.987976 247 ) 
4 187 227 (456.101990 0 317.001038 ) (58.266876 0 620.299988 ) (58.266846 -681.987976 620.299988 ) (456.101990 -681.987976 317.001038 ) 
4 187 225 (547.921875 -681.987976 247 ) (547.921875 0 247 ) (456.101990 0 317.001038 ) (456.101990 -681.987976 317.001038 ) 
5 187 204 (357.011475 -681.987976 247 ) (364.283173 -681.987976 247 ) (456.101990 -681.987976 316.998444 ) (456.101990 -681.987976 317.001434 ) (452.179688 -681.987976 319.991699 ) 
4 187 199 (364.283173 -681.987976 247 ) (456.101990 -681.987976 247 ) (456.101990 -681.987976 290 ) (420.687408 -681.987976 290 ) 
4 187 197 (456.101990 -681.987976 290 ) (456.101990 -681.987976 305 ) (440.363312 -681.987976 305 ) (420.687408 -681.987976 290 ) 
5 187 196 (456.101990 -681.987976 311 ) (456.101990 -681.987976 311.001495 ) (452.136444 -681.987976 313.975311 ) (440.363312 -681.987976 305 ) (448.109009 -681.987976 305 ) 
3 187 195 (456.101990 -681.987976 311.001495 ) (456.101990 -681.987976 316.998444 ) (452.136444 -681.987976 313.975311 ) 
4 187 190 (456.101990 -681.987976 247 ) (547.921875 -681.987976 247 ) (471.844116 -681.987976 305 ) (456.101990 -681.987976 305 ) 
4 187 189 (471.844116 -681.987976 305 ) (456.101990 -681.987976 317.001434 ) (456.101990 -681.987976 311.001465 ) (464.104950 -681.987976 305 ) 
5 187 188 (0 -681.987976 247 ) (357.011475 -681.987976 247 ) (452.179688 -681.987976 319.991699 ) (58.269531 -681.987976 620.299988 ) (0 -681.987976 620.299988 ) 
4 188 885 (0 -991.987976 620.299988 ) (0 -983.987976 620.299988 ) (0 -983.987976 247 ) (0 -991.987976 247 ) 
4 188 884 (0 -983.987976 620.299988 ) (0 -746.670044 620.299988 ) (0 -746.670044 247 ) (0 -983.987976 247 ) 
4 188 886 (0 -1024 247 ) (0 -1024 620.299988 ) (0 -991.987976 620.299988 ) (0 -991.987976 247 ) 
4 188 882 (0 -746.670044 620.299988 ) (0 -741.330017 620.299988 ) (0 -741.330017 247 ) (0 -746.670044 247 ) 
4 188 880 (0 -741.330017 620.299988 ) (0 -681.987976 620.299988 ) (0 -681.987976 247 ) (0 -741.330017 247 ) 
4 188 646 (88 -1024 247 ) (96 -1024 247 ) (96 -1024 591.533142 ) (88 -1024 597.632141 ) 
5 188 647 (0 -1024 620.299988 ) (0 -1024 247 ) (88 -1024 247 ) (88 -1024 597.632141 ) (58.266876 -1024 620.299988 ) 
5 188 642 (96 -1024 247 ) (357.011444 -1024 247 ) (364.100037 -1024 252.436783 ) (364.100037 -1024 387.140045 ) (96 -1024 591.533142 ) 
3 188 600 (364.100037 -1024 252.436783 ) (452.178711 -1024 319.990967 ) (364.100037 -1024 387.140045 ) 
4 188 257 (357.011475 -1024 247 ) (0 -1024 247 ) (0 -947.987976 247 ) (357.011475 -947.987976 247 ) 
4 188 252 (0 -947.987976 247 ) (0 -812.987976 247 ) (357.011444 -812.987976 247 ) (357.011475 -947.987976 247 ) 
4 188 232 (0 -812.987976 247 ) (0 -686.987976 247 ) (357.011444 -686.987976 247 ) (357.011444 -812.987976 247 ) 
4 188 229 (0 -686.987976 247 ) (0 -681.987976 247 ) (357.011444 -681.987976 247 ) (357.011444 -686.987976 247 ) 
4 188 228 (58.266830 -1024 620.299988 ) (452.179443 -1024 319.991486 ) (452.179443 -686.987976 319.991486 ) (58.266846 -686.987976 620.299988 ) 
4 188 227 (452.179443 -686.987976 319.991486 ) (452.179443 -681.987976 319.991486 ) (58.266846 -681.987976 620.299988 ) (58.266846 -686.987976 620.299988 ) 
4 188 204 (357.011719 -686.987976 247 ) (357.011719 -681.987976 247 ) (452.179688 -681.987976 319.992188 ) (452.179688 -686.987976 319.992188 ) 
4 189 225 (471.843658 -681.987976 305 ) (456.101990 -681.987976 317.001038 ) (456.101990 -686.987976 317.001038 ) (471.843658 -686.987976 305 ) 
4 189 195 (456.101990 -693.987976 317 ) (456.101990 -681.987976 317 ) (456.101990 -681.987976 311.001526 ) (456.101990 -693.987976 311.001404 ) 
4 189 190 (464.104950 -681.987976 305 ) (471.842194 -681.987976 305 ) (471.843170 -693.987976 305 ) (464.104828 -693.987976 305 ) 
4 190 234 (547.920105 -686.987976 247 ) (547.920105 -693.987976 247 ) (456.101990 -693.987976 247 ) (456.101990 -686.987976 247 ) 
4 190 229 (456.101990 -681.987976 247 ) (547.920105 -681.987976 247 ) (547.920105 -686.987976 247 ) (456.101990 -686.987976 247 ) 
4 190 225 (547.921875 -686.987976 247 ) (547.921875 -681.987976 247 ) (471.843658 -681.987976 305 ) (471.843658 -686.987976 305 ) 
4 190 199 (456.101990 -681.987976 290 ) (456.101990 -681.987976 247 ) (456.101990 -693.987976 247 ) (456.101990 -693.987976 290 ) 
4 190 197 (456.101990 -681.987976 305 ) (456.101990 -681.987976 290 ) (456.101990 -693.987976 290 ) (456.101990 -693.987976 305 ) 
4 190 192 (490.609161 -693.987976 285 ) (456.101990 -693.987976 285 ) (456.101990 -693.987976 247 ) (541.073914 -693.987976 247 ) 
4 190 191 (464.048767 -693.987976 305 ) (456.101990 -693.987976 305 ) (456.101990 -693.987976 290 ) (483.969025 -693.987976 290 ) 
4 191 198 (456.101990 -700.987976 290 ) (456.101990 -700.987976 305 ) (456.101990 -693.987976 305 ) (456.101990 -693.987976 290 ) 
4 191 194 (456.101990 -700.987976 305 ) (456.101990 -700.987976 290 ) (483.969025 -700.987976 290 ) (464.048798 -700.987976 305 ) 
4 192 200 (456.101990 -693.987976 247 ) (456.101990 -700.987976 247 ) (456.101990 -700.987976 285 ) (456.101990 -693.987976 285 ) 
4 192 194 (456.101990 -700.987976 285 ) (456.101990 -700.987976 247 ) (541.073914 -700.987976 247 ) (490.609192 -700.987976 285 ) 
4 193 201 (456.101990 -805.987976 311 ) (456.101990 -805.987976 316.996094 ) (456.101990 -700.987976 317 ) (456.101990 -700.987976 311.001404 ) 
4 193 194 (471.843750 -805.987976 305 ) (464.103912 -805.987976 305 ) (464.104797 -700.987976 305 ) (471.842194 -700.987976 305 ) 
4 194 238 (531.101990 -805.987976 247 ) (456.101990 -805.987976 247 ) (456.101990 -700.987976 247 ) (531.101990 -700.987976 247 ) 
4 194 206 (490.629089 -805.987976 285 ) (456.101990 -805.987976 285 ) (456.101990 -805.987976 247 ) (541.088928 -805.987976 247 ) 
4 194 205 (464.071228 -805.987976 305 ) (456.101990 -805.987976 305 ) (456.101990 -805.987976 290 ) (483.989624 -805.987976 290 ) 
4 194 203 (456.101990 -805.987976 247 ) (456.101990 -805.987976 305 ) (456.101990 -700.987976 305 ) (456.101990 -700.987976 247 ) 
4 195 204 (456.101990 -686.987976 317 ) (456.101990 -681.987976 317 ) (452.136078 -681.987976 313.975586 ) (452.136017 -686.987976 313.975586 ) 
4 195 196 (456.101990 -693.987976 310.998932 ) (452.134705 -693.987976 313.974030 ) (452.134796 -681.987976 313.974030 ) (456.101990 -681.987976 311 ) 
4 196 204 (452.136078 -681.987976 313.975586 ) (440.362549 -681.987976 305 ) (440.362518 -686.987976 305 ) (452.136017 -686.987976 313.975586 ) 
4 196 197 (440.359406 -693.987976 305 ) (440.359467 -681.987976 305 ) (448.109009 -681.987976 305 ) (448.108887 -693.987976 305 ) 
4 197 204 (440.362549 -681.987976 305 ) (420.686646 -681.987976 290 ) (420.686615 -686.987976 290 ) (440.362518 -686.987976 305 ) 
4 197 199 (420.683624 -693.987976 290 ) (420.683685 -681.987976 290 ) (456.101990 -681.987976 290 ) (456.101990 -693.987976 290 ) 
4 197 198 (428.212341 -693.987976 290 ) (456.101990 -693.987976 290 ) (456.101990 -693.987976 305 ) (448.133514 -693.987976 305 ) 
4 198 203 (456.101990 -700.987976 290 ) (456.101990 -700.987976 305 ) (448.133514 -700.987976 305 ) (428.212341 -700.987976 290 ) 
4 199 234 (456.101990 -686.987976 247 ) (456.101990 -693.987976 247 ) (364.283081 -693.987976 247 ) (364.283112 -686.987976 247 ) 
4 199 229 (364.283142 -681.987976 247 ) (456.101990 -681.987976 247 ) (456.101990 -686.987976 247 ) (364.283112 -686.987976 247 ) 
4 199 204 (420.686646 -681.987976 290 ) (364.282410 -681.987976 247 ) (364.282379 -686.987976 247 ) (420.686615 -686.987976 290 ) 
4 199 200 (456.101990 -693.987976 247 ) (456.101990 -693.987976 285 ) (421.571960 -693.987976 285 ) (371.105011 -693.987976 247 ) 
4 200 203 (456.101990 -700.987976 247 ) (456.101990 -700.987976 285 ) (421.571991 -700.987976 285 ) (371.105011 -700.987976 247 ) 
4 201 202 (452.135986 -805.987976 313.976440 ) (452.136719 -700.987976 313.976563 ) (456.101990 -700.987976 311.002594 ) (456.101990 -805.987976 311.001923 ) 
4 202 203 (440.354889 -805.987976 305 ) (440.355469 -700.987976 305 ) (448.108795 -700.987976 305 ) (448.107941 -805.987976 305 ) 
4 203 238 (456.101990 -700.987976 247 ) (456.101990 -805.987976 247 ) (381.100037 -805.987976 247 ) (381.100037 -700.987976 247 ) 
4 203 206 (371.100006 -805.987976 247 ) (456.101990 -805.987976 247 ) (456.101990 -805.987976 285 ) (421.569305 -805.987976 285 ) 
4 203 205 (428.209991 -805.987976 290 ) (456.101990 -805.987976 290 ) (456.101990 -805.987976 305 ) (448.132111 -805.987976 305 ) 
4 204 229 (357.011444 -686.987976 247 ) (357.011444 -681.987976 247 ) (364.283142 -681.987976 247 ) (364.283112 -686.987976 247 ) 
4 204 227 (456.101990 -681.987976 317.001038 ) (452.179443 -681.987976 319.991486 ) (452.179443 -686.987976 319.991486 ) (456.101990 -686.987976 317.001038 ) 
4 205 215 (456.101990 -812.987976 305 ) (448.133118 -812.987976 305 ) (428.211029 -812.987976 290 ) (456.101990 -812.987976 290 ) 
4 205 208 (464.071228 -812.987976 305 ) (456.101990 -812.987976 305 ) (456.101990 -812.987976 290 ) (483.989655 -812.987976 290 ) 
4 206 217 (456.101990 -812.987976 285 ) (421.570313 -812.987976 285 ) (371.101013 -812.987976 247 ) (456.101990 -812.987976 247 ) 
4 206 208 (490.629089 -812.987976 285 ) (456.101990 -812.987976 285 ) (456.101990 -812.987976 247 ) (541.088928 -812.987976 247 ) 
4 207 226 (456.101990 -832.987976 317.001038 ) (456.101990 -896.987976 317.001038 ) (471.843658 -896.987976 305 ) (471.843658 -832.987976 305 ) 
4 207 213 (456.101990 -812.987976 317 ) (456.101990 -812.987976 311 ) (456.101990 -940.987976 311 ) (456.101990 -940.987976 316.997589 ) 
4 207 208 (464.103851 -812.987976 305 ) (471.842194 -812.987976 305 ) (471.843658 -940.987976 305 ) (464.102783 -940.987976 305 ) 
4 208 247 (456.101990 -812.987976 247 ) (531.101990 -812.987976 247 ) (531.101990 -940.987976 247 ) (456.101990 -940.987976 247 ) 
4 208 226 (547.921875 -896.987976 247 ) (547.921875 -832.987976 247 ) (471.843658 -832.987976 305 ) (471.843658 -896.987976 305 ) 
4 208 217 (456.101990 -812.987976 290 ) (456.101990 -812.987976 247 ) (456.101990 -940.987976 247 ) (456.101990 -940.987976 290 ) 
4 208 215 (456.101990 -812.987976 305 ) (456.101990 -812.987976 290 ) (456.101990 -940.987976 290 ) (456.101990 -940.987976 305 ) 
4 208 210 (490.633240 -940.987976 285 ) (456.101990 -940.987976 285 ) (456.101990 -940.987976 247 ) (541.101990 -940.987976 247 ) 
4 208 209 (464.070740 -940.987976 305 ) (456.101990 -940.987976 305 ) (456.101990 -940.987976 290 ) (483.992615 -940.987976 290 ) 
4 209 216 (456.101990 -947.987976 290 ) (456.101990 -947.987976 305 ) (456.101990 -940.987976 305 ) (456.101990 -940.987976 290 ) 
4 209 212 (456.101990 -947.987976 305 ) (456.101990 -947.987976 290 ) (483.992584 -947.987976 290 ) (464.070740 -947.987976 305 ) 
4 210 218 (456.101990 -940.987976 247 ) (456.101990 -947.987976 247 ) (456.101990 -947.987976 285 ) (456.101990 -940.987976 285 ) 
4 210 212 (456.101990 -947.987976 285 ) (456.101990 -947.987976 247 ) (541.101929 -947.987976 247 ) (490.633240 -947.987976 285 ) 
4 211 219 (456.101990 -1021.989990 311 ) (456.101990 -1021.989990 316.996094 ) (456.101990 -947.987976 316.997467 ) (456.101990 -947.987976 311 ) 
4 211 212 (471.843750 -1021.989990 305 ) (464.102081 -1021.989990 305 ) (464.102722 -947.987976 305 ) (471.842194 -947.987976 305 ) 
4 212 250 (531.101990 -1014.989990 247 ) (456.101990 -1014.989990 247 ) (456.101990 -947.987976 247 ) (531.101990 -947.987976 247 ) 
4 212 223 (490.644897 -1021.989990 285 ) (456.101990 -1021.989990 285 ) (456.101990 -1021.989990 247 ) (541.109314 -1021.989990 247 ) 
4 212 222 (464.084686 -1021.989990 305 ) (456.101990 -1021.989990 305 ) (456.101990 -1021.989990 290 ) (484.004822 -1021.989990 290 ) 
4 212 221 (456.101990 -947.987976 247 ) (456.101990 -1021.989990 247 ) (456.101990 -1021.989990 305 ) (456.101990 -947.987976 305 ) 
4 213 214 (456.101990 -940.987976 310.998932 ) (452.134033 -940.987976 313.974548 ) (452.134949 -812.987976 313.974701 ) (456.101990 -812.987976 311 ) 
4 214 215 (440.359406 -940.987976 305 ) (440.360138 -812.987976 305 ) (448.107880 -812.987976 305 ) (448.106812 -940.987976 305 ) 
4 215 217 (420.683624 -940.987976 290 ) (420.684326 -812.987976 290 ) (456.101990 -812.987976 290 ) (456.101990 -940.987976 290 ) 
4 215 216 (428.212341 -940.987976 290 ) (456.101990 -940.987976 290 ) (456.101990 -940.987976 305 ) (448.133514 -940.987976 305 ) 
4 216 221 (456.101990 -947.987976 290 ) (456.101990 -947.987976 305 ) (448.134460 -947.987976 305 ) (428.213318 -947.987976 290 ) 
4 217 247 (381.100037 -812.987976 247 ) (456.101990 -812.987976 247 ) (456.101990 -940.987976 247 ) (381.100037 -940.987976 247 ) 
4 217 218 (456.101990 -940.987976 247 ) (456.101990 -940.987976 285 ) (421.571960 -940.987976 285 ) (371.104980 -940.987976 247 ) 
4 218 221 (456.101990 -947.987976 247 ) (456.101990 -947.987976 285 ) (421.572937 -947.987976 285 ) (371.105988 -947.987976 247 ) 
4 219 220 (452.132294 -1021.989990 313.976471 ) (452.132813 -947.987976 313.976563 ) (456.101990 -947.987976 311 ) (456.101990 -1021.989990 311 ) 
4 220 221 (440.355072 -1021.989990 305 ) (440.355469 -947.987976 305 ) (448.106689 -947.987976 305 ) (448.106110 -1021.989990 305 ) 
4 221 250 (456.101990 -947.987976 247 ) (456.101990 -1014.989990 247 ) (381.100037 -1014.989990 247 ) (381.100037 -947.987976 247 ) 
4 221 223 (371.109009 -1021.989990 247 ) (456.101990 -1021.989990 247 ) (456.101990 -1021.989990 285 ) (421.573608 -1021.989990 285 ) 
4 221 222 (428.213654 -1021.989990 290 ) (456.101990 -1021.989990 290 ) (456.101990 -1021.989990 305 ) (448.133881 -1021.989990 305 ) 
4 222 601 (456.101990 -1024 305 ) (448.133881 -1024 305 ) (428.213654 -1024 290 ) (456.101990 -1024 290 ) 
4 222 594 (464.085358 -1024 305 ) (456.101990 -1024 305 ) (456.101990 -1024 290 ) (484.005615 -1024 290 ) 
4 223 602 (371.109009 -1024 247 ) (456.101990 -1024 247 ) (456.101990 -1024 285 ) (421.573578 -1024 285 ) 
4 223 595 (456.101990 -1024 247 ) (541.110107 -1024 247 ) (490.645630 -1024 285 ) (456.101990 -1024 285 ) 
5 224 590 (1024 -1024 247 ) (1024 -1024 620.299988 ) (456.101990 -1024 620.299988 ) (456.101990 -1024 323 ) (555.190552 -1024 247 ) 
4 224 230 (1024 -1024 247 ) (555.190552 -1024 247 ) (555.190552 -686.987976 247 ) (1024 -686.987976 247 ) 
4 224 229 (555.190552 -686.987976 247 ) (555.190552 0 247 ) (1024 0 247 ) (1024 -686.987976 247 ) 
4 224 228 (456.101990 -686.987976 323 ) (456.101990 -1024 323 ) (456.101990 -1024 620.299988 ) (456.101990 -686.987976 620.299988 ) 
4 224 227 (456.101990 0 620.299988 ) (456.101990 0 323 ) (456.101990 -686.987976 323 ) (456.101990 -686.987976 620.299988 ) 
4 224 225 (456.101990 -686.987976 323.001923 ) (456.101990 0 323.001953 ) (555.193176 0 247 ) (555.193115 -686.987976 247 ) 
4 224 226 (456.101990 -896.987976 323.001923 ) (456.101990 -832.987976 323.001923 ) (555.193115 -832.987976 247 ) (555.193115 -896.987976 247 ) 
4 225 229 (547.920105 -686.987976 247 ) (547.920105 0 247 ) (555.190552 0 247 ) (555.190552 -686.987976 247 ) 
4 225 227 (456.101990 0 323 ) (456.101990 0 316.998047 ) (456.101990 -686.987976 316.998016 ) (456.101990 -686.987976 323 ) 
4 226 245 (547.920105 -896.987976 247 ) (547.920105 -832.987976 247 ) (555.190552 -832.987976 247 ) (555.190552 -896.987976 247 ) 
4 227 228 (456.101990 -686.987976 323 ) (456.101990 -686.987976 620.299988 ) (58.266846 -686.987976 620.299988 ) (452.176208 -686.987976 319.989044 ) 
4 228 646 (88 -1024 597.632141 ) (96 -1024 591.533142 ) (96 -1024 620.299988 ) (88 -1024 620.299988 ) 
3 228 647 (58.266899 -1024 620.299988 ) (88 -1024 597.632141 ) (88 -1024 620.299988 ) 
4 228 642 (96 -1024 591.533142 ) (364.100037 -1024 387.140076 ) (364.100037 -1024 620.299988 ) (96 -1024 620.299988 ) 
4 228 600 (364.100037 -1024 387.140076 ) (452.178711 -1024 319.990967 ) (456.101990 -1024 323 ) (364.100037 -1024 393.564636 ) 
4 228 590 (456.101990 -1024 323 ) (456.101990 -1024 620.299988 ) (364.100037 -1024 620.299988 ) (364.100037 -1024 393.564636 ) 
4 229 880 (0 -686.987976 247 ) (0 -447.988007 247 ) (0 -447.988007 242 ) (0 -686.987976 242 ) 
4 229 865 (0 -447.988007 247 ) (0 0 247 ) (0 0 242 ) (0 -447.988007 242 ) 
4 229 515 (40 -686.987976 242 ) (0 -686.987976 242 ) (0 -447.988007 242 ) (40 -447.988007 242 ) 
4 229 514 (88 -686.987976 242 ) (40 -686.987976 242 ) (40 -447.988007 242 ) (88 -447.988007 242 ) 
4 229 487 (352 -686.987976 242 ) (88 -686.987976 242 ) (88 -586 242 ) (352 -586 242 ) 
4 229 484 (304 -580 242 ) (304 -586 242 ) (202 -586 242 ) (202 -580 242 ) 
4 229 483 (202 -447.988007 242 ) (304 -447.988007 242 ) (304 -580 242 ) (202 -580 242 ) 
4 229 482 (304 -447.988007 242 ) (352 -447.988007 242 ) (352 -586 242 ) (304 -586 242 ) 
4 229 486 (88 -586 242 ) (88 -447.988007 242 ) (202 -447.988007 242 ) (202 -586 242 ) 
4 229 476 (359.100037 -598.987976 242 ) (359.100037 -578.987976 242 ) (364.100037 -578.987976 242 ) (364.100037 -598.987976 242 ) 
4 229 475 (359.100037 -578.987976 242 ) (359.100037 -447.988007 242 ) (364.100037 -447.988007 242 ) (364.100037 -578.987976 242 ) 
4 229 478 (364.100037 -686.987976 242 ) (359.100037 -686.987976 242 ) (359.100037 -598.987976 242 ) (364.100037 -598.987976 242 ) 
4 229 479 (359.100037 -686.987976 242 ) (352 -686.987976 242 ) (352 -447.988007 242 ) (359.100037 -447.988007 242 ) 
4 229 470 (0 -447.988007 242 ) (0 0 242 ) (364.100037 0 242 ) (364.100037 -447.988007 242 ) 
4 229 262 (1024 0 242 ) (1024 -686.987976 242 ) (364.100037 -686.987976 242 ) (364.100037 0 242 ) 
4 229 234 (357.724457 -686.987976 242 ) (554.478516 -686.987976 242 ) (547.920105 -686.987976 247 ) (364.283112 -686.987976 247 ) 
3 229 233 (350.492340 -686.987976 242 ) (354.101471 -686.987976 242 ) (353.101410 -686.987976 244.001099 ) 
4 229 232 (0 -686.987976 242 ) (350.492340 -686.987976 242 ) (357.011475 -686.987976 247 ) (0 -686.987976 247 ) 
3 229 231 (558.103516 -686.987976 242 ) (561.709534 -686.987976 242 ) (559.103455 -686.987976 243.998871 ) 
4 229 230 (561.709534 -686.987976 242 ) (1024 -686.987976 242 ) (1024 -686.987976 247 ) (555.190613 -686.987976 247 ) 
4 230 590 (1024 -1024 242 ) (1024 -1024 247 ) (555.190613 -1024 247 ) (561.709534 -1024 242 ) 
4 230 414 (1024 -896.987976 242 ) (1024 -1024 242 ) (561.709595 -1024 242 ) (561.709534 -896.987976 242 ) 
4 230 412 (1024 -812.987976 242 ) (1024 -832.987976 242 ) (561.709534 -832.987976 242 ) (561.709534 -812.987976 242 ) 
4 230 413 (1024 -832.987976 242 ) (1024 -896.987976 242 ) (561.709534 -896.987976 242 ) (561.709534 -832.987976 242 ) 
4 230 302 (1024 -693.987976 242 ) (1024 -812.987976 242 ) (561.709534 -812.987976 242 ) (561.709534 -693.987976 242 ) 
4 230 263 (1024 -686.987976 242 ) (1024 -693.987976 242 ) (561.709534 -693.987976 242 ) (561.709534 -686.987976 242 ) 
4 230 245 (555.191406 -896.987976 247 ) (555.191406 -832.987976 247 ) (559.104370 -832.987976 243.998795 ) (559.104675 -896.987976 243.998566 ) 
4 230 231 (559.103638 -686.987976 244 ) (561.710388 -686.987976 242 ) (561.710388 -1024 242 ) (559.105286 -1024 243.998093 ) 
3 231 591 (558.105774 -1024 242 ) (561.709534 -1024 242 ) (559.105042 -1024 243.997620 ) 
4 231 414 (561.709595 -1024 242 ) (558.105774 -1024 242 ) (558.104919 -896.987976 242 ) (561.709534 -896.987976 242 ) 
4 231 412 (558.104492 -832.987976 242 ) (558.104370 -812.987976 242 ) (561.709534 -812.987976 242 ) (561.709534 -832.987976 242 ) 
4 231 413 (558.104919 -896.987976 242 ) (558.104492 -832.987976 242 ) (561.709534 -832.987976 242 ) (561.709534 -896.987976 242 ) 
4 231 302 (558.104370 -812.987976 242 ) (558.103577 -693.987976 242 ) (561.709534 -693.987976 242 ) (561.709534 -812.987976 242 ) 
4 231 263 (558.103577 -693.987976 242 ) (558.103516 -686.987976 242 ) (561.709534 -686.987976 242 ) (561.709534 -693.987976 242 ) 
4 231 245 (559.104980 -896.987976 243.998672 ) (559.104675 -832.987976 243.998901 ) (558.104736 -832.987976 242 ) (558.105164 -896.987976 242 ) 
4 232 884 (0 -812.987976 247 ) (0 -746.670044 247 ) (0 -746.670044 242 ) (0 -812.987976 242 ) 
4 232 882 (0 -746.670044 247 ) (0 -741.330017 247 ) (0 -741.330017 242 ) (0 -746.670044 242 ) 
4 232 880 (0 -741.330017 247 ) (0 -686.987976 247 ) (0 -686.987976 242 ) (0 -741.330017 242 ) 
4 232 519 (0 -752 242 ) (0 -746.670044 242 ) (40 -746.670044 242 ) (40 -752 242 ) 
4 232 520 (0 -812.987976 242 ) (0 -752 242 ) (40 -752 242 ) (40 -812.987976 242 ) 
4 232 518 (40 -746.670044 242 ) (88 -746.670044 242 ) (88 -812.987976 242 ) (40 -812.987976 242 ) 
4 232 517 (0 -746.670044 242 ) (0 -741.330017 242 ) (40 -741.330017 242 ) (40 -746.670044 242 ) 
4 232 516 (0 -741.330017 242 ) (0 -735.987976 242 ) (40 -735.987976 242 ) (40 -741.330017 242 ) 
4 232 515 (0 -735.987976 242 ) (0 -686.987976 242 ) (40 -686.987976 242 ) (40 -735.987976 242 ) 
4 232 514 (40 -686.987976 242 ) (88 -686.987976 242 ) (88 -746.670044 242 ) (40 -746.670044 242 ) 
4 232 488 (350.492340 -735.987976 242 ) (350.492371 -812.987976 242 ) (88 -812.987976 242 ) (88 -735.987976 242 ) 
4 232 487 (88 -686.987976 242 ) (350.492340 -686.987976 242 ) (350.492340 -735.987976 242 ) (88 -735.987976 242 ) 
4 232 252 (0 -812.987976 242 ) (350.492340 -812.987976 242 ) (357.011444 -812.987976 247 ) (0 -812.987976 247 ) 
4 232 241 (353.101349 -812.987976 244 ) (350.492950 -812.987976 242 ) (350.492920 -805.987976 242 ) (353.101349 -805.987976 244 ) 
4 232 239 (350.492920 -805.987976 242 ) (350.492279 -700.987976 242 ) (353.101410 -700.987976 244.001038 ) (353.101349 -805.987976 244 ) 
4 232 233 (350.492279 -700.987976 242 ) (350.492188 -686.987976 242 ) (353.101410 -686.987976 244.001083 ) (353.101410 -700.987976 244.001038 ) 
4 233 487 (350.492340 -686.987976 242 ) (352 -686.987976 242 ) (352 -700.987976 242 ) (350.492340 -700.987976 242 ) 
4 233 481 (352 -686.987976 242 ) (354.101471 -686.987976 242 ) (354.101440 -700.987976 242 ) (352 -700.987976 242 ) 
3 233 239 (353.101837 -700.987976 244 ) (350.493988 -700.987976 242 ) (354.101440 -700.987976 242 ) 
4 234 480 (357.724457 -686.987976 242 ) (364.100037 -686.987976 242 ) (364.100037 -693.987976 242 ) (357.724426 -693.987976 242 ) 
4 234 264 (364.100037 -686.987976 242 ) (554.478516 -686.987976 242 ) (554.478577 -693.987976 242 ) (364.100037 -693.987976 242 ) 
3 234 236 (357.724426 -693.987976 242 ) (364.100037 -693.987976 242 ) (364.100037 -693.987976 246.860458 ) 
3 234 235 (548.101990 -693.987976 242 ) (554.478516 -693.987976 242 ) (548.101990 -693.987976 246.861328 ) 
4 235 303 (554.478516 -700.987976 242 ) (548.101990 -700.987976 242 ) (548.101990 -693.987976 242 ) (554.478577 -693.987976 242 ) 
3 235 237 (548.101990 -700.987976 246.861313 ) (548.101990 -700.987976 242 ) (554.478577 -700.987976 242 ) 
4 236 480 (364.100037 -700.987976 242 ) (357.724365 -700.987976 242 ) (357.724426 -693.987976 242 ) (364.100037 -693.987976 242 ) 
3 236 240 (357.724365 -700.987976 242 ) (364.100037 -700.987976 242 ) (364.100037 -700.987976 246.860489 ) 
4 237 303 (554.478516 -805.987976 242 ) (548.101990 -805.987976 242 ) (548.101990 -700.987976 242 ) (554.478516 -700.987976 242 ) 
3 237 242 (548.101990 -805.987976 246.861313 ) (548.101990 -805.987976 242 ) (554.478577 -805.987976 242 ) 
4 238 377 (531.101990 -805.987976 242 ) (507.101959 -805.987976 242 ) (507.101959 -700.987976 242 ) (531.101990 -700.987976 242 ) 
4 238 349 (507.101959 -805.987976 242 ) (381.100037 -805.987976 242 ) (381.100037 -700.987976 242 ) (507.101959 -700.987976 242 ) 
4 239 488 (352 -805.987976 242 ) (350.492371 -805.987976 242 ) (350.492340 -735.987976 242 ) (352 -735.987976 242 ) 
4 239 487 (350.492340 -735.987976 242 ) (350.492340 -700.987976 242 ) (352 -700.987976 242 ) (352 -735.987976 242 ) 
4 239 481 (354.101166 -805.987976 242 ) (352 -805.987976 242 ) (352 -700.987976 242 ) (354.101440 -700.987976 242 ) 
3 239 241 (353.101654 -805.987976 244 ) (350.493988 -805.987976 242 ) (354.101166 -805.987976 242 ) 
4 240 480 (364.100037 -805.987976 242 ) (357.723816 -805.987976 242 ) (357.724365 -700.987976 242 ) (364.100037 -700.987976 242 ) 
3 240 243 (357.723816 -805.987976 242 ) (364.100037 -805.987976 242 ) (364.100037 -805.987976 246.860931 ) 
4 241 488 (352 -812.987976 242 ) (350.492371 -812.987976 242 ) (350.492371 -805.987976 242 ) (352 -805.987976 242 ) 
4 241 481 (354.101135 -812.987976 242 ) (352 -812.987976 242 ) (352 -805.987976 242 ) (354.101166 -805.987976 242 ) 
3 241 253 (350.492340 -812.987976 242 ) (354.101135 -812.987976 242 ) (353.101166 -812.987976 244 ) 
4 242 303 (554.478577 -812.987976 242 ) (548.101990 -812.987976 242 ) (548.101990 -805.987976 242 ) (554.478516 -805.987976 242 ) 
3 242 244 (548.101990 -812.987976 242 ) (554.478577 -812.987976 242 ) (548.101990 -812.987976 246.861313 ) 
4 243 480 (364.100037 -812.987976 242 ) (357.723755 -812.987976 242 ) (357.723816 -805.987976 242 ) (364.100037 -805.987976 242 ) 
3 243 254 (357.723755 -812.987976 242 ) (364.100037 -812.987976 242 ) (364.100037 -812.987976 246.860962 ) 
4 244 379 (548.101990 -812.987976 242 ) (554.478577 -812.987976 242 ) (554.478577 -832.987976 242 ) (548.101990 -832.987976 242 ) 
3 244 245 (548.101990 -832.987976 242 ) (554.478577 -832.987976 242 ) (548.101990 -832.987976 246.861313 ) 
4 245 413 (558.104492 -832.987976 242 ) (558.104919 -896.987976 242 ) (554.478516 -896.987976 242 ) (554.478577 -832.987976 242 ) 
4 245 379 (554.478516 -896.987976 242 ) (548.101990 -896.987976 242 ) (548.101990 -832.987976 242 ) (554.478577 -832.987976 242 ) 
3 245 246 (548.101990 -896.987976 242 ) (554.478577 -896.987976 242 ) (548.101990 -896.987976 246.861313 ) 
4 246 379 (554.478516 -940.987976 242 ) (548.101990 -940.987976 242 ) (548.101990 -896.987976 242 ) (554.478516 -896.987976 242 ) 
3 246 248 (548.101990 -940.987976 242 ) (554.478516 -940.987976 242 ) (548.101990 -940.987976 246.861313 ) 
4 247 452 (507.101959 -812.987976 242 ) (531.101990 -812.987976 242 ) (531.101990 -940.987976 242 ) (507.101959 -940.987976 242 ) 
4 247 420 (381.100037 -940.987976 242 ) (381.100037 -812.987976 242 ) (507.101959 -812.987976 242 ) (507.101959 -940.987976 242 ) 
4 248 400 (548.101990 -940.987976 242 ) (554.478516 -940.987976 242 ) (554.478577 -947.987976 242 ) (548.101990 -947.987976 242 ) 
3 248 249 (548.101990 -947.987976 242 ) (554.478516 -947.987976 242 ) (548.101990 -947.987976 246.861313 ) 
4 249 400 (548.101990 -947.987976 242 ) (554.478577 -947.987976 242 ) (554.478516 -1014.989990 242 ) (548.101990 -1014.989990 242 ) 
3 249 251 (548.101990 -1014.989990 242 ) (554.478516 -1014.989990 242 ) (548.101990 -1014.989990 246.861313 ) 
4 250 454 (381.100037 -1014.989990 242 ) (381.100037 -947.987976 242 ) (531.101990 -947.987976 242 ) (531.101990 -1014.989990 242 ) 
3 251 592 (548.101990 -1024 246.861313 ) (548.101990 -1024 242 ) (554.478577 -1024 242 ) 
4 251 400 (554.478577 -1024 242 ) (548.101990 -1024 242 ) (548.101990 -1014.989990 242 ) (554.478516 -1014.989990 242 ) 
4 252 884 (0 -947.987976 247 ) (0 -812.987976 247 ) (0 -812.987976 242 ) (0 -947.987976 242 ) 
4 252 520 (0 -947.987976 242 ) (0 -812.987976 242 ) (40 -812.987976 242 ) (40 -947.987976 242 ) 
4 252 518 (40 -812.987976 242 ) (88 -812.987976 242 ) (88 -947.987976 242 ) (40 -947.987976 242 ) 
4 252 488 (88 -812.987976 242 ) (350.492340 -812.987976 242 ) (350.492340 -947.987976 242 ) (88 -947.987976 242 ) 
4 252 257 (0 -947.987976 242 ) (350.492340 -947.987976 242 ) (357.011444 -947.987976 247 ) (0 -947.987976 247 ) 
4 252 255 (353.100464 -947.987976 244.001572 ) (350.490784 -947.987976 242 ) (350.490845 -940.987976 242 ) (353.100494 -940.987976 244.001526 ) 
4 252 253 (350.490845 -940.987976 242 ) (350.492188 -812.987976 242 ) (353.101166 -812.987976 244 ) (353.100494 -940.987976 244.001526 ) 
4 253 488 (350.492340 -812.987976 242 ) (352 -812.987976 242 ) (352 -940.987976 242 ) (350.492340 -940.987976 242 ) 
4 253 481 (352 -812.987976 242 ) (354.101135 -812.987976 242 ) (354.100769 -940.987976 242 ) (352 -940.987976 242 ) 
3 253 255 (353.101868 -940.987976 243.998749 ) (350.495850 -940.987976 242 ) (354.100769 -940.987976 242 ) 
4 254 480 (357.723755 -812.987976 242 ) (364.100037 -812.987976 242 ) (364.100037 -940.987976 242 ) (357.723053 -940.987976 242 ) 
3 254 256 (357.723053 -940.987976 242 ) (364.100037 -940.987976 242 ) (364.100037 -940.987976 246.861511 ) 
4 255 488 (352 -947.987976 242 ) (350.492340 -947.987976 242 ) (350.492340 -940.987976 242 ) (352 -940.987976 242 ) 
4 255 481 (354.100769 -947.987976 242 ) (352 -947.987976 242 ) (352 -940.987976 242 ) (354.100769 -940.987976 242 ) 
3 255 258 (350.492340 -947.987976 242 ) (354.100769 -947.987976 242 ) (353.100891 -947.987976 244 ) 
4 256 480 (364.100037 -947.987976 242 ) (357.722992 -947.987976 242 ) (357.723053 -940.987976 242 ) (364.100037 -940.987976 242 ) 
3 256 259 (357.722992 -947.987976 242 ) (364.100037 -947.987976 242 ) (364.100037 -947.987976 246.861542 ) 
4 257 885 (0 -991.987976 247 ) (0 -983.987976 247 ) (0 -983.987976 242 ) (0 -991.987976 242 ) 
4 257 884 (0 -983.987976 247 ) (0 -947.987976 247 ) (0 -947.987976 242 ) (0 -983.987976 242 ) 
4 257 886 (0 -1024 242 ) (0 -1024 247 ) (0 -991.987976 247 ) (0 -991.987976 242 ) 
4 257 646 (96 -1024 247 ) (88 -1024 247 ) (88 -1024 242 ) (96 -1024 242 ) 
4 257 647 (88 -1024 247 ) (0 -1024 247 ) (0 -1024 242 ) (88 -1024 242 ) 
4 257 642 (357.011444 -1024 247 ) (96 -1024 247 ) (96 -1024 242 ) (350.492340 -1024 242 ) 
4 257 521 (0 -991.987976 242 ) (0 -983.987976 242 ) (88 -983.987976 242 ) (88 -991.987976 242 ) 
4 257 524 (88 -1024 242 ) (0 -1024 242 ) (0 -991.987976 242 ) (88 -991.987976 242 ) 
4 257 520 (0 -983.987976 242 ) (0 -947.987976 242 ) (40 -947.987976 242 ) (40 -983.987976 242 ) 
4 257 518 (40 -947.987976 242 ) (88 -947.987976 242 ) (88 -983.987976 242 ) (40 -983.987976 242 ) 
4 257 509 (96 -1024 242 ) (88 -1024 242 ) (88 -991.987976 242 ) (96 -991.987976 242 ) 
4 257 508 (350.492340 -1024 242 ) (96 -1024 242 ) (96 -991.987976 242 ) (350.492340 -991.987976 242 ) 
4 257 488 (88 -991.987976 242 ) (88 -947.987976 242 ) (350.492340 -947.987976 242 ) (350.492340 -991.987976 242 ) 
4 257 260 (350.492188 -1024 242 ) (350.492188 -1014.989990 242 ) (353.100739 -1014.989990 244 ) (353.100739 -1024 244 ) 
4 257 258 (350.492188 -1014.989990 242 ) (350.492188 -947.987976 242 ) (353.100891 -947.987976 244 ) (353.100739 -1014.989990 244 ) 
4 258 508 (350.492340 -1014.989990 242 ) (350.492340 -991.987976 242 ) (352 -991.987976 242 ) (352 -1014.989990 242 ) 
4 258 488 (350.492340 -991.987976 242 ) (350.492340 -947.987976 242 ) (352 -947.987976 242 ) (352 -991.987976 242 ) 
4 258 481 (352 -947.987976 242 ) (354.100769 -947.987976 242 ) (354.100555 -1014.989990 242 ) (352 -1014.989990 242 ) 
3 258 260 (353.101715 -1014.989990 243.998642 ) (350.495850 -1014.989990 242 ) (354.100555 -1014.989990 242 ) 
4 259 480 (357.722992 -947.987976 242 ) (364.100037 -947.987976 242 ) (364.100037 -1014.989990 242 ) (357.722626 -1014.989990 242 ) 
3 259 261 (357.722626 -1014.989990 242 ) (364.100037 -1014.989990 242 ) (364.100037 -1014.989990 246.861832 ) 
3 260 644 (353.100739 -1024 244 ) (350.492340 -1024 242 ) (354.100555 -1024 242 ) 
4 260 508 (352 -1024 242 ) (350.492340 -1024 242 ) (350.492340 -1014.989990 242 ) (352 -1014.989990 242 ) 
4 260 481 (354.100555 -1024 242 ) (352 -1024 242 ) (352 -1014.989990 242 ) (354.100555 -1014.989990 242 ) 
3 261 643 (357.722595 -1024 242 ) (364.100037 -1024 242 ) (364.100037 -1024 246.861877 ) 
4 261 480 (364.100037 -1024 242 ) (357.722595 -1024 242 ) (357.722626 -1014.989990 242 ) (364.100037 -1014.989990 242 ) 
4 262 476 (364.100037 -598.987976 242 ) (364.100037 -578.987976 242 ) (364.100037 -578.987976 80 ) (364.100037 -598.987976 80 ) 
4 262 475 (364.100037 -578.987976 242 ) (364.100037 -447.988007 242 ) (364.100037 -447.988007 80 ) (364.100037 -578.987976 80 ) 
4 262 478 (364.100037 -686.987976 242 ) (364.100037 -598.987976 242 ) (364.100037 -598.987976 80 ) (364.100037 -686.987976 80 ) 
4 262 470 (364.100037 -447.988007 242 ) (364.100037 0 242 ) (364.100037 0 80 ) (364.100037 -447.988007 80 ) 
4 262 282 (364.100037 -686.987976 80 ) (364.100037 -603.987976 80 ) (1024 -603.987976 80 ) (1024 -686.987976 80 ) 
4 262 280 (364.100037 -598.987976 80 ) (364.100037 -578.987976 80 ) (540.101990 -578.987976 80 ) (540.101990 -598.987976 80 ) 
4 262 279 (364.100037 -578.987976 80 ) (364.100037 -562.987976 80 ) (540.101990 -562.987976 80 ) (540.101990 -578.987976 80 ) 
4 262 281 (364.100037 -603.987976 80 ) (364.100037 -598.987976 80 ) (540.101990 -598.987976 80 ) (540.101990 -603.987976 80 ) 
4 262 278 (540.101990 -562.987976 80 ) (1024 -562.987976 80 ) (1024 -603.987976 80 ) (540.101990 -603.987976 80 ) 
4 262 276 (384 -562.987976 80 ) (369.100037 -562.987976 80 ) (369.100037 -547.987976 80 ) (384 -547.987976 80 ) 
4 262 275 (480 -555.987976 80 ) (480 -562.987976 80 ) (384 -562.987976 80 ) (384 -555.987976 80 ) 
4 262 274 (369.100037 -415.988007 80 ) (384 -415.988007 80 ) (384 -547.987976 80 ) (369.100037 -547.987976 80 ) 
4 262 273 (550.101990 -562.987976 80 ) (480 -562.987976 80 ) (480 -547.987976 80 ) (550.101990 -547.987976 80 ) 
4 262 272 (1024 -547.987976 80 ) (1024 -562.987976 80 ) (550.101990 -562.987976 80 ) (550.101990 -547.987976 80 ) 
4 262 271 (1024 -511.988007 80 ) (1024 -547.987976 80 ) (480 -547.987976 80 ) (480 -511.988007 80 ) 
4 262 277 (364.100037 -562.987976 80 ) (364.100037 -415.988007 80 ) (369.100037 -415.988007 80 ) (369.100037 -562.987976 80 ) 
4 262 268 (364.100037 -31.988302 80 ) (364.100037 0 80 ) (512 0 80 ) (512 -31.988302 80 ) 
4 262 270 (364.100037 -415.988007 80 ) (364.100037 -127.987999 80 ) (512 -127.987999 80 ) (512 -415.988007 80 ) 
4 262 267 (608 -127.987999 80 ) (608 -415.988007 80 ) (512 -415.988007 80 ) (512 -127.987999 80 ) 
4 262 265 (608 0 80 ) (1024 0 80 ) (1024 -415.988007 80 ) (608 -415.988007 80 ) 
5 262 264 (364.100037 -686.987976 242 ) (364.100037 -686.987976 80 ) (477.063965 -686.987976 80 ) (557.102722 -686.987976 240 ) (554.478516 -686.987976 242 ) 
4 262 263 (477.063965 -686.987976 80 ) (1024 -686.987976 80 ) (1024 -686.987976 242 ) (558.103516 -686.987976 242 ) 
4 263 337 (477.063995 -693.987976 80 ) (531.101990 -693.987976 80 ) (531.101990 -693.987976 81 ) (477.564240 -693.987976 81 ) 
3 263 330 (531 -693.987976 187.819321 ) (477.564240 -693.987976 81 ) (531 -693.987976 81 ) 
4 263 329 (531.101990 -693.987976 81 ) (531.101990 -693.987976 188.023193 ) (531 -693.987976 187.819321 ) (531 -693.987976 81 ) 
4 263 306 (548.101990 -693.987976 80 ) (548.721313 -693.987976 80 ) (548.721375 -693.987976 81 ) (548.101990 -693.987976 81 ) 
4 263 304 (548.721313 -693.987976 80 ) (1024 -693.987976 80 ) (1024 -693.987976 81 ) (548.721375 -693.987976 81 ) 
5 263 302 (1024 -693.987976 81 ) (1024 -693.987976 242 ) (558.103577 -693.987976 242 ) (548.101990 -693.987976 222.006592 ) (548.101990 -693.987976 81 ) 
4 263 282 (1024 -693.987976 80 ) (477.064026 -693.987976 80 ) (477.063965 -686.987976 80 ) (1024 -686.987976 80 ) 
4 263 264 (557.102722 -686.987976 240 ) (477.064453 -686.987976 80 ) (477.064514 -693.987976 80 ) (557.103149 -693.987976 240 ) 
4 264 480 (364.100037 -693.987976 80 ) (364.100037 -693.987976 242 ) (364.100037 -686.987976 242 ) (364.100037 -686.987976 80 ) 
4 264 337 (381.100037 -693.987976 80 ) (477.063995 -693.987976 80 ) (477.564240 -693.987976 81 ) (381.100037 -693.987976 81 ) 
3 264 333 (400.089996 -693.987976 242 ) (381.100037 -693.987976 242 ) (381.100037 -693.987976 223.014053 ) 
7 264 330 (477.564240 -693.987976 81 ) (531 -693.987976 187.819305 ) (531 -693.987976 218.101959 ) (507.101959 -693.987976 242 ) (405.093964 -693.987976 242 ) (381.100037 -693.987976 218.002075 ) (381.100037 -693.987976 81 ) 
4 264 329 (531 -693.987976 187.819305 ) (531.101990 -693.987976 188.023193 ) (531.101990 -693.987976 218 ) (531 -693.987976 218.101959 ) 
3 264 326 (531.101990 -693.987976 223 ) (531.101990 -693.987976 242 ) (512.101929 -693.987976 242 ) 
4 264 303 (548.101990 -693.987976 222.006592 ) (557.102783 -693.987976 240 ) (554.478577 -693.987976 242 ) (548.101990 -693.987976 242 ) 
4 264 282 (477.064026 -693.987976 80 ) (364.100037 -693.987976 80 ) (364.100037 -686.987976 80 ) (477.063965 -686.987976 80 ) 
5 265 546 (622.599976 0 0 ) (1024 0 0 ) (1024 -415.988007 0 ) (608 -415.988007 0 ) (608 -40.312653 0 ) 
3 265 545 (608 0 0 ) (622.599976 0 0 ) (608 -40.312653 0 ) 
4 265 291 (608 -415.988007 64 ) (608 -415.988007 0 ) (1024 -415.988007 0 ) (1024 -415.988007 64 ) 
4 265 266 (608 0 0 ) (608 -127.987999 0 ) (608 -127.987999 64 ) (608 0 64 ) 
4 265 267 (608 -127.987999 0 ) (608 -415.988007 0 ) (608 -415.988007 80 ) (608 -127.987999 80 ) 
3 266 546 (608 -40.312664 0 ) (608 -127.987999 0 ) (576.246765 -127.987999 0 ) 
5 266 545 (512 0 0 ) (608 0 0 ) (608 -40.312664 0 ) (576.246765 -127.987999 0 ) (512 -127.987999 0 ) 
4 266 269 (512 -31.988302 0 ) (512 -127.987999 0 ) (512 -127.987999 64 ) (512 -31.988302 64 ) 
4 266 268 (512 0 0 ) (512 -31.988302 0 ) (512 -31.988302 64 ) (512 0 64 ) 
4 266 267 (512 -127.987999 64 ) (512 -127.987999 0 ) (608 -127.987999 0 ) (608 -127.987999 64 ) 
5 267 546 (608 -127.987999 0 ) (608 -415.988007 0 ) (512 -415.988007 0 ) (512 -305.382751 0 ) (576.246765 -127.987999 0 ) 
3 267 545 (512 -305.382751 0 ) (512 -127.987999 0 ) (576.246765 -127.987999 0 ) 
4 267 291 (512 -415.988007 64 ) (512 -415.988007 0 ) (608 -415.988007 0 ) (608 -415.988007 64 ) 
4 267 270 (512 -127.987999 0 ) (512 -415.988007 0 ) (512 -415.988007 80 ) (512 -127.987999 80 ) 
4 268 545 (364.100037 -31.988302 0 ) (364.100037 0 0 ) (512 0 0 ) (512 -31.988302 0 ) 
4 268 471 (364.100037 -31.988302 64 ) (364.100037 -31.988302 80 ) (364.100037 0 80 ) (364.100037 0 64 ) 
4 268 474 (364.100037 0 0 ) (364.100037 -31.988302 0 ) (364.100037 -31.988302 64 ) (364.100037 0 64 ) 
4 268 269 (512 -31.988302 0 ) (512 -31.988302 64 ) (364.100037 -31.988302 64 ) (364.100037 -31.988302 0 ) 
4 269 545 (364.100037 -127.987999 0 ) (364.100037 -31.988302 0 ) (512 -31.988302 0 ) (512 -127.987999 0 ) 
4 269 474 (364.100037 -31.988302 0 ) (364.100037 -127.987999 0 ) (364.100037 -127.987999 64 ) (364.100037 -31.988302 64 ) 
4 269 270 (512 -127.987999 0 ) (512 -127.987999 64 ) (364.100037 -127.987999 64 ) (364.100037 -127.987999 0 ) 
3 270 546 (512 -305.382751 0 ) (512 -415.988007 0 ) (471.942291 -415.988007 0 ) 
5 270 545 (364.100037 -415.988007 0 ) (364.100037 -127.987999 0 ) (512 -127.987999 0 ) (512 -305.382751 0 ) (471.942291 -415.988007 0 ) 
4 270 473 (364.100037 -415.988007 64 ) (364.100037 -415.988007 80 ) (364.100037 -351.988007 80 ) (364.100037 -351.988007 64 ) 
4 270 472 (364.100037 -351.988007 80 ) (364.100037 -127.987999 80 ) (364.100037 -127.987999 64 ) (364.100037 -351.988007 64 ) 
4 270 474 (364.100037 -127.987999 0 ) (364.100037 -415.988007 0 ) (364.100037 -415.988007 64 ) (364.100037 -127.987999 64 ) 
4 270 299 (384 -415.988007 73 ) (376.100037 -415.988007 73 ) (376.100037 -415.988007 61 ) (384 -415.988007 61 ) 
4 270 296 (480 -415.988007 61 ) (480 -415.988007 64 ) (384 -415.988007 64 ) (384 -415.988007 61 ) 
4 270 300 (376.100037 -415.988007 0 ) (480 -415.988007 0 ) (480 -415.988007 61 ) (376.100037 -415.988007 61 ) 
4 270 301 (364.100037 -415.988007 73 ) (364.100037 -415.988007 0 ) (376.100037 -415.988007 0 ) (376.100037 -415.988007 73 ) 
4 270 291 (480 -415.988007 0 ) (512 -415.988007 0 ) (512 -415.988007 64 ) (480 -415.988007 64 ) 
4 270 274 (384 -415.988007 80 ) (369.100037 -415.988007 80 ) (369.100037 -415.988007 73 ) (384 -415.988007 73 ) 
4 270 277 (369.100037 -415.988007 80 ) (364.100037 -415.988007 80 ) (364.100037 -415.988007 73 ) (369.100037 -415.988007 73 ) 
4 271 293 (536.101990 -547.987976 73 ) (517.101990 -547.987976 73 ) (517.101990 -511.988007 73 ) (536.101990 -511.988007 73 ) 
4 271 292 (1024 -511.988007 73 ) (1024 -547.987976 73 ) (536.101990 -547.987976 73 ) (536.101990 -511.988007 73 ) 
4 271 295 (517.101990 -547.987976 73 ) (480 -547.987976 73 ) (480 -511.988007 73 ) (517.101990 -511.988007 73 ) 
4 271 273 (480 -547.987976 80 ) (480 -547.987976 78 ) (550.101990 -547.987976 78 ) (550.101990 -547.987976 80 ) 
4 271 272 (550.101990 -547.987976 73 ) (1024 -547.987976 73 ) (1024 -547.987976 80 ) (550.101990 -547.987976 80 ) 
4 272 292 (1024 -547.987976 73 ) (1024 -562.987976 73 ) (550.101990 -562.987976 73 ) (550.101990 -547.987976 73 ) 
4 272 278 (550.101990 -562.987976 73 ) (1024 -562.987976 73 ) (1024 -562.987976 80 ) (550.101990 -562.987976 80 ) 
4 272 273 (550.101990 -547.987976 80 ) (550.101990 -547.987976 78 ) (550.101990 -562.987976 78 ) (550.101990 -562.987976 80 ) 
4 273 279 (540.101990 -562.987976 80 ) (480 -562.987976 80 ) (480 -562.987976 78 ) (540.101990 -562.987976 78 ) 
4 273 278 (550.101990 -562.987976 78 ) (550.101990 -562.987976 80 ) (540.101990 -562.987976 80 ) (540.101990 -562.987976 78 ) 
4 273 275 (480 -562.987976 78 ) (480 -562.987976 80 ) (480 -555.987976 80 ) (480 -555.987976 78 ) 
4 274 299 (376.100037 -415.988007 73 ) (384 -415.988007 73 ) (384 -526.987976 73 ) (376.100037 -526.987976 73 ) 
4 274 301 (369.100037 -415.988007 73 ) (376.100037 -415.988007 73 ) (376.100037 -547.987976 73 ) (369.100037 -547.987976 73 ) 
4 274 276 (369.100037 -547.987976 80 ) (369.100037 -547.987976 78 ) (384 -547.987976 78 ) (384 -547.987976 80 ) 
4 274 277 (369.100037 -415.988007 80 ) (369.100037 -415.988007 73 ) (369.100037 -547.987976 73 ) (369.100037 -547.987976 80 ) 
4 275 279 (480 -562.987976 78 ) (480 -562.987976 80 ) (384 -562.987976 80 ) (384 -562.987976 78 ) 
4 275 276 (384 -555.987976 78 ) (384 -562.987976 78 ) (384 -562.987976 80 ) (384 -555.987976 80 ) 
4 276 279 (384 -562.987976 78 ) (384 -562.987976 80 ) (369.100037 -562.987976 80 ) (369.100037 -562.987976 78 ) 
4 276 277 (369.100037 -562.987976 78 ) (369.100037 -562.987976 80 ) (369.100037 -547.987976 80 ) (369.100037 -547.987976 78 ) 
4 277 475 (364.100037 -562.987976 80 ) (364.100037 -447.988007 80 ) (364.100037 -447.988007 73 ) (364.100037 -562.987976 73 ) 
4 277 473 (364.100037 -447.988007 80 ) (364.100037 -415.988007 80 ) (364.100037 -415.988007 73 ) (364.100037 -447.988007 73 ) 
4 277 301 (364.100037 -562.987976 73 ) (364.100037 -415.988007 73 ) (369.100037 -415.988007 73 ) (369.100037 -562.987976 73 ) 
4 277 279 (364.100037 -562.987976 73 ) (369.100037 -562.987976 73 ) (369.100037 -562.987976 80 ) (364.100037 -562.987976 80 ) 
4 278 292 (540.101990 -562.987976 73 ) (1024 -562.987976 73 ) (1024 -603.987976 73 ) (540.101990 -603.987976 73 ) 
4 278 283 (549.101990 -603.987976 73 ) (1024 -603.987976 73 ) (1024 -603.987976 78 ) (549.101990 -603.987976 78 ) 
4 278 282 (1024 -603.987976 78 ) (1024 -603.987976 80 ) (540.101990 -603.987976 80 ) (540.101990 -603.987976 78 ) 
4 278 280 (540.101990 -598.987976 78 ) (540.101990 -598.987976 80 ) (540.101990 -578.987976 80 ) (540.101990 -578.987976 78 ) 
4 278 279 (540.101990 -562.987976 80 ) (540.101990 -562.987976 73 ) (540.101990 -578.987976 73 ) (540.101990 -578.987976 80 ) 
4 278 281 (540.101990 -598.987976 73 ) (540.101990 -603.987976 73 ) (540.101990 -603.987976 80 ) (540.101990 -598.987976 80 ) 
4 279 475 (364.100037 -578.987976 80 ) (364.100037 -562.987976 80 ) (364.100037 -562.987976 73 ) (364.100037 -578.987976 73 ) 
4 279 298 (395.100037 -562.987976 73 ) (480 -562.987976 73 ) (480 -578.987976 73 ) (395.100037 -578.987976 73 ) 
4 279 301 (364.100037 -578.987976 73 ) (364.100037 -562.987976 73 ) (376.100037 -562.987976 73 ) (376.100037 -578.987976 73 ) 
4 279 292 (536.101990 -562.987976 73 ) (540.101990 -562.987976 73 ) (540.101990 -578.987976 73 ) (536.101990 -578.987976 73 ) 
4 279 295 (480 -562.987976 73 ) (517.101990 -562.987976 73 ) (517.101990 -578.987976 73 ) (480 -578.987976 73 ) 
4 279 280 (540.101990 -578.987976 78 ) (540.101990 -578.987976 80 ) (364.100037 -578.987976 80 ) (364.100037 -578.987976 78 ) 
4 280 476 (364.100037 -598.987976 80 ) (364.100037 -578.987976 80 ) (364.100037 -578.987976 78 ) (364.100037 -598.987976 78 ) 
4 280 281 (540.101990 -598.987976 78 ) (540.101990 -598.987976 80 ) (364.100037 -598.987976 80 ) (364.100037 -598.987976 78 ) 
4 281 478 (364.100037 -603.987976 80 ) (364.100037 -598.987976 80 ) (364.100037 -598.987976 73 ) (364.100037 -603.987976 73 ) 
4 281 298 (395.100037 -598.987976 73 ) (480 -598.987976 73 ) (480 -603.987976 73 ) (395.100037 -603.987976 73 ) 
4 281 301 (364.100037 -603.987976 73 ) (364.100037 -598.987976 73 ) (376.100037 -598.987976 73 ) (376.100037 -603.987976 73 ) 
4 281 292 (536.101990 -598.987976 73 ) (540.101990 -598.987976 73 ) (540.101990 -603.987976 73 ) (536.101990 -603.987976 73 ) 
4 281 295 (480 -598.987976 73 ) (517.101990 -598.987976 73 ) (517.101990 -603.987976 73 ) (480 -603.987976 73 ) 
4 281 284 (364.100037 -603.987976 73 ) (368.100037 -603.987976 73 ) (368.100037 -603.987976 78 ) (364.100037 -603.987976 78 ) 
4 281 282 (540.101990 -603.987976 78 ) (540.101990 -603.987976 80 ) (364.100037 -603.987976 80 ) (364.100037 -603.987976 78 ) 
4 282 480 (364.100037 -693.987976 78 ) (364.100037 -693.987976 80 ) (364.100037 -686.987976 80 ) (364.100037 -686.987976 78 ) 
4 282 478 (364.100037 -686.987976 80 ) (364.100037 -603.987976 80 ) (364.100037 -603.987976 78 ) (364.100037 -686.987976 78 ) 
4 282 337 (381.100037 -693.987976 78 ) (531.101990 -693.987976 78 ) (531.101990 -693.987976 80 ) (381.100037 -693.987976 80 ) 
4 282 306 (548.101990 -693.987976 78 ) (548.721313 -693.987976 78 ) (548.721313 -693.987976 80 ) (548.101990 -693.987976 80 ) 
4 282 304 (548.721313 -693.987976 78 ) (1024 -693.987976 78 ) (1024 -693.987976 80 ) (548.721313 -693.987976 80 ) 
4 282 290 (550.101990 -693.987976 78 ) (364.100037 -693.987976 78 ) (364.100037 -687.987976 78 ) (550.101990 -687.987976 78 ) 
4 282 289 (1024 -693.987976 78 ) (550.101990 -693.987976 78 ) (550.101990 -661.987976 78 ) (1024 -661.987976 78 ) 
4 282 286 (367.100037 -625.987976 78 ) (548.101990 -625.987976 78 ) (548.101990 -630.987976 78 ) (367.100037 -630.987976 78 ) 
4 282 287 (548.101990 -652.987976 78 ) (548.101990 -661.987976 78 ) (367.100037 -661.987976 78 ) (367.100037 -652.987976 78 ) 
4 282 285 (548.101990 -625.987976 78 ) (1024 -625.987976 78 ) (1024 -661.987976 78 ) (548.101990 -661.987976 78 ) 
4 282 288 (364.100037 -661.987976 78 ) (364.100037 -625.987976 78 ) (367.100037 -625.987976 78 ) (367.100037 -661.987976 78 ) 
4 282 283 (549.101990 -603.987976 78 ) (1024 -603.987976 78 ) (1024 -625.987976 78 ) (549.101990 -625.987976 78 ) 
4 282 284 (364.100037 -625.987976 78 ) (364.100037 -603.987976 78 ) (368.100037 -603.987976 78 ) (368.100037 -625.987976 78 ) 
4 283 292 (549.101990 -603.987976 73 ) (1024 -603.987976 73 ) (1024 -625.987976 73 ) (549.101990 -625.987976 73 ) 
4 283 285 (549.101990 -625.987976 73 ) (1024 -625.987976 73 ) (1024 -625.987976 78 ) (549.101990 -625.987976 78 ) 
4 284 478 (364.100037 -625.987976 78 ) (364.100037 -603.987976 78 ) (364.100037 -603.987976 73 ) (364.100037 -625.987976 73 ) 
4 284 301 (364.100037 -625.987976 73 ) (364.100037 -603.987976 73 ) (368.100037 -603.987976 73 ) (368.100037 -625.987976 73 ) 
4 284 286 (367.100037 -625.987976 73 ) (368.100037 -625.987976 73 ) (368.100037 -625.987976 78 ) (367.100037 -625.987976 78 ) 
4 284 288 (364.100037 -625.987976 73 ) (367.100037 -625.987976 73 ) (367.100037 -625.987976 78 ) (364.100037 -625.987976 78 ) 
4 285 292 (548.101990 -625.987976 73 ) (1024 -625.987976 73 ) (1024 -661.987976 73 ) (548.101990 -661.987976 73 ) 
4 285 289 (550.101990 -661.987976 73 ) (1024 -661.987976 73 ) (1024 -661.987976 78 ) (550.101990 -661.987976 78 ) 
4 285 286 (548.101990 -625.987976 78 ) (548.101990 -625.987976 73 ) (548.101990 -630.987976 73 ) (548.101990 -630.987976 78 ) 
4 285 287 (548.101990 -652.987976 73 ) (548.101990 -661.987976 73 ) (548.101990 -661.987976 78 ) (548.101990 -652.987976 78 ) 
4 286 298 (395.100037 -625.987976 73 ) (480 -625.987976 73 ) (480 -630.987976 73 ) (395.100037 -630.987976 73 ) 
4 286 301 (367.100037 -625.987976 73 ) (376.100037 -625.987976 73 ) (376.100037 -630.987976 73 ) (367.100037 -630.987976 73 ) 
4 286 292 (536.101990 -625.987976 73 ) (548.101990 -625.987976 73 ) (548.101990 -630.987976 73 ) (536.101990 -630.987976 73 ) 
4 286 295 (480 -625.987976 73 ) (517.101990 -625.987976 73 ) (517.101990 -630.987976 73 ) (480 -630.987976 73 ) 
4 286 288 (367.100037 -625.987976 78 ) (367.100037 -625.987976 73 ) (367.100037 -630.987976 73 ) (367.100037 -630.987976 78 ) 
4 287 298 (480 -661.987976 73 ) (395.100037 -661.987976 73 ) (395.100037 -652.987976 73 ) (480 -652.987976 73 ) 
4 287 301 (376.100037 -661.987976 73 ) (367.100037 -661.987976 73 ) (367.100037 -652.987976 73 ) (376.100037 -652.987976 73 ) 
4 287 292 (548.101990 -652.987976 73 ) (548.101990 -661.987976 73 ) (536.101990 -661.987976 73 ) (536.101990 -652.987976 73 ) 
4 287 295 (517.101990 -661.987976 73 ) (480 -661.987976 73 ) (480 -652.987976 73 ) (517.101990 -652.987976 73 ) 
4 287 288 (367.100037 -652.987976 73 ) (367.100037 -661.987976 73 ) (367.100037 -661.987976 78 ) (367.100037 -652.987976 78 ) 
4 288 478 (364.100037 -661.987976 78 ) (364.100037 -625.987976 78 ) (364.100037 -625.987976 73 ) (364.100037 -661.987976 73 ) 
4 288 301 (364.100037 -661.987976 73 ) (364.100037 -625.987976 73 ) (367.100037 -625.987976 73 ) (367.100037 -661.987976 73 ) 
4 289 304 (550.101990 -693.987976 73 ) (1024 -693.987976 73 ) (1024 -693.987976 78 ) (550.101990 -693.987976 78 ) 
4 289 292 (1024 -693.987976 73 ) (550.101990 -693.987976 73 ) (550.101990 -661.987976 73 ) (1024 -661.987976 73 ) 
4 289 290 (550.101990 -687.987976 73 ) (550.101990 -693.987976 73 ) (550.101990 -693.987976 78 ) (550.101990 -687.987976 78 ) 
4 290 480 (364.100037 -693.987976 73 ) (364.100037 -693.987976 78 ) (364.100037 -687.987976 78 ) (364.100037 -687.987976 73 ) 
4 290 306 (548.101990 -693.987976 73 ) (548.721313 -693.987976 73 ) (548.721313 -693.987976 78 ) (548.101990 -693.987976 78 ) 
4 290 304 (548.721313 -693.987976 73 ) (550.101990 -693.987976 73 ) (550.101990 -693.987976 78 ) (548.721313 -693.987976 78 ) 
4 290 298 (480 -693.987976 73 ) (395.100037 -693.987976 73 ) (395.100037 -687.987976 73 ) (480 -687.987976 73 ) 
4 290 301 (376.100037 -693.987976 73 ) (364.100037 -693.987976 73 ) (364.100037 -687.987976 73 ) (376.100037 -687.987976 73 ) 
4 290 292 (550.101990 -693.987976 73 ) (536.101990 -693.987976 73 ) (536.101990 -687.987976 73 ) (550.101990 -687.987976 73 ) 
4 290 295 (517.101990 -693.987976 73 ) (480 -693.987976 73 ) (480 -687.987976 73 ) (517.101990 -687.987976 73 ) 
4 291 546 (480 -415.988007 0 ) (1024 -415.988007 0 ) (1024 -511.988007 0 ) (480 -511.988007 0 ) 
4 291 296 (480 -415.988007 64 ) (480 -415.988007 61 ) (480 -511.988007 61 ) (480 -511.988007 64 ) 
4 291 300 (480 -415.988007 61 ) (480 -415.988007 0 ) (480 -511.988007 0 ) (480 -511.988007 61 ) 
4 291 293 (517.101990 -511.988007 0 ) (536.101990 -511.988007 0 ) (536.101990 -511.988007 64 ) (517.101990 -511.988007 64 ) 
4 291 292 (536.101990 -511.988007 0 ) (1024 -511.988007 0 ) (1024 -511.988007 64 ) (536.101990 -511.988007 64 ) 
4 291 295 (480 -511.988007 64 ) (480 -511.988007 0 ) (517.101990 -511.988007 0 ) (517.101990 -511.988007 64 ) 
3 292 553 (1024 -521.517334 0 ) (1024 -693.987976 0 ) (550.490845 -693.987976 0 ) 
5 292 546 (1024 -511.988007 0 ) (1024 -521.517334 0 ) (550.490845 -693.987976 0 ) (536.101990 -693.987976 0 ) (536.101990 -511.988007 0 ) 
4 292 309 (536.101990 -693.987976 0 ) (548.101990 -693.987976 0 ) (548.101990 -693.987976 73 ) (536.101990 -693.987976 73 ) 
4 292 306 (548.101990 -693.987976 0 ) (548.720703 -693.987976 0 ) (548.721313 -693.987976 73 ) (548.101990 -693.987976 73 ) 
4 292 304 (548.720703 -693.987976 0 ) (1024 -693.987976 0 ) (1024 -693.987976 73 ) (548.721313 -693.987976 73 ) 
4 292 294 (536.101990 -550.987976 0 ) (536.101990 -693.987976 0 ) (536.101990 -693.987976 61 ) (536.101990 -550.987976 61 ) 
4 292 293 (536.101990 -511.988007 73 ) (536.101990 -511.988007 0 ) (536.101990 -550.987976 0 ) (536.101990 -550.987976 73 ) 
4 293 546 (517.101990 -550.987976 0 ) (517.101990 -511.988007 0 ) (536.101990 -511.988007 0 ) (536.101990 -550.987976 0 ) 
4 293 294 (517.101990 -550.987976 61 ) (517.101990 -550.987976 0 ) (536.101990 -550.987976 0 ) (536.101990 -550.987976 61 ) 
4 293 295 (517.101990 -511.988007 73 ) (517.101990 -511.988007 0 ) (517.101990 -550.987976 0 ) (517.101990 -550.987976 73 ) 
4 294 546 (536.101990 -693.987976 0 ) (517.101990 -693.987976 0 ) (517.101990 -550.987976 0 ) (536.101990 -550.987976 0 ) 
4 294 340 (517.101990 -693.987976 0 ) (531.101990 -693.987976 0 ) (531.101990 -693.987976 61 ) (517.101990 -693.987976 61 ) 
4 294 312 (531.101990 -693.987976 0 ) (536.101990 -693.987976 0 ) (536.101990 -693.987976 61 ) (531.101990 -693.987976 61 ) 
4 294 295 (517.101990 -550.987976 0 ) (517.101990 -693.987976 0 ) (517.101990 -693.987976 61 ) (517.101990 -550.987976 61 ) 
4 295 546 (517.101990 -693.987976 0 ) (480 -693.987976 0 ) (480 -511.988007 0 ) (517.101990 -511.988007 0 ) 
4 295 341 (480 -693.987976 0 ) (517.101990 -693.987976 0 ) (517.101990 -693.987976 73 ) (480 -693.987976 73 ) 
4 295 298 (480 -693.987976 61 ) (480 -693.987976 73 ) (480 -555.987976 73 ) (480 -555.987976 61 ) 
4 295 297 (480 -526.987976 64 ) (480 -526.987976 61 ) (480 -555.987976 61 ) (480 -555.987976 64 ) 
4 295 296 (480 -511.988007 64 ) (480 -511.988007 61 ) (480 -526.987976 61 ) (480 -526.987976 64 ) 
4 295 300 (480 -693.987976 0 ) (480 -693.987976 61 ) (480 -511.988007 61 ) (480 -511.988007 0 ) 
4 296 299 (384 -415.988007 61 ) (384 -526.987976 61 ) (384 -526.987976 64 ) (384 -415.988007 64 ) 
4 296 297 (395.100037 -526.987976 61 ) (480 -526.987976 61 ) (480 -526.987976 64 ) (395.100037 -526.987976 64 ) 
4 296 300 (384 -415.988007 61 ) (480 -415.988007 61 ) (480 -526.987976 61 ) (384 -526.987976 61 ) 
4 297 298 (395.100037 -555.987976 61 ) (480 -555.987976 61 ) (480 -555.987976 64 ) (395.100037 -555.987976 64 ) 
4 297 300 (480 -526.987976 61 ) (480 -555.987976 61 ) (395.100037 -555.987976 61 ) (395.100037 -526.987976 61 ) 
4 298 341 (480 -693.987976 61 ) (480 -693.987976 73 ) (395.100037 -693.987976 73 ) (395.100037 -693.987976 61 ) 
4 298 300 (480 -555.987976 61 ) (480 -693.987976 61 ) (395.100037 -693.987976 61 ) (395.100037 -555.987976 61 ) 
4 299 301 (376.100037 -526.987976 73 ) (376.100037 -415.988007 73 ) (376.100037 -415.988007 61 ) (376.100037 -526.987976 61 ) 
4 299 300 (376.100037 -526.987976 61 ) (376.100037 -415.988007 61 ) (384 -415.988007 61 ) (384 -526.987976 61 ) 
3 300 547 (378.726929 -693.987976 0 ) (376.100037 -693.987976 0 ) (376.100037 -686.764709 0 ) 
6 300 546 (471.942261 -415.988007 0 ) (480 -415.988007 0 ) (480 -693.987976 0 ) (378.726929 -693.987976 0 ) (376.100037 -686.764709 0 ) (376.100037 -680.622498 0 ) 
3 300 545 (376.100037 -415.988007 0 ) (471.942261 -415.988007 0 ) (376.100037 -680.622498 0 ) 
4 300 343 (376.100037 -693.987976 0 ) (378.726929 -693.987976 0 ) (378.726929 -693.987976 61 ) (376.100037 -693.987976 61 ) 
4 300 342 (378.726929 -693.987976 0 ) (395.100037 -693.987976 0 ) (395.100037 -693.987976 61 ) (378.726929 -693.987976 61 ) 
4 300 341 (395.100037 -693.987976 0 ) (480 -693.987976 0 ) (480 -693.987976 61 ) (395.100037 -693.987976 61 ) 
4 300 301 (376.100037 -693.987976 0 ) (376.100037 -693.987976 61 ) (376.100037 -415.988007 61 ) (376.100037 -415.988007 0 ) 
4 301 547 (376.100037 -686.764709 0 ) (376.100037 -693.987976 0 ) (371.259491 -693.987976 0 ) (374.985474 -683.699951 0 ) 
3 301 546 (376.100037 -680.622437 0 ) (376.100037 -686.764709 0 ) (374.985474 -683.699951 0 ) 
5 301 545 (364.100037 -693.987976 0 ) (364.100037 -415.988007 0 ) (376.100037 -415.988007 0 ) (376.100037 -680.622437 0 ) (371.259491 -693.987976 0 ) 
4 301 480 (364.100037 -686.987976 0 ) (364.100037 -693.987976 0 ) (364.100037 -693.987976 73 ) (364.100037 -686.987976 73 ) 
4 301 477 (364.100037 -578.987976 0 ) (364.100037 -598.987976 0 ) (364.100037 -598.987976 73 ) (364.100037 -578.987976 73 ) 
4 301 475 (364.100037 -447.988007 0 ) (364.100037 -578.987976 0 ) (364.100037 -578.987976 73 ) (364.100037 -447.988007 73 ) 
4 301 478 (364.100037 -598.987976 0 ) (364.100037 -686.987976 0 ) (364.100037 -686.987976 73 ) (364.100037 -598.987976 73 ) 
4 301 473 (364.100037 -447.988007 64 ) (364.100037 -447.988007 73 ) (364.100037 -415.988007 73 ) (364.100037 -415.988007 64 ) 
4 301 474 (364.100037 -415.988007 0 ) (364.100037 -447.988007 0 ) (364.100037 -447.988007 64 ) (364.100037 -415.988007 64 ) 
4 301 345 (371.259491 -693.987976 0 ) (376.100037 -693.987976 0 ) (376.100037 -693.987976 73 ) (371.259491 -693.987976 73 ) 
4 301 344 (364.100037 -693.987976 73 ) (364.100037 -693.987976 0 ) (371.259491 -693.987976 0 ) (371.259491 -693.987976 73 ) 
5 302 412 (1024 -812.987976 81 ) (1024 -812.987976 242 ) (558.104370 -812.987976 242 ) (557.103333 -812.987976 239.998947 ) (765.660339 -812.987976 81 ) 
4 302 387 (548.101990 -812.987976 83 ) (548.101990 -812.987976 81 ) (765.660339 -812.987976 81 ) (763.036987 -812.987976 83 ) 
4 302 381 (548.101990 -812.987976 219 ) (548.101990 -812.987976 83 ) (763.036987 -812.987976 83 ) (584.647461 -812.987976 219 ) 
5 302 380 (549.099976 -812.987976 224 ) (548.101990 -812.987976 222.005066 ) (548.101990 -812.987976 219 ) (584.647461 -812.987976 219 ) (578.088989 -812.987976 224 ) 
3 302 379 (557.103333 -812.987976 239.998947 ) (549.099976 -812.987976 224 ) (578.088989 -812.987976 224 ) 
4 302 314 (548.101990 -710.042542 222.006424 ) (548.101990 -700.987976 222.006546 ) (548.101990 -700.987976 83 ) (548.101990 -799.987915 83 ) 
3 302 313 (548.101990 -805.987976 89 ) (548.101990 -805.987976 222.005157 ) (548.101990 -719.925049 222.006302 ) 
3 302 308 (558.704529 -812.987976 81 ) (551.271973 -812.987976 81 ) (550.131836 -809.860291 81 ) 
3 302 307 (548.101990 -713.696533 81 ) (548.101990 -708.854126 81 ) (550.135193 -708.110962 81 ) 
4 302 306 (548.101990 -697.119507 81 ) (548.101990 -693.987976 81 ) (548.721375 -693.987976 81 ) (550.131775 -697.859497 81 ) 
5 302 305 (592.072266 -812.987976 81 ) (558.704529 -812.987976 81 ) (548.101990 -809.119690 81 ) (548.101990 -713.696533 81 ) (552 -702.987915 81 ) 
4 302 304 (1024 -812.987976 81 ) (592.072266 -812.987976 81 ) (548.721375 -693.987976 81 ) (1024 -693.987976 81 ) 
4 302 303 (557.102661 -693.987976 240 ) (548.101990 -693.987976 222.007751 ) (548.101990 -812.987976 222.006165 ) (557.102905 -812.987976 240 ) 
3 303 380 (548.101990 -812.987976 224 ) (548.101990 -812.987976 222.005066 ) (549.099976 -812.987976 224 ) 
5 303 379 (554.478577 -812.987976 242 ) (548.101990 -812.987976 242 ) (548.101990 -812.987976 224 ) (549.099976 -812.987976 224 ) (557.103333 -812.987976 239.998932 ) 
3 303 314 (548.101990 -700.987976 222.006546 ) (548.101990 -710.042542 222.006424 ) (548.101990 -700.987976 236 ) 
4 303 313 (548.101990 -719.925049 222.006302 ) (548.101990 -805.987976 222.005157 ) (548.101990 -805.987976 242 ) (548.101990 -706.987976 242 ) 
6 304 553 (550.490906 -693.987976 0 ) (1024 -693.987976 0 ) (1024 -812.987976 0 ) (827.497375 -812.987976 0 ) (556.012085 -714.002991 0 ) (548.928101 -694.557190 0 ) 
4 304 552 (827.497375 -812.987976 0 ) (657.896362 -812.987976 0 ) (582.005859 -785.356934 0 ) (556.012085 -714.002991 0 ) 
3 304 546 (548.720703 -693.987976 0 ) (550.490906 -693.987976 0 ) (548.928101 -694.557190 0 ) 
3 304 538 (657.896362 -812.987976 0 ) (592.071655 -812.987976 0 ) (582.005859 -785.356934 0 ) 
4 304 412 (871.907104 -812.987976 0 ) (1024 -812.987976 0 ) (1024 -812.987976 81 ) (765.660400 -812.987976 81 ) 
4 304 388 (592.071594 -812.987976 0 ) (871.907104 -812.987976 0 ) (765.660400 -812.987976 81 ) (592.072266 -812.987976 81 ) 
4 304 306 (550.131653 -697.859436 81 ) (548.721313 -693.987976 81 ) (548.720642 -693.987976 0 ) (550.130798 -697.858887 0 ) 
4 304 305 (592.071533 -812.987976 0 ) (592.072205 -812.987976 81 ) (552 -702.988037 81 ) (552 -702.989014 0 ) 
3 305 555 (552 -702.988892 0 ) (556.012024 -714.002930 0 ) (548.930359 -711.420959 0 ) 
5 305 552 (556.012024 -714.002930 0 ) (582.005859 -785.356934 0 ) (548.101990 -773.012756 0 ) (548.101990 -713.696533 0 ) (548.930359 -711.420959 0 ) 
5 305 538 (582.005859 -785.356934 0 ) (592.071655 -812.987976 0 ) (558.704529 -812.987976 0 ) (548.101990 -809.119690 0 ) (548.101990 -773.012756 0 ) 
4 305 388 (558.704529 -812.987976 0 ) (592.071594 -812.987976 0 ) (592.072266 -812.987976 81 ) (558.704529 -812.987976 81 ) 
4 305 319 (548.101990 -805.987976 0 ) (548.101990 -809.119690 0 ) (548.101990 -809.119690 73 ) (548.101990 -805.987976 73 ) 
4 305 315 (548.101990 -713.696533 0 ) (548.101990 -805.987976 0 ) (548.101990 -805.987976 73 ) (548.101990 -713.696533 73 ) 
4 305 308 (558.707031 -812.987976 0 ) (558.707031 -812.987976 81 ) (550.131592 -809.859558 81 ) (550.131165 -809.859375 0 ) 
4 305 307 (550.135437 -708.112427 0 ) (548.101990 -713.698669 0 ) (548.101990 -713.698669 81 ) (550.136108 -708.110596 81 ) 
4 306 556 (548.928101 -694.557190 0 ) (550.130859 -697.858948 0 ) (548.101990 -697.119263 0 ) (548.101990 -694.858093 0 ) 
4 306 546 (548.101990 -693.987976 0 ) (548.720703 -693.987976 0 ) (548.928101 -694.557190 0 ) (548.101990 -694.858093 0 ) 
4 306 311 (548.101990 -694.858093 0 ) (548.101990 -697.119263 0 ) (548.101990 -697.119507 73 ) (548.101990 -694.858093 73 ) 
4 306 309 (548.101990 -693.987976 73 ) (548.101990 -693.987976 0 ) (548.101990 -694.858093 0 ) (548.101990 -694.858093 73 ) 
4 307 558 (550.134521 -708.112793 0 ) (548.930298 -711.420959 0 ) (548.101990 -711.118958 0 ) (548.101990 -708.855713 0 ) 
3 307 552 (548.930298 -711.420959 0 ) (548.101990 -713.696533 0 ) (548.101990 -711.118958 0 ) 
4 307 318 (548.101990 -708.855713 0 ) (548.101990 -711.118958 0 ) (548.101990 -711.118896 73 ) (548.101990 -708.854309 73 ) 
4 307 315 (548.101990 -711.118958 0 ) (548.101990 -713.696533 0 ) (548.101990 -713.696533 73 ) (548.101990 -711.118896 73 ) 
3 308 540 (558.704529 -812.987976 0 ) (551.271545 -812.987976 0 ) (550.131409 -809.860107 0 ) 
4 308 388 (551.271545 -812.987976 0 ) (558.704529 -812.987976 0 ) (558.704529 -812.987976 81 ) (551.271973 -812.987976 81 ) 
4 309 546 (536.101990 -693.987976 0 ) (548.101990 -693.987976 0 ) (548.101990 -694.858093 0 ) (536.101990 -699.229004 0 ) 
4 309 312 (536.101990 -693.987976 61 ) (536.101990 -693.987976 0 ) (536.101990 -699.229004 0 ) (536.101990 -699.229004 61 ) 
4 309 311 (548.101990 -694.857422 0 ) (548.101990 -694.857422 73 ) (544.998352 -695.987915 73 ) (544.998718 -695.987793 0 ) 
4 309 310 (539.868408 -697.856567 73 ) (536.101990 -699.228516 73 ) (536.101990 -699.228516 0 ) (539.867126 -697.857056 0 ) 
4 310 554 (538.728882 -700.987976 0 ) (536.101990 -700.987976 0 ) (536.101990 -699.229004 0 ) (539.866882 -697.857666 0 ) 
4 310 316 (536.101990 -700.987976 0 ) (538.728882 -700.987976 0 ) (538.729980 -700.987976 73 ) (536.101990 -700.987976 73 ) 
4 310 312 (536.101990 -699.229004 0 ) (536.101990 -700.987976 0 ) (536.101990 -700.987976 61 ) (536.101990 -699.229004 61 ) 
3 311 556 (548.101990 -694.858093 0 ) (548.101990 -697.119202 0 ) (545 -695.988159 0 ) 
3 312 554 (536.101990 -699.229004 0 ) (536.101990 -700.987976 0 ) (531.272827 -700.987976 0 ) 
5 312 546 (531.101990 -693.987976 0 ) (536.101990 -693.987976 0 ) (536.101990 -699.229004 0 ) (531.272827 -700.987976 0 ) (531.101990 -700.987976 0 ) 
4 312 340 (531.101990 -693.987976 61 ) (531.101990 -693.987976 0 ) (531.101990 -700.987976 0 ) (531.101990 -700.987976 61 ) 
4 312 324 (531.101990 -700.987976 61 ) (531.101990 -700.987976 0 ) (536.101990 -700.987976 0 ) (536.101990 -700.987976 61 ) 
4 315 552 (548.101990 -711.118896 0 ) (548.101990 -773.012817 0 ) (536.101990 -768.643738 0 ) (536.101990 -706.743652 0 ) 
3 315 539 (539.518188 -805.987976 0 ) (536.101990 -805.987976 0 ) (536.101990 -804.741577 0 ) 
5 315 538 (548.101990 -773.012817 0 ) (548.101990 -805.987976 0 ) (539.518188 -805.987976 0 ) (536.101990 -804.741577 0 ) (536.101990 -768.643738 0 ) 
4 315 324 (536.101990 -706.743652 0 ) (536.101990 -805.987976 0 ) (536.101990 -805.987976 61 ) (536.101990 -706.743652 61 ) 
4 315 320 (536.101990 -805.987976 73 ) (536.101990 -805.987976 0 ) (539.518188 -805.987976 0 ) (539.518188 -805.987976 73 ) 
4 315 319 (539.518188 -805.987976 0 ) (548.101990 -805.987976 0 ) (548.101990 -805.987976 73 ) (539.518188 -805.987976 73 ) 
4 315 318 (545 -709.988281 73 ) (548.101990 -711.119385 73 ) (548.101990 -711.119385 0 ) (545.001648 -709.989014 0 ) 
4 315 317 (536.574646 -706.916504 73 ) (539.866150 -708.116577 73 ) (539.866150 -708.116577 0 ) (536.573669 -706.916138 0 ) 
4 315 316 (536.101990 -706.744141 0 ) (536.101990 -706.744141 73 ) (536.574646 -706.916504 73 ) (536.573669 -706.916138 0 ) 
4 316 554 (536.573853 -706.915710 0 ) (536.101990 -706.743652 0 ) (536.101990 -700.987976 0 ) (538.728882 -700.987976 0 ) 
4 316 324 (536.101990 -700.987976 61 ) (536.101990 -700.987976 0 ) (536.101990 -706.743652 0 ) (536.101990 -706.743652 61 ) 
4 316 317 (536.576172 -706.914429 73 ) (536.575195 -706.914063 0 ) (538.001160 -702.991150 0 ) (538.001709 -702.992676 73 ) 
3 317 557 (539.865967 -708.116028 0 ) (536.573853 -706.915710 0 ) (538 -702.990417 0 ) 
3 318 558 (548.101990 -708.855713 0 ) (548.101990 -711.118896 0 ) (545.002258 -709.988708 0 ) 
3 319 538 (548.101990 -805.987976 0 ) (548.101990 -809.119751 0 ) (539.518188 -805.987976 0 ) 
4 319 321 (545 -807.987732 73 ) (541.058533 -806.549438 73 ) (541.058533 -806.549438 0 ) (545 -807.987732 0 ) 
4 319 320 (541.058533 -806.549438 73 ) (539.519531 -805.987976 73 ) (539.519531 -805.987976 0 ) (541.058533 -806.549438 0 ) 
6 320 539 (538.724915 -812.987976 0 ) (537.270508 -812.987976 0 ) (536.101990 -809.785767 0 ) (536.101990 -805.987976 0 ) (539.518188 -805.987976 0 ) (541.058411 -806.549927 0 ) 
3 320 534 (537.270508 -812.987976 0 ) (536.101990 -812.987976 0 ) (536.101990 -809.785767 0 ) 
4 320 394 (537.270508 -812.987976 0 ) (538.724915 -812.987976 0 ) (538.724915 -812.987976 73 ) (537.270752 -812.987976 73 ) 
4 320 393 (536.101990 -812.987976 0 ) (537.270508 -812.987976 0 ) (537.270752 -812.987976 73 ) (536.101990 -812.987976 73 ) 
4 320 324 (536.101990 -805.987976 0 ) (536.101990 -812.987976 0 ) (536.101990 -812.987976 61 ) (536.101990 -805.987976 61 ) 
4 320 321 (541.058594 -806.550781 0 ) (541.058594 -806.550781 73 ) (539.860291 -809.856873 73 ) (539.860291 -809.856873 0 ) 
3 321 544 (539.859741 -809.857056 0 ) (541.058411 -806.549927 0 ) (545 -807.987976 0 ) 
4 322 377 (531.101990 -805.987976 242 ) (531.101990 -706.987976 242 ) (531.101990 -722.517395 218 ) (531.101990 -805.987976 218 ) 
3 322 347 (531.101990 -722.517395 218 ) (531.101990 -805.987976 89 ) (531.101990 -805.987976 218 ) 
3 323 377 (531.101990 -700.987976 236 ) (531.101990 -700.987976 218 ) (531.101990 -712.635010 218 ) 
4 323 347 (531.101990 -700.987976 218 ) (531.101990 -700.987976 83 ) (531.101990 -799.987915 83 ) (531.101990 -712.635010 218 ) 
4 324 554 (531.101990 -704.920654 0 ) (531.101990 -700.987976 0 ) (536.101990 -700.987976 0 ) (536.101990 -706.743652 0 ) 
4 324 552 (531.101990 -766.823303 0 ) (531.101990 -704.920654 0 ) (536.101990 -706.743652 0 ) (536.101990 -768.643738 0 ) 
3 324 539 (536.101990 -804.741577 0 ) (536.101990 -809.785767 0 ) (533.978638 -803.966919 0 ) 
5 324 538 (531.101990 -796.083862 0 ) (531.101990 -766.823303 0 ) (536.101990 -768.643738 0 ) (536.101990 -804.741577 0 ) (533.978638 -803.966919 0 ) 
4 324 534 (536.101990 -812.987976 0 ) (531.101990 -812.987976 0 ) (531.101990 -796.083862 0 ) (536.101990 -809.785767 0 ) 
4 324 419 (531.101990 -812.987976 0 ) (536.101990 -812.987976 0 ) (536.101990 -812.987976 61 ) (531.101990 -812.987976 61 ) 
4 324 348 (531.101990 -700.987976 0 ) (531.101990 -812.987976 0 ) (531.101990 -812.987976 61 ) (531.101990 -700.987976 61 ) 
4 325 327 (531 -696 223.099594 ) (531 -699 223.099594 ) (531 -699 242 ) (531 -696 242 ) 
4 325 326 (531 -693.987976 223.099594 ) (531 -696 223.099594 ) (531 -696 242 ) (531 -693.987976 242 ) 
4 325 328 (531 -699 223.099594 ) (531 -700.987976 223.099594 ) (531 -700.987976 242 ) (531 -699 242 ) 
3 326 327 (512.097656 -696 242 ) (531 -696 223.097656 ) (531 -696 242 ) 
3 327 328 (512.097656 -699 242 ) (531 -699 223.097656 ) (531 -699 242 ) 
3 328 377 (531.101990 -700.987976 223 ) (531.101990 -700.987976 242 ) (512.101929 -700.987976 242 ) 
4 329 331 (531 -696 81 ) (531 -699 81 ) (531 -699 218.101517 ) (531 -696 218.101517 ) 
4 329 330 (531 -693.987976 81 ) (531 -696 81 ) (531 -696 218.101517 ) (531 -693.987976 218.101517 ) 
4 329 332 (531 -699 81 ) (531 -700.987976 81 ) (531 -700.987976 218.101517 ) (531 -699 218.101517 ) 
4 330 337 (381.100037 -696 81 ) (381.100037 -693.987976 81 ) (531.101990 -693.987976 81 ) (531.101990 -696 81 ) 
6 330 331 (531 -696 81 ) (531 -696 218.097656 ) (507.097656 -696 242 ) (405.093933 -696 242 ) (381.100037 -696 218.002090 ) (381.100037 -696 81 ) 
4 331 338 (381.100037 -699 81 ) (381.100037 -696 81 ) (531.101990 -696 81 ) (531.101990 -699 81 ) 
6 331 332 (531 -699 81 ) (531 -699 218.097656 ) (507.097656 -699 242 ) (405.093933 -699 242 ) (381.100037 -699 218.002090 ) (381.100037 -699 81 ) 
4 332 356 (381.100037 -700.987976 83 ) (381.100037 -700.987976 81 ) (395.100037 -700.987976 81 ) (395.100037 -700.987976 83 ) 
4 332 354 (395.100037 -700.987976 81 ) (517.101990 -700.987976 81 ) (517.101990 -700.987976 83 ) (395.100037 -700.987976 83 ) 
6 332 349 (517.101990 -700.987976 232 ) (507.101959 -700.987976 242 ) (405.093964 -700.987976 242 ) (381.100037 -700.987976 218.002075 ) (381.100037 -700.987976 83 ) (517.101990 -700.987976 83 ) 
4 332 347 (531.101990 -700.987976 81 ) (531.101990 -700.987976 218 ) (517.101990 -700.987976 232 ) (517.101990 -700.987976 81 ) 
4 332 339 (531.101990 -700.987976 81 ) (381.100037 -700.987976 81 ) (381.100037 -699 81 ) (531.101990 -699 81 ) 
3 333 334 (381.100037 -696 242 ) (381.100037 -696 223.011719 ) (400.092316 -696 242 ) 
3 334 335 (381.100037 -699 242 ) (381.100037 -699 223.003906 ) (400.100128 -699 242 ) 
3 335 349 (400.106018 -700.987976 242 ) (381.100037 -700.987976 242 ) (381.100037 -700.987976 222.998047 ) 
4 336 339 (531 -699 78 ) (531 -700.987976 78 ) (531 -700.987976 81 ) (531 -699 81 ) 
4 336 338 (531 -696 78 ) (531 -699 78 ) (531 -699 81 ) (531 -696 81 ) 
4 336 337 (531 -693.987976 78 ) (531 -696 78 ) (531 -696 81 ) (531 -693.987976 81 ) 
4 337 338 (531 -696 78 ) (531 -696 81 ) (381.100037 -696 81 ) (381.100037 -696 78 ) 
4 338 339 (531 -699 78 ) (531 -699 81 ) (381.100037 -699 81 ) (381.100037 -699 78 ) 
4 339 357 (381.100037 -700.987976 78 ) (395.100037 -700.987976 78 ) (395.100037 -700.987976 81 ) (381.100037 -700.987976 81 ) 
4 339 354 (395.100037 -700.987976 78 ) (517.101990 -700.987976 78 ) (517.101990 -700.987976 81 ) (395.100037 -700.987976 81 ) 
4 339 347 (517.101990 -700.987976 78 ) (531.101990 -700.987976 78 ) (531.101990 -700.987976 81 ) (517.101990 -700.987976 81 ) 
4 340 546 (517.101990 -693.987976 0 ) (531.101990 -693.987976 0 ) (531.101990 -700.987976 0 ) (517.101990 -700.987976 0 ) 
4 340 348 (517.101990 -700.987976 0 ) (531.101990 -700.987976 0 ) (531.101990 -700.987976 61 ) (517.101990 -700.987976 61 ) 
4 340 341 (517.101990 -700.987976 0 ) (517.101990 -700.987976 61 ) (517.101990 -693.987976 61 ) (517.101990 -693.987976 0 ) 
4 341 546 (395.100037 -693.987976 0 ) (517.101990 -693.987976 0 ) (517.101990 -700.987976 0 ) (395.100037 -700.987976 0 ) 
4 341 355 (395.100037 -700.987976 0 ) (517.101990 -700.987976 0 ) (517.101990 -700.987976 73 ) (395.100037 -700.987976 73 ) 
4 341 342 (395.100037 -700.987976 0 ) (395.100037 -700.987976 61 ) (395.100037 -693.987976 61 ) (395.100037 -693.987976 0 ) 
4 342 546 (378.726929 -693.987976 0 ) (395.100037 -693.987976 0 ) (395.100037 -700.987976 0 ) (381.272644 -700.987976 0 ) 
4 342 360 (381.272644 -700.987976 0 ) (395.100037 -700.987976 0 ) (395.100037 -700.987976 61 ) (381.272644 -700.987976 61 ) 
4 342 343 (380.136414 -697.860901 61 ) (378.727966 -693.987976 61 ) (378.727966 -693.987976 0 ) (380.136414 -697.860901 0 ) 
4 343 547 (376.100037 -693.987976 0 ) (378.726929 -693.987976 0 ) (380.135254 -697.860474 0 ) (376.100037 -696.389099 0 ) 
4 343 345 (376.100037 -696.389099 61 ) (376.100037 -693.987976 61 ) (376.100037 -693.987976 0 ) (376.100037 -696.389099 0 ) 
4 344 545 (364.100037 -700.987976 0 ) (364.100037 -693.987976 0 ) (371.259491 -693.987976 0 ) (368.724304 -700.987976 0 ) 
4 344 480 (364.100037 -693.987976 0 ) (364.100037 -700.987976 0 ) (364.100037 -700.987976 73 ) (364.100037 -693.987976 73 ) 
4 344 363 (364.100037 -700.987976 73 ) (364.100037 -700.987976 0 ) (368.724304 -700.987976 0 ) (368.724304 -700.987976 73 ) 
4 344 346 (371.056793 -694.550171 73 ) (369.857086 -697.862732 73 ) (369.857819 -697.860718 0 ) (371.056793 -694.550171 0 ) 
4 344 345 (371.260406 -693.987976 0 ) (371.260406 -693.987976 73 ) (371.056793 -694.550171 73 ) (371.056793 -694.550171 0 ) 
4 345 547 (371.259491 -693.987976 0 ) (376.100037 -693.987976 0 ) (376.100037 -696.389099 0 ) (371.055969 -694.549927 0 ) 
4 345 346 (375.004761 -695.990906 73 ) (371.058594 -694.550781 73 ) (371.058594 -694.550781 0 ) (375.002350 -695.990051 0 ) 
3 346 551 (369.856750 -697.861084 0 ) (371.055969 -694.549927 0 ) (375.003998 -695.989441 0 ) 
4 347 427 (531.101990 -812.987976 78 ) (531.101990 -812.987976 83 ) (517.101990 -812.987976 83 ) (517.101990 -812.987976 78 ) 
4 347 423 (531.101990 -812.987976 83 ) (531.101990 -812.987976 218 ) (517.101990 -812.987976 218 ) (517.101990 -812.987976 83 ) 
3 347 420 (531.101990 -812.987976 218 ) (517.101990 -812.987976 232 ) (517.101990 -812.987976 218 ) 
4 347 377 (531.101990 -805.987976 218 ) (531.101990 -700.987976 218 ) (517.101990 -700.987976 232 ) (517.101990 -805.987976 232 ) 
4 347 369 (517.101990 -812.987976 78 ) (517.101990 -812.987976 81 ) (517.101990 -805.987976 81 ) (517.101990 -805.987976 78 ) 
4 347 368 (517.101990 -812.987976 81 ) (517.101990 -812.987976 232 ) (517.101990 -805.987976 232 ) (517.101990 -805.987976 81 ) 
4 347 354 (517.101990 -700.987976 83 ) (517.101990 -700.987976 78 ) (517.101990 -805.987976 78 ) (517.101990 -805.987976 83 ) 
4 347 349 (517.101990 -805.987976 232 ) (517.101990 -700.987976 232 ) (517.101990 -700.987976 83 ) (517.101990 -805.987976 83 ) 
3 348 554 (531.101990 -701.050232 0 ) (531.101990 -704.920654 0 ) (525.791626 -702.984436 0 ) 
5 348 552 (531.101990 -704.920654 0 ) (531.101990 -766.823303 0 ) (517.101990 -761.725952 0 ) (517.101990 -706.149536 0 ) (525.791626 -702.984436 0 ) 
4 348 546 (517.101990 -700.987976 0 ) (531.101990 -700.987976 0 ) (531.101990 -701.050232 0 ) (517.101990 -706.149536 0 ) 
3 348 538 (531.101990 -766.823303 0 ) (531.101990 -796.083862 0 ) (518.788391 -762.339966 0 ) 
5 348 534 (531.101990 -796.083862 0 ) (531.101990 -812.987976 0 ) (517.101990 -812.987976 0 ) (517.101990 -761.725952 0 ) (518.788391 -762.339966 0 ) 
4 348 428 (517.101990 -812.987976 0 ) (531.101990 -812.987976 0 ) (531.101990 -812.987976 61 ) (517.101990 -812.987976 61 ) 
4 348 371 (517.101990 -812.987976 0 ) (517.101990 -812.987976 61 ) (517.101990 -805.987976 61 ) (517.101990 -805.987976 0 ) 
4 348 355 (517.101990 -805.987976 61 ) (517.101990 -700.987976 61 ) (517.101990 -700.987976 0 ) (517.101990 -805.987976 0 ) 
4 349 377 (517.101990 -805.987976 232 ) (517.101990 -700.987976 232 ) (507.101990 -700.987976 242 ) (507.101746 -805.987976 242 ) 
6 349 368 (517.101990 -805.987976 83 ) (517.101990 -805.987976 231.996094 ) (507.098083 -805.987976 242 ) (405.093964 -805.987976 242 ) (381.100037 -805.987976 218.002090 ) (381.100037 -805.987976 83 ) 
3 349 367 (400.093018 -805.987976 242 ) (381.100037 -805.987976 242 ) (381.100037 -805.987976 223.010040 ) 
4 349 356 (395.100037 -805.987976 83 ) (381.100037 -805.987976 83 ) (381.100037 -700.987976 83 ) (395.100037 -700.987976 83 ) 
4 349 354 (517.101990 -805.987976 83 ) (395.100037 -805.987976 83 ) (395.100037 -700.987976 83 ) (517.101990 -700.987976 83 ) 
3 349 351 (381.100037 -805.987976 89 ) (381.100037 -805.987976 242 ) (381.100037 -706.987976 242 ) 
3 349 350 (381.100037 -700.987976 83 ) (381.100037 -799.987915 83 ) (381.100037 -700.987976 236 ) 
3 352 480 (364.100037 -700.987976 236 ) (364.100037 -700.987976 83 ) (364.100037 -799.987915 83 ) 
3 353 480 (364.100037 -805.987976 89 ) (364.100037 -805.987976 242 ) (364.100037 -706.987976 242 ) 
4 354 369 (517.101990 -805.987976 78 ) (517.101990 -805.987976 81 ) (395.100037 -805.987976 81 ) (395.100037 -805.987976 78 ) 
4 354 368 (517.101990 -805.987976 81 ) (517.101990 -805.987976 83 ) (395.100037 -805.987976 83 ) (395.100037 -805.987976 81 ) 
4 354 358 (395.100037 -805.987976 78 ) (395.100037 -805.987976 81 ) (395.100037 -739.009521 81 ) (395.100037 -739.009521 78 ) 
4 354 357 (395.100037 -739.009521 81 ) (395.100037 -700.987976 81 ) (395.100037 -700.987976 78 ) (395.100037 -739.009521 78 ) 
4 354 356 (395.100037 -805.987976 81 ) (395.100037 -805.987976 83 ) (395.100037 -700.987976 83 ) (395.100037 -700.987976 81 ) 
3 355 552 (517.101990 -706.149536 0 ) (517.101990 -761.725952 0 ) (440.795441 -733.943420 0 ) 
5 355 546 (395.100037 -700.987976 0 ) (517.101990 -700.987976 0 ) (517.101990 -706.149536 0 ) (440.795441 -733.943420 0 ) (395.100037 -717.306152 0 ) 
4 355 534 (517.101990 -761.725952 0 ) (517.101990 -805.987976 0 ) (490.403320 -805.987976 0 ) (467.799347 -743.775330 0 ) 
4 355 532 (490.403320 -805.987976 0 ) (395.100037 -805.987976 0 ) (395.100037 -717.306152 0 ) (467.799347 -743.775330 0 ) 
4 355 371 (517.101990 -805.987976 0 ) (517.101990 -805.987976 73 ) (395.100037 -805.987976 73 ) (395.100037 -805.987976 0 ) 
4 355 361 (395.100037 -805.987976 0 ) (395.100037 -805.987976 61 ) (395.100037 -739.009521 61 ) (395.100037 -739.009521 0 ) 
4 355 360 (395.100037 -700.987976 61 ) (395.100037 -700.987976 0 ) (395.100037 -739.009521 0 ) (395.100037 -739.009521 61 ) 
4 356 368 (395.100037 -805.987976 83 ) (381.100037 -805.987976 83 ) (381.100037 -805.987976 81 ) (395.100037 -805.987976 81 ) 
4 356 359 (382 -702.987976 81 ) (383.429474 -706.918640 81 ) (381.100037 -707.766785 81 ) (381.100037 -705.460632 81 ) 
5 356 358 (383.429474 -706.918640 81 ) (395.100037 -739.009521 81 ) (395.100037 -805.987976 81 ) (381.100037 -805.987976 81 ) (381.100037 -707.766785 81 ) 
3 356 357 (381.272644 -700.987976 81 ) (395.100037 -700.987976 81 ) (395.100037 -739.009521 81 ) 
4 357 359 (382 -702.988464 78 ) (383.429169 -706.918762 78 ) (383.430267 -706.918335 81 ) (382 -702.986694 81 ) 
4 357 358 (383.429169 -706.918762 78 ) (395.100037 -739.010437 78 ) (395.100037 -739.007813 81 ) (383.430267 -706.918335 81 ) 
4 358 369 (381.100037 -805.987976 78 ) (395.100037 -805.987976 78 ) (395.100037 -805.987976 81 ) (381.100037 -805.987976 81 ) 
4 358 359 (383.425781 -706.917969 81 ) (383.425781 -706.917969 78 ) (381.100037 -707.764832 78 ) (381.100037 -707.764954 81 ) 
4 360 546 (381.272644 -700.987976 0 ) (395.100037 -700.987976 0 ) (395.100037 -717.306152 0 ) (386.002533 -713.993835 0 ) 
3 360 532 (395.100037 -717.306152 0 ) (395.100037 -739.009521 0 ) (386.002533 -713.993835 0 ) 
4 360 362 (383.430267 -706.918335 61 ) (382 -702.986694 61 ) (382 -702.986694 0 ) (383.430267 -706.918335 0 ) 
4 360 361 (395.100037 -739.007813 0 ) (395.100037 -739.007813 61 ) (383.430267 -706.918335 61 ) (383.430267 -706.918335 0 ) 
3 361 578 (378.720856 -805.987976 0 ) (376.100037 -805.987976 0 ) (376.100037 -798.794861 0 ) 
4 361 548 (383.429474 -706.918640 0 ) (386.002533 -713.993835 0 ) (376.100037 -710.388489 0 ) (376.100037 -709.587463 0 ) 
6 361 532 (386.002533 -713.993835 0 ) (395.100037 -739.009521 0 ) (395.100037 -805.987976 0 ) (378.720856 -805.987976 0 ) (376.100037 -798.794861 0 ) (376.100037 -710.388489 0 ) 
4 361 373 (376.100037 -805.987976 61 ) (376.100037 -805.987976 0 ) (378.720856 -805.987976 0 ) (378.720856 -805.987976 61 ) 
4 361 372 (378.720856 -805.987976 0 ) (395.100037 -805.987976 0 ) (395.100037 -805.987976 61 ) (378.720856 -805.987976 61 ) 
4 361 366 (376.100037 -710.388489 61 ) (376.100037 -709.587463 61 ) (376.100037 -709.587463 0 ) (376.100037 -710.388489 0 ) 
4 361 364 (376.100037 -805.987976 0 ) (376.100037 -805.987976 61 ) (376.100037 -710.388489 61 ) (376.100037 -710.388489 0 ) 
4 361 362 (380.133179 -708.117126 61 ) (383.425781 -706.917969 61 ) (383.425781 -706.917969 0 ) (380.133179 -708.117126 0 ) 
3 362 550 (382 -702.987976 0 ) (383.429474 -706.918640 0 ) (380.132385 -708.119202 0 ) 
4 363 545 (364.100037 -706.019287 0 ) (364.100037 -700.987976 0 ) (368.724304 -700.987976 0 ) (366.575653 -706.920715 0 ) 
3 363 532 (364.100037 -713.756226 0 ) (364.100037 -706.019287 0 ) (366.575653 -706.920715 0 ) 
4 363 480 (364.100037 -700.987976 0 ) (364.100037 -713.756226 0 ) (364.100037 -713.756226 73 ) (364.100037 -700.987976 73 ) 
4 363 365 (368 -702.989685 73 ) (366.576477 -706.921021 73 ) (366.576477 -706.921021 0 ) (368 -702.989502 0 ) 
4 363 364 (366.576477 -706.921021 73 ) (364.100037 -713.758789 73 ) (364.100037 -713.758789 0 ) (366.576477 -706.921021 0 ) 
4 364 578 (374.977203 -795.713135 0 ) (376.100037 -798.794861 0 ) (376.100037 -805.987976 0 ) (371.257874 -805.987976 0 ) 
4 364 574 (364.100037 -805.987976 0 ) (364.100037 -785.248169 0 ) (371.451111 -805.454102 0 ) (371.257874 -805.987976 0 ) 
4 364 570 (364.100037 -785.248169 0 ) (364.100037 -765.859619 0 ) (374.977203 -795.713135 0 ) (371.451111 -805.454102 0 ) 
5 364 532 (364.100037 -765.859619 0 ) (364.100037 -713.756226 0 ) (366.575653 -706.920715 0 ) (376.100037 -710.388428 0 ) (376.100037 -798.794861 0 ) 
4 364 480 (364.100037 -713.756226 0 ) (364.100037 -805.987976 0 ) (364.100037 -805.987976 73 ) (364.100037 -713.756226 73 ) 
4 364 375 (371.257874 -805.987976 0 ) (376.100037 -805.987976 0 ) (376.100037 -805.987976 73 ) (371.257874 -805.987976 73 ) 
4 364 374 (364.100037 -805.987976 73 ) (364.100037 -805.987976 0 ) (371.257874 -805.987976 0 ) (371.257874 -805.987976 73 ) 
4 364 366 (375 -709.987976 73 ) (376.100037 -710.388428 73 ) (376.100037 -710.388428 0 ) (375 -709.987976 0 ) 
4 364 365 (366.576172 -706.920898 0 ) (366.576172 -706.920898 73 ) (369.873413 -708.121399 73 ) (369.873566 -708.121460 0 ) 
3 365 549 (366.575653 -706.920715 0 ) (368 -702.988220 0 ) (369.873566 -708.121460 0 ) 
3 366 548 (376.100037 -709.587463 0 ) (376.100037 -710.388428 0 ) (375 -709.987976 0 ) 
3 367 420 (400.105011 -812.987976 242 ) (381.100037 -812.987976 242 ) (381.100037 -812.987976 222.998047 ) 
4 368 432 (395.100037 -812.987976 83 ) (381.100037 -812.987976 83 ) (381.100037 -812.987976 81 ) (395.100037 -812.987976 81 ) 
4 368 427 (517.101990 -812.987976 81 ) (517.101990 -812.987976 83 ) (395.100037 -812.987976 83 ) (395.100037 -812.987976 81 ) 
4 368 423 (517.101990 -812.987976 83 ) (517.101990 -812.987976 218 ) (381.100037 -812.987976 218 ) (381.100037 -812.987976 83 ) 
6 368 420 (517.101990 -812.987976 218 ) (517.101990 -812.987976 232 ) (507.101959 -812.987976 242 ) (405.093964 -812.987976 242 ) (381.100037 -812.987976 218.002075 ) (381.100037 -812.987976 218 ) 
3 368 370 (388.711761 -812.987976 81 ) (381.100037 -812.987976 81 ) (381.100037 -810.212341 81 ) 
5 368 369 (381.100037 -805.987976 81 ) (517.101990 -805.987976 81 ) (517.101990 -812.987976 81 ) (388.711761 -812.987976 81 ) (381.100037 -810.212341 81 ) 
4 369 433 (388.711823 -812.987976 78 ) (395.100037 -812.987976 78 ) (395.100037 -812.987976 81 ) (388.711823 -812.987976 81 ) 
4 369 427 (395.100037 -812.987976 78 ) (517.101990 -812.987976 78 ) (517.101990 -812.987976 81 ) (395.100037 -812.987976 81 ) 
4 369 370 (388.713043 -812.987976 81 ) (381.100037 -810.211914 81 ) (381.100037 -810.211914 78 ) (388.712891 -812.987976 78 ) 
4 370 433 (381.100037 -812.987976 78 ) (388.711823 -812.987976 78 ) (388.711823 -812.987976 81 ) (381.100037 -812.987976 81 ) 
4 371 534 (490.403320 -805.987976 0 ) (517.101990 -805.987976 0 ) (517.101990 -812.987976 0 ) (492.946655 -812.987976 0 ) 
4 371 532 (395.100037 -805.987976 0 ) (490.403320 -805.987976 0 ) (492.946655 -812.987976 0 ) (395.100037 -812.987976 0 ) 
4 371 429 (395.100037 -812.987976 0 ) (517.101990 -812.987976 0 ) (517.101990 -812.987976 73 ) (395.100037 -812.987976 73 ) 
4 371 372 (395.100037 -812.987976 0 ) (395.100037 -812.987976 61 ) (395.100037 -805.987976 61 ) (395.100037 -805.987976 0 ) 
4 372 532 (378.720856 -805.987976 0 ) (395.100037 -805.987976 0 ) (395.100037 -812.987976 0 ) (381.271301 -812.987976 0 ) 
4 372 441 (381.271301 -812.987976 0 ) (395.100037 -812.987976 0 ) (395.100037 -812.987976 61 ) (381.271301 -812.987976 61 ) 
4 372 373 (380.132355 -809.859497 61 ) (378.721680 -805.987976 61 ) (378.721680 -805.987976 0 ) (380.132355 -809.859497 0 ) 
4 373 578 (376.100037 -805.987976 0 ) (378.720856 -805.987976 0 ) (380.131287 -809.859070 0 ) (376.100037 -808.389099 0 ) 
4 373 375 (376.100037 -808.389099 61 ) (376.100037 -805.987976 61 ) (376.100037 -805.987976 0 ) (376.100037 -808.389099 0 ) 
4 374 574 (364.100037 -812.987976 0 ) (364.100037 -805.987976 0 ) (371.257874 -805.987976 0 ) (368.723907 -812.987976 0 ) 
4 374 480 (364.100037 -805.987976 0 ) (364.100037 -812.987976 0 ) (364.100037 -812.987976 73 ) (364.100037 -805.987976 73 ) 
4 374 430 (364.100037 -812.987976 73 ) (364.100037 -812.987976 0 ) (368.723907 -812.987976 0 ) (368.723907 -812.987976 73 ) 
4 374 376 (371.054688 -806.549316 73 ) (369.857147 -809.857544 73 ) (369.857147 -809.857544 0 ) (371.054688 -806.549316 0 ) 
4 374 375 (371.257874 -805.987976 0 ) (371.257874 -805.987976 73 ) (371.054688 -806.549316 73 ) (371.054688 -806.549316 0 ) 
4 375 578 (371.257874 -805.987976 0 ) (376.100037 -805.987976 0 ) (376.100037 -808.389099 0 ) (371.054657 -806.549316 0 ) 
4 375 376 (374.998138 -807.988708 73 ) (371.050781 -806.548828 73 ) (371.050781 -806.548828 0 ) (374.998138 -807.988708 0 ) 
3 376 580 (369.857086 -809.857544 0 ) (371.054657 -806.549316 0 ) (375 -807.987976 0 ) 
3 377 378 (531.101990 -805.987976 223 ) (531.101990 -805.987976 242 ) (512.101990 -805.987976 242 ) 
3 378 452 (531.101990 -812.987976 223 ) (531.101990 -812.987976 242 ) (512.101929 -812.987976 242 ) 
4 379 414 (557.100769 -940.987976 240 ) (578.088745 -940.987976 224 ) (578.088745 -896.987976 224 ) (557.101196 -896.987976 240 ) 
4 379 412 (578.088745 -812.987976 224 ) (557.103271 -812.987976 239.998840 ) (557.103394 -832.987976 239.998764 ) (578.088745 -832.987976 224 ) 
4 379 413 (554.478394 -832.987976 242 ) (554.478394 -896.987976 242 ) (578.088745 -896.987976 224 ) (578.088745 -832.987976 224 ) 
4 379 400 (578.081055 -940.987976 224 ) (554.470703 -940.987976 242 ) (548.101990 -940.987976 242 ) (548.101990 -940.987976 224 ) 
4 379 380 (578.089844 -940.987976 224 ) (548.101990 -940.987976 224 ) (548.101990 -812.987976 224 ) (578.089844 -812.987976 224 ) 
4 380 414 (578.088745 -896.987976 224 ) (578.088745 -940.987976 224 ) (584.647156 -940.987976 219 ) (584.647156 -896.987976 219 ) 
4 380 412 (584.647156 -812.987976 219 ) (578.088745 -812.987976 224 ) (578.088745 -832.987976 224 ) (584.647156 -832.987976 219 ) 
4 380 413 (578.088745 -832.987976 224 ) (578.088745 -896.987976 224 ) (584.647156 -896.987976 219 ) (584.647156 -832.987976 219 ) 
4 380 400 (584.639465 -940.987976 219 ) (578.081055 -940.987976 224 ) (548.101990 -940.987976 224 ) (548.101990 -940.987976 219 ) 
4 380 381 (584.648438 -940.987976 219 ) (548.101990 -940.987976 219 ) (548.101990 -812.987976 219 ) (584.648438 -812.987976 219 ) 
4 381 414 (584.647156 -896.987976 219 ) (584.647156 -940.987976 219 ) (763.036377 -940.987976 83 ) (763.036377 -896.987976 83 ) 
4 381 412 (763.036377 -812.987976 83 ) (584.647156 -812.987976 219 ) (584.647156 -832.987976 219 ) (763.036377 -832.987976 83 ) 
4 381 413 (584.647156 -832.987976 219 ) (584.647156 -896.987976 219 ) (763.036377 -896.987976 83 ) (763.036377 -832.987976 83 ) 
4 381 400 (763.028564 -940.987976 83 ) (584.639465 -940.987976 219 ) (548.101990 -940.987976 219 ) (548.101990 -940.987976 83 ) 
4 381 387 (763.042969 -940.987976 83 ) (548.101990 -940.987976 83 ) (548.101990 -812.987976 83 ) (763.042969 -812.987976 83 ) 
4 381 384 (543 -821 83 ) (543 -933 83 ) (543 -933 211 ) (543 -821 211 ) 
4 381 383 (543 -933 211 ) (543 -933 219 ) (543 -821 219 ) (543 -821 211 ) 
4 381 382 (543 -812.987976 83 ) (543 -821 83 ) (543 -821 219 ) (543 -812.987976 219 ) 
4 381 385 (543 -933 83 ) (543 -940.987976 83 ) (543 -940.987976 219 ) (543 -933 219 ) 
4 382 384 (537 -821 211 ) (537 -821 83 ) (543 -821 83 ) (543 -821 211 ) 
4 382 383 (537 -821 219 ) (537 -821 211 ) (543 -821 211 ) (543 -821 219 ) 
4 382 386 (537 -812.987976 83 ) (537 -821 83 ) (537 -821 219 ) (537 -812.987976 219 ) 
4 383 386 (537 -933 211 ) (537 -933 219 ) (537 -821 219 ) (537 -821 211 ) 
4 383 385 (537 -933 219 ) (537 -933 211 ) (543 -933 211 ) (543 -933 219 ) 
4 383 384 (543 -933 211 ) (537 -933 211 ) (537 -821 211 ) (543 -821 211 ) 
4 384 386 (537 -821 83 ) (537 -933 83 ) (537 -933 211 ) (537 -821 211 ) 
4 384 385 (537 -933 211 ) (537 -933 83 ) (543 -933 83 ) (543 -933 211 ) 
4 385 386 (537 -933 83 ) (537 -940.987976 83 ) (537 -940.987976 219 ) (537 -933 219 ) 
4 386 416 (536.101990 -812.987976 219 ) (536.101990 -812.987976 83 ) (536.101990 -940.987976 83 ) (536.101990 -940.987976 219 ) 
4 387 414 (763.036377 -896.987976 83 ) (763.036377 -940.987976 83 ) (765.659729 -940.987976 81 ) (765.659729 -896.987976 81 ) 
4 387 412 (765.659729 -812.987976 81 ) (763.036377 -812.987976 83 ) (763.036377 -832.987976 83 ) (765.659729 -832.987976 81 ) 
4 387 413 (763.036377 -832.987976 83 ) (763.036377 -896.987976 83 ) (765.659729 -896.987976 81 ) (765.659729 -832.987976 81 ) 
4 387 400 (765.651917 -940.987976 81 ) (763.028564 -940.987976 83 ) (548.101990 -940.987976 83 ) (548.101990 -940.987976 81 ) 
3 387 392 (548.101990 -931.113831 81 ) (548.101990 -926.275391 81 ) (550.129333 -931.849731 81 ) 
3 387 391 (553.452881 -940.987976 81 ) (550.542419 -940.987976 81 ) (552 -936.990601 81 ) 
3 387 390 (548.101990 -825.704041 81 ) (548.101990 -820.864014 81 ) (550.129822 -820.129211 81 ) 
5 387 389 (597.930664 -940.987976 81 ) (553.452881 -940.987976 81 ) (548.101990 -926.275391 81 ) (548.101990 -825.704041 81 ) (552 -814.986572 81 ) 
4 387 388 (765.664063 -940.987976 81 ) (597.930664 -940.987976 81 ) (551.271973 -812.987976 81 ) (765.664063 -812.987976 81 ) 
3 388 553 (827.497314 -812.987976 0 ) (871.907104 -812.987976 0 ) (871.907104 -829.179993 0 ) 
4 388 552 (657.896362 -812.987976 0 ) (827.497314 -812.987976 0 ) (871.907104 -829.179993 0 ) (871.907104 -890.907349 0 ) 
4 388 540 (551.271545 -812.987976 0 ) (558.704529 -812.987976 0 ) (731.481201 -876.024597 0 ) (592.688416 -926.607910 0 ) 
4 388 538 (558.704529 -812.987976 0 ) (657.896362 -812.987976 0 ) (781.231262 -857.893066 0 ) (731.481201 -876.024597 0 ) 
3 388 529 (871.907104 -898.941650 0 ) (871.907104 -940.987976 0 ) (756.447632 -940.987976 0 ) 
6 388 528 (781.231262 -857.893066 0 ) (871.907104 -890.907349 0 ) (871.907104 -898.941650 0 ) (756.447632 -940.987976 0 ) (597.930237 -940.987976 0 ) (592.688416 -926.607910 0 ) 
4 388 414 (765.659729 -896.987976 81 ) (765.659729 -940.987976 81 ) (871.906250 -940.987976 0 ) (871.906250 -896.987976 0 ) 
4 388 412 (871.906250 -812.987976 0 ) (765.659729 -812.987976 81 ) (765.659729 -832.987976 81 ) (871.906250 -832.987976 0 ) 
4 388 413 (765.659729 -832.987976 81 ) (765.659729 -896.987976 81 ) (871.906250 -896.987976 0 ) (871.906250 -832.987976 0 ) 
4 388 401 (871.898438 -940.987976 0 ) (765.651917 -940.987976 81 ) (597.930664 -940.987976 81 ) (597.930237 -940.987976 0 ) 
4 388 389 (597.929321 -940.987976 0 ) (597.929688 -940.987976 81 ) (552 -814.987671 81 ) (552 -814.988220 0 ) 
5 389 541 (552 -814.987122 0 ) (592.688416 -926.607910 0 ) (580.370239 -931.097290 0 ) (548.101990 -842.670288 0 ) (548.101990 -825.703979 0 ) 
3 389 536 (552 -936.989624 0 ) (548.932495 -928.556763 0 ) (556.011536 -925.979492 0 ) 
5 389 534 (548.932495 -928.556763 0 ) (548.101990 -926.273315 0 ) (548.101990 -842.670288 0 ) (567.249146 -895.140686 0 ) (556.011536 -925.979492 0 ) 
4 389 531 (580.370239 -931.097290 0 ) (553.427612 -940.916504 0 ) (552 -936.989624 0 ) (567.249146 -895.140686 0 ) 
4 389 528 (592.688416 -926.607910 0 ) (597.930237 -940.987976 0 ) (568.555969 -940.987976 0 ) (570.898010 -934.549438 0 ) 
4 389 527 (568.555969 -940.987976 0 ) (553.453613 -940.987976 0 ) (553.427612 -940.916504 0 ) (570.898010 -934.549438 0 ) 
4 389 401 (597.930664 -940.987976 81 ) (553.452881 -940.987976 81 ) (553.453613 -940.987976 0 ) (597.930237 -940.987976 0 ) 
4 389 395 (548.101990 -825.704041 73 ) (548.101990 -825.703979 0 ) (548.101990 -842.670288 0 ) (548.101990 -842.669678 73 ) 
4 389 393 (548.101990 -842.670288 0 ) (548.101990 -926.273315 0 ) (548.101990 -926.275208 73 ) (548.101990 -842.669678 73 ) 
4 389 392 (548.101990 -926.271667 81 ) (548.101990 -926.269531 0 ) (550.131287 -931.850403 0 ) (550.130432 -931.850037 81 ) 
4 389 391 (552 -936.988770 0 ) (553.453918 -940.987976 0 ) (553.453125 -940.987976 81 ) (552 -936.989807 81 ) 
4 389 390 (550.129150 -820.129517 0 ) (548.101990 -825.702454 0 ) (548.101990 -825.702454 81 ) (550.129150 -820.129456 81 ) 
3 390 542 (550.129822 -820.129211 0 ) (548.101990 -825.703979 0 ) (548.101990 -820.864014 0 ) 
4 390 395 (548.101990 -820.864014 73 ) (548.101990 -820.864014 0 ) (548.101990 -825.703979 0 ) (548.101990 -825.704041 73 ) 
3 391 531 (553.453613 -940.987976 0 ) (550.542419 -940.987976 0 ) (552 -936.989624 0 ) 
4 391 402 (553.231506 -940.987976 81 ) (550.542419 -940.987976 81 ) (550.542419 -940.987976 0 ) (553.231506 -940.987976 0 ) 
4 391 401 (553.452881 -940.987976 81 ) (553.231506 -940.987976 81 ) (553.231506 -940.987976 0 ) (553.453613 -940.987976 0 ) 
4 392 537 (548.101990 -931.113831 0 ) (548.101990 -928.859131 0 ) (548.932495 -928.556824 0 ) (550.130188 -931.850037 0 ) 
3 392 534 (548.101990 -928.859131 0 ) (548.101990 -926.273315 0 ) (548.932495 -928.556824 0 ) 
4 392 399 (548.101990 -928.859558 73 ) (548.101990 -928.859131 0 ) (548.101990 -931.113831 0 ) (548.101990 -931.113831 73 ) 
4 392 393 (548.101990 -926.275208 73 ) (548.101990 -926.273315 0 ) (548.101990 -928.859131 0 ) (548.101990 -928.859558 73 ) 
6 393 534 (536.101990 -931.764160 0 ) (536.101990 -812.987976 0 ) (537.270508 -812.987976 0 ) (548.101990 -842.670227 0 ) (548.101990 -928.859192 0 ) (536.571716 -933.057007 0 ) 
3 393 532 (536.101990 -933.228027 0 ) (536.101990 -931.764160 0 ) (536.571716 -933.057007 0 ) 
4 393 419 (536.101990 -812.987976 61 ) (536.101990 -812.987976 0 ) (536.101990 -933.228027 0 ) (536.101990 -933.228333 61 ) 
4 393 399 (548.101990 -928.858398 0 ) (548.101990 -928.858765 73 ) (545 -929.988037 73 ) (545 -929.987854 0 ) 
4 393 398 (539.864014 -931.857971 73 ) (536.571594 -933.056641 73 ) (536.571472 -933.056335 0 ) (539.863953 -931.857605 0 ) 
4 393 397 (536.571594 -933.056641 73 ) (536.101990 -933.227600 73 ) (536.101990 -933.227234 0 ) (536.571472 -933.056335 0 ) 
4 393 396 (539.873474 -820.119873 73 ) (541.074280 -823.410400 73 ) (541.074097 -823.410522 0 ) (539.873230 -820.119812 0 ) 
4 393 395 (541.074280 -823.410400 73 ) (548.101990 -842.668030 73 ) (548.101990 -842.668579 0 ) (541.074097 -823.410522 0 ) 
4 393 394 (537.270569 -812.987976 0 ) (537.270813 -812.987976 73 ) (538 -814.987061 73 ) (538 -814.987427 0 ) 
3 394 539 (537.270508 -812.987976 0 ) (538.724854 -812.987976 0 ) (538 -814.987427 0 ) 
4 395 542 (548.101990 -820.864014 0 ) (548.101990 -825.703918 0 ) (545.011292 -834.200623 0 ) (541.073853 -823.410583 0 ) 
3 395 541 (548.101990 -825.703918 0 ) (548.101990 -842.670227 0 ) (545.011292 -834.200623 0 ) 
4 395 396 (541.074158 -823.410217 0 ) (541.074341 -823.410156 73 ) (545 -821.987854 73 ) (545 -821.987854 0 ) 
3 396 543 (545 -821.987976 0 ) (541.073853 -823.410583 0 ) (539.872986 -820.119690 0 ) 
4 397 532 (536.101990 -940.987976 0 ) (536.101990 -933.228027 0 ) (536.571716 -933.057007 0 ) (539.453308 -940.987976 0 ) 
4 397 419 (536.101990 -933.228027 0 ) (536.101990 -940.987976 0 ) (536.101990 -940.987976 61 ) (536.101990 -933.228333 61 ) 
4 397 407 (536.101990 -940.987976 73 ) (536.101990 -940.987976 0 ) (539.453308 -940.987976 0 ) (539.453308 -940.987976 73 ) 
4 397 398 (536.572144 -933.058289 0 ) (536.572266 -933.058594 73 ) (538 -936.988525 73 ) (538 -936.988342 0 ) 
3 398 535 (536.571716 -933.057007 0 ) (539.863647 -931.858521 0 ) (538 -936.988281 0 ) 
3 399 537 (545 -929.988220 0 ) (548.101990 -928.859192 0 ) (548.101990 -931.113831 0 ) 
4 400 610 (548.101990 -1024 83 ) (548.101990 -1024 81 ) (765.660339 -1024 81 ) (763.036987 -1024 83 ) 
4 400 608 (554.478516 -1024 242 ) (548.101990 -1024 242 ) (548.101990 -1024 83 ) (763.036987 -1024 83 ) 
4 400 414 (557.099915 -1024 240.001389 ) (765.659729 -1024 81 ) (765.659729 -940.987976 81 ) (557.100769 -940.987976 240 ) 
3 400 405 (548.101990 -1014.989990 83 ) (548.101990 -1014.989990 236 ) (548.101990 -953.987976 83 ) 
3 400 404 (548.101990 -1008.989990 242 ) (548.101990 -947.987976 242 ) (548.101990 -947.987976 89 ) 
3 400 403 (550.127747 -1019.859497 81 ) (561.484375 -1024 81 ) (551.638733 -1024 81 ) 
3 400 402 (550.542419 -940.987976 81 ) (553.231567 -940.987976 81 ) (550.130554 -942.118164 81 ) 
6 400 401 (548.101990 -1019.120911 81 ) (548.101990 -942.857483 81 ) (553.231567 -940.987976 81 ) (765.660339 -940.987976 81 ) (765.660339 -1024 81 ) (561.484375 -1024 81 ) 
4 401 614 (561.485962 -1024 0 ) (871.907104 -1024 0 ) (765.660339 -1024 81 ) (561.484375 -1024 81 ) 
6 401 529 (871.907104 -1024 0 ) (561.485962 -1024 0 ) (548.101990 -1019.120361 0 ) (548.101990 -1016.860413 0 ) (756.447693 -940.987976 0 ) (871.907104 -940.987976 0 ) 
4 401 528 (548.101990 -1016.860413 0 ) (548.101990 -997.219116 0 ) (568.556030 -940.987976 0 ) (756.447693 -940.987976 0 ) 
4 401 527 (548.101990 -997.219116 0 ) (548.101990 -942.857483 0 ) (553.231567 -940.987976 0 ) (568.556030 -940.987976 0 ) 
4 401 414 (765.659729 -1024 81 ) (871.906250 -1024 0 ) (871.906250 -940.987976 0 ) (765.659729 -940.987976 81 ) 
4 401 411 (548.101990 -1016.860352 0 ) (548.101990 -1019.120361 0 ) (548.101990 -1019.120850 73 ) (548.101990 -1016.860352 73 ) 
4 401 410 (548.101990 -1014.989990 0 ) (548.101990 -1016.860352 0 ) (548.101990 -1016.860352 73 ) (548.101990 -1014.989990 73 ) 
4 401 406 (548.101990 -942.857483 0 ) (548.101990 -1014.989990 0 ) (548.101990 -1014.989990 73 ) (548.101990 -942.857483 73 ) 
4 401 403 (561.489380 -1024 81 ) (550.127014 -1019.857422 81 ) (550.126770 -1019.856750 0 ) (561.490906 -1024 0 ) 
4 401 402 (550.131042 -942.116760 81 ) (553.228271 -940.987976 81 ) (553.228271 -940.987976 0 ) (550.131042 -942.116760 0 ) 
3 402 531 (550.542419 -940.987976 0 ) (553.231567 -940.987976 0 ) (550.130554 -942.118164 0 ) 
4 403 616 (551.638733 -1024 0 ) (552.362061 -1024 0 ) (552.362061 -1024 81 ) (551.638733 -1024 81 ) 
4 403 614 (552.362061 -1024 0 ) (561.485962 -1024 0 ) (561.484375 -1024 81 ) (552.362061 -1024 81 ) 
3 403 530 (561.485962 -1024 0 ) (551.638733 -1024 0 ) (550.127563 -1019.858826 0 ) 
3 406 528 (548.101990 -997.219299 0 ) (548.101990 -1014.989990 0 ) (541.637939 -1014.989990 0 ) 
5 406 527 (536.101990 -1014.989990 0 ) (536.101990 -947.230835 0 ) (548.101990 -942.857483 0 ) (548.101990 -997.219299 0 ) (541.637939 -1014.989990 0 ) 
4 406 419 (536.101990 -947.230835 0 ) (536.101990 -1014.989990 0 ) (536.101990 -1014.989990 61 ) (536.101990 -947.230835 61 ) 
4 406 410 (548.101990 -1014.989990 0 ) (548.101990 -1014.989990 73 ) (541.637634 -1014.989990 73 ) (541.637939 -1014.989990 0 ) 
4 406 409 (541.637634 -1014.989990 73 ) (536.101990 -1014.989990 73 ) (536.101990 -1014.989990 0 ) (541.637939 -1014.989990 0 ) 
4 406 408 (541.064270 -945.421753 73 ) (545.002808 -943.986328 73 ) (545.001465 -943.986816 0 ) (541.064270 -945.421753 0 ) 
4 406 407 (536.101990 -947.230286 0 ) (536.101990 -947.230286 73 ) (541.064270 -945.421753 73 ) (541.064270 -945.421753 0 ) 
4 407 532 (536.101990 -947.230835 0 ) (536.101990 -940.987976 0 ) (539.453308 -940.987976 0 ) (541.064453 -945.422302 0 ) 
4 407 419 (536.101990 -940.987976 0 ) (536.101990 -947.230835 0 ) (536.101990 -947.230835 61 ) (536.101990 -940.987976 61 ) 
4 407 408 (539.863464 -942.118103 73 ) (541.064453 -945.425781 73 ) (541.064453 -945.425781 0 ) (539.863892 -942.119202 0 ) 
3 408 533 (545.002319 -943.987122 0 ) (541.064453 -945.422302 0 ) (539.864380 -942.119446 0 ) 
4 409 623 (537.638733 -1024 0 ) (538.360535 -1024 0 ) (538.360168 -1024 73 ) (537.638733 -1024 73 ) 
4 409 622 (536.101990 -1024 73 ) (536.101990 -1024 0 ) (537.638733 -1024 0 ) (537.638733 -1024 73 ) 
4 409 527 (538.360535 -1024 0 ) (536.101990 -1024 0 ) (536.101990 -1014.989990 0 ) (541.637939 -1014.989990 0 ) 
4 409 419 (536.101990 -1014.989990 0 ) (536.101990 -1024 0 ) (536.101990 -1024 61 ) (536.101990 -1014.989990 61 ) 
4 409 410 (541.639038 -1014.989990 0 ) (541.638672 -1014.989990 73 ) (539.867493 -1019.859131 73 ) (539.867981 -1019.858887 0 ) 
4 410 528 (539.866699 -1019.859436 0 ) (541.637939 -1014.989990 0 ) (548.101990 -1014.989990 0 ) (548.101990 -1016.860352 0 ) 
4 410 411 (548.101990 -1016.862122 0 ) (548.101990 -1016.862122 73 ) (545.002808 -1017.990906 73 ) (545.003479 -1017.990662 0 ) 
3 411 529 (545 -1017.989685 0 ) (548.101990 -1016.860352 0 ) (548.101990 -1019.120361 0 ) 
5 412 553 (871.907104 -829.179993 0 ) (871.907104 -812.987976 0 ) (1024 -812.987976 0 ) (1024 -832.987976 0 ) (882.351257 -832.987976 0 ) 
3 412 552 (871.907104 -832.987976 0 ) (871.907104 -829.179993 0 ) (882.351257 -832.987976 0 ) 
5 412 413 (557.102661 -832.987976 239.997406 ) (871.904419 -832.987976 0 ) (1024 -832.987976 0 ) (1024 -832.987976 242 ) (558.104492 -832.987976 242 ) 
3 413 553 (882.351257 -832.987976 0 ) (1024 -832.987976 0 ) (1024 -884.633850 0 ) 
6 413 552 (871.907104 -890.907410 0 ) (871.907104 -832.987976 0 ) (882.351257 -832.987976 0 ) (1024 -884.633850 0 ) (1024 -896.987976 0 ) (888.607727 -896.987976 0 ) 
3 413 529 (882.939209 -894.924133 0 ) (888.607727 -896.987976 0 ) (877.271851 -896.987976 0 ) 
4 413 528 (871.907104 -896.987976 0 ) (871.907104 -890.907410 0 ) (882.939209 -894.924133 0 ) (877.271851 -896.987976 0 ) 
5 413 414 (557.100525 -896.987976 240 ) (871.904419 -896.987976 0 ) (1024 -896.987976 0 ) (1024 -896.987976 242 ) (558.100464 -896.987976 242 ) 
4 414 614 (1024 -1024 0 ) (1024 -1024 81 ) (765.660339 -1024 81 ) (871.907104 -1024 0 ) 
4 414 610 (1024 -1024 81 ) (1024 -1024 83 ) (763.036987 -1024 83 ) (765.660339 -1024 81 ) 
5 414 609 (1024 -1024 83 ) (1024 -1024 242 ) (558.098755 -1024 242 ) (557.099976 -1024 240.001465 ) (763.036987 -1024 83 ) 
3 414 552 (888.607727 -896.987976 0 ) (1024 -896.987976 0 ) (1024 -946.283081 0 ) 
6 414 529 (1024 -1024 0 ) (871.907104 -1024 0 ) (871.907104 -898.941589 0 ) (877.271851 -896.987976 0 ) (888.607727 -896.987976 0 ) (1024 -946.283081 0 ) 
3 414 528 (871.907104 -898.941589 0 ) (871.907104 -896.987976 0 ) (877.271851 -896.987976 0 ) 
4 415 452 (531.101990 -812.987976 242 ) (531.101990 -812.987976 224 ) (531.101990 -940.987976 224 ) (531.101990 -940.987976 242 ) 
4 416 452 (531.101990 -812.987976 219 ) (531.101990 -812.987976 218 ) (531.101990 -940.987976 218 ) (531.101990 -940.987976 219 ) 
4 416 423 (531.101990 -812.987976 218 ) (531.101990 -812.987976 83 ) (531.101990 -940.987976 83 ) (531.101990 -940.987976 218 ) 
3 417 454 (531.101990 -1008.989990 242 ) (531.101990 -947.987976 242 ) (531.101990 -947.987976 89 ) 
3 418 454 (531.101990 -953.987976 83 ) (531.101990 -1014.989990 83 ) (531.101990 -1014.989990 236 ) 
4 419 624 (531.101990 -1024 61 ) (531.101990 -1024 0 ) (536.101990 -1024 0 ) (536.101990 -1024 61 ) 
4 419 534 (531.101990 -918.002625 0 ) (531.101990 -812.987976 0 ) (536.101990 -812.987976 0 ) (536.101990 -931.764038 0 ) 
4 419 532 (531.101990 -949.053101 0 ) (531.101990 -918.002625 0 ) (536.101990 -931.764038 0 ) (536.101990 -947.230896 0 ) 
4 419 527 (536.101990 -1024 0 ) (531.101990 -1024 0 ) (531.101990 -949.053101 0 ) (536.101990 -947.230896 0 ) 
4 419 463 (531.101990 -947.987976 0 ) (531.101990 -1024 0 ) (531.101990 -1024 61 ) (531.101990 -947.987976 61 ) 
4 419 428 (531.101990 -812.987976 61 ) (531.101990 -812.987976 0 ) (531.101990 -947.987976 0 ) (531.101990 -947.987976 61 ) 
4 420 452 (531.101990 -940.987976 218 ) (531.101990 -812.987976 218 ) (507.101990 -812.987976 242 ) (507.101715 -940.987976 242 ) 
4 420 425 (381.100037 -940.987976 242 ) (381.100037 -812.987976 242 ) (381.100037 -812.987976 218 ) (381.100037 -940.987976 218 ) 
4 420 423 (381.100037 -940.987976 218 ) (381.100037 -812.987976 218 ) (531.101746 -812.987976 218 ) (531.101746 -940.987976 218 ) 
3 420 422 (381.100037 -940.987976 242 ) (381.100037 -940.987976 223.003052 ) (400.106995 -940.987976 242 ) 
5 420 421 (381.100037 -940.987976 218.003906 ) (381.100037 -940.987976 218 ) (531.101990 -940.987976 218 ) (507.101685 -940.987976 242 ) (405.093750 -940.987976 242 ) 
5 421 454 (531.101990 -947.987976 218 ) (507.101959 -947.987976 242 ) (405.093750 -947.987976 242 ) (381.100037 -947.987976 218.003906 ) (381.100037 -947.987976 218 ) 
3 422 454 (400.109985 -947.987976 242 ) (381.100037 -947.987976 242 ) (381.100037 -947.987976 223 ) 
4 423 432 (381.100037 -812.987976 83 ) (395.100037 -812.987976 83 ) (395.100037 -940.987976 83 ) (381.100037 -940.987976 83 ) 
4 423 427 (395.100037 -812.987976 83 ) (531.101990 -812.987976 83 ) (531.101990 -940.987976 83 ) (395.100037 -940.987976 83 ) 
4 423 425 (381.100037 -812.987976 83 ) (381.100037 -940.987976 83 ) (381.100037 -940.987976 218 ) (381.100037 -812.987976 218 ) 
4 423 424 (381.100037 -940.987976 213 ) (381.100037 -940.987976 83 ) (531.101990 -940.987976 83 ) (531.101563 -940.987976 213 ) 
4 424 454 (381.100037 -947.987976 83 ) (531.101990 -947.987976 83 ) (531.101990 -947.987976 213 ) (381.100037 -947.987976 213 ) 
4 426 480 (364.100037 -940.987976 242 ) (364.100037 -812.987976 242 ) (364.100037 -812.987976 83 ) (364.100037 -940.987976 83 ) 
4 427 436 (395.100037 -937.318665 78 ) (395.100037 -940.987976 78 ) (395.100037 -940.987976 81 ) (395.100037 -937.318726 81 ) 
4 427 434 (395.100037 -850.942383 78 ) (395.100037 -937.318665 78 ) (395.100037 -937.318726 81 ) (395.100037 -850.942383 81 ) 
4 427 433 (395.100037 -812.987976 81 ) (395.100037 -812.987976 78 ) (395.100037 -850.942383 78 ) (395.100037 -850.942383 81 ) 
4 427 432 (395.100037 -940.987976 83 ) (395.100037 -812.987976 83 ) (395.100037 -812.987976 81 ) (395.100037 -940.987976 81 ) 
4 428 534 (517.101990 -812.987976 0 ) (531.101990 -812.987976 0 ) (531.101990 -918.002625 0 ) (517.101990 -879.470581 0 ) 
4 428 532 (531.101990 -918.002625 0 ) (531.101990 -947.987976 0 ) (517.101990 -947.987976 0 ) (517.101990 -879.470581 0 ) 
4 428 463 (517.101990 -947.987976 0 ) (531.101990 -947.987976 0 ) (531.101990 -947.987976 61 ) (517.101990 -947.987976 61 ) 
4 428 429 (517.101990 -947.987976 0 ) (517.101990 -947.987976 61 ) (517.101990 -812.987976 61 ) (517.101990 -812.987976 0 ) 
3 429 577 (430.458740 -947.987976 0 ) (395.100037 -947.987976 0 ) (395.100037 -850.942383 0 ) 
3 429 534 (492.946655 -812.987976 0 ) (517.101990 -812.987976 0 ) (517.101990 -879.470581 0 ) 
6 429 532 (395.100037 -812.987976 0 ) (492.946655 -812.987976 0 ) (517.101990 -879.470581 0 ) (517.101990 -947.987976 0 ) (430.458740 -947.987976 0 ) (395.100037 -850.942383 0 ) 
4 429 464 (395.100037 -947.987976 0 ) (517.101990 -947.987976 0 ) (517.101990 -947.987976 73 ) (395.100037 -947.987976 73 ) 
4 429 443 (395.100037 -947.987976 0 ) (395.100037 -947.987976 61 ) (395.100037 -940.987976 61 ) (395.100037 -940.987976 0 ) 
4 429 441 (395.100037 -812.987976 61 ) (395.100037 -812.987976 0 ) (395.100037 -814.664063 0 ) (395.100037 -814.663879 61 ) 
4 429 439 (395.100037 -814.663879 61 ) (395.100037 -814.664063 0 ) (395.100037 -901 0 ) (395.100037 -901 61 ) 
4 429 438 (395.100037 -901 61 ) (395.100037 -901 0 ) (395.100037 -940.987976 0 ) (395.100037 -940.987976 61 ) 
3 430 574 (364.100037 -825.761536 0 ) (364.100037 -812.987976 0 ) (368.723907 -812.987976 0 ) 
4 430 480 (364.100037 -812.987976 0 ) (364.100037 -825.761536 0 ) (364.100037 -825.761536 73 ) (364.100037 -812.987976 73 ) 
4 430 448 (368 -814.988342 73 ) (366.578064 -818.915833 73 ) (366.578064 -818.915833 0 ) (368 -814.988159 0 ) 
4 430 447 (366.578064 -818.915833 73 ) (364.100037 -825.761475 73 ) (364.100037 -825.761475 0 ) (366.578064 -818.915833 0 ) 
3 431 559 (364.100037 -947.987976 0 ) (364.100037 -926.286987 0 ) (372.008911 -947.987976 0 ) 
4 431 480 (364.100037 -926.286987 0 ) (364.100037 -947.987976 0 ) (364.100037 -947.987976 73 ) (364.100037 -926.286987 73 ) 
4 431 467 (364.100037 -947.987976 73 ) (364.100037 -947.987976 0 ) (372.008911 -947.987976 0 ) (372.008911 -947.987976 73 ) 
4 431 449 (366.565704 -933.050171 73 ) (368 -936.986755 73 ) (368 -936.986267 0 ) (366.565704 -933.050110 0 ) 
4 431 446 (364.100037 -926.284729 0 ) (364.100037 -926.284729 73 ) (366.565704 -933.050171 73 ) (366.565704 -933.050110 0 ) 
4 431 445 (369.870239 -942.117310 73 ) (372.009796 -947.987976 73 ) (372.009796 -947.987976 0 ) (369.869995 -942.116638 0 ) 
4 432 437 (381.100037 -934.512268 81 ) (381.100037 -932.212708 81 ) (383.429047 -933.062134 81 ) (382 -936.987976 81 ) 
5 432 436 (395.100037 -937.318726 81 ) (395.100037 -940.987976 81 ) (381.100037 -940.987976 81 ) (381.100037 -939.460388 81 ) (383.429047 -933.062134 81 ) 
4 432 435 (382 -814.987915 81 ) (383.431030 -818.915588 81 ) (381.100037 -819.764893 81 ) (381.100037 -817.465149 81 ) 
5 432 434 (383.431030 -818.915588 81 ) (395.100037 -850.942383 81 ) (395.100037 -937.318726 81 ) (381.100037 -932.212708 81 ) (381.100037 -819.764893 81 ) 
3 432 433 (381.271301 -812.987976 81 ) (395.100037 -812.987976 81 ) (395.100037 -850.942383 81 ) 
4 433 435 (383.430969 -818.915527 81 ) (382 -814.988037 81 ) (382 -814.987671 78 ) (383.431213 -818.915527 78 ) 
4 433 434 (395.100037 -850.942017 78 ) (395.100037 -850.942505 81 ) (383.430969 -818.915527 81 ) (383.431213 -818.915527 78 ) 
4 434 437 (383.429504 -933.061096 81 ) (381.100037 -932.211487 81 ) (381.100037 -932.211731 78 ) (383.429382 -933.061279 78 ) 
4 434 436 (395.100037 -937.317627 78 ) (395.100037 -937.317505 81 ) (383.429504 -933.061096 81 ) (383.429382 -933.061279 78 ) 
4 434 435 (383.433594 -818.914063 81 ) (383.433594 -818.914063 78 ) (381.100037 -819.764343 78 ) (381.100037 -819.764343 81 ) 
4 436 437 (383.431610 -933.058594 81 ) (383.431641 -933.058594 78 ) (382 -936.989807 78 ) (382 -936.989746 81 ) 
4 438 577 (395.100037 -901 0 ) (395.100037 -940.987976 0 ) (388.787170 -940.987976 0 ) (384.666077 -929.664856 0 ) 
3 438 563 (388.787170 -940.987976 0 ) (380.544373 -940.987976 0 ) (384.666077 -929.664856 0 ) 
4 438 443 (395.100037 -940.987976 0 ) (395.100037 -940.987976 61 ) (380.544067 -940.987976 61 ) (380.544373 -940.987976 0 ) 
4 438 440 (382 -936.989380 61 ) (383.429993 -933.062317 61 ) (383.430389 -933.062134 0 ) (382 -936.989807 0 ) 
4 438 439 (383.429993 -933.062317 61 ) (395.100037 -901.002625 61 ) (395.100037 -901.003418 0 ) (383.430389 -933.062134 0 ) 
6 439 577 (395.100037 -850.942322 0 ) (395.100037 -901 0 ) (384.666077 -929.664856 0 ) (376.100037 -906.128784 0 ) (376.100037 -821.586853 0 ) (383.431091 -818.915710 0 ) 
5 439 567 (384.666077 -929.664856 0 ) (383.429565 -933.061829 0 ) (376.100037 -930.388611 0 ) (376.100037 -929.588623 0 ) (383.641785 -926.850464 0 ) 
3 439 565 (376.100037 -929.588623 0 ) (376.100037 -906.128784 0 ) (383.641785 -926.850464 0 ) 
3 439 532 (395.100037 -814.664063 0 ) (395.100037 -850.942322 0 ) (383.431091 -818.915710 0 ) 
4 439 451 (376.100037 -929.588623 0 ) (376.100037 -930.388611 0 ) (376.100037 -930.388977 61 ) (376.100037 -929.588623 61 ) 
4 439 446 (376.100037 -821.586853 0 ) (376.100037 -929.588623 0 ) (376.100037 -929.588623 61 ) (376.100037 -821.586670 61 ) 
4 439 442 (380.137177 -820.115540 61 ) (383.430969 -818.915405 61 ) (383.431030 -818.915588 0 ) (380.137115 -820.115723 0 ) 
4 439 441 (383.430969 -818.915405 61 ) (395.100037 -814.663696 61 ) (395.100037 -814.663879 0 ) (383.431030 -818.915588 0 ) 
4 439 440 (383.425781 -933.060547 0 ) (383.425385 -933.060791 61 ) (380.136383 -931.861267 61 ) (380.136230 -931.860840 0 ) 
3 440 568 (383.429565 -933.061829 0 ) (382 -936.988525 0 ) (380.136139 -931.860657 0 ) 
4 441 532 (381.271301 -812.987976 0 ) (395.100037 -812.987976 0 ) (395.100037 -814.664063 0 ) (383.431091 -818.915710 0 ) 
4 441 442 (383.431671 -818.918091 0 ) (383.431641 -818.917969 61 ) (382 -814.988342 61 ) (382 -814.988281 0 ) 
3 442 581 (382 -814.987915 0 ) (383.431091 -818.915710 0 ) (380.137024 -820.115967 0 ) 
4 443 577 (395.100037 -940.987976 0 ) (395.100037 -947.987976 0 ) (391.334808 -947.987976 0 ) (388.787170 -940.987976 0 ) 
4 443 563 (391.334808 -947.987976 0 ) (377.996338 -947.987976 0 ) (380.544373 -940.987976 0 ) (388.787170 -940.987976 0 ) 
4 443 465 (377.996338 -947.987976 0 ) (395.100037 -947.987976 0 ) (395.100037 -947.987976 61 ) (377.996002 -947.987976 61 ) 
4 443 444 (377.998047 -947.987976 0 ) (377.997742 -947.987976 61 ) (380.134583 -942.115601 61 ) (380.134949 -942.115479 0 ) 
4 444 564 (377.996338 -947.987976 0 ) (376.100037 -947.987976 0 ) (376.100037 -943.586792 0 ) (380.133820 -942.115906 0 ) 
4 444 465 (376.100037 -947.987976 0 ) (377.996338 -947.987976 0 ) (377.996002 -947.987976 61 ) (376.100037 -947.987976 61 ) 
4 444 450 (376.100037 -944.388916 61 ) (376.100037 -943.586792 61 ) (376.100037 -943.586792 0 ) (376.100037 -944.388428 0 ) 
4 444 445 (376.100037 -947.987976 0 ) (376.100037 -947.987976 61 ) (376.100037 -944.388916 61 ) (376.100037 -944.388428 0 ) 
3 445 566 (371.072968 -945.419861 0 ) (369.868988 -942.116272 0 ) (375 -943.987610 0 ) 
5 445 564 (376.100037 -944.388428 0 ) (376.100037 -947.987976 0 ) (372.008911 -947.987976 0 ) (371.072968 -945.419861 0 ) (375 -943.987610 0 ) 
4 445 467 (372.008911 -947.987976 0 ) (376.100037 -947.987976 0 ) (376.100037 -947.987976 73 ) (372.008911 -947.987976 73 ) 
4 445 450 (375 -943.987671 73 ) (376.100037 -944.388611 73 ) (376.100037 -944.388000 0 ) (375.001556 -943.987305 0 ) 
4 446 577 (364.100037 -873.157288 0 ) (364.100037 -825.959167 0 ) (376.100037 -821.586853 0 ) (376.100037 -906.128723 0 ) 
5 446 565 (364.100037 -926.286987 0 ) (364.100037 -873.157288 0 ) (376.100037 -906.128723 0 ) (376.100037 -929.588623 0 ) (366.564941 -933.050415 0 ) 
4 446 480 (364.100037 -825.761536 0 ) (364.100037 -926.286987 0 ) (364.100037 -926.286987 73 ) (364.100037 -825.761536 73 ) 
4 446 451 (376.100037 -929.587891 0 ) (376.100037 -929.587891 73 ) (375 -929.987610 73 ) (375 -929.987366 0 ) 
4 446 449 (369.863800 -931.852417 73 ) (366.564941 -933.050293 73 ) (366.564941 -933.050293 0 ) (369.863403 -931.852539 0 ) 
4 446 447 (364.100037 -825.959473 0 ) (364.100037 -825.959290 73 ) (375 -821.987976 73 ) (375 -821.987976 0 ) 
4 447 579 (364.100037 -825.959167 0 ) (364.100037 -825.761536 0 ) (366.578094 -818.915833 0 ) (375 -821.987854 0 ) 
4 447 448 (369.870819 -820.115723 0 ) (366.578583 -818.914673 0 ) (366.578583 -818.914673 73 ) (369.870667 -820.115601 73 ) 
3 448 582 (366.578094 -818.915833 0 ) (368 -814.988220 0 ) (369.871368 -820.117188 0 ) 
3 449 569 (368 -936.987488 0 ) (366.564941 -933.050415 0 ) (369.863312 -931.852905 0 ) 
3 450 564 (376.100037 -943.586792 0 ) (376.100037 -944.388428 0 ) (375 -943.987610 0 ) 
3 451 567 (376.100037 -929.588623 0 ) (376.100037 -930.388611 0 ) (375 -929.987732 0 ) 
3 452 453 (531.101990 -940.987976 223 ) (531.101990 -940.987976 242 ) (512.101990 -940.987976 242 ) 
3 453 454 (531.101990 -947.987976 223 ) (531.101990 -947.987976 242 ) (512.101929 -947.987976 242 ) 
4 454 462 (381.100037 -1014.989990 78 ) (531.101990 -1014.989990 78 ) (531.101990 -1014.989990 83 ) (381.100037 -1014.989990 83 ) 
3 454 461 (400.103973 -1014.989990 242 ) (381.100037 -1014.989990 242 ) (381.100037 -1014.989990 222.998062 ) 
6 454 460 (531.101990 -1014.989990 83 ) (531.101990 -1014.989990 218 ) (507.101959 -1014.989990 242 ) (405.093964 -1014.989990 242 ) (381.100037 -1014.989990 218.002075 ) (381.100037 -1014.989990 83 ) 
3 454 459 (531.101990 -1014.989990 223 ) (531.101990 -1014.989990 242 ) (512.101929 -1014.989990 242 ) 
3 454 456 (381.100037 -953.987976 83 ) (381.100037 -1014.989990 83 ) (381.100037 -1014.989990 236 ) 
3 454 455 (381.100037 -947.987976 242 ) (381.100037 -947.987976 88.980499 ) (381.100037 -1008.989929 242 ) 
3 457 480 (364.100037 -1008.989929 242 ) (364.100037 -947.987976 242 ) (364.100037 -947.987976 88.980499 ) 
3 458 480 (364.100037 -953.987976 83 ) (364.100037 -1014.989990 83 ) (364.100037 -1014.989990 236 ) 
4 460 462 (381.100037 -1014.989990 83 ) (531.101990 -1014.989990 83 ) (531.101990 -1015.989990 83 ) (381.100037 -1015.989990 83 ) 
4 463 624 (517.101990 -1024 0 ) (531.101990 -1024 0 ) (531.101990 -1024 61 ) (517.101990 -1024 61 ) 
4 463 532 (517.101990 -954.155518 0 ) (517.101990 -947.987976 0 ) (531.101990 -947.987976 0 ) (531.101990 -949.053101 0 ) 
4 463 527 (531.101990 -1024 0 ) (517.101990 -1024 0 ) (517.101990 -954.155518 0 ) (531.101990 -949.053101 0 ) 
4 463 464 (517.101990 -947.987976 61 ) (517.101990 -947.987976 0 ) (517.101990 -1024 0 ) (517.101990 -1024 61 ) 
4 464 625 (395.100037 -1024 0 ) (517.101990 -1024 0 ) (517.101990 -1024 73 ) (395.100037 -1024 73 ) 
5 464 577 (458.153809 -1024 0 ) (419 -1024 0 ) (395.100037 -958.333374 0 ) (395.100037 -947.987976 0 ) (430.458740 -947.987976 0 ) 
4 464 563 (419 -1024 0 ) (399.711304 -1024 0 ) (395.100037 -1011.347168 0 ) (395.100037 -958.333374 0 ) 
3 464 559 (399.711304 -1024 0 ) (395.100037 -1024 0 ) (395.100037 -1011.347168 0 ) 
4 464 532 (442.598999 -981.308228 0 ) (430.458740 -947.987976 0 ) (517.101990 -947.987976 0 ) (517.101990 -954.155518 0 ) 
4 464 527 (517.101990 -1024 0 ) (458.153809 -1024 0 ) (442.598999 -981.308228 0 ) (517.101990 -954.155518 0 ) 
4 464 465 (395.100037 -947.987976 61 ) (395.100037 -947.987976 0 ) (395.100037 -1024 0 ) (395.100037 -1024 61 ) 
4 465 626 (391.578247 -1024 0 ) (395.100037 -1024 0 ) (395.100037 -1024 61 ) (391.569427 -1024 61 ) 
3 465 577 (391.334808 -947.987976 0 ) (395.100037 -947.987976 0 ) (395.100037 -958.333374 0 ) 
3 465 564 (376.100037 -953.197449 0 ) (376.100037 -947.987976 0 ) (377.996338 -947.987976 0 ) 
6 465 563 (376.100037 -959.213501 0 ) (376.100037 -953.197449 0 ) (377.996338 -947.987976 0 ) (391.334808 -947.987976 0 ) (395.100037 -958.333374 0 ) (395.100037 -1011.347168 0 ) 
5 465 559 (395.100037 -1024 0 ) (391.578247 -1024 0 ) (376.100037 -1018.389587 0 ) (376.100037 -959.213501 0 ) (395.100037 -1011.347168 0 ) 
4 465 467 (376.100037 -947.987976 61 ) (376.100037 -947.987976 0 ) (376.100037 -1018.389587 0 ) (376.100037 -1018.392822 61 ) 
4 465 466 (380.118683 -1019.847290 0 ) (391.575623 -1024 0 ) (391.566864 -1024 61 ) (380.119446 -1019.850769 61 ) 
4 466 626 (381.637054 -1024 0 ) (391.578247 -1024 0 ) (391.569427 -1024 61 ) (381.636536 -1024 61 ) 
3 466 561 (391.578247 -1024 0 ) (381.637054 -1024 0 ) (380.118225 -1019.846069 0 ) 
4 467 564 (372.008911 -947.987976 0 ) (376.100037 -947.987976 0 ) (376.100037 -953.197449 0 ) (375.004425 -956.207275 0 ) 
3 467 563 (376.100037 -953.197449 0 ) (376.100037 -959.213501 0 ) (375.004425 -956.207275 0 ) 
5 467 559 (364.100037 -1014.039978 0 ) (364.100037 -947.987976 0 ) (372.008911 -947.987976 0 ) (376.100037 -959.213501 0 ) (376.100037 -1018.389587 0 ) 
4 467 480 (364.100037 -947.987976 0 ) (364.100037 -1014.039978 0 ) (364.100037 -1014.043823 73 ) (364.100037 -947.987976 73 ) 
4 467 469 (374.984192 -1017.989014 73 ) (371.063446 -1016.567871 73 ) (371.064728 -1016.564514 0 ) (374.992920 -1017.988342 0 ) 
4 467 468 (371.063446 -1016.567871 73 ) (364.100037 -1014.043884 73 ) (364.100037 -1014.040039 0 ) (371.064728 -1016.564514 0 ) 
4 468 629 (367.638916 -1024 0 ) (368.360138 -1024 0 ) (368.360138 -1024 73 ) (367.638550 -1024 73 ) 
4 468 628 (364.100037 -1024 73 ) (364.100037 -1024 0 ) (367.638916 -1024 0 ) (367.638550 -1024 73 ) 
4 468 560 (368.360138 -1024 0 ) (364.100037 -1024 0 ) (364.100037 -1014.039978 0 ) (371.064728 -1016.564453 0 ) 
4 468 480 (364.100037 -1014.039978 0 ) (364.100037 -1024 0 ) (364.100037 -1024 73 ) (364.100037 -1014.043823 73 ) 
4 468 469 (371.065430 -1016.564453 0 ) (371.064209 -1016.567810 73 ) (369.873505 -1019.841309 73 ) (369.872467 -1019.844177 0 ) 
3 469 562 (369.871643 -1019.844482 0 ) (371.064728 -1016.564453 0 ) (374.992950 -1017.988281 0 ) 
4 470 865 (0 -447.988007 242 ) (0 0 242 ) (0 0 80 ) (0 -447.988007 80 ) 
4 470 515 (40 -447.988007 242 ) (0 -447.988007 242 ) (0 -447.988007 80 ) (40 -447.988007 80 ) 
4 470 514 (88 -447.988007 242 ) (40 -447.988007 242 ) (40 -447.988007 80 ) (88 -447.988007 80 ) 
4 470 483 (304 -447.988007 242 ) (202 -447.988007 242 ) (202 -447.988007 80 ) (304 -447.988007 80 ) 
4 470 482 (352 -447.988007 242 ) (304 -447.988007 242 ) (304 -447.988007 80 ) (352 -447.988007 80 ) 
4 470 486 (202 -447.988007 242 ) (88 -447.988007 242 ) (88 -447.988007 80 ) (202 -447.988007 80 ) 
4 470 475 (364.100037 -447.988007 80 ) (364.100037 -447.988007 242 ) (359.100037 -447.988007 242 ) (359.100037 -447.988007 80 ) 
4 470 479 (359.100037 -447.988007 242 ) (352 -447.988007 242 ) (352 -447.988007 80 ) (359.100037 -447.988007 80 ) 
4 470 473 (364.100037 -447.988007 80 ) (40 -447.988007 80 ) (40 -351.988007 80 ) (364.100037 -351.988007 80 ) 
4 470 471 (0 -31.988302 80 ) (0 0 80 ) (364.100037 0 80 ) (364.100037 -31.988302 80 ) 
4 470 472 (0 -351.988007 80 ) (0 -127.987999 80 ) (364.100037 -127.987999 80 ) (364.100037 -351.988007 80 ) 
4 471 866 (0 0 80 ) (0 0 64 ) (0 -31.988302 64 ) (0 -31.988302 80 ) 
4 471 474 (0 -31.988302 64 ) (0 0 64 ) (364.100037 0 64 ) (364.100037 -31.988302 64 ) 
4 472 869 (0 -127.987999 64 ) (0 -351.988007 64 ) (0 -351.988007 80 ) (0 -127.987999 80 ) 
4 472 473 (40 -351.988007 64 ) (364.100037 -351.988007 64 ) (364.100037 -351.988007 80 ) (40 -351.988007 80 ) 
4 472 474 (0 -351.988007 64 ) (0 -127.987999 64 ) (364.100037 -127.987999 64 ) (364.100037 -351.988007 64 ) 
4 473 514 (88 -447.988007 80 ) (40 -447.988007 80 ) (40 -447.988007 64 ) (88 -447.988007 64 ) 
4 473 483 (304 -447.988007 80 ) (202 -447.988007 80 ) (202 -447.988007 64 ) (304 -447.988007 64 ) 
4 473 482 (352 -447.988007 80 ) (304 -447.988007 80 ) (304 -447.988007 64 ) (352 -447.988007 64 ) 
4 473 486 (202 -447.988007 80 ) (88 -447.988007 80 ) (88 -447.988007 64 ) (202 -447.988007 64 ) 
4 473 475 (364.100037 -447.988007 64 ) (364.100037 -447.988007 80 ) (359.100037 -447.988007 80 ) (359.100037 -447.988007 64 ) 
4 473 479 (359.100037 -447.988007 80 ) (352 -447.988007 80 ) (352 -447.988007 64 ) (359.100037 -447.988007 64 ) 
4 473 474 (364.100037 -447.988007 64 ) (40 -447.988007 64 ) (40 -351.988007 64 ) (364.100037 -351.988007 64 ) 
4 474 872 (0 0 64 ) (0 0 2 ) (0 -447.988007 2 ) (0 -447.988007 64 ) 
4 474 879 (0 0 2 ) (0 0 0 ) (0 -447.988007 0 ) (0 -447.988007 2 ) 
4 474 571 (46.312504 0 0 ) (78.422180 0 0 ) (241.402847 -447.988007 0 ) (209.358704 -447.988007 0 ) 
4 474 570 (78.422180 0 0 ) (85.058159 0 0 ) (248.283142 -447.988007 0 ) (241.402847 -447.988007 0 ) 
4 474 565 (26.517191 0 0 ) (46.312504 0 0 ) (209.358704 -447.988007 0 ) (189.785248 -447.988007 0 ) 
4 474 559 (0 -447.988007 0 ) (0 0 0 ) (26.517191 0 0 ) (189.785248 -447.988007 0 ) 
4 474 545 (85.058159 0 0 ) (364.100037 0 0 ) (364.100037 -447.988007 0 ) (248.283142 -447.988007 0 ) 
4 474 525 (0 -447.988007 0 ) (88 -447.988007 0 ) (88 -447.988007 64 ) (0 -447.988007 64 ) 
4 474 483 (202 -447.988007 0 ) (304 -447.988007 0 ) (304 -447.988007 64 ) (202 -447.988007 64 ) 
4 474 482 (304 -447.988007 0 ) (352 -447.988007 0 ) (352 -447.988007 64 ) (304 -447.988007 64 ) 
4 474 486 (88 -447.988007 0 ) (202 -447.988007 0 ) (202 -447.988007 64 ) (88 -447.988007 64 ) 
4 474 475 (359.100037 -447.988007 0 ) (364.100037 -447.988007 0 ) (364.100037 -447.988007 64 ) (359.100037 -447.988007 64 ) 
4 474 479 (352 -447.988007 0 ) (359.100037 -447.988007 0 ) (359.100037 -447.988007 64 ) (352 -447.988007 64 ) 
4 475 545 (359.100037 -447.988007 0 ) (364.100037 -447.988007 0 ) (364.100037 -578.987976 0 ) (359.100037 -578.987976 0 ) 
4 475 476 (359.100037 -578.987976 242 ) (359.100037 -578.987976 78 ) (364.100037 -578.987976 78 ) (364.100037 -578.987976 242 ) 
4 475 477 (359.100037 -578.987976 73 ) (359.100037 -578.987976 0 ) (364.100037 -578.987976 0 ) (364.100037 -578.987976 73 ) 
4 475 479 (359.100037 -447.988007 242 ) (359.100037 -447.988007 0 ) (359.100037 -578.987976 0 ) (359.100037 -578.987976 242 ) 
4 476 478 (359.100037 -598.987976 242 ) (359.100037 -598.987976 78 ) (364.100037 -598.987976 78 ) (364.100037 -598.987976 242 ) 
4 476 479 (359.100037 -598.987976 78 ) (359.100037 -598.987976 242 ) (359.100037 -578.987976 242 ) (359.100037 -578.987976 78 ) 
4 477 545 (364.100037 -578.987976 0 ) (364.100037 -598.987976 0 ) (359.100037 -598.987976 0 ) (359.100037 -578.987976 0 ) 
4 477 479 (359.100037 -578.987976 0 ) (359.100037 -598.987976 0 ) (359.100037 -598.987976 73 ) (359.100037 -578.987976 73 ) 
4 477 478 (359.100037 -598.987976 73 ) (359.100037 -598.987976 0 ) (364.100037 -598.987976 0 ) (364.100037 -598.987976 73 ) 
4 478 545 (364.100037 -598.987976 0 ) (364.100037 -686.987976 0 ) (359.100037 -686.987976 0 ) (359.100037 -598.987976 0 ) 
4 478 480 (359.100037 -686.987976 0 ) (364.100037 -686.987976 0 ) (364.100037 -686.987976 242 ) (359.100037 -686.987976 242 ) 
4 478 479 (359.100037 -598.987976 0 ) (359.100037 -686.987976 0 ) (359.100037 -686.987976 242 ) (359.100037 -598.987976 242 ) 
4 479 545 (352 -686.987976 0 ) (352 -447.988007 0 ) (359.100037 -447.988007 0 ) (359.100037 -686.987976 0 ) 
4 479 487 (352 -586 0 ) (352 -686.987976 0 ) (352 -686.987976 242 ) (352 -586 242 ) 
4 479 482 (352 -447.988007 242 ) (352 -447.988007 0 ) (352 -586 0 ) (352 -586 242 ) 
4 479 481 (352 -686.987976 242 ) (352 -686.987976 237.635941 ) (355.100983 -686.987976 240 ) (354.101471 -686.987976 242 ) 
5 479 480 (352 -686.987976 237.635941 ) (352 -686.987976 0 ) (359.100037 -686.987976 0 ) (359.100037 -686.987976 242 ) (357.724457 -686.987976 242 ) 
4 480 652 (352 -1024 64 ) (352 -1024 0 ) (364.100037 -1024 0 ) (364.100037 -1024 64 ) 
4 480 648 (352 -1024 216 ) (352 -1024 64 ) (364.100037 -1024 64 ) (364.100037 -1024 216 ) 
5 480 643 (364.100037 -1024 242 ) (357.722565 -1024 242 ) (352 -1024 237.637375 ) (352 -1024 216 ) (364.100037 -1024 216 ) 
3 480 577 (364.100037 -825.761658 0 ) (364.100037 -873.157288 0 ) (355.498505 -849.523682 0 ) 
3 480 575 (352 -762.165222 0 ) (352 -751.988464 0 ) (355.269501 -760.975464 0 ) 
6 480 574 (352 -839.911133 0 ) (352 -762.165222 0 ) (355.269501 -760.975464 0 ) (364.100037 -785.248169 0 ) (364.100037 -825.761658 0 ) (355.498505 -849.523682 0 ) 
4 480 570 (352 -751.988464 0 ) (352 -732.649780 0 ) (364.100037 -765.859619 0 ) (364.100037 -785.248169 0 ) 
4 480 565 (352 -893.085876 0 ) (352 -839.911133 0 ) (364.100037 -873.157288 0 ) (364.100037 -926.286987 0 ) 
4 480 560 (364.100037 -1024 0 ) (352 -1024 0 ) (352 -1009.654053 0 ) (364.100037 -1014.039917 0 ) 
4 480 559 (352 -1009.654053 0 ) (352 -893.085876 0 ) (364.100037 -926.286987 0 ) (364.100037 -1014.039917 0 ) 
4 480 545 (352 -701.613831 0 ) (352 -686.987976 0 ) (364.100037 -686.987976 0 ) (364.100037 -706.019348 0 ) 
4 480 532 (352 -732.649780 0 ) (352 -701.613831 0 ) (364.100037 -706.019348 0 ) (364.100037 -765.859619 0 ) 
4 480 513 (352 -991.987976 0 ) (352 -1024 0 ) (352 -1024 58 ) (352 -991.987976 58 ) 
4 480 510 (352 -1024 64 ) (352 -1024 216 ) (352 -991.987976 216 ) (352 -991.987976 64 ) 
4 480 508 (352 -1024 216 ) (352 -1024 237.637375 ) (352 -991.987976 237.637238 ) (352 -991.987976 216 ) 
4 480 500 (352 -762.165161 64 ) (352 -762.165161 96 ) (352 -751.988953 96 ) (352 -751.988770 64 ) 
4 480 501 (352 -751.988464 0 ) (352 -762.165222 0 ) (352 -762.165161 58 ) (352 -751.988770 58 ) 
4 480 498 (352 -991.987976 64 ) (352 -991.987976 96 ) (352 -762.165161 96 ) (352 -762.165161 64 ) 
4 480 499 (352 -762.165222 0 ) (352 -991.987976 0 ) (352 -991.987976 58 ) (352 -762.165161 58 ) 
4 480 490 (352 -751.988770 64 ) (352 -751.988953 96 ) (352 -735.987976 96 ) (352 -735.987976 64 ) 
4 480 491 (352 -735.987976 0 ) (352 -751.988464 0 ) (352 -751.988770 58 ) (352 -735.987976 58 ) 
4 480 489 (352 -991.987976 96 ) (352 -991.987976 237.637238 ) (352 -735.987976 237.636154 ) (352 -735.987976 96 ) 
4 480 487 (352 -686.987976 0 ) (352 -735.987976 0 ) (352 -735.987976 237.636154 ) (352 -686.987976 237.635941 ) 
4 480 481 (355.100525 -686.987976 240 ) (352 -686.987976 237.636719 ) (352 -1024 237.638153 ) (355.099335 -1024 240.001465 ) 
4 481 644 (354.100555 -1024 242 ) (352 -1024 242 ) (352 -1024 237.637375 ) (355.099823 -1024 240 ) 
4 481 508 (352 -1024 237.637375 ) (352 -1024 242 ) (352 -991.987976 242 ) (352 -991.987976 237.637238 ) 
4 481 489 (352 -735.987976 240 ) (352 -735.987976 237.636154 ) (352 -991.987976 237.637238 ) (352 -991.987976 240 ) 
4 481 488 (352 -991.987976 242 ) (352 -735.987976 242 ) (352 -735.987976 240 ) (352 -991.987976 240 ) 
4 481 487 (352 -735.987976 242 ) (352 -686.987976 242 ) (352 -686.987976 237.635941 ) (352 -735.987976 237.636154 ) 
4 482 545 (304 -447.988007 0 ) (352 -447.988007 0 ) (352 -586 0 ) (304 -586 0 ) 
4 482 487 (304 -586 0 ) (352 -586 0 ) (352 -586 242 ) (304 -586 242 ) 
4 482 484 (304 -586 132 ) (304 -586 242 ) (304 -580 242 ) (304 -580 132 ) 
4 482 485 (304 -580 0 ) (304 -586 0 ) (304 -586 20 ) (304 -580 20 ) 
4 482 483 (304 -447.988007 242 ) (304 -447.988007 0 ) (304 -580 0 ) (304 -580 242 ) 
4 483 571 (209.358719 -447.988007 0 ) (241.402847 -447.988007 0 ) (289.429565 -580 0 ) (257.404785 -580 0 ) 
4 483 570 (241.402847 -447.988007 0 ) (248.283127 -447.988007 0 ) (296.381836 -580 0 ) (289.429565 -580 0 ) 
5 483 565 (202 -447.988007 0 ) (209.358719 -447.988007 0 ) (257.404785 -580 0 ) (237.896667 -580 0 ) (202 -481.503845 0 ) 
3 483 559 (237.896667 -580 0 ) (202 -580 0 ) (202 -481.503845 0 ) 
4 483 545 (248.283127 -447.988007 0 ) (304 -447.988007 0 ) (304 -580 0 ) (296.381836 -580 0 ) 
4 483 484 (202 -580 242 ) (202 -580 132 ) (304 -580 132 ) (304 -580 242 ) 
4 483 485 (202 -580 20 ) (202 -580 0 ) (304 -580 0 ) (304 -580 20 ) 
4 483 486 (202 -447.988007 242 ) (202 -447.988007 0 ) (202 -580 0 ) (202 -580 242 ) 
4 484 487 (304 -586 132 ) (304 -586 242 ) (202 -586 242 ) (202 -586 132 ) 
4 484 486 (202 -586 132 ) (202 -586 242 ) (202 -580 242 ) (202 -580 132 ) 
4 485 571 (291.612427 -586 0 ) (259.588501 -586 0 ) (257.404755 -580 0 ) (289.429565 -580 0 ) 
4 485 570 (298.567932 -586 0 ) (291.612427 -586 0 ) (289.429565 -580 0 ) (296.381836 -580 0 ) 
4 485 565 (259.588501 -586 0 ) (240.083344 -586 0 ) (237.896667 -580 0 ) (257.404755 -580 0 ) 
4 485 559 (240.083344 -586 0 ) (202 -586 0 ) (202 -580 0 ) (237.896667 -580 0 ) 
4 485 545 (304 -580 0 ) (304 -586 0 ) (298.567932 -586 0 ) (296.381836 -580 0 ) 
4 485 487 (202 -586 0 ) (304 -586 0 ) (304 -586 20 ) (202 -586 20 ) 
4 485 486 (202 -580 0 ) (202 -586 0 ) (202 -586 20 ) (202 -580 20 ) 
3 486 565 (189.785248 -447.988007 0 ) (202 -447.988007 0 ) (202 -481.503876 0 ) 
5 486 559 (88 -586 0 ) (88 -447.988007 0 ) (189.785248 -447.988007 0 ) (202 -481.503876 0 ) (202 -586 0 ) 
4 486 525 (88 -447.988007 64 ) (88 -447.988007 0 ) (88 -586 0 ) (88 -586 64 ) 
4 486 514 (88 -447.988007 242 ) (88 -447.988007 64 ) (88 -586 64 ) (88 -586 242 ) 
4 486 487 (88 -586 242 ) (88 -586 0 ) (202 -586 0 ) (202 -586 242 ) 
3 487 573 (335.993256 -735.987976 0 ) (325.814850 -735.987976 0 ) (327.002136 -732.721130 0 ) 
4 487 572 (325.814850 -735.987976 0 ) (314.176941 -735.987976 0 ) (310.852325 -726.853210 0 ) (327.002136 -732.721130 0 ) 
5 487 571 (259.588501 -586 0 ) (291.612427 -586 0 ) (346.178925 -735.987976 0 ) (335.993256 -735.987976 0 ) (310.852325 -726.853210 0 ) 
5 487 570 (291.612427 -586 0 ) (298.567963 -586 0 ) (352 -732.649780 0 ) (352 -735.987976 0 ) (346.178925 -735.987976 0 ) 
4 487 565 (240.083359 -586 0 ) (259.588501 -586 0 ) (314.176941 -735.987976 0 ) (294.746063 -735.987976 0 ) 
4 487 559 (88 -735.987976 0 ) (88 -586 0 ) (240.083359 -586 0 ) (294.746063 -735.987976 0 ) 
4 487 545 (298.567963 -586 0 ) (352 -586 0 ) (352 -701.613892 0 ) (338.962494 -696.867004 0 ) 
3 487 532 (352 -701.613892 0 ) (352 -732.649780 0 ) (338.962494 -696.867004 0 ) 
4 487 525 (88 -586 0 ) (88 -735.987976 0 ) (88 -735.987976 64 ) (88 -586 64 ) 
4 487 514 (88 -735.987976 64 ) (88 -735.987976 242 ) (88 -586 242 ) (88 -586 64 ) 
4 487 507 (88 -735.987976 58 ) (88 -735.987976 0 ) (96 -735.987976 0 ) (96 -735.987976 58 ) 
4 487 506 (88 -735.987976 240 ) (88 -735.987976 64 ) (96 -735.987976 64 ) (96 -735.987976 240 ) 
4 487 496 (335.993286 -735.987976 64 ) (335.993286 -735.987976 96 ) (325.814850 -735.987976 96 ) (325.814850 -735.987976 64 ) 
4 487 497 (325.814819 -735.987976 0 ) (335.993286 -735.987976 0 ) (335.993286 -735.987976 58 ) (325.814850 -735.987976 58 ) 
4 487 494 (325.814850 -735.987976 64 ) (325.814850 -735.987976 96 ) (96 -735.987976 96 ) (96 -735.987976 64 ) 
4 487 495 (96 -735.987976 0 ) (325.814819 -735.987976 0 ) (325.814850 -735.987976 58 ) (96 -735.987976 58 ) 
4 487 492 (346.178802 -735.987976 64 ) (346.178741 -735.987976 96 ) (335.993286 -735.987976 96 ) (335.993286 -735.987976 64 ) 
4 487 493 (335.993286 -735.987976 0 ) (346.178925 -735.987976 0 ) (346.178802 -735.987976 58 ) (335.993286 -735.987976 58 ) 
4 487 490 (352 -735.987976 64 ) (352 -735.987976 96 ) (346.178741 -735.987976 96 ) (346.178802 -735.987976 64 ) 
4 487 491 (346.178925 -735.987976 0 ) (352 -735.987976 0 ) (352 -735.987976 58 ) (346.178802 -735.987976 58 ) 
4 487 489 (352 -735.987976 96 ) (352 -735.987976 240 ) (96 -735.987976 240 ) (96 -735.987976 96 ) 
4 487 488 (88 -735.987976 242 ) (88 -735.987976 240 ) (352 -735.987976 240 ) (352 -735.987976 242 ) 
4 488 521 (88 -991.987976 240 ) (88 -991.987976 242 ) (88 -983.987976 242 ) (88 -983.987976 240 ) 
4 488 518 (88 -983.987976 242 ) (88 -746.670044 242 ) (88 -746.670044 240 ) (88 -983.987976 240 ) 
4 488 514 (88 -746.670044 242 ) (88 -735.987976 242 ) (88 -735.987976 240 ) (88 -746.670044 240 ) 
4 488 509 (88 -991.987976 242 ) (88 -991.987976 240 ) (96 -991.987976 240 ) (96 -991.987976 242 ) 
4 488 508 (96 -991.987976 240 ) (352 -991.987976 240 ) (352 -991.987976 242 ) (96 -991.987976 242 ) 
4 488 506 (88 -983.987976 240 ) (88 -735.987976 240 ) (96 -735.987976 240 ) (96 -983.987976 240 ) 
4 488 489 (352 -991.987976 240 ) (96 -991.987976 240 ) (96 -735.987976 240 ) (352 -735.987976 240 ) 
4 489 510 (352 -991.987976 96 ) (352 -991.987976 216 ) (96 -991.987976 216 ) (96 -991.987976 96 ) 
4 489 508 (352 -991.987976 216 ) (352 -991.987976 240 ) (96 -991.987976 240 ) (96 -991.987976 216 ) 
4 489 506 (96 -983.987976 240 ) (96 -735.987976 240 ) (96 -735.987976 96 ) (96 -983.987976 96 ) 
3 489 503 (336 -767.987854 96 ) (327.013672 -771.257813 96 ) (324.270996 -763.721985 96 ) 
3 489 502 (310.860474 -777.136047 96 ) (320 -751.987427 96 ) (327.013672 -771.257813 96 ) 
3 489 500 (352 -751.988953 96 ) (352 -762.165161 96 ) (347.730530 -763.718872 96 ) 
4 489 498 (352 -991.987976 96 ) (232.777466 -991.987976 96 ) (310.860474 -777.136047 96 ) (352 -762.165161 96 ) 
4 489 496 (324.257996 -740.271606 96 ) (325.814789 -735.987976 96 ) (335.993317 -735.987976 96 ) (335.998230 -735.989746 96 ) 
4 489 494 (232.777466 -991.987976 96 ) (96 -991.987976 96 ) (96 -735.987976 96 ) (325.814789 -735.987976 96 ) 
3 489 492 (335.993317 -735.987976 96 ) (346.178772 -735.987976 96 ) (347.730225 -740.252502 96 ) 
3 489 490 (346.178772 -735.987976 96 ) (352 -735.987976 96 ) (352 -751.988953 96 ) 
4 490 492 (347.731293 -740.252869 96 ) (346.179688 -735.987976 96 ) (346.179749 -735.987976 64 ) (347.731384 -740.252991 64 ) 
3 491 570 (346.178925 -735.987976 0 ) (352 -735.987976 0 ) (352 -751.988464 0 ) 
4 491 493 (347.731384 -740.252991 58 ) (346.179749 -735.987976 58 ) (346.179840 -735.987976 0 ) (347.731476 -740.252930 0 ) 
3 493 571 (335.993286 -735.987976 0 ) (346.178925 -735.987976 0 ) (347.730408 -740.252563 0 ) 
4 494 510 (232.777466 -991.987976 64 ) (232.777466 -991.987976 96 ) (96 -991.987976 96 ) (96 -991.987976 64 ) 
4 494 506 (96 -983.987976 96 ) (96 -735.987976 96 ) (96 -735.987976 64 ) (96 -983.987976 64 ) 
4 494 502 (320 -751.988037 96 ) (310.860962 -777.135864 96 ) (310.860962 -777.135925 64 ) (320 -751.988098 64 ) 
4 494 498 (310.860962 -777.135864 96 ) (232.777847 -991.987976 96 ) (232.777847 -991.987976 64 ) (310.860962 -777.135925 64 ) 
4 494 496 (325.815247 -735.987976 64 ) (325.815247 -735.987976 96 ) (324.258545 -740.271362 96 ) (324.258606 -740.271179 64 ) 
3 495 572 (314.176941 -735.987976 0 ) (325.814819 -735.987976 0 ) (320 -751.987671 0 ) 
4 495 565 (294.746094 -735.987976 0 ) (314.176941 -735.987976 0 ) (320 -751.987671 0 ) (310.302216 -778.672180 0 ) 
4 495 560 (240.981720 -969.413269 0 ) (232.777466 -991.987976 0 ) (96 -991.987976 0 ) (96 -916.861816 0 ) 
5 495 559 (96 -735.987976 0 ) (294.746094 -735.987976 0 ) (310.302216 -778.672180 0 ) (240.981720 -969.413269 0 ) (96 -916.861816 0 ) 
4 495 513 (96 -991.987976 0 ) (232.777466 -991.987976 0 ) (232.777466 -991.987976 58 ) (96 -991.987976 58 ) 
4 495 507 (96 -983.987976 58 ) (96 -735.987976 58 ) (96 -735.987976 0 ) (96 -983.987976 0 ) 
4 495 504 (320 -751.988159 58 ) (310.860962 -777.135925 58 ) (310.860901 -777.136047 0 ) (320 -751.988281 0 ) 
4 495 499 (310.860962 -777.135925 58 ) (232.777847 -991.987976 58 ) (232.777847 -991.987976 0 ) (310.860901 -777.136047 0 ) 
4 495 497 (325.815247 -735.987976 0 ) (325.815247 -735.987976 58 ) (324.258636 -740.271118 58 ) (324.258759 -740.270752 0 ) 
4 497 573 (325.814819 -735.987976 0 ) (335.993286 -735.987976 0 ) (335.997559 -735.989502 0 ) (324.258270 -740.270996 0 ) 
4 498 510 (352 -991.987976 64 ) (352 -991.987976 96 ) (232.777466 -991.987976 96 ) (232.777466 -991.987976 64 ) 
4 498 503 (327.013397 -771.257141 96 ) (335.998505 -767.987427 96 ) (335.998535 -767.987427 64 ) (327.013367 -771.257141 64 ) 
4 498 502 (310.859406 -777.135620 64 ) (310.859436 -777.135559 96 ) (327.013397 -771.257141 96 ) (327.013367 -771.257141 64 ) 
4 498 500 (347.730835 -763.718018 96 ) (352 -762.164429 96 ) (352 -762.164490 64 ) (347.730743 -763.718079 64 ) 
3 499 574 (352 -762.165222 0 ) (352 -839.911133 0 ) (327.013550 -771.257935 0 ) 
5 499 565 (352 -839.911133 0 ) (352 -893.085876 0 ) (310.302216 -778.672241 0 ) (310.860474 -777.136169 0 ) (327.013550 -771.257935 0 ) 
3 499 560 (303.261871 -991.987976 0 ) (232.777466 -991.987976 0 ) (240.981720 -969.413269 0 ) 
5 499 559 (352 -893.085876 0 ) (352 -991.987976 0 ) (303.261871 -991.987976 0 ) (240.981720 -969.413269 0 ) (310.302216 -778.672241 0 ) 
4 499 513 (232.777466 -991.987976 0 ) (352 -991.987976 0 ) (352 -991.987976 58 ) (232.777466 -991.987976 58 ) 
4 499 505 (327.013367 -771.257141 58 ) (335.998535 -767.987427 58 ) (335.998657 -767.987549 0 ) (327.013306 -771.257324 0 ) 
4 499 504 (310.859375 -777.135742 0 ) (310.859406 -777.135620 58 ) (327.013367 -771.257141 58 ) (327.013306 -771.257324 0 ) 
4 499 501 (347.730743 -763.718079 58 ) (352 -762.164490 58 ) (352 -762.164612 0 ) (347.730743 -763.718201 0 ) 
3 501 575 (352 -751.988464 0 ) (352 -762.165222 0 ) (347.730438 -763.718933 0 ) 
4 502 503 (327.011841 -771.258423 96 ) (327.011810 -771.258484 64 ) (324.268585 -763.721191 64 ) (324.268677 -763.721191 96 ) 
3 504 565 (327.013550 -771.257935 0 ) (310.860474 -777.136169 0 ) (320 -751.987732 0 ) 
4 504 505 (324.270569 -763.721802 58 ) (327.011719 -771.253906 58 ) (327.011658 -771.254028 0 ) (324.270447 -763.721802 0 ) 
3 505 576 (336 -767.987854 0 ) (327.013550 -771.257935 0 ) (324.270782 -763.721924 0 ) 
4 506 518 (88 -983.987976 240 ) (88 -746.670044 240 ) (88 -746.670044 64 ) (88 -983.987976 64 ) 
4 506 514 (88 -746.670044 240 ) (88 -735.987976 240 ) (88 -735.987976 64 ) (88 -746.670044 64 ) 
4 507 560 (88 -983.987976 0 ) (88 -913.962036 0 ) (96 -916.861816 0 ) (96 -983.987976 0 ) 
4 507 559 (88 -913.962036 0 ) (88 -735.987976 0 ) (96 -735.987976 0 ) (96 -916.861816 0 ) 
4 507 526 (88 -735.987976 0 ) (88 -983.987976 0 ) (88 -983.987976 58 ) (88 -735.987976 58 ) 
5 508 644 (352 -1024 242 ) (350.492371 -1024 242 ) (316.592957 -1024 216 ) (323.617676 -1024 216 ) (352 -1024 237.637375 ) 
3 508 643 (323.617676 -1024 216 ) (352 -1024 216 ) (352 -1024 237.637375 ) 
4 508 642 (350.492371 -1024 242 ) (96 -1024 242 ) (96 -1024 216 ) (316.592957 -1024 216 ) 
4 508 510 (96 -991.987976 216 ) (352 -991.987976 216 ) (352 -1024 216 ) (96 -1024 216 ) 
4 508 509 (96 -991.987976 242 ) (96 -991.987976 224 ) (96 -1024 224 ) (96 -1024 242 ) 
4 509 646 (96 -1024 242 ) (88 -1024 242 ) (88 -1024 224 ) (96 -1024 224 ) 
4 509 524 (88 -1024 224 ) (88 -1024 242 ) (88 -991.987976 242 ) (88 -991.987976 224 ) 
4 510 648 (96 -1024 64 ) (352 -1024 64 ) (352 -1024 216 ) (96 -1024 216 ) 
4 510 511 (96 -1024 176 ) (96 -1024 216 ) (96 -991.987976 216 ) (96 -991.987976 176 ) 
4 510 512 (96 -991.987976 64 ) (96 -1024 64 ) (96 -1024 168 ) (96 -991.987976 168 ) 
4 511 649 (88 -1024 216 ) (88 -1024 176 ) (96 -1024 176 ) (96 -1024 216 ) 
4 511 524 (88 -1024 176 ) (88 -1024 216 ) (88 -991.987976 216 ) (88 -991.987976 176 ) 
4 512 650 (88 -1024 168 ) (88 -1024 64 ) (96 -1024 64 ) (96 -1024 168 ) 
4 512 524 (88 -1024 64 ) (88 -1024 168 ) (88 -991.987976 168 ) (88 -991.987976 64 ) 
4 513 653 (88 -1024 58 ) (88 -1024 0 ) (352 -1024 0 ) (352 -1024 58 ) 
5 513 560 (352 -1024 0 ) (88 -1024 0 ) (88 -991.987976 0 ) (303.261871 -991.987976 0 ) (352 -1009.654053 0 ) 
3 513 559 (303.261871 -991.987976 0 ) (352 -991.987976 0 ) (352 -1009.654053 0 ) 
4 513 526 (88 -991.987976 0 ) (88 -1024 0 ) (88 -1024 58 ) (88 -991.987976 58 ) 
4 514 525 (40 -447.988007 64 ) (88 -447.988007 64 ) (88 -735.987976 64 ) (40 -735.987976 64 ) 
4 514 518 (40 -746.670044 64 ) (88 -746.670044 64 ) (88 -746.670044 242 ) (40 -746.670044 242 ) 
4 514 517 (40 -746.670044 72 ) (40 -746.670044 242 ) (40 -741.330017 242 ) (40 -741.330017 72 ) 
4 514 516 (40 -741.330017 76 ) (40 -741.330017 242 ) (40 -735.987976 242 ) (40 -735.987976 76 ) 
4 514 515 (40 -447.988007 242 ) (40 -447.988007 80 ) (40 -735.987976 80 ) (40 -735.987976 242 ) 
4 515 880 (0 -735.987976 242 ) (0 -447.988007 242 ) (0 -447.988007 80 ) (0 -735.987976 80 ) 
4 515 516 (40 -735.987976 80 ) (40 -735.987976 242 ) (0 -735.987976 242 ) (0 -735.987976 80 ) 
4 516 881 (0 -735.987976 80 ) (0 -735.987976 76 ) (0 -741.330017 76 ) (0 -741.330017 80 ) 
4 516 880 (0 -741.330017 242 ) (0 -735.987976 242 ) (0 -735.987976 80 ) (0 -741.330017 80 ) 
4 516 517 (40 -741.330017 76 ) (40 -741.330017 242 ) (0 -741.330017 242 ) (0 -741.330017 76 ) 
4 517 882 (0 -746.670044 242 ) (0 -741.330017 242 ) (0 -741.330017 72 ) (0 -746.670044 72 ) 
4 517 519 (40 -746.670044 72 ) (40 -746.670044 242 ) (0 -746.670044 242 ) (0 -746.670044 72 ) 
4 518 522 (88 -983.987976 176 ) (88 -983.987976 216 ) (40 -983.987976 216 ) (40 -983.987976 176 ) 
4 518 523 (40 -983.987976 64 ) (88 -983.987976 64 ) (88 -983.987976 168 ) (40 -983.987976 168 ) 
4 518 521 (88 -983.987976 224 ) (88 -983.987976 242 ) (40 -983.987976 242 ) (40 -983.987976 224 ) 
4 518 519 (40 -746.670044 242 ) (40 -746.670044 68 ) (40 -752 68 ) (40 -752 242 ) 
4 518 520 (40 -752 64 ) (40 -983.987976 64 ) (40 -983.987976 242 ) (40 -752 242 ) 
4 519 887 (0 -746.670044 216 ) (0 -746.670044 68 ) (0 -752 68 ) (0 -752 216 ) 
4 519 884 (0 -752 242 ) (0 -746.670044 242 ) (0 -746.670044 216 ) (0 -752 216 ) 
4 519 520 (40 -752 68 ) (40 -752 242 ) (0 -752 242 ) (0 -752 68 ) 
4 520 889 (0 -752 216 ) (0 -752 64 ) (0 -983.987976 64 ) (0 -983.987976 216 ) 
4 520 884 (0 -983.987976 242 ) (0 -752 242 ) (0 -752 216 ) (0 -983.987976 216 ) 
4 520 522 (40 -983.987976 176 ) (40 -983.987976 216 ) (0 -983.987976 216 ) (0 -983.987976 176 ) 
4 520 523 (0 -983.987976 64 ) (40 -983.987976 64 ) (40 -983.987976 168 ) (0 -983.987976 168 ) 
4 520 521 (40 -983.987976 224 ) (40 -983.987976 242 ) (0 -983.987976 242 ) (0 -983.987976 224 ) 
4 521 885 (0 -991.987976 242 ) (0 -983.987976 242 ) (0 -983.987976 224 ) (0 -991.987976 224 ) 
4 521 524 (88 -991.987976 224 ) (88 -991.987976 242 ) (0 -991.987976 242 ) (0 -991.987976 224 ) 
4 522 890 (0 -983.987976 216 ) (0 -983.987976 176 ) (0 -991.987976 176 ) (0 -991.987976 216 ) 
4 522 524 (88 -991.987976 176 ) (88 -991.987976 216 ) (0 -991.987976 216 ) (0 -991.987976 176 ) 
4 523 891 (0 -983.987976 168 ) (0 -983.987976 64 ) (0 -991.987976 64 ) (0 -991.987976 168 ) 
4 523 524 (0 -991.987976 64 ) (88 -991.987976 64 ) (88 -991.987976 168 ) (0 -991.987976 168 ) 
4 524 892 (0 -1024 64 ) (0 -1024 216 ) (0 -991.987976 216 ) (0 -991.987976 64 ) 
4 524 886 (0 -1024 216 ) (0 -1024 242 ) (0 -991.987976 242 ) (0 -991.987976 216 ) 
4 524 651 (0 -1024 216 ) (0 -1024 64 ) (88 -1024 64 ) (88 -1024 216 ) 
4 524 647 (88 -1024 242 ) (0 -1024 242 ) (0 -1024 216 ) (88 -1024 216 ) 
4 525 893 (0 -735.987976 64 ) (0 -447.988007 64 ) (0 -447.988007 0 ) (0 -735.987976 0 ) 
4 525 559 (0 -735.987976 0 ) (0 -447.988007 0 ) (88 -447.988007 0 ) (88 -735.987976 0 ) 
4 525 526 (0 -735.987976 0 ) (88 -735.987976 0 ) (88 -735.987976 58 ) (0 -735.987976 58 ) 
4 526 894 (0 -1024 0 ) (0 -1024 58 ) (0 -735.987976 58 ) (0 -735.987976 0 ) 
4 526 653 (0 -1024 58 ) (0 -1024 0 ) (88 -1024 0 ) (88 -1024 58 ) 
4 526 560 (88 -1024 0 ) (0 -1024 0 ) (0 -882.064636 0 ) (88 -913.962036 0 ) 
4 526 559 (0 -882.064636 0 ) (0 -735.987976 0 ) (88 -735.987976 0 ) (88 -913.962036 0 ) 
4 527 696 (462.634247 -1024 0 ) (458.153748 -1024 0 ) (458.153809 -1024 -120 ) (462.634247 -1024 -120 ) 
4 527 685 (538.360596 -1024 0 ) (537.638733 -1024 0 ) (537.638733 -1024 -120 ) (538.361084 -1024 -120 ) 
4 527 683 (537.638733 -1024 0 ) (523.076660 -1024 0 ) (523.076782 -1024 -120 ) (537.638733 -1024 -120 ) 
4 527 682 (523.076660 -1024 0 ) (462.634247 -1024 0 ) (462.634247 -1024 -120 ) (523.076782 -1024 -120 ) 
4 527 577 (442.599365 -981.308044 -120 ) (458.154236 -1024 -120 ) (458.154297 -1024 0 ) (442.599426 -981.308044 0 ) 
4 527 533 (545 -943.988098 -120 ) (541.064575 -945.422546 -120 ) (541.064575 -945.422607 0 ) (545.002747 -943.987305 0 ) 
4 527 532 (541.064575 -945.422546 -120 ) (442.598419 -981.308716 -120 ) (442.598419 -981.308716 0 ) (541.064575 -945.422607 0 ) 
4 527 531 (570.898499 -934.549561 -120 ) (550.130493 -942.118469 -120 ) (550.130432 -942.118530 0 ) (570.897827 -934.549805 0 ) 
4 527 528 (539.868958 -1019.858521 -120 ) (570.901062 -934.546631 -120 ) (570.900391 -934.546875 0 ) (539.868225 -1019.858826 0 ) 
4 528 552 (882.936829 -894.924988 -120 ) (781.229126 -857.893860 -120 ) (781.230530 -857.893311 0 ) (882.938599 -894.924316 0 ) 
4 528 541 (592.687988 -926.608337 -120 ) (580.369995 -931.097656 -120 ) (580.370361 -931.097534 0 ) (592.688538 -926.608154 0 ) 
4 528 540 (731.481689 -876.024780 -120 ) (592.687988 -926.608337 -120 ) (592.688538 -926.608154 0 ) (731.481689 -876.024780 0 ) 
4 528 538 (781.236328 -857.891602 0 ) (781.236328 -857.891602 -120 ) (731.481689 -876.024780 -120 ) (731.481689 -876.024780 0 ) 
4 528 531 (580.369995 -931.097656 -120 ) (570.898499 -934.549561 -120 ) (570.897827 -934.549805 0 ) (580.370361 -931.097534 0 ) 
4 528 529 (545.003601 -1017.989868 -120 ) (882.941040 -894.925171 -120 ) (882.941040 -894.925171 0 ) (545.002502 -1017.990234 0 ) 
4 529 684 (1024 -1024 -120 ) (1024 -1024 0 ) (561.486084 -1024 0 ) (561.488281 -1024 -120 ) 
4 529 552 (1024 -946.285156 -120 ) (882.936829 -894.924988 -120 ) (882.938599 -894.924316 0 ) (1024 -946.283508 0 ) 
4 529 530 (550.126526 -1019.856079 -120 ) (561.492493 -1024 -120 ) (561.489990 -1024 0 ) (550.126892 -1019.857056 0 ) 
4 530 687 (552.362061 -1024 0 ) (551.638733 -1024 0 ) (551.638733 -1024 -120 ) (552.362061 -1024 -120 ) 
4 530 684 (561.486084 -1024 0 ) (552.362061 -1024 0 ) (552.362061 -1024 -120 ) (561.488281 -1024 -120 ) 
4 531 541 (580.370117 -931.095703 0 ) (580.369812 -931.095825 -120 ) (567.249146 -895.140747 -120 ) (567.249329 -895.140198 0 ) 
4 531 536 (556.011719 -925.978943 -120 ) (552 -936.988159 -120 ) (552 -936.989685 0 ) (556.011475 -925.979553 0 ) 
4 531 534 (567.250977 -895.134766 0 ) (567.250793 -895.135254 -120 ) (556.011719 -925.978943 -120 ) (556.011475 -925.979553 0 ) 
4 532 581 (382 -814.987305 -120 ) (383.431610 -818.915833 -120 ) (383.431519 -818.915527 0 ) (382 -814.987244 0 ) 
4 532 578 (374.977448 -795.712524 -120 ) (380.131836 -809.859253 -120 ) (380.131897 -809.859375 0 ) (374.977448 -795.712463 0 ) 
4 532 577 (383.431610 -818.915833 -120 ) (442.599365 -981.308044 -120 ) (442.599426 -981.308044 0 ) (383.431519 -818.915527 0 ) 
4 532 570 (338.963013 -696.867188 -120 ) (374.977448 -795.712524 -120 ) (374.977448 -795.712463 0 ) (338.963043 -696.867188 0 ) 
4 532 552 (467.799683 -743.776306 -120 ) (440.794281 -733.943787 -120 ) (440.794617 -733.943665 0 ) (467.799561 -743.775940 0 ) 
4 532 549 (369.874054 -708.122192 -120 ) (366.575500 -706.921204 -120 ) (366.575531 -706.921143 0 ) (369.873749 -708.122009 0 ) 
4 532 548 (386.002777 -713.994568 -120 ) (375 -709.988281 -120 ) (375 -709.988220 0 ) (386.002747 -713.994446 0 ) 
4 532 546 (440.794281 -733.943787 -120 ) (386.002777 -713.994568 -120 ) (386.002747 -713.994446 0 ) (440.794617 -733.943665 0 ) 
4 532 545 (366.575500 -706.921204 -120 ) (338.958984 -696.866211 -120 ) (338.958984 -696.866211 0 ) (366.575531 -706.921143 0 ) 
4 532 535 (538 -936.988220 -120 ) (536.571472 -933.056641 -120 ) (536.571594 -933.057007 0 ) (538 -936.988403 0 ) 
4 532 534 (536.571472 -933.056641 -120 ) (467.799347 -743.776245 -120 ) (467.799347 -743.776245 0 ) (536.571594 -933.057007 0 ) 
4 532 533 (541.064270 -945.422119 0 ) (541.064270 -945.422119 -120 ) (539.864929 -942.121155 -120 ) (539.864258 -942.119324 0 ) 
4 534 552 (518.788391 -762.340942 -120 ) (467.799683 -743.776306 -120 ) (467.799561 -743.775940 0 ) (518.788574 -762.340576 0 ) 
4 534 543 (541.073547 -823.410706 -120 ) (539.872559 -820.119629 -120 ) (539.873047 -820.119751 0 ) (541.073914 -823.410583 0 ) 
4 534 542 (545.011169 -834.201050 -120 ) (541.073547 -823.410706 -120 ) (541.073914 -823.410583 0 ) (545.011353 -834.200439 0 ) 
4 534 541 (567.249146 -895.140747 -120 ) (545.011169 -834.201050 -120 ) (545.011353 -834.200439 0 ) (567.249329 -895.140198 0 ) 
4 534 539 (538 -814.988098 -120 ) (533.978088 -803.966675 -120 ) (533.978516 -803.966797 0 ) (538 -814.987488 0 ) 
4 534 538 (533.978088 -803.966675 -120 ) (518.788452 -762.341919 -120 ) (518.788879 -762.342102 0 ) (533.978516 -803.966797 0 ) 
4 534 537 (544.996887 -929.986877 -120 ) (548.932617 -928.553833 -120 ) (548.931763 -928.554749 0 ) (544.997742 -929.987183 0 ) 
4 534 536 (548.932617 -928.553833 -120 ) (556.012451 -925.976013 -120 ) (556.012207 -925.976685 0 ) (548.931763 -928.554749 0 ) 
4 534 535 (536.570618 -933.055542 0 ) (536.570435 -933.055054 -120 ) (539.864502 -931.855652 -120 ) (539.864502 -931.856201 0 ) 
4 536 537 (548.933105 -928.557312 0 ) (548.933899 -928.556458 -120 ) (550.131958 -931.850586 -120 ) (550.130676 -931.850159 0 ) 
4 538 552 (781.229126 -857.893860 -120 ) (518.788391 -762.340942 -120 ) (518.788574 -762.340576 0 ) (781.230530 -857.893311 0 ) 
4 538 544 (541.058594 -806.549255 -120 ) (545 -807.987610 -120 ) (545 -807.987610 0 ) (541.058655 -806.549255 0 ) 
4 538 540 (550.130432 -809.859070 -120 ) (731.482849 -876.024963 -120 ) (731.482849 -876.024963 0 ) (550.131104 -809.859314 0 ) 
4 538 539 (533.980469 -803.966797 0 ) (533.980042 -803.966675 -120 ) (541.058594 -806.549255 -120 ) (541.058655 -806.549255 0 ) 
4 539 544 (539.860413 -809.856873 -120 ) (541.059570 -806.548828 -120 ) (541.059570 -806.548828 0 ) (539.860413 -809.856873 0 ) 
4 540 541 (552 -814.990356 -120 ) (592.685852 -926.607544 -120 ) (592.686340 -926.607361 0 ) (552 -814.989502 0 ) 
4 541 542 (550.129150 -820.129456 -120 ) (545.010803 -834.200256 -120 ) (545.010986 -834.199768 0 ) (550.129150 -820.129456 0 ) 
4 542 543 (544.998535 -821.987488 -120 ) (541.073242 -823.409851 -120 ) (541.073547 -823.409729 0 ) (544.998535 -821.987427 0 ) 
4 545 570 (85.058594 0 -120 ) (338.963013 -696.867188 -120 ) (338.963043 -696.867188 0 ) (85.058594 0 0 ) 
4 545 551 (369.859314 -697.857239 -120 ) (371.057007 -694.550232 -120 ) (371.057007 -694.550232 0 ) (369.858093 -697.860596 0 ) 
4 545 549 (366.577240 -706.919495 0 ) (366.577240 -706.919495 -120 ) (368 -702.989502 -120 ) (368 -702.989807 0 ) 
4 545 547 (371.057007 -694.550232 -120 ) (374.986053 -683.701538 -120 ) (374.986053 -683.701538 0 ) (371.057007 -694.550232 0 ) 
4 545 546 (374.986053 -683.701538 -120 ) (622.601135 0 -120 ) (622.601196 0 0 ) (374.986053 -683.701538 0 ) 
4 546 556 (544.998047 -695.987244 -120 ) (548.926697 -694.556274 -120 ) (548.927612 -694.555908 0 ) (544.997559 -695.987366 0 ) 
4 546 554 (525.789612 -702.983704 -120 ) (539.865417 -697.856750 -120 ) (539.867432 -697.855957 0 ) (525.789551 -702.983704 0 ) 
4 546 553 (548.926697 -694.556274 -120 ) (1024 -521.515869 -120 ) (1024 -521.515747 0 ) (548.927612 -694.555908 0 ) 
4 546 552 (440.796875 -733.941406 0 ) (440.796875 -733.941406 -120 ) (525.789612 -702.983704 -120 ) (525.789551 -702.983704 0 ) 
4 546 550 (382 -702.987366 -120 ) (383.429840 -706.918457 -120 ) (383.429840 -706.918457 0 ) (382 -702.987366 0 ) 
4 546 548 (383.429840 -706.918457 -120 ) (386.003021 -713.994080 -120 ) (386.003021 -713.994080 0 ) (383.429840 -706.918457 0 ) 
4 546 547 (374.984375 -683.695313 0 ) (374.984375 -683.695313 -120 ) (380.135834 -697.860657 -120 ) (380.135834 -697.860657 0 ) 
4 547 551 (371.053406 -694.549255 0 ) (371.053406 -694.549255 -120 ) (375 -695.988037 -120 ) (375.003845 -695.989502 0 ) 
4 548 550 (383.429230 -706.917419 0 ) (383.429230 -706.917419 -120 ) (380.132935 -708.117798 -120 ) (380.132935 -708.117798 0 ) 
4 552 558 (548.930542 -711.420410 -120 ) (545.006287 -709.989624 -120 ) (545.002991 -709.988464 0 ) (548.930481 -711.420471 0 ) 
4 552 557 (539.865662 -708.115295 -120 ) (536.572510 -706.914612 -120 ) (536.574036 -706.915222 0 ) (539.865662 -708.115356 0 ) 
4 552 555 (556.010620 -714.001831 -120 ) (548.930542 -711.420410 -120 ) (548.930481 -711.420471 0 ) (556.011719 -714.002319 0 ) 
4 552 554 (536.572510 -706.914612 -120 ) (525.792969 -702.984375 -120 ) (525.792969 -702.984375 0 ) (536.574036 -706.915222 0 ) 
4 552 553 (1024 -884.632813 -120 ) (556.010620 -714.001831 -120 ) (556.011719 -714.002319 0 ) (1024 -884.633301 0 ) 
4 553 556 (548.928162 -694.554993 0 ) (548.927307 -694.555298 -120 ) (550.130615 -697.858459 -120 ) (550.131836 -697.859253 0 ) 
4 553 555 (552 -702.989136 -120 ) (556.012512 -714.005432 -120 ) (556.013672 -714.005859 0 ) (552 -702.987793 0 ) 
4 554 557 (536.573853 -706.915588 0 ) (536.572266 -706.915039 -120 ) (538 -702.987793 -120 ) (538 -702.990234 0 ) 
4 555 558 (550.132935 -708.115723 -120 ) (548.929932 -711.420288 -120 ) (548.929932 -711.420288 0 ) (550.133911 -708.113037 0 ) 
4 559 944 (0 -610.902222 0 ) (0 -578.928711 0 ) (0 -578.928772 -120 ) (0 -610.902222 -120 ) 
4 559 943 (0 -882.064636 0 ) (0 -610.902222 0 ) (0 -610.902222 -120 ) (0 -882.058350 -120 ) 
4 559 941 (0 -578.928711 0 ) (0 0 0 ) (0 0 -120 ) (0 -578.928772 -120 ) 
4 559 696 (399.711304 -1024 0 ) (391.578217 -1024 0 ) (391.595612 -1024 -120 ) (399.711304 -1024 -120 ) 
4 559 569 (368 -936.987183 -120 ) (366.564636 -933.050537 -120 ) (366.565308 -933.050293 0 ) (368 -936.986877 0 ) 
4 559 566 (371.072662 -945.420044 -120 ) (369.868134 -942.114990 -120 ) (369.869446 -942.116455 0 ) (371.073273 -945.419678 0 ) 
4 559 565 (366.564636 -933.050537 -120 ) (26.516602 0 -120 ) (26.517578 0 0 ) (366.565308 -933.050293 0 ) 
4 559 564 (375.004517 -956.208557 -120 ) (371.072662 -945.420044 -120 ) (371.073273 -945.419678 0 ) (375.004608 -956.206848 0 ) 
4 559 563 (399.710938 -1024 -120 ) (375.004517 -956.208557 -120 ) (375.004608 -956.206848 0 ) (399.711639 -1024 0 ) 
4 559 562 (371.066559 -1016.559509 -120 ) (375.006439 -1017.987610 -120 ) (374.993317 -1017.988220 0 ) (371.064789 -1016.564270 0 ) 
4 559 561 (380.117004 -1019.840027 -120 ) (391.593750 -1024 -120 ) (391.578827 -1024 0 ) (380.118134 -1019.845825 0 ) 
4 559 560 (0 -882.058594 -120 ) (371.066559 -1016.559509 -120 ) (371.064789 -1016.564270 0 ) (0 -882.064453 0 ) 
4 560 943 (0 -1024 -120 ) (0 -1024 0 ) (0 -882.064636 0 ) (0 -882.058350 -120 ) 
4 560 695 (368.360077 -1024 0 ) (367.638916 -1024 0 ) (367.639526 -1024 -120 ) (368.360046 -1024 -120 ) 
4 560 691 (367.638916 -1024 0 ) (209.254196 -1024 0 ) (209.253067 -1024 -120 ) (367.639526 -1024 -120 ) 
4 560 690 (209.254196 -1024 0 ) (0 -1024 0 ) (0 -1024 -120 ) (209.253067 -1024 -120 ) 
4 560 562 (369.870758 -1019.848877 -120 ) (371.067444 -1016.558899 -120 ) (371.065430 -1016.564453 0 ) (369.872467 -1019.844177 0 ) 
4 561 696 (391.578217 -1024 0 ) (381.637024 -1024 0 ) (381.638031 -1024 -120 ) (391.595612 -1024 -120 ) 
4 563 696 (419 -1024 0 ) (399.711304 -1024 0 ) (399.711304 -1024 -120 ) (419 -1024 -120 ) 
4 563 577 (418.998047 -1024 -120 ) (384.665649 -929.667786 -120 ) (384.665314 -929.667114 0 ) (418.998047 -1024 0 ) 
4 563 568 (383.430847 -933.061584 -120 ) (382 -936.990112 -120 ) (382 -936.989319 0 ) (383.430084 -933.062012 0 ) 
4 563 567 (384.666870 -929.664429 0 ) (384.667053 -929.665527 -120 ) (383.430847 -933.061584 -120 ) (383.430084 -933.062012 0 ) 
4 563 564 (380.135071 -942.115417 -120 ) (375.005188 -956.207825 -120 ) (375.004883 -956.207031 0 ) (380.134369 -942.115723 0 ) 
4 564 566 (375.002960 -943.987366 -120 ) (371.073639 -945.420105 -120 ) (371.073639 -945.420105 0 ) (375.001648 -943.987854 0 ) 
4 565 577 (383.640472 -926.851013 -120 ) (355.497772 -849.525757 -120 ) (355.497681 -849.525940 0 ) (383.640381 -926.851013 0 ) 
4 565 576 (327.012299 -771.258667 -120 ) (324.269043 -763.721313 -120 ) (324.268799 -763.721252 0 ) (327.012024 -771.258545 0 ) 
4 565 574 (355.497772 -849.525757 -120 ) (327.012299 -771.258667 -120 ) (327.012024 -771.258545 0 ) (355.497681 -849.525940 0 ) 
4 565 572 (320 -751.989746 -120 ) (310.850586 -726.852539 -120 ) (310.850281 -726.852417 0 ) (320 -751.990173 0 ) 
4 565 571 (310.850586 -726.852539 -120 ) (46.311005 0 -120 ) (46.310177 0 0 ) (310.850281 -726.852417 0 ) 
4 565 569 (366.563629 -933.050354 0 ) (366.563629 -933.050354 -120 ) (369.862823 -931.852600 -120 ) (369.863495 -931.852356 0 ) 
4 565 567 (375.001190 -929.987122 -120 ) (383.641510 -926.850342 -120 ) (383.641693 -926.850281 0 ) (375 -929.987488 0 ) 
4 567 577 (384.665649 -929.667786 -120 ) (383.640472 -926.851013 -120 ) (383.640381 -926.851013 0 ) (384.665314 -929.667114 0 ) 
4 567 568 (380.135345 -931.858459 -120 ) (383.430695 -933.060364 -120 ) (383.429932 -933.060791 0 ) (380.135651 -931.859253 0 ) 
4 570 578 (371.450928 -805.453003 -120 ) (374.976593 -795.713196 -120 ) (374.976593 -795.713196 0 ) (371.450806 -805.453308 0 ) 
4 570 575 (352 -751.988403 -120 ) (355.269470 -760.975647 -120 ) (355.269257 -760.975525 0 ) (352 -751.988647 0 ) 
4 570 574 (355.269470 -760.975647 -120 ) (371.451263 -805.454773 -120 ) (371.451172 -805.455078 0 ) (355.269257 -760.975525 0 ) 
4 570 571 (78.421875 0 -120 ) (347.730286 -740.252502 -120 ) (347.730072 -740.252441 0 ) (78.421875 0 0 ) 
4 571 573 (327.001770 -732.722046 -120 ) (335.995361 -735.989685 -120 ) (335.996216 -735.989990 0 ) (327.001801 -732.722107 0 ) 
4 571 572 (310.851685 -726.854309 0 ) (310.851440 -726.854248 -120 ) (327.001770 -732.722046 -120 ) (327.001801 -732.722107 0 ) 
4 572 573 (324.259338 -740.269897 -120 ) (327.001953 -732.722656 -120 ) (327.001953 -732.722656 0 ) (324.259064 -740.270630 0 ) 
4 574 582 (366.577637 -818.915649 -120 ) (368 -814.987122 -120 ) (368 -814.987427 0 ) (366.577637 -818.915649 0 ) 
4 574 580 (369.856445 -809.857788 -120 ) (371.054138 -806.549133 -120 ) (371.054138 -806.549133 0 ) (369.856445 -809.857788 0 ) 
4 574 579 (364.016968 -825.989624 -120 ) (366.577637 -818.915649 -120 ) (366.577637 -818.915649 0 ) (364.017029 -825.989380 0 ) 
4 574 578 (371.054138 -806.549133 -120 ) (371.450928 -805.453003 -120 ) (371.450806 -805.453308 0 ) (371.054138 -806.549133 0 ) 
4 574 577 (355.498047 -849.523438 0 ) (355.497925 -849.523743 -120 ) (364.016968 -825.989624 -120 ) (364.017029 -825.989380 0 ) 
4 574 576 (335.998901 -767.987610 -120 ) (327.013184 -771.257507 -120 ) (327.013306 -771.257263 0 ) (335.998596 -767.987488 0 ) 
4 574 575 (355.269257 -760.974854 0 ) (355.269501 -760.974976 -120 ) (347.730713 -763.718384 -120 ) (347.730774 -763.718140 0 ) 
4 577 696 (458.153748 -1024 0 ) (419 -1024 0 ) (419 -1024 -120 ) (458.153809 -1024 -120 ) 
4 577 581 (383.432465 -818.914917 0 ) (383.432556 -818.915161 -120 ) (380.137085 -820.115845 -120 ) (380.137177 -820.115540 0 ) 
4 577 579 (375 -821.987732 -120 ) (364.015503 -825.989563 -120 ) (364.015625 -825.989258 0 ) (374.998871 -821.987610 0 ) 
4 578 580 (371.056732 -806.548828 0 ) (371.056732 -806.548828 -120 ) (375.001648 -807.987427 -120 ) (375.001648 -807.987427 0 ) 
4 579 582 (369.871216 -820.116150 -120 ) (366.576416 -818.914368 -120 ) (366.576416 -818.914368 0 ) (369.870941 -820.116028 0 ) 
4 583 961 (0 -1024 -288.299988 ) (0 -1024 -166 ) (0 0 -166 ) (0 0 -288.299988 ) 
4 583 700 (1024 -1024 -288.299988 ) (1024 -1024 -166 ) (0 -1024 -166 ) (0 -1024 -288.299988 ) 
4 584 701 (3072 -2048 0 ) (3072 -2048 620.299988 ) (2048 -2048 620.299988 ) (2048 -2048 0 ) 
4 584 587 (2048 -2048 0 ) (2048 -2048 620.299988 ) (2048 -1024 620.299988 ) (2048 -1024 0 ) 
4 584 585 (3072 -2048 0 ) (2048 -2048 0 ) (2048 -1024 0 ) (3072 -1024 0 ) 
4 585 702 (3072 -2048 -120 ) (3072 -2048 0 ) (2048 -2048 0 ) (2048 -2048 -120 ) 
4 585 588 (2048 -2048 -120 ) (2048 -2048 0 ) (2048 -1024 0 ) (2048 -1024 -120 ) 
4 586 703 (3072 -2048 -288.299988 ) (3072 -2048 -166 ) (2048 -2048 -166 ) (2048 -2048 -288.299988 ) 
4 586 589 (2048 -2048 -288.299988 ) (2048 -2048 -166 ) (2048 -1024 -166 ) (2048 -1024 -288.299988 ) 
4 587 705 (2048 -2048 0 ) (2048 -2048 620.299988 ) (1024 -2048 620.299988 ) (1024 -2048 0 ) 
4 587 614 (1024 -1024 81 ) (1024 -1024 0 ) (1024 -2048 0 ) (1024 -2048 81 ) 
4 587 612 (1024 -1028.989990 81 ) (1024 -1042.989990 81 ) (1024 -1042.989990 242 ) (1024 -1028.989990 242 ) 
4 587 613 (1024 -1042.989990 81 ) (1024 -2048 81 ) (1024 -2048 242 ) (1024 -1042.989990 242 ) 
4 587 610 (1024 -1024 83 ) (1024 -1024 81 ) (1024 -1028.989990 81 ) (1024 -1028.989990 83 ) 
4 587 609 (1024 -1024 242 ) (1024 -1024 83 ) (1024 -1028.989990 83 ) (1024 -1028.989990 242 ) 
4 587 590 (1024 -1024 620.299988 ) (1024 -1024 242 ) (1024 -1044.989990 242 ) (1024 -1044.989990 620.299988 ) 
4 587 607 (1024 -1044.989990 242 ) (1024 -2048 242 ) (1024 -2048 620.299988 ) (1024 -1044.989990 620.299988 ) 
4 587 588 (2048 -2048 0 ) (1024 -2048 0 ) (1024 -1024 0 ) (2048 -1024 0 ) 
4 588 706 (2048 -2048 -120 ) (2048 -2048 0 ) (1024 -2048 0 ) (1024 -2048 -120 ) 
4 588 684 (1024 -1024 0 ) (1024 -1024 -120 ) (1024 -1206.562378 -120 ) (1024 -1206.562378 0 ) 
4 588 682 (1024 -1206.562378 -120 ) (1024 -2048 -120 ) (1024 -2048 0 ) (1024 -1206.562378 0 ) 
4 589 707 (2048 -2048 -288.299988 ) (2048 -2048 -166 ) (1024 -2048 -166 ) (1024 -2048 -288.299988 ) 
4 589 700 (1024 -1024 -166 ) (1024 -1024 -288.299988 ) (1024 -2048 -288.299988 ) (1024 -2048 -166 ) 
4 590 642 (364.100037 -1044.989990 620.299988 ) (364.100037 -1024 620.299988 ) (364.100037 -1024 393.564636 ) (364.100037 -1044.989990 393.564636 ) 
4 590 612 (1024 -1028.989990 242 ) (1024 -1042.989990 242 ) (561.709595 -1042.989990 242 ) (561.709595 -1028.989990 242 ) 
4 590 613 (1024 -1042.989990 242 ) (1024 -1044.989990 242 ) (561.709595 -1044.989990 242 ) (561.709595 -1042.989990 242 ) 
4 590 609 (561.709595 -1024 242 ) (1024 -1024 242 ) (1024 -1028.989990 242 ) (561.709595 -1028.989990 242 ) 
4 590 600 (456.101990 -1044.989990 323.001038 ) (364.100037 -1044.989990 393.565643 ) (364.100037 -1024 393.565643 ) (456.101990 -1024 323.001038 ) 
4 590 599 (548.101990 -1044.989990 252.437943 ) (456.101990 -1044.989990 323.001038 ) (456.101990 -1042.989990 323.001038 ) (548.101990 -1042.989990 252.437943 ) 
4 590 593 (559.099426 -1044.989990 244.003021 ) (548.101990 -1044.989990 252.437943 ) (548.101990 -1042.989990 252.437943 ) (559.099426 -1042.989990 244.003006 ) 
4 590 591 (561.710938 -1044.989990 242 ) (559.099426 -1044.989990 244.003021 ) (559.099609 -1024 244.002853 ) (561.710938 -1024 242 ) 
5 590 607 (561.709595 -1044.989990 242 ) (1024 -1044.989990 242 ) (1024 -1044.989990 620.299988 ) (364.100037 -1044.989990 620.299988 ) (364.100037 -1044.989990 393.564636 ) 
4 591 612 (561.709595 -1028.989990 242 ) (561.709595 -1042.989990 242 ) (558.098511 -1042.989990 242 ) (558.098694 -1028.989990 242 ) 
4 591 613 (561.709595 -1042.989990 242 ) (561.709595 -1044.989990 242 ) (558.098450 -1044.989990 242 ) (558.098511 -1042.989990 242 ) 
4 591 609 (558.098755 -1024 242 ) (561.709595 -1024 242 ) (561.709595 -1028.989990 242 ) (558.098694 -1028.989990 242 ) 
4 591 593 (558.099609 -1042.989990 242 ) (558.099609 -1044.989990 242 ) (559.098938 -1044.989990 244.002151 ) (559.098938 -1042.989990 244.002136 ) 
3 591 607 (558.098450 -1044.989990 242 ) (561.709595 -1044.989990 242 ) (559.099060 -1044.989990 244.002258 ) 
4 592 611 (554.478577 -1028.989990 242 ) (554.478577 -1042.989990 242 ) (548.101990 -1042.989990 242 ) (548.101990 -1028.989990 242 ) 
4 592 608 (548.101990 -1024 242 ) (554.478577 -1024 242 ) (554.478577 -1028.989990 242 ) (548.101990 -1028.989990 242 ) 
4 592 598 (548.101990 -1035.989990 242 ) (548.101990 -1042.989990 242 ) (548.101990 -1042.989990 246.861328 ) (548.101990 -1035.989990 246.861328 ) 
4 592 597 (548.101990 -1028.989990 242 ) (548.101990 -1035.989990 242 ) (548.101990 -1035.989990 246.861328 ) (548.101990 -1028.989990 246.861328 ) 
3 592 593 (548.101990 -1042.989990 246.861328 ) (548.101990 -1042.989990 242 ) (554.478577 -1042.989990 242 ) 
4 593 613 (558.098450 -1042.989990 242 ) (558.098450 -1044.989990 242 ) (548.101990 -1044.989990 242 ) (548.101990 -1042.989990 242 ) 
4 593 599 (548.101990 -1042.989990 242 ) (548.101990 -1044.989990 242 ) (548.101990 -1044.989990 252.435272 ) (548.101990 -1042.989990 252.435272 ) 
4 593 607 (548.101990 -1044.989990 242 ) (558.098450 -1044.989990 242 ) (559.099060 -1044.989990 244.002258 ) (548.101990 -1044.989990 252.436905 ) 
4 594 601 (456.101990 -1028.989990 290 ) (456.101990 -1028.989990 305 ) (456.101990 -1024 305 ) (456.101990 -1024 290 ) 
4 594 597 (456.101990 -1028.989990 305 ) (456.101990 -1028.989990 290 ) (484.007477 -1028.989990 290 ) (464.087311 -1028.989990 305 ) 
4 595 602 (456.101990 -1028.989990 247 ) (456.101990 -1028.989990 285 ) (456.101990 -1024 285 ) (456.101990 -1024 247 ) 
4 595 597 (456.101990 -1028.989990 285 ) (456.101990 -1028.989990 247 ) (541.111938 -1028.989990 247 ) (490.647461 -1028.989990 285 ) 
4 596 603 (456.101990 -1035.989990 311 ) (456.101990 -1035.989990 317 ) (456.101990 -1028.989990 317 ) (456.101990 -1028.989990 311 ) 
4 596 598 (456.101990 -1035.989990 317 ) (456.101990 -1035.989990 311 ) (464.101959 -1035.989990 305 ) (471.842194 -1035.989990 305 ) 
4 596 597 (471.842224 -1035.989990 305 ) (464.101959 -1035.989990 305 ) (464.101959 -1028.989990 305 ) (471.842224 -1028.989990 305 ) 
4 597 611 (548.101990 -1028.989990 242 ) (548.101990 -1035.989990 242 ) (456.101990 -1035.989990 242 ) (456.101990 -1028.989990 242 ) 
4 597 605 (456.101990 -1028.989990 242 ) (456.101990 -1035.989990 242 ) (456.101990 -1035.989990 305 ) (456.101990 -1028.989990 305 ) 
5 597 598 (456.101990 -1035.989990 305 ) (456.101990 -1035.989990 242 ) (548.101990 -1035.989990 242 ) (548.101990 -1035.989990 246.861343 ) (471.842194 -1035.989990 305 ) 
4 598 611 (548.101990 -1035.989990 242 ) (548.101990 -1042.989990 242 ) (456.101990 -1042.989990 242 ) (456.101990 -1035.989990 242 ) 
4 598 606 (456.101990 -1035.989990 242 ) (456.101990 -1042.989990 242 ) (456.101990 -1042.989990 317 ) (456.101990 -1035.989990 317 ) 
4 598 599 (456.101990 -1042.989990 317 ) (456.101990 -1042.989990 242 ) (548.101990 -1042.989990 242 ) (548.101990 -1042.989990 246.861343 ) 
4 599 613 (548.101990 -1042.989990 242 ) (548.101990 -1044.989990 242 ) (456.101990 -1044.989990 242 ) (456.101990 -1042.989990 242 ) 
4 599 606 (456.101990 -1042.989990 242 ) (456.101990 -1044.989990 242 ) (456.101990 -1044.989990 317 ) (456.101990 -1042.989990 317 ) 
4 599 607 (456.101990 -1044.989990 242 ) (548.101990 -1044.989990 242 ) (548.101990 -1044.989990 252.436905 ) (456.101990 -1044.989990 323 ) 
4 600 642 (364.100037 -1024 393.564636 ) (364.100037 -1024 252.436768 ) (364.100037 -1044.989990 252.436768 ) (364.100037 -1044.989990 393.564636 ) 
3 600 607 (456.101990 -1044.989990 323 ) (364.100037 -1044.989990 393.564636 ) (364.100037 -1044.989990 252.436768 ) 
4 601 605 (456.101990 -1028.989990 290 ) (456.101990 -1028.989990 305 ) (448.133881 -1028.989990 305 ) (428.213654 -1028.989990 290 ) 
4 602 605 (456.101990 -1028.989990 247 ) (456.101990 -1028.989990 285 ) (421.573608 -1028.989990 285 ) (371.108978 -1028.989990 247 ) 
3 603 606 (456.101990 -1035.989990 311 ) (456.101990 -1035.989990 317 ) (452.133942 -1035.989990 313.974945 ) 
4 603 604 (452.135223 -1035.989990 313.974945 ) (452.135284 -1028.989990 313.974945 ) (456.101990 -1028.989990 311 ) (456.101990 -1035.989990 311 ) 
4 604 606 (456.100006 -1035.989990 311 ) (452.133942 -1035.989990 313.974945 ) (440.361267 -1035.989990 305 ) (448.105988 -1035.989990 305 ) 
4 604 605 (448.106018 -1035.989990 305 ) (440.359467 -1035.989990 305 ) (440.359497 -1028.989990 305 ) (448.106049 -1028.989990 305 ) 
4 605 643 (364.100037 -1028.989990 242 ) (364.100037 -1035.989990 242 ) (364.100037 -1035.989990 246.861938 ) (364.100037 -1028.989990 246.861893 ) 
4 605 611 (364.100037 -1035.989990 242 ) (364.100037 -1028.989990 242 ) (456.101990 -1028.989990 242 ) (456.101990 -1035.989990 242 ) 
5 605 606 (456.101990 -1035.989990 242 ) (456.101990 -1035.989990 305 ) (440.361267 -1035.989990 305 ) (364.100037 -1035.989990 246.861938 ) (364.100037 -1035.989990 242 ) 
4 606 643 (364.100037 -1035.989990 242 ) (364.100037 -1044.989990 242 ) (364.100037 -1044.989990 246.861969 ) (364.100037 -1035.989990 246.861938 ) 
4 606 611 (364.100037 -1042.989990 242 ) (364.100037 -1035.989990 242 ) (456.101990 -1035.989990 242 ) (456.101990 -1042.989990 242 ) 
4 606 613 (364.100037 -1044.989990 242 ) (364.100037 -1042.989990 242 ) (456.101990 -1042.989990 242 ) (456.101990 -1044.989990 242 ) 
4 606 607 (364.100037 -1044.989990 242 ) (456.101990 -1044.989990 242 ) (456.101990 -1044.989990 317 ) (364.100037 -1044.989990 246.861969 ) 
4 607 709 (1024 -2048 242 ) (1024 -2048 620.299988 ) (364.100037 -2048 620.299988 ) (364.100037 -2048 242 ) 
4 607 654 (364.100037 -2048 242 ) (364.100037 -2048 620.299988 ) (364.100037 -1183.989990 620.299988 ) (364.100037 -1183.989990 242 ) 
4 607 645 (364.100037 -1183.989990 620.299988 ) (364.100037 -1044.989990 620.299988 ) (364.100037 -1044.989990 242 ) (364.100037 -1183.989990 242 ) 
4 607 613 (1024 -2048 242 ) (364.100037 -2048 242 ) (364.100037 -1044.989990 242 ) (1024 -1044.989990 242 ) 
4 608 611 (554.478516 -1028.989990 242 ) (548.101990 -1028.989990 242 ) (548.101990 -1028.989990 83 ) (763.036987 -1028.989990 83 ) 
4 608 610 (763.036987 -1028.989990 83 ) (548.101990 -1028.989990 83 ) (548.101990 -1024 83 ) (763.036987 -1024 83 ) 
4 608 609 (557.100647 -1028.989990 240.002914 ) (763.039307 -1028.989990 83 ) (763.039307 -1024 83 ) (557.100708 -1024 240.002869 ) 
5 609 612 (1024 -1028.989990 83 ) (1024 -1028.989990 242 ) (558.098633 -1028.989990 242 ) (557.099915 -1028.989990 240.001511 ) (763.036987 -1028.989990 83 ) 
4 609 610 (1024 -1028.989990 83 ) (763.036987 -1028.989990 83 ) (763.036987 -1024 83 ) (1024 -1024 83 ) 
3 610 616 (551.638733 -1024 81 ) (552.361938 -1024 81 ) (552 -1024.989990 81 ) 
4 610 614 (552.361938 -1024 81 ) (1024 -1024 81 ) (1024 -1028.989990 81 ) (550.537231 -1028.989990 81 ) 
4 610 612 (765.660339 -1028.989990 81 ) (1024 -1028.989990 81 ) (1024 -1028.989990 83 ) (763.036987 -1028.989990 83 ) 
4 610 611 (548.101990 -1028.989990 81 ) (765.660339 -1028.989990 81 ) (763.036987 -1028.989990 83 ) (548.101990 -1028.989990 83 ) 
4 611 648 (364.100037 -1028.989990 216 ) (364.100037 -1028.989990 81 ) (364.100037 -1042.989990 81 ) (364.100037 -1042.989990 216 ) 
4 611 643 (364.100037 -1042.989990 242 ) (364.100037 -1028.989990 242 ) (364.100037 -1028.989990 216 ) (364.100037 -1042.989990 216 ) 
4 611 639 (364.100037 -1033.989990 81 ) (364.100037 -1032.989990 81 ) (548.101990 -1032.989990 81 ) (548.101990 -1033.989990 81 ) 
4 611 633 (375.001068 -1031.990356 81 ) (372.259216 -1032.989990 81 ) (370.912109 -1032.989990 81 ) (369.866730 -1030.119141 81 ) 
3 611 632 (380.130951 -1030.120117 81 ) (379.084229 -1032.989990 81 ) (372.259216 -1032.989990 81 ) 
4 611 631 (380.543121 -1028.989990 81 ) (395.100037 -1028.989990 81 ) (395.100037 -1032.989990 81 ) (379.084229 -1032.989990 81 ) 
4 611 630 (364.100037 -1032.989990 81 ) (364.100037 -1028.989990 81 ) (369.455566 -1028.989990 81 ) (370.912109 -1032.989990 81 ) 
3 611 620 (536.768555 -1028.989990 81 ) (539.459595 -1028.989990 81 ) (539.872437 -1030.121216 81 ) 
5 611 619 (395.100037 -1028.989990 81 ) (536.768555 -1028.989990 81 ) (545 -1031.989990 81 ) (542.258728 -1032.989990 81 ) (395.100037 -1032.989990 81 ) 
3 611 617 (548.101990 -1030.858276 81 ) (548.101990 -1032.989990 81 ) (542.258728 -1032.989990 81 ) 
4 611 641 (364.100037 -1042.989990 81 ) (364.100037 -1033.989990 81 ) (548.101990 -1033.989990 81 ) (548.101990 -1042.989990 81 ) 
3 611 615 (550.123718 -1030.120728 81 ) (548.101990 -1035.649292 81 ) (548.101990 -1030.858276 81 ) 
5 611 614 (550.537231 -1028.989990 81 ) (765.660400 -1028.989990 81 ) (765.660400 -1042.989990 81 ) (548.101990 -1042.989990 81 ) (548.101990 -1035.649292 81 ) 
4 611 612 (765.660156 -1028.989990 81 ) (557.099915 -1028.989990 240.001419 ) (557.099243 -1042.989990 240 ) (765.660156 -1042.989990 81 ) 
4 611 613 (364.100037 -1042.989990 81 ) (765.660400 -1042.989990 81 ) (554.478577 -1042.989990 242 ) (364.100037 -1042.989990 242 ) 
4 612 614 (765.660400 -1028.989990 81 ) (1024 -1028.989990 81 ) (1024 -1042.989990 81 ) (765.660400 -1042.989990 81 ) 
5 612 613 (765.660400 -1042.989990 81 ) (1024 -1042.989990 81 ) (1024 -1042.989990 242 ) (558.098511 -1042.989990 242 ) (557.099792 -1042.989990 240.001633 ) 
4 613 709 (1024 -2048 81 ) (1024 -2048 242 ) (364.100037 -2048 242 ) (364.100037 -2048 81 ) 
4 613 655 (364.100037 -2048 81 ) (364.100037 -2048 240 ) (364.100037 -1183.989990 240 ) (364.100037 -1183.989990 81 ) 
4 613 654 (364.100037 -2048 240 ) (364.100037 -2048 242 ) (364.100037 -1183.989990 242 ) (364.100037 -1183.989990 240 ) 
4 613 648 (364.100037 -1042.989990 216 ) (364.100037 -1042.989990 81 ) (364.100037 -1183.989990 81 ) (364.100037 -1183.989990 216 ) 
4 613 643 (364.100037 -1044.989990 242 ) (364.100037 -1042.989990 242 ) (364.100037 -1042.989990 216 ) (364.100037 -1044.989990 216 ) 
4 613 645 (364.100037 -1183.989990 242 ) (364.100037 -1044.989990 242 ) (364.100037 -1044.989990 216 ) (364.100037 -1183.989990 216 ) 
4 613 641 (364.100037 -2048 81 ) (364.100037 -1042.989990 81 ) (548.101990 -1042.989990 81 ) (548.101990 -2048 81 ) 
4 613 614 (548.101990 -1042.989990 81 ) (1024 -1042.989990 81 ) (1024 -2048 81 ) (548.101990 -2048 81 ) 
4 614 709 (548.101990 -2048 0 ) (1024 -2048 0 ) (1024 -2048 81 ) (548.101990 -2048 81 ) 
4 614 684 (548.917969 -1033.417847 0 ) (552.361938 -1024 0 ) (1024 -1024 0 ) (1024 -1206.562378 0 ) 
5 614 682 (1024 -2048 0 ) (548.101990 -2048 0 ) (548.101990 -1035.649170 0 ) (548.917969 -1033.417847 0 ) (1024 -1206.562378 0 ) 
4 614 641 (548.101990 -1035.649292 0 ) (548.101990 -2048 0 ) (548.101990 -2048 81 ) (548.101990 -1035.649170 81 ) 
4 614 616 (552.361694 -1024 0 ) (552 -1024.989502 0 ) (552 -1024.989502 81 ) (552.361694 -1024 81 ) 
4 614 615 (550.123352 -1030.120972 0 ) (548.101990 -1035.648438 0 ) (548.101990 -1035.648438 81 ) (550.123352 -1030.120972 81 ) 
4 615 686 (548.101990 -1033.120483 0 ) (548.101990 -1030.858276 0 ) (550.123657 -1030.120850 0 ) (548.917969 -1033.417847 0 ) 
3 615 682 (548.101990 -1035.649170 0 ) (548.101990 -1033.120483 0 ) (548.917969 -1033.417847 0 ) 
4 615 639 (548.101990 -1033.989990 78 ) (548.101990 -1033.989990 81 ) (548.101990 -1032.989990 81 ) (548.101990 -1032.989990 78 ) 
4 615 640 (548.101990 -1032.989990 0 ) (548.101990 -1033.989990 0 ) (548.101990 -1033.989990 73 ) (548.101990 -1032.989990 73 ) 
4 615 617 (548.101990 -1032.989990 78 ) (548.101990 -1032.989990 81 ) (548.101990 -1030.858276 81 ) (548.101990 -1030.858276 78 ) 
4 615 618 (548.101990 -1030.858276 0 ) (548.101990 -1032.989990 0 ) (548.101990 -1032.989990 73 ) (548.101990 -1030.858276 73 ) 
4 615 641 (548.101990 -1033.989990 0 ) (548.101990 -1035.649292 0 ) (548.101990 -1035.649170 81 ) (548.101990 -1033.989990 81 ) 
3 616 687 (551.638733 -1024 0 ) (552.361938 -1024 0 ) (552 -1024.989868 0 ) 
4 617 639 (548.101990 -1032.989990 78 ) (548.101990 -1032.989990 81 ) (542.258728 -1032.989990 81 ) (542.258728 -1032.989990 78 ) 
4 617 619 (545 -1031.989990 78 ) (542.257813 -1032.989990 78 ) (542.257813 -1032.989990 81 ) (545 -1031.989990 81 ) 
4 618 686 (548.101990 -1030.858276 0 ) (548.101990 -1032.989990 0 ) (547.743896 -1032.989990 0 ) (545 -1031.989990 0 ) 
3 618 682 (547.743896 -1032.989990 0 ) (542.258728 -1032.989990 0 ) (545 -1031.989990 0 ) 
4 618 640 (548.101990 -1032.989990 0 ) (548.101990 -1032.989990 73 ) (542.258728 -1032.989990 73 ) (542.258728 -1032.989990 0 ) 
4 618 621 (545 -1031.989990 0 ) (542.257813 -1032.989990 0 ) (542.257813 -1032.989990 73 ) (545 -1031.989990 73 ) 
4 619 639 (542.258728 -1032.989990 81 ) (395.100037 -1032.989990 81 ) (395.100037 -1032.989990 78 ) (542.258728 -1032.989990 78 ) 
4 619 631 (395.100037 -1032.989990 78 ) (395.100037 -1032.989990 81 ) (395.100037 -1028.989990 81 ) (395.100037 -1028.989990 78 ) 
4 619 620 (539.872314 -1030.120972 78 ) (536.767578 -1028.989990 78 ) (536.767578 -1028.989990 81 ) (539.872314 -1030.120972 81 ) 
4 621 682 (545 -1031.989990 0 ) (542.258728 -1032.989990 0 ) (536.101990 -1032.989990 0 ) (536.101990 -1028.747070 0 ) 
4 621 640 (536.101990 -1032.989990 0 ) (542.258728 -1032.989990 0 ) (542.258728 -1032.989990 73 ) (536.101990 -1032.989990 73 ) 
4 621 624 (536.101990 -1028.747070 0 ) (536.101990 -1032.989990 0 ) (536.101990 -1032.989990 61 ) (536.101990 -1028.747070 61 ) 
4 621 622 (536.101990 -1028.746094 0 ) (536.101990 -1028.746094 73 ) (539.872009 -1030.120117 73 ) (539.872009 -1030.120117 0 ) 
4 622 683 (536.101990 -1024 0 ) (537.638733 -1024 0 ) (539.872437 -1030.121216 0 ) (536.101990 -1028.747070 0 ) 
4 622 624 (536.101990 -1024 0 ) (536.101990 -1028.747070 0 ) (536.101990 -1028.747070 61 ) (536.101990 -1024 61 ) 
4 622 623 (538 -1024.990112 0 ) (537.639099 -1024 0 ) (537.639099 -1024 73 ) (538 -1024.989624 73 ) 
3 623 685 (537.638733 -1024 0 ) (538.360535 -1024 0 ) (538 -1024.990601 0 ) 
3 624 683 (523.076660 -1024 0 ) (536.101990 -1024 0 ) (536.101990 -1028.747070 0 ) 
5 624 682 (517.101990 -1024 0 ) (523.076660 -1024 0 ) (536.101990 -1028.747070 0 ) (536.101990 -1032.989990 0 ) (517.101990 -1032.989990 0 ) 
4 624 640 (517.101990 -1032.989990 0 ) (536.101990 -1032.989990 0 ) (536.101990 -1032.989990 61 ) (517.101990 -1032.989990 61 ) 
4 624 625 (517.101990 -1024 0 ) (517.101990 -1032.989990 0 ) (517.101990 -1032.989990 61 ) (517.101990 -1024 61 ) 
4 625 696 (395.100037 -1024 0 ) (462.634216 -1024 0 ) (459.362427 -1032.989990 0 ) (395.100037 -1032.989990 0 ) 
4 625 682 (462.634216 -1024 0 ) (517.101990 -1024 0 ) (517.101990 -1032.989990 0 ) (459.362427 -1032.989990 0 ) 
4 625 640 (395.100037 -1032.989990 73 ) (395.100037 -1032.989990 0 ) (517.101990 -1032.989990 0 ) (517.101990 -1032.989990 73 ) 
4 625 634 (395.100037 -1028.989990 0 ) (395.100037 -1032.989990 0 ) (395.100037 -1032.989990 61 ) (395.100037 -1028.989990 61 ) 
4 625 626 (395.100037 -1024 0 ) (395.100037 -1028.989990 0 ) (395.100037 -1028.989990 61 ) (395.100037 -1024 61 ) 
4 626 696 (381.637054 -1024 0 ) (395.100037 -1024 0 ) (395.100037 -1028.989990 0 ) (383.461548 -1028.989990 0 ) 
4 626 634 (395.100037 -1028.989990 0 ) (395.100037 -1028.989990 61 ) (383.461060 -1028.989990 61 ) (383.461548 -1028.989990 0 ) 
4 626 627 (383.461548 -1028.989990 0 ) (383.461029 -1028.989990 61 ) (382 -1024.993774 61 ) (382 -1024.992310 0 ) 
3 627 697 (382 -1024.993042 0 ) (383.461548 -1028.989990 0 ) (380.542358 -1028.989990 0 ) 
4 627 634 (380.542358 -1028.989990 0 ) (383.461548 -1028.989990 0 ) (383.461060 -1028.989990 61 ) (380.542908 -1028.989990 61 ) 
4 628 691 (364.100037 -1028.989990 0 ) (364.100037 -1024 0 ) (367.638947 -1024 0 ) (369.455963 -1028.989990 0 ) 
4 628 652 (364.100037 -1024 0 ) (364.100037 -1028.989990 0 ) (364.100037 -1028.989990 64 ) (364.100037 -1024 64 ) 
4 628 648 (364.100037 -1028.989990 64 ) (364.100037 -1028.989990 73 ) (364.100037 -1024 73 ) (364.100037 -1024 64 ) 
4 628 636 (364.100037 -1028.989990 73 ) (364.100037 -1028.989990 0 ) (369.455963 -1028.989990 0 ) (369.455597 -1028.989990 73 ) 
4 628 629 (368 -1024.991089 0 ) (367.638763 -1024 0 ) (367.638397 -1024 73 ) (368 -1024.991577 73 ) 
3 629 695 (367.638947 -1024 0 ) (368.360107 -1024 0 ) (368 -1024.990845 0 ) 
4 630 648 (364.100037 -1032.989990 78 ) (364.100037 -1032.989990 81 ) (364.100037 -1028.989990 81 ) (364.100037 -1028.989990 78 ) 
4 630 639 (370.912109 -1032.989990 81 ) (364.100037 -1032.989990 81 ) (364.100037 -1032.989990 78 ) (370.912109 -1032.989990 78 ) 
4 630 633 (370.911652 -1032.989990 81 ) (370.911652 -1032.989990 78 ) (369.866150 -1030.118896 78 ) (369.866150 -1030.118896 81 ) 
4 631 639 (395.100037 -1032.989990 81 ) (379.084229 -1032.989990 81 ) (379.084198 -1032.989990 78 ) (395.100037 -1032.989990 78 ) 
4 631 632 (380.130737 -1030.120117 78 ) (379.083771 -1032.989990 78 ) (379.083801 -1032.989990 81 ) (380.130768 -1030.120117 81 ) 
4 632 639 (379.084229 -1032.989990 81 ) (372.259216 -1032.989990 81 ) (372.259216 -1032.989990 78 ) (379.084198 -1032.989990 78 ) 
4 632 633 (375 -1031.990234 78 ) (372.259094 -1032.989990 78 ) (372.259125 -1032.989990 81 ) (375 -1031.990234 81 ) 
4 633 639 (372.259216 -1032.989990 81 ) (370.912109 -1032.989990 81 ) (370.912109 -1032.989990 78 ) (372.259216 -1032.989990 78 ) 
4 634 697 (380.542358 -1028.989990 0 ) (383.461548 -1028.989990 0 ) (384.924072 -1032.989990 0 ) (379.083435 -1032.989990 0 ) 
4 634 696 (383.461548 -1028.989990 0 ) (395.100037 -1028.989990 0 ) (395.100037 -1032.989990 0 ) (384.924072 -1032.989990 0 ) 
4 634 640 (379.083435 -1032.989990 0 ) (395.100037 -1032.989990 0 ) (395.100037 -1032.989990 61 ) (379.084015 -1032.989990 61 ) 
4 634 635 (379.082672 -1032.989990 0 ) (379.083282 -1032.989990 61 ) (380.129852 -1030.120361 61 ) (380.129272 -1030.120361 0 ) 
4 635 698 (380.130188 -1030.120117 0 ) (379.083435 -1032.989990 0 ) (376.100037 -1032.989990 0 ) (376.100037 -1031.589478 0 ) 
4 635 640 (376.100037 -1032.989990 0 ) (379.083435 -1032.989990 0 ) (379.084015 -1032.989990 61 ) (376.100037 -1032.989990 61 ) 
4 635 637 (376.100037 -1032.989990 0 ) (376.100037 -1032.989990 61 ) (376.100037 -1031.589722 61 ) (376.100037 -1031.589478 0 ) 
4 636 691 (364.100037 -1032.989990 0 ) (364.100037 -1028.989990 0 ) (369.455963 -1028.989990 0 ) (370.912506 -1032.989990 0 ) 
4 636 652 (364.100037 -1028.989990 0 ) (364.100037 -1032.989990 0 ) (364.100037 -1032.989990 64 ) (364.100037 -1028.989990 64 ) 
4 636 648 (364.100037 -1032.989990 64 ) (364.100037 -1032.989990 73 ) (364.100037 -1028.989990 73 ) (364.100037 -1028.989990 64 ) 
4 636 640 (364.100037 -1032.989990 73 ) (364.100037 -1032.989990 0 ) (370.912506 -1032.989990 0 ) (370.912140 -1032.989990 73 ) 
4 636 638 (369.868408 -1030.119751 73 ) (370.913544 -1032.989990 73 ) (370.913910 -1032.989990 0 ) (369.868835 -1030.119873 0 ) 
3 637 698 (376.100037 -1031.589478 0 ) (376.100037 -1032.989990 0 ) (372.258575 -1032.989990 0 ) 
4 637 640 (372.258575 -1032.989990 0 ) (376.100037 -1032.989990 0 ) (376.100037 -1032.989990 73 ) (372.259277 -1032.989990 73 ) 
4 637 638 (375 -1031.990356 0 ) (372.259033 -1032.989990 0 ) (372.259766 -1032.989990 73 ) (375.001282 -1031.990479 73 ) 
4 638 699 (375 -1031.990234 0 ) (372.258575 -1032.989990 0 ) (370.912506 -1032.989990 0 ) (369.867188 -1030.119263 0 ) 
4 638 640 (370.912506 -1032.989990 0 ) (372.258575 -1032.989990 0 ) (372.259277 -1032.989990 73 ) (370.912140 -1032.989990 73 ) 
4 639 648 (364.100037 -1033.989990 78 ) (364.100037 -1033.989990 81 ) (364.100037 -1032.989990 81 ) (364.100037 -1032.989990 78 ) 
4 639 641 (548.101990 -1033.989990 78 ) (548.101990 -1033.989990 81 ) (364.100037 -1033.989990 81 ) (364.100037 -1033.989990 78 ) 
3 640 699 (370.912506 -1032.989990 0 ) (372.258545 -1032.989990 0 ) (371.070251 -1033.423218 0 ) 
5 640 698 (372.258545 -1032.989990 0 ) (379.083466 -1032.989990 0 ) (378.718781 -1033.989990 0 ) (371.276642 -1033.989990 0 ) (371.070251 -1033.423218 0 ) 
4 640 697 (379.083466 -1032.989990 0 ) (384.924072 -1032.989990 0 ) (385.289673 -1033.989990 0 ) (378.718781 -1033.989990 0 ) 
4 640 696 (384.924072 -1032.989990 0 ) (459.362427 -1032.989990 0 ) (458.998474 -1033.989990 0 ) (385.289673 -1033.989990 0 ) 
4 640 691 (364.100037 -1033.989990 0 ) (364.100037 -1032.989990 0 ) (370.912506 -1032.989990 0 ) (371.276642 -1033.989990 0 ) 
4 640 682 (459.362427 -1032.989990 0 ) (548.101990 -1032.989990 0 ) (548.101990 -1033.989990 0 ) (458.998474 -1033.989990 0 ) 
4 640 652 (364.100037 -1032.989990 0 ) (364.100037 -1033.989990 0 ) (364.100037 -1033.989990 64 ) (364.100037 -1032.989990 64 ) 
4 640 648 (364.100037 -1033.989990 64 ) (364.100037 -1033.989990 73 ) (364.100037 -1032.989990 73 ) (364.100037 -1032.989990 64 ) 
4 640 641 (548.101990 -1033.989990 0 ) (548.101990 -1033.989990 73 ) (364.100037 -1033.989990 73 ) (364.100037 -1033.989990 0 ) 
4 641 709 (364.100037 -2048 0 ) (548.101990 -2048 0 ) (548.101990 -2048 81 ) (364.100037 -2048 81 ) 
3 641 698 (371.276642 -1033.989990 0 ) (378.718781 -1033.989990 0 ) (374.994720 -1044.200684 0 ) 
5 641 697 (378.718781 -1033.989990 0 ) (385.289673 -1033.989990 0 ) (422.229584 -1135.019897 0 ) (415.149231 -1154.474609 0 ) (374.994720 -1044.200684 0 ) 
3 641 696 (385.289673 -1033.989990 0 ) (458.998474 -1033.989990 0 ) (422.229584 -1135.019897 0 ) 
4 641 691 (364.100037 -1294.742676 0 ) (364.100037 -1033.989990 0 ) (371.276642 -1033.989990 0 ) (415.149231 -1154.474609 0 ) 
5 641 682 (548.101990 -2048 0 ) (364.100037 -2048 0 ) (364.100037 -1294.742676 0 ) (458.998474 -1033.989990 0 ) (548.101990 -1033.989990 0 ) 
4 641 655 (364.100037 -1183.989990 0 ) (364.100037 -2048 0 ) (364.100037 -2048 81 ) (364.100037 -1183.989990 81 ) 
4 641 652 (364.100037 -1033.989990 0 ) (364.100037 -1183.989990 0 ) (364.100037 -1183.989990 64 ) (364.100037 -1033.989990 64 ) 
4 641 648 (364.100037 -1183.989990 64 ) (364.100037 -1183.989990 81 ) (364.100037 -1033.989990 81 ) (364.100037 -1033.989990 64 ) 
4 642 648 (96 -1044.989990 216 ) (96 -1024 216 ) (316.592957 -1024 216 ) (316.592957 -1044.989990 216 ) 
4 642 646 (96 -1044.989990 224 ) (96 -1044.989990 620.299988 ) (96 -1024 620.299988 ) (96 -1024 224 ) 
4 642 644 (353.101776 -1044.989990 243.998474 ) (316.596558 -1044.989990 216 ) (316.596558 -1024 216 ) (353.101807 -1024 243.998505 ) 
5 642 645 (96 -1044.989990 620.299988 ) (96 -1044.989990 216 ) (316.592957 -1044.989990 216 ) (364.100037 -1044.989990 252.436768 ) (364.100037 -1044.989990 620.299988 ) 
4 643 648 (323.617676 -1024 216 ) (364.100037 -1024 216 ) (364.100037 -1044.989990 216 ) (323.617554 -1044.989990 216 ) 
4 643 644 (323.618958 -1024 216 ) (323.618835 -1044.989990 216 ) (355.100098 -1044.989990 240 ) (355.100159 -1024 240 ) 
3 643 645 (323.617554 -1044.989990 216 ) (364.100037 -1044.989990 216 ) (364.100037 -1044.989990 246.861969 ) 
4 644 648 (316.592957 -1024 216 ) (323.617676 -1024 216 ) (323.617554 -1044.989990 216 ) (316.592957 -1044.989990 216 ) 
4 644 645 (316.592957 -1044.989990 216 ) (323.617554 -1044.989990 216 ) (355.099731 -1044.989990 240 ) (353.100708 -1044.989990 244 ) 
4 645 656 (96 -1183.989990 216 ) (352 -1183.989990 216 ) (352 -1183.989990 240 ) (96 -1183.989990 240 ) 
4 645 655 (352 -1183.989990 216 ) (364.100037 -1183.989990 216 ) (364.100037 -1183.989990 240 ) (352 -1183.989990 240 ) 
4 645 654 (364.100037 -1183.989990 240 ) (364.100037 -1183.989990 620.299988 ) (96 -1183.989990 620.299988 ) (96 -1183.989990 240 ) 
4 645 648 (364.100037 -1183.989990 216 ) (96 -1183.989990 216 ) (96 -1044.989990 216 ) (364.100037 -1044.989990 216 ) 
4 645 646 (96 -1183.989990 224 ) (96 -1183.989990 620.299988 ) (96 -1044.989990 620.299988 ) (96 -1044.989990 224 ) 
4 646 654 (96 -1183.989990 240 ) (96 -1183.989990 620.299988 ) (88 -1183.989990 620.299988 ) (88 -1183.989990 240 ) 
4 646 647 (88 -1183.989990 224 ) (88 -1183.989990 620.299988 ) (88 -1024 620.299988 ) (88 -1024 224 ) 
4 647 975 (0 -1024 224 ) (0 -1024 216 ) (0 -1183.989990 216 ) (0 -1183.989990 224 ) 
4 647 974 (0 -1024 620.299988 ) (0 -1024 224 ) (0 -1183.989990 224 ) (0 -1183.989990 620.299988 ) 
4 647 658 (0 -1183.989990 240 ) (0 -1183.989990 224 ) (88 -1183.989990 224 ) (88 -1183.989990 240 ) 
4 647 654 (0 -1183.989990 620.299988 ) (0 -1183.989990 240 ) (88 -1183.989990 240 ) (88 -1183.989990 620.299988 ) 
4 647 651 (88 -1183.989990 216 ) (0 -1183.989990 216 ) (0 -1024 216 ) (88 -1024 216 ) 
4 648 656 (96 -1183.989990 64 ) (352 -1183.989990 64 ) (352 -1183.989990 216 ) (96 -1183.989990 216 ) 
4 648 655 (352 -1183.989990 64 ) (364.100037 -1183.989990 64 ) (364.100037 -1183.989990 216 ) (352 -1183.989990 216 ) 
4 648 652 (364.100037 -1183.989990 64 ) (352 -1183.989990 64 ) (352 -1024 64 ) (364.100037 -1024 64 ) 
4 648 649 (96 -1183.989990 176 ) (96 -1183.989990 216 ) (96 -1024 216 ) (96 -1024 176 ) 
4 648 650 (96 -1024 64 ) (96 -1183.989990 64 ) (96 -1183.989990 168 ) (96 -1024 168 ) 
4 649 651 (88 -1183.989990 176 ) (88 -1183.989990 216 ) (88 -1024 216 ) (88 -1024 176 ) 
4 650 651 (88 -1024 64 ) (88 -1183.989990 64 ) (88 -1183.989990 168 ) (88 -1024 168 ) 
4 651 980 (0 -1024 168 ) (0 -1024 64 ) (0 -1183.989990 64 ) (0 -1183.989990 168 ) 
4 651 977 (0 -1024 216 ) (0 -1024 168 ) (0 -1183.989990 168 ) (0 -1183.989990 216 ) 
4 651 659 (0 -1183.989990 216 ) (0 -1183.989990 176 ) (88 -1183.989990 176 ) (88 -1183.989990 216 ) 
4 651 660 (0 -1183.989990 168 ) (0 -1183.989990 64 ) (88 -1183.989990 64 ) (88 -1183.989990 168 ) 
4 652 691 (352 -1024 0 ) (364.100037 -1024 0 ) (364.100037 -1183.989990 0 ) (352 -1183.989990 0 ) 
4 652 655 (352 -1183.989990 0 ) (364.100037 -1183.989990 0 ) (364.100037 -1183.989990 64 ) (352 -1183.989990 64 ) 
4 652 653 (352 -1024 0 ) (352 -1183.989990 0 ) (352 -1183.989990 58 ) (352 -1024 58 ) 
4 653 981 (0 -1024 58 ) (0 -1024 0 ) (0 -1183.989990 0 ) (0 -1183.989990 58 ) 
4 653 691 (209.254211 -1024 0 ) (352 -1024 0 ) (352 -1183.989990 0 ) (267.540344 -1183.989990 0 ) 
4 653 690 (0 -1183.989990 0 ) (0 -1024 0 ) (209.254211 -1024 0 ) (267.540344 -1183.989990 0 ) 
4 653 661 (0 -1183.989990 58 ) (0 -1183.989990 0 ) (88 -1183.989990 0 ) (88 -1183.989990 58 ) 
4 653 657 (96 -1183.989990 0 ) (352 -1183.989990 0 ) (352 -1183.989990 58 ) (96 -1183.989990 58 ) 
4 654 974 (0 -2048 240 ) (0 -2048 620.299988 ) (0 -1183.989990 620.299988 ) (0 -1183.989990 240 ) 
4 654 709 (0 -2048 620.299988 ) (0 -2048 240 ) (364.100037 -2048 240 ) (364.100037 -2048 620.299988 ) 
4 654 662 (0 -2048 240 ) (0 -1191.989990 240 ) (352 -1191.989990 240 ) (352 -2048 240 ) 
4 654 658 (0 -1191.989990 240 ) (0 -1183.989990 240 ) (88 -1183.989990 240 ) (88 -1191.989990 240 ) 
4 654 656 (96 -1183.989990 240 ) (352 -1183.989990 240 ) (352 -1191.989990 240 ) (96 -1191.989990 240 ) 
4 654 655 (352 -1183.989990 240 ) (364.100037 -1183.989990 240 ) (364.100037 -2048 240 ) (352 -2048 240 ) 
4 655 709 (352 -2048 0 ) (364.100037 -2048 0 ) (364.100037 -2048 240 ) (352 -2048 240 ) 
3 655 692 (352 -1327.989990 0 ) (352 -1317.801147 0 ) (355.275208 -1318.990723 0 ) 
5 655 691 (352 -1317.801147 0 ) (352 -1183.989990 0 ) (364.100037 -1183.989990 0 ) (364.100037 -1294.742798 0 ) (355.275208 -1318.990723 0 ) 
4 655 682 (364.100037 -2048 0 ) (352 -2048 0 ) (352 -1327.989990 0 ) (364.100037 -1294.742798 0 ) 
4 655 667 (352 -1343.989990 64 ) (352 -1343.989990 96 ) (352 -1327.989990 96 ) (352 -1327.989990 64 ) 
4 655 668 (352 -1327.989990 0 ) (352 -1343.989990 0 ) (352 -1343.989990 58 ) (352 -1327.989990 58 ) 
4 655 669 (352 -1343.989990 0 ) (352 -2048 0 ) (352 -2048 96 ) (352 -1343.989990 96 ) 
4 655 665 (352 -1327.989990 64 ) (352 -1327.989990 96 ) (352 -1317.801147 96 ) (352 -1317.801147 64 ) 
4 655 666 (352 -1317.801147 0 ) (352 -1327.989990 0 ) (352 -1327.989990 58 ) (352 -1317.801147 58 ) 
4 655 663 (352 -1191.989990 96 ) (352 -1191.989990 64 ) (352 -1317.801147 64 ) (352 -1317.801147 96 ) 
4 655 664 (352 -1191.989990 58 ) (352 -1191.989990 0 ) (352 -1317.801147 0 ) (352 -1317.801147 58 ) 
4 655 662 (352 -2048 240 ) (352 -1191.989990 240 ) (352 -1191.989990 96 ) (352 -2048 96 ) 
4 655 657 (352 -1183.989990 58 ) (352 -1183.989990 0 ) (352 -1191.989990 0 ) (352 -1191.989990 58 ) 
4 655 656 (352 -1191.989990 240 ) (352 -1183.989990 240 ) (352 -1183.989990 64 ) (352 -1191.989990 64 ) 
4 656 663 (352 -1191.989990 64 ) (352 -1191.989990 96 ) (96 -1191.989990 96 ) (96 -1191.989990 64 ) 
4 656 662 (352 -1191.989990 96 ) (352 -1191.989990 240 ) (96 -1191.989990 240 ) (96 -1191.989990 96 ) 
4 657 691 (267.540344 -1183.989990 0 ) (352 -1183.989990 0 ) (352 -1191.989990 0 ) (270.454803 -1191.989990 0 ) 
4 657 690 (96 -1183.989990 0 ) (267.540344 -1183.989990 0 ) (270.454803 -1191.989990 0 ) (96 -1191.989990 0 ) 
4 657 664 (96 -1191.989990 0 ) (352 -1191.989990 0 ) (352 -1191.989990 58 ) (96 -1191.989990 58 ) 
4 658 974 (0 -1191.989990 240 ) (0 -1183.989990 240 ) (0 -1183.989990 224 ) (0 -1191.989990 224 ) 
4 658 662 (88 -1191.989990 224 ) (88 -1191.989990 240 ) (0 -1191.989990 240 ) (0 -1191.989990 224 ) 
4 659 978 (0 -1183.989990 216 ) (0 -1183.989990 176 ) (0 -1191.989990 176 ) (0 -1191.989990 216 ) 
4 659 662 (88 -1191.989990 176 ) (88 -1191.989990 216 ) (0 -1191.989990 216 ) (0 -1191.989990 176 ) 
4 660 980 (0 -1183.989990 168 ) (0 -1183.989990 64 ) (0 -1191.989990 64 ) (0 -1191.989990 168 ) 
4 660 676 (5.606422 -1191.989990 96 ) (0 -1191.989990 96 ) (0 -1191.989990 64 ) (5.606423 -1191.989990 64 ) 
4 660 663 (88 -1191.989990 64 ) (88 -1191.989990 96 ) (5.606422 -1191.989990 96 ) (5.606423 -1191.989990 64 ) 
4 660 662 (88 -1191.989990 96 ) (88 -1191.989990 168 ) (0 -1191.989990 168 ) (0 -1191.989990 96 ) 
4 661 981 (0 -1183.989990 58 ) (0 -1183.989990 0 ) (0 -1191.989990 0 ) (0 -1191.989990 58 ) 
4 661 690 (0 -1191.989990 0 ) (0 -1183.989990 0 ) (88 -1183.989990 0 ) (88 -1191.989990 0 ) 
4 661 677 (0 -1191.989990 0 ) (5.606423 -1191.989990 0 ) (5.606422 -1191.989990 58 ) (0 -1191.989990 58 ) 
4 661 664 (5.606423 -1191.989990 0 ) (88 -1191.989990 0 ) (88 -1191.989990 58 ) (5.606422 -1191.989990 58 ) 
4 662 980 (0 -1343.989990 168 ) (0 -1191.989990 168 ) (0 -1191.989990 96 ) (0 -1343.989990 96 ) 
4 662 982 (0 -2048 96 ) (0 -2048 168 ) (0 -1343.989990 168 ) (0 -1343.989990 96 ) 
4 662 979 (0 -2048 168 ) (0 -2048 216 ) (0 -1191.989990 216 ) (0 -1191.989990 168 ) 
4 662 976 (0 -2048 216 ) (0 -2048 224 ) (0 -1191.989990 224 ) (0 -1191.989990 216 ) 
4 662 974 (0 -2048 224 ) (0 -2048 240 ) (0 -1191.989990 240 ) (0 -1191.989990 224 ) 
4 662 709 (0 -2048 240 ) (0 -2048 96 ) (352 -2048 96 ) (352 -2048 240 ) 
3 662 679 (327.001099 -1308.721558 96 ) (336 -1311.989624 96 ) (324.262482 -1316.258789 96 ) 
3 662 678 (310.844421 -1302.853394 96 ) (327.001099 -1308.721558 96 ) (320.001007 -1327.987305 96 ) 
5 662 676 (0 -1191.989990 96 ) (5.606426 -1191.989990 96 ) (310.844421 -1302.853394 96 ) (324.281006 -1339.735474 96 ) (0 -1221.431274 96 ) 
3 662 673 (0 -1343.989990 96 ) (0 -1221.431274 96 ) (335.942810 -1343.989990 96 ) 
4 662 675 (335.950500 -1343.992798 96 ) (0 -1465.840576 96 ) (0 -1343.989990 96 ) (335.942810 -1343.989990 96 ) 
3 662 670 (347.730927 -1339.720093 96 ) (346.176941 -1343.989990 96 ) (335.958252 -1343.989990 96 ) 
5 662 672 (346.176941 -1343.989990 96 ) (89.959381 -2048 96 ) (0 -2048 96 ) (0 -1465.840576 96 ) (335.958252 -1343.989990 96 ) 
3 662 667 (352 -1327.989990 96 ) (352 -1343.989990 96 ) (346.176941 -1343.989990 96 ) 
4 662 669 (352 -1343.989990 96 ) (352 -2048 96 ) (89.959381 -2048 96 ) (346.176941 -1343.989990 96 ) 
3 662 665 (347.719727 -1316.246582 96 ) (352 -1317.801147 96 ) (352 -1327.989990 96 ) 
3 662 663 (5.606426 -1191.989990 96 ) (352 -1191.989990 96 ) (352 -1317.801147 96 ) 
4 663 679 (336 -1311.989380 96 ) (327.001221 -1308.721069 96 ) (327.001221 -1308.721069 64 ) (336 -1311.989380 64 ) 
4 663 678 (327.001221 -1308.721069 96 ) (310.844208 -1302.852783 96 ) (310.843872 -1302.852661 64 ) (327.001221 -1308.721069 64 ) 
4 663 676 (310.844208 -1302.852783 96 ) (5.609375 -1191.989990 96 ) (5.609375 -1191.989990 64 ) (310.843872 -1302.852661 64 ) 
4 663 665 (352 -1317.800781 64 ) (352 -1317.800781 96 ) (347.719574 -1316.246094 96 ) (347.719604 -1316.246094 64 ) 
4 664 691 (270.454803 -1191.989990 0 ) (352 -1191.989990 0 ) (352 -1317.801147 0 ) (310.843414 -1302.852905 0 ) 
3 664 690 (5.606426 -1191.989990 0 ) (270.454803 -1191.989990 0 ) (310.843414 -1302.852905 0 ) 
4 664 681 (336 -1311.989502 58 ) (327.001221 -1308.721069 58 ) (327.001251 -1308.721069 0 ) (336 -1311.989502 0 ) 
4 664 680 (327.001221 -1308.721069 58 ) (310.843811 -1302.852661 58 ) (310.843201 -1302.852417 0 ) (327.001251 -1308.721069 0 ) 
4 664 677 (310.843811 -1302.852661 58 ) (5.609375 -1191.989990 58 ) (5.609375 -1191.989990 0 ) (310.843201 -1302.852417 0 ) 
4 664 666 (352 -1317.800781 0 ) (352 -1317.800781 58 ) (347.719574 -1316.246094 58 ) (347.719604 -1316.246094 0 ) 
3 666 692 (347.719727 -1316.246582 0 ) (352 -1317.801147 0 ) (352 -1327.989990 0 ) 
4 667 670 (346.177765 -1343.989990 96 ) (347.731873 -1339.719727 96 ) (347.732361 -1339.718384 64 ) (346.177765 -1343.989990 64 ) 
4 667 669 (346.177734 -1343.989990 96 ) (346.177734 -1343.989990 64 ) (352 -1343.989990 64 ) (352 -1343.989990 96 ) 
3 668 682 (346.176941 -1343.989990 0 ) (352 -1327.989990 0 ) (352 -1343.989990 0 ) 
4 668 671 (347.733337 -1339.715698 0 ) (346.177765 -1343.989990 0 ) (346.177765 -1343.989990 58 ) (347.732483 -1339.718140 58 ) 
4 668 669 (346.177734 -1343.989990 58 ) (346.177734 -1343.989990 0 ) (352 -1343.989990 0 ) (352 -1343.989990 58 ) 
4 669 709 (89.959381 -2048 0 ) (352 -2048 0 ) (352 -2048 96 ) (89.959381 -2048 96 ) 
4 669 682 (352 -2048 0 ) (89.959381 -2048 0 ) (346.176941 -1343.989990 0 ) (352 -1343.989990 0 ) 
4 669 672 (89.960091 -2048 96 ) (346.177765 -1343.989990 96 ) (346.177765 -1343.989990 0 ) (89.960144 -2048 0 ) 
4 670 672 (335.952942 -1343.989990 96 ) (335.949768 -1343.989990 64 ) (346.176392 -1343.989990 64 ) (346.176392 -1343.989990 96 ) 
3 671 688 (335.948608 -1343.989990 0 ) (347.732391 -1339.716064 0 ) (346.176941 -1343.989990 0 ) 
4 671 672 (335.949158 -1343.989990 58 ) (335.943359 -1343.989990 0 ) (346.176392 -1343.989990 0 ) (346.176392 -1343.989990 58 ) 
4 672 982 (0 -2048 0 ) (0 -2048 96 ) (0 -1465.840576 96 ) (0 -1465.837036 0 ) 
4 672 709 (0 -2048 96 ) (0 -2048 0 ) (89.959381 -2048 0 ) (89.959381 -2048 96 ) 
5 672 688 (89.959381 -2048 0 ) (0 -2048 0 ) (0 -1465.837036 0 ) (335.948608 -1343.989990 0 ) (346.176941 -1343.989990 0 ) 
4 672 675 (335.945282 -1343.989990 0 ) (0 -1465.835938 0 ) (0 -1465.839355 96 ) (335.954926 -1343.989990 96 ) 
4 673 980 (0 -1343.989990 96 ) (0 -1221.431274 96 ) (0 -1221.430664 64 ) (0 -1343.989990 64 ) 
4 673 676 (324.280273 -1339.734253 64 ) (0 -1221.430176 64 ) (0 -1221.430664 96 ) (324.280853 -1339.734985 96 ) 
4 673 675 (335.938324 -1343.989990 64 ) (335.936768 -1343.989990 96 ) (0 -1343.989990 96 ) (0 -1343.989990 64 ) 
4 674 981 (0 -1221.430542 58 ) (0 -1221.429565 0 ) (0 -1343.989990 0 ) (0 -1343.989990 58 ) 
3 674 689 (0 -1343.989990 0 ) (0 -1221.429565 0 ) (335.947845 -1343.990234 0 ) 
4 674 677 (324.279114 -1339.732788 0 ) (0 -1221.429077 0 ) (0 -1221.430054 58 ) (324.280182 -1339.734131 58 ) 
4 674 675 (0 -1343.989990 0 ) (335.941406 -1343.989990 0 ) (335.938599 -1343.989990 58 ) (0 -1343.989990 58 ) 
4 675 982 (0 -1465.840576 96 ) (0 -1343.989990 96 ) (0 -1343.989990 0 ) (0 -1465.837036 0 ) 
3 675 689 (0 -1465.837036 0 ) (0 -1343.989990 0 ) (335.947845 -1343.990234 0 ) 
4 676 980 (0 -1221.431274 96 ) (0 -1191.989990 96 ) (0 -1191.989990 64 ) (0 -1221.430664 64 ) 
4 676 678 (320 -1327.988525 64 ) (310.843567 -1302.853394 64 ) (310.843903 -1302.853516 96 ) (320 -1327.988159 96 ) 
4 677 981 (0 -1191.989990 58 ) (0 -1191.989990 0 ) (0 -1221.429565 0 ) (0 -1221.430542 58 ) 
5 677 690 (0 -1221.429565 0 ) (0 -1191.989990 0 ) (5.606426 -1191.989990 0 ) (310.843414 -1302.853027 0 ) (324.279327 -1339.733276 0 ) 
4 677 680 (320 -1327.989380 0 ) (310.842896 -1302.853149 0 ) (310.843506 -1302.853394 58 ) (320 -1327.988647 58 ) 
4 678 679 (324.263367 -1316.258423 64 ) (327.001740 -1308.721802 64 ) (327.001740 -1308.721802 96 ) (324.263367 -1316.258423 96 ) 
3 680 693 (310.843414 -1302.853027 0 ) (327.001129 -1308.721558 0 ) (320 -1327.988525 0 ) 
4 680 681 (327.001312 -1308.721680 0 ) (327.001312 -1308.721680 58 ) (324.262970 -1316.258667 58 ) (324.262909 -1316.258911 0 ) 
3 681 694 (327.001129 -1308.721558 0 ) (336 -1311.989746 0 ) (324.262421 -1316.259033 0 ) 
4 682 710 (89.959381 -2048 -120 ) (1024 -2048 -120 ) (1024 -2048 0 ) (89.959351 -2048 0 ) 
4 682 697 (422.230408 -1135.019531 -120 ) (415.149872 -1154.474731 -120 ) (415.149597 -1154.475586 0 ) (422.229950 -1135.020874 0 ) 
4 682 696 (462.634888 -1024 -120 ) (422.230408 -1135.019531 -120 ) (422.229950 -1135.020874 0 ) (462.634918 -1024 0 ) 
4 682 692 (355.275787 -1318.990967 -120 ) (352 -1327.990967 -120 ) (352 -1327.990967 0 ) (355.275818 -1318.990967 0 ) 
4 682 691 (415.149872 -1154.474731 -120 ) (355.275787 -1318.990967 -120 ) (355.275818 -1318.990967 0 ) (415.149597 -1154.475586 0 ) 
4 682 688 (347.735016 -1339.710815 -120 ) (89.960052 -2048 -120 ) (89.960068 -2048 0 ) (347.733215 -1339.715820 0 ) 
4 682 686 (548.918213 -1033.417358 -120 ) (545 -1031.989624 -120 ) (545 -1031.989624 0 ) (548.918213 -1033.417358 0 ) 
4 682 684 (1024 -1206.561523 -120 ) (548.918213 -1033.417358 -120 ) (548.918213 -1033.417358 0 ) (1024 -1206.561768 0 ) 
4 682 683 (539.872192 -1030.120483 -120 ) (523.078613 -1024 -120 ) (523.078552 -1024 0 ) (539.872131 -1030.120483 0 ) 
4 683 685 (538 -1024.991211 -120 ) (537.638916 -1024 -120 ) (537.638916 -1024 0 ) (538 -1024.990356 0 ) 
4 684 687 (552.361328 -1024 -120 ) (552 -1024.989136 -120 ) (552 -1024.989746 0 ) (552.361816 -1024 0 ) 
4 684 686 (550.123291 -1030.120972 -120 ) (548.917847 -1033.417847 -120 ) (548.917847 -1033.417847 0 ) (550.123474 -1030.120850 0 ) 
4 688 1013 (0 -2048 -120 ) (0 -2048 0 ) (0 -1465.837158 0 ) (0 -1465.832764 -120 ) 
4 688 710 (0 -2048 0 ) (0 -2048 -120 ) (89.959381 -2048 -120 ) (89.959351 -2048 0 ) 
4 688 689 (335.943481 -1343.986572 -120 ) (0 -1465.831787 -120 ) (0 -1465.833984 0 ) (335.946350 -1343.989746 0 ) 
4 689 1013 (0 -1465.837158 0 ) (0 -1221.429565 0 ) (0 -1221.427490 -120 ) (0 -1465.832764 -120 ) 
4 689 690 (324.276947 -1339.729736 -120 ) (0 -1221.426880 -120 ) (0 -1221.429077 0 ) (324.279114 -1339.732788 0 ) 
4 690 1013 (0 -1221.429565 0 ) (0 -1024 0 ) (0 -1024 -120 ) (0 -1221.427490 -120 ) 
4 690 693 (320 -1327.990967 -120 ) (310.841400 -1302.852295 -120 ) (310.842651 -1302.852783 0 ) (320 -1327.989380 0 ) 
4 690 691 (310.841400 -1302.852295 -120 ) (209.252426 -1024 -120 ) (209.253677 -1024 0 ) (310.842651 -1302.852783 0 ) 
4 691 699 (371.070618 -1033.422729 -120 ) (369.867828 -1030.119629 -120 ) (369.866852 -1030.119141 0 ) (371.070007 -1033.423340 0 ) 
4 691 698 (374.994354 -1044.198242 -120 ) (371.070618 -1033.422729 -120 ) (371.070007 -1033.423340 0 ) (374.994568 -1044.201050 0 ) 
4 691 697 (415.148438 -1154.472656 0 ) (415.148743 -1154.471802 -120 ) (374.994354 -1044.198242 -120 ) (374.994568 -1044.201050 0 ) 
4 691 695 (368 -1024.990112 -120 ) (367.639465 -1024 -120 ) (367.638672 -1024 0 ) (368 -1024.991211 0 ) 
4 691 694 (327.001373 -1308.720703 -120 ) (336.001343 -1311.989502 -120 ) (336 -1311.989258 0 ) (327.001343 -1308.720703 0 ) 
4 691 693 (310.841797 -1302.851563 0 ) (310.840515 -1302.851074 -120 ) (327.001373 -1308.720703 -120 ) (327.001343 -1308.720703 0 ) 
4 691 692 (347.719299 -1316.245361 -120 ) (355.275543 -1318.989746 -120 ) (355.275543 -1318.989746 0 ) (347.719299 -1316.245361 0 ) 
4 693 694 (324.261963 -1316.259644 -120 ) (327 -1308.721924 -120 ) (327 -1308.721924 0 ) (324.262146 -1316.259277 0 ) 
4 696 697 (382 -1024.989014 -120 ) (422.229797 -1135.016479 -120 ) (422.229309 -1135.017822 0 ) (382 -1024.991943 0 ) 
4 697 698 (380.127075 -1030.120728 -120 ) (374.993500 -1044.196289 -120 ) (374.993805 -1044.198730 0 ) (380.128296 -1030.120728 0 ) 
4 698 699 (375 -1031.989746 -120 ) (371.070404 -1033.422119 -120 ) (371.070007 -1033.422729 0 ) (375 -1031.989990 0 ) 
4 700 1021 (0 -2048 -288.299988 ) (0 -2048 -166 ) (0 -1024 -166 ) (0 -1024 -288.299988 ) 
4 700 711 (0 -2048 -166 ) (0 -2048 -288.299988 ) (1024 -2048 -288.299988 ) (1024 -2048 -166 ) 
4 701 705 (2048 -2048 620.299988 ) (2048 -2048 0 ) (2048 -2432.250000 0 ) (2048 -2432.250000 620.299988 ) 
4 701 704 (2048 -2432.250000 0 ) (2048 -2432 0 ) (3072 -2432 0 ) (3072 -2432.250000 0 ) 
4 701 702 (2048 -2432 0 ) (2048 -2048 0 ) (3072 -2048 0 ) (3072 -2432 0 ) 
4 702 706 (2048 -2048 0 ) (2048 -2048 -120 ) (2048 -2432 -120 ) (2048 -2432 0 ) 
4 702 704 (3072 -2432 -120 ) (3072 -2432 0 ) (2048 -2432 0 ) (2048 -2432 -120 ) 
4 703 707 (2048 -2048 -166 ) (2048 -2048 -288.299988 ) (2048 -2432 -288.299988 ) (2048 -2432 -166 ) 
4 703 704 (3072 -2432 -288.299988 ) (3072 -2432 -166 ) (2048 -2432 -166 ) (2048 -2432 -288.299988 ) 
4 704 708 (2048 -2432.250000 0 ) (2048 -2432 0 ) (2048 -2432 -288.299988 ) (2048 -2432.250000 -288.299988 ) 
4 705 709 (1024 -2048 620.299988 ) (1024 -2048 0 ) (1024 -2432.250000 0 ) (1024 -2432.250000 620.299988 ) 
4 705 708 (1024 -2432.250000 0 ) (1024 -2432 0 ) (2048 -2432 0 ) (2048 -2432.250000 0 ) 
4 705 706 (1024 -2432 0 ) (1024 -2048 0 ) (2048 -2048 0 ) (2048 -2432 0 ) 
4 706 710 (1024 -2048 0 ) (1024 -2048 -120 ) (1024 -2432 -120 ) (1024 -2432 0 ) 
4 706 708 (2048 -2432 0 ) (1024 -2432 0 ) (1024 -2432 -120 ) (2048 -2432 -120 ) 
4 707 711 (1024 -2048 -166 ) (1024 -2048 -288.299988 ) (1024 -2432 -288.299988 ) (1024 -2432 -166 ) 
4 707 708 (1024 -2432 -166 ) (1024 -2432 -288.299988 ) (2048 -2432 -288.299988 ) (2048 -2432 -166 ) 
4 708 712 (1024 -2432.250000 0 ) (1024 -2432 0 ) (1024 -2432 -288.299988 ) (1024 -2432.250000 -288.299988 ) 
4 709 1028 (0 -2432.250000 620.299988 ) (0 -2048 620.299988 ) (0 -2048 0 ) (0 -2432.250000 0 ) 
4 709 712 (1024 -2432 0 ) (1024 -2432.250000 0 ) (0 -2432.250000 0 ) (0 -2432 0 ) 
4 709 710 (1024 -2048 0 ) (1024 -2432 0 ) (0 -2432 0 ) (0 -2048 0 ) 
4 710 1029 (0 -2432 -120 ) (0 -2432 0 ) (0 -2048 0 ) (0 -2048 -120 ) 
4 710 712 (1024 -2432 -120 ) (1024 -2432 0 ) (0 -2432 0 ) (0 -2432 -120 ) 
4 711 1030 (0 -2432 -288.299988 ) (0 -2432 -166 ) (0 -2048 -166 ) (0 -2048 -288.299988 ) 
4 711 712 (1024 -2432 -288.299988 ) (1024 -2432 -166 ) (0 -2432 -166 ) (0 -2432 -288.299988 ) 
4 712 1031 (0 -2432.250000 0 ) (0 -2432 0 ) (0 -2432 -288.299988 ) (0 -2432.250000 -288.299988 ) 
4 713 725 (0 4096 0 ) (0 4096 620.299988 ) (-1024 4096 620.299988 ) (-1024 4096 0 ) 
4 713 717 (-1024 4096 0 ) (-1024 4096 620.299988 ) (-1024 4736.250000 620.299988 ) (-1024 4736.250000 0 ) 
4 713 715 (-1024 4096 0 ) (-1024 4736 0 ) (0 4736 0 ) (0 4096 0 ) 
4 713 714 (-1024 4736 0 ) (-1024 4736.250000 0 ) (0 4736.250000 0 ) (0 4736 0 ) 
4 714 718 (-1024 4736 -288.299988 ) (-1024 4736 0 ) (-1024 4736.250000 0 ) (-1024 4736.250000 -288.299988 ) 
4 714 716 (0 4736 -288.299988 ) (0 4736 -166 ) (-1024 4736 -166 ) (-1024 4736 -288.299988 ) 
4 714 715 (0 4736 -120 ) (0 4736 0 ) (-1024 4736 0 ) (-1024 4736 -120 ) 
4 715 726 (0 4096 -120 ) (0 4096 0 ) (-1024 4096 0 ) (-1024 4096 -120 ) 
4 715 719 (-1024 4096 -120 ) (-1024 4096 0 ) (-1024 4736 0 ) (-1024 4736 -120 ) 
4 716 727 (0 4096 -288.299988 ) (0 4096 -166 ) (-1024 4096 -166 ) (-1024 4096 -288.299988 ) 
4 716 720 (-1024 4096 -288.299988 ) (-1024 4096 -166 ) (-1024 4736 -166 ) (-1024 4736 -288.299988 ) 
4 717 728 (-1024 4096 0 ) (-1024 4096 620.299988 ) (-2048 4096 620.299988 ) (-2048 4096 0 ) 
4 717 721 (-2048 4096 0 ) (-2048 4096 620.299988 ) (-2048 4736.250000 620.299988 ) (-2048 4736.250000 0 ) 
4 717 719 (-1024 4736 0 ) (-1024 4096 0 ) (-2048 4096 0 ) (-2048 4736 0 ) 
4 717 718 (-1024 4736.250000 0 ) (-1024 4736 0 ) (-2048 4736 0 ) (-2048 4736.250000 0 ) 
4 718 722 (-2048 4736 -288.299988 ) (-2048 4736 0 ) (-2048 4736.250000 0 ) (-2048 4736.250000 -288.299988 ) 
4 718 720 (-2048 4736 -166 ) (-2048 4736 -288.299988 ) (-1024 4736 -288.299988 ) (-1024 4736 -166 ) 
4 718 719 (-1024 4736 0 ) (-2048 4736 0 ) (-2048 4736 -120 ) (-1024 4736 -120 ) 
4 719 729 (-1024 4096 -120 ) (-1024 4096 0 ) (-2048 4096 0 ) (-2048 4096 -120 ) 
4 719 723 (-2048 4096 -120 ) (-2048 4096 0 ) (-2048 4736 0 ) (-2048 4736 -120 ) 
4 720 730 (-1024 4096 -288.299988 ) (-1024 4096 -166 ) (-2048 4096 -166 ) (-2048 4096 -288.299988 ) 
4 720 724 (-2048 4096 -288.299988 ) (-2048 4096 -166 ) (-2048 4736 -166 ) (-2048 4736 -288.299988 ) 
4 721 826 (-3072 4096 0 ) (-3072 4096 620.299988 ) (-3072 4736.250000 620.299988 ) (-3072 4736.250000 0 ) 
4 721 731 (-2048 4096 0 ) (-2048 4096 620.299988 ) (-3072 4096 620.299988 ) (-3072 4096 0 ) 
4 721 723 (-2048 4736 0 ) (-2048 4096 0 ) (-3072 4096 0 ) (-3072 4736 0 ) 
4 721 722 (-2048 4736.250000 0 ) (-2048 4736 0 ) (-3072 4736 0 ) (-3072 4736.250000 0 ) 
4 722 827 (-3072 4736 -288.299988 ) (-3072 4736 0 ) (-3072 4736.250000 0 ) (-3072 4736.250000 -288.299988 ) 
4 722 724 (-3072 4736 -166 ) (-3072 4736 -288.299988 ) (-2048 4736 -288.299988 ) (-2048 4736 -166 ) 
4 722 723 (-2048 4736 0 ) (-3072 4736 0 ) (-3072 4736 -120 ) (-2048 4736 -120 ) 
4 723 828 (-3072 4096 -120 ) (-3072 4096 0 ) (-3072 4736 0 ) (-3072 4736 -120 ) 
4 723 732 (-2048 4096 -120 ) (-2048 4096 0 ) (-3072 4096 0 ) (-3072 4096 -120 ) 
4 724 829 (-3072 4096 -288.299988 ) (-3072 4096 -166 ) (-3072 4736 -166 ) (-3072 4736 -288.299988 ) 
4 724 733 (-2048 4096 -288.299988 ) (-2048 4096 -166 ) (-3072 4096 -166 ) (-3072 4096 -288.299988 ) 
4 725 734 (0 3072 0 ) (0 3072 620.299988 ) (-1024 3072 620.299988 ) (-1024 3072 0 ) 
4 725 728 (-1024 3072 0 ) (-1024 3072 620.299988 ) (-1024 4096 620.299988 ) (-1024 4096 0 ) 
4 725 726 (0 3072 0 ) (-1024 3072 0 ) (-1024 4096 0 ) (0 4096 0 ) 
4 726 735 (0 3072 -120 ) (0 3072 0 ) (-1024 3072 0 ) (-1024 3072 -120 ) 
4 726 729 (-1024 3072 -120 ) (-1024 3072 0 ) (-1024 4096 0 ) (-1024 4096 -120 ) 
4 727 736 (0 3072 -288.299988 ) (0 3072 -166 ) (-1024 3072 -166 ) (-1024 3072 -288.299988 ) 
4 727 730 (-1024 3072 -288.299988 ) (-1024 3072 -166 ) (-1024 4096 -166 ) (-1024 4096 -288.299988 ) 
4 728 813 (-1024 3072 0 ) (-1024 3072 620.299988 ) (-2048 3072 620.299988 ) (-2048 3072 0 ) 
4 728 731 (-2048 4096 620.299988 ) (-2048 4096 0 ) (-2048 3072 0 ) (-2048 3072 620.299988 ) 
4 728 729 (-1024 3072 0 ) (-2048 3072 0 ) (-2048 4096 0 ) (-1024 4096 0 ) 
4 729 814 (-1024 3072 -120 ) (-1024 3072 0 ) (-2048 3072 0 ) (-2048 3072 -120 ) 
4 729 732 (-2048 4096 0 ) (-2048 4096 -120 ) (-2048 3072 -120 ) (-2048 3072 0 ) 
4 730 815 (-1024 3072 -288.299988 ) (-1024 3072 -166 ) (-2048 3072 -166 ) (-2048 3072 -288.299988 ) 
4 730 733 (-2048 4096 -166 ) (-2048 4096 -288.299988 ) (-2048 3072 -288.299988 ) (-2048 3072 -166 ) 
4 731 835 (-3072 3072 0 ) (-3072 3072 620.299988 ) (-3072 4096 620.299988 ) (-3072 4096 0 ) 
4 731 817 (-3072 3072 620.299988 ) (-3072 3072 0 ) (-2048 3072 0 ) (-2048 3072 620.299988 ) 
4 731 732 (-3072 3072 0 ) (-3072 4096 0 ) (-2048 4096 0 ) (-2048 3072 0 ) 
4 732 836 (-3072 3072 -120 ) (-3072 3072 0 ) (-3072 4096 0 ) (-3072 4096 -120 ) 
4 732 818 (-3072 3072 0 ) (-3072 3072 -120 ) (-2048 3072 -120 ) (-2048 3072 0 ) 
4 733 837 (-3072 3072 -288.299988 ) (-3072 3072 -166 ) (-3072 4096 -166 ) (-3072 4096 -288.299988 ) 
4 733 819 (-3072 3072 -166 ) (-3072 3072 -288.299988 ) (-2048 3072 -288.299988 ) (-2048 3072 -166 ) 
4 734 813 (-1024 3072 620.299988 ) (-1024 3072 0 ) (-1024 2048 0 ) (-1024 2048 620.299988 ) 
4 734 761 (-1024 2048 71.750000 ) (-1024 2048 0 ) (-671 2048 0 ) (-671 2048 71.750000 ) 
4 734 751 (-671 2048 0 ) (-665 2048 0 ) (-665 2048 71.750000 ) (-671 2048 71.750000 ) 
4 734 749 (-883 2048 71.750000 ) (-665 2048 71.750000 ) (-665 2048 76.750000 ) (-883 2048 76.750000 ) 
4 734 750 (-1024 2048 76.750000 ) (-1024 2048 71.750000 ) (-883 2048 71.750000 ) (-883 2048 76.750000 ) 
4 734 748 (-665 2048 620.299988 ) (-1024 2048 620.299988 ) (-1024 2048 76.750000 ) (-665 2048 76.750000 ) 
4 734 741 (0 2048 0 ) (0 2048 620.299988 ) (-665 2048 620.299988 ) (-665 2048 0 ) 
4 734 735 (-1024 2048 0 ) (-1024 3072 0 ) (0 3072 0 ) (0 2048 0 ) 
4 735 814 (-1024 3072 0 ) (-1024 3072 -120 ) (-1024 2048 -120 ) (-1024 2048 0 ) 
4 735 804 (-1007.334045 2048 0 ) (-1024 2048 0 ) (-1024 2048 -110.250000 ) (-1007.332886 2048 -110.250000 ) 
4 735 811 (-1024 2048 -110.250000 ) (-1024 2048 -120 ) (-1007.332764 2048 -120 ) (-1007.332886 2048 -110.250000 ) 
4 735 788 (0 2048 -113.250000 ) (0 2048 0 ) (-1007.334045 2048 0 ) (-1007.332825 2048 -113.250000 ) 
4 735 796 (0 2048 -120 ) (0 2048 -113.250000 ) (-1007.332825 2048 -113.250000 ) (-1007.332764 2048 -120 ) 
4 736 815 (-1024 3072 -166 ) (-1024 3072 -288.299988 ) (-1024 2048 -288.299988 ) (-1024 2048 -166 ) 
4 736 812 (0 2048 -288.299988 ) (0 2048 -166 ) (-1024 2048 -166 ) (-1024 2048 -288.299988 ) 
4 737 739 (-616 2747 -502 ) (-616 2197 -502 ) (-616 2197 -423 ) (-616 2747 -423 ) 
4 737 738 (-616 2197 -423 ) (-616 2197 -359 ) (-616 2747 -359 ) (-616 2747 -423 ) 
4 738 740 (-661 2197 -359 ) (-661 2747 -359 ) (-661 2747 -423 ) (-661 2197 -423 ) 
4 738 739 (-661 2197 -423 ) (-661 2747 -423 ) (-616 2747 -423 ) (-616 2197 -423 ) 
4 739 740 (-661 2747 -502 ) (-661 2197 -502 ) (-661 2197 -423 ) (-661 2747 -423 ) 
4 740 816 (-1024 2747 -502 ) (-1024 2197 -502 ) (-1024 2197 -359 ) (-1024 2747 -359 ) 
3 741 798 (0 1816.455200 0 ) (0 1626.010132 0 ) (-523.571533 1626.010132 0 ) 
5 741 788 (-665 2048 0 ) (0 2048 0 ) (0 1816.455200 0 ) (-523.571533 1626.010132 0 ) (-665 1626.010132 0 ) 
4 741 751 (-665 2048 71.750000 ) (-665 2048 0 ) (-665 1626.010132 0 ) (-665 1626.010132 71.750000 ) 
4 741 749 (-665 2048 76.750000 ) (-665 2048 71.750000 ) (-665 1642.010132 71.750000 ) (-665 1642.010132 76.750000 ) 
4 741 748 (-665 2048 620.299988 ) (-665 2048 76.750000 ) (-665 1626.010132 76.750000 ) (-665 1626.010132 620.299988 ) 
5 741 746 (-603 1626.010132 7 ) (0 1626.010132 7 ) (0 1626.010132 41.748001 ) (-625 1626.010132 41.748001 ) (-625 1626.010132 32 ) 
4 741 747 (-665 1626.010132 7 ) (-665 1626.010132 0 ) (0 1626.010132 0 ) (0 1626.010132 7 ) 
4 741 745 (-635 1626.010132 41.748001 ) (0 1626.010132 41.748001 ) (0 1626.010132 51.750000 ) (-635 1626.010132 51.750000 ) 
4 741 744 (-645 1626.010132 51.750000 ) (0 1626.010132 51.750000 ) (0 1626.010132 61.750000 ) (-645 1626.010132 61.750000 ) 
4 741 743 (-655 1626.010132 61.750000 ) (0 1626.010132 61.750000 ) (0 1626.010132 71.750000 ) (-655 1626.010132 71.750000 ) 
4 741 742 (-665 1626.010132 620.299988 ) (-665 1626.010132 71.750000 ) (0 1626.010132 71.750000 ) (0 1626.010132 620.299988 ) 
4 742 769 (0 1575.010132 71.750000 ) (0 1575.010132 80 ) (-665 1575.010132 80 ) (-665 1575.010132 71.750000 ) 
4 742 768 (0 1575.010132 80 ) (0 1575.010132 620.299988 ) (-665 1575.010132 620.299988 ) (-665 1575.010132 80 ) 
4 742 748 (-665 1575.010132 76.750000 ) (-665 1575.010132 620.299988 ) (-665 1626.010132 620.299988 ) (-665 1626.010132 76.750000 ) 
4 742 743 (0 1575.010132 71.750000 ) (-655 1575.010132 71.750000 ) (-655 1626.010132 71.750000 ) (0 1626.010132 71.750000 ) 
4 743 773 (0 1575.010132 61.750000 ) (0 1575.010132 64 ) (-655 1575.010132 64 ) (-655 1575.010132 61.750000 ) 
4 743 769 (0 1575.010132 64 ) (0 1575.010132 71.750000 ) (-655 1575.010132 71.750000 ) (-655 1575.010132 64 ) 
4 743 744 (0 1575.010132 61.750000 ) (-645 1575.010132 61.750000 ) (-645 1626.010132 61.750000 ) (0 1626.010132 61.750000 ) 
4 744 773 (0 1575.010132 51.750000 ) (0 1575.010132 61.750000 ) (-645 1575.010132 61.750000 ) (-645 1575.010132 51.750000 ) 
4 744 745 (0 1575.010132 51.750000 ) (-635 1575.010132 51.750000 ) (-635 1626.010132 51.750000 ) (0 1626.010132 51.750000 ) 
4 745 773 (0 1575.010132 41.748001 ) (0 1575.010132 51.750000 ) (-635 1575.010132 51.750000 ) (-635 1575.010132 41.748001 ) 
4 745 746 (0 1575.010132 41.748001 ) (-625 1575.010132 41.748001 ) (-625 1626.010132 41.748001 ) (0 1626.010132 41.748001 ) 
5 746 773 (0 1575.010132 7 ) (0 1575.010132 41.748001 ) (-625 1575.010132 41.748001 ) (-625 1575.010132 32 ) (-603 1575.010132 7 ) 
4 746 747 (0 1575.010132 7 ) (-603 1575.010132 7 ) (-603 1626.010132 7 ) (0 1626.010132 7 ) 
4 747 798 (0 1626.010132 0 ) (0 1575.010132 0 ) (-663.780823 1575.010132 0 ) (-523.571533 1626.010132 0 ) 
4 747 789 (-663.780823 1575.010132 0 ) (-665 1575.010132 0 ) (-665 1617.142822 0 ) (-606.222595 1595.946533 0 ) 
4 747 788 (-665 1617.142822 0 ) (-665 1626.010132 0 ) (-523.571533 1626.010132 0 ) (-606.222595 1595.946533 0 ) 
4 747 773 (-663.780823 1575.010132 0 ) (0 1575.010132 0 ) (0 1575.010132 7 ) (-663.780823 1575.010132 7 ) 
4 747 772 (-665 1575.010132 0 ) (-663.780823 1575.010132 0 ) (-663.780823 1575.010132 7 ) (-665 1575.010132 7 ) 
4 747 752 (-665 1626.010132 0 ) (-665 1575.010132 0 ) (-665 1575.010132 6.750000 ) (-665 1626.010132 6.750000 ) 
4 748 820 (-1024 2048 620.299988 ) (-1024 2048 76.750000 ) (-1024 1575.010132 76.750000 ) (-1024 1575.010132 620.299988 ) 
4 748 780 (-817 1575.010132 80 ) (-883 1575.010132 80 ) (-883 1575.010132 76.750000 ) (-817 1575.010132 76.750000 ) 
4 748 779 (-792 1575.010132 80 ) (-817 1575.010132 80 ) (-817 1575.010132 76.750000 ) (-792 1575.010132 76.750000 ) 
4 748 782 (-883 1575.010132 80 ) (-1024 1575.010132 80 ) (-1024 1575.010132 76.750000 ) (-883 1575.010132 76.750000 ) 
4 748 769 (-665 1575.010132 76.750000 ) (-665 1575.010132 80 ) (-792 1575.010132 80 ) (-792 1575.010132 76.750000 ) 
4 748 768 (-665 1575.010132 80 ) (-665 1575.010132 620.299988 ) (-1024 1575.010132 620.299988 ) (-1024 1575.010132 80 ) 
4 748 749 (-883 2048 76.750000 ) (-665 2048 76.750000 ) (-665 1642.010132 76.750000 ) (-883 1642.010132 76.750000 ) 
4 748 750 (-1024 2048 76.750000 ) (-883 2048 76.750000 ) (-883 1575.010132 76.750000 ) (-1024 1575.010132 76.750000 ) 
4 749 765 (-733.957397 1642.010132 71.750000 ) (-772.084717 1642.010132 71.750000 ) (-883 1682.448730 71.750000 ) (-883 1695.757690 71.750000 ) 
5 749 761 (-671 1642.010132 71.750000 ) (-733.957397 1642.010132 71.750000 ) (-883 1695.757690 71.750000 ) (-883 2048 71.750000 ) (-671 2048 71.750000 ) 
3 749 755 (-859.554016 1642.010132 71.750000 ) (-860.513672 1642.010132 71.750000 ) (-860.036255 1643.334961 71.750000 ) 
5 749 754 (-860.513672 1642.010132 71.750000 ) (-883 1642.010132 71.750000 ) (-883 1682.448730 71.750000 ) (-872.938538 1678.780396 71.750000 ) (-860.036255 1643.334961 71.750000 ) 
3 749 753 (-772.084717 1642.010132 71.750000 ) (-859.554016 1642.010132 71.750000 ) (-872.938538 1678.780396 71.750000 ) 
4 749 751 (-665 2048 71.750000 ) (-665 1642.010132 71.750000 ) (-671 1642.010132 71.750000 ) (-671 2048 71.750000 ) 
4 749 750 (-883 2048 71.750000 ) (-883 1642.010132 71.750000 ) (-883 1642.010132 76.750000 ) (-883 2048 76.750000 ) 
4 750 820 (-1024 2048 76.750000 ) (-1024 2048 71.750000 ) (-1024 1575.010132 71.750000 ) (-1024 1575.010132 76.750000 ) 
4 750 782 (-883 1575.010132 76.750000 ) (-1024 1575.010132 76.750000 ) (-1024 1575.010132 71.750000 ) (-883 1575.010132 71.750000 ) 
4 750 765 (-1024 1733.856079 71.750000 ) (-1024 1746.604858 71.750000 ) (-883 1695.757690 71.750000 ) (-883 1682.448730 71.750000 ) 
4 750 761 (-1024 1746.604858 71.750000 ) (-1024 2048 71.750000 ) (-883 2048 71.750000 ) (-883 1695.757690 71.750000 ) 
3 750 756 (-883 1575.010132 71.750000 ) (-884.656982 1575.010132 71.750000 ) (-883 1579.608398 71.750000 ) 
5 750 754 (-884.656982 1575.010132 71.750000 ) (-1024 1575.010132 71.750000 ) (-1024 1733.856079 71.750000 ) (-883 1682.448730 71.750000 ) (-883 1579.608398 71.750000 ) 
4 751 788 (-671 2048 0 ) (-665 2048 0 ) (-665 1626.010132 0 ) (-671 1626.010132 0 ) 
4 751 761 (-671 2048 0 ) (-671 1626.010132 0 ) (-671 1626.010132 71.750000 ) (-671 2048 71.750000 ) 
4 751 752 (-671 1626.010132 6.750000 ) (-671 1626.010132 0 ) (-665 1626.010132 0 ) (-665 1626.010132 6.750000 ) 
4 752 789 (-665 1617.142822 0 ) (-665 1575.010132 0 ) (-671 1575.010132 0 ) (-671 1619.306641 0 ) 
4 752 788 (-665 1626.010132 0 ) (-665 1617.142822 0 ) (-671 1619.306641 0 ) (-671 1626.010132 0 ) 
4 752 772 (-671 1575.010132 0 ) (-665 1575.010132 0 ) (-665 1575.010132 6.750000 ) (-671 1575.010132 6.750000 ) 
4 752 762 (-671 1619.306519 0 ) (-671 1605.155640 0 ) (-671 1605.155640 6.750000 ) (-671 1619.306519 6.750000 ) 
4 752 761 (-671 1626.010132 0 ) (-671 1619.306519 0 ) (-671 1619.306519 6.750000 ) (-671 1626.010132 6.750000 ) 
4 752 753 (-671 1605.155640 0 ) (-671 1575.010132 0 ) (-671 1575.010132 6.750000 ) (-671 1605.155640 6.750000 ) 
4 753 792 (-872.937561 1678.780151 0 ) (-709 1619.010010 0 ) (-829.729004 1575.010132 0 ) (-835.165161 1575.010132 0 ) 
4 753 790 (-709 1619.010010 0 ) (-697.998535 1615 0 ) (-683.457764 1575.010132 0 ) (-829.729004 1575.010132 0 ) 
4 753 789 (-697.998535 1615 0 ) (-671 1605.155640 0 ) (-671 1575.010132 0 ) (-683.457764 1575.010132 0 ) 
4 753 781 (-835.165161 1575.010132 0 ) (-817 1575.010132 0 ) (-817 1575.010132 71.750000 ) (-835.165955 1575.010132 71.750000 ) 
4 753 779 (-817 1575.010132 0 ) (-792 1575.010132 0 ) (-792 1575.010132 71.750000 ) (-817 1575.010132 71.750000 ) 
4 753 772 (-792 1575.010132 0 ) (-671 1575.010132 0 ) (-671 1575.010132 64 ) (-792 1575.010132 64 ) 
4 753 769 (-671 1575.010132 64 ) (-671 1575.010132 71.750000 ) (-792 1575.010132 71.750000 ) (-792 1575.010132 64 ) 
4 753 765 (-714.131226 1620.880493 0 ) (-872.937439 1678.779785 0 ) (-872.938721 1678.781250 71.750000 ) (-714.131348 1620.880859 71.750000 ) 
4 753 763 (-697.998413 1614.998657 0 ) (-709 1619.009888 0 ) (-709 1619.010010 71.750000 ) (-698 1615 71.750000 ) 
4 753 762 (-671 1605.155273 71.750000 ) (-671 1605.155273 0 ) (-697.998413 1614.998657 0 ) (-698 1615 71.750000 ) 
4 753 758 (-856.073242 1632.450684 0 ) (-854.871643 1629.149658 0 ) (-854.872559 1629.149902 71.750000 ) (-856.074097 1632.450684 71.750000 ) 
4 753 757 (-853 1624.007324 0 ) (-848.992065 1612.996948 0 ) (-848.993164 1612.997681 71.750000 ) (-853 1624.005005 71.750000 ) 
4 753 756 (-848.992065 1612.996948 0 ) (-835.164795 1575.010132 0 ) (-835.165588 1575.010132 71.750000 ) (-848.993164 1612.997681 71.750000 ) 
4 753 755 (-860.035706 1643.336548 0 ) (-856.073242 1632.450684 0 ) (-856.074097 1632.450684 71.750000 ) (-860.036133 1643.335449 71.750000 ) 
4 753 754 (-872.936462 1678.775757 71.750000 ) (-872.935547 1678.775391 0 ) (-860.035706 1643.336548 0 ) (-860.036133 1643.335449 71.750000 ) 
4 754 820 (-1024 1733.856079 0 ) (-1024 1575.010132 0 ) (-1024 1575.010132 71.750000 ) (-1024 1733.856079 71.750000 ) 
5 754 804 (-1024 1575.010132 0 ) (-1024 1733.856079 0 ) (-872.937561 1678.780151 0 ) (-860.035889 1643.336182 0 ) (-884.656921 1575.010132 0 ) 
4 754 782 (-1024 1575.010132 0 ) (-884.656921 1575.010132 0 ) (-884.656921 1575.010132 71.750000 ) (-1024 1575.010132 71.750000 ) 
4 754 765 (-872.937439 1678.779785 0 ) (-1024 1733.855713 0 ) (-1024 1733.857422 71.750000 ) (-872.938721 1678.781250 71.750000 ) 
4 754 760 (-867 1624.008911 71.750000 ) (-868.415710 1620.078979 71.750000 ) (-868.415833 1620.078735 0 ) (-867 1624.008911 0 ) 
4 754 756 (-868.415710 1620.078979 71.750000 ) (-884.656067 1575.010132 71.750000 ) (-884.656067 1575.010132 0 ) (-868.415833 1620.078735 0 ) 
4 754 755 (-860.035156 1643.335938 0 ) (-860.035522 1643.334839 71.750000 ) (-865.154114 1629.130249 71.750000 ) (-865.154236 1629.130005 0 ) 
3 755 805 (-860.035889 1643.336182 0 ) (-856.073547 1632.450684 0 ) (-865.155151 1629.129639 0 ) 
4 755 758 (-860.004272 1631.011353 0 ) (-856.071472 1632.449341 0 ) (-856.072266 1632.449341 71.750000 ) (-860.004944 1631.011353 71.750000 ) 
4 756 806 (-848.992432 1612.997070 0 ) (-835.165161 1575.010132 0 ) (-884.656921 1575.010132 0 ) (-868.416565 1620.078857 0 ) 
4 756 781 (-883 1575.010132 0 ) (-835.165161 1575.010132 0 ) (-835.165955 1575.010132 71.750000 ) (-883 1575.010132 71.750000 ) 
4 756 782 (-884.656921 1575.010132 0 ) (-883 1575.010132 0 ) (-883 1575.010132 71.750000 ) (-884.656921 1575.010132 71.750000 ) 
4 756 760 (-865.127014 1618.879883 0 ) (-868.417114 1620.079468 0 ) (-868.417053 1620.079712 71.750000 ) (-865.127075 1618.880127 71.750000 ) 
4 756 759 (-856.076721 1615.579956 0 ) (-860 1617.010254 0 ) (-860 1617.010376 71.750000 ) (-856.075928 1615.579834 71.750000 ) 
4 756 757 (-848.993774 1612.997559 71.750000 ) (-848.992737 1612.996948 0 ) (-856.076721 1615.579956 0 ) (-856.075928 1615.579834 71.750000 ) 
3 757 807 (-853 1624.006836 0 ) (-848.992432 1612.997070 0 ) (-856.076721 1615.579956 0 ) 
4 757 759 (-854.873291 1618.879517 0 ) (-856.077148 1615.582031 0 ) (-856.076355 1615.582031 71.750000 ) (-854.872375 1618.879883 71.750000 ) 
3 758 808 (-856.073547 1632.450684 0 ) (-854.872009 1629.149780 0 ) (-860.006958 1631.012329 0 ) 
3 759 809 (-854.871826 1618.880127 0 ) (-856.076721 1615.579956 0 ) (-860 1617.010132 0 ) 
3 760 810 (-865.126770 1618.879395 0 ) (-868.416565 1620.078857 0 ) (-867 1624.010010 0 ) 
4 761 820 (-1024 2048 71.750000 ) (-1024 2048 0 ) (-1024 1746.604858 0 ) (-1024 1746.604858 71.750000 ) 
4 761 804 (-1024 1746.604858 0 ) (-1024 2048 0 ) (-1007.334106 2048 0 ) (-878.530762 1694.145996 0 ) 
4 761 788 (-1007.334106 2048 0 ) (-671 2048 0 ) (-671 1619.306519 0 ) (-878.530762 1694.145996 0 ) 
4 761 767 (-712.950256 1634.434937 0 ) (-709.002441 1633.011353 0 ) (-709.002258 1633.011230 71.750000 ) (-712.950378 1634.434937 71.750000 ) 
4 761 766 (-719.995117 1636.975464 0 ) (-712.950256 1634.434937 0 ) (-712.950378 1634.434937 71.750000 ) (-719.995056 1636.975464 71.750000 ) 
4 761 765 (-1024 1746.605225 0 ) (-719.995117 1636.975464 0 ) (-719.995056 1636.975464 71.750000 ) (-1024 1746.605225 71.750000 ) 
4 761 762 (-703.875977 1631.162598 0 ) (-671 1619.306885 0 ) (-671 1619.306885 71.750000 ) (-703.877747 1631.163208 71.750000 ) 
4 762 789 (-703.875854 1631.162109 0 ) (-671 1619.306519 0 ) (-671 1605.155640 0 ) (-697.998596 1615 0 ) 
4 762 764 (-702.001282 1626.006592 0 ) (-700.573853 1622.081055 0 ) (-700.575195 1622.080566 71.750000 ) (-702.002014 1626.004395 71.750000 ) 
4 762 763 (-700.573853 1622.081055 0 ) (-698 1615 0 ) (-698 1615.001343 71.750000 ) (-700.575195 1622.080566 71.750000 ) 
3 763 790 (-700.573730 1622.081055 0 ) (-697.998596 1615 0 ) (-709 1619.010010 0 ) 
4 763 764 (-700.577515 1622.077637 71.750000 ) (-700.576172 1622.078125 0 ) (-703.869751 1620.877930 0 ) (-703.869812 1620.877808 71.750000 ) 
3 764 791 (-702.001160 1626.006592 0 ) (-700.573730 1622.081055 0 ) (-703.868896 1620.880127 0 ) 
4 765 820 (-1024 1746.604858 0 ) (-1024 1733.856079 0 ) (-1024 1733.856079 71.750000 ) (-1024 1746.604858 71.750000 ) 
4 765 804 (-1024 1733.856079 0 ) (-1024 1746.604858 0 ) (-878.530762 1694.145996 0 ) (-872.937561 1678.780151 0 ) 
4 765 793 (-878.530762 1694.145996 0 ) (-719.994873 1636.974976 0 ) (-714.131348 1620.880859 0 ) (-872.937561 1678.780151 0 ) 
4 765 766 (-716 1626.010864 0 ) (-719.993774 1636.973877 0 ) (-719.993774 1636.973877 71.750000 ) (-716 1626.010864 71.750000 ) 
3 766 794 (-719.994873 1636.974976 0 ) (-712.950439 1634.434570 0 ) (-716 1626.010010 0 ) 
4 766 767 (-714.143372 1631.141235 0 ) (-712.951172 1634.434814 0 ) (-712.951172 1634.434814 71.750000 ) (-714.143433 1631.141113 71.750000 ) 
3 767 795 (-712.950439 1634.434570 0 ) (-709.003052 1633.011108 0 ) (-714.142395 1631.141724 0 ) 
4 768 856 (0 1024 80 ) (0 1024 620.299988 ) (-1024 1024 620.299988 ) (-1024 1024 80 ) 
4 768 820 (-1024 1024 80 ) (-1024 1024 620.299988 ) (-1024 1575.010132 620.299988 ) (-1024 1575.010132 80 ) 
4 768 784 (-883 1364.010010 80 ) (-883 1371.010132 80 ) (-817 1371.010132 80 ) (-817 1364.010010 80 ) 
4 768 786 (-817 1024 80 ) (-883 1024 80 ) (-883 1364.010010 80 ) (-817 1364.010010 80 ) 
4 768 783 (-792 1024 80 ) (-817 1024 80 ) (-817 1371.010132 80 ) (-792 1371.010132 80 ) 
4 768 787 (-883 1024 80 ) (-1024 1024 80 ) (-1024 1371.010132 80 ) (-883 1371.010132 80 ) 
4 768 780 (-883 1575.010132 80 ) (-817 1575.010132 80 ) (-817 1371.010132 80 ) (-883 1371.010132 80 ) 
4 768 779 (-817 1575.010132 80 ) (-792 1575.010132 80 ) (-792 1371.010132 80 ) (-817 1371.010132 80 ) 
4 768 782 (-1024 1371.010132 80 ) (-1024 1575.010132 80 ) (-883 1575.010132 80 ) (-883 1371.010132 80 ) 
4 768 770 (0 1024 80 ) (-696 1024 80 ) (-696 1448.010132 80 ) (0 1448.010132 80 ) 
4 768 769 (-792 1544.010132 80 ) (-792 1575.010132 80 ) (0 1575.010132 80 ) (0 1544.010132 80 ) 
4 769 779 (-792 1544.010132 80 ) (-792 1575.010132 80 ) (-792 1575.010132 64 ) (-792 1544.010132 64 ) 
4 769 773 (-663.780945 1575.010132 64 ) (0 1575.010132 64 ) (0 1544.010132 64 ) (-749.006042 1544.010132 64 ) 
4 769 772 (-792 1544.010132 64 ) (-792 1575.010132 64 ) (-663.780945 1575.010132 64 ) (-749.006042 1544.010132 64 ) 
4 770 859 (-168 1024 80 ) (-264 1024 80 ) (-264 1024 64 ) (-168 1024 64 ) 
4 770 860 (-264 1024 80 ) (-696 1024 80 ) (-696 1024 64 ) (-264 1024 64 ) 
4 770 857 (0 1024 64 ) (0 1024 80 ) (-168 1024 80 ) (-168 1024 64 ) 
3 770 773 (-568.839539 1448.010132 64 ) (0 1448.010132 64 ) (0 1239.788940 64 ) 
5 770 771 (0 1024 64 ) (-696 1024 64 ) (-696 1448.010132 64 ) (-568.839539 1448.010132 64 ) (0 1239.788940 64 ) 
4 771 862 (0 1024 0 ) (0 1024 64 ) (-792 1024 64 ) (-792 1024 0 ) 
3 771 806 (-634.596802 1024 0 ) (-792 1024 0 ) (-792 1456.424805 0 ) 
6 771 797 (0 1024 0 ) (-634.596802 1024 0 ) (-792 1456.424805 0 ) (-792 1528.371460 0 ) (-790.183594 1529.032104 0 ) (0 1239.788940 0 ) 
3 771 790 (-792 1528.371460 0 ) (-792 1529.697021 0 ) (-790.183594 1529.032104 0 ) 
4 771 783 (-792 1371.010132 0 ) (-792 1024 0 ) (-792 1024 64 ) (-792 1371.010132 64 ) 
4 771 779 (-792 1529.697021 0 ) (-792 1371.010132 0 ) (-792 1371.010132 64 ) (-792 1529.697021 64 ) 
4 771 775 (-767.075989 1520.572021 0 ) (-771.002380 1522.009277 0 ) (-771.002441 1522.009277 64 ) (-767.075073 1520.571655 64 ) 
4 771 774 (-776.135254 1523.888062 0 ) (-790.185913 1529.031250 0 ) (-790.185913 1529.031250 64 ) (-776.135254 1523.888062 64 ) 
4 771 773 (0 1239.787109 0 ) (-767.075989 1520.572021 0 ) (-767.075073 1520.571655 64 ) (0 1239.787231 64 ) 
4 771 772 (-790.185913 1529.031250 0 ) (-792 1529.695313 0 ) (-792 1529.695313 64 ) (-790.185913 1529.031250 64 ) 
5 772 790 (-792 1529.697021 0 ) (-792 1575.010132 0 ) (-683.457764 1575.010132 0 ) (-681.159241 1568.688843 0 ) (-790.183594 1529.032104 0 ) 
3 772 789 (-683.457764 1575.010132 0 ) (-663.780945 1575.010132 0 ) (-681.159241 1568.688843 0 ) 
4 772 779 (-792 1575.010132 64 ) (-792 1575.010132 0 ) (-792 1529.697021 0 ) (-792 1529.697021 64 ) 
4 772 777 (-770.998779 1536.009521 0 ) (-759.982971 1540.016357 0 ) (-759.981750 1540.016846 64 ) (-770.998901 1536.009521 64 ) 
4 772 776 (-779.431519 1532.942139 0 ) (-776.141418 1534.138916 0 ) (-776.141418 1534.139038 64 ) (-779.431519 1532.942261 64 ) 
4 772 774 (-790.183594 1529.031250 64 ) (-790.183594 1529.031250 0 ) (-779.431519 1532.942139 0 ) (-779.431519 1532.942261 64 ) 
4 772 773 (-759.982971 1540.016357 0 ) (-663.777344 1575.010132 0 ) (-663.777344 1575.010132 64 ) (-759.981750 1540.016846 64 ) 
5 773 798 (-663.780945 1575.010132 0 ) (0 1575.010132 0 ) (0 1239.788940 0 ) (-767.075500 1520.573486 0 ) (-759.982666 1540.017456 0 ) 
4 773 778 (-762.554993 1532.962158 0 ) (-763.998352 1529.005493 0 ) (-763.997864 1529.004150 64 ) (-762.554138 1532.961792 64 ) 
4 773 777 (-759.979309 1540.020020 64 ) (-759.980469 1540.019531 0 ) (-762.554993 1532.962158 0 ) (-762.554138 1532.961792 64 ) 
4 773 775 (-765.871094 1523.871826 0 ) (-767.074219 1520.573853 0 ) (-767.073303 1520.573486 64 ) (-765.869934 1523.872314 64 ) 
3 774 799 (-776.135986 1523.890015 0 ) (-790.183594 1529.032104 0 ) (-779.431824 1532.942993 0 ) 
4 774 776 (-778 1529.010010 0 ) (-779.431702 1532.942139 0 ) (-779.431702 1532.942139 64 ) (-778 1529.010010 64 ) 
3 775 800 (-767.075500 1520.573486 0 ) (-771 1522.010010 0 ) (-765.872498 1523.871338 0 ) 
3 776 801 (-778 1529.010132 0 ) (-779.431824 1532.942993 0 ) (-776.141113 1534.140015 0 ) 
3 777 802 (-771 1536.010010 0 ) (-759.982666 1540.017456 0 ) (-762.556152 1532.962524 0 ) 
4 777 778 (-765.875061 1534.160278 0 ) (-762.556274 1532.962402 0 ) (-762.555359 1532.962036 64 ) (-765.875061 1534.160278 64 ) 
3 778 803 (-765.875122 1534.160400 0 ) (-762.556152 1532.962524 0 ) (-763.998962 1529.007202 0 ) 
4 779 806 (-792 1456.424805 0 ) (-792 1371.010132 0 ) (-817 1371.010132 0 ) (-817 1525.106079 0 ) 
3 779 797 (-792 1528.371460 0 ) (-792 1456.424805 0 ) (-815.126587 1519.959229 0 ) 
5 779 790 (-817 1575.010132 0 ) (-792 1575.010132 0 ) (-792 1528.371460 0 ) (-815.126587 1519.959229 0 ) (-817 1525.106079 0 ) 
4 779 783 (-817 1371.010132 0 ) (-792 1371.010132 0 ) (-792 1371.010132 80 ) (-817 1371.010132 80 ) 
4 779 780 (-817 1371.010132 76.750000 ) (-817 1371.010132 80 ) (-817 1575.010132 80 ) (-817 1575.010132 76.750000 ) 
4 779 781 (-817 1371.010132 0 ) (-817 1371.010132 71.750000 ) (-817 1575.010132 71.750000 ) (-817 1575.010132 0 ) 
4 780 784 (-817 1371.010132 77 ) (-817 1371.010132 80 ) (-883 1371.010132 80 ) (-883 1371.010132 77 ) 
4 780 782 (-883 1371.010132 76.750000 ) (-883 1371.010132 80 ) (-883 1575.010132 80 ) (-883 1575.010132 76.750000 ) 
5 781 806 (-883 1575.010132 0 ) (-835.165161 1575.010132 0 ) (-817 1525.106079 0 ) (-817 1371.010132 0 ) (-883 1371.010132 0 ) 
3 781 792 (-835.165161 1575.010132 0 ) (-829.729004 1575.010132 0 ) (-834.528442 1573.260986 0 ) 
4 781 790 (-829.729004 1575.010132 0 ) (-817 1575.010132 0 ) (-817 1525.106079 0 ) (-834.528442 1573.260986 0 ) 
4 781 785 (-883 1371.010132 0 ) (-817 1371.010132 0 ) (-817 1371.010132 48 ) (-883 1371.010132 48 ) 
4 781 782 (-883 1371.010132 0 ) (-883 1371.010132 71.750000 ) (-883 1575.010132 71.750000 ) (-883 1575.010132 0 ) 
4 782 820 (-1024 1371.010132 80 ) (-1024 1575.010132 80 ) (-1024 1575.010132 0 ) (-1024 1371.010132 0 ) 
4 782 806 (-884.656982 1575.010132 0 ) (-883 1575.010132 0 ) (-883 1371.010132 0 ) (-958.167603 1371.010132 0 ) 
4 782 804 (-1024 1371.010132 0 ) (-1024 1575.010132 0 ) (-884.656982 1575.010132 0 ) (-958.167603 1371.010132 0 ) 
4 782 787 (-1024 1371.010132 0 ) (-883 1371.010132 0 ) (-883 1371.010132 80 ) (-1024 1371.010132 80 ) 
4 783 861 (-792 1024 80 ) (-817 1024 80 ) (-817 1024 64 ) (-792 1024 64 ) 
4 783 862 (-817 1024 64 ) (-817 1024 0 ) (-792 1024 0 ) (-792 1024 64 ) 
4 783 806 (-792 1024 0 ) (-817 1024 0 ) (-817 1371.010132 0 ) (-792 1371.010132 0 ) 
4 783 784 (-817 1371.010132 80 ) (-817 1371.010132 77 ) (-817 1364.010010 77 ) (-817 1364.010010 80 ) 
4 783 785 (-817 1371.010132 48 ) (-817 1371.010132 0 ) (-817 1364.010010 0 ) (-817 1364.010010 48 ) 
4 783 786 (-817 1364.010010 0 ) (-817 1024 0 ) (-817 1024 80 ) (-817 1364.010010 80 ) 
4 784 787 (-883 1371.010132 80 ) (-883 1371.010132 77 ) (-883 1364.010010 77 ) (-883 1364.010010 80 ) 
4 784 786 (-883 1364.010010 80 ) (-883 1364.010010 77 ) (-817 1364.010010 77 ) (-817 1364.010010 80 ) 
4 785 806 (-883 1364.010010 0 ) (-883 1371.010132 0 ) (-817 1371.010132 0 ) (-817 1364.010010 0 ) 
4 785 786 (-883 1364.010010 48 ) (-883 1364.010010 0 ) (-817 1364.010010 0 ) (-817 1364.010010 48 ) 
4 785 787 (-883 1371.010132 48 ) (-883 1371.010132 0 ) (-883 1364.010010 0 ) (-883 1364.010010 48 ) 
4 786 861 (-817 1024 80 ) (-883 1024 80 ) (-883 1024 64 ) (-817 1024 64 ) 
4 786 862 (-883 1024 64 ) (-883 1024 0 ) (-817 1024 0 ) (-817 1024 64 ) 
4 786 806 (-817 1024 0 ) (-883 1024 0 ) (-883 1364.010010 0 ) (-817 1364.010010 0 ) 
4 786 787 (-883 1364.010010 0 ) (-883 1024 0 ) (-883 1024 80 ) (-883 1364.010010 80 ) 
4 787 861 (-883 1024 80 ) (-1024 1024 80 ) (-1024 1024 64 ) (-883 1024 64 ) 
4 787 862 (-1024 1024 64 ) (-1024 1024 0 ) (-883 1024 0 ) (-883 1024 64 ) 
4 787 820 (-1024 1024 0 ) (-1024 1024 80 ) (-1024 1371.010132 80 ) (-1024 1371.010132 0 ) 
5 787 806 (-883 1024 0 ) (-1024 1024 0 ) (-1024 1188.317993 0 ) (-958.167603 1371.010132 0 ) (-883 1371.010132 0 ) 
3 787 804 (-1024 1188.317993 0 ) (-1024 1371.010132 0 ) (-958.167603 1371.010132 0 ) 
4 788 804 (-878.528809 1694.145264 0 ) (-1007.332031 2048 0 ) (-1007.330261 2048 -110.250000 ) (-878.526367 1694.144531 -110.250000 ) 
4 788 811 (-1007.330261 2048 -110.250000 ) (-1007.330200 2048 -113.250000 ) (-878.526306 1694.144531 -113.250000 ) (-878.526367 1694.144531 -110.250000 ) 
4 788 798 (-606.221802 1595.946289 -113.250000 ) (0 1816.454590 -113.250000 ) (0 1816.455078 0 ) (-606.221863 1595.946411 0 ) 
4 788 795 (-712.950012 1634.435791 -113.250000 ) (-709.001648 1633.011963 -113.250000 ) (-709.001038 1633.011841 0 ) (-712.949951 1634.435913 0 ) 
4 788 794 (-719.995544 1636.976563 -113.250000 ) (-712.950012 1634.435791 -113.250000 ) (-712.949951 1634.435913 0 ) (-719.995544 1636.976685 0 ) 
4 788 793 (-878.528748 1694.146973 0 ) (-878.527344 1694.146484 -113.250000 ) (-719.995544 1636.976563 -113.250000 ) (-719.995544 1636.976685 0 ) 
4 788 789 (-703.873657 1631.162720 -113.250000 ) (-606.226563 1595.949219 -113.250000 ) (-606.226563 1595.949219 0 ) (-703.876404 1631.163818 0 ) 
5 788 796 (0 1816.451050 -113.250000 ) (-606.216614 1595.944458 -113.250000 ) (-878.525391 1694.144043 -113.250000 ) (-1007.329407 2048 -113.250000 ) (0 2048 -113.250000 ) 
4 789 798 (-681.156921 1568.689209 -113.250000 ) (-606.221802 1595.946289 -113.250000 ) (-606.221863 1595.946411 0 ) (-681.159058 1568.688599 0 ) 
4 789 791 (-702 1626.009888 -113.250000 ) (-700.571716 1622.081787 -113.250000 ) (-700.573853 1622.081055 0 ) (-702.001282 1626.006592 0 ) 
4 789 790 (-700.571716 1622.081787 -113.250000 ) (-681.157166 1568.689575 -113.250000 ) (-681.159302 1568.688843 0 ) (-700.573853 1622.081055 0 ) 
3 789 796 (-606.216614 1595.944458 -113.250000 ) (-681.155762 1568.685913 -113.250000 ) (-703.873108 1631.161133 -113.250000 ) 
4 790 806 (-815.123230 1519.960571 -110.250000 ) (-815.125244 1519.959717 0 ) (-834.527100 1573.261475 0 ) (-834.525085 1573.262207 -110.250000 ) 
4 790 811 (-815.123169 1519.960571 -113.250000 ) (-815.123230 1519.960571 -110.250000 ) (-834.525085 1573.262207 -110.250000 ) (-834.525024 1573.262207 -113.250000 ) 
4 790 802 (-771 1536.009766 -113.250000 ) (-759.984985 1540.016113 -113.250000 ) (-759.982910 1540.016968 0 ) (-771 1536.009766 0 ) 
4 790 801 (-779.431702 1532.942505 -113.250000 ) (-776.141296 1534.139404 -113.250000 ) (-776.141296 1534.139526 0 ) (-779.431702 1532.942627 0 ) 
4 790 799 (-790.182983 1529.031860 -113.250000 ) (-779.431702 1532.942505 -113.250000 ) (-779.431702 1532.942627 0 ) (-790.183044 1529.031860 0 ) 
4 790 798 (-759.984985 1540.016113 -113.250000 ) (-681.156921 1568.689209 -113.250000 ) (-681.159058 1568.688599 0 ) (-759.982910 1540.016968 0 ) 
4 790 797 (-815.128906 1519.958008 0 ) (-815.127808 1519.958374 -113.250000 ) (-790.182983 1529.031860 -113.250000 ) (-790.183044 1529.031860 0 ) 
4 790 792 (-708.997131 1619.009033 -113.250000 ) (-834.526733 1573.259521 -113.250000 ) (-834.527832 1573.259155 0 ) (-708.997314 1619.009033 0 ) 
4 790 791 (-700.576172 1622.078125 0 ) (-700.574036 1622.078857 -113.250000 ) (-703.869751 1620.877686 -113.250000 ) (-703.869751 1620.877808 0 ) 
4 790 796 (-681.155762 1568.685913 -113.250000 ) (-815.121094 1519.957031 -113.250000 ) (-834.524353 1573.262573 -113.250000 ) (-700.571655 1622.081787 -113.250000 ) 
3 791 796 (-702 1626.009888 -113.250000 ) (-700.571655 1622.081787 -113.250000 ) (-703.868835 1620.880127 -113.250000 ) 
4 792 808 (-854.870239 1629.149170 0 ) (-856.072205 1632.451172 0 ) (-856.070068 1632.451538 -110.250000 ) (-854.867737 1629.148438 -110.250000 ) 
4 792 807 (-848.990662 1612.996460 0 ) (-853 1624.009033 0 ) (-852.998657 1624.013672 -110.250000 ) (-848.987854 1612.994995 -110.250000 ) 
4 792 806 (-834.527100 1573.261475 0 ) (-848.990662 1612.996460 0 ) (-848.987854 1612.994995 -110.250000 ) (-834.525085 1573.262207 -110.250000 ) 
4 792 805 (-856.072205 1632.451172 0 ) (-860.035095 1643.338257 0 ) (-860.033997 1643.341431 -110.250000 ) (-856.070068 1632.451538 -110.250000 ) 
4 792 804 (-860.035095 1643.338257 0 ) (-872.935669 1678.779419 0 ) (-872.933167 1678.778564 -110.250000 ) (-860.033997 1643.341431 -110.250000 ) 
4 792 811 (-872.933167 1678.778564 -110.250000 ) (-872.933105 1678.778564 -113.250000 ) (-834.525024 1573.262207 -113.250000 ) (-834.525085 1573.262207 -110.250000 ) 
4 792 793 (-714.131958 1620.882690 -113.250000 ) (-872.936829 1678.781372 -113.250000 ) (-872.938232 1678.781860 0 ) (-714.131958 1620.882690 0 ) 
3 792 796 (-834.524353 1573.262573 -113.250000 ) (-872.932190 1678.778076 -113.250000 ) (-709 1619.010010 -113.250000 ) 
4 793 804 (-872.935669 1678.779419 0 ) (-878.528809 1694.145264 0 ) (-878.526367 1694.144531 -110.250000 ) (-872.933167 1678.778564 -110.250000 ) 
4 793 811 (-878.526367 1694.144531 -110.250000 ) (-878.526306 1694.144531 -113.250000 ) (-872.933105 1678.778564 -113.250000 ) (-872.933167 1678.778564 -110.250000 ) 
4 793 794 (-716 1626.008911 -113.250000 ) (-719.995300 1636.974121 -113.250000 ) (-719.995300 1636.974121 0 ) (-716 1626.008911 0 ) 
4 793 796 (-872.932190 1678.778076 -113.250000 ) (-878.525391 1694.144043 -113.250000 ) (-719.994873 1636.974976 -113.250000 ) (-714.131348 1620.880859 -113.250000 ) 
4 794 795 (-714.143372 1631.141602 -113.250000 ) (-712.951233 1634.434937 -113.250000 ) (-712.951233 1634.434937 0 ) (-714.143494 1631.141235 0 ) 
3 794 796 (-719.994873 1636.974976 -113.250000 ) (-712.950378 1634.434570 -113.250000 ) (-716 1626.010010 -113.250000 ) 
3 795 796 (-712.950378 1634.434570 -113.250000 ) (-709.003418 1633.011230 -113.250000 ) (-714.142212 1631.142090 -113.250000 ) 
4 796 811 (-1007.330078 2048 -120 ) (-815.123047 1519.960571 -120 ) (-815.123169 1519.960571 -113.250000 ) (-1007.330200 2048 -113.250000 ) 
4 796 802 (-771 1536.009766 -120 ) (-759.985168 1540.016113 -120 ) (-759.985107 1540.016113 -113.250000 ) (-771 1536.009766 -113.250000 ) 
4 796 801 (-779.431702 1532.942505 -120 ) (-776.141235 1534.139404 -120 ) (-776.141296 1534.139526 -113.250000 ) (-779.431702 1532.942627 -113.250000 ) 
4 796 799 (-790.182983 1529.031860 -120 ) (-779.431702 1532.942505 -120 ) (-779.431702 1532.942627 -113.250000 ) (-790.183044 1529.031860 -113.250000 ) 
4 796 798 (-759.985168 1540.016113 -120 ) (0 1816.454590 -120 ) (0 1816.454590 -113.250000 ) (-759.985107 1540.016113 -113.250000 ) 
4 796 797 (-815.127808 1519.958374 -113.250000 ) (-815.127747 1519.958374 -120 ) (-790.182983 1529.031860 -120 ) (-790.183044 1529.031860 -113.250000 ) 
4 797 863 (0 1024 -120 ) (0 1024 0 ) (-634.596802 1024 0 ) (-634.595459 1024 -120 ) 
4 797 806 (-634.593079 1024 -110.250000 ) (-634.595703 1024 0 ) (-815.125244 1519.959717 0 ) (-815.123230 1519.960449 -110.250000 ) 
4 797 811 (-815.123047 1519.960571 -120 ) (-634.592834 1024 -120 ) (-634.593079 1024 -110.250000 ) (-815.123230 1519.960449 -110.250000 ) 
4 797 800 (-767.077393 1520.573853 -120 ) (-771 1522.009888 -120 ) (-771 1522.009888 0 ) (-767.075623 1520.573242 0 ) 
4 797 799 (-776.135803 1523.889648 -120 ) (-790.187500 1529.033203 -120 ) (-790.187500 1529.033203 0 ) (-776.135864 1523.889648 0 ) 
4 797 798 (0 1239.788330 -120 ) (-767.077393 1520.573853 -120 ) (-767.075623 1520.573242 0 ) (0 1239.788574 0 ) 
4 798 803 (-762.556885 1532.962769 -120 ) (-764 1529.008423 -120 ) (-763.998474 1529.005859 0 ) (-762.555237 1532.962280 0 ) 
4 798 802 (-759.981018 1540.018921 0 ) (-759.983215 1540.018066 -120 ) (-762.556885 1532.962769 -120 ) (-762.555237 1532.962280 0 ) 
4 798 800 (-765.873535 1523.870850 -120 ) (-767.075928 1520.574829 -120 ) (-767.074219 1520.574219 0 ) (-765.871338 1523.871704 0 ) 
4 799 801 (-778 1529.009644 -120 ) (-779.432678 1532.944092 -120 ) (-779.432678 1532.944092 0 ) (-778 1529.009644 0 ) 
4 802 803 (-765.875061 1534.160156 -120 ) (-762.557983 1532.963013 -120 ) (-762.556274 1532.962402 0 ) (-765.875061 1534.160156 0 ) 
4 804 821 (-1024 1188.317993 0 ) (-1024 2048 0 ) (-1024 2048 -110.250000 ) (-1024 1188.317871 -110.250000 ) 
4 804 810 (-868.416382 1620.078613 -110.250000 ) (-867 1624.009644 -110.250000 ) (-867 1624.009644 0 ) (-868.416321 1620.078857 0 ) 
4 804 806 (-1024 1188.316406 -110.250000 ) (-868.416382 1620.078613 -110.250000 ) (-868.416321 1620.078857 0 ) (-1024 1188.317261 0 ) 
4 804 805 (-865.154968 1629.129395 -110.250000 ) (-860.037109 1643.332031 -110.250000 ) (-860.037720 1643.330444 0 ) (-865.154907 1629.129761 0 ) 
4 804 811 (-1007.334167 2048 -110.250000 ) (-860.036133 1643.335571 -110.250000 ) (-1024 1188.317993 -110.250000 ) (-1024 2048 -110.250000 ) 
4 805 808 (-860.003540 1631.011353 -110.250000 ) (-856.071838 1632.449097 -110.250000 ) (-856.072998 1632.449097 0 ) (-860.004517 1631.011353 0 ) 
3 805 811 (-860.036133 1643.335571 -110.250000 ) (-856.073853 1632.450195 -110.250000 ) (-865.155396 1629.129150 -110.250000 ) 
4 806 863 (-634.596802 1024 0 ) (-1024 1024 0 ) (-1024 1024 -110.250000 ) (-634.595581 1024 -110.250000 ) 
4 806 821 (-1024 1024 -110.250000 ) (-1024 1024 0 ) (-1024 1188.317993 0 ) (-1024 1188.317871 -110.250000 ) 
4 806 810 (-865.126892 1618.879639 -110.250000 ) (-868.417236 1620.079102 -110.250000 ) (-868.417114 1620.079468 0 ) (-865.127075 1618.880127 0 ) 
4 806 809 (-856.077515 1615.580811 -110.250000 ) (-860 1617.010376 -110.250000 ) (-859.998596 1617.010620 0 ) (-856.076355 1615.580811 0 ) 
4 806 807 (-848.993774 1613 0 ) (-848.992188 1612.998047 -110.250000 ) (-856.077515 1615.580811 -110.250000 ) (-856.076355 1615.580811 0 ) 
5 806 811 (-848.992798 1612.996826 -110.250000 ) (-634.597656 1024 -110.250000 ) (-1024 1024 -110.250000 ) (-1024 1188.317993 -110.250000 ) (-868.416687 1620.078613 -110.250000 ) 
4 807 809 (-854.874695 1618.879028 -110.250000 ) (-856.078369 1615.582031 -110.250000 ) (-856.077148 1615.582031 0 ) (-854.873291 1618.879517 0 ) 
3 807 811 (-853 1624.007813 -110.250000 ) (-848.992798 1612.996826 -110.250000 ) (-856.077881 1615.579956 -110.250000 ) 
3 808 811 (-856.073853 1632.450195 -110.250000 ) (-854.872681 1629.150269 -110.250000 ) (-860.006104 1631.012207 -110.250000 ) 
3 809 811 (-854.873169 1618.879517 -110.250000 ) (-856.077881 1615.579956 -110.250000 ) (-860 1617.009888 -110.250000 ) 
3 810 811 (-865.126709 1618.879028 -110.250000 ) (-868.416687 1620.078613 -110.250000 ) (-867 1624.010010 -110.250000 ) 
4 811 863 (-1024 1024 -110.250000 ) (-1024 1024 -120 ) (-634.595459 1024 -120 ) (-634.595581 1024 -110.250000 ) 
4 811 821 (-1024 1024 -120 ) (-1024 1024 -110.250000 ) (-1024 2048 -110.250000 ) (-1024 2048 -120 ) 
4 812 864 (0 1024 -288.299988 ) (0 1024 -166 ) (-1024 1024 -166 ) (-1024 1024 -288.299988 ) 
4 812 822 (-1024 1024 -288.299988 ) (-1024 1024 -166 ) (-1024 2048 -166 ) (-1024 2048 -288.299988 ) 
4 813 820 (-1024 2048 0 ) (-1024 2048 620.299988 ) (-2048 2048 620.299988 ) (-2048 2048 0 ) 
4 813 817 (-2048 3072 620.299988 ) (-2048 3072 0 ) (-2048 2048 0 ) (-2048 2048 620.299988 ) 
4 813 814 (-1024 2048 0 ) (-2048 2048 0 ) (-2048 3072 0 ) (-1024 3072 0 ) 
4 814 821 (-1024 2048 -120 ) (-1024 2048 0 ) (-2048 2048 0 ) (-2048 2048 -120 ) 
4 814 818 (-2048 3072 0 ) (-2048 3072 -120 ) (-2048 2048 -120 ) (-2048 2048 0 ) 
4 815 822 (-1024 2048 -288.299988 ) (-1024 2048 -166 ) (-2048 2048 -166 ) (-2048 2048 -288.299988 ) 
4 815 819 (-2048 3072 -166 ) (-2048 3072 -288.299988 ) (-2048 2048 -288.299988 ) (-2048 2048 -166 ) 
4 817 842 (-3072 2048 0 ) (-3072 2048 620.299988 ) (-3072 3072 620.299988 ) (-3072 3072 0 ) 
4 817 823 (-3072 2048 620.299988 ) (-3072 2048 0 ) (-2048 2048 0 ) (-2048 2048 620.299988 ) 
4 817 818 (-2048 3072 0 ) (-2048 2048 0 ) (-3072 2048 0 ) (-3072 3072 0 ) 
4 818 843 (-3072 2048 -120 ) (-3072 2048 0 ) (-3072 3072 0 ) (-3072 3072 -120 ) 
4 818 824 (-3072 2048 0 ) (-3072 2048 -120 ) (-2048 2048 -120 ) (-2048 2048 0 ) 
4 819 844 (-3072 2048 -288.299988 ) (-3072 2048 -166 ) (-3072 3072 -166 ) (-3072 3072 -288.299988 ) 
4 819 825 (-3072 2048 -166 ) (-3072 2048 -288.299988 ) (-2048 2048 -288.299988 ) (-2048 2048 -166 ) 
4 820 962 (-1024 1024 0 ) (-1024 1024 620.299988 ) (-2048 1024 620.299988 ) (-2048 1024 0 ) 
4 820 823 (-2048 2048 620.299988 ) (-2048 2048 0 ) (-2048 1024 0 ) (-2048 1024 620.299988 ) 
4 820 821 (-2048 2048 0 ) (-1024 2048 0 ) (-1024 1024 0 ) (-2048 1024 0 ) 
4 821 963 (-1024 1024 -120 ) (-1024 1024 0 ) (-2048 1024 0 ) (-2048 1024 -120 ) 
4 821 824 (-2048 2048 0 ) (-2048 2048 -120 ) (-2048 1024 -120 ) (-2048 1024 0 ) 
4 822 964 (-1024 1024 -288.299988 ) (-1024 1024 -166 ) (-2048 1024 -166 ) (-2048 1024 -288.299988 ) 
4 822 825 (-2048 2048 -166 ) (-2048 2048 -288.299988 ) (-2048 1024 -288.299988 ) (-2048 1024 -166 ) 
4 823 965 (-2048 1024 0 ) (-2048 1024 620.299988 ) (-3072 1024 620.299988 ) (-3072 1024 0 ) 
4 823 845 (-3072 1024 0 ) (-3072 1024 620.299988 ) (-3072 2048 620.299988 ) (-3072 2048 0 ) 
4 823 824 (-3072 1024 0 ) (-3072 2048 0 ) (-2048 2048 0 ) (-2048 1024 0 ) 
4 824 966 (-2048 1024 -120 ) (-2048 1024 0 ) (-3072 1024 0 ) (-3072 1024 -120 ) 
4 824 846 (-3072 1024 -120 ) (-3072 1024 0 ) (-3072 2048 0 ) (-3072 2048 -120 ) 
4 825 967 (-2048 1024 -288.299988 ) (-2048 1024 -166 ) (-3072 1024 -166 ) (-3072 1024 -288.299988 ) 
4 825 847 (-3072 1024 -288.299988 ) (-3072 1024 -166 ) (-3072 2048 -166 ) (-3072 2048 -288.299988 ) 
4 826 835 (-3072 4096 0 ) (-3072 4096 620.299988 ) (-4096 4096 620.299988 ) (-4096 4096 0 ) 
4 826 830 (-4096 4096 0 ) (-4096 4096 620.299988 ) (-4096 4736.250000 620.299988 ) (-4096 4736.250000 0 ) 
4 826 828 (-4096 4096 0 ) (-4096 4736 0 ) (-3072 4736 0 ) (-3072 4096 0 ) 
4 826 827 (-4096 4736 0 ) (-4096 4736.250000 0 ) (-3072 4736.250000 0 ) (-3072 4736 0 ) 
4 827 831 (-4096 4736 -288.299988 ) (-4096 4736 0 ) (-4096 4736.250000 0 ) (-4096 4736.250000 -288.299988 ) 
4 827 829 (-3072 4736 -288.299988 ) (-3072 4736 -166 ) (-4096 4736 -166 ) (-4096 4736 -288.299988 ) 
4 827 828 (-3072 4736 -120 ) (-3072 4736 0 ) (-4096 4736 0 ) (-4096 4736 -120 ) 
4 828 836 (-3072 4096 -120 ) (-3072 4096 0 ) (-4096 4096 0 ) (-4096 4096 -120 ) 
4 828 832 (-4096 4096 -120 ) (-4096 4096 0 ) (-4096 4736 0 ) (-4096 4736 -120 ) 
4 829 837 (-3072 4096 -288.299988 ) (-3072 4096 -166 ) (-4096 4096 -166 ) (-4096 4096 -288.299988 ) 
4 829 833 (-4096 4096 -288.299988 ) (-4096 4096 -166 ) (-4096 4736 -166 ) (-4096 4736 -288.299988 ) 
4 830 838 (-4096 4096 0 ) (-4096 4096 620.299988 ) (-4352.220215 4096 620.299988 ) (-4352.220215 4096 0 ) 
4 830 834 (-4352 4096 0 ) (-4352.220215 4096 0 ) (-4352.220215 4736.250000 0 ) (-4352 4736.250000 0 ) 
4 830 832 (-4096 4736 0 ) (-4096 4096 0 ) (-4352 4096 0 ) (-4352 4736 0 ) 
4 830 831 (-4096 4736.250000 0 ) (-4096 4736 0 ) (-4352 4736 0 ) (-4352 4736.250000 0 ) 
4 831 834 (-4352 4736 0 ) (-4352 4736.250000 0 ) (-4352 4736.250000 -288.299988 ) (-4352 4736 -288.299988 ) 
4 831 833 (-4352 4736 -166 ) (-4352 4736 -288.299988 ) (-4096 4736 -288.299988 ) (-4096 4736 -166 ) 
4 831 832 (-4352 4736 0 ) (-4352 4736 -120 ) (-4096 4736 -120 ) (-4096 4736 0 ) 
4 832 839 (-4096 4096 -120 ) (-4096 4096 0 ) (-4352 4096 0 ) (-4352 4096 -120 ) 
4 832 834 (-4352 4096 -120 ) (-4352 4096 0 ) (-4352 4736 0 ) (-4352 4736 -120 ) 
4 833 840 (-4096 4096 -288.299988 ) (-4096 4096 -166 ) (-4352 4096 -166 ) (-4352 4096 -288.299988 ) 
4 833 834 (-4352 4096 -288.299988 ) (-4352 4096 -166 ) (-4352 4736 -166 ) (-4352 4736 -288.299988 ) 
4 834 841 (-4352 4096 -288.299988 ) (-4352 4096 0 ) (-4352.220215 4096 0 ) (-4352.220215 4096 -288.299988 ) 
4 835 842 (-3072 3072 0 ) (-3072 3072 620.299988 ) (-4096 3072 620.299988 ) (-4096 3072 0 ) 
4 835 838 (-4096 3072 0 ) (-4096 3072 620.299988 ) (-4096 4096 620.299988 ) (-4096 4096 0 ) 
4 835 836 (-3072 3072 0 ) (-4096 3072 0 ) (-4096 4096 0 ) (-3072 4096 0 ) 
4 836 843 (-3072 3072 -120 ) (-3072 3072 0 ) (-4096 3072 0 ) (-4096 3072 -120 ) 
4 836 839 (-4096 3072 -120 ) (-4096 3072 0 ) (-4096 4096 0 ) (-4096 4096 -120 ) 
4 837 844 (-3072 3072 -288.299988 ) (-3072 3072 -166 ) (-4096 3072 -166 ) (-4096 3072 -288.299988 ) 
4 837 840 (-4096 3072 -288.299988 ) (-4096 3072 -166 ) (-4096 4096 -166 ) (-4096 4096 -288.299988 ) 
4 838 848 (-4096 3072 0 ) (-4096 3072 620.299988 ) (-4352.220215 3072 620.299988 ) (-4352.220215 3072 0 ) 
4 838 841 (-4352 3072 0 ) (-4352.220215 3072 0 ) (-4352.220215 4096 0 ) (-4352 4096 0 ) 
4 838 839 (-4096 3072 0 ) (-4352 3072 0 ) (-4352 4096 0 ) (-4096 4096 0 ) 
4 839 849 (-4096 3072 -120 ) (-4096 3072 0 ) (-4352 3072 0 ) (-4352 3072 -120 ) 
4 839 841 (-4352 3072 -120 ) (-4352 3072 0 ) (-4352 4096 0 ) (-4352 4096 -120 ) 
4 840 850 (-4096 3072 -288.299988 ) (-4096 3072 -166 ) (-4352 3072 -166 ) (-4352 3072 -288.299988 ) 
4 840 841 (-4352 3072 -288.299988 ) (-4352 3072 -166 ) (-4352 4096 -166 ) (-4352 4096 -288.299988 ) 
4 841 851 (-4352 3072 -288.299988 ) (-4352 3072 0 ) (-4352.220215 3072 0 ) (-4352.220215 3072 -288.299988 ) 
4 842 848 (-4096 3072 620.299988 ) (-4096 3072 0 ) (-4096 2048 0 ) (-4096 2048 620.299988 ) 
4 842 845 (-3072 2048 0 ) (-3072 2048 620.299988 ) (-4096 2048 620.299988 ) (-4096 2048 0 ) 
4 842 843 (-4096 2048 0 ) (-4096 3072 0 ) (-3072 3072 0 ) (-3072 2048 0 ) 
4 843 849 (-4096 3072 0 ) (-4096 3072 -120 ) (-4096 2048 -120 ) (-4096 2048 0 ) 
4 843 846 (-3072 2048 -120 ) (-3072 2048 0 ) (-4096 2048 0 ) (-4096 2048 -120 ) 
4 844 850 (-4096 3072 -166 ) (-4096 3072 -288.299988 ) (-4096 2048 -288.299988 ) (-4096 2048 -166 ) 
4 844 847 (-3072 2048 -288.299988 ) (-3072 2048 -166 ) (-4096 2048 -166 ) (-4096 2048 -288.299988 ) 
4 845 1040 (-3072 1024 0 ) (-3072 1024 620.299988 ) (-4096 1024 620.299988 ) (-4096 1024 0 ) 
4 845 852 (-4096 1024 0 ) (-4096 1024 620.299988 ) (-4096 2048 620.299988 ) (-4096 2048 0 ) 
4 845 846 (-4096 1024 0 ) (-4096 2048 0 ) (-3072 2048 0 ) (-3072 1024 0 ) 
4 846 1041 (-3072 1024 -120 ) (-3072 1024 0 ) (-4096 1024 0 ) (-4096 1024 -120 ) 
4 846 853 (-4096 1024 -120 ) (-4096 1024 0 ) (-4096 2048 0 ) (-4096 2048 -120 ) 
4 847 1042 (-3072 1024 -288.299988 ) (-3072 1024 -166 ) (-4096 1024 -166 ) (-4096 1024 -288.299988 ) 
4 847 854 (-4096 1024 -288.299988 ) (-4096 1024 -166 ) (-4096 2048 -166 ) (-4096 2048 -288.299988 ) 
4 848 852 (-4096 2048 0 ) (-4096 2048 620.299988 ) (-4352.220215 2048 620.299988 ) (-4352.220215 2048 0 ) 
4 848 851 (-4352 2048 0 ) (-4352.220215 2048 0 ) (-4352.220215 3072 0 ) (-4352 3072 0 ) 
4 848 849 (-4096 2048 0 ) (-4352 2048 0 ) (-4352 3072 0 ) (-4096 3072 0 ) 
4 849 853 (-4096 2048 -120 ) (-4096 2048 0 ) (-4352 2048 0 ) (-4352 2048 -120 ) 
4 849 851 (-4352 2048 0 ) (-4352 3072 0 ) (-4352 3072 -120 ) (-4352 2048 -120 ) 
4 850 854 (-4096 2048 -288.299988 ) (-4096 2048 -166 ) (-4352 2048 -166 ) (-4352 2048 -288.299988 ) 
4 850 851 (-4352 3072 -166 ) (-4352 3072 -288.299988 ) (-4352 2048 -288.299988 ) (-4352 2048 -166 ) 
4 851 855 (-4352 2048 -288.299988 ) (-4352 2048 0 ) (-4352.220215 2048 0 ) (-4352.220215 2048 -288.299988 ) 
4 852 1046 (-4096 1024 0 ) (-4096 1024 620.299988 ) (-4352.220215 1024 620.299988 ) (-4352.220215 1024 0 ) 
4 852 855 (-4352.220215 2048 0 ) (-4352 2048 0 ) (-4352 1024 0 ) (-4352.220215 1024 0 ) 
4 852 853 (-4352 2048 0 ) (-4096 2048 0 ) (-4096 1024 0 ) (-4352 1024 0 ) 
4 853 1047 (-4096 1024 -120 ) (-4096 1024 0 ) (-4352 1024 0 ) (-4352 1024 -120 ) 
4 853 855 (-4352 1024 -120 ) (-4352 1024 0 ) (-4352 2048 0 ) (-4352 2048 -120 ) 
4 854 1048 (-4096 1024 -288.299988 ) (-4096 1024 -166 ) (-4352 1024 -166 ) (-4352 1024 -288.299988 ) 
4 854 855 (-4352 1024 -288.299988 ) (-4352 1024 -166 ) (-4352 2048 -166 ) (-4352 2048 -288.299988 ) 
4 855 1049 (-4352 1024 -288.299988 ) (-4352 1024 0 ) (-4352.220215 1024 0 ) (-4352.220215 1024 -288.299988 ) 
4 856 962 (-1024 1024 620.299988 ) (-1024 1024 80 ) (-1024 0 80 ) (-1024 0 620.299988 ) 
4 856 865 (0 0 80 ) (0 0 620.299988 ) (-1024 0 620.299988 ) (-1024 0 80 ) 
4 856 861 (-792 0 80 ) (-1024 0 80 ) (-1024 1024 80 ) (-792 1024 80 ) 
4 856 859 (-264 816.012085 80 ) (-264 1024 80 ) (-168 1024 80 ) (-168 816.012085 80 ) 
4 856 860 (-264 0 80 ) (-696 0 80 ) (-696 1024 80 ) (-264 1024 80 ) 
4 856 857 (-168 816.012085 80 ) (-168 1024 80 ) (0 1024 80 ) (0 816.012085 80 ) 
4 856 858 (0 0 80 ) (-168 0 80 ) (-168 720.012085 80 ) (0 720.012085 80 ) 
4 857 859 (-168 1024 64 ) (-168 816.012085 64 ) (-168 816.012085 80 ) (-168 1024 80 ) 
4 857 862 (-168 1024 64 ) (0 1024 64 ) (0 816.012085 64 ) (-168 816.012085 64 ) 
4 858 866 (0 0 64 ) (0 0 80 ) (-168 0 80 ) (-168 0 64 ) 
4 858 862 (0 720.012085 64 ) (0 0 64 ) (-168 0 64 ) (-168 720.012085 64 ) 
4 859 860 (-264 1024 64 ) (-264 816.012085 64 ) (-264 816.012085 80 ) (-264 1024 80 ) 
4 859 862 (-264 1024 64 ) (-168 1024 64 ) (-168 816.012085 64 ) (-264 816.012085 64 ) 
4 860 867 (-264 0 80 ) (-696 0 80 ) (-696 0 64 ) (-264 0 64 ) 
4 860 862 (-696 1024 64 ) (-264 1024 64 ) (-264 0 64 ) (-696 0 64 ) 
4 861 962 (-1024 1024 80 ) (-1024 1024 64 ) (-1024 0 64 ) (-1024 0 80 ) 
4 861 870 (-792 0 80 ) (-1024 0 80 ) (-1024 0 64 ) (-792 0 64 ) 
4 861 862 (-1024 0 64 ) (-1024 1024 64 ) (-792 1024 64 ) (-792 0 64 ) 
4 862 962 (-1024 1024 64 ) (-1024 1024 0 ) (-1024 0 0 ) (-1024 0 64 ) 
4 862 872 (0 0 2 ) (0 0 64 ) (-620.262878 0 64 ) (-620.262878 0 2 ) 
4 862 871 (-620.262878 0 64 ) (-1024 0 64 ) (-1024 0 2 ) (-620.262878 0 2 ) 
4 862 879 (0 0 0 ) (0 0 2 ) (-1024 0 2 ) (-1024 0 0 ) 
4 862 863 (-1024 0 0 ) (-1024 1024 0 ) (0 1024 0 ) (0 0 0 ) 
4 863 963 (-1024 1024 0 ) (-1024 1024 -120 ) (-1024 0 -120 ) (-1024 0 0 ) 
4 863 955 (-768 0 0 ) (-776 0 0 ) (-776 0 -52 ) (-768 0 -52 ) 
4 863 959 (-776 0 -52 ) (-776 0 -120 ) (-768 0 -120 ) (-768 0 -52 ) 
4 863 960 (-776 0 0 ) (-1024 0 0 ) (-1024 0 -120 ) (-776 0 -120 ) 
4 863 949 (-712 0 0 ) (-720 0 0 ) (-720 0 -120 ) (-712 0 -120 ) 
4 863 954 (-720 0 0 ) (-768 0 0 ) (-768 0 -120 ) (-720 0 -120 ) 
4 863 941 (0 0 -120 ) (0 0 0 ) (-712 0 0 ) (-712 0 -120 ) 
4 864 964 (-1024 1024 -166 ) (-1024 1024 -288.299988 ) (-1024 0 -288.299988 ) (-1024 0 -166 ) 
4 864 961 (0 0 -288.299988 ) (0 0 -166 ) (-1024 0 -166 ) (-1024 0 -288.299988 ) 
4 865 968 (-1024 0 620.299988 ) (-1024 0 80 ) (-1024 -447.988007 80 ) (-1024 -447.988007 620.299988 ) 
4 865 928 (-1024 -447.988007 620.299988 ) (-1024 -447.988007 80 ) (-684 -447.988007 80 ) (-684 -447.988007 620.299988 ) 
4 865 901 (-684 -447.988007 80 ) (-112 -447.988007 80 ) (-112 -447.988007 96 ) (-684 -447.988007 96 ) 
4 865 898 (-112 -447.988007 80 ) (-104 -447.988007 80 ) (-104 -447.988007 96 ) (-112 -447.988007 96 ) 
4 865 896 (-104 -447.988007 96 ) (-104 -447.988007 240 ) (-112 -447.988007 240 ) (-112 -447.988007 96 ) 
4 865 897 (-112 -447.988007 240 ) (-684 -447.988007 240 ) (-684 -447.988007 96 ) (-112 -447.988007 96 ) 
4 865 895 (-104 -447.988007 240 ) (-104 -447.988007 620.299988 ) (-684 -447.988007 620.299988 ) (-684 -447.988007 240 ) 
4 865 883 (-104 -447.988007 80 ) (-56 -447.988007 80 ) (-56 -447.988007 620.299988 ) (-104 -447.988007 620.299988 ) 
4 865 880 (-56 -447.988007 80 ) (0 -447.988007 80 ) (0 -447.988007 620.299988 ) (-56 -447.988007 620.299988 ) 
4 865 870 (-792 -447.988007 80 ) (-1024 -447.988007 80 ) (-1024 0 80 ) (-792 0 80 ) 
4 865 869 (-696 -351.988007 80 ) (-696 -127.987999 80 ) (0 -127.987999 80 ) (0 -351.988007 80 ) 
4 865 868 (-696 -127.987999 80 ) (-696 -31.988302 80 ) (-264 -31.988302 80 ) (-264 -127.987999 80 ) 
4 865 866 (-168 0 80 ) (0 0 80 ) (0 -31.988302 80 ) (-168 -31.988302 80 ) 
4 865 867 (-696 -31.988302 80 ) (-696 0 80 ) (-264 0 80 ) (-264 -31.988302 80 ) 
4 866 872 (-168 0 64 ) (0 0 64 ) (0 -31.988302 64 ) (-168 -31.988302 64 ) 
4 867 872 (-620.262817 0 64 ) (-264 0 64 ) (-264 -31.988302 64 ) (-631.875671 -31.988302 64 ) 
4 867 871 (-696 -31.988302 64 ) (-696 0 64 ) (-620.262817 0 64 ) (-631.875671 -31.988302 64 ) 
4 867 868 (-696 -31.988302 80 ) (-696 -31.988302 64 ) (-264 -31.988302 64 ) (-264 -31.988302 80 ) 
4 868 872 (-631.875671 -31.988302 64 ) (-264 -31.988302 64 ) (-264 -127.987999 64 ) (-666.726807 -127.987999 64 ) 
4 868 871 (-696 -127.987999 64 ) (-696 -31.988302 64 ) (-631.875671 -31.988302 64 ) (-666.726807 -127.987999 64 ) 
4 868 869 (-696 -127.987999 80 ) (-696 -127.987999 64 ) (-264 -127.987999 64 ) (-264 -127.987999 80 ) 
5 869 872 (-696 -351.988007 64 ) (-696 -208.622864 64 ) (-666.726807 -127.987999 64 ) (0 -127.987999 64 ) (0 -351.988007 64 ) 
3 869 871 (-696 -208.622864 64 ) (-696 -127.987999 64 ) (-666.726807 -127.987999 64 ) 
4 870 968 (-1024 0 80 ) (-1024 0 64 ) (-1024 -447.988007 64 ) (-1024 -447.988007 80 ) 
4 870 928 (-1024 -447.988007 80 ) (-1024 -447.988007 64 ) (-792 -447.988007 64 ) (-792 -447.988007 80 ) 
4 870 871 (-792 -447.988007 64 ) (-1024 -447.988007 64 ) (-1024 0 64 ) (-792 0 64 ) 
4 871 968 (-1024 0 64 ) (-1024 0 2 ) (-1024 -447.988007 2 ) (-1024 -447.988007 64 ) 
4 871 940 (-1024 -447.988007 56 ) (-1024 -447.988007 2 ) (-782.897644 -447.988007 2 ) (-782.897644 -447.988007 56 ) 
4 871 929 (-796 -447.988007 56 ) (-782.897644 -447.988007 56 ) (-782.897644 -447.988007 64 ) (-796 -447.988007 64 ) 
4 871 931 (-1024 -447.988007 64 ) (-1024 -447.988007 56 ) (-796 -447.988007 56 ) (-796 -447.988007 64 ) 
4 871 877 (-780.004272 -440.015930 2 ) (-776 -428.986816 2 ) (-776 -428.988220 64 ) (-780.004822 -440.017303 64 ) 
4 871 875 (-782.898438 -447.988007 2 ) (-780.004272 -440.015930 2 ) (-780.004822 -440.017303 64 ) (-782.898438 -447.988007 64 ) 
4 871 874 (-774.138245 -423.857483 2 ) (-772.941040 -420.559723 2 ) (-772.941040 -420.559723 64 ) (-774.138977 -423.859558 64 ) 
4 871 873 (-772.941040 -420.559723 2 ) (-769.004761 -409.716980 2 ) (-769.004761 -409.716980 64 ) (-772.941040 -420.559723 64 ) 
4 871 872 (-769.004761 -409.716980 2 ) (-620.263672 0 2 ) (-620.263794 0 64 ) (-769.004761 -409.716980 64 ) 
4 871 879 (-782.897644 -447.988007 2 ) (-1024 -447.988007 2 ) (-1024 0 2 ) (-620.262878 0 2 ) 
4 872 933 (-720 -447.988007 2 ) (-712 -447.988007 2 ) (-712 -447.988007 56 ) (-720 -447.988007 56 ) 
4 872 932 (-712 -447.988007 2 ) (-684 -447.988007 2 ) (-684 -447.988007 56 ) (-712 -447.988007 56 ) 
4 872 936 (-755.093567 -447.988007 2 ) (-720 -447.988007 2 ) (-720 -447.988007 56 ) (-755.093567 -447.988007 56 ) 
4 872 929 (-684 -447.988007 56 ) (-684 -447.988007 64 ) (-755.093567 -447.988007 64 ) (-755.093567 -447.988007 56 ) 
4 872 901 (-684 -447.988007 2 ) (-112 -447.988007 2 ) (-112 -447.988007 64 ) (-684 -447.988007 64 ) 
4 872 898 (-112 -447.988007 2 ) (-104 -447.988007 2 ) (-104 -447.988007 64 ) (-112 -447.988007 64 ) 
4 872 893 (-104 -447.988007 2 ) (0 -447.988007 2 ) (0 -447.988007 64 ) (-104 -447.988007 64 ) 
4 872 876 (-762 -428.985352 2 ) (-760.570679 -432.914825 2 ) (-760.570313 -432.915894 64 ) (-762 -428.985352 64 ) 
4 872 875 (-760.570679 -432.914825 2 ) (-755.091736 -447.988007 2 ) (-755.091797 -447.988007 64 ) (-760.570313 -432.915894 64 ) 
4 872 873 (-769.002930 -409.716797 64 ) (-769.002930 -409.716797 2 ) (-763.866150 -423.848663 2 ) (-763.866150 -423.848663 64 ) 
5 872 879 (0 -447.988007 2 ) (-755.093567 -447.988007 2 ) (-769.004395 -409.718079 2 ) (-620.262878 0 2 ) (0 0 2 ) 
4 873 874 (-772.940735 -420.558990 64 ) (-772.940735 -420.558990 2 ) (-769 -421.987671 2 ) (-768.996521 -421.988556 64 ) 
3 873 879 (-772.940369 -420.559937 2 ) (-769.004395 -409.718079 2 ) (-763.868347 -423.847870 2 ) 
3 874 879 (-774.137329 -423.857117 2 ) (-772.940369 -420.559937 2 ) (-769 -421.988037 2 ) 
4 875 937 (-776 -447.988007 2 ) (-768 -447.988007 2 ) (-768 -447.988007 56 ) (-776 -447.988007 56 ) 
4 875 940 (-782.897644 -447.988007 2 ) (-776 -447.988007 2 ) (-776 -447.988007 56 ) (-782.897644 -447.988007 56 ) 
4 875 936 (-768 -447.988007 2 ) (-755.093567 -447.988007 2 ) (-755.093567 -447.988007 56 ) (-768 -447.988007 56 ) 
4 875 929 (-755.093567 -447.988007 56 ) (-755.093567 -447.988007 64 ) (-782.897644 -447.988007 64 ) (-782.897644 -447.988007 56 ) 
4 875 878 (-768.982178 -435.986816 2 ) (-772.928406 -437.428833 2 ) (-772.928833 -437.430206 64 ) (-768.980957 -435.987579 64 ) 
4 875 877 (-772.928406 -437.428833 2 ) (-780.002930 -440.014008 2 ) (-780.003418 -440.015381 64 ) (-772.928833 -437.430206 64 ) 
4 875 876 (-760.572449 -432.914948 64 ) (-760.572815 -432.913879 2 ) (-763.870483 -434.118927 2 ) (-763.871033 -434.120300 64 ) 
4 875 879 (-755.093567 -447.988007 2 ) (-782.897644 -447.988007 2 ) (-780.003418 -440.015625 2 ) (-760.572327 -432.915436 2 ) 
3 876 879 (-762 -428.987976 2 ) (-760.572327 -432.915436 2 ) (-763.871216 -434.120850 2 ) 
4 877 878 (-772.927063 -437.433472 64 ) (-772.926636 -437.432129 2 ) (-774.133667 -434.115082 2 ) (-774.134583 -434.115082 64 ) 
3 877 879 (-780.003418 -440.015625 2 ) (-776 -428.987854 2 ) (-772.927856 -437.430206 2 ) 
3 878 879 (-768.979980 -435.987640 2 ) (-772.927856 -437.430206 2 ) (-774.134277 -434.114868 2 ) 
4 879 968 (-1024 0 2 ) (-1024 0 0 ) (-1024 -447.988007 0 ) (-1024 -447.988007 2 ) 
4 879 955 (-776 0 0 ) (-768 0 0 ) (-768 -447.988007 0 ) (-776 -447.988007 0 ) 
4 879 960 (-1024 -447.988007 0 ) (-1024 0 0 ) (-776 0 0 ) (-776 -447.988007 0 ) 
4 879 949 (-720 0 0 ) (-712 0 0 ) (-712 -447.988007 0 ) (-720 -447.988007 0 ) 
4 879 954 (-768 0 0 ) (-720 0 0 ) (-720 -447.988007 0 ) (-768 -447.988007 0 ) 
4 879 941 (-712 0 0 ) (0 0 0 ) (0 -447.988007 0 ) (-712 -447.988007 0 ) 
4 879 937 (-776 -447.988007 0 ) (-768 -447.988007 0 ) (-768 -447.988007 2 ) (-776 -447.988007 2 ) 
4 879 940 (-1024 -447.988007 2 ) (-1024 -447.988007 0 ) (-776 -447.988007 0 ) (-776 -447.988007 2 ) 
4 879 933 (-720 -447.988007 0 ) (-712 -447.988007 0 ) (-712 -447.988007 2 ) (-720 -447.988007 2 ) 
4 879 932 (-712 -447.988007 0 ) (-684 -447.988007 0 ) (-684 -447.988007 2 ) (-712 -447.988007 2 ) 
4 879 936 (-768 -447.988007 0 ) (-720 -447.988007 0 ) (-720 -447.988007 2 ) (-768 -447.988007 2 ) 
4 879 901 (-684 -447.988007 0 ) (-112 -447.988007 0 ) (-112 -447.988007 2 ) (-684 -447.988007 2 ) 
4 879 898 (-112 -447.988007 0 ) (-104 -447.988007 0 ) (-104 -447.988007 2 ) (-112 -447.988007 2 ) 
4 879 893 (-104 -447.988007 0 ) (0 -447.988007 0 ) (0 -447.988007 2 ) (-104 -447.988007 2 ) 
4 880 883 (-56 -447.988007 620.299988 ) (-56 -447.988007 80 ) (-56 -741.330017 80 ) (-56 -741.330017 620.299988 ) 
4 880 882 (-56 -741.330017 620.299988 ) (-56 -741.330017 80 ) (0 -741.330017 80 ) (0 -741.330017 620.299988 ) 
4 880 881 (0 -741.330017 80 ) (-56 -741.330017 80 ) (-56 -735.987976 80 ) (0 -735.987976 80 ) 
4 881 883 (-56 -741.330017 76 ) (-56 -741.330017 80 ) (-56 -735.987976 80 ) (-56 -735.987976 76 ) 
4 881 882 (-56 -741.330017 80 ) (-56 -741.330017 76 ) (0 -741.330017 76 ) (0 -741.330017 80 ) 
4 882 887 (0 -746.670044 72 ) (0 -746.670044 216 ) (-56 -746.670044 216 ) (-56 -746.670044 72 ) 
4 882 884 (0 -746.670044 216 ) (0 -746.670044 620.299988 ) (-56 -746.670044 620.299988 ) (-56 -746.670044 216 ) 
4 882 883 (-56 -746.670044 72 ) (-56 -746.670044 620.299988 ) (-56 -741.330017 620.299988 ) (-56 -741.330017 72 ) 
4 883 899 (-104 -735.987976 64 ) (-104 -746.670044 64 ) (-104 -746.670044 96 ) (-104 -735.987976 96 ) 
4 883 898 (-104 -447.988007 96 ) (-104 -447.988007 64 ) (-104 -735.987976 64 ) (-104 -735.987976 96 ) 
4 883 896 (-104 -447.988007 240 ) (-104 -447.988007 96 ) (-104 -746.670044 96 ) (-104 -746.670044 240 ) 
4 883 895 (-104 -447.988007 620.299988 ) (-104 -447.988007 240 ) (-104 -746.670044 240 ) (-104 -746.670044 620.299988 ) 
4 883 893 (-104 -735.987976 64 ) (-104 -447.988007 64 ) (-56 -447.988007 64 ) (-56 -735.987976 64 ) 
4 883 888 (-104 -746.670044 216 ) (-104 -746.670044 64 ) (-56 -746.670044 64 ) (-56 -746.670044 216 ) 
4 883 884 (-104 -746.670044 620.299988 ) (-104 -746.670044 216 ) (-56 -746.670044 216 ) (-56 -746.670044 620.299988 ) 
4 884 896 (-104 -746.670044 240 ) (-104 -746.670044 216 ) (-104 -983.987976 216 ) (-104 -983.987976 240 ) 
4 884 895 (-104 -983.987976 620.299988 ) (-104 -746.670044 620.299988 ) (-104 -746.670044 240 ) (-104 -983.987976 240 ) 
4 884 889 (-104 -983.987976 216 ) (-104 -752 216 ) (0 -752 216 ) (0 -983.987976 216 ) 
4 884 887 (-56 -746.670044 216 ) (0 -746.670044 216 ) (0 -752 216 ) (-56 -752 216 ) 
4 884 888 (-104 -752 216 ) (-104 -746.670044 216 ) (-56 -746.670044 216 ) (-56 -752 216 ) 
4 884 885 (0 -983.987976 224 ) (0 -983.987976 620.299988 ) (-104 -983.987976 620.299988 ) (-104 -983.987976 224 ) 
4 885 895 (-104 -991.987976 620.299988 ) (-104 -983.987976 620.299988 ) (-104 -983.987976 240 ) (-104 -991.987976 240 ) 
4 885 886 (0 -991.987976 224 ) (0 -991.987976 620.299988 ) (-104 -991.987976 620.299988 ) (-104 -991.987976 224 ) 
4 886 975 (0 -1024 216 ) (0 -1024 224 ) (-104 -1024 224 ) (-104 -1024 216 ) 
4 886 974 (0 -1024 224 ) (0 -1024 620.299988 ) (-104 -1024 620.299988 ) (-104 -1024 224 ) 
4 886 922 (-104 -1024 224 ) (-104 -1024 620.299988 ) (-104 -991.987976 620.299988 ) (-104 -991.987976 224 ) 
4 886 892 (-104 -1024 216 ) (-104 -991.987976 216 ) (0 -991.987976 216 ) (0 -1024 216 ) 
4 887 889 (0 -752 68 ) (0 -752 216 ) (-56 -752 216 ) (-56 -752 68 ) 
4 887 888 (-56 -752 68 ) (-56 -752 216 ) (-56 -746.670044 216 ) (-56 -746.670044 68 ) 
4 888 899 (-104 -746.670044 64 ) (-104 -752 64 ) (-104 -752 96 ) (-104 -746.670044 96 ) 
4 888 896 (-104 -752 96 ) (-104 -752 216 ) (-104 -746.670044 216 ) (-104 -746.670044 96 ) 
4 888 889 (-104 -752 64 ) (-56 -752 64 ) (-56 -752 216 ) (-104 -752 216 ) 
4 889 899 (-104 -752 64 ) (-104 -983.987976 64 ) (-104 -983.987976 96 ) (-104 -752 96 ) 
4 889 896 (-104 -983.987976 96 ) (-104 -983.987976 216 ) (-104 -752 216 ) (-104 -752 96 ) 
4 889 890 (0 -983.987976 176 ) (0 -983.987976 216 ) (-104 -983.987976 216 ) (-104 -983.987976 176 ) 
4 889 891 (-104 -983.987976 64 ) (0 -983.987976 64 ) (0 -983.987976 168 ) (-104 -983.987976 168 ) 
4 890 892 (0 -991.987976 176 ) (0 -991.987976 216 ) (-104 -991.987976 216 ) (-104 -991.987976 176 ) 
4 891 892 (-104 -991.987976 64 ) (0 -991.987976 64 ) (0 -991.987976 168 ) (-104 -991.987976 168 ) 
4 892 980 (0 -1024 64 ) (0 -1024 168 ) (-104 -1024 168 ) (-104 -1024 64 ) 
4 892 977 (0 -1024 168 ) (0 -1024 216 ) (-104 -1024 216 ) (-104 -1024 168 ) 
4 892 923 (-104 -1024 176 ) (-104 -1024 216 ) (-104 -991.987976 216 ) (-104 -991.987976 176 ) 
4 892 924 (-104 -991.987976 64 ) (-104 -1024 64 ) (-104 -1024 168 ) (-104 -991.987976 168 ) 
4 893 944 (-104 -648.719177 0 ) (-104 -616.739258 0 ) (0 -578.928711 0 ) (0 -610.902222 0 ) 
4 893 943 (-104 -735.987976 0 ) (-104 -648.719177 0 ) (0 -610.902222 0 ) (0 -735.987976 0 ) 
4 893 941 (-104 -616.739258 0 ) (-104 -447.988007 0 ) (0 -447.988007 0 ) (0 -578.928711 0 ) 
4 893 898 (-104 -447.988007 64 ) (-104 -447.988007 0 ) (-104 -735.987976 0 ) (-104 -735.987976 64 ) 
4 893 894 (-104 -735.987976 58 ) (-104 -735.987976 0 ) (0 -735.987976 0 ) (0 -735.987976 58 ) 
4 894 981 (0 -1024 0 ) (0 -1024 58 ) (-104 -1024 58 ) (-104 -1024 0 ) 
4 894 943 (0 -1024 0 ) (-104 -1024 0 ) (-104 -735.987976 0 ) (0 -735.987976 0 ) 
4 894 926 (-104 -991.987976 0 ) (-104 -1024 0 ) (-104 -1024 58 ) (-104 -991.987976 58 ) 
4 894 900 (-104 -735.987976 0 ) (-104 -983.987976 0 ) (-104 -983.987976 58 ) (-104 -735.987976 58 ) 
4 895 928 (-684 -447.988007 620.299988 ) (-684 -447.988007 240 ) (-684 -991.987976 240 ) (-684 -991.987976 620.299988 ) 
4 895 922 (-104 -991.987976 240 ) (-104 -991.987976 620.299988 ) (-112 -991.987976 620.299988 ) (-112 -991.987976 240 ) 
4 895 925 (-112 -991.987976 620.299988 ) (-684 -991.987976 620.299988 ) (-684 -991.987976 240 ) (-112 -991.987976 240 ) 
4 895 896 (-112 -983.987976 240 ) (-112 -447.988007 240 ) (-104 -447.988007 240 ) (-104 -983.987976 240 ) 
4 895 897 (-112 -991.987976 240 ) (-684 -991.987976 240 ) (-684 -447.988007 240 ) (-112 -447.988007 240 ) 
4 896 899 (-112 -983.987976 96 ) (-112 -735.987976 96 ) (-104 -735.987976 96 ) (-104 -983.987976 96 ) 
4 896 898 (-112 -735.987976 96 ) (-112 -447.988007 96 ) (-104 -447.988007 96 ) (-104 -735.987976 96 ) 
4 896 897 (-112 -447.988007 96 ) (-112 -983.987976 96 ) (-112 -983.987976 240 ) (-112 -447.988007 240 ) 
4 897 928 (-684 -447.988007 240 ) (-684 -447.988007 96 ) (-684 -991.987976 96 ) (-684 -991.987976 240 ) 
4 897 925 (-112 -991.987976 240 ) (-684 -991.987976 240 ) (-684 -991.987976 96 ) (-112 -991.987976 96 ) 
3 897 917 (-432.004120 -767.989441 96 ) (-440.986725 -771.255737 96 ) (-443.729340 -763.721252 96 ) 
3 897 916 (-448 -773.805908 96 ) (-448 -751.988953 96 ) (-440.986725 -771.255737 96 ) 
3 897 915 (-416 -751.985596 96 ) (-412.727325 -760.979980 96 ) (-420.273743 -763.723999 96 ) 
4 897 913 (-328.695496 -991.987976 96 ) (-448 -991.987976 96 ) (-448 -773.805908 96 ) (-412.727325 -760.979980 96 ) 
3 897 921 (-448 -991.987976 96 ) (-535.253967 -991.987976 96 ) (-448 -751.988953 96 ) 
3 897 910 (-448 -741.804932 96 ) (-443.733582 -740.253845 96 ) (-448 -751.988953 96 ) 
5 897 912 (-535.253967 -991.987976 96 ) (-684 -991.987976 96 ) (-684 -827.605896 96 ) (-448 -741.804932 96 ) (-448 -751.988953 96 ) 
3 897 907 (-432 -735.987976 96 ) (-448 -741.804932 96 ) (-448 -735.987976 96 ) 
4 897 906 (-448 -730.156921 96 ) (-431.996948 -735.986816 96 ) (-432 -735.987976 96 ) (-448 -735.987976 96 ) 
4 897 909 (-684 -827.605896 96 ) (-684 -644.182739 96 ) (-448 -730.156921 96 ) (-448 -741.804932 96 ) 
4 897 904 (-112 -991.987976 96 ) (-328.695496 -991.987976 96 ) (-420.264069 -740.261108 96 ) (-112 -852.560913 96 ) 
3 897 902 (-112 -735.987976 96 ) (-112 -852.560913 96 ) (-431.993805 -735.987976 96 ) 
5 897 901 (-684 -644.182739 96 ) (-684 -447.988007 96 ) (-112 -447.988007 96 ) (-112 -735.987976 96 ) (-431.993805 -735.987976 96 ) 
4 898 944 (-104 -616.739258 0 ) (-104 -648.719177 0 ) (-112 -651.628113 0 ) (-112 -619.647766 0 ) 
4 898 943 (-104 -648.719177 0 ) (-104 -735.987976 0 ) (-112 -735.987976 0 ) (-112 -651.628113 0 ) 
4 898 941 (-112 -447.988007 0 ) (-104 -447.988007 0 ) (-104 -616.739258 0 ) (-112 -619.647766 0 ) 
4 898 901 (-112 -735.987976 96 ) (-112 -447.988007 96 ) (-112 -447.988007 0 ) (-112 -735.987976 0 ) 
4 898 900 (-112 -735.987976 58 ) (-112 -735.987976 0 ) (-104 -735.987976 0 ) (-104 -735.987976 58 ) 
4 898 899 (-112 -735.987976 96 ) (-112 -735.987976 64 ) (-104 -735.987976 64 ) (-104 -735.987976 96 ) 
4 899 904 (-112 -983.987976 96 ) (-112 -852.560852 96 ) (-112 -852.561218 64 ) (-112 -983.987976 64 ) 
4 899 902 (-112 -852.560852 96 ) (-112 -735.987976 96 ) (-112 -735.987976 64 ) (-112 -852.561218 64 ) 
4 900 943 (-104 -735.987976 0 ) (-104 -983.987976 0 ) (-112 -983.987976 0 ) (-112 -735.987976 0 ) 
4 900 905 (-112 -983.987976 58 ) (-112 -852.561279 58 ) (-112 -852.561890 0 ) (-112 -983.987976 0 ) 
4 900 903 (-112 -852.561279 58 ) (-112 -735.987976 58 ) (-112 -735.987976 0 ) (-112 -852.561890 0 ) 
4 901 945 (-410.173523 -735.987976 0 ) (-431.996460 -735.987976 0 ) (-431.998230 -735.987305 0 ) (-406.842834 -726.841736 0 ) 
5 901 944 (-112 -619.647766 0 ) (-112 -651.628113 0 ) (-343.997070 -735.987976 0 ) (-410.173523 -735.987976 0 ) (-406.842834 -726.841736 0 ) 
3 901 943 (-112 -651.628113 0 ) (-112 -735.987976 0 ) (-343.997070 -735.987976 0 ) 
5 901 941 (-684 -644.183716 0 ) (-684 -447.988007 0 ) (-112 -447.988007 0 ) (-112 -619.647766 0 ) (-431.998230 -735.987305 0 ) 
4 901 932 (-684 -447.988007 56 ) (-684 -447.988007 0 ) (-684 -644.183777 0 ) (-684 -644.183167 56 ) 
4 901 929 (-684 -447.988007 64 ) (-684 -447.988007 56 ) (-684 -463.988007 56 ) (-684 -463.988007 64 ) 
4 901 930 (-684 -543.987976 56 ) (-684 -644.183167 56 ) (-684 -644.183105 64 ) (-684 -543.987976 64 ) 
4 901 928 (-684 -447.988007 96 ) (-684 -447.988007 64 ) (-684 -644.183105 64 ) (-684 -644.182739 96 ) 
4 901 906 (-431.995575 -735.987976 96 ) (-448 -730.157593 96 ) (-448 -730.158569 0 ) (-431.998230 -735.987976 0 ) 
4 901 909 (-448 -730.157593 96 ) (-684 -644.183411 96 ) (-684 -644.184387 0 ) (-448 -730.158569 0 ) 
4 901 902 (-431.993378 -735.987976 96 ) (-431.994263 -735.987976 64 ) (-112 -735.987976 64 ) (-112 -735.987976 96 ) 
4 901 903 (-431.994446 -735.987976 58 ) (-431.996094 -735.987976 0 ) (-112 -735.987976 0 ) (-112 -735.987976 58 ) 
4 902 904 (-112 -852.561829 64 ) (-112 -852.561523 96 ) (-420.263763 -740.261841 96 ) (-420.263062 -740.262390 64 ) 
3 903 945 (-412.729492 -743.006897 0 ) (-431.996460 -735.987976 0 ) (-410.173492 -735.987976 0 ) 
4 903 944 (-388.037445 -752.002136 0 ) (-412.729492 -743.006897 0 ) (-410.173492 -735.987976 0 ) (-343.997070 -735.987976 0 ) 
4 903 943 (-112 -735.987976 0 ) (-112 -852.561890 0 ) (-388.037445 -752.002136 0 ) (-343.997070 -735.987976 0 ) 
4 903 905 (-112 -852.562500 0 ) (-112 -852.561890 58 ) (-420.262939 -740.262512 58 ) (-420.261566 -740.263611 0 ) 
4 904 925 (-112 -991.987976 96 ) (-328.695496 -991.987976 96 ) (-328.694946 -991.987976 64 ) (-112 -991.987976 64 ) 
4 904 915 (-415.998444 -751.983826 64 ) (-412.726166 -760.979492 64 ) (-412.726624 -760.979675 96 ) (-415.998718 -751.984497 96 ) 
4 904 913 (-412.726166 -760.979492 64 ) (-328.694061 -991.987976 64 ) (-328.694611 -991.987976 96 ) (-412.726624 -760.979675 96 ) 
3 905 946 (-420.261871 -740.262878 0 ) (-412.729492 -743.006897 0 ) (-415.998383 -751.983459 0 ) 
4 905 944 (-412.729492 -743.006897 0 ) (-388.037567 -752.002136 0 ) (-412.725983 -760.979431 0 ) (-415.998383 -751.983459 0 ) 
5 905 943 (-388.037567 -752.002136 0 ) (-112 -852.561890 0 ) (-112 -991.987976 0 ) (-328.693909 -991.987976 0 ) (-412.725983 -760.979431 0 ) 
4 905 926 (-328.694855 -991.987976 58 ) (-328.693909 -991.987976 0 ) (-112 -991.987976 0 ) (-112 -991.987976 58 ) 
4 905 918 (-415.997925 -751.982361 0 ) (-412.725220 -760.979187 0 ) (-412.726044 -760.979553 58 ) (-415.998413 -751.983643 58 ) 
4 905 914 (-412.725220 -760.979187 0 ) (-328.693024 -991.987976 0 ) (-328.693970 -991.987976 58 ) (-412.726044 -760.979553 58 ) 
3 906 941 (-448 -730.157959 0 ) (-431.998230 -735.987366 0 ) (-448 -735.987976 0 ) 
4 906 907 (-448 -735.987976 96 ) (-448 -735.987976 64 ) (-432.001953 -735.987976 64 ) (-432.001953 -735.987976 96 ) 
4 906 908 (-448 -735.987976 58 ) (-448 -735.987976 0 ) (-432.001953 -735.987976 0 ) (-432.001953 -735.987976 58 ) 
4 906 909 (-448 -730.156982 96 ) (-448 -730.157959 0 ) (-448 -735.987976 0 ) (-448 -735.987976 96 ) 
4 907 910 (-443.733521 -740.253662 96 ) (-448 -741.804810 96 ) (-448 -741.804810 64 ) (-443.733582 -740.253723 64 ) 
4 907 909 (-448 -741.802734 64 ) (-448 -741.802734 96 ) (-448 -735.987976 96 ) (-448 -735.987976 64 ) 
3 908 941 (-431.998230 -735.987366 0 ) (-448 -741.804993 0 ) (-448 -735.987976 0 ) 
4 908 911 (-443.733612 -740.253723 58 ) (-448 -741.804810 58 ) (-448 -741.804810 0 ) (-443.733704 -740.253723 0 ) 
4 908 909 (-448 -735.987976 0 ) (-448 -741.802734 0 ) (-448 -741.802734 58 ) (-448 -735.987976 58 ) 
4 909 941 (-684 -827.605896 0 ) (-684 -644.183716 0 ) (-448 -730.157959 0 ) (-448 -741.804993 0 ) 
4 909 932 (-684 -644.183777 0 ) (-684 -827.605896 0 ) (-684 -827.605896 56 ) (-684 -644.183167 56 ) 
4 909 930 (-684 -827.605896 56 ) (-684 -827.605896 64 ) (-684 -644.183105 64 ) (-684 -644.183167 56 ) 
4 909 928 (-684 -827.605896 64 ) (-684 -827.605896 96 ) (-684 -644.182739 96 ) (-684 -644.183105 64 ) 
4 909 912 (-448 -741.804810 96 ) (-684 -827.605713 96 ) (-684 -827.605713 0 ) (-448 -741.804810 0 ) 
4 910 912 (-448 -741.802917 96 ) (-448 -741.802917 64 ) (-448 -751.982666 64 ) (-448 -751.982849 96 ) 
3 911 942 (-448 -741.804993 0 ) (-443.733795 -740.253967 0 ) (-448 -751.988525 0 ) 
4 911 912 (-448 -741.802917 58 ) (-448 -741.802917 0 ) (-448 -751.982422 0 ) (-448 -751.982666 58 ) 
5 912 942 (-684 -991.987976 0 ) (-684 -827.605896 0 ) (-448 -741.804993 0 ) (-448 -751.988525 0 ) (-535.254150 -991.987976 0 ) 
4 912 932 (-684 -827.605896 0 ) (-684 -991.987976 0 ) (-684 -991.987976 56 ) (-684 -827.605896 56 ) 
4 912 930 (-684 -991.987976 56 ) (-684 -991.987976 64 ) (-684 -827.605896 64 ) (-684 -827.605896 56 ) 
4 912 928 (-684 -991.987976 64 ) (-684 -991.987976 96 ) (-684 -827.605896 96 ) (-684 -827.605896 64 ) 
4 912 927 (-684 -991.987976 64 ) (-684 -991.987976 0 ) (-535.254150 -991.987976 0 ) (-535.254028 -991.987976 64 ) 
4 912 925 (-535.253967 -991.987976 96 ) (-684 -991.987976 96 ) (-684 -991.987976 64 ) (-535.254028 -991.987976 64 ) 
4 912 921 (-448 -751.989258 96 ) (-535.253906 -991.987976 96 ) (-535.254089 -991.987976 0 ) (-448 -751.988770 0 ) 
4 913 925 (-328.695496 -991.987976 96 ) (-448 -991.987976 96 ) (-448 -991.987976 64 ) (-328.694946 -991.987976 64 ) 
4 913 917 (-432.005676 -767.988525 64 ) (-440.987122 -771.254517 64 ) (-440.987122 -771.254517 96 ) (-432.006226 -767.988708 96 ) 
4 913 916 (-440.987122 -771.254517 64 ) (-448 -773.804688 64 ) (-448 -773.804688 96 ) (-440.987122 -771.254517 96 ) 
4 913 915 (-412.728485 -760.978638 96 ) (-412.728027 -760.978455 64 ) (-420.273071 -763.722107 64 ) (-420.273071 -763.722107 96 ) 
4 913 921 (-448 -991.987976 64 ) (-448 -991.987976 96 ) (-448 -773.805908 96 ) (-448 -773.805908 64 ) 
4 914 943 (-412.725983 -760.979431 0 ) (-328.693909 -991.987976 0 ) (-448 -991.987976 0 ) (-448 -773.805969 0 ) 
4 914 926 (-448 -991.987976 58 ) (-448 -991.987976 0 ) (-328.693909 -991.987976 0 ) (-328.694855 -991.987976 58 ) 
4 914 920 (-432.004333 -767.988098 0 ) (-440.987122 -771.254578 0 ) (-440.987091 -771.254517 58 ) (-432.005463 -767.988464 58 ) 
4 914 919 (-440.987122 -771.254578 0 ) (-448 -773.804688 0 ) (-448 -773.804688 58 ) (-440.987091 -771.254517 58 ) 
4 914 918 (-412.727936 -760.978455 58 ) (-412.727081 -760.978149 0 ) (-420.273041 -763.722168 0 ) (-420.273071 -763.722168 58 ) 
4 914 921 (-448 -773.805969 0 ) (-448 -991.987976 0 ) (-448 -991.987976 58 ) (-448 -773.805908 58 ) 
4 916 917 (-440.986450 -771.255676 96 ) (-440.986450 -771.255676 64 ) (-443.729034 -763.720947 64 ) (-443.728851 -763.721436 96 ) 
4 916 921 (-448 -751.982849 96 ) (-448 -751.982666 64 ) (-448 -773.805908 64 ) (-448 -773.805908 96 ) 
3 918 944 (-415.998383 -751.983459 0 ) (-412.725983 -760.979431 0 ) (-420.273743 -763.723999 0 ) 
3 919 947 (-440.986694 -771.255737 0 ) (-448 -773.805969 0 ) (-448 -751.988525 0 ) 
4 919 920 (-443.727692 -763.721313 58 ) (-440.984375 -771.257813 58 ) (-440.984375 -771.257813 0 ) (-443.728027 -763.720398 0 ) 
4 919 921 (-448 -751.982666 58 ) (-448 -751.982422 0 ) (-448 -773.805969 0 ) (-448 -773.805908 58 ) 
3 920 948 (-432.002319 -767.988770 0 ) (-440.986694 -771.255737 0 ) (-443.729797 -763.719788 0 ) 
3 921 947 (-457.140289 -777.129578 0 ) (-448 -751.988525 0 ) (-448 -773.805969 0 ) 
4 921 943 (-448 -991.987976 0 ) (-535.254150 -991.987976 0 ) (-457.140289 -777.129578 0 ) (-448 -773.805969 0 ) 
4 921 927 (-535.254028 -991.987976 64 ) (-535.254150 -991.987976 0 ) (-448 -991.987976 0 ) (-448 -991.987976 64 ) 
4 921 925 (-448 -991.987976 96 ) (-535.253967 -991.987976 96 ) (-535.254028 -991.987976 64 ) (-448 -991.987976 64 ) 
4 922 983 (-104 -1024 224 ) (-104 -1024 620.299988 ) (-112 -1024 620.299988 ) (-112 -1024 224 ) 
4 922 925 (-112 -991.987976 620.299988 ) (-112 -991.987976 224 ) (-112 -1024 224 ) (-112 -1024 620.299988 ) 
4 923 984 (-104 -1024 176 ) (-104 -1024 216 ) (-112 -1024 216 ) (-112 -1024 176 ) 
4 923 925 (-112 -991.987976 216 ) (-112 -991.987976 176 ) (-112 -1024 176 ) (-112 -1024 216 ) 
4 924 985 (-112 -1024 64 ) (-104 -1024 64 ) (-104 -1024 168 ) (-112 -1024 168 ) 
4 924 925 (-112 -991.987976 168 ) (-112 -991.987976 64 ) (-112 -1024 64 ) (-112 -1024 168 ) 
4 925 986 (-684 -1024 620.299988 ) (-684 -1024 64 ) (-112 -1024 64 ) (-112 -1024 620.299988 ) 
4 925 928 (-684 -1024 64 ) (-684 -1024 620.299988 ) (-684 -991.987976 620.299988 ) (-684 -991.987976 64 ) 
4 925 927 (-684 -1024 64 ) (-684 -991.987976 64 ) (-448 -991.987976 64 ) (-448 -1024 64 ) 
4 926 987 (-448 -1024 0 ) (-104 -1024 0 ) (-104 -1024 58 ) (-448 -1024 58 ) 
4 926 943 (-104 -1024 0 ) (-448 -1024 0 ) (-448 -991.987976 0 ) (-104 -991.987976 0 ) 
4 926 927 (-448 -991.987976 58 ) (-448 -991.987976 0 ) (-448 -1024 0 ) (-448 -1024 58 ) 
4 927 988 (-684 -1024 64 ) (-684 -1024 0 ) (-448 -1024 0 ) (-448 -1024 64 ) 
4 927 943 (-448 -1024 0 ) (-546.892395 -1024 0 ) (-535.254150 -991.987976 0 ) (-448 -991.987976 0 ) 
4 927 942 (-546.892395 -1024 0 ) (-684 -1024 0 ) (-684 -991.987976 0 ) (-535.254150 -991.987976 0 ) 
4 927 932 (-684 -991.987976 0 ) (-684 -1024 0 ) (-684 -1024 56 ) (-684 -991.987976 56 ) 
4 927 930 (-684 -1024 56 ) (-684 -1024 64 ) (-684 -991.987976 64 ) (-684 -991.987976 56 ) 
4 928 986 (-1024 -1024 620.299988 ) (-1024 -1024 64 ) (-684 -1024 64 ) (-684 -1024 620.299988 ) 
4 928 968 (-1024 -1024 64 ) (-1024 -1024 620.299988 ) (-1024 -447.988007 620.299988 ) (-1024 -447.988007 64 ) 
4 928 929 (-796 -447.988007 64 ) (-684 -447.988007 64 ) (-684 -463.988007 64 ) (-796 -463.988007 64 ) 
4 928 930 (-684 -543.987976 64 ) (-684 -1024 64 ) (-796 -1024 64 ) (-796 -543.987976 64 ) 
4 928 931 (-1024 -1024 64 ) (-1024 -447.988007 64 ) (-796 -447.988007 64 ) (-796 -1024 64 ) 
4 929 937 (-776 -447.988007 56 ) (-768 -447.988007 56 ) (-768 -463.988007 56 ) (-776 -463.988007 56 ) 
4 929 940 (-796 -447.988007 56 ) (-776 -447.988007 56 ) (-776 -463.988007 56 ) (-796 -463.988007 56 ) 
4 929 933 (-720 -447.988007 56 ) (-712 -447.988007 56 ) (-712 -463.988007 56 ) (-720 -463.988007 56 ) 
4 929 932 (-712 -447.988007 56 ) (-684 -447.988007 56 ) (-684 -463.988007 56 ) (-712 -463.988007 56 ) 
4 929 936 (-768 -447.988007 56 ) (-720 -447.988007 56 ) (-720 -463.988007 56 ) (-768 -463.988007 56 ) 
4 929 931 (-796 -447.988007 56 ) (-796 -463.988007 56 ) (-796 -463.988007 64 ) (-796 -447.988007 64 ) 
4 930 988 (-796 -1024 56 ) (-684 -1024 56 ) (-684 -1024 64 ) (-796 -1024 64 ) 
4 930 938 (-768 -1024 56 ) (-776 -1024 56 ) (-776 -543.987976 56 ) (-768 -543.987976 56 ) 
4 930 940 (-776 -1024 56 ) (-796 -1024 56 ) (-796 -543.987976 56 ) (-776 -543.987976 56 ) 
4 930 935 (-712 -1024 56 ) (-720 -1024 56 ) (-720 -543.987976 56 ) (-712 -543.987976 56 ) 
4 930 932 (-684 -543.987976 56 ) (-684 -1024 56 ) (-712 -1024 56 ) (-712 -543.987976 56 ) 
4 930 936 (-720 -1024 56 ) (-768 -1024 56 ) (-768 -543.987976 56 ) (-720 -543.987976 56 ) 
4 930 931 (-796 -543.987976 56 ) (-796 -1024 56 ) (-796 -1024 64 ) (-796 -543.987976 64 ) 
4 931 988 (-1024 -1024 64 ) (-1024 -1024 56 ) (-796 -1024 56 ) (-796 -1024 64 ) 
4 931 968 (-1024 -1024 56 ) (-1024 -1024 64 ) (-1024 -447.988007 64 ) (-1024 -447.988007 56 ) 
4 931 940 (-1024 -447.988007 56 ) (-796 -447.988007 56 ) (-796 -1024 56 ) (-1024 -1024 56 ) 
4 932 988 (-712 -1024 0 ) (-684 -1024 0 ) (-684 -1024 56 ) (-712 -1024 56 ) 
4 932 942 (-684 -1024 0 ) (-712 -1024 0 ) (-712 -837.785645 0 ) (-684 -827.605835 0 ) 
4 932 941 (-712 -837.785645 0 ) (-712 -447.988007 0 ) (-684 -447.988007 0 ) (-684 -827.605835 0 ) 
4 932 935 (-712 -1024 56 ) (-712 -531.987976 56 ) (-712 -507.099091 0 ) (-712 -1024 0 ) 
4 932 934 (-712 -523.987976 56 ) (-712 -479.988007 56 ) (-712 -479.988007 0 ) (-712 -499.099091 0 ) 
4 932 933 (-712 -471.988007 56 ) (-712 -447.988007 56 ) (-712 -447.988007 0 ) (-712 -471.988007 0 ) 
4 933 949 (-720 -471.988007 0 ) (-720 -447.988007 0 ) (-712 -447.988007 0 ) (-712 -471.988007 0 ) 
4 933 936 (-720 -471.988007 56 ) (-720 -447.988007 56 ) (-720 -447.988007 0 ) (-720 -471.988007 0 ) 
4 934 951 (-720 -499.099121 0 ) (-720 -479.988007 0 ) (-712 -479.988007 0 ) (-712 -499.099091 0 ) 
4 934 936 (-720 -523.987976 56 ) (-720 -479.988007 56 ) (-720 -479.988007 0 ) (-720 -499.099091 0 ) 
4 935 988 (-720 -1024 0 ) (-712 -1024 0 ) (-712 -1024 56 ) (-720 -1024 56 ) 
4 935 952 (-712 -1024 0 ) (-720 -1024 0 ) (-720 -507.099060 0 ) (-712 -507.099091 0 ) 
4 935 936 (-720 -1024 56 ) (-720 -531.987976 56 ) (-720 -507.099091 0 ) (-720 -1024 0 ) 
4 936 988 (-768 -1024 0 ) (-720 -1024 0 ) (-720 -1024 56 ) (-768 -1024 56 ) 
4 936 954 (-720 -1024 0 ) (-768 -1024 0 ) (-768 -447.988007 0 ) (-720 -447.988007 0 ) 
4 936 939 (-768 -523.987976 56 ) (-768 -479.988007 56 ) (-768 -479.988007 0 ) (-768 -499.099091 0 ) 
4 936 938 (-768 -1024 56 ) (-768 -531.988037 56 ) (-768 -507.099091 0 ) (-768 -1024 0 ) 
4 936 937 (-768 -471.988007 56 ) (-768 -447.988007 56 ) (-768 -447.988007 0 ) (-768 -471.988007 0 ) 
4 937 955 (-776 -471.988007 0 ) (-776 -447.988007 0 ) (-768 -447.988007 0 ) (-768 -471.988007 0 ) 
4 937 940 (-776 -471.988007 56 ) (-776 -447.988007 56 ) (-776 -447.988007 0 ) (-776 -471.988007 0 ) 
4 938 988 (-776 -1024 0 ) (-768 -1024 0 ) (-768 -1024 56 ) (-776 -1024 56 ) 
4 938 957 (-768 -1024 0 ) (-776 -1024 0 ) (-776 -507.099121 0 ) (-768 -507.099091 0 ) 
4 938 940 (-776 -1024 56 ) (-776 -531.988037 56 ) (-776 -507.099091 0 ) (-776 -1024 0 ) 
4 939 958 (-776 -499.099091 0 ) (-776 -479.988007 0 ) (-768 -479.988007 0 ) (-768 -499.099091 0 ) 
4 939 940 (-776 -523.987976 56 ) (-776 -479.988007 56 ) (-776 -479.988007 0 ) (-776 -499.099091 0 ) 
4 940 988 (-1024 -1024 56 ) (-1024 -1024 0 ) (-776 -1024 0 ) (-776 -1024 56 ) 
4 940 968 (-1024 -1024 0 ) (-1024 -1024 56 ) (-1024 -447.988007 56 ) (-1024 -447.988007 0 ) 
4 940 960 (-776 -1024 0 ) (-1024 -1024 0 ) (-1024 -447.988007 0 ) (-776 -447.988007 0 ) 
4 941 952 (-712 -837.785645 -52 ) (-712 -837.785645 0 ) (-712 -507.099091 0 ) (-712 -483.987976 -52 ) 
3 941 951 (-712 -499.099091 0 ) (-712 -479.988007 0 ) (-712 -479.988007 -43 ) 
4 941 950 (-712 -471.988007 -48 ) (-712 -471.988007 -52 ) (-712 -475.987976 -52 ) (-712 -477.765778 -48 ) 
4 941 953 (-712 -471.988007 -120 ) (-712 -837.785645 -120 ) (-712 -837.785645 -52 ) (-712 -471.988007 -52 ) 
4 941 949 (-712 0 -120 ) (-712 -471.988007 -120 ) (-712 -471.988007 0 ) (-712 0 0 ) 
4 941 945 (-432 -735.987732 -120 ) (-406.842651 -726.841248 -120 ) (-406.842682 -726.841248 0 ) (-431.998840 -735.987122 0 ) 
4 941 944 (-406.842651 -726.841248 -120 ) (0 -578.928223 -120 ) (0 -578.928406 0 ) (-406.842682 -726.841248 0 ) 
4 941 942 (-712 -837.785156 0 ) (-712 -837.785156 -120 ) (-443.733795 -740.253479 -120 ) (-443.733582 -740.253418 0 ) 
4 942 1017 (-546.892456 -1024 0 ) (-558.815308 -1024 0 ) (-558.815247 -1024 -120 ) (-546.892639 -1024 -120 ) 
4 942 1016 (-558.815308 -1024 0 ) (-712 -1024 0 ) (-712 -1024 -120 ) (-558.815247 -1024 -120 ) 
4 942 952 (-712 -1024 -52 ) (-712 -1024 0 ) (-712 -837.785645 0 ) (-712 -837.785645 -52 ) 
4 942 953 (-712 -837.785645 -120 ) (-712 -1024 -120 ) (-712 -1024 -52 ) (-712 -837.785645 -52 ) 
4 942 947 (-457.140381 -777.129639 -120 ) (-448 -751.988098 -120 ) (-448 -751.988342 0 ) (-457.140167 -777.129517 0 ) 
4 942 943 (-546.892456 -1024 -120 ) (-457.140381 -777.129639 -120 ) (-457.140167 -777.129517 0 ) (-546.892273 -1024 0 ) 
4 943 1018 (-305.287689 -1024 0 ) (-337.599670 -1024 0 ) (-337.599121 -1024 -120 ) (-305.288269 -1024 -120 ) 
4 943 1017 (-337.599670 -1024 0 ) (-546.892456 -1024 0 ) (-546.892639 -1024 -120 ) (-337.599121 -1024 -120 ) 
4 943 1013 (0 -1024 -120 ) (0 -1024 0 ) (-305.287689 -1024 0 ) (-305.288269 -1024 -120 ) 
4 943 948 (-432.001556 -767.987366 -120 ) (-440.987061 -771.254761 -120 ) (-440.987030 -771.254822 0 ) (-432.003754 -767.988281 0 ) 
4 943 947 (-440.987061 -771.254761 -120 ) (-457.138916 -777.127991 -120 ) (-457.138672 -777.127930 0 ) (-440.987030 -771.254822 0 ) 
4 943 944 (0 -610.900391 -120 ) (-420.273224 -763.722656 -120 ) (-420.273285 -763.722778 0 ) (0 -610.901123 0 ) 
4 944 946 (-412.729797 -743.008057 -120 ) (-415.997345 -751.980957 -120 ) (-415.998322 -751.983643 0 ) (-412.729401 -743.006958 0 ) 
4 944 945 (-406.843109 -726.842712 0 ) (-406.843109 -726.842712 -120 ) (-412.729797 -743.008057 -120 ) (-412.729401 -743.006958 0 ) 
4 945 946 (-420.259186 -740.264832 -120 ) (-412.728912 -743.007935 -120 ) (-412.728516 -743.006836 0 ) (-420.261963 -740.262573 0 ) 
4 947 948 (-440.985901 -771.255493 0 ) (-440.985901 -771.255493 -120 ) (-443.729462 -763.718201 -120 ) (-443.728729 -763.720154 0 ) 
4 949 950 (-720 -471.988007 -48 ) (-720 -471.988007 -52 ) (-712 -471.988007 -52 ) (-712 -471.988007 -48 ) 
4 949 953 (-720 -471.988007 -52 ) (-720 -471.988007 -120 ) (-712 -471.988007 -120 ) (-712 -471.988007 -52 ) 
4 949 954 (-720 0 -120 ) (-720 -471.988007 -120 ) (-720 -471.988007 0 ) (-720 0 0 ) 
4 950 953 (-720 -475.987976 -52 ) (-720 -471.988007 -52 ) (-712 -471.988007 -52 ) (-712 -475.987976 -52 ) 
4 950 954 (-720 -471.988007 -48 ) (-720 -471.988007 -52 ) (-720 -475.987976 -52 ) (-720 -477.765778 -48 ) 
3 951 954 (-720 -499.099121 0 ) (-720 -479.988007 0 ) (-720 -479.988007 -43 ) 
4 952 1016 (-712 -1024 0 ) (-720 -1024 0 ) (-720 -1024 -52 ) (-712 -1024 -52 ) 
4 952 953 (-720 -1024 -52 ) (-720 -483.987976 -52 ) (-712 -483.987976 -52 ) (-712 -1024 -52 ) 
4 952 954 (-720 -1024 -52 ) (-720 -1024 0 ) (-720 -507.099060 0 ) (-720 -483.987976 -52 ) 
4 953 1016 (-720 -1024 -52 ) (-720 -1024 -120 ) (-712 -1024 -120 ) (-712 -1024 -52 ) 
4 953 954 (-720 -471.988007 -120 ) (-720 -1024 -120 ) (-720 -1024 -52 ) (-720 -471.988007 -52 ) 
4 954 1016 (-720 -1024 0 ) (-768 -1024 0 ) (-768 -1024 -120 ) (-720 -1024 -120 ) 
3 954 958 (-768 -499.099091 0 ) (-768 -479.988007 0 ) (-768 -479.988007 -43 ) 
4 954 957 (-768 -1024 -52 ) (-768 -1024 0 ) (-768 -507.099121 0 ) (-768 -483.987976 -52 ) 
4 954 956 (-768 -471.988007 -48 ) (-768 -471.988007 -52 ) (-768 -475.987976 -52 ) (-768 -477.765778 -48 ) 
4 954 955 (-768 -471.988007 0 ) (-768 0 0 ) (-768 0 -52 ) (-768 -471.988007 -52 ) 
4 954 959 (-768 0 -120 ) (-768 -1024 -120 ) (-768 -1024 -52 ) (-768 0 -52 ) 
4 955 956 (-776 -471.988007 -48 ) (-776 -471.988007 -52 ) (-768 -471.988007 -52 ) (-768 -471.988007 -48 ) 
4 955 959 (-776 -471.988007 -52 ) (-776 0 -52 ) (-768 0 -52 ) (-768 -471.988007 -52 ) 
4 955 960 (-776 -471.988007 0 ) (-776 0 0 ) (-776 0 -52 ) (-776 -471.988007 -52 ) 
4 956 960 (-776 -471.988007 -48 ) (-776 -471.988007 -52 ) (-776 -475.987976 -52 ) (-776 -477.765778 -48 ) 
4 956 959 (-776 -475.987976 -52 ) (-776 -471.988007 -52 ) (-768 -471.988007 -52 ) (-768 -475.987976 -52 ) 
4 957 1016 (-768 -1024 0 ) (-776 -1024 0 ) (-776 -1024 -52 ) (-768 -1024 -52 ) 
4 957 959 (-776 -1024 -52 ) (-776 -483.987976 -52 ) (-768 -483.987976 -52 ) (-768 -1024 -52 ) 
4 957 960 (-776 -1024 -52 ) (-776 -1024 0 ) (-776 -507.099121 0 ) (-776 -483.987976 -52 ) 
3 958 960 (-776 -499.099091 0 ) (-776 -479.988007 0 ) (-776 -479.988007 -43 ) 
4 959 1016 (-776 -1024 -52 ) (-776 -1024 -120 ) (-768 -1024 -120 ) (-768 -1024 -52 ) 
4 959 960 (-776 0 -120 ) (-776 -1024 -120 ) (-776 -1024 -52 ) (-776 0 -52 ) 
4 960 1016 (-776 -1024 0 ) (-1024 -1024 0 ) (-1024 -1024 -120 ) (-776 -1024 -120 ) 
4 960 969 (-1024 -1024 -120 ) (-1024 -1024 0 ) (-1024 0 0 ) (-1024 0 -120 ) 
4 961 1021 (0 -1024 -288.299988 ) (0 -1024 -166 ) (-1024 -1024 -166 ) (-1024 -1024 -288.299988 ) 
4 961 970 (-1024 -1024 -288.299988 ) (-1024 -1024 -166 ) (-1024 0 -166 ) (-1024 0 -288.299988 ) 
4 962 968 (-1024 0 0 ) (-1024 0 620.299988 ) (-2048 0 620.299988 ) (-2048 0 0 ) 
4 962 965 (-2048 1024 620.299988 ) (-2048 1024 0 ) (-2048 0 0 ) (-2048 0 620.299988 ) 
4 962 963 (-1024 0 0 ) (-2048 0 0 ) (-2048 1024 0 ) (-1024 1024 0 ) 
4 963 969 (-1024 0 -120 ) (-1024 0 0 ) (-2048 0 0 ) (-2048 0 -120 ) 
4 963 966 (-2048 1024 0 ) (-2048 1024 -120 ) (-2048 0 -120 ) (-2048 0 0 ) 
4 964 970 (-1024 0 -288.299988 ) (-1024 0 -166 ) (-2048 0 -166 ) (-2048 0 -288.299988 ) 
4 964 967 (-2048 1024 -166 ) (-2048 1024 -288.299988 ) (-2048 0 -288.299988 ) (-2048 0 -166 ) 
4 965 1040 (-3072 1024 620.299988 ) (-3072 1024 0 ) (-3072 0 0 ) (-3072 0 620.299988 ) 
4 965 971 (-2048 0 0 ) (-2048 0 620.299988 ) (-3072 0 620.299988 ) (-3072 0 0 ) 
4 965 966 (-3072 1024 0 ) (-2048 1024 0 ) (-2048 0 0 ) (-3072 0 0 ) 
4 966 1041 (-3072 1024 0 ) (-3072 1024 -120 ) (-3072 0 -120 ) (-3072 0 0 ) 
4 966 972 (-2048 0 -120 ) (-2048 0 0 ) (-3072 0 0 ) (-3072 0 -120 ) 
4 967 1042 (-3072 1024 -166 ) (-3072 1024 -288.299988 ) (-3072 0 -288.299988 ) (-3072 0 -166 ) 
4 967 973 (-2048 0 -288.299988 ) (-2048 0 -166 ) (-3072 0 -166 ) (-3072 0 -288.299988 ) 
4 968 1022 (-1024 -1024 0 ) (-1024 -1024 620.299988 ) (-2048 -1024 620.299988 ) (-2048 -1024 0 ) 
4 968 971 (-2048 0 620.299988 ) (-2048 0 0 ) (-2048 -1024 0 ) (-2048 -1024 620.299988 ) 
4 968 969 (-2048 0 0 ) (-1024 0 0 ) (-1024 -1024 0 ) (-2048 -1024 0 ) 
4 969 1023 (-1024 -1024 -120 ) (-1024 -1024 0 ) (-2048 -1024 0 ) (-2048 -1024 -120 ) 
4 969 972 (-2048 0 0 ) (-2048 0 -120 ) (-2048 -1024 -120 ) (-2048 -1024 0 ) 
4 970 1024 (-1024 -1024 -288.299988 ) (-1024 -1024 -166 ) (-2048 -1024 -166 ) (-2048 -1024 -288.299988 ) 
4 970 973 (-2048 0 -166 ) (-2048 0 -288.299988 ) (-2048 -1024 -288.299988 ) (-2048 -1024 -166 ) 
4 971 1043 (-3072 -1024 0 ) (-3072 -1024 620.299988 ) (-3072 0 620.299988 ) (-3072 0 0 ) 
4 971 1025 (-2048 -1024 0 ) (-2048 -1024 620.299988 ) (-3072 -1024 620.299988 ) (-3072 -1024 0 ) 
4 971 972 (-2048 0 0 ) (-2048 -1024 0 ) (-3072 -1024 0 ) (-3072 0 0 ) 
4 972 1044 (-3072 -1024 -120 ) (-3072 -1024 0 ) (-3072 0 0 ) (-3072 0 -120 ) 
4 972 1026 (-2048 -1024 -120 ) (-2048 -1024 0 ) (-3072 -1024 0 ) (-3072 -1024 -120 ) 
4 973 1045 (-3072 -1024 -288.299988 ) (-3072 -1024 -166 ) (-3072 0 -166 ) (-3072 0 -288.299988 ) 
4 973 1027 (-2048 -1024 -288.299988 ) (-2048 -1024 -166 ) (-3072 -1024 -166 ) (-3072 -1024 -288.299988 ) 
4 974 1028 (0 -2048 224 ) (0 -2048 620.299988 ) (-104 -2048 620.299988 ) (-104 -2048 224 ) 
4 974 990 (-104 -1191.989990 224 ) (-104 -1343.989990 224 ) (-104 -1343.989990 240 ) (-104 -1191.989990 240 ) 
4 974 989 (-104 -1343.989990 240 ) (-104 -1343.989990 620.299988 ) (-104 -1183.989990 620.299988 ) (-104 -1183.989990 240 ) 
4 974 1012 (-104 -1343.989990 224 ) (-104 -2048 224 ) (-104 -2048 620.299988 ) (-104 -1343.989990 620.299988 ) 
4 974 983 (-104 -1024 620.299988 ) (-104 -1024 224 ) (-104 -1183.989990 224 ) (-104 -1183.989990 620.299988 ) 
4 974 975 (-104 -1183.989990 224 ) (-104 -1024 224 ) (0 -1024 224 ) (0 -1183.989990 224 ) 
4 974 976 (0 -2048 224 ) (-104 -2048 224 ) (-104 -1191.989990 224 ) (0 -1191.989990 224 ) 
4 975 977 (-104 -1183.989990 216 ) (-104 -1024 216 ) (0 -1024 216 ) (0 -1183.989990 216 ) 
4 976 1028 (0 -2048 216 ) (0 -2048 224 ) (-104 -2048 224 ) (-104 -2048 216 ) 
4 976 990 (-104 -1191.989990 216 ) (-104 -1343.989990 216 ) (-104 -1343.989990 224 ) (-104 -1191.989990 224 ) 
4 976 1012 (-104 -1343.989990 216 ) (-104 -2048 216 ) (-104 -2048 224 ) (-104 -1343.989990 224 ) 
4 976 979 (-104 -2048 216 ) (-104 -1191.989990 216 ) (0 -1191.989990 216 ) (0 -2048 216 ) 
4 977 984 (-104 -1024 216 ) (-104 -1024 176 ) (-104 -1183.989990 176 ) (-104 -1183.989990 216 ) 
4 977 980 (-104 -1183.989990 168 ) (-104 -1024 168 ) (0 -1024 168 ) (0 -1183.989990 168 ) 
4 977 978 (0 -1183.989990 176 ) (0 -1183.989990 216 ) (-104 -1183.989990 216 ) (-104 -1183.989990 176 ) 
4 978 979 (0 -1191.989990 176 ) (0 -1191.989990 216 ) (-104 -1191.989990 216 ) (-104 -1191.989990 176 ) 
4 979 1028 (0 -2048 168 ) (0 -2048 216 ) (-104 -2048 216 ) (-104 -2048 168 ) 
4 979 990 (-104 -1191.989990 168 ) (-104 -1343.989990 168 ) (-104 -1343.989990 216 ) (-104 -1191.989990 216 ) 
4 979 1012 (-104 -1343.989990 168 ) (-104 -2048 168 ) (-104 -2048 216 ) (-104 -1343.989990 216 ) 
4 979 980 (-104 -1343.989990 168 ) (-104 -1191.989990 168 ) (0 -1191.989990 168 ) (0 -1343.989990 168 ) 
4 979 982 (0 -2048 168 ) (-104 -2048 168 ) (-104 -1343.989990 168 ) (0 -1343.989990 168 ) 
4 980 990 (-104 -1191.989990 64 ) (-104 -1343.989990 64 ) (-104 -1343.989990 168 ) (-104 -1191.989990 168 ) 
4 980 985 (-104 -1024 168 ) (-104 -1024 64 ) (-104 -1183.989990 64 ) (-104 -1183.989990 168 ) 
4 980 982 (0 -1343.989990 168 ) (-104 -1343.989990 168 ) (-104 -1343.989990 64 ) (0 -1343.989990 64 ) 
4 981 1013 (-104 -1024 0 ) (0 -1024 0 ) (0 -1343.989990 0 ) (-104 -1343.989990 0 ) 
4 981 991 (-104 -1191.989990 0 ) (-104 -1343.989990 0 ) (-104 -1343.989990 58 ) (-104 -1191.989990 58 ) 
4 981 987 (-104 -1024 58 ) (-104 -1024 0 ) (-104 -1183.989990 0 ) (-104 -1183.989990 58 ) 
4 981 982 (-104 -1343.989990 58 ) (-104 -1343.989990 0 ) (0 -1343.989990 0 ) (0 -1343.989990 58 ) 
4 982 1028 (0 -2048 0 ) (0 -2048 168 ) (-104 -2048 168 ) (-104 -2048 0 ) 
4 982 1013 (0 -1343.989990 0 ) (0 -2048 0 ) (-104 -2048 0 ) (-104 -1343.989990 0 ) 
4 982 1012 (-104 -1343.989990 0 ) (-104 -2048 0 ) (-104 -2048 168 ) (-104 -1343.989990 168 ) 
4 983 989 (-104 -1183.989990 240 ) (-104 -1183.989990 620.299988 ) (-112 -1183.989990 620.299988 ) (-112 -1183.989990 240 ) 
4 983 986 (-112 -1183.989990 224 ) (-112 -1183.989990 620.299988 ) (-112 -1024 620.299988 ) (-112 -1024 224 ) 
4 984 986 (-112 -1183.989990 176 ) (-112 -1183.989990 216 ) (-112 -1024 216 ) (-112 -1024 176 ) 
4 985 986 (-112 -1024 64 ) (-112 -1183.989990 64 ) (-112 -1183.989990 168 ) (-112 -1024 168 ) 
4 986 1022 (-1024 -1183.989990 620.299988 ) (-1024 -1024 620.299988 ) (-1024 -1024 64 ) (-1024 -1183.989990 64 ) 
4 986 1006 (-395.703979 -1183.989990 64 ) (-363.554993 -1183.989990 64 ) (-363.554840 -1183.989990 96 ) (-395.704102 -1183.989990 96 ) 
4 986 1003 (-448 -1183.989990 64 ) (-395.703979 -1183.989990 64 ) (-395.704102 -1183.989990 96 ) (-448 -1183.989990 96 ) 
4 986 1005 (-500.493134 -1183.989990 64 ) (-448 -1183.989990 64 ) (-448 -1183.989990 96 ) (-500.493164 -1183.989990 96 ) 
4 986 1002 (-871.382813 -1183.989990 64 ) (-500.493134 -1183.989990 64 ) (-500.493164 -1183.989990 96 ) (-871.383545 -1183.989990 96 ) 
4 986 999 (-1024 -1183.989990 96 ) (-1024 -1183.989990 64 ) (-871.382813 -1183.989990 64 ) (-871.383545 -1183.989990 96 ) 
4 986 993 (-363.554993 -1183.989990 64 ) (-112 -1183.989990 64 ) (-112 -1183.989990 96 ) (-363.554840 -1183.989990 96 ) 
4 986 992 (-1024 -1183.989990 240 ) (-1024 -1183.989990 96 ) (-112 -1183.989990 96 ) (-112 -1183.989990 240 ) 
4 986 989 (-112 -1183.989990 620.299988 ) (-1024 -1183.989990 620.299988 ) (-1024 -1183.989990 240 ) (-112 -1183.989990 240 ) 
4 986 988 (-448 -1183.989990 64 ) (-1024 -1183.989990 64 ) (-1024 -1024 64 ) (-448 -1024 64 ) 
4 987 1018 (-337.599670 -1024 0 ) (-305.287720 -1024 0 ) (-363.555298 -1183.989990 0 ) (-395.703674 -1183.989990 0 ) 
4 987 1017 (-448 -1024 0 ) (-337.599670 -1024 0 ) (-395.703674 -1183.989990 0 ) (-448 -1183.989990 0 ) 
4 987 1013 (-305.287720 -1024 0 ) (-104 -1024 0 ) (-104 -1183.989990 0 ) (-363.555298 -1183.989990 0 ) 
4 987 1009 (-395.703674 -1183.989990 0 ) (-363.555298 -1183.989990 0 ) (-363.555054 -1183.989990 58 ) (-395.703949 -1183.989990 58 ) 
4 987 1004 (-448 -1183.989990 0 ) (-395.703674 -1183.989990 0 ) (-395.703949 -1183.989990 58 ) (-448 -1183.989990 58 ) 
4 987 994 (-363.555298 -1183.989990 0 ) (-112 -1183.989990 0 ) (-112 -1183.989990 58 ) (-363.555054 -1183.989990 58 ) 
4 987 988 (-448 -1024 0 ) (-448 -1183.989990 0 ) (-448 -1183.989990 58 ) (-448 -1024 58 ) 
4 988 1022 (-1024 -1024 64 ) (-1024 -1024 0 ) (-1024 -1183.989990 0 ) (-1024 -1183.989990 64 ) 
4 988 1017 (-558.815247 -1024 0 ) (-448 -1024 0 ) (-448 -1183.989990 0 ) (-500.493164 -1183.989990 0 ) 
5 988 1016 (-1024 -1128.414307 0 ) (-1024 -1024 0 ) (-558.815247 -1024 0 ) (-500.493164 -1183.989990 0 ) (-871.382080 -1183.989990 0 ) 
3 988 1015 (-1024 -1183.989990 0 ) (-1024 -1128.414307 0 ) (-871.382080 -1183.989990 0 ) 
4 988 1005 (-500.493164 -1183.989990 0 ) (-448 -1183.989990 0 ) (-448 -1183.989990 64 ) (-500.493164 -1183.989990 64 ) 
4 988 1002 (-871.382080 -1183.989990 0 ) (-500.493164 -1183.989990 0 ) (-500.493164 -1183.989990 64 ) (-871.382813 -1183.989990 64 ) 
4 988 999 (-1024 -1183.989990 0 ) (-871.382080 -1183.989990 0 ) (-871.382813 -1183.989990 64 ) (-1024 -1183.989990 64 ) 
4 989 1022 (-1024 -1343.989990 620.299988 ) (-1024 -1183.989990 620.299988 ) (-1024 -1183.989990 240 ) (-1024 -1343.989990 240 ) 
4 989 992 (-112 -1343.989990 240 ) (-1024 -1343.989990 240 ) (-1024 -1183.989990 240 ) (-112 -1183.989990 240 ) 
4 989 990 (-104 -1343.989990 240 ) (-112 -1343.989990 240 ) (-112 -1191.989990 240 ) (-104 -1191.989990 240 ) 
4 989 1012 (-104 -1343.989990 240 ) (-104 -1343.989990 620.299988 ) (-1024 -1343.989990 620.299988 ) (-1024 -1343.989990 240 ) 
4 990 993 (-112 -1343.989990 64 ) (-112 -1343.989990 96 ) (-112 -1191.989990 96 ) (-112 -1191.989990 64 ) 
4 990 992 (-112 -1343.989990 96 ) (-112 -1343.989990 240 ) (-112 -1191.989990 240 ) (-112 -1191.989990 96 ) 
4 990 1012 (-104 -1343.989990 64 ) (-104 -1343.989990 240 ) (-112 -1343.989990 240 ) (-112 -1343.989990 64 ) 
4 991 1013 (-104 -1191.989990 0 ) (-104 -1343.989990 0 ) (-112 -1343.989990 0 ) (-112 -1191.989990 0 ) 
4 991 994 (-112 -1343.989990 0 ) (-112 -1343.989990 58 ) (-112 -1191.989990 58 ) (-112 -1191.989990 0 ) 
4 991 1012 (-112 -1343.989990 0 ) (-104 -1343.989990 0 ) (-104 -1343.989990 58 ) (-112 -1343.989990 58 ) 
4 992 1022 (-1024 -1183.989990 240 ) (-1024 -1183.989990 96 ) (-1024 -1343.989990 96 ) (-1024 -1343.989990 240 ) 
3 992 1008 (-431.996033 -1311.988647 96 ) (-423.027466 -1308.727173 96 ) (-420.284454 -1316.245972 96 ) 
3 992 1007 (-406.839539 -1302.840332 96 ) (-416 -1327.991333 96 ) (-423.027466 -1308.727173 96 ) 
4 992 1006 (-395.704102 -1183.989990 96 ) (-363.554810 -1183.989990 96 ) (-406.839539 -1302.840332 96 ) (-443.740875 -1316.259644 96 ) 
3 992 1003 (-448 -1183.989990 96 ) (-395.704102 -1183.989990 96 ) (-448 -1327.988525 96 ) 
3 992 1005 (-500.493134 -1183.989990 96 ) (-448 -1183.989990 96 ) (-448 -1327.988525 96 ) 
3 992 1000 (-448 -1327.989868 96 ) (-443.723145 -1339.722168 96 ) (-448 -1338.164795 96 ) 
4 992 1002 (-871.383484 -1183.989990 96 ) (-500.493134 -1183.989990 96 ) (-448 -1327.989868 96 ) (-448 -1338.164795 96 ) 
3 992 997 (-448 -1338.164795 96 ) (-432.003296 -1343.989990 96 ) (-448 -1343.989990 96 ) 
5 992 999 (-1024 -1183.989990 96 ) (-871.383484 -1183.989990 96 ) (-448 -1338.164795 96 ) (-448 -1343.989990 96 ) (-1024 -1343.989990 96 ) 
3 992 995 (-420.270660 -1339.719116 96 ) (-421.826111 -1343.989990 96 ) (-432 -1343.989990 96 ) 
4 992 993 (-363.554810 -1183.989990 96 ) (-112 -1183.989990 96 ) (-112 -1343.989990 96 ) (-421.826111 -1343.989990 96 ) 
4 992 1012 (-112 -1343.989990 96 ) (-112 -1343.989990 240 ) (-1024 -1343.989990 240 ) (-1024 -1343.989990 96 ) 
4 993 1007 (-415.998566 -1327.993896 96 ) (-406.837494 -1302.839600 96 ) (-406.837708 -1302.839722 64 ) (-415.998627 -1327.993652 64 ) 
4 993 1006 (-406.837494 -1302.839600 96 ) (-363.553223 -1183.989990 96 ) (-363.553375 -1183.989990 64 ) (-406.837708 -1302.839722 64 ) 
4 993 995 (-421.824371 -1343.989990 64 ) (-421.824219 -1343.989990 96 ) (-420.268524 -1339.718384 96 ) (-420.268677 -1339.718384 64 ) 
4 993 1012 (-112 -1343.989990 64 ) (-112 -1343.989990 96 ) (-421.826111 -1343.989990 96 ) (-421.826263 -1343.989990 64 ) 
4 994 1013 (-363.555237 -1183.989990 0 ) (-112 -1183.989990 0 ) (-112 -1343.989990 0 ) (-421.826538 -1343.989990 0 ) 
4 994 1010 (-415.998627 -1327.993652 58 ) (-406.837738 -1302.839722 58 ) (-406.838043 -1302.839844 0 ) (-415.998779 -1327.993286 0 ) 
4 994 1009 (-406.837738 -1302.839722 58 ) (-363.553406 -1183.989990 58 ) (-363.553680 -1183.989990 0 ) (-406.838043 -1302.839844 0 ) 
4 994 996 (-421.824677 -1343.989990 0 ) (-421.824402 -1343.989990 58 ) (-420.268707 -1339.718384 58 ) (-420.269012 -1339.718506 0 ) 
4 994 1012 (-421.826599 -1343.989990 0 ) (-112 -1343.989990 0 ) (-112 -1343.989990 58 ) (-421.826294 -1343.989990 58 ) 
4 995 1012 (-421.826263 -1343.989990 64 ) (-421.826111 -1343.989990 96 ) (-432 -1343.989990 96 ) (-432 -1343.989990 64 ) 
3 996 1014 (-420.271149 -1339.719238 0 ) (-421.826538 -1343.989990 0 ) (-432 -1343.989990 0 ) 
4 996 1012 (-432 -1343.989990 0 ) (-421.826599 -1343.989990 0 ) (-421.826294 -1343.989990 58 ) (-432 -1343.989990 58 ) 
4 997 1000 (-443.723419 -1339.721436 64 ) (-448 -1338.164063 64 ) (-448 -1338.164307 96 ) (-443.723358 -1339.721680 96 ) 
4 997 1012 (-432 -1343.989990 64 ) (-432 -1343.989990 96 ) (-448 -1343.989990 96 ) (-448 -1343.989990 64 ) 
4 997 999 (-448 -1338.162598 96 ) (-448 -1338.162354 64 ) (-448 -1343.989990 64 ) (-448 -1343.989990 96 ) 
3 998 1015 (-448 -1338.163696 0 ) (-432 -1343.989990 0 ) (-448 -1343.989990 0 ) 
4 998 1001 (-443.723511 -1339.721069 0 ) (-448 -1338.163818 0 ) (-448 -1338.164063 58 ) (-443.723419 -1339.721436 58 ) 
4 998 999 (-448 -1338.162354 58 ) (-448 -1338.162109 0 ) (-448 -1343.989990 0 ) (-448 -1343.989990 58 ) 
4 998 1012 (-448 -1343.989990 0 ) (-432 -1343.989990 0 ) (-432 -1343.989990 58 ) (-448 -1343.989990 58 ) 
4 999 1022 (-1024 -1183.989990 96 ) (-1024 -1183.989990 0 ) (-1024 -1343.989990 0 ) (-1024 -1343.989990 96 ) 
5 999 1015 (-1024 -1343.989990 0 ) (-1024 -1183.989990 0 ) (-871.382080 -1183.989990 0 ) (-448 -1338.163696 0 ) (-448 -1343.989990 0 ) 
4 999 1002 (-448 -1338.163818 0 ) (-871.381470 -1183.989990 0 ) (-871.382813 -1183.989990 96 ) (-448 -1338.164307 96 ) 
4 999 1012 (-1024 -1343.989990 0 ) (-448 -1343.989990 0 ) (-448 -1343.989990 96 ) (-1024 -1343.989990 96 ) 
4 1000 1002 (-448 -1327.988281 96 ) (-448 -1327.988281 64 ) (-448 -1338.163208 64 ) (-448 -1338.163452 96 ) 
3 1001 1016 (-448 -1327.989990 0 ) (-443.723663 -1339.720947 0 ) (-448 -1338.163696 0 ) 
4 1001 1002 (-448 -1327.988281 58 ) (-448 -1327.988281 0 ) (-448 -1338.162964 0 ) (-448 -1338.163208 58 ) 
4 1002 1016 (-871.382080 -1183.989990 0 ) (-500.493134 -1183.989990 0 ) (-448 -1327.989990 0 ) (-448 -1338.163696 0 ) 
4 1002 1005 (-448 -1327.993042 0 ) (-500.494141 -1183.989990 0 ) (-500.494141 -1183.989990 96 ) (-448 -1327.993164 96 ) 
4 1003 1006 (-443.742676 -1316.260254 64 ) (-395.706055 -1183.989990 64 ) (-395.706207 -1183.989990 96 ) (-443.742920 -1316.260498 96 ) 
4 1003 1005 (-448 -1327.985474 64 ) (-448 -1327.985107 96 ) (-448 -1183.989990 96 ) (-448 -1183.989990 64 ) 
3 1004 1017 (-448 -1183.989990 0 ) (-395.703674 -1183.989990 0 ) (-448 -1327.989258 0 ) 
4 1004 1009 (-443.742371 -1316.260132 0 ) (-395.705750 -1183.989990 0 ) (-395.706024 -1183.989990 58 ) (-443.742676 -1316.260254 58 ) 
4 1004 1005 (-448 -1327.986328 0 ) (-448 -1327.985596 58 ) (-448 -1183.989990 58 ) (-448 -1183.989990 0 ) 
3 1005 1017 (-500.493134 -1183.989990 0 ) (-448 -1183.989990 0 ) (-448 -1327.989258 0 ) 
4 1006 1008 (-431.997742 -1311.988403 64 ) (-423.027771 -1308.726440 64 ) (-423.027771 -1308.726440 96 ) (-431.997131 -1311.988159 96 ) 
4 1006 1007 (-423.027771 -1308.726440 64 ) (-406.839386 -1302.839478 64 ) (-406.839203 -1302.839355 96 ) (-423.027771 -1308.726440 96 ) 
4 1007 1008 (-423.027344 -1308.730469 96 ) (-423.027344 -1308.730469 64 ) (-420.285614 -1316.245850 64 ) (-420.285767 -1316.245361 96 ) 
4 1009 1018 (-395.703674 -1183.989990 0 ) (-363.555237 -1183.989990 0 ) (-406.840057 -1302.840454 0 ) (-443.740356 -1316.259521 0 ) 
4 1009 1011 (-423.027710 -1308.726440 58 ) (-431.997864 -1311.988403 58 ) (-431.998901 -1311.988770 0 ) (-423.027710 -1308.726440 0 ) 
4 1009 1010 (-406.840149 -1302.839966 0 ) (-406.839844 -1302.839844 58 ) (-423.027710 -1308.726440 58 ) (-423.027710 -1308.726440 0 ) 
3 1010 1019 (-406.840057 -1302.840454 0 ) (-416 -1327.990723 0 ) (-423.027466 -1308.727173 0 ) 
4 1010 1011 (-423.027344 -1308.728516 58 ) (-423.027344 -1308.728516 0 ) (-420.284210 -1316.247314 0 ) (-420.284546 -1316.246338 58 ) 
3 1011 1020 (-431.997772 -1311.989258 0 ) (-423.027466 -1308.727173 0 ) (-420.283905 -1316.247437 0 ) 
4 1012 1028 (-1024 -2048 620.299988 ) (-1024 -2048 0 ) (-104 -2048 0 ) (-104 -2048 620.299988 ) 
4 1012 1022 (-1024 -2048 0 ) (-1024 -2048 620.299988 ) (-1024 -1343.989990 620.299988 ) (-1024 -1343.989990 0 ) 
3 1012 1015 (-1024 -1559.548340 0 ) (-1024 -1343.989990 0 ) (-432 -1343.989990 0 ) 
5 1012 1014 (-1024 -2048 0 ) (-1024 -1559.548340 0 ) (-432 -1343.989990 0 ) (-421.826599 -1343.989990 0 ) (-678.223633 -2048 0 ) 
4 1012 1013 (-421.826599 -1343.989990 0 ) (-104 -1343.989990 0 ) (-104 -2048 0 ) (-678.223633 -2048 0 ) 
4 1013 1029 (0 -2048 -120 ) (0 -2048 0 ) (-678.223633 -2048 0 ) (-678.224182 -2048 -120 ) 
4 1013 1019 (-406.841522 -1302.841064 -120 ) (-416 -1327.989136 -120 ) (-416 -1327.992188 0 ) (-406.838989 -1302.840210 0 ) 
4 1013 1018 (-305.289063 -1024 -120 ) (-406.841522 -1302.841064 -120 ) (-406.838989 -1302.840210 0 ) (-305.286743 -1024 0 ) 
4 1013 1014 (-420.272583 -1339.719849 -120 ) (-678.224609 -2048 -120 ) (-678.222656 -2048 0 ) (-420.270081 -1339.718994 0 ) 
4 1014 1029 (-678.223633 -2048 0 ) (-1024 -2048 0 ) (-1024 -2048 -120 ) (-678.224182 -2048 -120 ) 
4 1014 1023 (-1024 -2048 -120 ) (-1024 -2048 0 ) (-1024 -1559.548340 0 ) (-1024 -1559.548340 -120 ) 
4 1014 1015 (-432 -1343.990234 -120 ) (-1024 -1559.549072 -120 ) (-1024 -1559.548828 0 ) (-432 -1343.990601 0 ) 
4 1015 1023 (-1024 -1559.548340 0 ) (-1024 -1128.414307 0 ) (-1024 -1128.413696 -120 ) (-1024 -1559.548340 -120 ) 
4 1015 1016 (-443.723755 -1339.720459 -120 ) (-1024 -1128.413330 -120 ) (-1024 -1128.414063 0 ) (-443.723511 -1339.721191 0 ) 
4 1016 1023 (-1024 -1128.414307 0 ) (-1024 -1024 0 ) (-1024 -1024 -120 ) (-1024 -1128.413696 -120 ) 
4 1016 1017 (-448 -1327.991577 -120 ) (-558.816406 -1024 -120 ) (-558.816772 -1024 0 ) (-448 -1327.990723 0 ) 
4 1017 1018 (-443.741699 -1316.259888 -120 ) (-337.600891 -1024 -120 ) (-337.603516 -1024 0 ) (-443.742432 -1316.260254 0 ) 
4 1018 1020 (-432.002594 -1311.989136 -120 ) (-423.028076 -1308.725464 -120 ) (-423.028107 -1308.725464 0 ) (-432 -1311.988281 0 ) 
4 1018 1019 (-423.028076 -1308.725464 -120 ) (-406.840546 -1302.838867 -120 ) (-406.839905 -1302.838623 0 ) (-423.028107 -1308.725464 0 ) 
4 1019 1020 (-423.027344 -1308.728516 0 ) (-423.027344 -1308.728516 -120 ) (-420.283752 -1316.249023 -120 ) (-420.284424 -1316.247192 0 ) 
4 1021 1030 (0 -2048 -288.299988 ) (0 -2048 -166 ) (-1024 -2048 -166 ) (-1024 -2048 -288.299988 ) 
4 1021 1024 (-1024 -2048 -288.299988 ) (-1024 -2048 -166 ) (-1024 -1024 -166 ) (-1024 -1024 -288.299988 ) 
4 1022 1032 (-1024 -2048 0 ) (-1024 -2048 620.299988 ) (-2048 -2048 620.299988 ) (-2048 -2048 0 ) 
4 1022 1025 (-2048 -1024 620.299988 ) (-2048 -1024 0 ) (-2048 -2048 0 ) (-2048 -2048 620.299988 ) 
4 1022 1023 (-1024 -2048 0 ) (-2048 -2048 0 ) (-2048 -1024 0 ) (-1024 -1024 0 ) 
4 1023 1033 (-1024 -2048 -120 ) (-1024 -2048 0 ) (-2048 -2048 0 ) (-2048 -2048 -120 ) 
4 1023 1026 (-2048 -1024 0 ) (-2048 -1024 -120 ) (-2048 -2048 -120 ) (-2048 -2048 0 ) 
4 1024 1034 (-1024 -2048 -288.299988 ) (-1024 -2048 -166 ) (-2048 -2048 -166 ) (-2048 -2048 -288.299988 ) 
4 1024 1027 (-2048 -1024 -166 ) (-2048 -1024 -288.299988 ) (-2048 -2048 -288.299988 ) (-2048 -2048 -166 ) 
4 1025 1054 (-3072 -2048 0 ) (-3072 -2048 620.299988 ) (-3072 -1024 620.299988 ) (-3072 -1024 0 ) 
4 1025 1036 (-3072 -2048 620.299988 ) (-3072 -2048 0 ) (-2048 -2048 0 ) (-2048 -2048 620.299988 ) 
4 1025 1026 (-3072 -2048 0 ) (-3072 -1024 0 ) (-2048 -1024 0 ) (-2048 -2048 0 ) 
4 1026 1055 (-3072 -2048 -120 ) (-3072 -2048 0 ) (-3072 -1024 0 ) (-3072 -1024 -120 ) 
4 1026 1037 (-3072 -2048 0 ) (-3072 -2048 -120 ) (-2048 -2048 -120 ) (-2048 -2048 0 ) 
4 1027 1056 (-3072 -2048 -288.299988 ) (-3072 -2048 -166 ) (-3072 -1024 -166 ) (-3072 -1024 -288.299988 ) 
4 1027 1038 (-3072 -2048 -166 ) (-3072 -2048 -288.299988 ) (-2048 -2048 -288.299988 ) (-2048 -2048 -166 ) 
4 1028 1032 (-1024 -2048 620.299988 ) (-1024 -2048 0 ) (-1024 -2432.250000 0 ) (-1024 -2432.250000 620.299988 ) 
4 1028 1031 (-1024 -2432.250000 0 ) (-1024 -2432 0 ) (0 -2432 0 ) (0 -2432.250000 0 ) 
4 1028 1029 (-1024 -2432 0 ) (-1024 -2048 0 ) (0 -2048 0 ) (0 -2432 0 ) 
4 1029 1033 (-1024 -2048 0 ) (-1024 -2048 -120 ) (-1024 -2432 -120 ) (-1024 -2432 0 ) 
4 1029 1031 (0 -2432 -120 ) (0 -2432 0 ) (-1024 -2432 0 ) (-1024 -2432 -120 ) 
4 1030 1034 (-1024 -2048 -166 ) (-1024 -2048 -288.299988 ) (-1024 -2432 -288.299988 ) (-1024 -2432 -166 ) 
4 1030 1031 (0 -2432 -288.299988 ) (0 -2432 -166 ) (-1024 -2432 -166 ) (-1024 -2432 -288.299988 ) 
4 1031 1035 (-1024 -2432.250000 0 ) (-1024 -2432 0 ) (-1024 -2432 -288.299988 ) (-1024 -2432.250000 -288.299988 ) 
4 1032 1036 (-2048 -2048 620.299988 ) (-2048 -2048 0 ) (-2048 -2432.250000 0 ) (-2048 -2432.250000 620.299988 ) 
4 1032 1035 (-2048 -2432.250000 0 ) (-2048 -2432 0 ) (-1024 -2432 0 ) (-1024 -2432.250000 0 ) 
4 1032 1033 (-2048 -2432 0 ) (-2048 -2048 0 ) (-1024 -2048 0 ) (-1024 -2432 0 ) 
4 1033 1037 (-2048 -2048 0 ) (-2048 -2048 -120 ) (-2048 -2432 -120 ) (-2048 -2432 0 ) 
4 1033 1035 (-1024 -2432 0 ) (-2048 -2432 0 ) (-2048 -2432 -120 ) (-1024 -2432 -120 ) 
4 1034 1038 (-2048 -2048 -166 ) (-2048 -2048 -288.299988 ) (-2048 -2432 -288.299988 ) (-2048 -2432 -166 ) 
4 1034 1035 (-2048 -2432 -166 ) (-2048 -2432 -288.299988 ) (-1024 -2432 -288.299988 ) (-1024 -2432 -166 ) 
4 1035 1039 (-2048 -2432.250000 0 ) (-2048 -2432 0 ) (-2048 -2432 -288.299988 ) (-2048 -2432.250000 -288.299988 ) 
4 1036 1061 (-3072 -2432.250000 620.299988 ) (-3072 -2048 620.299988 ) (-3072 -2048 0 ) (-3072 -2432.250000 0 ) 
4 1036 1039 (-2048 -2432 0 ) (-2048 -2432.250000 0 ) (-3072 -2432.250000 0 ) (-3072 -2432 0 ) 
4 1036 1037 (-2048 -2048 0 ) (-2048 -2432 0 ) (-3072 -2432 0 ) (-3072 -2048 0 ) 
4 1037 1062 (-3072 -2432 -120 ) (-3072 -2432 0 ) (-3072 -2048 0 ) (-3072 -2048 -120 ) 
4 1037 1039 (-2048 -2432 -120 ) (-2048 -2432 0 ) (-3072 -2432 0 ) (-3072 -2432 -120 ) 
4 1038 1063 (-3072 -2432 -288.299988 ) (-3072 -2432 -166 ) (-3072 -2048 -166 ) (-3072 -2048 -288.299988 ) 
4 1038 1039 (-2048 -2432 -288.299988 ) (-2048 -2432 -166 ) (-3072 -2432 -166 ) (-3072 -2432 -288.299988 ) 
4 1039 1064 (-3072 -2432.250000 0 ) (-3072 -2432 0 ) (-3072 -2432 -288.299988 ) (-3072 -2432.250000 -288.299988 ) 
4 1040 1046 (-4096 1024 620.299988 ) (-4096 1024 0 ) (-4096 0 0 ) (-4096 0 620.299988 ) 
4 1040 1043 (-3072 0 0 ) (-3072 0 620.299988 ) (-4096 0 620.299988 ) (-4096 0 0 ) 
4 1040 1041 (-4096 0 0 ) (-4096 1024 0 ) (-3072 1024 0 ) (-3072 0 0 ) 
4 1041 1047 (-4096 1024 0 ) (-4096 1024 -120 ) (-4096 0 -120 ) (-4096 0 0 ) 
4 1041 1044 (-3072 0 -120 ) (-3072 0 0 ) (-4096 0 0 ) (-4096 0 -120 ) 
4 1042 1048 (-4096 1024 -166 ) (-4096 1024 -288.299988 ) (-4096 0 -288.299988 ) (-4096 0 -166 ) 
4 1042 1045 (-3072 0 -288.299988 ) (-3072 0 -166 ) (-4096 0 -166 ) (-4096 0 -288.299988 ) 
4 1043 1054 (-3072 -1024 0 ) (-3072 -1024 620.299988 ) (-4096 -1024 620.299988 ) (-4096 -1024 0 ) 
4 1043 1050 (-4096 -1024 0 ) (-4096 -1024 620.299988 ) (-4096 0 620.299988 ) (-4096 0 0 ) 
4 1043 1044 (-4096 -1024 0 ) (-4096 0 0 ) (-3072 0 0 ) (-3072 -1024 0 ) 
4 1044 1055 (-3072 -1024 -120 ) (-3072 -1024 0 ) (-4096 -1024 0 ) (-4096 -1024 -120 ) 
4 1044 1051 (-4096 -1024 -120 ) (-4096 -1024 0 ) (-4096 0 0 ) (-4096 0 -120 ) 
4 1045 1056 (-3072 -1024 -288.299988 ) (-3072 -1024 -166 ) (-4096 -1024 -166 ) (-4096 -1024 -288.299988 ) 
4 1045 1052 (-4096 -1024 -288.299988 ) (-4096 -1024 -166 ) (-4096 0 -166 ) (-4096 0 -288.299988 ) 
4 1046 1050 (-4096 0 0 ) (-4096 0 620.299988 ) (-4352.220215 0 620.299988 ) (-4352.220215 0 0 ) 
4 1046 1049 (-4352 0 0 ) (-4352.220215 0 0 ) (-4352.220215 1024 0 ) (-4352 1024 0 ) 
4 1046 1047 (-4096 0 0 ) (-4352 0 0 ) (-4352 1024 0 ) (-4096 1024 0 ) 
4 1047 1051 (-4096 0 -120 ) (-4096 0 0 ) (-4352 0 0 ) (-4352 0 -120 ) 
4 1047 1049 (-4352 0 0 ) (-4352 1024 0 ) (-4352 1024 -120 ) (-4352 0 -120 ) 
4 1048 1052 (-4096 0 -288.299988 ) (-4096 0 -166 ) (-4352 0 -166 ) (-4352 0 -288.299988 ) 
4 1048 1049 (-4352 1024 -166 ) (-4352 1024 -288.299988 ) (-4352 0 -288.299988 ) (-4352 0 -166 ) 
4 1049 1053 (-4352 0 -288.299988 ) (-4352 0 0 ) (-4352.220215 0 0 ) (-4352.220215 0 -288.299988 ) 
4 1050 1057 (-4096 -1024 0 ) (-4096 -1024 620.299988 ) (-4352.220215 -1024 620.299988 ) (-4352.220215 -1024 0 ) 
4 1050 1053 (-4352.220215 0 0 ) (-4352 0 0 ) (-4352 -1024 0 ) (-4352.220215 -1024 0 ) 
4 1050 1051 (-4352 0 0 ) (-4096 0 0 ) (-4096 -1024 0 ) (-4352 -1024 0 ) 
4 1051 1058 (-4096 -1024 -120 ) (-4096 -1024 0 ) (-4352 -1024 0 ) (-4352 -1024 -120 ) 
4 1051 1053 (-4352 -1024 0 ) (-4352 0 0 ) (-4352 0 -120 ) (-4352 -1024 -120 ) 
4 1052 1059 (-4096 -1024 -288.299988 ) (-4096 -1024 -166 ) (-4352 -1024 -166 ) (-4352 -1024 -288.299988 ) 
4 1052 1053 (-4352 0 -166 ) (-4352 0 -288.299988 ) (-4352 -1024 -288.299988 ) (-4352 -1024 -166 ) 
4 1053 1060 (-4352 -1024 -288.299988 ) (-4352 -1024 0 ) (-4352.220215 -1024 0 ) (-4352.220215 -1024 -288.299988 ) 
4 1054 1061 (-3072 -2048 0 ) (-3072 -2048 620.299988 ) (-4096 -2048 620.299988 ) (-4096 -2048 0 ) 
4 1054 1057 (-4096 -2048 0 ) (-4096 -2048 620.299988 ) (-4096 -1024 620.299988 ) (-4096 -1024 0 ) 
4 1054 1055 (-3072 -2048 0 ) (-4096 -2048 0 ) (-4096 -1024 0 ) (-3072 -1024 0 ) 
4 1055 1062 (-3072 -2048 -120 ) (-3072 -2048 0 ) (-4096 -2048 0 ) (-4096 -2048 -120 ) 
4 1055 1058 (-4096 -2048 -120 ) (-4096 -2048 0 ) (-4096 -1024 0 ) (-4096 -1024 -120 ) 
4 1056 1063 (-3072 -2048 -288.299988 ) (-3072 -2048 -166 ) (-4096 -2048 -166 ) (-4096 -2048 -288.299988 ) 
4 1056 1059 (-4096 -2048 -288.299988 ) (-4096 -2048 -166 ) (-4096 -1024 -166 ) (-4096 -1024 -288.299988 ) 
4 1057 1065 (-4096 -2048 0 ) (-4096 -2048 620.299988 ) (-4352.220215 -2048 620.299988 ) (-4352.220215 -2048 0 ) 
4 1057 1060 (-4352 -2048 0 ) (-4352.220215 -2048 0 ) (-4352.220215 -1024 0 ) (-4352 -1024 0 ) 
4 1057 1058 (-4096 -2048 0 ) (-4352 -2048 0 ) (-4352 -1024 0 ) (-4096 -1024 0 ) 
4 1058 1066 (-4096 -2048 -120 ) (-4096 -2048 0 ) (-4352 -2048 0 ) (-4352 -2048 -120 ) 
4 1058 1060 (-4352 -2048 -120 ) (-4352 -2048 0 ) (-4352 -1024 0 ) (-4352 -1024 -120 ) 
4 1059 1067 (-4096 -2048 -288.299988 ) (-4096 -2048 -166 ) (-4352 -2048 -166 ) (-4352 -2048 -288.299988 ) 
4 1059 1060 (-4352 -2048 -288.299988 ) (-4352 -2048 -166 ) (-4352 -1024 -166 ) (-4352 -1024 -288.299988 ) 
4 1060 1069 (-4352 -2048 -288.299988 ) (-4352 -2048 0 ) (-4352.220215 -2048 0 ) (-4352.220215 -2048 -288.299988 ) 
4 1061 1065 (-4096 -2048 620.299988 ) (-4096 -2048 0 ) (-4096 -2432.250000 0 ) (-4096 -2432.250000 620.299988 ) 
4 1061 1064 (-4096 -2432.250000 0 ) (-4096 -2432 0 ) (-3072 -2432 0 ) (-3072 -2432.250000 0 ) 
4 1061 1062 (-4096 -2432 0 ) (-4096 -2048 0 ) (-3072 -2048 0 ) (-3072 -2432 0 ) 
4 1062 1066 (-4096 -2048 0 ) (-4096 -2048 -120 ) (-4096 -2432 -120 ) (-4096 -2432 0 ) 
4 1062 1064 (-3072 -2432 -120 ) (-3072 -2432 0 ) (-4096 -2432 0 ) (-4096 -2432 -120 ) 
4 1063 1067 (-4096 -2048 -166 ) (-4096 -2048 -288.299988 ) (-4096 -2432 -288.299988 ) (-4096 -2432 -166 ) 
4 1063 1064 (-3072 -2432 -288.299988 ) (-3072 -2432 -166 ) (-4096 -2432 -166 ) (-4096 -2432 -288.299988 ) 
4 1064 1068 (-4096 -2432.250000 0 ) (-4096 -2432 0 ) (-4096 -2432 -288.299988 ) (-4096 -2432.250000 -288.299988 ) 
4 1065 1069 (-4352.220215 -2432.250000 0 ) (-4352.220215 -2048 0 ) (-4352 -2048 0 ) (-4352 -2432.250000 0 ) 
4 1065 1068 (-4096 -2432 0 ) (-4096 -2432.250000 0 ) (-4352 -2432.250000 0 ) (-4352 -2432 0 ) 
4 1065 1066 (-4352 -2048 0 ) (-4096 -2048 0 ) (-4096 -2432 0 ) (-4352 -2432 0 ) 
4 1066 1069 (-4352 -2432 0 ) (-4352 -2048 0 ) (-4352 -2048 -120 ) (-4352 -2432 -120 ) 
4 1066 1068 (-4352 -2432 0 ) (-4352 -2432 -120 ) (-4096 -2432 -120 ) (-4096 -2432 0 ) 
4 1067 1069 (-4352 -2048 -166 ) (-4352 -2048 -288.299988 ) (-4352 -2432 -288.299988 ) (-4352 -2432 -166 ) 
4 1067 1068 (-4352 -2432 -166 ) (-4352 -2432 -288.299988 ) (-4096 -2432 -288.299988 ) (-4096 -2432 -166 ) 
4 1068 1069 (-4352 -2432.250000 0 ) (-4352 -2432 0 ) (-4352 -2432 -288.299988 ) (-4352 -2432.250000 -288.299988 ) 
