PRT1
1069
3630
4 0 5 (4096.220215 4096 620.299988 ) (4096 4096 620.299988 ) (4096 4096 -288.299988 ) (4096.220215 4096 -288.299988 ) 
4 0 4 (4096 4096 -288.299988 ) (4096 4096 -166 ) (4096 4736 -166 ) (4096 4736 -288.299988 ) 
4 0 3 (4096 4096 -120 ) (4096 4096 0 ) (4096 4736 0 ) (4096 4736 -120 ) 
4 0 2 (4096 4736 0 ) (4096 4736.250000 0 ) (4096 4736.250000 -288.299988 ) (4096 4736 -288.299988 ) 
4 0 1 (4096 4096 0 ) (4096 4096 620.299988 ) (4096 4736.250000 620.299988 ) (4096 4736.250000 0 ) 
4 1 17 (3072 4096 0 ) (3072 4096 620.299988 ) (3072 4736.250000 620.299988 ) (3072 4736.250000 0 ) 
4 1 6 (4096 4096 0 ) (4096 4096 620.299988 ) (3072 4096 620.299988 ) (3072 4096 0 ) 
4 1 3 (4096 4736 0 ) (4096 4096 0 ) (3072 4096 0 ) (3072 4736 0 ) 
4 1 2 (4096 4736.250000 0 ) (4096 4736 0 ) (3072 4736 0 ) (3072 4736.250000 0 ) 
4 2 18 (3072 4736 0 ) (3072 4736.250000 0 ) (3072 4736.250000 -288.299988 ) (3072 4736 -288.299988 ) 
4 2 4 (3072 4736 -288.299988 ) (4096 4736 -288.299988 ) (4096 4736 -166 ) (3072 4736 -166 ) 
4 2 3 (4096 4736 -120 ) (4096 4736 0 ) (3072 4736 0 ) (3072 4736 -120 ) 
4 3 19 (3072 4096 -120 ) (3072 4096 0 ) (3072 4736 0 ) (3072 4736 -120 ) 
4 3 7 (4096 4096 -120 ) (4096 4096 0 ) (3072 4096 0 ) (3072 4096 -120 ) 
4 4 20 (3072 4096 -288.299988 ) (3072 4096 -166 ) (3072 4736 -166 ) (3072 4736 -288.299988 ) 
4 4 8 (4096 4096 -288.299988 ) (4096 4096 -166 ) (3072 4096 -166 ) (3072 4096 -288.299988 ) 
4 5 9 (4096.220215 3072 620.299988 ) (4096 3072 620.299988 ) (4096 3072 -288.299988 ) (4096.220215 3072 -288.299988 ) 
4 5 8 (4096 4096 -166 ) (4096 4096 -288.299988 ) (4096 3072 -288.299988 ) (4096 3072 -166 ) 
4 5 7 (4096 4096 0 ) (4096 4096 -120 ) (4096 3072 -120 ) (4096 3072 0 ) 
4 5 6 (4096 4096 620.299988 ) (4096 4096 0 ) (4096 3072 0 ) (4096 3072 620.299988 ) 
4 6 29 (3072 3072 0 ) (3072 3072 620.299988 ) (3072 4096 620.299988 ) (3072 4096 0 ) 
4 6 10 (3072 3072 620.299988 ) (3072 3072 0 ) (4096 3072 0 ) (4096 3072 620.299988 ) 
4 6 7 (3072 3072 0 ) (3072 4096 0 ) (4096 4096 0 ) (4096 3072 0 ) 
4 7 30 (3072 3072 -120 ) (3072 3072 0 ) (3072 4096 0 ) (3072 4096 -120 ) 
4 7 11 (3072 3072 0 ) (3072 3072 -120 ) (4096 3072 -120 ) (4096 3072 0 ) 
4 8 31 (3072 3072 -288.299988 ) (3072 3072 -166 ) (3072 4096 -166 ) (3072 4096 -288.299988 ) 
4 8 12 (3072 3072 -166 ) (3072 3072 -288.299988 ) (4096 3072 -288.299988 ) (4096 3072 -166 ) 
4 9 13 (4096.220215 2048 620.299988 ) (4096 2048 620.299988 ) (4096 2048 -288.299988 ) (4096.220215 2048 -288.299988 ) 
4 9 12 (4096 3072 -166 ) (4096 3072 -288.299988 ) (4096 2048 -288.299988 ) (4096 2048 -166 ) 
4 9 11 (4096 3072 0 ) (4096 3072 -120 ) (4096 2048 -120 ) (4096 2048 0 ) 
4 9 10 (4096 3072 620.299988 ) (4096 3072 0 ) (4096 2048 0 ) (4096 2048 620.299988 ) 
4 10 38 (3072 2048 0 ) (3072 2048 620.299988 ) (3072 3072 620.299988 ) (3072 3072 0 ) 
4 10 14 (3072 2048 620.299988 ) (3072 2048 0 ) (4096 2048 0 ) (4096 2048 620.299988 ) 
4 10 11 (4096 3072 0 ) (4096 2048 0 ) (3072 2048 0 ) (3072 3072 0 ) 
4 11 39 (3072 2048 -120 ) (3072 2048 0 ) (3072 3072 0 ) (3072 3072 -120 ) 
4 11 15 (3072 2048 0 ) (3072 2048 -120 ) (4096 2048 -120 ) (4096 2048 0 ) 
4 12 40 (3072 2048 -288.299988 ) (3072 2048 -166 ) (3072 3072 -166 ) (3072 3072 -288.299988 ) 
4 12 16 (3072 2048 -166 ) (3072 2048 -288.299988 ) (4096 2048 -288.299988 ) (4096 2048 -166 ) 
4 13 103 (4096.220215 1024 620.299988 ) (4096 1024 620.299988 ) (4096 1024 -288.299988 ) (4096.220215 1024 -288.299988 ) 
4 13 16 (4096 2048 -166 ) (4096 2048 -288.299988 ) (4096 1024 -288.299988 ) (4096 1024 -166 ) 
4 13 15 (4096 2048 0 ) (4096 2048 -120 ) (4096 1024 -120 ) (4096 1024 0 ) 
4 13 14 (4096 2048 620.299988 ) (4096 2048 0 ) (4096 1024 0 ) (4096 1024 620.299988 ) 
4 14 104 (4096 1024 0 ) (4096 1024 620.299988 ) (3072 1024 620.299988 ) (3072 1024 0 ) 
4 14 41 (3072 1024 0 ) (3072 1024 620.299988 ) (3072 2048 620.299988 ) (3072 2048 0 ) 
4 14 15 (3072 1024 0 ) (3072 2048 0 ) (4096 2048 0 ) (4096 1024 0 ) 
4 15 105 (4096 1024 -120 ) (4096 1024 0 ) (3072 1024 0 ) (3072 1024 -120 ) 
4 15 42 (3072 1024 -120 ) (3072 1024 0 ) (3072 2048 0 ) (3072 2048 -120 ) 
4 16 106 (4096 1024 -288.299988 ) (4096 1024 -166 ) (3072 1024 -166 ) (3072 1024 -288.299988 ) 
4 16 43 (3072 1024 -288.299988 ) (3072 1024 -166 ) (3072 2048 -166 ) (3072 2048 -288.299988 ) 
4 17 29 (3072 4096 0 ) (3072 4096 620.299988 ) (2048 4096 620.299988 ) (2048 4096 0 ) 
4 17 21 (2048 4096 0 ) (2048 4096 620.299988 ) (2048 4736.250000 620.299988 ) (2048 4736.250000 0 ) 
4 17 19 (2048 4096 0 ) (2048 4736 0 ) (3072 4736 0 ) (3072 4096 0 ) 
4 17 18 (2048 4736 0 ) (2048 4736.250000 0 ) (3072 4736.250000 0 ) (3072 4736 0 ) 
4 18 22 (2048 4736 0 ) (2048 4736.250000 0 ) (2048 4736.250000 -288.299988 ) (2048 4736 -288.299988 ) 
4 18 20 (2048 4736 -288.299988 ) (3072 4736 -288.299988 ) (3072 4736 -166 ) (2048 4736 -166 ) 
4 18 19 (3072 4736 -120 ) (3072 4736 0 ) (2048 4736 0 ) (2048 4736 -120 ) 
4 19 30 (3072 4096 -120 ) (3072 4096 0 ) (2048 4096 0 ) (2048 4096 -120 ) 
4 19 23 (2048 4096 -120 ) (2048 4096 0 ) (2048 4736 0 ) (2048 4736 -120 ) 
4 20 31 (3072 4096 -288.299988 ) (3072 4096 -166 ) (2048 4096 -166 ) (2048 4096 -288.299988 ) 
4 20 24 (2048 4096 -288.299988 ) (2048 4096 -166 ) (2048 4736 -166 ) (2048 4736 -288.299988 ) 
4 21 32 (2048 4096 0 ) (2048 4096 620.299988 ) (1024 4096 620.299988 ) (1024 4096 0 ) 
4 21 25 (1024 4096 0 ) (1024 4096 620.299988 ) (1024 4736.250000 620.299988 ) (1024 4736.250000 0 ) 
4 21 23 (2048 4736 0 ) (2048 4096 0 ) (1024 4096 0 ) (1024 4736 0 ) 
4 21 22 (2048 4736.250000 0 ) (2048 4736 0 ) (1024 4736 0 ) (1024 4736.250000 0 ) 
4 22 26 (1024 4736 0 ) (1024 4736.250000 0 ) (1024 4736.250000 -288.299988 ) (1024 4736 -288.299988 ) 
4 22 24 (1024 4736 -288.299988 ) (2048 4736 -288.299988 ) (2048 4736 -166 ) (1024 4736 -166 ) 
4 22 23 (2048 4736 -120 ) (2048 4736 0 ) (1024 4736 0 ) (1024 4736 -120 ) 
4 23 33 (2048 4096 -120 ) (2048 4096 0 ) (1024 4096 0 ) (1024 4096 -120 ) 
4 23 27 (1024 4096 -120 ) (1024 4096 0 ) (1024 4736 0 ) (1024 4736 -120 ) 
4 24 34 (2048 4096 -288.299988 ) (2048 4096 -166 ) (1024 4096 -166 ) (1024 4096 -288.299988 ) 
4 24 28 (1024 4096 -288.299988 ) (1024 4096 -166 ) (1024 4736 -166 ) (1024 4736 -288.299988 ) 
4 25 710 (0 4096 0 ) (0 4096 620.299988 ) (0 4736.250000 620.299988 ) (0 4736.250000 0 ) 
4 25 35 (1024 4096 0 ) (1024 4096 620.299988 ) (0 4096 620.299988 ) (0 4096 0 ) 
4 25 27 (1024 4736 0 ) (1024 4096 0 ) (0 4096 0 ) (0 4736 0 ) 
4 25 26 (1024 4736.250000 0 ) (1024 4736 0 ) (0 4736 0 ) (0 4736.250000 0 ) 
4 26 711 (0 4736 0 ) (0 4736.250000 0 ) (0 4736.250000 -288.299988 ) (0 4736 -288.299988 ) 
4 26 28 (0 4736 -288.299988 ) (1024 4736 -288.299988 ) (1024 4736 -166 ) (0 4736 -166 ) 
4 26 27 (1024 4736 -120 ) (1024 4736 0 ) (0 4736 0 ) (0 4736 -120 ) 
4 27 712 (0 4096 -120 ) (0 4096 0 ) (0 4736 0 ) (0 4736 -120 ) 
4 27 36 (1024 4096 -120 ) (1024 4096 0 ) (0 4096 0 ) (0 4096 -120 ) 
4 28 713 (0 4096 -288.299988 ) (0 4096 -166 ) (0 4736 -166 ) (0 4736 -288.299988 ) 
4 28 37 (1024 4096 -288.299988 ) (1024 4096 -166 ) (0 4096 -166 ) (0 4096 -288.299988 ) 
4 29 38 (3072 3072 0 ) (3072 3072 620.299988 ) (2048 3072 620.299988 ) (2048 3072 0 ) 
4 29 32 (2048 3072 0 ) (2048 3072 620.299988 ) (2048 4096 620.299988 ) (2048 4096 0 ) 
4 29 30 (3072 3072 0 ) (2048 3072 0 ) (2048 4096 0 ) (3072 4096 0 ) 
4 30 39 (3072 3072 -120 ) (3072 3072 0 ) (2048 3072 0 ) (2048 3072 -120 ) 
4 30 33 (2048 3072 -120 ) (2048 3072 0 ) (2048 4096 0 ) (2048 4096 -120 ) 
4 31 40 (3072 3072 -288.299988 ) (3072 3072 -166 ) (2048 3072 -166 ) (2048 3072 -288.299988 ) 
4 31 34 (2048 3072 -288.299988 ) (2048 3072 -166 ) (2048 4096 -166 ) (2048 4096 -288.299988 ) 
4 32 44 (2048 3072 0 ) (2048 3072 620.299988 ) (1024 3072 620.299988 ) (1024 3072 0 ) 
4 32 35 (1024 4096 620.299988 ) (1024 4096 0 ) (1024 3072 0 ) (1024 3072 620.299988 ) 
4 32 33 (2048 3072 0 ) (1024 3072 0 ) (1024 4096 0 ) (2048 4096 0 ) 
4 33 45 (2048 3072 -120 ) (2048 3072 0 ) (1024 3072 0 ) (1024 3072 -120 ) 
4 33 36 (1024 4096 0 ) (1024 4096 -120 ) (1024 3072 -120 ) (1024 3072 0 ) 
4 34 46 (2048 3072 -288.299988 ) (2048 3072 -166 ) (1024 3072 -166 ) (1024 3072 -288.299988 ) 
4 34 37 (1024 4096 -166 ) (1024 4096 -288.299988 ) (1024 3072 -288.299988 ) (1024 3072 -166 ) 
4 35 722 (0 3072 0 ) (0 3072 620.299988 ) (0 4096 620.299988 ) (0 4096 0 ) 
4 35 51 (0 3072 88 ) (0 3072 0 ) (1024 3072 0 ) (1024 3072 88 ) 
4 35 48 (268 3072 88 ) (873 3072 88 ) (873 3072 620.299988 ) (268 3072 620.299988 ) 
4 35 47 (873 3072 88 ) (1024 3072 88 ) (1024 3072 620.299988 ) (873 3072 620.299988 ) 
4 35 50 (0 3072 620.299988 ) (0 3072 88 ) (268 3072 88 ) (268 3072 620.299988 ) 
4 35 36 (0 3072 0 ) (0 4096 0 ) (1024 4096 0 ) (1024 3072 0 ) 
4 36 723 (0 3072 -120 ) (0 3072 0 ) (0 4096 0 ) (0 4096 -120 ) 
4 36 64 (0 3072 0 ) (0 3072 -120 ) (1024 3072 -120 ) (1024 3072 0 ) 
4 37 724 (0 3072 -288.299988 ) (0 3072 -166 ) (0 4096 -166 ) (0 4096 -288.299988 ) 
4 37 65 (0 3072 -166 ) (0 3072 -288.299988 ) (1024 3072 -288.299988 ) (1024 3072 -166 ) 
4 38 44 (2048 3072 620.299988 ) (2048 3072 0 ) (2048 2048 0 ) (2048 2048 620.299988 ) 
4 38 41 (3072 2048 0 ) (3072 2048 620.299988 ) (2048 2048 620.299988 ) (2048 2048 0 ) 
4 38 39 (2048 2048 0 ) (2048 3072 0 ) (3072 3072 0 ) (3072 2048 0 ) 
4 39 45 (2048 3072 0 ) (2048 3072 -120 ) (2048 2048 -120 ) (2048 2048 0 ) 
4 39 42 (3072 2048 -120 ) (3072 2048 0 ) (2048 2048 0 ) (2048 2048 -120 ) 
4 40 46 (2048 3072 -166 ) (2048 3072 -288.299988 ) (2048 2048 -288.299988 ) (2048 2048 -166 ) 
4 40 43 (3072 2048 -288.299988 ) (3072 2048 -166 ) (2048 2048 -166 ) (2048 2048 -288.299988 ) 
4 41 120 (3072 1024 0 ) (3072 1024 620.299988 ) (2048 1024 620.299988 ) (2048 1024 0 ) 
4 41 67 (2048 1024 0 ) (2048 1024 80 ) (2048 2048 80 ) (2048 2048 0 ) 
4 41 66 (2048 1024 80 ) (2048 1024 620.299988 ) (2048 2048 620.299988 ) (2048 2048 80 ) 
4 41 42 (2048 1024 0 ) (2048 2048 0 ) (3072 2048 0 ) (3072 1024 0 ) 
4 42 121 (3072 1024 -120 ) (3072 1024 0 ) (2048 1024 0 ) (2048 1024 -120 ) 
4 42 73 (2048 1024 -120 ) (2048 1024 0 ) (2048 2048 0 ) (2048 2048 -120 ) 
4 43 122 (3072 1024 -288.299988 ) (3072 1024 -166 ) (2048 1024 -166 ) (2048 1024 -288.299988 ) 
4 43 74 (2048 1024 -288.299988 ) (2048 1024 -166 ) (2048 2048 -166 ) (2048 2048 -288.299988 ) 
4 44 70 (1056 2048 80 ) (1024 2048 80 ) (1024 2048 0 ) (1056 2048 0 ) 
4 44 68 (1152 2048 80 ) (1056 2048 80 ) (1056 2048 0 ) (1152 2048 0 ) 
4 44 67 (2048 2048 0 ) (2048 2048 80 ) (1152 2048 80 ) (1152 2048 0 ) 
4 44 66 (2048 2048 80 ) (2048 2048 620.299988 ) (1024 2048 620.299988 ) (1024 2048 80 ) 
4 44 61 (1024 2072.010254 0 ) (1024 2048 0 ) (1024 2048 107 ) (1024 2072.010254 107 ) 
4 44 59 (1024 2048 107 ) (1024 2048 256 ) (1024 2072.010254 256 ) (1024 2072.010254 107 ) 
4 44 56 (1024 2048 256 ) (1024 2048 620.299988 ) (1024 2072.010254 620.299988 ) (1024 2072.010254 256 ) 
4 44 52 (1024 2072.010254 48 ) (1024 2072.010254 88 ) (1024 2080.010254 88 ) (1024 2080.010254 48 ) 
4 44 55 (1024 2080.010254 0 ) (1024 2072.010254 0 ) (1024 2072.010254 48 ) (1024 2080.010254 48 ) 
4 44 51 (1024 3072 88 ) (1024 3072 0 ) (1024 2080.010254 0 ) (1024 2080.010254 88 ) 
4 44 47 (1024 3072 620.299988 ) (1024 3072 88 ) (1024 2072.010254 88 ) (1024 2072.010254 620.299988 ) 
4 44 45 (2048 2048 0 ) (1024 2048 0 ) (1024 3072 0 ) (2048 3072 0 ) 
4 45 73 (2048 2048 -120 ) (2048 2048 0 ) (1024 2048 0 ) (1024 2048 -120 ) 
4 45 64 (1024 3072 0 ) (1024 3072 -120 ) (1024 2048 -120 ) (1024 2048 0 ) 
4 46 74 (2048 2048 -288.299988 ) (2048 2048 -166 ) (1024 2048 -166 ) (1024 2048 -288.299988 ) 
4 46 65 (1024 3072 -166 ) (1024 3072 -288.299988 ) (1024 2048 -288.299988 ) (1024 2048 -166 ) 
4 47 61 (1024 2072.010254 88 ) (1024 2072.010254 107 ) (873 2072.010254 107 ) (873 2072.010254 88 ) 
4 47 59 (1024 2072.010254 107 ) (1024 2072.010254 256 ) (873 2072.010254 256 ) (873 2072.010254 107 ) 
4 47 56 (1024 2072.010254 256 ) (1024 2072.010254 620.299988 ) (873 2072.010254 620.299988 ) (873 2072.010254 256 ) 
4 47 52 (1024 2072.010254 88 ) (873 2072.010254 88 ) (873 2080.010254 88 ) (1024 2080.010254 88 ) 
4 47 51 (873 2080.010254 88 ) (873 3072 88 ) (1024 3072 88 ) (1024 2080.010254 88 ) 
4 47 49 (873 2072.010254 264 ) (873 2072.010254 620.299988 ) (873 2080.010254 620.299988 ) (873 2080.010254 264 ) 
4 47 48 (873 3072 88 ) (873 2080.010254 88 ) (873 2080.010254 620.299988 ) (873 3072 620.299988 ) 
4 48 51 (268 2080.010254 88 ) (268 3072 88 ) (873 3072 88 ) (873 2080.010254 88 ) 
4 48 49 (268 2080.010254 620.299988 ) (268 2080.010254 264 ) (873 2080.010254 264 ) (873 2080.010254 620.299988 ) 
4 48 50 (268 3072 88 ) (268 2080.010254 88 ) (268 2080.010254 620.299988 ) (268 3072 620.299988 ) 
4 49 57 (873 2072.010254 620.299988 ) (268 2072.010254 620.299988 ) (268 2072.010254 264 ) (873 2072.010254 264 ) 
4 49 50 (268 2072.010254 264 ) (268 2072.010254 620.299988 ) (268 2080.010254 620.299988 ) (268 2080.010254 264 ) 
4 50 731 (0 3072 620.299988 ) (0 3072 88 ) (0 2072.010254 88 ) (0 2072.010254 620.299988 ) 
4 50 63 (0 2072.010254 107 ) (0 2072.010254 88 ) (268 2072.010254 88 ) (268 2072.010254 107 ) 
4 50 60 (0 2072.010254 256 ) (0 2072.010254 107 ) (268 2072.010254 107 ) (268 2072.010254 256 ) 
4 50 58 (268 2072.010254 620.299988 ) (0 2072.010254 620.299988 ) (0 2072.010254 256 ) (268 2072.010254 256 ) 
4 50 54 (268 2072.010254 88 ) (0 2072.010254 88 ) (0 2080.010254 88 ) (268 2080.010254 88 ) 
4 50 51 (0 2080.010254 88 ) (0 3072 88 ) (268 3072 88 ) (268 2080.010254 88 ) 
4 51 731 (0 3072 88 ) (0 3072 0 ) (0 2080.010254 0 ) (0 2080.010254 88 ) 
4 51 64 (1024 3072 0 ) (1024 2080.010254 0 ) (0 2080.010254 0 ) (0 3072 0 ) 
4 51 54 (296 2080.010254 88 ) (0 2080.010254 88 ) (0 2080.010254 48 ) (296 2080.010254 48 ) 
4 51 52 (1024 2080.010254 48 ) (1024 2080.010254 88 ) (862 2080.010254 88 ) (862 2080.010254 48 ) 
4 51 53 (854 2080.010254 88 ) (304 2080.010254 88 ) (304 2080.010254 48 ) (854 2080.010254 48 ) 
4 51 55 (0 2080.010254 0 ) (1024 2080.010254 0 ) (1024 2080.010254 48 ) (0 2080.010254 48 ) 
4 52 62 (873 2072.010254 88 ) (862 2072.010254 88 ) (862 2072.010254 48 ) (873 2072.010254 48 ) 
4 52 61 (1024 2072.010254 48 ) (1024 2072.010254 88 ) (873 2072.010254 88 ) (873 2072.010254 48 ) 
4 52 55 (1024 2072.010254 48 ) (862 2072.010254 48 ) (862 2080.010254 48 ) (1024 2080.010254 48 ) 
4 53 62 (854 2072.010254 88 ) (304 2072.010254 88 ) (304 2072.010254 48 ) (854 2072.010254 48 ) 
4 53 55 (854 2072.010254 48 ) (304 2072.010254 48 ) (304 2080.010254 48 ) (854 2080.010254 48 ) 
4 54 731 (0 2072.010254 48 ) (0 2072.010254 88 ) (0 2080.010254 88 ) (0 2080.010254 48 ) 
4 54 62 (296 2072.010254 88 ) (268 2072.010254 88 ) (268 2072.010254 48 ) (296 2072.010254 48 ) 
4 54 63 (268 2072.010254 88 ) (0 2072.010254 88 ) (0 2072.010254 48 ) (268 2072.010254 48 ) 
4 54 55 (296 2072.010254 48 ) (0 2072.010254 48 ) (0 2080.010254 48 ) (296 2080.010254 48 ) 
4 55 731 (0 2080.010254 0 ) (0 2072.010254 0 ) (0 2072.010254 48 ) (0 2080.010254 48 ) 
4 55 64 (1024 2080.010254 0 ) (1024 2072.010254 0 ) (0 2072.010254 0 ) (0 2080.010254 0 ) 
4 55 62 (268 2072.010254 0 ) (873 2072.010254 0 ) (873 2072.010254 48 ) (268 2072.010254 48 ) 
4 55 61 (873 2072.010254 0 ) (1024 2072.010254 0 ) (1024 2072.010254 48 ) (873 2072.010254 48 ) 
4 55 63 (0 2072.010254 0 ) (268 2072.010254 0 ) (268 2072.010254 48 ) (0 2072.010254 48 ) 
4 56 75 (873 2048 256 ) (1024 2048 256 ) (1024 2048 620.299988 ) (873 2048 620.299988 ) 
4 56 59 (873 2072.010254 256 ) (1024 2072.010254 256 ) (1024 2048 256 ) (873 2048 256 ) 
4 56 57 (873 2048 264 ) (873 2048 620.299988 ) (873 2072.010254 620.299988 ) (873 2072.010254 264 ) 
4 57 76 (873 2048 264 ) (873 2048 620.299988 ) (268 2048 620.299988 ) (268 2048 264 ) 
4 57 58 (268 2048 264 ) (268 2048 620.299988 ) (268 2072.010254 620.299988 ) (268 2072.010254 264 ) 
4 58 731 (0 2048 256 ) (0 2048 620.299988 ) (0 2072.010254 620.299988 ) (0 2072.010254 256 ) 
4 58 79 (0 2048 620.299988 ) (0 2048 256 ) (268 2048 256 ) (268 2048 620.299988 ) 
4 58 60 (0 2072.010254 256 ) (268 2072.010254 256 ) (268 2048 256 ) (0 2048 256 ) 
4 59 77 (284 2048 107 ) (873 2048 107 ) (873 2048 256 ) (284 2048 256 ) 
4 59 75 (873 2048 107 ) (1024 2048 107 ) (1024 2048 256 ) (873 2048 256 ) 
4 59 61 (1024 2048 107 ) (873 2048 107 ) (873 2072.010254 107 ) (1024 2072.010254 107 ) 
4 60 731 (0 2048 107 ) (0 2048 256 ) (0 2072.010254 256 ) (0 2072.010254 107 ) 
4 60 79 (0 2048 256 ) (0 2048 107 ) (268 2048 107 ) (268 2048 256 ) 
4 60 63 (268 2048 107 ) (0 2048 107 ) (0 2072.010254 107 ) (268 2072.010254 107 ) 
4 61 80 (873 2048 0 ) (1024 2048 0 ) (1024 2048 107 ) (873 2048 107 ) 
4 61 64 (1024 2072.010254 0 ) (1024 2048 0 ) (873 2048 0 ) (873 2072.010254 0 ) 
4 61 62 (873 2072.010254 99 ) (873 2072.010254 0 ) (873 2048 0 ) (873 2048 99 ) 
4 62 81 (268 2048 0 ) (873 2048 0 ) (873 2048 99 ) (268 2048 99 ) 
4 62 64 (873 2048 0 ) (268 2048 0 ) (268 2072.010254 0 ) (873 2072.010254 0 ) 
4 62 63 (268 2072.010254 99 ) (268 2072.010254 0 ) (268 2048 0 ) (268 2048 99 ) 
4 63 731 (0 2048 0 ) (0 2048 107 ) (0 2072.010254 107 ) (0 2072.010254 0 ) 
4 63 83 (0 2048 107 ) (0 2048 0 ) (268 2048 0 ) (268 2048 107 ) 
4 63 64 (268 2048 0 ) (0 2048 0 ) (0 2072.010254 0 ) (268 2072.010254 0 ) 
4 64 732 (0 2048 -120 ) (0 2048 0 ) (0 3072 0 ) (0 3072 -120 ) 
4 64 101 (0 2048 0 ) (0 2048 -120 ) (1024 2048 -120 ) (1024 2048 0 ) 
4 65 733 (0 2048 -288.299988 ) (0 2048 -166 ) (0 3072 -166 ) (0 3072 -288.299988 ) 
4 65 102 (0 2048 -166 ) (0 2048 -288.299988 ) (1024 2048 -288.299988 ) (1024 2048 -166 ) 
4 66 126 (2048 1024 80 ) (2048 1024 620.299988 ) (1024 1024 620.299988 ) (1024 1024 80 ) 
4 66 100 (1024 1200.010010 80 ) (1024 1024 80 ) (1024 1024 620.299988 ) (1024 1200.010010 620.299988 ) 
4 66 84 (1024 1776.010132 80 ) (1024 1200.010010 80 ) (1024 1200.010010 620.299988 ) (1024 1776.010132 620.299988 ) 
4 66 80 (1024 2048 107 ) (1024 2048 80 ) (1024 1776.010132 80 ) (1024 1776.010132 107 ) 
4 66 75 (1024 2048 620.299988 ) (1024 2048 107 ) (1024 1776.010132 107 ) (1024 1776.010132 620.299988 ) 
4 66 70 (1024 1544.010132 80 ) (1024 2048 80 ) (1056 2048 80 ) (1056 1544.010132 80 ) 
4 66 72 (1056 1024 80 ) (1024 1024 80 ) (1024 1448.010132 80 ) (1056 1448.010132 80 ) 
4 66 68 (1056 1544.010132 80 ) (1056 2048 80 ) (1152 2048 80 ) (1152 1544.010132 80 ) 
4 66 67 (2048 1024 80 ) (1152 1024 80 ) (1152 2048 80 ) (2048 2048 80 ) 
4 67 127 (2048 1024 64 ) (2048 1024 80 ) (1152 1024 80 ) (1152 1024 64 ) 
4 67 133 (2048 1024 0 ) (2048 1024 64 ) (1152 1024 64 ) (1152 1024 0 ) 
4 67 73 (1152 2048 0 ) (2048 2048 0 ) (2048 1024 0 ) (1152 1024 0 ) 
4 67 69 (1152 1544.010132 0 ) (1152 1024 0 ) (1152 1024 64 ) (1152 1544.010132 64 ) 
4 67 68 (1152 2048 0 ) (1152 1544.010132 0 ) (1152 1544.010132 80 ) (1152 2048 80 ) 
4 68 73 (1056 2048 0 ) (1152 2048 0 ) (1152 1544.010132 0 ) (1056 1544.010132 0 ) 
4 68 70 (1056 2048 0 ) (1056 1544.010132 0 ) (1056 1544.010132 80 ) (1056 2048 80 ) 
4 68 69 (1056 1544.010132 64 ) (1056 1544.010132 0 ) (1152 1544.010132 0 ) (1152 1544.010132 64 ) 
4 69 133 (1056 1024 64 ) (1056 1024 0 ) (1152 1024 0 ) (1152 1024 64 ) 
4 69 73 (1152 1544.010132 0 ) (1152 1024 0 ) (1056 1024 0 ) (1056 1544.010132 0 ) 
4 69 71 (1056 1544.010132 0 ) (1056 1448.010132 0 ) (1056 1448.010132 64 ) (1056 1544.010132 64 ) 
4 69 72 (1056 1448.010132 0 ) (1056 1024 0 ) (1056 1024 64 ) (1056 1448.010132 64 ) 
4 70 87 (1024 1544.010132 64 ) (1024 1544.010132 71 ) (1024 1776.010132 71 ) (1024 1776.010132 64 ) 
4 70 91 (1024 1776.010132 0 ) (1024 1544.010132 0 ) (1024 1544.010132 64 ) (1024 1776.010132 64 ) 
4 70 85 (1024 1544.010132 71 ) (1024 1544.010132 80 ) (1024 1776.010132 80 ) (1024 1776.010132 71 ) 
4 70 80 (1024 2048 80 ) (1024 2048 0 ) (1024 1776.010132 0 ) (1024 1776.010132 80 ) 
4 70 73 (1024 2048 0 ) (1056 2048 0 ) (1056 1544.010132 0 ) (1024 1544.010132 0 ) 
4 70 71 (1024 1544.010132 0 ) (1056 1544.010132 0 ) (1056 1544.010132 64 ) (1024 1544.010132 64 ) 
4 71 91 (1024 1544.010132 0 ) (1024 1448.010132 0 ) (1024 1448.010132 64 ) (1024 1544.010132 64 ) 
4 71 73 (1056 1544.010132 0 ) (1056 1448.010132 0 ) (1024 1448.010132 0 ) (1024 1544.010132 0 ) 
4 71 72 (1024 1448.010132 0 ) (1056 1448.010132 0 ) (1056 1448.010132 64 ) (1024 1448.010132 64 ) 
4 72 128 (1056 1024 80 ) (1024 1024 80 ) (1024 1024 64 ) (1056 1024 64 ) 
4 72 133 (1024 1024 64 ) (1024 1024 0 ) (1056 1024 0 ) (1056 1024 64 ) 
4 72 100 (1024 1200.010010 0 ) (1024 1024 0 ) (1024 1024 80 ) (1024 1200.010010 80 ) 
4 72 88 (1024 1200.010010 64 ) (1024 1200.010010 71 ) (1024 1448.010132 71 ) (1024 1448.010132 64 ) 
4 72 91 (1024 1448.010132 0 ) (1024 1200.010010 0 ) (1024 1200.010010 64 ) (1024 1448.010132 64 ) 
4 72 86 (1024 1200.010010 71 ) (1024 1200.010010 80 ) (1024 1448.010132 80 ) (1024 1448.010132 71 ) 
4 72 73 (1056 1448.010132 0 ) (1056 1024 0 ) (1024 1024 0 ) (1024 1448.010132 0 ) 
4 73 134 (2048 1024 -120 ) (2048 1024 0 ) (1024 1024 0 ) (1024 1024 -120 ) 
4 73 101 (1024 2048 0 ) (1024 2048 -120 ) (1024 1024 -120 ) (1024 1024 0 ) 
4 74 135 (2048 1024 -288.299988 ) (2048 1024 -166 ) (1024 1024 -166 ) (1024 1024 -288.299988 ) 
4 74 102 (1024 2048 -166 ) (1024 2048 -288.299988 ) (1024 1024 -288.299988 ) (1024 1024 -166 ) 
4 75 84 (1024 1776.010132 107 ) (1024 1776.010132 620.299988 ) (873 1776.010132 620.299988 ) (873 1776.010132 107 ) 
4 75 80 (1024 1776.010132 107 ) (873 1776.010132 107 ) (873 2048 107 ) (1024 2048 107 ) 
4 75 76 (873 2025.010132 264 ) (873 2025.010132 620.299988 ) (873 2048 620.299988 ) (873 2048 264 ) 
4 75 77 (873 2048 107 ) (873 2025.010132 107 ) (873 2025.010132 256 ) (873 2048 256 ) 
4 75 78 (873 2025.010132 107 ) (873 1776.010132 107 ) (873 1776.010132 620.299988 ) (873 2025.010132 620.299988 ) 
4 76 79 (268 2025.010132 264 ) (268 2025.010132 620.299988 ) (268 2048 620.299988 ) (268 2048 264 ) 
4 76 78 (268 2025.010132 620.299988 ) (268 2025.010132 264 ) (873 2025.010132 264 ) (873 2025.010132 620.299988 ) 
4 77 78 (268 2025.010132 256 ) (268 2025.010132 107 ) (873 2025.010132 107 ) (873 2025.010132 256 ) 
4 77 79 (268 2048 107 ) (268 2025.010132 107 ) (268 2025.010132 256 ) (268 2048 256 ) 
4 78 84 (873 1776.010132 620.299988 ) (268 1776.010132 620.299988 ) (268 1776.010132 107 ) (873 1776.010132 107 ) 
4 78 82 (873 1776.010132 107 ) (268 1776.010132 107 ) (268 2025.010132 107 ) (873 2025.010132 107 ) 
4 78 79 (268 2025.010132 107 ) (268 1776.010132 107 ) (268 1776.010132 620.299988 ) (268 2025.010132 620.299988 ) 
4 79 738 (0 2048 620.299988 ) (0 2048 107 ) (0 1776.010132 107 ) (0 1776.010132 620.299988 ) 
4 79 84 (268 1776.010132 620.299988 ) (0 1776.010132 620.299988 ) (0 1776.010132 107 ) (268 1776.010132 107 ) 
4 79 83 (268 1776.010132 107 ) (0 1776.010132 107 ) (0 2048 107 ) (268 2048 107 ) 
4 80 101 (873 2048 0 ) (1024 2048 0 ) (1024 1776.010132 0 ) (873 1776.010132 0 ) 
4 80 87 (1024 1776.010132 64 ) (1024 1776.010132 71 ) (873 1776.010132 71 ) (873 1776.010132 64 ) 
4 80 91 (873 1776.010132 0 ) (1024 1776.010132 0 ) (1024 1776.010132 64 ) (873 1776.010132 64 ) 
4 80 85 (1024 1776.010132 71 ) (1024 1776.010132 80 ) (873 1776.010132 80 ) (873 1776.010132 71 ) 
4 80 84 (1024 1776.010132 80 ) (1024 1776.010132 107 ) (873 1776.010132 107 ) (873 1776.010132 80 ) 
4 80 81 (873 2048 0 ) (873 2025.010132 0 ) (873 2025.010132 99 ) (873 2048 99 ) 
4 80 82 (873 2025.010132 0 ) (873 1776.010132 0 ) (873 1776.010132 107 ) (873 2025.010132 107 ) 
4 81 101 (268 2048 0 ) (873 2048 0 ) (873 2025.010132 0 ) (268 2025.010132 0 ) 
4 81 82 (268 2025.010132 99 ) (268 2025.010132 0 ) (873 2025.010132 0 ) (873 2025.010132 99 ) 
4 81 83 (268 2048 0 ) (268 2025.010132 0 ) (268 2025.010132 99 ) (268 2048 99 ) 
4 82 101 (873 2025.010132 0 ) (873 1776.010132 0 ) (268 1776.010132 0 ) (268 2025.010132 0 ) 
4 82 97 (762 1776.010132 71 ) (268 1776.010132 71 ) (268 1776.010132 64 ) (762 1776.010132 64 ) 
4 82 95 (768 1776.010132 64 ) (768 1776.010132 65 ) (762 1776.010132 65 ) (762 1776.010132 64 ) 
4 82 99 (268 1776.010132 0 ) (768 1776.010132 0 ) (768 1776.010132 64 ) (268 1776.010132 64 ) 
4 82 92 (770 1776.010132 64 ) (770 1776.010132 67 ) (768 1776.010132 67 ) (768 1776.010132 64 ) 
4 82 94 (768 1776.010132 0 ) (770 1776.010132 0 ) (770 1776.010132 64 ) (768 1776.010132 64 ) 
4 82 89 (770 1776.010132 65 ) (770 1776.010132 64 ) (776 1776.010132 64 ) (776 1776.010132 65 ) 
4 82 87 (873 1776.010132 64 ) (873 1776.010132 71 ) (776 1776.010132 71 ) (776 1776.010132 64 ) 
4 82 91 (770 1776.010132 0 ) (873 1776.010132 0 ) (873 1776.010132 64 ) (770 1776.010132 64 ) 
4 82 85 (873 1776.010132 71 ) (873 1776.010132 80 ) (268 1776.010132 80 ) (268 1776.010132 71 ) 
4 82 84 (873 1776.010132 80 ) (873 1776.010132 107 ) (268 1776.010132 107 ) (268 1776.010132 80 ) 
4 82 83 (268 2025.010132 0 ) (268 1776.010132 0 ) (268 1776.010132 107 ) (268 2025.010132 107 ) 
4 83 738 (0 2048 107 ) (0 2048 0 ) (0 1776.010132 0 ) (0 1776.010132 107 ) 
4 83 101 (0 1776.010132 0 ) (0 2048 0 ) (268 2048 0 ) (268 1776.010132 0 ) 
4 83 97 (268 1776.010132 64 ) (268 1776.010132 71 ) (0 1776.010132 71 ) (0 1776.010132 64 ) 
4 83 99 (0 1776.010132 0 ) (268 1776.010132 0 ) (268 1776.010132 64 ) (0 1776.010132 64 ) 
4 83 85 (268 1776.010132 71 ) (268 1776.010132 80 ) (0 1776.010132 80 ) (0 1776.010132 71 ) 
4 83 84 (268 1776.010132 80 ) (268 1776.010132 107 ) (0 1776.010132 107 ) (0 1776.010132 80 ) 
4 84 765 (0 1575.010132 80 ) (0 1200.010010 80 ) (0 1200.010010 620.299988 ) (0 1575.010132 620.299988 ) 
4 84 739 (0 1626.010132 80 ) (0 1575.010132 80 ) (0 1575.010132 620.299988 ) (0 1626.010132 620.299988 ) 
4 84 738 (0 1776.010132 620.299988 ) (0 1776.010132 80 ) (0 1626.010132 80 ) (0 1626.010132 620.299988 ) 
4 84 100 (0 1200.010010 620.299988 ) (0 1200.010010 80 ) (1024 1200.010010 80 ) (1024 1200.010010 620.299988 ) 
4 84 85 (0 1544.010132 80 ) (0 1776.010132 80 ) (1024 1776.010132 80 ) (1024 1544.010132 80 ) 
4 84 86 (1024 1200.010010 80 ) (0 1200.010010 80 ) (0 1448.010132 80 ) (1024 1448.010132 80 ) 
4 85 766 (0 1575.010132 71 ) (0 1544.010132 71 ) (0 1544.010132 80 ) (0 1575.010132 80 ) 
4 85 740 (0 1626.010132 71 ) (0 1575.010132 71 ) (0 1575.010132 71.750000 ) (0 1626.010132 71.750000 ) 
4 85 739 (0 1575.010132 71.750000 ) (0 1575.010132 80 ) (0 1626.010132 80 ) (0 1626.010132 71.750000 ) 
4 85 738 (0 1776.010132 80 ) (0 1776.010132 71 ) (0 1626.010132 71 ) (0 1626.010132 80 ) 
4 85 97 (0 1544.010132 71 ) (0 1776.010132 71 ) (762 1776.010132 71 ) (762 1544.010132 71 ) 
4 85 87 (776 1776.010132 71 ) (1024 1776.010132 71 ) (1024 1544.010132 71 ) (776 1544.010132 71 ) 
4 86 767 (0 1448.010132 71 ) (0 1200.010010 71 ) (0 1200.010010 80 ) (0 1448.010132 80 ) 
4 86 100 (0 1200.010010 80 ) (0 1200.010010 71 ) (1024 1200.010010 71 ) (1024 1200.010010 80 ) 
4 86 98 (762 1200.010010 71 ) (0 1200.010010 71 ) (0 1448.010132 71 ) (762 1448.010132 71 ) 
4 86 88 (1024 1200.010010 71 ) (776 1200.010010 71 ) (776 1448.010132 71 ) (1024 1448.010132 71 ) 
4 87 89 (776 1776.010132 64 ) (776 1544.010132 64 ) (776 1544.010132 65 ) (776 1776.010132 65 ) 
4 87 91 (776 1544.010132 64 ) (776 1776.010132 64 ) (1024 1776.010132 64 ) (1024 1544.010132 64 ) 
4 88 100 (1024 1200.010010 64 ) (1024 1200.010010 71 ) (776 1200.010010 71 ) (776 1200.010010 64 ) 
4 88 90 (776 1448.010132 64 ) (776 1200.010010 64 ) (776 1200.010010 65 ) (776 1448.010132 65 ) 
4 88 91 (1024 1200.010010 64 ) (776 1200.010010 64 ) (776 1448.010132 64 ) (1024 1448.010132 64 ) 
4 89 92 (770 1776.010132 65 ) (770 1776.010132 64 ) (770 1544.010132 64 ) (770 1544.010132 65 ) 
4 89 91 (770 1544.010132 64 ) (770 1776.010132 64 ) (776 1776.010132 64 ) (776 1544.010132 64 ) 
4 90 100 (770 1200.010010 65 ) (770 1200.010010 64 ) (776 1200.010010 64 ) (776 1200.010010 65 ) 
4 90 93 (770 1200.010010 64 ) (770 1200.010010 65 ) (770 1448.010132 65 ) (770 1448.010132 64 ) 
4 90 91 (776 1200.010010 64 ) (770 1200.010010 64 ) (770 1448.010132 64 ) (776 1448.010132 64 ) 
4 91 101 (770 1776.010132 0 ) (1024 1776.010132 0 ) (1024 1200.010010 0 ) (770 1200.010010 0 ) 
4 91 100 (770 1200.010010 0 ) (1024 1200.010010 0 ) (1024 1200.010010 64 ) (770 1200.010010 64 ) 
4 91 94 (770 1200.010010 0 ) (770 1200.010010 64 ) (770 1776.010132 64 ) (770 1776.010132 0 ) 
4 92 95 (768 1776.010132 65 ) (768 1776.010132 64 ) (768 1544.010132 64 ) (768 1544.010132 65 ) 
4 92 94 (768 1544.010132 64 ) (768 1776.010132 64 ) (770 1776.010132 64 ) (770 1544.010132 64 ) 
4 93 100 (770 1200.010010 64 ) (770 1200.010010 67 ) (768 1200.010010 67 ) (768 1200.010010 64 ) 
4 93 96 (768 1200.010010 64 ) (768 1200.010010 65 ) (768 1448.010132 65 ) (768 1448.010132 64 ) 
4 93 94 (768 1200.010010 64 ) (768 1448.010132 64 ) (770 1448.010132 64 ) (770 1200.010010 64 ) 
4 94 101 (768 1776.010132 0 ) (770 1776.010132 0 ) (770 1200.010010 0 ) (768 1200.010010 0 ) 
4 94 100 (768 1200.010010 0 ) (770 1200.010010 0 ) (770 1200.010010 64 ) (768 1200.010010 64 ) 
4 94 99 (768 1200.010010 0 ) (768 1200.010010 64 ) (768 1776.010132 64 ) (768 1776.010132 0 ) 
4 95 97 (762 1776.010132 64 ) (762 1544.010132 64 ) (762 1544.010132 65 ) (762 1776.010132 65 ) 
4 95 99 (762 1776.010132 64 ) (768 1776.010132 64 ) (768 1544.010132 64 ) (762 1544.010132 64 ) 
4 96 100 (762 1200.010010 64 ) (768 1200.010010 64 ) (768 1200.010010 65 ) (762 1200.010010 65 ) 
4 96 98 (762 1448.010132 64 ) (762 1200.010010 64 ) (762 1200.010010 65 ) (762 1448.010132 65 ) 
4 96 99 (768 1448.010132 64 ) (768 1200.010010 64 ) (762 1200.010010 64 ) (762 1448.010132 64 ) 
4 97 766 (0 1575.010132 64 ) (0 1544.010132 64 ) (0 1544.010132 71 ) (0 1575.010132 71 ) 
4 97 740 (0 1626.010132 64 ) (0 1575.010132 64 ) (0 1575.010132 71 ) (0 1626.010132 71 ) 
4 97 738 (0 1776.010132 71 ) (0 1776.010132 64 ) (0 1626.010132 64 ) (0 1626.010132 71 ) 
4 97 99 (0 1776.010132 64 ) (762 1776.010132 64 ) (762 1544.010132 64 ) (0 1544.010132 64 ) 
4 98 767 (0 1448.010132 64 ) (0 1200.010010 64 ) (0 1200.010010 71 ) (0 1448.010132 71 ) 
4 98 100 (0 1200.010010 71 ) (0 1200.010010 64 ) (762 1200.010010 64 ) (762 1200.010010 71 ) 
4 98 99 (762 1448.010132 64 ) (762 1200.010010 64 ) (0 1200.010010 64 ) (0 1448.010132 64 ) 
4 99 770 (0 1575.010132 0 ) (0 1239.788940 0 ) (0 1239.788940 64 ) (0 1575.010132 64 ) 
4 99 768 (0 1239.788940 0 ) (0 1200.010010 0 ) (0 1200.010010 64 ) (0 1239.788940 64 ) 
4 99 743 (0 1575.010132 7 ) (0 1575.010132 41.748001 ) (0 1626.010132 41.748001 ) (0 1626.010132 7 ) 
4 99 744 (0 1626.010132 0 ) (0 1575.010132 0 ) (0 1575.010132 7 ) (0 1626.010132 7 ) 
4 99 742 (0 1575.010132 41.748001 ) (0 1575.010132 51.750000 ) (0 1626.010132 51.750000 ) (0 1626.010132 41.748001 ) 
4 99 741 (0 1575.010132 51.750000 ) (0 1575.010132 61.750000 ) (0 1626.010132 61.750000 ) (0 1626.010132 51.750000 ) 
4 99 740 (0 1575.010132 61.750000 ) (0 1575.010132 64 ) (0 1626.010132 64 ) (0 1626.010132 61.750000 ) 
4 99 738 (0 1776.010132 64 ) (0 1776.010132 0 ) (0 1626.010132 0 ) (0 1626.010132 64 ) 
4 99 101 (0 1200.010010 0 ) (0 1776.010132 0 ) (768 1776.010132 0 ) (768 1200.010010 0 ) 
4 99 100 (0 1200.010010 64 ) (0 1200.010010 0 ) (768 1200.010010 0 ) (768 1200.010010 64 ) 
4 100 768 (0 1024 0 ) (0 1024 64 ) (0 1200.010010 64 ) (0 1200.010010 0 ) 
4 100 767 (0 1024 64 ) (0 1024 80 ) (0 1200.010010 80 ) (0 1200.010010 64 ) 
4 100 765 (0 1024 80 ) (0 1024 620.299988 ) (0 1200.010010 620.299988 ) (0 1200.010010 80 ) 
4 100 142 (1024 1024 64 ) (1024 1024 80 ) (0 1024 80 ) (0 1024 64 ) 
4 100 147 (1024 1024 0 ) (1024 1024 64 ) (0 1024 64 ) (0 1024 0 ) 
4 100 138 (584 1024 108 ) (492 1024 108 ) (492 1024 80 ) (584 1024 80 ) 
4 100 137 (1024 1024 80 ) (1024 1024 108 ) (584 1024 108 ) (584 1024 80 ) 
4 100 141 (492 1024 108 ) (0 1024 108 ) (0 1024 80 ) (492 1024 80 ) 
4 100 136 (1024 1024 108 ) (1024 1024 620.299988 ) (0 1024 620.299988 ) (0 1024 108 ) 
4 100 101 (0 1024 0 ) (0 1200.010010 0 ) (1024 1200.010010 0 ) (1024 1024 0 ) 
4 101 795 (0 1239.788940 0 ) (0 1816.455078 0 ) (0 1816.455078 -120 ) (0 1239.788940 -120 ) 
4 101 794 (0 1024 -120 ) (0 1024 0 ) (0 1239.788940 0 ) (0 1239.788940 -120 ) 
4 101 785 (0 1816.455078 0 ) (0 2048 0 ) (0 2048 -113.250000 ) (0 1816.455078 -113.250000 ) 
4 101 793 (0 2048 -113.250000 ) (0 2048 -120 ) (0 1816.455078 -120 ) (0 1816.455078 -113.250000 ) 
4 101 148 (1024 1024 -120 ) (1024 1024 0 ) (0 1024 0 ) (0 1024 -120 ) 
4 102 809 (0 1024 -288.299988 ) (0 1024 -166 ) (0 2048 -166 ) (0 2048 -288.299988 ) 
4 102 149 (1024 1024 -288.299988 ) (1024 1024 -166 ) (0 1024 -166 ) (0 1024 -288.299988 ) 
4 103 107 (4096.220215 0 620.299988 ) (4096 0 620.299988 ) (4096 0 -288.299988 ) (4096.220215 0 -288.299988 ) 
4 103 106 (4096 1024 -166 ) (4096 1024 -288.299988 ) (4096 0 -288.299988 ) (4096 0 -166 ) 
4 103 105 (4096 1024 0 ) (4096 1024 -120 ) (4096 0 -120 ) (4096 0 0 ) 
4 103 104 (4096 1024 620.299988 ) (4096 1024 0 ) (4096 0 0 ) (4096 0 620.299988 ) 
4 104 120 (3072 1024 620.299988 ) (3072 1024 0 ) (3072 0 0 ) (3072 0 620.299988 ) 
4 104 108 (4096 0 0 ) (4096 0 620.299988 ) (3072 0 620.299988 ) (3072 0 0 ) 
4 104 105 (3072 1024 0 ) (4096 1024 0 ) (4096 0 0 ) (3072 0 0 ) 
4 105 121 (3072 1024 0 ) (3072 1024 -120 ) (3072 0 -120 ) (3072 0 0 ) 
4 105 109 (4096 0 -120 ) (4096 0 0 ) (3072 0 0 ) (3072 0 -120 ) 
4 106 122 (3072 1024 -166 ) (3072 1024 -288.299988 ) (3072 0 -288.299988 ) (3072 0 -166 ) 
4 106 110 (4096 0 -288.299988 ) (4096 0 -166 ) (3072 0 -166 ) (3072 0 -288.299988 ) 
4 107 111 (4096.220215 -1024 620.299988 ) (4096 -1024 620.299988 ) (4096 -1024 -288.299988 ) (4096.220215 -1024 -288.299988 ) 
4 107 110 (4096 0 -166 ) (4096 0 -288.299988 ) (4096 -1024 -288.299988 ) (4096 -1024 -166 ) 
4 107 109 (4096 0 0 ) (4096 0 -120 ) (4096 -1024 -120 ) (4096 -1024 0 ) 
4 107 108 (4096 0 620.299988 ) (4096 0 0 ) (4096 -1024 0 ) (4096 -1024 620.299988 ) 
4 108 123 (3072 -1024 0 ) (3072 -1024 620.299988 ) (3072 0 620.299988 ) (3072 0 0 ) 
4 108 112 (4096 -1024 0 ) (4096 -1024 620.299988 ) (3072 -1024 620.299988 ) (3072 -1024 0 ) 
4 108 109 (4096 0 0 ) (4096 -1024 0 ) (3072 -1024 0 ) (3072 0 0 ) 
4 109 124 (3072 -1024 -120 ) (3072 -1024 0 ) (3072 0 0 ) (3072 0 -120 ) 
4 109 113 (4096 -1024 -120 ) (4096 -1024 0 ) (3072 -1024 0 ) (3072 -1024 -120 ) 
4 110 125 (3072 -1024 -288.299988 ) (3072 -1024 -166 ) (3072 0 -166 ) (3072 0 -288.299988 ) 
4 110 114 (4096 -1024 -288.299988 ) (4096 -1024 -166 ) (3072 -1024 -166 ) (3072 -1024 -288.299988 ) 
4 111 115 (4096.220215 -2048 620.299988 ) (4096 -2048 620.299988 ) (4096 -2048 -288.299988 ) (4096.220215 -2048 -288.299988 ) 
4 111 114 (4096 -1024 -166 ) (4096 -1024 -288.299988 ) (4096 -2048 -288.299988 ) (4096 -2048 -166 ) 
4 111 113 (4096 -1024 0 ) (4096 -1024 -120 ) (4096 -2048 -120 ) (4096 -2048 0 ) 
4 111 112 (4096 -1024 620.299988 ) (4096 -1024 0 ) (4096 -2048 0 ) (4096 -2048 620.299988 ) 
4 112 581 (3072 -2048 0 ) (3072 -2048 620.299988 ) (3072 -1024 620.299988 ) (3072 -1024 0 ) 
4 112 116 (3072 -2048 620.299988 ) (3072 -2048 0 ) (4096 -2048 0 ) (4096 -2048 620.299988 ) 
4 112 113 (3072 -2048 0 ) (3072 -1024 0 ) (4096 -1024 0 ) (4096 -2048 0 ) 
4 113 582 (3072 -2048 -120 ) (3072 -2048 0 ) (3072 -1024 0 ) (3072 -1024 -120 ) 
4 113 117 (3072 -2048 0 ) (3072 -2048 -120 ) (4096 -2048 -120 ) (4096 -2048 0 ) 
4 114 583 (3072 -2048 -288.299988 ) (3072 -2048 -166 ) (3072 -1024 -166 ) (3072 -1024 -288.299988 ) 
4 114 118 (3072 -2048 -166 ) (3072 -2048 -288.299988 ) (4096 -2048 -288.299988 ) (4096 -2048 -166 ) 
4 115 119 (4096 -2432 -288.299988 ) (4096 -2432.250000 -288.299988 ) (4096 -2432.250000 0 ) (4096 -2432 0 ) 
4 115 118 (4096 -2048 -166 ) (4096 -2048 -288.299988 ) (4096 -2432 -288.299988 ) (4096 -2432 -166 ) 
4 115 117 (4096 -2048 0 ) (4096 -2048 -120 ) (4096 -2432 -120 ) (4096 -2432 0 ) 
4 115 116 (4096 -2048 620.299988 ) (4096 -2048 0 ) (4096 -2432.250000 0 ) (4096 -2432.250000 620.299988 ) 
4 116 698 (3072 -2432.250000 620.299988 ) (3072 -2048 620.299988 ) (3072 -2048 0 ) (3072 -2432.250000 0 ) 
4 116 119 (4096 -2432 0 ) (4096 -2432.250000 0 ) (3072 -2432.250000 0 ) (3072 -2432 0 ) 
4 116 117 (4096 -2048 0 ) (4096 -2432 0 ) (3072 -2432 0 ) (3072 -2048 0 ) 
4 117 699 (3072 -2432 0 ) (3072 -2048 0 ) (3072 -2048 -120 ) (3072 -2432 -120 ) 
4 117 119 (4096 -2432 -120 ) (4096 -2432 0 ) (3072 -2432 0 ) (3072 -2432 -120 ) 
4 118 700 (3072 -2048 -166 ) (3072 -2048 -288.299988 ) (3072 -2432 -288.299988 ) (3072 -2432 -166 ) 
4 118 119 (3072 -2432 -288.299988 ) (4096 -2432 -288.299988 ) (4096 -2432 -166 ) (3072 -2432 -166 ) 
4 119 701 (3072 -2432.250000 0 ) (3072 -2432 0 ) (3072 -2432 -288.299988 ) (3072 -2432.250000 -288.299988 ) 
4 120 131 (2048 280.012024 64 ) (2048 0 64 ) (2048 0 80 ) (2048 280.012024 80 ) 
4 120 129 (2048 816.012085 64 ) (2048 280.012024 64 ) (2048 280.012024 80 ) (2048 816.012085 80 ) 
4 120 127 (2048 1024 80 ) (2048 1024 64 ) (2048 816.012085 64 ) (2048 816.012085 80 ) 
4 120 133 (2048 1024 64 ) (2048 1024 0 ) (2048 0 0 ) (2048 0 64 ) 
4 120 126 (2048 1024 620.299988 ) (2048 1024 80 ) (2048 0 80 ) (2048 0 620.299988 ) 
4 120 123 (3072 0 0 ) (3072 0 620.299988 ) (2048 0 620.299988 ) (2048 0 0 ) 
4 120 121 (2048 0 0 ) (2048 1024 0 ) (3072 1024 0 ) (3072 0 0 ) 
4 121 134 (2048 1024 0 ) (2048 1024 -120 ) (2048 0 -120 ) (2048 0 0 ) 
4 121 124 (3072 0 -120 ) (3072 0 0 ) (2048 0 0 ) (2048 0 -120 ) 
4 122 135 (2048 1024 -166 ) (2048 1024 -288.299988 ) (2048 0 -288.299988 ) (2048 0 -166 ) 
4 122 125 (3072 0 -288.299988 ) (3072 0 -166 ) (2048 0 -166 ) (2048 0 -288.299988 ) 
4 123 581 (3072 -1024 0 ) (3072 -1024 620.299988 ) (2048 -1024 620.299988 ) (2048 -1024 0 ) 
4 123 166 (2048 -359.037506 64 ) (2048 -345.469849 64 ) (2048 -345.469879 0 ) (2048 -359.037537 0 ) 
4 123 164 (2048 -645.169922 64 ) (2048 -359.037506 64 ) (2048 -359.037537 0 ) (2048 -645.169678 0 ) 
4 123 163 (2048 -1024 0 ) (2048 -1024 64 ) (2048 -645.169922 64 ) (2048 -645.169678 0 ) 
4 123 158 (2048 -345.469849 64 ) (2048 -324.086700 64 ) (2048 -324.086731 0 ) (2048 -345.469879 0 ) 
4 123 155 (2048 -324.086700 64 ) (2048 0 64 ) (2048 0 0 ) (2048 -324.086731 0 ) 
4 123 153 (2048 -1024 64 ) (2048 -1024 80 ) (2048 -415.988007 80 ) (2048 -415.988007 64 ) 
4 123 151 (2048 -415.988007 80 ) (2048 0 80 ) (2048 0 64 ) (2048 -415.988007 64 ) 
4 123 150 (2048 -1024 80 ) (2048 -1024 620.299988 ) (2048 0 620.299988 ) (2048 0 80 ) 
4 123 124 (2048 -1024 0 ) (2048 0 0 ) (3072 0 0 ) (3072 -1024 0 ) 
4 124 582 (3072 -1024 -120 ) (3072 -1024 0 ) (2048 -1024 0 ) (2048 -1024 -120 ) 
4 124 185 (2048 -1024 -120 ) (2048 -1024 -118 ) (2048 0 -118 ) (2048 0 -120 ) 
4 124 181 (2048 -359.037506 0 ) (2048 -345.469849 0 ) (2048 -345.469879 -118 ) (2048 -359.037537 -118 ) 
4 124 179 (2048 -645.169617 0 ) (2048 -359.037506 0 ) (2048 -359.037537 -118 ) (2048 -645.169006 -118 ) 
4 124 178 (2048 -1024 -118 ) (2048 -1024 0 ) (2048 -645.169617 0 ) (2048 -645.169006 -118 ) 
4 124 173 (2048 -345.469849 0 ) (2048 -324.086700 0 ) (2048 -324.086731 -118 ) (2048 -345.469879 -118 ) 
4 124 170 (2048 -324.086700 0 ) (2048 0 0 ) (2048 0 -118 ) (2048 -324.086731 -118 ) 
4 125 583 (3072 -1024 -288.299988 ) (3072 -1024 -166 ) (2048 -1024 -166 ) (2048 -1024 -288.299988 ) 
4 125 186 (2048 -1024 -288.299988 ) (2048 -1024 -166 ) (2048 0 -166 ) (2048 0 -288.299988 ) 
4 126 150 (2048 0 80 ) (2048 0 620.299988 ) (1024 0 620.299988 ) (1024 0 80 ) 
4 126 137 (1024 1024 108 ) (1024 1024 80 ) (1024 0 80 ) (1024 0 108 ) 
4 126 136 (1024 1024 620.299988 ) (1024 1024 108 ) (1024 0 108 ) (1024 0 620.299988 ) 
4 126 132 (1024 0 80 ) (1024 184.012009 80 ) (1600 184.012009 80 ) (1600 0 80 ) 
4 126 131 (1696 280.012024 80 ) (2048 280.012024 80 ) (2048 0 80 ) (1696 0 80 ) 
4 126 130 (1024 280.012024 80 ) (1024 720.012085 80 ) (1152 720.012085 80 ) (1152 280.012024 80 ) 
4 126 129 (1152 816.012085 80 ) (2048 816.012085 80 ) (2048 280.012024 80 ) (1152 280.012024 80 ) 
4 126 127 (1152 1024 80 ) (2048 1024 80 ) (2048 816.012085 80 ) (1152 816.012085 80 ) 
4 126 128 (1024 816.012085 80 ) (1024 1024 80 ) (1056 1024 80 ) (1056 816.012085 80 ) 
4 127 129 (1152 816.012085 64 ) (2048 816.012085 64 ) (2048 816.012085 80 ) (1152 816.012085 80 ) 
4 127 133 (1152 1024 64 ) (2048 1024 64 ) (2048 816.012085 64 ) (1152 816.012085 64 ) 
4 128 142 (1024 1024 80 ) (1024 1024 64 ) (1024 816.012085 64 ) (1024 816.012085 80 ) 
4 128 133 (1024 816.012085 64 ) (1024 1024 64 ) (1056 1024 64 ) (1056 816.012085 64 ) 
4 129 131 (1696 280.012024 64 ) (2048 280.012024 64 ) (2048 280.012024 80 ) (1696 280.012024 80 ) 
4 129 130 (1152 720.012085 64 ) (1152 280.012024 64 ) (1152 280.012024 80 ) (1152 720.012085 80 ) 
4 129 133 (1152 816.012085 64 ) (2048 816.012085 64 ) (2048 280.012024 64 ) (1152 280.012024 64 ) 
4 130 143 (1024 720.012085 64 ) (1024 280.012024 64 ) (1024 280.012024 80 ) (1024 720.012085 80 ) 
4 130 133 (1024 280.012024 64 ) (1024 720.012085 64 ) (1152 720.012085 64 ) (1152 280.012024 64 ) 
4 131 151 (2048 0 64 ) (2048 0 80 ) (1696 0 80 ) (1696 0 64 ) 
4 131 133 (2048 0 64 ) (1696 0 64 ) (1696 280.012024 64 ) (2048 280.012024 64 ) 
4 132 152 (1600 0 80 ) (1024 0 80 ) (1024 0 64 ) (1600 0 64 ) 
4 132 145 (1024 184.012009 64 ) (1024 0 64 ) (1024 0 80 ) (1024 184.012009 80 ) 
4 132 133 (1600 0 64 ) (1024 0 64 ) (1024 184.012009 64 ) (1600 184.012009 64 ) 
4 133 155 (2048 0 0 ) (2048 0 64 ) (1024 0 64 ) (1024 0 0 ) 
4 133 147 (1024 1024 64 ) (1024 1024 0 ) (1024 0 0 ) (1024 0 64 ) 
4 133 134 (2048 0 0 ) (1024 0 0 ) (1024 1024 0 ) (2048 1024 0 ) 
4 134 185 (2048 0 -120 ) (2048 0 -118 ) (1024 0 -118 ) (1024 0 -120 ) 
4 134 170 (2048 0 -118 ) (2048 0 0 ) (1024 0 0 ) (1024 0 -118 ) 
4 134 148 (1024 1024 0 ) (1024 1024 -120 ) (1024 0 -120 ) (1024 0 0 ) 
4 135 186 (2048 0 -288.299988 ) (2048 0 -166 ) (1024 0 -166 ) (1024 0 -288.299988 ) 
4 135 149 (1024 1024 -166 ) (1024 1024 -288.299988 ) (1024 0 -288.299988 ) (1024 0 -166 ) 
4 136 854 (0 0 108 ) (0 0 620.299988 ) (0 1024 620.299988 ) (0 1024 108 ) 
4 136 467 (364.100037 0 242 ) (0 0 242 ) (0 0 108 ) (364.100037 0 108 ) 
4 136 265 (512 0 242 ) (364.100037 0 242 ) (364.100037 0 108 ) (512 0 108 ) 
4 136 263 (608 0 242 ) (512 0 242 ) (512 0 108 ) (608 0 108 ) 
4 136 262 (1024 0 108 ) (1024 0 242 ) (608 0 242 ) (608 0 108 ) 
4 136 229 (1024 0 242 ) (1024 0 247 ) (0 0 247 ) (0 0 242 ) 
3 136 227 (456.101990 0 620.299988 ) (58.266846 0 620.299988 ) (456.101990 0 317 ) 
4 136 225 (456.101990 0 323 ) (456.101990 0 317 ) (547.920105 0 247 ) (555.190552 0 247 ) 
5 136 224 (1024 0 247 ) (1024 0 620.299988 ) (456.101990 0 620.299988 ) (456.101990 0 323 ) (555.190552 0 247 ) 
4 136 187 (58.266846 0 620.299988 ) (0 0 620.299988 ) (0 0 247 ) (547.920105 0 247 ) 
4 136 138 (492 572.012085 108 ) (492 1024 108 ) (584 1024 108 ) (584 572.012085 108 ) 
4 136 140 (584 0 108 ) (492 0 108 ) (492 480.012024 108 ) (584 480.012024 108 ) 
4 136 137 (1024 1024 108 ) (1024 0 108 ) (584 0 108 ) (584 1024 108 ) 
4 136 141 (492 0 108 ) (0 0 108 ) (0 1024 108 ) (492 1024 108 ) 
4 137 263 (608 0 108 ) (584 0 108 ) (584 0 80 ) (608 0 80 ) 
4 137 262 (1024 0 80 ) (1024 0 108 ) (608 0 108 ) (608 0 80 ) 
4 137 145 (1024 0 80 ) (608 0 80 ) (608 184.012009 80 ) (1024 184.012009 80 ) 
4 137 142 (584 816.012085 80 ) (584 1024 80 ) (1024 1024 80 ) (1024 816.012085 80 ) 
4 137 143 (584 280.012024 80 ) (584 720.012085 80 ) (1024 720.012085 80 ) (1024 280.012024 80 ) 
4 137 139 (584 572.012085 80 ) (584 480.012024 80 ) (584 480.012024 88 ) (584 572.012085 88 ) 
4 137 138 (584 1024 80 ) (584 572.012085 80 ) (584 572.012085 108 ) (584 1024 108 ) 
4 137 140 (584 480.012024 80 ) (584 0 80 ) (584 0 108 ) (584 480.012024 108 ) 
4 138 142 (492 816.012085 80 ) (492 1024 80 ) (584 1024 80 ) (584 816.012085 80 ) 
4 138 143 (492 572.012085 80 ) (492 720.012085 80 ) (584 720.012085 80 ) (584 572.012085 80 ) 
4 138 139 (492 572.012085 88 ) (492 572.012085 80 ) (584 572.012085 80 ) (584 572.012085 88 ) 
4 138 141 (492 1024 80 ) (492 572.012085 80 ) (492 572.012085 108 ) (492 1024 108 ) 
4 139 143 (492 480.012024 80 ) (492 572.012085 80 ) (584 572.012085 80 ) (584 480.012024 80 ) 
4 139 141 (492 572.012085 80 ) (492 480.012024 80 ) (492 480.012024 88 ) (492 572.012085 88 ) 
4 139 140 (492 480.012024 88 ) (492 480.012024 80 ) (584 480.012024 80 ) (584 480.012024 88 ) 
4 140 265 (512 0 108 ) (492 0 108 ) (492 0 80 ) (512 0 80 ) 
4 140 263 (584 0 108 ) (512 0 108 ) (512 0 80 ) (584 0 80 ) 
4 140 146 (512 0 80 ) (492 0 80 ) (492 184.012009 80 ) (512 184.012009 80 ) 
4 140 144 (492 184.012009 80 ) (492 280.012024 80 ) (512 280.012024 80 ) (512 184.012009 80 ) 
4 140 143 (492 280.012024 80 ) (492 480.012024 80 ) (584 480.012024 80 ) (584 280.012024 80 ) 
4 140 141 (492 480.012024 80 ) (492 0 80 ) (492 0 108 ) (492 480.012024 108 ) 
4 141 854 (0 0 80 ) (0 0 108 ) (0 1024 108 ) (0 1024 80 ) 
4 141 467 (364.100037 0 108 ) (0 0 108 ) (0 0 80 ) (364.100037 0 80 ) 
4 141 265 (492 0 108 ) (364.100037 0 108 ) (364.100037 0 80 ) (492 0 80 ) 
4 141 146 (492 0 80 ) (0 0 80 ) (0 184.012009 80 ) (492 184.012009 80 ) 
4 141 144 (0 184.012009 80 ) (0 280.012024 80 ) (492 280.012024 80 ) (492 184.012009 80 ) 
4 141 142 (0 816.012085 80 ) (0 1024 80 ) (492 1024 80 ) (492 816.012085 80 ) 
4 141 143 (0 280.012024 80 ) (0 720.012085 80 ) (492 720.012085 80 ) (492 280.012024 80 ) 
4 142 855 (0 816.012085 80 ) (0 1024 80 ) (0 1024 64 ) (0 816.012085 64 ) 
4 142 147 (1024 1024 64 ) (1024 816.012085 64 ) (0 816.012085 64 ) (0 1024 64 ) 
4 143 856 (0 280.012024 80 ) (0 720.012085 80 ) (0 720.012085 64 ) (0 280.012024 64 ) 
4 143 144 (0 280.012024 64 ) (512 280.012024 64 ) (512 280.012024 80 ) (0 280.012024 80 ) 
4 143 147 (1024 720.012085 64 ) (1024 280.012024 64 ) (0 280.012024 64 ) (0 720.012085 64 ) 
4 144 856 (0 184.012009 80 ) (0 280.012024 80 ) (0 280.012024 64 ) (0 184.012009 64 ) 
4 144 146 (0 184.012009 64 ) (512 184.012009 64 ) (512 184.012009 80 ) (0 184.012009 80 ) 
4 144 147 (512 184.012009 64 ) (0 184.012009 64 ) (0 280.012024 64 ) (512 280.012024 64 ) 
4 145 262 (1024 0 64 ) (1024 0 80 ) (608 0 80 ) (608 0 64 ) 
4 145 147 (1024 184.012009 64 ) (1024 0 64 ) (608 0 64 ) (608 184.012009 64 ) 
4 146 856 (0 0 64 ) (0 0 80 ) (0 184.012009 80 ) (0 184.012009 64 ) 
4 146 468 (364.100037 0 80 ) (0 0 80 ) (0 0 64 ) (364.100037 0 64 ) 
4 146 265 (512 0 80 ) (364.100037 0 80 ) (364.100037 0 64 ) (512 0 64 ) 
4 146 147 (512 0 64 ) (0 0 64 ) (0 184.012009 64 ) (512 184.012009 64 ) 
4 147 860 (0 0 0 ) (0 0 64 ) (0 1024 64 ) (0 1024 0 ) 
4 147 471 (364.100037 0 64 ) (0 0 64 ) (0 0 0 ) (364.100037 0 0 ) 
4 147 265 (512 0 64 ) (364.100037 0 64 ) (364.100037 0 0 ) (512 0 0 ) 
4 147 264 (608 0 64 ) (512 0 64 ) (512 0 0 ) (608 0 0 ) 
4 147 262 (1024 0 0 ) (1024 0 64 ) (608 0 64 ) (608 0 0 ) 
4 147 148 (1024 1024 0 ) (1024 0 0 ) (0 0 0 ) (0 1024 0 ) 
4 148 861 (0 0 -120 ) (0 0 0 ) (0 1024 0 ) (0 1024 -120 ) 
4 148 568 (78.422180 0 0 ) (46.312504 0 0 ) (46.312290 0 -120 ) (78.422394 0 -120 ) 
4 148 567 (85.058105 0 0 ) (78.422180 0 0 ) (78.422394 0 -120 ) (85.058159 0 -120 ) 
4 148 562 (46.312504 0 0 ) (26.517191 0 0 ) (26.517193 0 -120 ) (46.312290 0 -120 ) 
4 148 556 (26.517191 0 0 ) (0 0 0 ) (0 0 -120 ) (26.517193 0 -120 ) 
4 148 543 (1024 0 -120 ) (1024 0 0 ) (622.599976 0 0 ) (622.600037 0 -120 ) 
4 148 542 (622.599976 0 0 ) (85.058105 0 0 ) (85.058159 0 -120 ) (622.600037 0 -120 ) 
4 149 862 (0 0 -288.299988 ) (0 0 -166 ) (0 1024 -166 ) (0 1024 -288.299988 ) 
4 149 580 (1024 0 -288.299988 ) (1024 0 -166 ) (0 0 -166 ) (0 0 -288.299988 ) 
4 150 584 (2048 -1024 80 ) (2048 -1024 620.299988 ) (1024 -1024 620.299988 ) (1024 -1024 80 ) 
4 150 466 (1024 -896.987976 80 ) (1024 -1024 80 ) (1024 -1024 242 ) (1024 -896.987976 242 ) 
4 150 465 (1024 -832.987976 80 ) (1024 -896.987976 80 ) (1024 -896.987976 242 ) (1024 -832.987976 242 ) 
4 150 464 (1024 -686.987976 80 ) (1024 -832.987976 80 ) (1024 -832.987976 242 ) (1024 -686.987976 242 ) 
4 150 463 (1024 -511.988007 80 ) (1024 -686.987976 80 ) (1024 -686.987976 242 ) (1024 -511.988007 242 ) 
4 150 461 (1024 -415.988007 80 ) (1024 -511.988007 80 ) (1024 -511.988007 242 ) (1024 -415.988007 242 ) 
4 150 268 (1024 -127.987999 80 ) (1024 -415.988007 80 ) (1024 -415.988007 242 ) (1024 -127.987999 242 ) 
4 150 262 (1024 0 242 ) (1024 0 80 ) (1024 -127.987999 80 ) (1024 -127.987999 242 ) 
4 150 230 (1024 -686.987976 242 ) (1024 -1024 242 ) (1024 -1024 247 ) (1024 -686.987976 247 ) 
4 150 229 (1024 0 247 ) (1024 0 242 ) (1024 -686.987976 242 ) (1024 -686.987976 247 ) 
4 150 224 (1024 0 620.299988 ) (1024 0 247 ) (1024 -1024 247 ) (1024 -1024 620.299988 ) 
4 150 154 (1696 -1024 80 ) (1024 -1024 80 ) (1024 -511.988007 80 ) (1696 -511.988007 80 ) 
4 150 153 (2048 -415.988007 80 ) (2048 -1024 80 ) (1696 -1024 80 ) (1696 -415.988007 80 ) 
4 150 151 (1696 0 80 ) (2048 0 80 ) (2048 -415.988007 80 ) (1696 -415.988007 80 ) 
4 150 152 (1024 0 80 ) (1600 0 80 ) (1600 -415.988007 80 ) (1024 -415.988007 80 ) 
4 151 166 (2048 -345.469879 64 ) (2048 -359.037537 64 ) (1891.431641 -415.988007 64 ) (1853.543213 -415.988007 64 ) 
3 151 164 (2048 -359.037537 64 ) (2048 -415.988007 64 ) (1891.431641 -415.988007 64 ) 
4 151 158 (2048 -324.086731 64 ) (2048 -345.469879 64 ) (1853.543213 -415.988007 64 ) (1795.256958 -415.988007 64 ) 
5 151 155 (1696 0 64 ) (2048 0 64 ) (2048 -324.086731 64 ) (1795.256958 -415.988007 64 ) (1696 -415.988007 64 ) 
4 151 153 (1696 -415.988007 64 ) (2048 -415.988007 64 ) (2048 -415.988007 80 ) (1696 -415.988007 80 ) 
4 152 268 (1024 -127.987999 64 ) (1024 -415.988007 64 ) (1024 -415.988007 80 ) (1024 -127.987999 80 ) 
4 152 262 (1024 0 80 ) (1024 0 64 ) (1024 -127.987999 64 ) (1024 -127.987999 80 ) 
4 152 155 (1024 -415.988007 64 ) (1024 0 64 ) (1600 0 64 ) (1600 -415.988007 64 ) 
4 153 584 (2048 -1024 64 ) (2048 -1024 80 ) (1696 -1024 80 ) (1696 -1024 64 ) 
4 153 166 (1696 -487.074615 64 ) (1696 -473.119751 64 ) (1853.543213 -415.988007 64 ) (1891.431641 -415.988007 64 ) 
5 153 164 (1696 -516.925537 64 ) (1696 -487.074615 64 ) (1891.431641 -415.988007 64 ) (2048 -415.988007 64 ) (2048 -645.169922 64 ) 
4 153 163 (2048 -1024 64 ) (1696 -1024 64 ) (1696 -516.925537 64 ) (2048 -645.169922 64 ) 
4 153 158 (1696 -473.119751 64 ) (1696 -452.079285 64 ) (1795.256958 -415.988007 64 ) (1853.543213 -415.988007 64 ) 
3 153 155 (1696 -452.079285 64 ) (1696 -415.988007 64 ) (1795.256958 -415.988007 64 ) 
4 153 154 (1696 -511.988007 64 ) (1696 -1024 64 ) (1696 -1024 80 ) (1696 -511.988007 80 ) 
4 154 584 (1696 -1024 80 ) (1024 -1024 80 ) (1024 -1024 64 ) (1696 -1024 64 ) 
4 154 466 (1024 -896.987976 64 ) (1024 -1024 64 ) (1024 -1024 80 ) (1024 -896.987976 80 ) 
4 154 465 (1024 -832.987976 64 ) (1024 -896.987976 64 ) (1024 -896.987976 80 ) (1024 -832.987976 80 ) 
4 154 464 (1024 -686.987976 64 ) (1024 -832.987976 64 ) (1024 -832.987976 80 ) (1024 -686.987976 80 ) 
4 154 463 (1024 -511.988007 64 ) (1024 -686.987976 64 ) (1024 -686.987976 80 ) (1024 -511.988007 80 ) 
3 154 164 (1682.447632 -511.988007 64 ) (1696 -511.988007 64 ) (1696 -516.925537 64 ) 
6 154 163 (1696 -1024 64 ) (1024 -1024 64 ) (1024 -716.814941 64 ) (1588.819214 -511.988007 64 ) (1682.447632 -511.988007 64 ) (1696 -516.925537 64 ) 
4 154 156 (1024 -716.814941 64 ) (1024 -696.428833 64 ) (1531.241699 -511.988007 64 ) (1588.819214 -511.988007 64 ) 
3 154 155 (1024 -696.428833 64 ) (1024 -511.988007 64 ) (1531.241699 -511.988007 64 ) 
4 155 464 (1024 -686.987976 0 ) (1024 -696.428833 0 ) (1024 -696.428833 64 ) (1024 -686.987976 64 ) 
4 155 463 (1024 -511.988007 0 ) (1024 -686.987976 0 ) (1024 -686.987976 64 ) (1024 -511.988007 64 ) 
4 155 462 (1024 -415.988007 0 ) (1024 -511.988007 0 ) (1024 -511.988007 64 ) (1024 -415.988007 64 ) 
4 155 268 (1024 -127.987999 0 ) (1024 -415.988007 0 ) (1024 -415.988007 64 ) (1024 -127.987999 64 ) 
4 155 262 (1024 0 64 ) (1024 0 0 ) (1024 -127.987999 0 ) (1024 -127.987999 64 ) 
4 155 170 (1024 0 0 ) (2048 0 0 ) (2048 -324.086731 0 ) (1024 -696.428833 0 ) 
4 155 161 (1668.566650 -462.054871 0 ) (1671.860229 -460.857269 0 ) (1671.859985 -460.857910 64 ) (1668.566772 -462.055389 64 ) 
4 155 159 (1677.001587 -458.987823 0 ) (1688.015381 -454.983032 0 ) (1688.015137 -454.983643 64 ) (1677.001343 -458.988434 64 ) 
4 155 158 (1688.015381 -454.983032 0 ) (2048 -324.087097 0 ) (2048 -324.087677 64 ) (1688.015137 -454.983643 64 ) 
4 155 157 (1657.763184 -465.983185 0 ) (1668.566650 -462.054871 0 ) (1668.566772 -462.055389 64 ) (1657.763916 -465.983490 64 ) 
4 155 156 (1024 -696.429199 0 ) (1657.763184 -465.983185 0 ) (1657.763916 -465.983490 64 ) (1024 -696.429688 64 ) 
4 156 464 (1024 -696.428833 0 ) (1024 -716.814941 0 ) (1024 -716.814941 64 ) (1024 -696.428833 64 ) 
4 156 171 (1686.661743 -476.506165 0 ) (1024 -716.814941 0 ) (1024 -696.428833 0 ) (1657.762695 -465.983032 0 ) 
4 156 169 (1655.001587 -487.988251 0 ) (1658.936646 -486.561249 0 ) (1658.936646 -486.561218 64 ) (1655.001099 -487.988403 64 ) 
4 156 167 (1646.564087 -491.048065 0 ) (1649.860352 -489.852692 0 ) (1649.860474 -489.852600 64 ) (1646.564087 -491.048004 64 ) 
4 156 166 (1658.936646 -486.561249 0 ) (1686.662842 -476.506592 0 ) (1686.662842 -476.506561 64 ) (1658.936646 -486.561218 64 ) 
4 156 165 (1635.743652 -494.971985 0 ) (1646.564087 -491.048065 0 ) (1646.564087 -491.048004 64 ) (1635.743164 -494.972137 64 ) 
4 156 163 (1024 -716.815674 0 ) (1635.743652 -494.971985 0 ) (1635.743164 -494.972137 64 ) (1024 -716.815674 64 ) 
4 156 160 (1680.924805 -474.416077 0 ) (1677.002441 -472.987885 0 ) (1677.001465 -472.987518 64 ) (1680.924805 -474.416077 64 ) 
4 156 158 (1686.663696 -476.505737 64 ) (1686.663696 -476.505737 0 ) (1680.924805 -474.416077 0 ) (1680.924805 -474.416077 64 ) 
4 156 157 (1671.869995 -471.119080 0 ) (1657.765625 -465.983398 0 ) (1657.765625 -465.983398 64 ) (1671.869995 -471.119080 64 ) 
3 157 172 (1671.870483 -471.120148 0 ) (1657.762695 -465.983032 0 ) (1668.566528 -462.054596 0 ) 
4 157 161 (1670 -465.989960 0 ) (1668.564941 -462.054810 0 ) (1668.564941 -462.054810 64 ) (1670 -465.989960 64 ) 
5 158 173 (2048 -324.086731 0 ) (2048 -345.469879 0 ) (1686.661743 -476.506165 0 ) (1680.924438 -474.416992 0 ) (1688.015503 -454.982635 0 ) 
4 158 166 (1686.662842 -476.506592 0 ) (2048 -345.470703 0 ) (2048 -345.470703 64 ) (1686.662842 -476.506561 64 ) 
4 158 162 (1685.436646 -462.049438 0 ) (1684 -465.987701 0 ) (1684 -465.987885 64 ) (1685.436401 -462.050079 64 ) 
4 158 160 (1682.128418 -471.116302 0 ) (1680.923950 -474.417450 0 ) (1680.923950 -474.417450 64 ) (1682.128662 -471.115509 64 ) 
4 158 159 (1688.015381 -454.981628 64 ) (1688.015381 -454.981628 0 ) (1685.436646 -462.049438 0 ) (1685.436401 -462.050079 64 ) 
3 159 174 (1677.001099 -458.987640 0 ) (1688.015503 -454.982635 0 ) (1685.437012 -462.049561 0 ) 
4 159 162 (1682.128662 -460.847778 0 ) (1685.437500 -462.048828 0 ) (1685.437256 -462.049438 64 ) (1682.128784 -460.848511 64 ) 
3 160 175 (1680.924438 -474.416992 0 ) (1677.001099 -472.988373 0 ) (1682.128784 -471.116150 0 ) 
3 161 176 (1670 -465.987976 0 ) (1668.566528 -462.054596 0 ) (1671.860352 -460.856873 0 ) 
3 162 177 (1682.129028 -460.848877 0 ) (1685.437012 -462.049561 0 ) (1684 -465.988220 0 ) 
4 163 584 (2048 -1024 0 ) (2048 -1024 64 ) (1024 -1024 64 ) (1024 -1024 0 ) 
4 163 466 (1024 -896.987976 0 ) (1024 -1024 0 ) (1024 -1024 64 ) (1024 -896.987976 64 ) 
4 163 465 (1024 -832.987976 0 ) (1024 -896.987976 0 ) (1024 -896.987976 64 ) (1024 -832.987976 64 ) 
4 163 464 (1024 -716.814941 0 ) (1024 -832.987976 0 ) (1024 -832.987976 64 ) (1024 -716.814941 64 ) 
5 163 178 (2048 -645.169678 0 ) (2048 -1024 0 ) (1024 -1024 0 ) (1024 -716.814941 0 ) (1635.742676 -494.971588 0 ) 
4 163 165 (1649.869629 -500.118042 0 ) (1635.744141 -494.971680 0 ) (1635.743652 -494.971863 64 ) (1649.869751 -500.118439 64 ) 
4 163 164 (2048 -645.169006 0 ) (1655.001343 -501.987671 0 ) (1655 -501.987762 64 ) (2048 -645.169556 64 ) 
3 164 179 (2048 -359.037537 0 ) (2048 -645.169678 0 ) (1655 -501.987823 0 ) 
4 164 168 (1663.430176 -498.921906 0 ) (1660.128540 -500.122833 0 ) (1660.128540 -500.122803 64 ) (1663.430054 -498.921906 64 ) 
4 164 166 (2048 -359.038086 0 ) (1663.430176 -498.921906 0 ) (1663.430054 -498.921906 64 ) (2048 -359.037750 64 ) 
3 165 180 (1649.869995 -500.118622 0 ) (1635.742676 -494.971588 0 ) (1646.563843 -491.047363 0 ) 
4 165 167 (1648 -494.987274 0 ) (1646.564209 -491.047089 0 ) (1646.564209 -491.047089 64 ) (1648 -494.987274 64 ) 
4 166 181 (2048 -345.469879 0 ) (2048 -359.037537 0 ) (1663.430054 -498.921631 0 ) (1658.936401 -486.560547 0 ) 
4 166 169 (1658.935791 -486.557678 64 ) (1658.935791 -486.557678 0 ) (1660.131958 -489.848328 0 ) (1660.132080 -489.848724 64 ) 
4 166 168 (1662 -494.987793 0 ) (1663.428711 -498.917969 0 ) (1663.428711 -498.917969 64 ) (1662 -494.987793 64 ) 
3 167 182 (1648 -494.987915 0 ) (1646.563843 -491.047363 0 ) (1649.860718 -489.851776 0 ) 
3 168 183 (1663.430054 -498.921631 0 ) (1660.128662 -500.122498 0 ) (1662 -494.987823 0 ) 
3 169 184 (1655 -487.987854 0 ) (1658.936401 -486.560547 0 ) (1660.131592 -489.848267 0 ) 
4 170 550 (1024 -521.517334 -118 ) (1024 -696.428833 -118 ) (1024 -696.428833 0 ) (1024 -521.517334 0 ) 
4 170 543 (1024 0 0 ) (1024 0 -118 ) (1024 -521.517334 -118 ) (1024 -521.517334 0 ) 
4 170 185 (1024 -696.428833 -118 ) (1024 0 -118 ) (2048 0 -118 ) (2048 -324.086731 -118 ) 
4 170 176 (1668.566650 -462.054871 -118 ) (1671.860229 -460.857269 -118 ) (1671.860107 -460.857910 0 ) (1668.566772 -462.055389 0 ) 
4 170 174 (1677.003296 -458.987183 -118 ) (1688.015381 -454.983032 -118 ) (1688.015137 -454.983643 0 ) (1677.002319 -458.988098 0 ) 
4 170 173 (1688.015381 -454.983032 -118 ) (2048 -324.087097 -118 ) (2048 -324.087677 0 ) (1688.015137 -454.983643 0 ) 
4 170 172 (1657.763184 -465.983185 -118 ) (1668.566650 -462.054871 -118 ) (1668.566772 -462.055389 0 ) (1657.763916 -465.983490 0 ) 
4 170 171 (1024 -696.429199 -118 ) (1657.763184 -465.983185 -118 ) (1657.763916 -465.983490 0 ) (1024 -696.429688 0 ) 
4 171 550 (1024 -696.428833 -118 ) (1024 -716.814941 -118 ) (1024 -716.814941 0 ) (1024 -696.428833 0 ) 
4 171 185 (1024 -716.814941 -118 ) (1024 -696.428833 -118 ) (1657.762695 -465.983032 -118 ) (1686.661743 -476.506165 -118 ) 
4 171 184 (1655.002563 -487.987946 -118 ) (1658.936646 -486.561279 -118 ) (1658.936646 -486.561249 0 ) (1655.001587 -487.988251 0 ) 
4 171 182 (1646.564209 -491.048065 -118 ) (1649.860352 -489.852722 -118 ) (1649.860352 -489.852692 0 ) (1646.564087 -491.048065 0 ) 
4 171 181 (1658.936646 -486.561279 -118 ) (1686.662842 -476.506592 -118 ) (1686.662842 -476.506561 0 ) (1658.936646 -486.561249 0 ) 
4 171 180 (1635.744629 -494.971680 -118 ) (1646.564209 -491.048065 -118 ) (1646.564087 -491.048065 0 ) (1635.743652 -494.971985 0 ) 
4 171 178 (1024 -716.815674 -118 ) (1635.744629 -494.971680 -118 ) (1635.743652 -494.971985 0 ) (1024 -716.815674 0 ) 
4 171 175 (1680.924805 -474.416077 -118 ) (1677.004150 -472.988525 -118 ) (1677.002441 -472.987885 0 ) (1680.924805 -474.416077 0 ) 
4 171 173 (1686.663696 -476.505737 0 ) (1686.663696 -476.505737 -118 ) (1680.924805 -474.416077 -118 ) (1680.924805 -474.416077 0 ) 
4 171 172 (1671.869995 -471.119080 -118 ) (1657.765625 -465.983398 -118 ) (1657.765625 -465.983398 0 ) (1671.869995 -471.119080 0 ) 
3 172 185 (1657.762695 -465.983032 -118 ) (1668.566528 -462.054596 -118 ) (1671.870483 -471.120148 -118 ) 
4 172 176 (1670 -465.989960 -118 ) (1668.565063 -462.054840 -118 ) (1668.565063 -462.054840 0 ) (1670 -465.989960 0 ) 
5 173 185 (1688.015503 -454.982635 -118 ) (2048 -324.086731 -118 ) (2048 -345.469879 -118 ) (1686.661743 -476.506165 -118 ) (1680.924438 -474.416992 -118 ) 
4 173 181 (1686.662842 -476.506592 -118 ) (2048 -345.470703 -118 ) (2048 -345.470703 0 ) (1686.662842 -476.506561 0 ) 
4 173 177 (1685.437012 -462.048309 -118 ) (1684 -465.987335 -118 ) (1684 -465.987701 0 ) (1685.436646 -462.049438 0 ) 
4 173 175 (1682.127930 -471.117828 -118 ) (1680.923950 -474.417450 -118 ) (1680.923950 -474.417450 0 ) (1682.128418 -471.116302 0 ) 
4 173 174 (1688.015381 -454.981628 0 ) (1688.015381 -454.981628 -118 ) (1685.437012 -462.048309 -118 ) (1685.436646 -462.049438 0 ) 
3 174 185 (1677.002930 -458.987000 -118 ) (1688.015503 -454.982635 -118 ) (1685.437378 -462.048431 -118 ) 
4 174 177 (1682.128296 -460.846405 -118 ) (1685.437866 -462.047699 -118 ) (1685.437500 -462.048828 0 ) (1682.128662 -460.847778 0 ) 
3 175 185 (1682.128296 -471.117645 -118 ) (1680.924438 -474.416992 -118 ) (1677.002808 -472.989014 -118 ) 
3 176 185 (1668.566528 -462.054596 -118 ) (1671.860474 -460.856903 -118 ) (1670 -465.987976 -118 ) 
3 177 185 (1682.128784 -460.847534 -118 ) (1685.437378 -462.048431 -118 ) (1684 -465.987854 -118 ) 
4 178 585 (2048 -1024 -118 ) (2048 -1024 0 ) (1024 -1024 0 ) (1024 -1024 -118 ) 
4 178 550 (1024 -716.814941 -118 ) (1024 -884.633789 -118 ) (1024 -884.633789 0 ) (1024 -716.814941 0 ) 
4 178 549 (1024 -884.633789 -118 ) (1024 -946.283020 -118 ) (1024 -946.283020 0 ) (1024 -884.633789 0 ) 
4 178 526 (1024 -946.283020 -118 ) (1024 -1024 -118 ) (1024 -1024 0 ) (1024 -946.283020 0 ) 
5 178 185 (2048 -1024 -118 ) (1024 -1024 -118 ) (1024 -716.814941 -118 ) (1635.743408 -494.971252 -118 ) (2048 -645.169006 -118 ) 
4 178 180 (1649.869507 -500.117340 -118 ) (1635.744995 -494.971375 -118 ) (1635.744141 -494.971680 0 ) (1649.869629 -500.118011 0 ) 
4 178 179 (2048 -645.168152 -118 ) (1655.002197 -501.987335 -118 ) (1655.001343 -501.987640 0 ) (2048 -645.169189 0 ) 
3 179 185 (2048 -359.037537 -118 ) (2048 -645.169006 -118 ) (1655.001465 -501.987549 -118 ) 
4 179 183 (1663.430176 -498.921875 -118 ) (1660.128540 -500.122803 -118 ) (1660.128540 -500.122803 0 ) (1663.430054 -498.921906 0 ) 
4 179 181 (2048 -359.037598 -118 ) (1663.430176 -498.921875 -118 ) (1663.430054 -498.921906 0 ) (2048 -359.037720 0 ) 
3 180 185 (1635.743408 -494.971252 -118 ) (1646.563843 -491.047333 -118 ) (1649.869629 -500.117859 -118 ) 
4 180 182 (1648 -494.987457 -118 ) (1646.564087 -491.047089 -118 ) (1646.564087 -491.047089 0 ) (1648 -494.987427 0 ) 
4 181 185 (1658.936401 -486.560516 -118 ) (2048 -345.469879 -118 ) (2048 -359.037537 -118 ) (1663.430054 -498.921722 -118 ) 
4 181 184 (1658.935791 -486.557678 0 ) (1658.935791 -486.557678 -118 ) (1660.131714 -489.847595 -118 ) (1660.131958 -489.848328 0 ) 
4 181 183 (1662 -494.987793 -118 ) (1663.428711 -498.917969 -118 ) (1663.428711 -498.917969 0 ) (1662 -494.987793 0 ) 
3 182 185 (1646.563843 -491.047333 -118 ) (1649.860718 -489.851746 -118 ) (1648 -494.987854 -118 ) 
3 183 185 (1662 -494.987885 -118 ) (1663.430054 -498.921722 -118 ) (1660.128540 -500.122589 -118 ) 
3 184 185 (1655.001343 -487.987518 -118 ) (1658.936401 -486.560516 -118 ) (1660.131348 -489.847504 -118 ) 
4 185 585 (2048 -1024 -120 ) (2048 -1024 -118 ) (1024 -1024 -118 ) (1024 -1024 -120 ) 
4 185 550 (1024 -521.517273 -120 ) (1024 -884.633789 -120 ) (1024 -884.633789 -118 ) (1024 -521.517334 -118 ) 
4 185 549 (1024 -884.633789 -120 ) (1024 -946.283020 -120 ) (1024 -946.283020 -118 ) (1024 -884.633789 -118 ) 
4 185 543 (1024 0 -118 ) (1024 0 -120 ) (1024 -521.517273 -120 ) (1024 -521.517334 -118 ) 
4 185 526 (1024 -946.283020 -120 ) (1024 -1024 -120 ) (1024 -1024 -118 ) (1024 -946.283020 -118 ) 
4 186 586 (2048 -1024 -288.299988 ) (2048 -1024 -166 ) (1024 -1024 -166 ) (1024 -1024 -288.299988 ) 
4 186 580 (1024 0 -166 ) (1024 0 -288.299988 ) (1024 -1024 -288.299988 ) (1024 -1024 -166 ) 
4 187 878 (0 -681.987976 620.299988 ) (0 -447.988007 620.299988 ) (0 -447.988007 247 ) (0 -681.987976 247 ) 
4 187 863 (0 -447.988007 620.299988 ) (0 0 620.299988 ) (0 0 247 ) (0 -447.988007 247 ) 
4 187 229 (0 -681.987976 247 ) (0 0 247 ) (547.920105 0 247 ) (547.920105 -681.987976 247 ) 
4 187 227 (456.101990 0 317.001038 ) (58.266876 0 620.299988 ) (58.266846 -681.987976 620.299988 ) (456.101990 -681.987976 317.001038 ) 
4 187 225 (547.921875 -681.987976 247 ) (547.921875 0 247 ) (456.101990 0 317.001038 ) (456.101990 -681.987976 317.001038 ) 
5 187 204 (357.011475 -681.987976 247 ) (364.283173 -681.987976 247 ) (456.101990 -681.987976 316.998444 ) (456.101990 -681.987976 317.001434 ) (452.179688 -681.987976 319.991699 ) 
4 187 199 (364.283173 -681.987976 247 ) (456.101990 -681.987976 247 ) (456.101990 -681.987976 290 ) (420.687408 -681.987976 290 ) 
4 187 197 (456.101990 -681.987976 290 ) (456.101990 -681.987976 305 ) (440.363312 -681.987976 305 ) (420.687408 -681.987976 290 ) 
5 187 196 (456.101990 -681.987976 311 ) (456.101990 -681.987976 311.001495 ) (452.136444 -681.987976 313.975311 ) (440.363312 -681.987976 305 ) (448.109009 -681.987976 305 ) 
3 187 195 (456.101990 -681.987976 311.001495 ) (456.101990 -681.987976 316.998444 ) (452.136444 -681.987976 313.975311 ) 
4 187 190 (456.101990 -681.987976 247 ) (547.921875 -681.987976 247 ) (471.844116 -681.987976 305 ) (456.101990 -681.987976 305 ) 
4 187 189 (471.844116 -681.987976 305 ) (456.101990 -681.987976 317.001434 ) (456.101990 -681.987976 311.001465 ) (464.104950 -681.987976 305 ) 
5 187 188 (0 -681.987976 247 ) (357.011475 -681.987976 247 ) (452.179688 -681.987976 319.991699 ) (58.269531 -681.987976 620.299988 ) (0 -681.987976 620.299988 ) 
4 188 883 (0 -991.987976 620.299988 ) (0 -983.987976 620.299988 ) (0 -983.987976 247 ) (0 -991.987976 247 ) 
4 188 882 (0 -983.987976 620.299988 ) (0 -746.670044 620.299988 ) (0 -746.670044 247 ) (0 -983.987976 247 ) 
4 188 884 (0 -1024 247 ) (0 -1024 620.299988 ) (0 -991.987976 620.299988 ) (0 -991.987976 247 ) 
4 188 880 (0 -746.670044 620.299988 ) (0 -741.330017 620.299988 ) (0 -741.330017 247 ) (0 -746.670044 247 ) 
4 188 878 (0 -741.330017 620.299988 ) (0 -681.987976 620.299988 ) (0 -681.987976 247 ) (0 -741.330017 247 ) 
4 188 643 (88 -1024 247 ) (96 -1024 247 ) (96 -1024 591.533142 ) (88 -1024 597.632141 ) 
5 188 644 (0 -1024 620.299988 ) (0 -1024 247 ) (88 -1024 247 ) (88 -1024 597.632141 ) (58.266876 -1024 620.299988 ) 
5 188 639 (96 -1024 247 ) (357.011444 -1024 247 ) (364.100037 -1024 252.436783 ) (364.100037 -1024 387.140045 ) (96 -1024 591.533142 ) 
3 188 597 (364.100037 -1024 252.436783 ) (452.178711 -1024 319.990967 ) (364.100037 -1024 387.140045 ) 
4 188 257 (357.011475 -1024 247 ) (0 -1024 247 ) (0 -947.987976 247 ) (357.011475 -947.987976 247 ) 
4 188 252 (0 -947.987976 247 ) (0 -812.987976 247 ) (357.011444 -812.987976 247 ) (357.011475 -947.987976 247 ) 
4 188 232 (0 -812.987976 247 ) (0 -686.987976 247 ) (357.011444 -686.987976 247 ) (357.011444 -812.987976 247 ) 
4 188 229 (0 -686.987976 247 ) (0 -681.987976 247 ) (357.011444 -681.987976 247 ) (357.011444 -686.987976 247 ) 
4 188 228 (58.266830 -1024 620.299988 ) (452.179443 -1024 319.991486 ) (452.179443 -686.987976 319.991486 ) (58.266846 -686.987976 620.299988 ) 
4 188 227 (452.179443 -686.987976 319.991486 ) (452.179443 -681.987976 319.991486 ) (58.266846 -681.987976 620.299988 ) (58.266846 -686.987976 620.299988 ) 
4 188 204 (357.011719 -686.987976 247 ) (357.011719 -681.987976 247 ) (452.179688 -681.987976 319.992188 ) (452.179688 -686.987976 319.992188 ) 
4 189 225 (471.843658 -681.987976 305 ) (456.101990 -681.987976 317.001038 ) (456.101990 -686.987976 317.001038 ) (471.843658 -686.987976 305 ) 
4 189 195 (456.101990 -693.987976 317 ) (456.101990 -681.987976 317 ) (456.101990 -681.987976 311.001526 ) (456.101990 -693.987976 311.001404 ) 
4 189 190 (464.104950 -681.987976 305 ) (471.842194 -681.987976 305 ) (471.843170 -693.987976 305 ) (464.104828 -693.987976 305 ) 
4 190 234 (547.920105 -686.987976 247 ) (547.920105 -693.987976 247 ) (456.101990 -693.987976 247 ) (456.101990 -686.987976 247 ) 
4 190 229 (456.101990 -681.987976 247 ) (547.920105 -681.987976 247 ) (547.920105 -686.987976 247 ) (456.101990 -686.987976 247 ) 
4 190 225 (547.921875 -686.987976 247 ) (547.921875 -681.987976 247 ) (471.843658 -681.987976 305 ) (471.843658 -686.987976 305 ) 
4 190 199 (456.101990 -681.987976 290 ) (456.101990 -681.987976 247 ) (456.101990 -693.987976 247 ) (456.101990 -693.987976 290 ) 
4 190 197 (456.101990 -681.987976 305 ) (456.101990 -681.987976 290 ) (456.101990 -693.987976 290 ) (456.101990 -693.987976 305 ) 
4 190 192 (490.609161 -693.987976 285 ) (456.101990 -693.987976 285 ) (456.101990 -693.987976 247 ) (541.073914 -693.987976 247 ) 
4 190 191 (464.048767 -693.987976 305 ) (456.101990 -693.987976 305 ) (456.101990 -693.987976 290 ) (483.969025 -693.987976 290 ) 
4 191 198 (456.101990 -700.987976 290 ) (456.101990 -700.987976 305 ) (456.101990 -693.987976 305 ) (456.101990 -693.987976 290 ) 
4 191 194 (456.101990 -700.987976 305 ) (456.101990 -700.987976 290 ) (483.969025 -700.987976 290 ) (464.048798 -700.987976 305 ) 
4 192 200 (456.101990 -693.987976 247 ) (456.101990 -700.987976 247 ) (456.101990 -700.987976 285 ) (456.101990 -693.987976 285 ) 
4 192 194 (456.101990 -700.987976 285 ) (456.101990 -700.987976 247 ) (541.073914 -700.987976 247 ) (490.609192 -700.987976 285 ) 
4 193 201 (456.101990 -805.987976 311 ) (456.101990 -805.987976 316.996094 ) (456.101990 -700.987976 317 ) (456.101990 -700.987976 311.001404 ) 
4 193 194 (471.843750 -805.987976 305 ) (464.103912 -805.987976 305 ) (464.104797 -700.987976 305 ) (471.842194 -700.987976 305 ) 
4 194 238 (531.101990 -805.987976 247 ) (456.101990 -805.987976 247 ) (456.101990 -700.987976 247 ) (531.101990 -700.987976 247 ) 
4 194 206 (490.629089 -805.987976 285 ) (456.101990 -805.987976 285 ) (456.101990 -805.987976 247 ) (541.088928 -805.987976 247 ) 
4 194 205 (464.071228 -805.987976 305 ) (456.101990 -805.987976 305 ) (456.101990 -805.987976 290 ) (483.989624 -805.987976 290 ) 
4 194 203 (456.101990 -805.987976 247 ) (456.101990 -805.987976 305 ) (456.101990 -700.987976 305 ) (456.101990 -700.987976 247 ) 
4 195 204 (456.101990 -686.987976 317 ) (456.101990 -681.987976 317 ) (452.136078 -681.987976 313.975586 ) (452.136017 -686.987976 313.975586 ) 
4 195 196 (456.101990 -693.987976 310.998932 ) (452.134705 -693.987976 313.974030 ) (452.134796 -681.987976 313.974030 ) (456.101990 -681.987976 311 ) 
4 196 204 (452.136078 -681.987976 313.975586 ) (440.362549 -681.987976 305 ) (440.362518 -686.987976 305 ) (452.136017 -686.987976 313.975586 ) 
4 196 197 (440.359406 -693.987976 305 ) (440.359467 -681.987976 305 ) (448.109009 -681.987976 305 ) (448.108887 -693.987976 305 ) 
4 197 204 (440.362549 -681.987976 305 ) (420.686646 -681.987976 290 ) (420.686615 -686.987976 290 ) (440.362518 -686.987976 305 ) 
4 197 199 (420.683624 -693.987976 290 ) (420.683685 -681.987976 290 ) (456.101990 -681.987976 290 ) (456.101990 -693.987976 290 ) 
4 197 198 (428.212341 -693.987976 290 ) (456.101990 -693.987976 290 ) (456.101990 -693.987976 305 ) (448.133514 -693.987976 305 ) 
4 198 203 (456.101990 -700.987976 290 ) (456.101990 -700.987976 305 ) (448.133514 -700.987976 305 ) (428.212341 -700.987976 290 ) 
4 199 234 (456.101990 -686.987976 247 ) (456.101990 -693.987976 247 ) (364.283081 -693.987976 247 ) (364.283112 -686.987976 247 ) 
4 199 229 (364.283142 -681.987976 247 ) (456.101990 -681.987976 247 ) (456.101990 -686.987976 247 ) (364.283112 -686.987976 247 ) 
4 199 204 (420.686646 -681.987976 290 ) (364.282410 -681.987976 247 ) (364.282379 -686.987976 247 ) (420.686615 -686.987976 290 ) 
4 199 200 (456.101990 -693.987976 247 ) (456.101990 -693.987976 285 ) (421.571960 -693.987976 285 ) (371.105011 -693.987976 247 ) 
4 200 203 (456.101990 -700.987976 247 ) (456.101990 -700.987976 285 ) (421.571991 -700.987976 285 ) (371.105011 -700.987976 247 ) 
4 201 202 (452.135986 -805.987976 313.976440 ) (452.136719 -700.987976 313.976563 ) (456.101990 -700.987976 311.002594 ) (456.101990 -805.987976 311.001923 ) 
4 202 203 (440.354889 -805.987976 305 ) (440.355469 -700.987976 305 ) (448.108795 -700.987976 305 ) (448.107941 -805.987976 305 ) 
4 203 238 (456.101990 -700.987976 247 ) (456.101990 -805.987976 247 ) (381.100037 -805.987976 247 ) (381.100037 -700.987976 247 ) 
4 203 206 (371.100006 -805.987976 247 ) (456.101990 -805.987976 247 ) (456.101990 -805.987976 285 ) (421.569305 -805.987976 285 ) 
4 203 205 (428.209991 -805.987976 290 ) (456.101990 -805.987976 290 ) (456.101990 -805.987976 305 ) (448.132111 -805.987976 305 ) 
4 204 229 (357.011444 -686.987976 247 ) (357.011444 -681.987976 247 ) (364.283142 -681.987976 247 ) (364.283112 -686.987976 247 ) 
4 204 227 (456.101990 -681.987976 317.001038 ) (452.179443 -681.987976 319.991486 ) (452.179443 -686.987976 319.991486 ) (456.101990 -686.987976 317.001038 ) 
4 205 215 (456.101990 -812.987976 305 ) (448.133118 -812.987976 305 ) (428.211029 -812.987976 290 ) (456.101990 -812.987976 290 ) 
4 205 208 (464.071228 -812.987976 305 ) (456.101990 -812.987976 305 ) (456.101990 -812.987976 290 ) (483.989655 -812.987976 290 ) 
4 206 217 (456.101990 -812.987976 285 ) (421.570313 -812.987976 285 ) (371.101013 -812.987976 247 ) (456.101990 -812.987976 247 ) 
4 206 208 (490.629089 -812.987976 285 ) (456.101990 -812.987976 285 ) (456.101990 -812.987976 247 ) (541.088928 -812.987976 247 ) 
4 207 226 (456.101990 -832.987976 317.001038 ) (456.101990 -896.987976 317.001038 ) (471.843658 -896.987976 305 ) (471.843658 -832.987976 305 ) 
4 207 213 (456.101990 -812.987976 317 ) (456.101990 -812.987976 311 ) (456.101990 -940.987976 311 ) (456.101990 -940.987976 316.997589 ) 
4 207 208 (464.103851 -812.987976 305 ) (471.842194 -812.987976 305 ) (471.843658 -940.987976 305 ) (464.102783 -940.987976 305 ) 
4 208 247 (456.101990 -812.987976 247 ) (531.101990 -812.987976 247 ) (531.101990 -940.987976 247 ) (456.101990 -940.987976 247 ) 
4 208 226 (547.921875 -896.987976 247 ) (547.921875 -832.987976 247 ) (471.843658 -832.987976 305 ) (471.843658 -896.987976 305 ) 
4 208 217 (456.101990 -812.987976 290 ) (456.101990 -812.987976 247 ) (456.101990 -940.987976 247 ) (456.101990 -940.987976 290 ) 
4 208 215 (456.101990 -812.987976 305 ) (456.101990 -812.987976 290 ) (456.101990 -940.987976 290 ) (456.101990 -940.987976 305 ) 
4 208 210 (490.633240 -940.987976 285 ) (456.101990 -940.987976 285 ) (456.101990 -940.987976 247 ) (541.101990 -940.987976 247 ) 
4 208 209 (464.070740 -940.987976 305 ) (456.101990 -940.987976 305 ) (456.101990 -940.987976 290 ) (483.992615 -940.987976 290 ) 
4 209 216 (456.101990 -947.987976 290 ) (456.101990 -947.987976 305 ) (456.101990 -940.987976 305 ) (456.101990 -940.987976 290 ) 
4 209 212 (456.101990 -947.987976 305 ) (456.101990 -947.987976 290 ) (483.992584 -947.987976 290 ) (464.070740 -947.987976 305 ) 
4 210 218 (456.101990 -940.987976 247 ) (456.101990 -947.987976 247 ) (456.101990 -947.987976 285 ) (456.101990 -940.987976 285 ) 
4 210 212 (456.101990 -947.987976 285 ) (456.101990 -947.987976 247 ) (541.101929 -947.987976 247 ) (490.633240 -947.987976 285 ) 
4 211 219 (456.101990 -1021.989990 311 ) (456.101990 -1021.989990 316.996094 ) (456.101990 -947.987976 316.997467 ) (456.101990 -947.987976 311 ) 
4 211 212 (471.843750 -1021.989990 305 ) (464.102081 -1021.989990 305 ) (464.102722 -947.987976 305 ) (471.842194 -947.987976 305 ) 
4 212 250 (531.101990 -1014.989990 247 ) (456.101990 -1014.989990 247 ) (456.101990 -947.987976 247 ) (531.101990 -947.987976 247 ) 
4 212 223 (490.644897 -1021.989990 285 ) (456.101990 -1021.989990 285 ) (456.101990 -1021.989990 247 ) (541.109314 -1021.989990 247 ) 
4 212 222 (464.084686 -1021.989990 305 ) (456.101990 -1021.989990 305 ) (456.101990 -1021.989990 290 ) (484.004822 -1021.989990 290 ) 
4 212 221 (456.101990 -947.987976 247 ) (456.101990 -1021.989990 247 ) (456.101990 -1021.989990 305 ) (456.101990 -947.987976 305 ) 
4 213 214 (456.101990 -940.987976 310.998932 ) (452.134033 -940.987976 313.974548 ) (452.134949 -812.987976 313.974701 ) (456.101990 -812.987976 311 ) 
4 214 215 (440.359406 -940.987976 305 ) (440.360138 -812.987976 305 ) (448.107880 -812.987976 305 ) (448.106812 -940.987976 305 ) 
4 215 217 (420.683624 -940.987976 290 ) (420.684326 -812.987976 290 ) (456.101990 -812.987976 290 ) (456.101990 -940.987976 290 ) 
4 215 216 (428.212341 -940.987976 290 ) (456.101990 -940.987976 290 ) (456.101990 -940.987976 305 ) (448.133514 -940.987976 305 ) 
4 216 221 (456.101990 -947.987976 290 ) (456.101990 -947.987976 305 ) (448.134460 -947.987976 305 ) (428.213318 -947.987976 290 ) 
4 217 247 (381.100037 -812.987976 247 ) (456.101990 -812.987976 247 ) (456.101990 -940.987976 247 ) (381.100037 -940.987976 247 ) 
4 217 218 (456.101990 -940.987976 247 ) (456.101990 -940.987976 285 ) (421.571960 -940.987976 285 ) (371.104980 -940.987976 247 ) 
4 218 221 (456.101990 -947.987976 247 ) (456.101990 -947.987976 285 ) (421.572937 -947.987976 285 ) (371.105988 -947.987976 247 ) 
4 219 220 (452.132294 -1021.989990 313.976471 ) (452.132813 -947.987976 313.976563 ) (456.101990 -947.987976 311 ) (456.101990 -1021.989990 311 ) 
4 220 221 (440.355072 -1021.989990 305 ) (440.355469 -947.987976 305 ) (448.106689 -947.987976 305 ) (448.106110 -1021.989990 305 ) 
4 221 250 (456.101990 -947.987976 247 ) (456.101990 -1014.989990 247 ) (381.100037 -1014.989990 247 ) (381.100037 -947.987976 247 ) 
4 221 223 (371.109009 -1021.989990 247 ) (456.101990 -1021.989990 247 ) (456.101990 -1021.989990 285 ) (421.573608 -1021.989990 285 ) 
4 221 222 (428.213654 -1021.989990 290 ) (456.101990 -1021.989990 290 ) (456.101990 -1021.989990 305 ) (448.133881 -1021.989990 305 ) 
4 222 598 (456.101990 -1024 305 ) (448.133881 -1024 305 ) (428.213654 -1024 290 ) (456.101990 -1024 290 ) 
4 222 591 (464.085358 -1024 305 ) (456.101990 -1024 305 ) (456.101990 -1024 290 ) (484.005615 -1024 290 ) 
4 223 599 (371.109009 -1024 247 ) (456.101990 -1024 247 ) (456.101990 -1024 285 ) (421.573578 -1024 285 ) 
4 223 592 (456.101990 -1024 247 ) (541.110107 -1024 247 ) (490.645630 -1024 285 ) (456.101990 -1024 285 ) 
5 224 587 (1024 -1024 247 ) (1024 -1024 620.299988 ) (456.101990 -1024 620.299988 ) (456.101990 -1024 323 ) (555.190552 -1024 247 ) 
4 224 230 (1024 -1024 247 ) (555.190552 -1024 247 ) (555.190552 -686.987976 247 ) (1024 -686.987976 247 ) 
4 224 229 (555.190552 -686.987976 247 ) (555.190552 0 247 ) (1024 0 247 ) (1024 -686.987976 247 ) 
4 224 228 (456.101990 -686.987976 323 ) (456.101990 -1024 323 ) (456.101990 -1024 620.299988 ) (456.101990 -686.987976 620.299988 ) 
4 224 227 (456.101990 0 620.299988 ) (456.101990 0 323 ) (456.101990 -686.987976 323 ) (456.101990 -686.987976 620.299988 ) 
4 224 225 (456.101990 -686.987976 323.001923 ) (456.101990 0 323.001953 ) (555.193176 0 247 ) (555.193115 -686.987976 247 ) 
4 224 226 (456.101990 -896.987976 323.001923 ) (456.101990 -832.987976 323.001923 ) (555.193115 -832.987976 247 ) (555.193115 -896.987976 247 ) 
4 225 229 (547.920105 -686.987976 247 ) (547.920105 0 247 ) (555.190552 0 247 ) (555.190552 -686.987976 247 ) 
4 225 227 (456.101990 0 323 ) (456.101990 0 316.998047 ) (456.101990 -686.987976 316.998016 ) (456.101990 -686.987976 323 ) 
4 226 245 (547.920105 -896.987976 247 ) (547.920105 -832.987976 247 ) (555.190552 -832.987976 247 ) (555.190552 -896.987976 247 ) 
4 227 228 (456.101990 -686.987976 323 ) (456.101990 -686.987976 620.299988 ) (58.266846 -686.987976 620.299988 ) (452.176208 -686.987976 319.989044 ) 
4 228 643 (88 -1024 597.632141 ) (96 -1024 591.533142 ) (96 -1024 620.299988 ) (88 -1024 620.299988 ) 
3 228 644 (58.266899 -1024 620.299988 ) (88 -1024 597.632141 ) (88 -1024 620.299988 ) 
4 228 639 (96 -1024 591.533142 ) (364.100037 -1024 387.140076 ) (364.100037 -1024 620.299988 ) (96 -1024 620.299988 ) 
4 228 597 (364.100037 -1024 387.140076 ) (452.178711 -1024 319.990967 ) (456.101990 -1024 323 ) (364.100037 -1024 393.564636 ) 
4 228 587 (456.101990 -1024 323 ) (456.101990 -1024 620.299988 ) (364.100037 -1024 620.299988 ) (364.100037 -1024 393.564636 ) 
4 229 878 (0 -686.987976 247 ) (0 -447.988007 247 ) (0 -447.988007 242 ) (0 -686.987976 242 ) 
4 229 863 (0 -447.988007 247 ) (0 0 247 ) (0 0 242 ) (0 -447.988007 242 ) 
4 229 512 (40 -686.987976 242 ) (0 -686.987976 242 ) (0 -447.988007 242 ) (40 -447.988007 242 ) 
4 229 511 (88 -686.987976 242 ) (40 -686.987976 242 ) (40 -447.988007 242 ) (88 -447.988007 242 ) 
4 229 484 (352 -686.987976 242 ) (88 -686.987976 242 ) (88 -586 242 ) (352 -586 242 ) 
4 229 481 (304 -580 242 ) (304 -586 242 ) (202 -586 242 ) (202 -580 242 ) 
4 229 480 (202 -447.988007 242 ) (304 -447.988007 242 ) (304 -580 242 ) (202 -580 242 ) 
4 229 479 (304 -447.988007 242 ) (352 -447.988007 242 ) (352 -586 242 ) (304 -586 242 ) 
4 229 483 (88 -586 242 ) (88 -447.988007 242 ) (202 -447.988007 242 ) (202 -586 242 ) 
4 229 473 (359.100037 -598.987976 242 ) (359.100037 -578.987976 242 ) (364.100037 -578.987976 242 ) (364.100037 -598.987976 242 ) 
4 229 472 (359.100037 -578.987976 242 ) (359.100037 -447.988007 242 ) (364.100037 -447.988007 242 ) (364.100037 -578.987976 242 ) 
4 229 475 (364.100037 -686.987976 242 ) (359.100037 -686.987976 242 ) (359.100037 -598.987976 242 ) (364.100037 -598.987976 242 ) 
4 229 476 (359.100037 -686.987976 242 ) (352 -686.987976 242 ) (352 -447.988007 242 ) (359.100037 -447.988007 242 ) 
4 229 467 (0 -447.988007 242 ) (0 0 242 ) (364.100037 0 242 ) (364.100037 -447.988007 242 ) 
4 229 463 (1024 -511.988007 242 ) (1024 -686.987976 242 ) (554.478577 -686.987976 242 ) (554.478577 -511.988007 242 ) 
4 229 461 (1024 -415.988007 242 ) (1024 -511.988007 242 ) (554.478577 -511.988007 242 ) (554.478577 -415.988007 242 ) 
4 229 282 (500 -686.987976 242 ) (404.149994 -686.987976 242 ) (404.149994 -672 242 ) (500 -672 242 ) 
4 229 281 (404.149994 -672 242 ) (404.149994 -598.987976 242 ) (500 -598.987976 242 ) (500 -672 242 ) 
4 229 280 (554.478577 -686.987976 242 ) (500 -686.987976 242 ) (500 -598.987976 242 ) (554.478577 -598.987976 242 ) 
4 229 285 (404.149994 -686.987976 242 ) (364.100037 -686.987976 242 ) (364.100037 -598.987976 242 ) (404.149994 -598.987976 242 ) 
4 229 269 (364.100037 -598.987976 242 ) (364.100037 -415.988007 242 ) (554.478577 -415.988007 242 ) (554.478577 -598.987976 242 ) 
4 229 268 (1024 -127.987999 242 ) (1024 -415.988007 242 ) (364.100037 -415.988007 242 ) (364.100037 -127.987999 242 ) 
4 229 266 (512 -127.987999 242 ) (364.100037 -127.987999 242 ) (364.100037 -31.988302 242 ) (512 -31.988302 242 ) 
4 229 265 (364.100037 -31.988302 242 ) (364.100037 0 242 ) (512 0 242 ) (512 -31.988302 242 ) 
4 229 263 (608 -127.987999 242 ) (512 -127.987999 242 ) (512 0 242 ) (608 0 242 ) 
4 229 262 (1024 0 242 ) (1024 -127.987999 242 ) (608 -127.987999 242 ) (608 0 242 ) 
4 229 234 (357.724457 -686.987976 242 ) (554.478516 -686.987976 242 ) (547.920105 -686.987976 247 ) (364.283112 -686.987976 247 ) 
3 229 233 (350.492340 -686.987976 242 ) (354.101471 -686.987976 242 ) (353.101410 -686.987976 244.001099 ) 
4 229 232 (0 -686.987976 242 ) (350.492340 -686.987976 242 ) (357.011475 -686.987976 247 ) (0 -686.987976 247 ) 
3 229 231 (558.103516 -686.987976 242 ) (561.709534 -686.987976 242 ) (559.103455 -686.987976 243.998871 ) 
4 229 230 (561.709534 -686.987976 242 ) (1024 -686.987976 242 ) (1024 -686.987976 247 ) (555.190613 -686.987976 247 ) 
4 230 587 (1024 -1024 242 ) (1024 -1024 247 ) (555.190613 -1024 247 ) (561.709534 -1024 242 ) 
4 230 466 (1024 -896.987976 242 ) (1024 -1024 242 ) (561.709595 -1024 242 ) (561.709534 -896.987976 242 ) 
4 230 465 (1024 -832.987976 242 ) (1024 -896.987976 242 ) (561.709534 -896.987976 242 ) (561.709534 -832.987976 242 ) 
4 230 464 (1024 -686.987976 242 ) (1024 -832.987976 242 ) (561.709534 -832.987976 242 ) (561.709534 -686.987976 242 ) 
4 230 245 (555.191406 -896.987976 247 ) (555.191406 -832.987976 247 ) (559.104370 -832.987976 243.998795 ) (559.104675 -896.987976 243.998566 ) 
4 230 231 (559.103638 -686.987976 244 ) (561.710388 -686.987976 242 ) (561.710388 -1024 242 ) (559.105286 -1024 243.998093 ) 
3 231 588 (558.105774 -1024 242 ) (561.709534 -1024 242 ) (559.105042 -1024 243.997620 ) 
4 231 466 (561.709595 -1024 242 ) (558.105774 -1024 242 ) (558.104919 -896.987976 242 ) (561.709534 -896.987976 242 ) 
4 231 465 (558.104919 -896.987976 242 ) (558.104492 -832.987976 242 ) (561.709534 -832.987976 242 ) (561.709534 -896.987976 242 ) 
4 231 464 (558.104492 -832.987976 242 ) (558.103516 -686.987976 242 ) (561.709534 -686.987976 242 ) (561.709534 -832.987976 242 ) 
4 231 245 (559.104980 -896.987976 243.998672 ) (559.104675 -832.987976 243.998901 ) (558.104736 -832.987976 242 ) (558.105164 -896.987976 242 ) 
4 232 882 (0 -812.987976 247 ) (0 -746.670044 247 ) (0 -746.670044 242 ) (0 -812.987976 242 ) 
4 232 880 (0 -746.670044 247 ) (0 -741.330017 247 ) (0 -741.330017 242 ) (0 -746.670044 242 ) 
4 232 878 (0 -741.330017 247 ) (0 -686.987976 247 ) (0 -686.987976 242 ) (0 -741.330017 242 ) 
4 232 516 (0 -752 242 ) (0 -746.670044 242 ) (40 -746.670044 242 ) (40 -752 242 ) 
4 232 517 (0 -812.987976 242 ) (0 -752 242 ) (40 -752 242 ) (40 -812.987976 242 ) 
4 232 515 (40 -746.670044 242 ) (88 -746.670044 242 ) (88 -812.987976 242 ) (40 -812.987976 242 ) 
4 232 514 (0 -746.670044 242 ) (0 -741.330017 242 ) (40 -741.330017 242 ) (40 -746.670044 242 ) 
4 232 513 (0 -741.330017 242 ) (0 -735.987976 242 ) (40 -735.987976 242 ) (40 -741.330017 242 ) 
4 232 512 (0 -735.987976 242 ) (0 -686.987976 242 ) (40 -686.987976 242 ) (40 -735.987976 242 ) 
4 232 511 (40 -686.987976 242 ) (88 -686.987976 242 ) (88 -746.670044 242 ) (40 -746.670044 242 ) 
4 232 485 (350.492340 -735.987976 242 ) (350.492371 -812.987976 242 ) (88 -812.987976 242 ) (88 -735.987976 242 ) 
4 232 484 (88 -686.987976 242 ) (350.492340 -686.987976 242 ) (350.492340 -735.987976 242 ) (88 -735.987976 242 ) 
4 232 252 (0 -812.987976 242 ) (350.492340 -812.987976 242 ) (357.011444 -812.987976 247 ) (0 -812.987976 247 ) 
4 232 241 (353.101349 -812.987976 244 ) (350.492950 -812.987976 242 ) (350.492920 -805.987976 242 ) (353.101349 -805.987976 244 ) 
4 232 239 (350.492920 -805.987976 242 ) (350.492279 -700.987976 242 ) (353.101410 -700.987976 244.001038 ) (353.101349 -805.987976 244 ) 
4 232 233 (350.492279 -700.987976 242 ) (350.492188 -686.987976 242 ) (353.101410 -686.987976 244.001083 ) (353.101410 -700.987976 244.001038 ) 
4 233 484 (350.492340 -686.987976 242 ) (352 -686.987976 242 ) (352 -700.987976 242 ) (350.492340 -700.987976 242 ) 
4 233 478 (352 -686.987976 242 ) (354.101471 -686.987976 242 ) (354.101440 -700.987976 242 ) (352 -700.987976 242 ) 
3 233 239 (353.101837 -700.987976 244 ) (350.493988 -700.987976 242 ) (354.101440 -700.987976 242 ) 
4 234 477 (357.724457 -686.987976 242 ) (364.100037 -686.987976 242 ) (364.100037 -693.987976 242 ) (357.724426 -693.987976 242 ) 
4 234 282 (404.149994 -686.987976 242 ) (500 -686.987976 242 ) (500 -693.987976 242 ) (404.149994 -693.987976 242 ) 
4 234 280 (500 -686.987976 242 ) (554.478516 -686.987976 242 ) (554.478577 -693.987976 242 ) (500 -693.987976 242 ) 
4 234 285 (364.100037 -686.987976 242 ) (404.149994 -686.987976 242 ) (404.149994 -693.987976 242 ) (364.100037 -693.987976 242 ) 
3 234 236 (357.724426 -693.987976 242 ) (364.100037 -693.987976 242 ) (364.100037 -693.987976 246.860458 ) 
3 234 235 (548.101990 -693.987976 242 ) (554.478516 -693.987976 242 ) (548.101990 -693.987976 246.861328 ) 
4 235 306 (554.478516 -700.987976 242 ) (548.101990 -700.987976 242 ) (548.101990 -693.987976 242 ) (554.478577 -693.987976 242 ) 
3 235 237 (548.101990 -700.987976 246.861313 ) (548.101990 -700.987976 242 ) (554.478577 -700.987976 242 ) 
4 236 477 (364.100037 -700.987976 242 ) (357.724365 -700.987976 242 ) (357.724426 -693.987976 242 ) (364.100037 -693.987976 242 ) 
3 236 240 (357.724365 -700.987976 242 ) (364.100037 -700.987976 242 ) (364.100037 -700.987976 246.860489 ) 
4 237 306 (554.478516 -805.987976 242 ) (548.101990 -805.987976 242 ) (548.101990 -700.987976 242 ) (554.478516 -700.987976 242 ) 
3 237 242 (548.101990 -805.987976 246.861313 ) (548.101990 -805.987976 242 ) (554.478577 -805.987976 242 ) 
4 238 413 (531.101990 -805.987976 242 ) (507.101959 -805.987976 242 ) (507.101959 -700.987976 242 ) (531.101990 -700.987976 242 ) 
4 238 364 (405.093964 -805.987976 242 ) (381.100037 -805.987976 242 ) (381.100037 -700.987976 242 ) (405.093964 -700.987976 242 ) 
4 238 360 (500 -805.987976 242 ) (405.093964 -805.987976 242 ) (405.093964 -700.987976 242 ) (500 -700.987976 242 ) 
4 238 359 (507.101959 -805.987976 242 ) (500 -805.987976 242 ) (500 -700.987976 242 ) (507.101959 -700.987976 242 ) 
4 239 485 (352 -805.987976 242 ) (350.492371 -805.987976 242 ) (350.492340 -735.987976 242 ) (352 -735.987976 242 ) 
4 239 484 (350.492340 -735.987976 242 ) (350.492340 -700.987976 242 ) (352 -700.987976 242 ) (352 -735.987976 242 ) 
4 239 478 (354.101166 -805.987976 242 ) (352 -805.987976 242 ) (352 -700.987976 242 ) (354.101440 -700.987976 242 ) 
3 239 241 (353.101654 -805.987976 244 ) (350.493988 -805.987976 242 ) (354.101166 -805.987976 242 ) 
4 240 477 (364.100037 -805.987976 242 ) (357.723816 -805.987976 242 ) (357.724365 -700.987976 242 ) (364.100037 -700.987976 242 ) 
3 240 243 (357.723816 -805.987976 242 ) (364.100037 -805.987976 242 ) (364.100037 -805.987976 246.860931 ) 
4 241 485 (352 -812.987976 242 ) (350.492371 -812.987976 242 ) (350.492371 -805.987976 242 ) (352 -805.987976 242 ) 
4 241 478 (354.101135 -812.987976 242 ) (352 -812.987976 242 ) (352 -805.987976 242 ) (354.101166 -805.987976 242 ) 
3 241 253 (350.492340 -812.987976 242 ) (354.101135 -812.987976 242 ) (353.101166 -812.987976 244 ) 
4 242 306 (554.478577 -812.987976 242 ) (548.101990 -812.987976 242 ) (548.101990 -805.987976 242 ) (554.478516 -805.987976 242 ) 
3 242 244 (548.101990 -812.987976 242 ) (554.478577 -812.987976 242 ) (548.101990 -812.987976 246.861313 ) 
4 243 477 (364.100037 -812.987976 242 ) (357.723755 -812.987976 242 ) (357.723816 -805.987976 242 ) (364.100037 -805.987976 242 ) 
3 243 254 (357.723755 -812.987976 242 ) (364.100037 -812.987976 242 ) (364.100037 -812.987976 246.860962 ) 
4 244 306 (548.101990 -812.987976 242 ) (554.478577 -812.987976 242 ) (554.478577 -832.987976 242 ) (548.101990 -832.987976 242 ) 
3 244 245 (548.101990 -832.987976 242 ) (554.478577 -832.987976 242 ) (548.101990 -832.987976 246.861313 ) 
4 245 465 (558.104492 -832.987976 242 ) (558.104919 -896.987976 242 ) (554.478516 -896.987976 242 ) (554.478577 -832.987976 242 ) 
4 245 306 (554.478516 -896.987976 242 ) (548.101990 -896.987976 242 ) (548.101990 -832.987976 242 ) (554.478577 -832.987976 242 ) 
3 245 246 (548.101990 -896.987976 242 ) (554.478577 -896.987976 242 ) (548.101990 -896.987976 246.861313 ) 
4 246 306 (554.478516 -940.987976 242 ) (548.101990 -940.987976 242 ) (548.101990 -896.987976 242 ) (554.478516 -896.987976 242 ) 
3 246 248 (548.101990 -940.987976 242 ) (554.478516 -940.987976 242 ) (548.101990 -940.987976 246.861313 ) 
4 247 415 (507.101959 -812.987976 242 ) (531.101990 -812.987976 242 ) (531.101990 -940.987976 242 ) (507.101959 -940.987976 242 ) 
4 247 366 (381.100037 -940.987976 242 ) (381.100037 -812.987976 242 ) (405.093964 -812.987976 242 ) (405.093964 -940.987976 242 ) 
4 247 360 (405.093964 -812.987976 242 ) (500 -812.987976 242 ) (500 -940.987976 242 ) (405.093964 -940.987976 242 ) 
4 247 359 (500 -812.987976 242 ) (507.101959 -812.987976 242 ) (507.101959 -940.987976 242 ) (500 -940.987976 242 ) 
4 248 416 (548.101990 -940.987976 242 ) (554.478516 -940.987976 242 ) (554.478577 -947.987976 242 ) (548.101990 -947.987976 242 ) 
3 248 249 (548.101990 -947.987976 242 ) (554.478516 -947.987976 242 ) (548.101990 -947.987976 246.861313 ) 
4 249 416 (548.101990 -947.987976 242 ) (554.478577 -947.987976 242 ) (554.478516 -1014.989990 242 ) (548.101990 -1014.989990 242 ) 
3 249 251 (548.101990 -1014.989990 242 ) (554.478516 -1014.989990 242 ) (548.101990 -1014.989990 246.861313 ) 
4 250 434 (381.100037 -1014.989990 242 ) (381.100037 -947.987976 242 ) (531.101990 -947.987976 242 ) (531.101990 -1014.989990 242 ) 
3 251 589 (548.101990 -1024 246.861313 ) (548.101990 -1024 242 ) (554.478577 -1024 242 ) 
4 251 416 (554.478577 -1024 242 ) (548.101990 -1024 242 ) (548.101990 -1014.989990 242 ) (554.478516 -1014.989990 242 ) 
4 252 882 (0 -947.987976 247 ) (0 -812.987976 247 ) (0 -812.987976 242 ) (0 -947.987976 242 ) 
4 252 517 (0 -947.987976 242 ) (0 -812.987976 242 ) (40 -812.987976 242 ) (40 -947.987976 242 ) 
4 252 515 (40 -812.987976 242 ) (88 -812.987976 242 ) (88 -947.987976 242 ) (40 -947.987976 242 ) 
4 252 485 (88 -812.987976 242 ) (350.492340 -812.987976 242 ) (350.492340 -947.987976 242 ) (88 -947.987976 242 ) 
4 252 257 (0 -947.987976 242 ) (350.492340 -947.987976 242 ) (357.011444 -947.987976 247 ) (0 -947.987976 247 ) 
4 252 255 (353.100464 -947.987976 244.001572 ) (350.490784 -947.987976 242 ) (350.490845 -940.987976 242 ) (353.100494 -940.987976 244.001526 ) 
4 252 253 (350.490845 -940.987976 242 ) (350.492188 -812.987976 242 ) (353.101166 -812.987976 244 ) (353.100494 -940.987976 244.001526 ) 
4 253 485 (350.492340 -812.987976 242 ) (352 -812.987976 242 ) (352 -940.987976 242 ) (350.492340 -940.987976 242 ) 
4 253 478 (352 -812.987976 242 ) (354.101135 -812.987976 242 ) (354.100769 -940.987976 242 ) (352 -940.987976 242 ) 
3 253 255 (353.101868 -940.987976 243.998749 ) (350.495850 -940.987976 242 ) (354.100769 -940.987976 242 ) 
4 254 477 (357.723755 -812.987976 242 ) (364.100037 -812.987976 242 ) (364.100037 -940.987976 242 ) (357.723053 -940.987976 242 ) 
3 254 256 (357.723053 -940.987976 242 ) (364.100037 -940.987976 242 ) (364.100037 -940.987976 246.861511 ) 
4 255 485 (352 -947.987976 242 ) (350.492340 -947.987976 242 ) (350.492340 -940.987976 242 ) (352 -940.987976 242 ) 
4 255 478 (354.100769 -947.987976 242 ) (352 -947.987976 242 ) (352 -940.987976 242 ) (354.100769 -940.987976 242 ) 
3 255 258 (350.492340 -947.987976 242 ) (354.100769 -947.987976 242 ) (353.100891 -947.987976 244 ) 
4 256 477 (364.100037 -947.987976 242 ) (357.722992 -947.987976 242 ) (357.723053 -940.987976 242 ) (364.100037 -940.987976 242 ) 
3 256 259 (357.722992 -947.987976 242 ) (364.100037 -947.987976 242 ) (364.100037 -947.987976 246.861542 ) 
4 257 883 (0 -991.987976 247 ) (0 -983.987976 247 ) (0 -983.987976 242 ) (0 -991.987976 242 ) 
4 257 882 (0 -983.987976 247 ) (0 -947.987976 247 ) (0 -947.987976 242 ) (0 -983.987976 242 ) 
4 257 884 (0 -1024 242 ) (0 -1024 247 ) (0 -991.987976 247 ) (0 -991.987976 242 ) 
4 257 643 (96 -1024 247 ) (88 -1024 247 ) (88 -1024 242 ) (96 -1024 242 ) 
4 257 644 (88 -1024 247 ) (0 -1024 247 ) (0 -1024 242 ) (88 -1024 242 ) 
4 257 639 (357.011444 -1024 247 ) (96 -1024 247 ) (96 -1024 242 ) (350.492340 -1024 242 ) 
4 257 518 (0 -991.987976 242 ) (0 -983.987976 242 ) (88 -983.987976 242 ) (88 -991.987976 242 ) 
4 257 521 (88 -1024 242 ) (0 -1024 242 ) (0 -991.987976 242 ) (88 -991.987976 242 ) 
4 257 517 (0 -983.987976 242 ) (0 -947.987976 242 ) (40 -947.987976 242 ) (40 -983.987976 242 ) 
4 257 515 (40 -947.987976 242 ) (88 -947.987976 242 ) (88 -983.987976 242 ) (40 -983.987976 242 ) 
4 257 506 (96 -1024 242 ) (88 -1024 242 ) (88 -991.987976 242 ) (96 -991.987976 242 ) 
4 257 505 (350.492340 -1024 242 ) (96 -1024 242 ) (96 -991.987976 242 ) (350.492340 -991.987976 242 ) 
4 257 485 (88 -991.987976 242 ) (88 -947.987976 242 ) (350.492340 -947.987976 242 ) (350.492340 -991.987976 242 ) 
4 257 260 (350.492188 -1024 242 ) (350.492188 -1014.989990 242 ) (353.100739 -1014.989990 244 ) (353.100739 -1024 244 ) 
4 257 258 (350.492188 -1014.989990 242 ) (350.492188 -947.987976 242 ) (353.100891 -947.987976 244 ) (353.100739 -1014.989990 244 ) 
4 258 505 (350.492340 -1014.989990 242 ) (350.492340 -991.987976 242 ) (352 -991.987976 242 ) (352 -1014.989990 242 ) 
4 258 485 (350.492340 -991.987976 242 ) (350.492340 -947.987976 242 ) (352 -947.987976 242 ) (352 -991.987976 242 ) 
4 258 478 (352 -947.987976 242 ) (354.100769 -947.987976 242 ) (354.100555 -1014.989990 242 ) (352 -1014.989990 242 ) 
3 258 260 (353.101715 -1014.989990 243.998642 ) (350.495850 -1014.989990 242 ) (354.100555 -1014.989990 242 ) 
4 259 477 (357.722992 -947.987976 242 ) (364.100037 -947.987976 242 ) (364.100037 -1014.989990 242 ) (357.722626 -1014.989990 242 ) 
3 259 261 (357.722626 -1014.989990 242 ) (364.100037 -1014.989990 242 ) (364.100037 -1014.989990 246.861832 ) 
3 260 641 (353.100739 -1024 244 ) (350.492340 -1024 242 ) (354.100555 -1024 242 ) 
4 260 505 (352 -1024 242 ) (350.492340 -1024 242 ) (350.492340 -1014.989990 242 ) (352 -1014.989990 242 ) 
4 260 478 (354.100555 -1024 242 ) (352 -1024 242 ) (352 -1014.989990 242 ) (354.100555 -1014.989990 242 ) 
3 261 640 (357.722595 -1024 242 ) (364.100037 -1024 242 ) (364.100037 -1024 246.861877 ) 
4 261 477 (364.100037 -1024 242 ) (357.722595 -1024 242 ) (357.722626 -1014.989990 242 ) (364.100037 -1014.989990 242 ) 
5 262 543 (622.599976 0 0 ) (1024 0 0 ) (1024 -127.987999 0 ) (608 -127.987999 0 ) (608 -40.312668 0 ) 
3 262 542 (608 0 0 ) (622.599976 0 0 ) (608 -40.312668 0 ) 
4 262 268 (608 -127.987999 0 ) (1024 -127.987999 0 ) (1024 -127.987999 242 ) (608 -127.987999 242 ) 
4 262 263 (608 -127.987999 80 ) (608 -127.987999 242 ) (608 0 242 ) (608 0 80 ) 
4 262 264 (608 0 0 ) (608 -127.987999 0 ) (608 -127.987999 64 ) (608 0 64 ) 
4 263 268 (608 -127.987999 80 ) (608 -127.987999 242 ) (512 -127.987999 242 ) (512 -127.987999 80 ) 
4 263 266 (512 -127.987999 80 ) (512 -127.987999 242 ) (512 -31.988302 242 ) (512 -31.988302 80 ) 
4 263 265 (512 -31.988302 242 ) (512 0 242 ) (512 0 80 ) (512 -31.988302 80 ) 
3 264 543 (608 -40.312664 0 ) (608 -127.987999 0 ) (576.246765 -127.987999 0 ) 
5 264 542 (512 0 0 ) (608 0 0 ) (608 -40.312664 0 ) (576.246765 -127.987999 0 ) (512 -127.987999 0 ) 
4 264 268 (512 -127.987999 0 ) (608 -127.987999 0 ) (608 -127.987999 64 ) (512 -127.987999 64 ) 
4 264 267 (512 -31.988302 0 ) (512 -127.987999 0 ) (512 -127.987999 64 ) (512 -31.988302 64 ) 
4 264 265 (512 0 0 ) (512 -31.988302 0 ) (512 -31.988302 64 ) (512 0 64 ) 
4 265 542 (364.100037 -31.988302 0 ) (364.100037 0 0 ) (512 0 0 ) (512 -31.988302 0 ) 
4 265 468 (364.100037 -31.988302 64 ) (364.100037 -31.988302 80 ) (364.100037 0 80 ) (364.100037 0 64 ) 
4 265 467 (364.100037 -31.988302 80 ) (364.100037 -31.988302 242 ) (364.100037 0 242 ) (364.100037 0 80 ) 
4 265 471 (364.100037 0 0 ) (364.100037 -31.988302 0 ) (364.100037 -31.988302 64 ) (364.100037 0 64 ) 
4 265 266 (364.100037 -31.988302 242 ) (364.100037 -31.988302 80 ) (512 -31.988302 80 ) (512 -31.988302 242 ) 
4 265 267 (364.100037 -31.988302 64 ) (364.100037 -31.988302 0 ) (512 -31.988302 0 ) (512 -31.988302 64 ) 
4 266 467 (364.100037 -127.987999 80 ) (364.100037 -127.987999 242 ) (364.100037 -31.988302 242 ) (364.100037 -31.988302 80 ) 
4 266 268 (364.100037 -127.987999 242 ) (364.100037 -127.987999 80 ) (512 -127.987999 80 ) (512 -127.987999 242 ) 
4 267 542 (364.100037 -127.987999 0 ) (364.100037 -31.988302 0 ) (512 -31.988302 0 ) (512 -127.987999 0 ) 
4 267 471 (364.100037 -31.988302 0 ) (364.100037 -127.987999 0 ) (364.100037 -127.987999 64 ) (364.100037 -31.988302 64 ) 
4 267 268 (364.100037 -127.987999 64 ) (364.100037 -127.987999 0 ) (512 -127.987999 0 ) (512 -127.987999 64 ) 
4 268 543 (576.246765 -127.987999 0 ) (1024 -127.987999 0 ) (1024 -415.988007 0 ) (471.942261 -415.988007 0 ) 
4 268 542 (364.100037 -415.988007 0 ) (364.100037 -127.987999 0 ) (576.246765 -127.987999 0 ) (471.942261 -415.988007 0 ) 
4 268 470 (364.100037 -415.988007 64 ) (364.100037 -415.988007 80 ) (364.100037 -351.988007 80 ) (364.100037 -351.988007 64 ) 
4 268 469 (364.100037 -351.988007 80 ) (364.100037 -127.987999 80 ) (364.100037 -127.987999 64 ) (364.100037 -351.988007 64 ) 
4 268 467 (364.100037 -415.988007 80 ) (364.100037 -415.988007 242 ) (364.100037 -127.987999 242 ) (364.100037 -127.987999 80 ) 
4 268 471 (364.100037 -127.987999 0 ) (364.100037 -415.988007 0 ) (364.100037 -415.988007 64 ) (364.100037 -127.987999 64 ) 
4 268 461 (1024 -415.988007 80 ) (1024 -415.988007 242 ) (554.478577 -415.988007 242 ) (766.972046 -415.988007 80 ) 
4 268 462 (871.907104 -415.988007 0 ) (1024 -415.988007 0 ) (1024 -415.988007 64 ) (787.959045 -415.988007 64 ) 
4 268 303 (384 -415.988007 73 ) (376.100037 -415.988007 73 ) (376.100037 -415.988007 61 ) (384 -415.988007 61 ) 
4 268 301 (384 -415.988007 64 ) (384 -415.988007 61 ) (395.100037 -415.988007 61 ) (395.100037 -415.988007 64 ) 
4 268 300 (480 -415.988007 61 ) (480 -415.988007 64 ) (395.100037 -415.988007 64 ) (395.100037 -415.988007 61 ) 
4 268 304 (376.100037 -415.988007 0 ) (480 -415.988007 0 ) (480 -415.988007 61 ) (376.100037 -415.988007 61 ) 
4 268 305 (364.100037 -415.988007 73 ) (364.100037 -415.988007 0 ) (376.100037 -415.988007 0 ) (376.100037 -415.988007 73 ) 
4 268 295 (480 -415.988007 0 ) (871.907104 -415.988007 0 ) (787.959045 -415.988007 64 ) (480 -415.988007 64 ) 
4 268 273 (369.100037 -415.988007 73 ) (384 -415.988007 73 ) (384 -415.988007 80 ) (369.100037 -415.988007 80 ) 
4 268 276 (364.100037 -415.988007 80 ) (364.100037 -415.988007 73 ) (369.100037 -415.988007 73 ) (369.100037 -415.988007 80 ) 
4 268 269 (364.100037 -415.988007 242 ) (364.100037 -415.988007 80 ) (766.972046 -415.988007 80 ) (554.478577 -415.988007 242 ) 
4 269 473 (364.100037 -598.987976 242 ) (364.100037 -578.987976 242 ) (364.100037 -578.987976 80 ) (364.100037 -598.987976 80 ) 
4 269 472 (364.100037 -578.987976 242 ) (364.100037 -447.988007 242 ) (364.100037 -447.988007 80 ) (364.100037 -578.987976 80 ) 
4 269 467 (364.100037 -447.988007 242 ) (364.100037 -415.988007 242 ) (364.100037 -415.988007 80 ) (364.100037 -447.988007 80 ) 
4 269 463 (554.480164 -511.988007 242 ) (554.480164 -598.987976 242 ) (766.974609 -598.987976 80 ) (766.974609 -511.988007 80 ) 
4 269 461 (766.974609 -415.988007 80 ) (554.480164 -415.988007 242 ) (554.480164 -511.988007 242 ) (766.974609 -511.988007 80 ) 
4 269 281 (500 -598.987976 242 ) (404.149994 -598.987976 242 ) (404.149994 -598.987976 80 ) (500 -598.987976 80 ) 
4 269 280 (766.970520 -598.987976 80 ) (554.477051 -598.987976 242 ) (500 -598.987976 242 ) (500 -598.987976 80 ) 
4 269 285 (404.149994 -598.987976 242 ) (364.100037 -598.987976 242 ) (364.100037 -598.987976 80 ) (404.149994 -598.987976 80 ) 
4 269 279 (540.101990 -598.987976 80 ) (364.100037 -598.987976 80 ) (364.100037 -578.987976 80 ) (540.101990 -578.987976 80 ) 
4 269 278 (364.100037 -578.987976 80 ) (364.100037 -562.987976 80 ) (540.101990 -562.987976 80 ) (540.101990 -578.987976 80 ) 
4 269 277 (766.972656 -598.987976 80 ) (540.101990 -598.987976 80 ) (540.101990 -562.987976 80 ) (766.972656 -562.987976 80 ) 
4 269 275 (384 -562.987976 80 ) (369.100037 -562.987976 80 ) (369.100037 -547.987976 80 ) (384 -547.987976 80 ) 
4 269 274 (480 -555.987976 80 ) (480 -562.987976 80 ) (384 -562.987976 80 ) (384 -555.987976 80 ) 
4 269 273 (369.100037 -415.988007 80 ) (384 -415.988007 80 ) (384 -547.987976 80 ) (369.100037 -547.987976 80 ) 
4 269 272 (550.101990 -562.987976 80 ) (480 -562.987976 80 ) (480 -547.987976 80 ) (550.101990 -547.987976 80 ) 
4 269 271 (766.972656 -547.987976 80 ) (766.972656 -562.987976 80 ) (550.101990 -562.987976 80 ) (550.101990 -547.987976 80 ) 
4 269 270 (766.972656 -511.988007 80 ) (766.972656 -547.987976 80 ) (480 -547.987976 80 ) (480 -511.988007 80 ) 
4 269 276 (364.100037 -562.987976 80 ) (364.100037 -415.988007 80 ) (369.100037 -415.988007 80 ) (369.100037 -562.987976 80 ) 
4 270 463 (766.974609 -511.988007 80 ) (766.974609 -547.987976 80 ) (776.156494 -547.987976 73 ) (776.156494 -511.988007 73 ) 
4 270 296 (776.152344 -511.988007 73 ) (776.152344 -547.987976 73 ) (480 -547.987976 73 ) (480 -511.988007 73 ) 
4 270 272 (480 -547.987976 80 ) (480 -547.987976 78 ) (550.101990 -547.987976 78 ) (550.101990 -547.987976 80 ) 
4 270 271 (550.101990 -547.987976 73 ) (776.153931 -547.987976 73 ) (766.968750 -547.987976 80 ) (550.101990 -547.987976 80 ) 
4 271 463 (766.974609 -547.987976 80 ) (766.974609 -562.987976 80 ) (776.156494 -562.987976 73 ) (776.156494 -547.987976 73 ) 
4 271 297 (776.152344 -550.987976 73 ) (776.152344 -562.987976 73 ) (550.101990 -562.987976 73 ) (550.101990 -550.987976 73 ) 
4 271 296 (776.152344 -547.987976 73 ) (776.152344 -550.987976 73 ) (550.101990 -550.987976 73 ) (550.101990 -547.987976 73 ) 
4 271 277 (550.101990 -562.987976 73 ) (776.152344 -562.987976 73 ) (766.972656 -562.987976 80 ) (550.101990 -562.987976 80 ) 
4 271 272 (550.101990 -547.987976 80 ) (550.101990 -547.987976 78 ) (550.101990 -562.987976 78 ) (550.101990 -562.987976 80 ) 
4 272 278 (540.101990 -562.987976 80 ) (480 -562.987976 80 ) (480 -562.987976 78 ) (540.101990 -562.987976 78 ) 
4 272 277 (550.101990 -562.987976 78 ) (550.101990 -562.987976 80 ) (540.101990 -562.987976 80 ) (540.101990 -562.987976 78 ) 
4 272 274 (480 -562.987976 78 ) (480 -562.987976 80 ) (480 -555.987976 80 ) (480 -555.987976 78 ) 
4 273 303 (376.100037 -415.988007 73 ) (384 -415.988007 73 ) (384 -526.987976 73 ) (376.100037 -526.987976 73 ) 
4 273 305 (369.100037 -415.988007 73 ) (376.100037 -415.988007 73 ) (376.100037 -547.987976 73 ) (369.100037 -547.987976 73 ) 
4 273 275 (369.100037 -547.987976 80 ) (369.100037 -547.987976 78 ) (384 -547.987976 78 ) (384 -547.987976 80 ) 
4 273 276 (369.100037 -415.988007 73 ) (369.100037 -547.987976 73 ) (369.100037 -547.987976 80 ) (369.100037 -415.988007 80 ) 
4 274 278 (480 -562.987976 78 ) (480 -562.987976 80 ) (384 -562.987976 80 ) (384 -562.987976 78 ) 
4 274 275 (384 -555.987976 78 ) (384 -562.987976 78 ) (384 -562.987976 80 ) (384 -555.987976 80 ) 
4 275 278 (384 -562.987976 78 ) (384 -562.987976 80 ) (369.100037 -562.987976 80 ) (369.100037 -562.987976 78 ) 
4 275 276 (369.100037 -562.987976 78 ) (369.100037 -562.987976 80 ) (369.100037 -547.987976 80 ) (369.100037 -547.987976 78 ) 
4 276 472 (364.100037 -447.988007 73 ) (364.100037 -562.987976 73 ) (364.100037 -562.987976 80 ) (364.100037 -447.988007 80 ) 
4 276 470 (364.100037 -415.988007 80 ) (364.100037 -415.988007 73 ) (364.100037 -447.988007 73 ) (364.100037 -447.988007 80 ) 
4 276 305 (364.100037 -562.987976 73 ) (364.100037 -415.988007 73 ) (369.100037 -415.988007 73 ) (369.100037 -562.987976 73 ) 
4 276 278 (364.100037 -562.987976 73 ) (369.100037 -562.987976 73 ) (369.100037 -562.987976 80 ) (364.100037 -562.987976 80 ) 
4 277 463 (766.974609 -562.987976 80 ) (766.974609 -598.987976 80 ) (776.156494 -598.987976 73 ) (776.156494 -562.987976 73 ) 
4 277 297 (540.101990 -562.987976 73 ) (776.152344 -562.987976 73 ) (776.152344 -598.987976 73 ) (540.101990 -598.987976 73 ) 
4 277 287 (540.101990 -598.987976 73 ) (549.101990 -598.987976 73 ) (549.101990 -598.987976 78 ) (540.101990 -598.987976 78 ) 
4 277 286 (549.101990 -598.987976 73 ) (776.152344 -598.987976 73 ) (769.593872 -598.987976 78 ) (549.101990 -598.987976 78 ) 
4 277 280 (769.593872 -598.987976 78 ) (766.970520 -598.987976 80 ) (540.101990 -598.987976 80 ) (540.101990 -598.987976 78 ) 
4 277 279 (540.101990 -598.987976 78 ) (540.101990 -598.987976 80 ) (540.101990 -578.987976 80 ) (540.101990 -578.987976 78 ) 
4 277 278 (540.101990 -562.987976 80 ) (540.101990 -562.987976 73 ) (540.101990 -578.987976 73 ) (540.101990 -578.987976 80 ) 
4 278 472 (364.100037 -562.987976 73 ) (364.100037 -578.987976 73 ) (364.100037 -578.987976 80 ) (364.100037 -562.987976 80 ) 
4 278 302 (395.100037 -562.987976 73 ) (480 -562.987976 73 ) (480 -578.987976 73 ) (395.100037 -578.987976 73 ) 
4 278 305 (364.100037 -578.987976 73 ) (364.100037 -562.987976 73 ) (376.100037 -562.987976 73 ) (376.100037 -578.987976 73 ) 
4 278 297 (536.101990 -562.987976 73 ) (540.101990 -562.987976 73 ) (540.101990 -578.987976 73 ) (536.101990 -578.987976 73 ) 
4 278 299 (480 -562.987976 73 ) (517.101990 -562.987976 73 ) (517.101990 -578.987976 73 ) (480 -578.987976 73 ) 
4 278 279 (540.101990 -578.987976 78 ) (540.101990 -578.987976 80 ) (364.100037 -578.987976 80 ) (364.100037 -578.987976 78 ) 
4 279 473 (364.100037 -598.987976 78 ) (364.100037 -598.987976 80 ) (364.100037 -578.987976 80 ) (364.100037 -578.987976 78 ) 
4 279 281 (500 -598.987976 80 ) (404.149994 -598.987976 80 ) (404.149994 -598.987976 78 ) (500 -598.987976 78 ) 
4 279 280 (540.101990 -598.987976 78 ) (540.101990 -598.987976 80 ) (500 -598.987976 80 ) (500 -598.987976 78 ) 
4 279 285 (404.149994 -598.987976 80 ) (364.100037 -598.987976 80 ) (364.100037 -598.987976 78 ) (404.149994 -598.987976 78 ) 
4 280 464 (557.103210 -693.987976 240 ) (769.598022 -693.987976 78 ) (769.598022 -686.987976 78 ) (557.103149 -686.987976 240 ) 
4 280 463 (554.480164 -598.987976 242 ) (554.480164 -686.987976 242 ) (769.598022 -686.987976 78 ) (769.598022 -598.987976 78 ) 
3 280 412 (531.101990 -693.987976 242 ) (512.101929 -693.987976 242 ) (531.101990 -693.987976 223 ) 
4 280 351 (500 -693.987976 81 ) (500 -693.987976 78 ) (517.101990 -693.987976 78 ) (517.101990 -693.987976 81 ) 
5 280 345 (507.101959 -693.987976 242 ) (500 -693.987976 242 ) (500 -693.987976 81 ) (517.101990 -693.987976 81 ) (517.101990 -693.987976 232 ) 
4 280 343 (517.101990 -693.987976 78 ) (531.101990 -693.987976 78 ) (531.101990 -693.987976 218 ) (517.101990 -693.987976 232 ) 
4 280 309 (548.721375 -693.987976 81 ) (548.101990 -693.987976 81 ) (548.101990 -693.987976 78 ) (548.721313 -693.987976 78 ) 
4 280 307 (769.598022 -693.987976 78 ) (765.662964 -693.987976 81 ) (548.721375 -693.987976 81 ) (548.721313 -693.987976 78 ) 
4 280 306 (765.662964 -693.987976 81 ) (554.480164 -693.987976 242 ) (548.101990 -693.987976 242 ) (548.101990 -693.987976 81 ) 
4 280 294 (550.101990 -693.987976 78 ) (500 -693.987976 78 ) (500 -687.987976 78 ) (550.101990 -687.987976 78 ) 
4 280 293 (769.593750 -693.987976 78 ) (550.101990 -693.987976 78 ) (550.101990 -661.987976 78 ) (769.592407 -661.987976 78 ) 
4 280 290 (500 -630.987976 78 ) (500 -625.987976 78 ) (548.101990 -625.987976 78 ) (548.101990 -630.987976 78 ) 
4 280 291 (500 -661.987976 78 ) (500 -652.987976 78 ) (548.101990 -652.987976 78 ) (548.101990 -661.987976 78 ) 
4 280 289 (548.101990 -625.987976 78 ) (769.590942 -625.987976 78 ) (769.592407 -661.987976 78 ) (548.101990 -661.987976 78 ) 
4 280 287 (500 -603.987976 78 ) (500 -598.987976 78 ) (549.101990 -598.987976 78 ) (549.101990 -603.987976 78 ) 
4 280 286 (549.101990 -598.987976 78 ) (769.589844 -598.987976 78 ) (769.590942 -625.987976 78 ) (549.101990 -625.987976 78 ) 
4 280 283 (500 -693.987976 88 ) (500 -693.987976 180 ) (500 -672 180 ) (500 -672 88 ) 
4 280 282 (500 -693.987976 180 ) (500 -693.987976 242 ) (500 -672 242 ) (500 -672 180 ) 
4 280 284 (500 -672 78 ) (500 -693.987976 78 ) (500 -693.987976 88 ) (500 -672 88 ) 
4 280 281 (500 -598.987976 242 ) (500 -598.987976 78 ) (500 -672 78 ) (500 -672 242 ) 
4 281 290 (404.149994 -630.987976 78 ) (404.149994 -625.987976 78 ) (500 -625.987976 78 ) (500 -630.987976 78 ) 
4 281 291 (404.149994 -661.987976 78 ) (404.149994 -652.987976 78 ) (500 -652.987976 78 ) (500 -661.987976 78 ) 
4 281 287 (404.149994 -603.987976 78 ) (404.149994 -598.987976 78 ) (500 -598.987976 78 ) (500 -603.987976 78 ) 
4 281 283 (404.149994 -672 180 ) (404.149994 -672 88 ) (500 -672 88 ) (500 -672 180 ) 
4 281 282 (404.149994 -672 242 ) (404.149994 -672 180 ) (500 -672 180 ) (500 -672 242 ) 
4 281 284 (404.149994 -672 88 ) (404.149994 -672 78 ) (500 -672 78 ) (500 -672 88 ) 
4 281 285 (404.149994 -598.987976 242 ) (404.149994 -598.987976 78 ) (404.149994 -672 78 ) (404.149994 -672 242 ) 
5 282 346 (500 -693.987976 242 ) (405.093964 -693.987976 242 ) (404.149994 -693.987976 241.055878 ) (404.149994 -693.987976 180 ) (500 -693.987976 180 ) 
4 282 285 (404.149994 -693.987976 180 ) (404.149994 -693.987976 242 ) (404.149994 -672 242 ) (404.149994 -672 180 ) 
4 282 283 (404.149994 -693.987976 180 ) (404.149994 -672 180 ) (500 -672 180 ) (500 -693.987976 180 ) 
4 283 347 (404.149994 -693.987976 180 ) (404.149994 -693.987976 88 ) (500 -693.987976 88 ) (500 -693.987976 180 ) 
4 283 284 (404.149994 -693.987976 88 ) (404.149994 -672 88 ) (500 -672 88 ) (500 -693.987976 88 ) 
4 283 285 (404.149994 -693.987976 88 ) (404.149994 -693.987976 180 ) (404.149994 -672 180 ) (404.149994 -672 88 ) 
4 284 351 (404.149994 -693.987976 81 ) (404.149994 -693.987976 78 ) (500 -693.987976 78 ) (500 -693.987976 81 ) 
4 284 348 (404.149994 -693.987976 88 ) (404.149994 -693.987976 81 ) (500 -693.987976 81 ) (500 -693.987976 88 ) 
4 284 294 (500 -693.987976 78 ) (404.149994 -693.987976 78 ) (404.149994 -687.987976 78 ) (500 -687.987976 78 ) 
4 284 285 (404.149994 -672 78 ) (404.149994 -693.987976 78 ) (404.149994 -693.987976 88 ) (404.149994 -672 88 ) 
4 285 477 (364.100037 -693.987976 78 ) (364.100037 -693.987976 242 ) (364.100037 -686.987976 242 ) (364.100037 -686.987976 78 ) 
4 285 475 (364.100037 -686.987976 242 ) (364.100037 -598.987976 242 ) (364.100037 -598.987976 78 ) (364.100037 -686.987976 78 ) 
4 285 351 (381.100037 -693.987976 78 ) (404.149994 -693.987976 78 ) (404.149994 -693.987976 81 ) (381.100037 -693.987976 81 ) 
3 285 350 (400.089996 -693.987976 242 ) (381.100037 -693.987976 242 ) (381.100037 -693.987976 223.014053 ) 
4 285 349 (381.100037 -693.987976 218.002075 ) (381.100037 -693.987976 81 ) (404.149994 -693.987976 81 ) (404.149994 -693.987976 241.055878 ) 
4 285 294 (404.149994 -693.987976 78 ) (364.100037 -693.987976 78 ) (364.100037 -687.987976 78 ) (404.149994 -687.987976 78 ) 
4 285 290 (367.100037 -625.987976 78 ) (404.149994 -625.987976 78 ) (404.149994 -630.987976 78 ) (367.100037 -630.987976 78 ) 
4 285 291 (404.149994 -652.987976 78 ) (404.149994 -661.987976 78 ) (367.100037 -661.987976 78 ) (367.100037 -652.987976 78 ) 
4 285 292 (364.100037 -661.987976 78 ) (364.100037 -625.987976 78 ) (367.100037 -625.987976 78 ) (367.100037 -661.987976 78 ) 
4 285 287 (368.100037 -598.987976 78 ) (404.149994 -598.987976 78 ) (404.149994 -603.987976 78 ) (368.100037 -603.987976 78 ) 
4 285 288 (364.100037 -625.987976 78 ) (364.100037 -598.987976 78 ) (368.100037 -598.987976 78 ) (368.100037 -625.987976 78 ) 
4 286 463 (776.156494 -625.987976 73 ) (776.156494 -598.987976 73 ) (769.598022 -598.987976 78 ) (769.598022 -625.987976 78 ) 
4 286 297 (549.101990 -598.987976 73 ) (776.152344 -598.987976 73 ) (776.152344 -625.987976 73 ) (549.101990 -625.987976 73 ) 
4 286 289 (549.101990 -625.987976 73 ) (776.152344 -625.987976 73 ) (769.593750 -625.987976 78 ) (549.101990 -625.987976 78 ) 
4 286 287 (549.101990 -603.987976 78 ) (549.101990 -598.987976 78 ) (549.101990 -598.987976 73 ) (549.101990 -603.987976 73 ) 
4 287 302 (395.100037 -598.987976 73 ) (480 -598.987976 73 ) (480 -603.987976 73 ) (395.100037 -603.987976 73 ) 
4 287 305 (368.100037 -598.987976 73 ) (376.100037 -598.987976 73 ) (376.100037 -603.987976 73 ) (368.100037 -603.987976 73 ) 
4 287 297 (536.101990 -598.987976 73 ) (549.101990 -598.987976 73 ) (549.101990 -603.987976 73 ) (536.101990 -603.987976 73 ) 
4 287 299 (480 -598.987976 73 ) (517.101990 -598.987976 73 ) (517.101990 -603.987976 73 ) (480 -603.987976 73 ) 
4 287 288 (368.100037 -603.987976 78 ) (368.100037 -598.987976 78 ) (368.100037 -598.987976 73 ) (368.100037 -603.987976 73 ) 
4 288 475 (364.100037 -625.987976 78 ) (364.100037 -598.987976 78 ) (364.100037 -598.987976 73 ) (364.100037 -625.987976 73 ) 
4 288 305 (364.100037 -625.987976 73 ) (364.100037 -598.987976 73 ) (368.100037 -598.987976 73 ) (368.100037 -625.987976 73 ) 
4 288 290 (367.100037 -625.987976 73 ) (368.100037 -625.987976 73 ) (368.100037 -625.987976 78 ) (367.100037 -625.987976 78 ) 
4 288 292 (364.100037 -625.987976 73 ) (367.100037 -625.987976 73 ) (367.100037 -625.987976 78 ) (364.100037 -625.987976 78 ) 
4 289 463 (776.156494 -661.987976 73 ) (776.156494 -625.987976 73 ) (769.598022 -625.987976 78 ) (769.598022 -661.987976 78 ) 
4 289 297 (548.101990 -625.987976 73 ) (776.152344 -625.987976 73 ) (776.152344 -661.987976 73 ) (548.101990 -661.987976 73 ) 
4 289 293 (550.101990 -661.987976 73 ) (776.152344 -661.987976 73 ) (769.593750 -661.987976 78 ) (550.101990 -661.987976 78 ) 
4 289 290 (548.101990 -625.987976 78 ) (548.101990 -625.987976 73 ) (548.101990 -630.987976 73 ) (548.101990 -630.987976 78 ) 
4 289 291 (548.101990 -652.987976 73 ) (548.101990 -661.987976 73 ) (548.101990 -661.987976 78 ) (548.101990 -652.987976 78 ) 
4 290 302 (395.100037 -625.987976 73 ) (480 -625.987976 73 ) (480 -630.987976 73 ) (395.100037 -630.987976 73 ) 
4 290 305 (367.100037 -625.987976 73 ) (376.100037 -625.987976 73 ) (376.100037 -630.987976 73 ) (367.100037 -630.987976 73 ) 
4 290 297 (536.101990 -625.987976 73 ) (548.101990 -625.987976 73 ) (548.101990 -630.987976 73 ) (536.101990 -630.987976 73 ) 
4 290 299 (480 -625.987976 73 ) (517.101990 -625.987976 73 ) (517.101990 -630.987976 73 ) (480 -630.987976 73 ) 
4 290 292 (367.100037 -625.987976 78 ) (367.100037 -625.987976 73 ) (367.100037 -630.987976 73 ) (367.100037 -630.987976 78 ) 
4 291 302 (480 -661.987976 73 ) (395.100037 -661.987976 73 ) (395.100037 -652.987976 73 ) (480 -652.987976 73 ) 
4 291 305 (376.100037 -661.987976 73 ) (367.100037 -661.987976 73 ) (367.100037 -652.987976 73 ) (376.100037 -652.987976 73 ) 
4 291 297 (548.101990 -652.987976 73 ) (548.101990 -661.987976 73 ) (536.101990 -661.987976 73 ) (536.101990 -652.987976 73 ) 
4 291 299 (517.101990 -661.987976 73 ) (480 -661.987976 73 ) (480 -652.987976 73 ) (517.101990 -652.987976 73 ) 
4 291 292 (367.100037 -652.987976 73 ) (367.100037 -661.987976 73 ) (367.100037 -661.987976 78 ) (367.100037 -652.987976 78 ) 
4 292 475 (364.100037 -661.987976 78 ) (364.100037 -625.987976 78 ) (364.100037 -625.987976 73 ) (364.100037 -661.987976 73 ) 
4 292 305 (364.100037 -661.987976 73 ) (364.100037 -625.987976 73 ) (367.100037 -625.987976 73 ) (367.100037 -661.987976 73 ) 
4 293 464 (769.598022 -693.987976 78 ) (776.156494 -693.987976 73 ) (776.156494 -686.987976 73 ) (769.598022 -686.987976 78 ) 
4 293 463 (776.156494 -686.987976 73 ) (776.156494 -661.987976 73 ) (769.598022 -661.987976 78 ) (769.598022 -686.987976 78 ) 
4 293 307 (776.156494 -693.987976 73 ) (769.598022 -693.987976 78 ) (550.101990 -693.987976 78 ) (550.101990 -693.987976 73 ) 
4 293 297 (776.152344 -693.987976 73 ) (550.101990 -693.987976 73 ) (550.101990 -661.987976 73 ) (776.152344 -661.987976 73 ) 
4 293 294 (550.101990 -687.987976 73 ) (550.101990 -693.987976 73 ) (550.101990 -693.987976 78 ) (550.101990 -687.987976 78 ) 
4 294 477 (364.100037 -693.987976 73 ) (364.100037 -693.987976 78 ) (364.100037 -687.987976 78 ) (364.100037 -687.987976 73 ) 
4 294 309 (548.721313 -693.987976 78 ) (548.101990 -693.987976 78 ) (548.101990 -693.987976 73 ) (548.721313 -693.987976 73 ) 
4 294 307 (550.101990 -693.987976 78 ) (548.721313 -693.987976 78 ) (548.721313 -693.987976 73 ) (550.101990 -693.987976 73 ) 
4 294 302 (480 -693.987976 73 ) (395.100037 -693.987976 73 ) (395.100037 -687.987976 73 ) (480 -687.987976 73 ) 
4 294 305 (376.100037 -693.987976 73 ) (364.100037 -693.987976 73 ) (364.100037 -687.987976 73 ) (376.100037 -687.987976 73 ) 
4 294 297 (550.101990 -693.987976 73 ) (536.101990 -693.987976 73 ) (536.101990 -687.987976 73 ) (550.101990 -687.987976 73 ) 
4 294 299 (517.101990 -693.987976 73 ) (480 -693.987976 73 ) (480 -687.987976 73 ) (517.101990 -687.987976 73 ) 
4 295 543 (480 -415.988007 0 ) (871.907104 -415.988007 0 ) (871.907104 -511.988007 0 ) (480 -511.988007 0 ) 
4 295 462 (871.910156 -415.988007 0 ) (787.961731 -415.988007 64 ) (787.961731 -511.988007 64 ) (871.910156 -511.988007 0 ) 
4 295 300 (480 -415.988007 64 ) (480 -415.988007 61 ) (480 -511.988007 61 ) (480 -511.988007 64 ) 
4 295 304 (480 -415.988007 61 ) (480 -415.988007 0 ) (480 -511.988007 0 ) (480 -511.988007 61 ) 
4 295 296 (480 -511.988007 64 ) (480 -511.988007 0 ) (871.906250 -511.988007 0 ) (787.957642 -511.988007 64 ) 
4 296 543 (871.907104 -511.988007 0 ) (871.907104 -550.987976 0 ) (480 -550.987976 0 ) (480 -511.988007 0 ) 
4 296 463 (776.156494 -511.988007 73 ) (776.156494 -550.987976 73 ) (871.910156 -550.987976 0 ) (871.910156 -511.988007 0 ) 
4 296 300 (480 -511.988007 64 ) (480 -511.988007 61 ) (480 -550.987976 61 ) (480 -550.987976 64 ) 
4 296 304 (480 -511.988007 61 ) (480 -511.988007 0 ) (480 -550.987976 0 ) (480 -550.987976 61 ) 
4 296 298 (517.101990 -550.987976 0 ) (536.101990 -550.987976 0 ) (536.101990 -550.987976 61 ) (517.101990 -550.987976 61 ) 
4 296 297 (536.101990 -550.987976 0 ) (871.906250 -550.987976 0 ) (776.152344 -550.987976 73 ) (536.101990 -550.987976 73 ) 
4 296 299 (480 -550.987976 73 ) (480 -550.987976 0 ) (517.101990 -550.987976 0 ) (517.101990 -550.987976 73 ) 
3 297 550 (871.907104 -576.915588 0 ) (871.907104 -693.987976 0 ) (550.490845 -693.987976 0 ) 
5 297 543 (871.907104 -550.987976 0 ) (871.907104 -576.915588 0 ) (550.490845 -693.987976 0 ) (536.101990 -693.987976 0 ) (536.101990 -550.987976 0 ) 
4 297 464 (776.156494 -686.987976 73 ) (776.156494 -693.987976 73 ) (871.910156 -693.987976 0 ) (871.910156 -686.987976 0 ) 
4 297 463 (776.156494 -550.987976 73 ) (776.156494 -686.987976 73 ) (871.910156 -686.987976 0 ) (871.910156 -550.987976 0 ) 
4 297 316 (548.101990 -693.987976 73 ) (536.101990 -693.987976 73 ) (536.101990 -693.987976 0 ) (548.101990 -693.987976 0 ) 
4 297 309 (548.721313 -693.987976 73 ) (548.101990 -693.987976 73 ) (548.101990 -693.987976 0 ) (548.720703 -693.987976 0 ) 
4 297 307 (871.910156 -693.987976 0 ) (776.156494 -693.987976 73 ) (548.721313 -693.987976 73 ) (548.720703 -693.987976 0 ) 
4 297 298 (536.101990 -550.987976 61 ) (536.101990 -550.987976 0 ) (536.101990 -693.987976 0 ) (536.101990 -693.987976 61 ) 
4 298 543 (536.101990 -693.987976 0 ) (517.101990 -693.987976 0 ) (517.101990 -550.987976 0 ) (536.101990 -550.987976 0 ) 
4 298 344 (517.101990 -693.987976 61 ) (517.101990 -693.987976 0 ) (531.101990 -693.987976 0 ) (531.101990 -693.987976 61 ) 
4 298 319 (531.101990 -693.987976 0 ) (536.101990 -693.987976 0 ) (536.101990 -693.987976 61 ) (531.101990 -693.987976 61 ) 
4 298 299 (517.101990 -550.987976 61 ) (517.101990 -550.987976 0 ) (517.101990 -693.987976 0 ) (517.101990 -693.987976 61 ) 
4 299 543 (517.101990 -693.987976 0 ) (480 -693.987976 0 ) (480 -550.987976 0 ) (517.101990 -550.987976 0 ) 
4 299 353 (517.101990 -693.987976 73 ) (480 -693.987976 73 ) (480 -693.987976 0 ) (517.101990 -693.987976 0 ) 
4 299 302 (480 -693.987976 61 ) (480 -693.987976 73 ) (480 -555.987976 73 ) (480 -555.987976 61 ) 
4 299 300 (480 -550.987976 64 ) (480 -550.987976 61 ) (480 -555.987976 61 ) (480 -555.987976 64 ) 
4 299 304 (480 -693.987976 0 ) (480 -693.987976 61 ) (480 -550.987976 61 ) (480 -550.987976 0 ) 
4 300 302 (395.100037 -555.987976 61 ) (480 -555.987976 61 ) (480 -555.987976 64 ) (395.100037 -555.987976 64 ) 
4 300 301 (395.100037 -415.988007 61 ) (395.100037 -526.987976 61 ) (395.100037 -526.987976 64 ) (395.100037 -415.988007 64 ) 
4 300 304 (395.100037 -415.988007 61 ) (480 -415.988007 61 ) (480 -555.987976 61 ) (395.100037 -555.987976 61 ) 
4 301 303 (384 -415.988007 61 ) (384 -526.987976 61 ) (384 -526.987976 64 ) (384 -415.988007 64 ) 
4 301 304 (384 -415.988007 61 ) (395.100037 -415.988007 61 ) (395.100037 -526.987976 61 ) (384 -526.987976 61 ) 
4 302 353 (480 -693.987976 73 ) (395.100037 -693.987976 73 ) (395.100037 -693.987976 61 ) (480 -693.987976 61 ) 
4 302 304 (480 -555.987976 61 ) (480 -693.987976 61 ) (395.100037 -693.987976 61 ) (395.100037 -555.987976 61 ) 
4 303 305 (376.100037 -526.987976 73 ) (376.100037 -415.988007 73 ) (376.100037 -415.988007 61 ) (376.100037 -526.987976 61 ) 
4 303 304 (376.100037 -526.987976 61 ) (376.100037 -415.988007 61 ) (384 -415.988007 61 ) (384 -526.987976 61 ) 
3 304 544 (378.726929 -693.987976 0 ) (376.100037 -693.987976 0 ) (376.100037 -686.764709 0 ) 
6 304 543 (471.942261 -415.988007 0 ) (480 -415.988007 0 ) (480 -693.987976 0 ) (378.726929 -693.987976 0 ) (376.100037 -686.764709 0 ) (376.100037 -680.622498 0 ) 
3 304 542 (376.100037 -415.988007 0 ) (471.942261 -415.988007 0 ) (376.100037 -680.622498 0 ) 
4 304 355 (376.100037 -693.987976 61 ) (376.100037 -693.987976 0 ) (378.726929 -693.987976 0 ) (378.726929 -693.987976 61 ) 
4 304 354 (378.726929 -693.987976 0 ) (395.100037 -693.987976 0 ) (395.100037 -693.987976 61 ) (378.726929 -693.987976 61 ) 
4 304 353 (395.100037 -693.987976 0 ) (480 -693.987976 0 ) (480 -693.987976 61 ) (395.100037 -693.987976 61 ) 
4 304 305 (376.100037 -693.987976 0 ) (376.100037 -693.987976 61 ) (376.100037 -415.988007 61 ) (376.100037 -415.988007 0 ) 
4 305 544 (376.100037 -686.764709 0 ) (376.100037 -693.987976 0 ) (371.259491 -693.987976 0 ) (374.985474 -683.699951 0 ) 
3 305 543 (376.100037 -680.622437 0 ) (376.100037 -686.764709 0 ) (374.985474 -683.699951 0 ) 
5 305 542 (364.100037 -693.987976 0 ) (364.100037 -415.988007 0 ) (376.100037 -415.988007 0 ) (376.100037 -680.622437 0 ) (371.259491 -693.987976 0 ) 
4 305 477 (364.100037 -686.987976 0 ) (364.100037 -693.987976 0 ) (364.100037 -693.987976 73 ) (364.100037 -686.987976 73 ) 
4 305 474 (364.100037 -578.987976 0 ) (364.100037 -598.987976 0 ) (364.100037 -598.987976 73 ) (364.100037 -578.987976 73 ) 
4 305 472 (364.100037 -447.988007 0 ) (364.100037 -578.987976 0 ) (364.100037 -578.987976 73 ) (364.100037 -447.988007 73 ) 
4 305 475 (364.100037 -598.987976 0 ) (364.100037 -686.987976 0 ) (364.100037 -686.987976 73 ) (364.100037 -598.987976 73 ) 
4 305 470 (364.100037 -447.988007 64 ) (364.100037 -447.988007 73 ) (364.100037 -415.988007 73 ) (364.100037 -415.988007 64 ) 
4 305 471 (364.100037 -415.988007 0 ) (364.100037 -447.988007 0 ) (364.100037 -447.988007 64 ) (364.100037 -415.988007 64 ) 
4 305 357 (376.100037 -693.987976 73 ) (371.259491 -693.987976 73 ) (371.259491 -693.987976 0 ) (376.100037 -693.987976 0 ) 
4 305 356 (371.259491 -693.987976 73 ) (364.100037 -693.987976 73 ) (364.100037 -693.987976 0 ) (371.259491 -693.987976 0 ) 
4 306 466 (557.101257 -940.987976 240.001755 ) (765.662964 -940.987976 81 ) (765.662964 -896.987976 81 ) (557.101685 -896.987976 240.001419 ) 
4 306 465 (554.480164 -832.987976 242 ) (554.480164 -896.987976 242 ) (765.662964 -896.987976 81 ) (765.662964 -832.987976 81 ) 
4 306 464 (557.103882 -832.987976 240 ) (765.662964 -832.987976 81 ) (765.662903 -693.987976 81 ) (557.103210 -693.987976 240 ) 
4 306 416 (765.662903 -940.987976 81 ) (554.480164 -940.987976 242 ) (548.101990 -940.987976 242 ) (548.101990 -940.987976 81 ) 
4 306 334 (548.101990 -940.987976 83 ) (548.101990 -940.987976 219 ) (548.101990 -812.987976 219 ) (548.101990 -812.987976 83 ) 
4 306 332 (548.101990 -940.987976 224 ) (548.101990 -940.987976 242 ) (548.101990 -812.987976 242 ) (548.101990 -812.987976 224 ) 
3 306 321 (548.101990 -700.987976 236 ) (548.101990 -700.987976 83 ) (548.101990 -799.987915 83 ) 
3 306 320 (548.101990 -805.987976 89 ) (548.101990 -805.987976 242 ) (548.101990 -706.987976 242 ) 
3 306 315 (548.101990 -931.113831 81 ) (548.101990 -926.275452 81 ) (550.129333 -931.849731 81 ) 
3 306 314 (553.452881 -940.987976 81 ) (550.542419 -940.987976 81 ) (552 -936.990601 81 ) 
3 306 313 (548.101990 -825.703857 81 ) (548.101990 -820.864014 81 ) (550.129761 -820.129272 81 ) 
5 306 312 (597.930664 -940.987976 81 ) (553.452881 -940.987976 81 ) (548.101990 -926.275452 81 ) (548.101990 -825.703857 81 ) (552 -814.986511 81 ) 
4 306 311 (765.660156 -940.987976 81 ) (597.930664 -940.987976 81 ) (550.131897 -809.860352 81 ) (765.660217 -888.494568 81 ) 
3 306 310 (548.101990 -713.696533 81 ) (548.101990 -708.854126 81 ) (550.135193 -708.110962 81 ) 
4 306 309 (548.101990 -697.119507 81 ) (548.101990 -693.987976 81 ) (548.721375 -693.987976 81 ) (550.131775 -697.859497 81 ) 
4 306 308 (548.101990 -809.119751 81 ) (548.101990 -713.696533 81 ) (552 -702.987915 81 ) (597.187012 -827.028137 81 ) 
4 306 307 (548.721375 -693.987976 81 ) (765.660339 -693.987976 81 ) (765.660217 -888.494568 81 ) (597.187012 -827.028137 81 ) 
5 307 550 (550.490906 -693.987976 0 ) (871.907104 -693.987976 0 ) (871.907104 -829.179993 0 ) (556.012085 -714.002991 0 ) (548.928101 -694.557190 0 ) 
4 307 549 (871.907104 -829.179993 0 ) (871.907104 -890.907410 0 ) (582.005798 -785.356934 0 ) (556.012085 -714.002991 0 ) 
3 307 543 (548.720703 -693.987976 0 ) (550.490906 -693.987976 0 ) (548.928101 -694.557190 0 ) 
4 307 535 (731.481201 -876.024597 0 ) (597.186218 -827.027832 0 ) (582.005798 -785.356934 0 ) (781.231262 -857.893127 0 ) 
3 307 526 (871.907104 -898.941589 0 ) (871.907104 -927.258179 0 ) (833.064636 -913.086731 0 ) 
5 307 525 (871.907104 -890.907410 0 ) (871.907104 -898.941589 0 ) (833.064636 -913.086731 0 ) (731.481201 -876.024597 0 ) (781.231262 -857.893127 0 ) 
3 307 466 (871.910156 -927.259277 0 ) (871.910156 -896.987976 0 ) (788.939819 -896.987976 63.254368 ) 
5 307 465 (871.910156 -896.987976 0 ) (871.910156 -832.987976 0 ) (765.662964 -832.987976 81 ) (765.662964 -888.495544 81 ) (788.939819 -896.987976 63.254368 ) 
4 307 464 (871.910156 -832.987976 0 ) (871.910156 -693.987976 0 ) (765.662903 -693.987976 81 ) (765.662964 -832.987976 81 ) 
4 307 311 (871.911255 -927.256836 0 ) (765.660339 -888.491943 81 ) (597.185913 -827.025146 81 ) (597.185181 -827.024841 0 ) 
4 307 309 (550.131653 -697.859436 81 ) (548.721313 -693.987976 81 ) (548.720642 -693.987976 0 ) (550.130798 -697.858887 0 ) 
4 307 308 (597.184570 -827.023438 0 ) (597.185364 -827.023743 81 ) (552 -702.988037 81 ) (552 -702.989014 0 ) 
3 308 552 (552 -702.988892 0 ) (556.012024 -714.002930 0 ) (548.930359 -711.420959 0 ) 
5 308 549 (556.012024 -714.002930 0 ) (582.005798 -785.356934 0 ) (548.101990 -773.012756 0 ) (548.101990 -713.696533 0 ) (548.930359 -711.420959 0 ) 
4 308 535 (582.005798 -785.356934 0 ) (597.186218 -827.027832 0 ) (548.101990 -809.119690 0 ) (548.101990 -773.012756 0 ) 
4 308 326 (548.101990 -805.987976 0 ) (548.101990 -809.119690 0 ) (548.101990 -809.119751 73 ) (548.101990 -805.987976 73 ) 
4 308 322 (548.101990 -713.696533 0 ) (548.101990 -805.987976 0 ) (548.101990 -805.987976 73 ) (548.101990 -713.696533 73 ) 
4 308 311 (597.185913 -827.025146 81 ) (550.130798 -809.857361 81 ) (550.130371 -809.857239 0 ) (597.185181 -827.024841 0 ) 
4 308 310 (550.135437 -708.112427 0 ) (548.101990 -713.698669 0 ) (548.101990 -713.698669 81 ) (550.136108 -708.110596 81 ) 
4 309 553 (548.928101 -694.557190 0 ) (550.130859 -697.858948 0 ) (548.101990 -697.119263 0 ) (548.101990 -694.858093 0 ) 
4 309 543 (548.101990 -693.987976 0 ) (548.720703 -693.987976 0 ) (548.928101 -694.557190 0 ) (548.101990 -694.858093 0 ) 
4 309 318 (548.101990 -694.858093 0 ) (548.101990 -697.119263 0 ) (548.101990 -697.119507 73 ) (548.101990 -694.858093 73 ) 
4 309 316 (548.101990 -693.987976 73 ) (548.101990 -693.987976 0 ) (548.101990 -694.858093 0 ) (548.101990 -694.858093 73 ) 
4 310 555 (550.134521 -708.112793 0 ) (548.930298 -711.420959 0 ) (548.101990 -711.118958 0 ) (548.101990 -708.855713 0 ) 
3 310 549 (548.930298 -711.420959 0 ) (548.101990 -713.696533 0 ) (548.101990 -711.118958 0 ) 
4 310 325 (548.101990 -708.855713 0 ) (548.101990 -711.118958 0 ) (548.101990 -711.118896 73 ) (548.101990 -708.854309 73 ) 
4 310 322 (548.101990 -711.118958 0 ) (548.101990 -713.696533 0 ) (548.101990 -713.696533 73 ) (548.101990 -711.118896 73 ) 
3 311 537 (592.688416 -926.607910 0 ) (550.131409 -809.860107 0 ) (731.481201 -876.024536 0 ) 
4 311 526 (871.907104 -927.258179 0 ) (871.907104 -940.987976 0 ) (756.447632 -940.987976 0 ) (833.064697 -913.086731 0 ) 
5 311 525 (756.447632 -940.987976 0 ) (597.930237 -940.987976 0 ) (592.688416 -926.607910 0 ) (731.481201 -876.024536 0 ) (833.064697 -913.086731 0 ) 
5 311 466 (765.662964 -940.987976 81 ) (871.910156 -940.987976 0 ) (871.910156 -927.259277 0 ) (788.939819 -896.987976 63.254368 ) (765.662964 -896.987976 81 ) 
3 311 465 (788.939819 -896.987976 63.254368 ) (765.662964 -888.495544 81 ) (765.662964 -896.987976 81 ) 
4 311 417 (871.910156 -940.987976 0 ) (765.662903 -940.987976 81 ) (597.930664 -940.987976 81 ) (597.930237 -940.987976 0 ) 
4 311 312 (552 -814.990234 0 ) (597.927368 -940.987976 0 ) (597.927734 -940.987976 81 ) (552 -814.989685 81 ) 
5 312 538 (548.101990 -842.670227 0 ) (548.101990 -825.703857 0 ) (552 -814.987000 0 ) (592.688416 -926.607910 0 ) (580.370239 -931.097290 0 ) 
3 312 533 (552 -936.989624 0 ) (548.932495 -928.556763 0 ) (556.011536 -925.979492 0 ) 
5 312 531 (548.932495 -928.556763 0 ) (548.101990 -926.273315 0 ) (548.101990 -842.670227 0 ) (567.249146 -895.140686 0 ) (556.011536 -925.979492 0 ) 
4 312 528 (553.427612 -940.916504 0 ) (552 -936.989624 0 ) (567.249146 -895.140686 0 ) (580.370239 -931.097290 0 ) 
4 312 525 (597.930237 -940.987976 0 ) (568.555969 -940.987976 0 ) (570.898010 -934.549438 0 ) (592.688416 -926.607910 0 ) 
4 312 524 (568.555969 -940.987976 0 ) (553.453613 -940.987976 0 ) (553.427612 -940.916504 0 ) (570.898010 -934.549438 0 ) 
4 312 417 (597.930664 -940.987976 81 ) (553.452881 -940.987976 81 ) (553.453613 -940.987976 0 ) (597.930237 -940.987976 0 ) 
4 312 337 (548.101990 -825.703796 0 ) (548.101990 -842.670227 0 ) (548.101990 -842.669678 73 ) (548.101990 -825.703857 73 ) 
4 312 335 (548.101990 -842.670227 0 ) (548.101990 -926.273315 0 ) (548.101990 -926.275269 73 ) (548.101990 -842.669678 73 ) 
4 312 315 (550.131836 -931.850586 81 ) (548.101990 -926.269531 81 ) (548.101990 -926.267395 0 ) (550.132690 -931.850891 0 ) 
4 312 314 (553.455872 -940.987976 0 ) (553.455078 -940.987976 81 ) (552 -936.987610 81 ) (552 -936.986511 0 ) 
4 312 313 (550.129150 -820.129517 0 ) (548.101990 -825.702393 0 ) (548.101990 -825.702393 81 ) (550.129150 -820.129456 81 ) 
3 313 539 (548.101990 -825.703857 0 ) (548.101990 -820.864014 0 ) (550.129761 -820.129272 0 ) 
4 313 337 (548.101990 -820.864014 0 ) (548.101990 -825.703796 0 ) (548.101990 -825.703857 73 ) (548.101990 -820.864014 73 ) 
3 314 528 (553.453613 -940.987976 0 ) (550.542419 -940.987976 0 ) (552 -936.989624 0 ) 
4 314 419 (553.231506 -940.987976 81 ) (550.542419 -940.987976 81 ) (550.542419 -940.987976 0 ) (553.231506 -940.987976 0 ) 
4 314 417 (553.452881 -940.987976 81 ) (553.231506 -940.987976 81 ) (553.231506 -940.987976 0 ) (553.453613 -940.987976 0 ) 
4 315 534 (548.101990 -931.113831 0 ) (548.101990 -928.859131 0 ) (548.932495 -928.556824 0 ) (550.130188 -931.850037 0 ) 
3 315 531 (548.101990 -928.859131 0 ) (548.101990 -926.273315 0 ) (548.932495 -928.556824 0 ) 
4 315 341 (548.101990 -928.859131 0 ) (548.101990 -931.113831 0 ) (548.101990 -931.113831 73 ) (548.101990 -928.859558 73 ) 
4 315 335 (548.101990 -926.273315 0 ) (548.101990 -928.859131 0 ) (548.101990 -928.859558 73 ) (548.101990 -926.275269 73 ) 
4 316 543 (536.101990 -693.987976 0 ) (548.101990 -693.987976 0 ) (548.101990 -694.858093 0 ) (536.101990 -699.229004 0 ) 
4 316 319 (536.101990 -693.987976 61 ) (536.101990 -693.987976 0 ) (536.101990 -699.229004 0 ) (536.101990 -699.229004 61 ) 
4 316 318 (548.101990 -694.857422 0 ) (548.101990 -694.857422 73 ) (544.998352 -695.987915 73 ) (544.998718 -695.987793 0 ) 
4 316 317 (539.868408 -697.856567 73 ) (536.101990 -699.228516 73 ) (536.101990 -699.228516 0 ) (539.867126 -697.857056 0 ) 
4 317 551 (538.728882 -700.987976 0 ) (536.101990 -700.987976 0 ) (536.101990 -699.229004 0 ) (539.866882 -697.857666 0 ) 
4 317 323 (536.101990 -700.987976 0 ) (538.728882 -700.987976 0 ) (538.729980 -700.987976 73 ) (536.101990 -700.987976 73 ) 
4 317 319 (536.101990 -699.229004 0 ) (536.101990 -700.987976 0 ) (536.101990 -700.987976 61 ) (536.101990 -699.229004 61 ) 
3 318 553 (548.101990 -694.858093 0 ) (548.101990 -697.119202 0 ) (545 -695.988159 0 ) 
3 319 551 (536.101990 -699.229004 0 ) (536.101990 -700.987976 0 ) (531.272827 -700.987976 0 ) 
5 319 543 (531.101990 -693.987976 0 ) (536.101990 -693.987976 0 ) (536.101990 -699.229004 0 ) (531.272827 -700.987976 0 ) (531.101990 -700.987976 0 ) 
4 319 344 (531.101990 -693.987976 61 ) (531.101990 -693.987976 0 ) (531.101990 -700.987976 0 ) (531.101990 -700.987976 61 ) 
4 319 331 (531.101990 -700.987976 61 ) (531.101990 -700.987976 0 ) (536.101990 -700.987976 0 ) (536.101990 -700.987976 61 ) 
4 322 549 (548.101990 -711.118896 0 ) (548.101990 -773.012817 0 ) (536.101990 -768.643738 0 ) (536.101990 -706.743652 0 ) 
3 322 536 (539.518188 -805.987976 0 ) (536.101990 -805.987976 0 ) (536.101990 -804.741577 0 ) 
5 322 535 (548.101990 -773.012817 0 ) (548.101990 -805.987976 0 ) (539.518188 -805.987976 0 ) (536.101990 -804.741577 0 ) (536.101990 -768.643738 0 ) 
4 322 331 (536.101990 -706.743652 0 ) (536.101990 -805.987976 0 ) (536.101990 -805.987976 61 ) (536.101990 -706.743652 61 ) 
4 322 327 (536.101990 -805.987976 73 ) (536.101990 -805.987976 0 ) (539.518188 -805.987976 0 ) (539.518188 -805.987976 73 ) 
4 322 326 (539.518188 -805.987976 0 ) (548.101990 -805.987976 0 ) (548.101990 -805.987976 73 ) (539.518188 -805.987976 73 ) 
4 322 325 (545 -709.988281 73 ) (548.101990 -711.119385 73 ) (548.101990 -711.119385 0 ) (545.001648 -709.989014 0 ) 
4 322 324 (536.574646 -706.916504 73 ) (539.866150 -708.116577 73 ) (539.866150 -708.116577 0 ) (536.573669 -706.916138 0 ) 
4 322 323 (536.101990 -706.744141 0 ) (536.101990 -706.744141 73 ) (536.574646 -706.916504 73 ) (536.573669 -706.916138 0 ) 
4 323 551 (536.573853 -706.915710 0 ) (536.101990 -706.743652 0 ) (536.101990 -700.987976 0 ) (538.728882 -700.987976 0 ) 
4 323 331 (536.101990 -700.987976 61 ) (536.101990 -700.987976 0 ) (536.101990 -706.743652 0 ) (536.101990 -706.743652 61 ) 
4 323 324 (536.576172 -706.914429 73 ) (536.575195 -706.914063 0 ) (538.001160 -702.991150 0 ) (538.001709 -702.992676 73 ) 
3 324 554 (539.865967 -708.116028 0 ) (536.573853 -706.915710 0 ) (538 -702.990417 0 ) 
3 325 555 (548.101990 -708.855713 0 ) (548.101990 -711.118896 0 ) (545.002258 -709.988708 0 ) 
3 326 535 (548.101990 -805.987976 0 ) (548.101990 -809.119751 0 ) (539.518188 -805.987976 0 ) 
4 326 328 (545 -807.987671 73 ) (541.058533 -806.549438 73 ) (541.058533 -806.549438 0 ) (545 -807.987671 0 ) 
4 326 327 (541.058533 -806.549438 73 ) (539.519531 -805.987976 73 ) (539.519531 -805.987976 0 ) (541.058533 -806.549438 0 ) 
6 327 536 (538.724915 -812.987976 0 ) (537.270508 -812.987976 0 ) (536.101990 -809.785767 0 ) (536.101990 -805.987976 0 ) (539.518188 -805.987976 0 ) (541.058411 -806.549927 0 ) 
3 327 531 (537.270508 -812.987976 0 ) (536.101990 -812.987976 0 ) (536.101990 -809.785767 0 ) 
4 327 336 (537.270508 -812.987976 0 ) (538.724915 -812.987976 0 ) (538.724915 -812.987976 73 ) (537.270752 -812.987976 73 ) 
4 327 335 (536.101990 -812.987976 0 ) (537.270508 -812.987976 0 ) (537.270752 -812.987976 73 ) (536.101990 -812.987976 73 ) 
4 327 331 (536.101990 -805.987976 0 ) (536.101990 -812.987976 0 ) (536.101990 -812.987976 61 ) (536.101990 -805.987976 61 ) 
4 327 328 (541.058594 -806.550781 0 ) (541.058594 -806.550781 73 ) (539.860291 -809.856873 73 ) (539.860291 -809.856873 0 ) 
3 328 541 (539.859741 -809.857056 0 ) (541.058411 -806.549927 0 ) (545 -807.987976 0 ) 
4 329 413 (531.101990 -805.987976 242 ) (531.101990 -706.987976 242 ) (531.101990 -722.517395 218 ) (531.101990 -805.987976 218 ) 
3 329 343 (531.101990 -722.517395 218 ) (531.101990 -805.987976 89 ) (531.101990 -805.987976 218 ) 
3 330 413 (531.101990 -700.987976 236 ) (531.101990 -700.987976 218 ) (531.101990 -712.635010 218 ) 
4 330 343 (531.101990 -700.987976 218 ) (531.101990 -700.987976 83 ) (531.101990 -799.987915 83 ) (531.101990 -712.635010 218 ) 
4 331 551 (531.101990 -704.920654 0 ) (531.101990 -700.987976 0 ) (536.101990 -700.987976 0 ) (536.101990 -706.743652 0 ) 
4 331 549 (531.101990 -766.823303 0 ) (531.101990 -704.920654 0 ) (536.101990 -706.743652 0 ) (536.101990 -768.643738 0 ) 
3 331 536 (536.101990 -804.741577 0 ) (536.101990 -809.785767 0 ) (533.978638 -803.966919 0 ) 
5 331 535 (531.101990 -796.083862 0 ) (531.101990 -766.823303 0 ) (536.101990 -768.643738 0 ) (536.101990 -804.741577 0 ) (533.978638 -803.966919 0 ) 
4 331 531 (536.101990 -812.987976 0 ) (531.101990 -812.987976 0 ) (531.101990 -796.083862 0 ) (536.101990 -809.785767 0 ) 
4 331 344 (531.101990 -700.987976 0 ) (531.101990 -812.987976 0 ) (531.101990 -812.987976 61 ) (531.101990 -700.987976 61 ) 
4 331 342 (531.101990 -812.987976 61 ) (531.101990 -812.987976 0 ) (536.101990 -812.987976 0 ) (536.101990 -812.987976 61 ) 
4 333 415 (531.101990 -940.987976 224 ) (531.101990 -940.987976 242 ) (531.101990 -812.987976 242 ) (531.101990 -812.987976 224 ) 
4 334 415 (531.101990 -940.987976 218 ) (531.101990 -940.987976 219 ) (531.101990 -812.987976 219 ) (531.101990 -812.987976 218 ) 
4 334 343 (531.101990 -940.987976 83 ) (531.101990 -940.987976 218 ) (531.101990 -812.987976 218 ) (531.101990 -812.987976 83 ) 
6 335 531 (548.101990 -842.670227 0 ) (548.101990 -928.859192 0 ) (536.571716 -933.057007 0 ) (536.101990 -931.764160 0 ) (536.101990 -812.987976 0 ) (537.270508 -812.987976 0 ) 
3 335 529 (536.571716 -933.057007 0 ) (536.101990 -933.228027 0 ) (536.101990 -931.764160 0 ) 
4 335 342 (536.101990 -812.987976 61 ) (536.101990 -812.987976 0 ) (536.101990 -933.228027 0 ) (536.101990 -933.228333 61 ) 
4 335 341 (545 -929.987976 0 ) (548.101990 -928.858704 0 ) (548.101990 -928.859070 73 ) (545 -929.988159 73 ) 
4 335 340 (536.571594 -933.056580 0 ) (539.863892 -931.857971 0 ) (539.863892 -931.858276 73 ) (536.571716 -933.056885 73 ) 
4 335 339 (536.101990 -933.227905 73 ) (536.101990 -933.227539 0 ) (536.571594 -933.056580 0 ) (536.571716 -933.056885 73 ) 
4 335 338 (539.874695 -820.120361 73 ) (541.075134 -823.410156 73 ) (541.074890 -823.410156 0 ) (539.874390 -820.120300 0 ) 
4 335 337 (541.075134 -823.410156 73 ) (548.101990 -842.667053 73 ) (548.101990 -842.667603 0 ) (541.074890 -823.410156 0 ) 
4 335 336 (537.271851 -812.987976 0 ) (537.272095 -812.987976 73 ) (538 -814.985352 73 ) (538 -814.985718 0 ) 
3 336 536 (538 -814.987427 0 ) (537.270508 -812.987976 0 ) (538.724854 -812.987976 0 ) 
4 337 539 (548.101990 -820.864014 0 ) (548.101990 -825.703918 0 ) (545.011292 -834.200623 0 ) (541.073853 -823.410583 0 ) 
3 337 538 (548.101990 -825.703918 0 ) (548.101990 -842.670227 0 ) (545.011292 -834.200623 0 ) 
4 337 338 (541.074158 -823.410217 0 ) (541.074341 -823.410156 73 ) (545 -821.987854 73 ) (545 -821.987854 0 ) 
3 338 540 (545 -821.987976 0 ) (541.073853 -823.410583 0 ) (539.872986 -820.119690 0 ) 
4 339 529 (539.453308 -940.987976 0 ) (536.101990 -940.987976 0 ) (536.101990 -933.228027 0 ) (536.571716 -933.057007 0 ) 
4 339 421 (536.101990 -940.987976 0 ) (539.453308 -940.987976 0 ) (539.453308 -940.987976 73 ) (536.101990 -940.987976 73 ) 
4 339 342 (536.101990 -940.987976 0 ) (536.101990 -940.987976 61 ) (536.101990 -933.228333 61 ) (536.101990 -933.228027 0 ) 
4 339 340 (536.572144 -933.058289 0 ) (536.572266 -933.058594 73 ) (538 -936.988525 73 ) (538 -936.988342 0 ) 
3 340 532 (538 -936.988281 0 ) (536.571716 -933.057007 0 ) (539.863647 -931.858521 0 ) 
3 341 534 (548.101990 -928.859192 0 ) (548.101990 -931.113831 0 ) (545 -929.988220 0 ) 
4 342 531 (531.101990 -918.002625 0 ) (531.101990 -812.987976 0 ) (536.101990 -812.987976 0 ) (536.101990 -931.764099 0 ) 
4 342 529 (536.101990 -940.987976 0 ) (531.101990 -940.987976 0 ) (531.101990 -918.002625 0 ) (536.101990 -931.764099 0 ) 
4 342 430 (531.101990 -940.987976 61 ) (531.101990 -940.987976 0 ) (536.101990 -940.987976 0 ) (536.101990 -940.987976 61 ) 
4 342 344 (531.101990 -812.987976 0 ) (531.101990 -940.987976 0 ) (531.101990 -940.987976 61 ) (531.101990 -812.987976 61 ) 
4 343 436 (531.101990 -940.987976 83 ) (531.101990 -940.987976 213 ) (517.101990 -940.987976 213 ) (517.101990 -940.987976 83 ) 
3 343 431 (531.101990 -940.987976 218 ) (517.101990 -940.987976 232 ) (517.101990 -940.987976 218 ) 
4 343 415 (517.101990 -940.987976 232 ) (531.101990 -940.987976 218 ) (531.101990 -812.987976 218 ) (517.101990 -812.987976 232 ) 
4 343 413 (531.101990 -805.987976 218 ) (531.101990 -700.987976 218 ) (517.101990 -700.987976 232 ) (517.101990 -805.987976 232 ) 
4 343 373 (517.101990 -940.987976 78 ) (517.101990 -940.987976 83 ) (517.101990 -700.987976 83 ) (517.101990 -700.987976 78 ) 
4 343 359 (517.101990 -940.987976 83 ) (517.101990 -940.987976 232 ) (517.101990 -700.987976 232 ) (517.101990 -700.987976 83 ) 
4 343 351 (517.101990 -693.987976 81 ) (517.101990 -693.987976 78 ) (517.101990 -700.987976 78 ) (517.101990 -700.987976 81 ) 
4 343 345 (517.101990 -700.987976 232 ) (517.101990 -693.987976 232 ) (517.101990 -693.987976 81 ) (517.101990 -700.987976 81 ) 
3 344 551 (531.101990 -701.050171 0 ) (531.101990 -704.920654 0 ) (525.791565 -702.984436 0 ) 
5 344 549 (531.101990 -704.920654 0 ) (531.101990 -766.823303 0 ) (517.101990 -761.726013 0 ) (517.101990 -706.149536 0 ) (525.791565 -702.984436 0 ) 
4 344 543 (517.101990 -693.987976 0 ) (531.101990 -693.987976 0 ) (531.101990 -701.050171 0 ) (517.101990 -706.149536 0 ) 
3 344 535 (531.101990 -766.823303 0 ) (531.101990 -796.083862 0 ) (518.788391 -762.340027 0 ) 
5 344 531 (531.101990 -796.083862 0 ) (531.101990 -918.002625 0 ) (517.101990 -879.470581 0 ) (517.101990 -761.726013 0 ) (518.788391 -762.340027 0 ) 
4 344 529 (531.101990 -918.002625 0 ) (531.101990 -940.987976 0 ) (517.101990 -940.987976 0 ) (517.101990 -879.470581 0 ) 
4 344 451 (517.101990 -940.987976 0 ) (531.101990 -940.987976 0 ) (531.101990 -940.987976 61 ) (517.101990 -940.987976 61 ) 
4 344 374 (517.101990 -940.987976 0 ) (517.101990 -940.987976 61 ) (517.101990 -700.987976 61 ) (517.101990 -700.987976 0 ) 
4 344 353 (517.101990 -700.987976 61 ) (517.101990 -693.987976 61 ) (517.101990 -693.987976 0 ) (517.101990 -700.987976 0 ) 
4 345 373 (517.101990 -700.987976 81 ) (517.101990 -700.987976 83 ) (500 -700.987976 83 ) (500 -700.987976 81 ) 
5 345 359 (517.101990 -700.987976 83 ) (517.101990 -700.987976 231.996094 ) (507.098083 -700.987976 242 ) (500 -700.987976 242 ) (500 -700.987976 83 ) 
4 345 351 (517.101990 -700.987976 81 ) (500 -700.987976 81 ) (500 -693.987976 81 ) (517.101990 -693.987976 81 ) 
4 345 347 (500 -700.987976 88 ) (500 -700.987976 180 ) (500 -693.987976 180 ) (500 -693.987976 88 ) 
4 345 346 (500 -700.987976 180 ) (500 -700.987976 242 ) (500 -693.987976 242 ) (500 -693.987976 180 ) 
4 345 348 (500 -693.987976 81 ) (500 -700.987976 81 ) (500 -700.987976 88 ) (500 -693.987976 88 ) 
5 346 360 (500 -700.987976 242 ) (405.093964 -700.987976 242 ) (404.149994 -700.987976 241.055878 ) (404.149994 -700.987976 180 ) (500 -700.987976 180 ) 
4 346 349 (404.149994 -700.987976 180 ) (404.149994 -700.987976 241.052719 ) (404.149994 -693.987976 241.052719 ) (404.149994 -693.987976 180 ) 
4 346 347 (404.149994 -700.987976 180 ) (404.149994 -693.987976 180 ) (500 -693.987976 180 ) (500 -700.987976 180 ) 
4 347 361 (404.149994 -700.987976 180 ) (404.149994 -700.987976 88 ) (500 -700.987976 88 ) (500 -700.987976 180 ) 
4 347 348 (404.149994 -700.987976 88 ) (404.149994 -693.987976 88 ) (500 -693.987976 88 ) (500 -700.987976 88 ) 
4 347 349 (404.149994 -700.987976 88 ) (404.149994 -700.987976 180 ) (404.149994 -693.987976 180 ) (404.149994 -693.987976 88 ) 
4 348 373 (404.149994 -700.987976 83 ) (404.149994 -700.987976 81 ) (500 -700.987976 81 ) (500 -700.987976 83 ) 
4 348 362 (404.149994 -700.987976 88 ) (404.149994 -700.987976 83 ) (500 -700.987976 83 ) (500 -700.987976 88 ) 
4 348 351 (500 -700.987976 81 ) (404.149994 -700.987976 81 ) (404.149994 -693.987976 81 ) (500 -693.987976 81 ) 
4 348 349 (404.149994 -693.987976 81 ) (404.149994 -700.987976 81 ) (404.149994 -700.987976 88 ) (404.149994 -693.987976 88 ) 
4 349 376 (381.100037 -700.987976 83 ) (381.100037 -700.987976 81 ) (395.100037 -700.987976 81 ) (395.100037 -700.987976 83 ) 
4 349 373 (395.100037 -700.987976 81 ) (404.149994 -700.987976 81 ) (404.149994 -700.987976 83 ) (395.100037 -700.987976 83 ) 
4 349 363 (404.149994 -700.987976 241.055878 ) (381.100037 -700.987976 218.002075 ) (381.100037 -700.987976 83 ) (404.149994 -700.987976 83 ) 
3 349 352 (388.712494 -700.987976 81 ) (381.100037 -700.987976 81 ) (381.100037 -698.212219 81 ) 
5 349 351 (404.149994 -700.987976 81 ) (388.712494 -700.987976 81 ) (381.100037 -698.212219 81 ) (381.100037 -693.987976 81 ) (404.149994 -693.987976 81 ) 
3 350 364 (400.106018 -700.987976 242 ) (381.100037 -700.987976 242 ) (381.100037 -700.987976 222.998047 ) 
4 351 377 (395.100037 -700.987976 81 ) (388.712524 -700.987976 81 ) (388.712524 -700.987976 78 ) (395.100037 -700.987976 78 ) 
4 351 373 (517.101990 -700.987976 78 ) (517.101990 -700.987976 81 ) (395.100037 -700.987976 81 ) (395.100037 -700.987976 78 ) 
4 351 352 (388.718750 -700.987976 81 ) (381.100037 -698.211060 81 ) (381.100037 -698.211792 78 ) (388.713684 -700.987976 78 ) 
4 352 377 (388.712524 -700.987976 81 ) (381.100037 -700.987976 81 ) (381.100037 -700.987976 78 ) (388.712524 -700.987976 78 ) 
4 353 543 (395.100037 -693.987976 0 ) (517.101990 -693.987976 0 ) (517.101990 -700.987976 0 ) (395.100037 -700.987976 0 ) 
4 353 374 (517.101990 -700.987976 0 ) (517.101990 -700.987976 73 ) (395.100037 -700.987976 73 ) (395.100037 -700.987976 0 ) 
4 353 354 (395.100037 -700.987976 0 ) (395.100037 -700.987976 61 ) (395.100037 -693.987976 61 ) (395.100037 -693.987976 0 ) 
4 354 543 (378.726929 -693.987976 0 ) (395.100037 -693.987976 0 ) (395.100037 -700.987976 0 ) (381.272644 -700.987976 0 ) 
4 354 380 (381.272644 -700.987976 0 ) (395.100037 -700.987976 0 ) (395.100037 -700.987976 61 ) (381.272644 -700.987976 61 ) 
4 354 355 (380.136414 -697.860901 61 ) (378.727966 -693.987976 61 ) (378.727966 -693.987976 0 ) (380.136414 -697.860901 0 ) 
4 355 544 (376.100037 -693.987976 0 ) (378.726929 -693.987976 0 ) (380.135254 -697.860474 0 ) (376.100037 -696.389099 0 ) 
4 355 357 (376.100037 -696.389099 61 ) (376.100037 -693.987976 61 ) (376.100037 -693.987976 0 ) (376.100037 -696.389099 0 ) 
4 356 542 (364.100037 -700.987976 0 ) (364.100037 -693.987976 0 ) (371.259491 -693.987976 0 ) (368.724304 -700.987976 0 ) 
4 356 477 (364.100037 -693.987976 0 ) (364.100037 -700.987976 0 ) (364.100037 -700.987976 73 ) (364.100037 -693.987976 73 ) 
4 356 375 (364.100037 -700.987976 73 ) (364.100037 -700.987976 0 ) (368.724304 -700.987976 0 ) (368.724304 -700.987976 73 ) 
4 356 358 (371.056793 -694.550171 73 ) (369.857086 -697.862732 73 ) (369.857819 -697.860718 0 ) (371.056793 -694.550171 0 ) 
4 356 357 (371.260406 -693.987976 0 ) (371.260406 -693.987976 73 ) (371.056793 -694.550171 73 ) (371.056793 -694.550171 0 ) 
4 357 544 (371.259491 -693.987976 0 ) (376.100037 -693.987976 0 ) (376.100037 -696.389099 0 ) (371.055969 -694.549927 0 ) 
4 357 358 (371.060547 -694.551758 73 ) (371.060547 -694.551758 0 ) (375.002838 -695.989868 0 ) (375.005249 -695.990784 73 ) 
3 358 548 (369.856750 -697.861084 0 ) (371.055969 -694.549927 0 ) (375.003998 -695.989441 0 ) 
4 359 436 (500 -940.987976 213 ) (500 -940.987976 83 ) (517.101990 -940.987976 83 ) (517.101990 -940.987976 213 ) 
5 359 431 (507.101959 -940.987976 242 ) (500 -940.987976 242 ) (500 -940.987976 218 ) (517.101990 -940.987976 218 ) (517.101990 -940.987976 232 ) 
4 359 415 (507.101929 -940.987976 242 ) (517.101990 -940.987976 232 ) (517.101990 -812.987976 232 ) (507.101959 -812.987976 242 ) 
4 359 413 (517.101990 -805.987976 232 ) (517.101990 -700.987976 232 ) (507.101990 -700.987976 242 ) (507.101959 -805.987976 242 ) 
4 359 373 (500 -700.987976 83 ) (517.101990 -700.987976 83 ) (517.101990 -940.987976 83 ) (500 -940.987976 83 ) 
4 359 361 (500 -940.987976 88 ) (500 -940.987976 180 ) (500 -700.987976 180 ) (500 -700.987976 88 ) 
4 359 360 (500 -940.987976 180 ) (500 -940.987976 242 ) (500 -700.987976 242 ) (500 -700.987976 180 ) 
4 359 362 (500 -700.987976 83 ) (500 -940.987976 83 ) (500 -940.987976 88 ) (500 -700.987976 88 ) 
4 360 437 (404.149994 -940.987976 213 ) (404.149994 -940.987976 180 ) (500 -940.987976 180 ) (500 -940.987976 213 ) 
5 360 431 (500 -940.987976 242 ) (405.093964 -940.987976 242 ) (404.149994 -940.987976 241.055878 ) (404.149994 -940.987976 218 ) (500 -940.987976 218 ) 
4 360 364 (405.094666 -700.987976 242 ) (404.149994 -700.987976 241.055191 ) (404.149994 -805.987976 241.055191 ) (405.094666 -805.987976 242 ) 
4 360 366 (404.149994 -812.987976 241.055191 ) (404.149994 -940.987976 241.055191 ) (405.094666 -940.987976 242 ) (405.094666 -812.987976 242 ) 
4 360 363 (404.149994 -940.987976 180 ) (404.149994 -940.987976 241.052719 ) (404.149994 -700.987976 241.052719 ) (404.149994 -700.987976 180 ) 
4 360 361 (404.149994 -940.987976 180 ) (404.149994 -700.987976 180 ) (500 -700.987976 180 ) (500 -940.987976 180 ) 
4 361 438 (404.149994 -940.987976 180 ) (404.149994 -940.987976 88 ) (500 -940.987976 88 ) (500 -940.987976 180 ) 
4 361 362 (404.149994 -940.987976 88 ) (404.149994 -700.987976 88 ) (500 -700.987976 88 ) (500 -940.987976 88 ) 
4 361 363 (404.149994 -940.987976 88 ) (404.149994 -940.987976 180 ) (404.149994 -700.987976 180 ) (404.149994 -700.987976 88 ) 
4 362 439 (404.149994 -940.987976 88 ) (404.149994 -940.987976 83 ) (500 -940.987976 83 ) (500 -940.987976 88 ) 
4 362 373 (404.149994 -700.987976 83 ) (500 -700.987976 83 ) (500 -940.987976 83 ) (404.149994 -940.987976 83 ) 
4 362 363 (404.149994 -700.987976 83 ) (404.149994 -940.987976 83 ) (404.149994 -940.987976 88 ) (404.149994 -700.987976 88 ) 
4 363 441 (381.100037 -940.987976 213 ) (381.100037 -940.987976 83 ) (404.149994 -940.987976 83 ) (404.149994 -940.987976 213 ) 
4 363 431 (404.149994 -940.987976 241.055878 ) (381.100037 -940.987976 218.002075 ) (381.100037 -940.987976 218 ) (404.149994 -940.987976 218 ) 
4 363 387 (395.100037 -812.987976 83 ) (395.100037 -940.987976 83 ) (381.100037 -940.987976 83 ) (381.100037 -812.987976 83 ) 
4 363 386 (395.100037 -805.987976 83 ) (395.100037 -812.987976 83 ) (381.100037 -812.987976 83 ) (381.100037 -805.987976 83 ) 
4 363 376 (381.100037 -700.987976 83 ) (395.100037 -700.987976 83 ) (395.100037 -805.987976 83 ) (381.100037 -805.987976 83 ) 
4 363 373 (395.100037 -700.987976 83 ) (404.149994 -700.987976 83 ) (404.149994 -940.987976 83 ) (395.100037 -940.987976 83 ) 
4 363 371 (381.100037 -812.987976 83 ) (381.100037 -940.987976 83 ) (381.100037 -940.987976 218.002075 ) (381.100037 -812.987976 218.002075 ) 
3 363 368 (381.100037 -805.987976 89 ) (381.100037 -805.987976 218.002075 ) (381.100037 -722.516052 218.002075 ) 
4 363 367 (381.100037 -700.987976 218.002075 ) (381.100037 -700.987976 83 ) (381.100037 -799.987915 83 ) (381.100037 -712.633667 218.002075 ) 
4 363 364 (404.149994 -700.987976 241.055191 ) (381.100037 -700.987976 218.001938 ) (381.100037 -805.987976 218.001938 ) (404.149994 -805.987976 241.055191 ) 
4 363 366 (381.100037 -812.987976 218.001938 ) (381.100037 -940.987976 218.001938 ) (404.149994 -940.987976 241.055191 ) (404.149994 -812.987976 241.055191 ) 
4 364 368 (381.100037 -722.516052 218.002075 ) (381.100037 -805.987976 218.002075 ) (381.100037 -805.987976 242 ) (381.100037 -706.987976 242 ) 
3 364 367 (381.100037 -700.987976 236 ) (381.100037 -700.987976 218.002075 ) (381.100037 -712.633667 218.002075 ) 
3 364 365 (381.100037 -805.987976 242 ) (381.100037 -805.987976 223.010056 ) (400.093018 -805.987976 242 ) 
3 365 366 (381.100037 -812.987976 242 ) (381.100037 -812.987976 222.998047 ) (400.105011 -812.987976 242 ) 
3 366 432 (400.106995 -940.987976 242 ) (381.100037 -940.987976 242 ) (381.100037 -940.987976 223.003052 ) 
4 366 371 (381.100037 -812.987976 218.002075 ) (381.100037 -940.987976 218.002075 ) (381.100037 -940.987976 242 ) (381.100037 -812.987976 242 ) 
3 369 477 (364.100037 -700.987976 236 ) (364.100037 -700.987976 83 ) (364.100037 -799.987915 83 ) 
3 370 477 (364.100037 -805.987976 242 ) (364.100037 -706.987976 242 ) (364.100037 -805.987976 89 ) 
4 372 477 (364.100037 -940.987976 83 ) (364.100037 -940.987976 242 ) (364.100037 -812.987976 242 ) (364.100037 -812.987976 83 ) 
4 373 394 (395.100037 -940.987976 78 ) (395.100037 -940.987976 81 ) (395.100037 -937.318726 81 ) (395.100037 -937.318665 78 ) 
4 373 393 (395.100037 -937.318726 81 ) (395.100037 -850.942383 81 ) (395.100037 -850.942383 78 ) (395.100037 -937.318665 78 ) 
4 373 392 (395.100037 -850.942383 81 ) (395.100037 -812.987976 81 ) (395.100037 -812.987976 78 ) (395.100037 -850.942383 78 ) 
4 373 388 (395.100037 -812.987976 81 ) (395.100037 -805.987976 81 ) (395.100037 -805.987976 78 ) (395.100037 -812.987976 78 ) 
4 373 387 (395.100037 -940.987976 81 ) (395.100037 -940.987976 83 ) (395.100037 -812.987976 83 ) (395.100037 -812.987976 81 ) 
4 373 386 (395.100037 -812.987976 83 ) (395.100037 -805.987976 83 ) (395.100037 -805.987976 81 ) (395.100037 -812.987976 81 ) 
4 373 378 (395.100037 -739.009521 78 ) (395.100037 -805.987976 78 ) (395.100037 -805.987976 81 ) (395.100037 -739.009521 81 ) 
4 373 377 (395.100037 -700.987976 81 ) (395.100037 -700.987976 78 ) (395.100037 -739.009521 78 ) (395.100037 -739.009521 81 ) 
4 373 376 (395.100037 -805.987976 83 ) (395.100037 -700.987976 83 ) (395.100037 -700.987976 81 ) (395.100037 -805.987976 81 ) 
3 374 574 (427.908264 -940.987976 0 ) (395.100037 -940.987976 0 ) (395.100037 -850.942383 0 ) 
3 374 549 (517.101990 -706.149536 0 ) (517.101990 -761.725952 0 ) (440.795441 -733.943420 0 ) 
5 374 543 (395.100037 -700.987976 0 ) (517.101990 -700.987976 0 ) (517.101990 -706.149536 0 ) (440.795441 -733.943420 0 ) (395.100037 -717.306152 0 ) 
3 374 531 (517.101990 -761.725952 0 ) (517.101990 -879.470520 0 ) (467.799347 -743.775330 0 ) 
6 374 529 (517.101990 -879.470520 0 ) (517.101990 -940.987976 0 ) (427.908264 -940.987976 0 ) (395.100037 -850.942383 0 ) (395.100037 -717.306152 0 ) (467.799347 -743.775330 0 ) 
4 374 452 (395.100037 -940.987976 0 ) (517.101990 -940.987976 0 ) (517.101990 -940.987976 73 ) (395.100037 -940.987976 73 ) 
4 374 400 (395.100037 -940.987976 0 ) (395.100037 -940.987976 61 ) (395.100037 -937.318604 61 ) (395.100037 -937.318237 0 ) 
4 374 398 (395.100037 -850.942383 61 ) (395.100037 -850.942383 0 ) (395.100037 -937.318237 0 ) (395.100037 -937.318604 61 ) 
4 374 397 (395.100037 -812.987976 61 ) (395.100037 -812.987976 0 ) (395.100037 -850.942383 0 ) (395.100037 -850.942383 61 ) 
4 374 390 (395.100037 -805.987976 61 ) (395.100037 -805.987976 0 ) (395.100037 -812.987976 0 ) (395.100037 -812.987976 61 ) 
4 374 381 (395.100037 -739.009521 61 ) (395.100037 -739.009521 0 ) (395.100037 -805.987976 0 ) (395.100037 -805.987976 61 ) 
4 374 380 (395.100037 -700.987976 61 ) (395.100037 -700.987976 0 ) (395.100037 -739.009521 0 ) (395.100037 -739.009521 61 ) 
4 375 542 (364.100037 -706.019287 0 ) (364.100037 -700.987976 0 ) (368.724304 -700.987976 0 ) (366.575653 -706.920715 0 ) 
3 375 529 (364.100037 -713.756226 0 ) (364.100037 -706.019287 0 ) (366.575653 -706.920715 0 ) 
4 375 477 (364.100037 -700.987976 0 ) (364.100037 -713.756226 0 ) (364.100037 -713.756226 73 ) (364.100037 -700.987976 73 ) 
4 375 384 (368 -702.989136 73 ) (366.576111 -706.920837 73 ) (366.576111 -706.920837 0 ) (368 -702.988953 0 ) 
4 375 383 (366.576111 -706.920837 73 ) (364.100037 -713.757690 73 ) (364.100037 -713.757690 0 ) (366.576111 -706.920837 0 ) 
4 376 386 (395.100037 -805.987976 81 ) (395.100037 -805.987976 83 ) (381.100037 -805.987976 83 ) (381.100037 -805.987976 81 ) 
4 376 379 (381.100037 -707.766785 81 ) (381.100037 -705.460632 81 ) (382 -702.987976 81 ) (383.429474 -706.918640 81 ) 
5 376 378 (395.100037 -805.987976 81 ) (381.100037 -805.987976 81 ) (381.100037 -707.766785 81 ) (383.429474 -706.918640 81 ) (395.100037 -739.009521 81 ) 
3 376 377 (381.272644 -700.987976 81 ) (395.100037 -700.987976 81 ) (395.100037 -739.009521 81 ) 
4 377 379 (382 -702.988464 78 ) (383.429169 -706.918762 78 ) (383.430359 -706.918274 81 ) (382 -702.986511 81 ) 
4 377 378 (383.429169 -706.918762 78 ) (395.100037 -739.010376 78 ) (395.100037 -739.006958 81 ) (383.430359 -706.918274 81 ) 
4 378 388 (395.100037 -805.987976 78 ) (395.100037 -805.987976 81 ) (381.100037 -805.987976 81 ) (381.100037 -805.987976 78 ) 
4 378 379 (383.425781 -706.917969 81 ) (383.425781 -706.917969 78 ) (381.100037 -707.764832 78 ) (381.100037 -707.764954 81 ) 
4 380 543 (381.272644 -700.987976 0 ) (395.100037 -700.987976 0 ) (395.100037 -717.306152 0 ) (386.002533 -713.993835 0 ) 
3 380 529 (395.100037 -717.306152 0 ) (395.100037 -739.009521 0 ) (386.002533 -713.993835 0 ) 
4 380 382 (383.430359 -706.918274 61 ) (382 -702.986511 61 ) (382 -702.986511 0 ) (383.430359 -706.918274 0 ) 
4 380 381 (395.100037 -739.006958 0 ) (395.100037 -739.006958 61 ) (383.430359 -706.918274 61 ) (383.430359 -706.918274 0 ) 
3 381 575 (378.720856 -805.987976 0 ) (376.100037 -805.987976 0 ) (376.100037 -798.794861 0 ) 
4 381 545 (383.429474 -706.918640 0 ) (386.002533 -713.993835 0 ) (376.100037 -710.388489 0 ) (376.100037 -709.587463 0 ) 
6 381 529 (386.002533 -713.993835 0 ) (395.100037 -739.009521 0 ) (395.100037 -805.987976 0 ) (378.720856 -805.987976 0 ) (376.100037 -798.794861 0 ) (376.100037 -710.388489 0 ) 
4 381 391 (378.720856 -805.987976 61 ) (376.100037 -805.987976 61 ) (376.100037 -805.987976 0 ) (378.720856 -805.987976 0 ) 
4 381 390 (395.100037 -805.987976 0 ) (395.100037 -805.987976 61 ) (378.720856 -805.987976 61 ) (378.720856 -805.987976 0 ) 
4 381 385 (376.100037 -710.388489 61 ) (376.100037 -709.587463 61 ) (376.100037 -709.587463 0 ) (376.100037 -710.388489 0 ) 
4 381 383 (376.100037 -805.987976 0 ) (376.100037 -805.987976 61 ) (376.100037 -710.388489 61 ) (376.100037 -710.388489 0 ) 
4 381 382 (380.133179 -708.117126 61 ) (383.425781 -706.917969 61 ) (383.425781 -706.917969 0 ) (380.133179 -708.117126 0 ) 
3 382 547 (382 -702.987976 0 ) (383.429474 -706.918640 0 ) (380.132385 -708.119202 0 ) 
4 383 575 (374.977203 -795.713135 0 ) (376.100037 -798.794861 0 ) (376.100037 -805.987976 0 ) (371.257874 -805.987976 0 ) 
4 383 571 (364.100037 -805.987976 0 ) (364.100037 -785.248169 0 ) (371.451111 -805.454102 0 ) (371.257874 -805.987976 0 ) 
4 383 567 (364.100037 -785.248169 0 ) (364.100037 -765.859619 0 ) (374.977203 -795.713135 0 ) (371.451111 -805.454102 0 ) 
5 383 529 (364.100037 -765.859619 0 ) (364.100037 -713.756226 0 ) (366.575653 -706.920715 0 ) (376.100037 -710.388428 0 ) (376.100037 -798.794861 0 ) 
4 383 477 (364.100037 -713.756226 0 ) (364.100037 -805.987976 0 ) (364.100037 -805.987976 73 ) (364.100037 -713.756226 73 ) 
4 383 403 (371.257874 -805.987976 0 ) (376.100037 -805.987976 0 ) (376.100037 -805.987976 73 ) (371.257874 -805.987976 73 ) 
4 383 402 (364.100037 -805.987976 73 ) (364.100037 -805.987976 0 ) (371.257874 -805.987976 0 ) (371.257874 -805.987976 73 ) 
4 383 385 (374.997284 -709.989014 73 ) (376.100037 -710.390625 73 ) (376.100037 -710.390625 0 ) (374.997284 -709.989014 0 ) 
4 383 384 (366.570313 -706.919922 0 ) (366.570313 -706.919922 73 ) (369.874054 -708.123108 73 ) (369.874207 -708.123169 0 ) 
3 384 546 (366.575653 -706.920715 0 ) (368 -702.988220 0 ) (369.873566 -708.121460 0 ) 
3 385 545 (376.100037 -709.587463 0 ) (376.100037 -710.388428 0 ) (375 -709.987976 0 ) 
3 386 389 (388.711761 -812.987976 81 ) (381.100037 -812.987976 81 ) (381.100037 -810.212341 81 ) 
5 386 388 (381.100037 -805.987976 81 ) (395.100037 -805.987976 81 ) (395.100037 -812.987976 81 ) (388.711761 -812.987976 81 ) (381.100037 -810.212341 81 ) 
4 386 387 (381.100037 -812.987976 81 ) (395.100037 -812.987976 81 ) (395.100037 -812.987976 83 ) (381.100037 -812.987976 83 ) 
4 387 396 (382 -814.987915 81 ) (383.431030 -818.915588 81 ) (381.100037 -819.764893 81 ) (381.100037 -817.465149 81 ) 
4 387 395 (381.100037 -934.512268 81 ) (381.100037 -932.212708 81 ) (383.429047 -933.062134 81 ) (382 -936.987976 81 ) 
5 387 394 (395.100037 -937.318726 81 ) (395.100037 -940.987976 81 ) (381.100037 -940.987976 81 ) (381.100037 -939.460388 81 ) (383.429047 -933.062134 81 ) 
5 387 393 (383.431030 -818.915588 81 ) (395.100037 -850.942383 81 ) (395.100037 -937.318726 81 ) (381.100037 -932.212708 81 ) (381.100037 -819.764893 81 ) 
3 387 392 (381.271301 -812.987976 81 ) (395.100037 -812.987976 81 ) (395.100037 -850.942383 81 ) 
4 388 392 (395.100037 -812.987976 78 ) (395.100037 -812.987976 81 ) (388.711761 -812.987976 81 ) (388.711761 -812.987976 78 ) 
4 388 389 (381.100037 -810.211670 78 ) (388.714844 -812.987976 78 ) (388.714844 -812.987976 81 ) (381.100037 -810.211182 81 ) 
4 389 392 (388.711761 -812.987976 81 ) (381.100037 -812.987976 81 ) (381.100037 -812.987976 78 ) (388.711761 -812.987976 78 ) 
4 390 529 (378.720856 -805.987976 0 ) (395.100037 -805.987976 0 ) (395.100037 -812.987976 0 ) (381.271301 -812.987976 0 ) 
4 390 397 (395.100037 -812.987976 0 ) (395.100037 -812.987976 61 ) (381.271301 -812.987976 61 ) (381.271301 -812.987976 0 ) 
4 390 391 (380.131531 -809.859192 61 ) (378.721039 -805.987976 61 ) (378.721039 -805.987976 0 ) (380.131531 -809.859192 0 ) 
4 391 575 (376.100037 -805.987976 0 ) (378.720856 -805.987976 0 ) (380.131287 -809.859070 0 ) (376.100037 -808.389099 0 ) 
4 391 403 (376.100037 -805.987976 61 ) (376.100037 -805.987976 0 ) (376.100037 -808.389099 0 ) (376.100037 -808.389099 61 ) 
4 392 396 (382 -814.987732 78 ) (383.431213 -818.915527 78 ) (383.431213 -818.915466 81 ) (382 -814.987732 81 ) 
4 392 393 (383.431213 -818.915527 78 ) (395.100037 -850.941589 78 ) (395.100037 -850.941406 81 ) (383.431213 -818.915466 81 ) 
4 393 396 (383.435486 -818.912903 81 ) (383.435486 -818.912903 78 ) (381.100037 -819.763489 78 ) (381.100037 -819.763306 81 ) 
4 393 395 (381.100037 -932.212036 78 ) (383.429260 -933.061523 78 ) (383.429260 -933.061523 81 ) (381.100037 -932.212036 81 ) 
4 393 394 (383.429260 -933.061523 78 ) (395.100037 -937.318054 78 ) (395.100037 -937.318054 81 ) (383.429260 -933.061523 81 ) 
4 394 395 (383.429169 -933.062805 81 ) (383.429199 -933.062805 78 ) (382 -936.988525 78 ) (382 -936.988647 81 ) 
3 397 529 (395.100037 -812.987976 0 ) (395.100037 -850.942383 0 ) (381.271301 -812.987976 0 ) 
4 397 399 (383.431610 -818.915405 61 ) (382 -814.987061 61 ) (382 -814.987061 0 ) (383.431641 -818.915527 0 ) 
4 397 398 (395.100037 -850.940613 0 ) (395.100037 -850.940613 61 ) (383.431610 -818.915405 61 ) (383.431641 -818.915527 0 ) 
6 398 574 (395.100037 -850.942383 0 ) (395.100037 -937.318237 0 ) (386.280884 -934.101746 0 ) (376.100037 -906.128784 0 ) (376.100037 -821.586853 0 ) (383.431091 -818.915710 0 ) 
5 398 564 (383.429565 -933.061829 0 ) (376.100037 -930.388611 0 ) (376.100037 -929.588623 0 ) (383.641754 -926.850464 0 ) (384.666077 -929.664917 0 ) 
3 398 562 (376.100037 -929.588623 0 ) (376.100037 -906.128784 0 ) (383.641754 -926.850464 0 ) 
3 398 560 (386.280884 -934.101746 0 ) (383.429565 -933.061829 0 ) (384.666077 -929.664917 0 ) 
4 398 411 (376.100037 -929.588623 0 ) (376.100037 -930.388611 0 ) (376.100037 -930.388977 61 ) (376.100037 -929.588623 61 ) 
4 398 406 (376.100037 -821.586853 0 ) (376.100037 -929.588623 0 ) (376.100037 -929.588623 61 ) (376.100037 -821.586670 61 ) 
4 398 401 (383.428619 -933.063416 61 ) (380.136963 -931.862915 61 ) (380.136841 -931.862488 0 ) (383.429016 -933.063232 0 ) 
4 398 400 (395.100037 -937.319885 0 ) (395.100037 -937.320251 61 ) (383.428619 -933.063416 61 ) (383.429016 -933.063232 0 ) 
4 398 399 (380.137115 -820.115723 61 ) (383.429688 -818.916016 61 ) (383.429749 -818.916138 0 ) (380.137024 -820.115906 0 ) 
3 399 578 (382 -814.987915 0 ) (383.431091 -818.915710 0 ) (380.137024 -820.115967 0 ) 
4 400 574 (395.100037 -937.318237 0 ) (395.100037 -940.987976 0 ) (388.787170 -940.987976 0 ) (386.280884 -934.101746 0 ) 
4 400 560 (388.787170 -940.987976 0 ) (380.544373 -940.987976 0 ) (383.429596 -933.061829 0 ) (386.280884 -934.101746 0 ) 
4 400 453 (380.544373 -940.987976 0 ) (395.100037 -940.987976 0 ) (395.100037 -940.987976 61 ) (380.544067 -940.987976 61 ) 
4 400 401 (383.429291 -933.062744 61 ) (383.429688 -933.062500 0 ) (382 -936.989258 0 ) (382 -936.988831 61 ) 
3 401 565 (380.136139 -931.860657 0 ) (383.429596 -933.061829 0 ) (382 -936.988525 0 ) 
4 402 571 (364.100037 -812.987976 0 ) (364.100037 -805.987976 0 ) (371.257874 -805.987976 0 ) (368.723907 -812.987976 0 ) 
4 402 477 (364.100037 -805.987976 0 ) (364.100037 -812.987976 0 ) (364.100037 -812.987976 73 ) (364.100037 -805.987976 73 ) 
4 402 405 (364.100037 -812.987976 73 ) (364.100037 -812.987976 0 ) (368.723907 -812.987976 0 ) (368.723907 -812.987976 73 ) 
4 402 404 (371.055664 -806.549622 73 ) (369.858124 -809.857239 73 ) (369.858124 -809.857239 0 ) (371.055664 -806.549622 0 ) 
4 402 403 (371.259033 -805.987976 0 ) (371.259033 -805.987976 73 ) (371.055664 -806.549622 73 ) (371.055664 -806.549622 0 ) 
4 403 575 (371.257874 -805.987976 0 ) (376.100037 -805.987976 0 ) (376.100037 -808.389099 0 ) (371.054657 -806.549316 0 ) 
4 403 404 (371.052734 -806.548828 73 ) (371.052734 -806.548828 0 ) (375 -807.987915 0 ) (375 -807.987915 73 ) 
3 404 577 (369.857086 -809.857544 0 ) (371.054657 -806.549316 0 ) (375 -807.987976 0 ) 
3 405 571 (364.100037 -825.761597 0 ) (364.100037 -812.987976 0 ) (368.723907 -812.987976 0 ) 
4 405 477 (364.100037 -812.987976 0 ) (364.100037 -825.761536 0 ) (364.100037 -825.761597 73 ) (364.100037 -812.987976 73 ) 
4 405 408 (368 -814.988037 73 ) (366.577881 -818.915710 73 ) (366.577881 -818.915710 0 ) (368 -814.987854 0 ) 
4 405 407 (366.577881 -818.915710 73 ) (364.100037 -825.760803 73 ) (364.100037 -825.760803 0 ) (366.577881 -818.915710 0 ) 
4 406 574 (364.100037 -873.157288 0 ) (364.100037 -825.959106 0 ) (376.100037 -821.586853 0 ) (376.100037 -906.128723 0 ) 
5 406 562 (364.100037 -926.286926 0 ) (364.100037 -873.157288 0 ) (376.100037 -906.128723 0 ) (376.100037 -929.588623 0 ) (366.564972 -933.050415 0 ) 
3 406 556 (364.100037 -933.945313 0 ) (364.100037 -926.286926 0 ) (366.564972 -933.050415 0 ) 
4 406 477 (364.100037 -825.761536 0 ) (364.100037 -933.945313 0 ) (364.100037 -933.945313 73 ) (364.100037 -825.761597 73 ) 
4 406 411 (376.100037 -929.589783 0 ) (376.100037 -929.589783 73 ) (375.001740 -929.988525 73 ) (375.002380 -929.988281 0 ) 
4 406 410 (369.863190 -931.854126 73 ) (366.565338 -933.051453 73 ) (366.565338 -933.051453 0 ) (369.862793 -931.854248 0 ) 
4 406 409 (366.565338 -933.051453 73 ) (364.100037 -933.946533 73 ) (364.100037 -933.946533 0 ) (366.565338 -933.051453 0 ) 
4 406 407 (364.100037 -825.957153 0 ) (364.100037 -825.956970 73 ) (374.996643 -821.986755 73 ) (374.996826 -821.986877 0 ) 
4 407 576 (364.100037 -825.959106 0 ) (364.100037 -825.761597 0 ) (366.578094 -818.915833 0 ) (375 -821.987854 0 ) 
4 407 408 (369.870728 -820.115417 0 ) (366.578125 -818.914063 0 ) (366.578125 -818.914063 73 ) (369.870575 -820.115295 73 ) 
3 408 579 (366.578094 -818.915833 0 ) (368 -814.988220 0 ) (369.871368 -820.117188 0 ) 
4 409 556 (364.100037 -940.987976 0 ) (364.100037 -933.945313 0 ) (366.564972 -933.050415 0 ) (369.457764 -940.987976 0 ) 
4 409 477 (364.100037 -933.945313 0 ) (364.100037 -940.987976 0 ) (364.100037 -940.987976 73 ) (364.100037 -933.945313 73 ) 
4 409 456 (364.100037 -940.987976 73 ) (364.100037 -940.987976 0 ) (369.457764 -940.987976 0 ) (369.457764 -940.987976 73 ) 
4 409 410 (366.564453 -933.050781 0 ) (366.564453 -933.050781 73 ) (368 -936.988770 73 ) (368 -936.988342 0 ) 
3 410 566 (366.564972 -933.050415 0 ) (369.863281 -931.852905 0 ) (368 -936.987488 0 ) 
3 411 564 (375 -929.987732 0 ) (376.100037 -929.588623 0 ) (376.100037 -930.388611 0 ) 
3 412 413 (531.101990 -700.987976 223 ) (531.101990 -700.987976 242 ) (512.101990 -700.987976 242 ) 
3 413 414 (531.101990 -805.987976 223 ) (531.101990 -805.987976 242 ) (512.101990 -805.987976 242 ) 
3 414 415 (531.101990 -812.987976 223 ) (531.101990 -812.987976 242 ) (512.101990 -812.987976 242 ) 
3 415 433 (531.101990 -940.987976 242 ) (512.101929 -940.987976 242 ) (531.101990 -940.987976 223 ) 
4 416 607 (548.101990 -1024 83 ) (548.101990 -1024 81 ) (765.660339 -1024 81 ) (763.036987 -1024 83 ) 
4 416 605 (554.478577 -1024 242 ) (548.101990 -1024 242 ) (548.101990 -1024 83 ) (763.036987 -1024 83 ) 
4 416 466 (557.100464 -1024 240.002380 ) (765.662964 -1024 81 ) (765.662903 -940.987976 81 ) (557.101257 -940.987976 240.001755 ) 
3 416 424 (548.101990 -1014.989990 83 ) (548.101990 -1014.989990 236 ) (548.101990 -953.987976 83 ) 
3 416 423 (548.101990 -1008.989990 242 ) (548.101990 -947.987976 242 ) (548.101990 -947.987976 89 ) 
3 416 419 (550.542419 -940.987976 81 ) (553.231567 -940.987976 81 ) (550.130554 -942.118164 81 ) 
3 416 418 (550.127747 -1019.859497 81 ) (561.484375 -1024 81 ) (551.638733 -1024 81 ) 
6 416 417 (548.101990 -1019.120911 81 ) (548.101990 -942.857483 81 ) (553.231567 -940.987976 81 ) (765.660339 -940.987976 81 ) (765.660339 -1024 81 ) (561.484375 -1024 81 ) 
4 417 611 (561.485962 -1024 0 ) (871.907104 -1024 0 ) (765.660339 -1024 81 ) (561.484375 -1024 81 ) 
6 417 526 (871.907104 -1024 0 ) (561.485962 -1024 0 ) (548.101990 -1019.120300 0 ) (548.101990 -1016.860352 0 ) (756.447693 -940.987976 0 ) (871.907104 -940.987976 0 ) 
4 417 525 (548.101990 -1016.860352 0 ) (548.101990 -997.219177 0 ) (568.556030 -940.987976 0 ) (756.447693 -940.987976 0 ) 
4 417 524 (548.101990 -997.219177 0 ) (548.101990 -942.857483 0 ) (553.231567 -940.987976 0 ) (568.556030 -940.987976 0 ) 
4 417 466 (765.662964 -1024 81 ) (871.910156 -1024 0 ) (871.910156 -940.987976 0 ) (765.662903 -940.987976 81 ) 
4 417 427 (548.101990 -1016.860413 0 ) (548.101990 -1019.120361 0 ) (548.101990 -1019.120850 73 ) (548.101990 -1016.860291 73 ) 
4 417 426 (548.101990 -997.219116 0 ) (548.101990 -1016.860413 0 ) (548.101990 -1016.860291 73 ) (548.101990 -997.218262 73 ) 
4 417 425 (548.101990 -947.987976 0 ) (548.101990 -997.219116 0 ) (548.101990 -997.218262 73 ) (548.101990 -947.987976 73 ) 
4 417 420 (548.101990 -942.857483 0 ) (548.101990 -947.987976 0 ) (548.101990 -947.987976 73 ) (548.101990 -942.857483 73 ) 
4 417 419 (550.131409 -942.115845 81 ) (553.226135 -940.987976 81 ) (553.226135 -940.987976 0 ) (550.131409 -942.115845 0 ) 
4 417 418 (561.494751 -1024 81 ) (550.126221 -1019.855225 81 ) (550.125977 -1019.854492 0 ) (561.496277 -1024 0 ) 
4 418 613 (551.638733 -1024 0 ) (552.362061 -1024 0 ) (552.362061 -1024 81 ) (551.638733 -1024 81 ) 
4 418 611 (552.362061 -1024 0 ) (561.485962 -1024 0 ) (561.484375 -1024 81 ) (552.362061 -1024 81 ) 
3 418 527 (561.485962 -1024 0 ) (551.638733 -1024 0 ) (550.127563 -1019.858826 0 ) 
3 419 528 (550.542419 -940.987976 0 ) (553.231567 -940.987976 0 ) (550.130554 -942.118164 0 ) 
4 420 524 (536.101990 -947.987976 0 ) (536.101990 -947.230896 0 ) (548.101990 -942.857483 0 ) (548.101990 -947.987976 0 ) 
4 420 430 (536.101990 -947.230896 0 ) (536.101990 -947.987976 0 ) (536.101990 -947.987976 61 ) (536.101990 -947.230896 61 ) 
4 420 425 (536.101990 -947.987976 73 ) (536.101990 -947.987976 0 ) (548.101990 -947.987976 0 ) (548.101990 -947.987976 73 ) 
4 420 422 (541.063904 -945.420654 73 ) (545.001099 -943.985718 73 ) (545 -943.986206 0 ) (541.063904 -945.420654 0 ) 
4 420 421 (536.101990 -947.229004 0 ) (536.101990 -947.229004 73 ) (541.063904 -945.420654 73 ) (541.063904 -945.420654 0 ) 
4 421 529 (536.101990 -947.230896 0 ) (536.101990 -940.987976 0 ) (539.453308 -940.987976 0 ) (541.064514 -945.422302 0 ) 
4 421 430 (536.101990 -940.987976 61 ) (536.101990 -940.987976 0 ) (536.101990 -947.230896 0 ) (536.101990 -947.230896 61 ) 
4 421 422 (541.064453 -945.425781 73 ) (541.064453 -945.425781 0 ) (539.862793 -942.118835 0 ) (539.862366 -942.117676 73 ) 
3 422 530 (545.002319 -943.987183 0 ) (541.064514 -945.422302 0 ) (539.864441 -942.119446 0 ) 
4 425 620 (537.638733 -1024 0 ) (538.360535 -1024 0 ) (538.360168 -1024 73 ) (537.638733 -1024 73 ) 
4 425 619 (536.101990 -1024 73 ) (536.101990 -1024 0 ) (537.638733 -1024 0 ) (537.638733 -1024 73 ) 
5 425 524 (538.360535 -1024 0 ) (536.101990 -1024 0 ) (536.101990 -947.987976 0 ) (548.101990 -947.987976 0 ) (548.101990 -997.219238 0 ) 
4 425 430 (536.101990 -947.987976 0 ) (536.101990 -1024 0 ) (536.101990 -1024 61 ) (536.101990 -947.987976 61 ) 
4 425 426 (548.101990 -997.220337 0 ) (548.101990 -997.219360 73 ) (539.866760 -1019.859314 73 ) (539.867188 -1019.859131 0 ) 
3 426 525 (539.866638 -1019.859436 0 ) (548.101990 -997.219238 0 ) (548.101990 -1016.860352 0 ) 
4 426 427 (545.002563 -1017.990234 0 ) (548.101990 -1016.861572 0 ) (548.101990 -1016.861572 73 ) (545.001831 -1017.990540 73 ) 
3 427 526 (545 -1017.989685 0 ) (548.101990 -1016.860352 0 ) (548.101990 -1019.120361 0 ) 
3 428 436 (531.101990 -947.987976 213 ) (531.101990 -947.987976 89 ) (531.101990 -997.427490 213 ) 
4 428 435 (531.101990 -947.987976 218 ) (531.101990 -947.987976 213 ) (531.101990 -997.427490 213 ) (531.101990 -999.421021 218 ) 
4 428 434 (531.101990 -1008.989990 242 ) (531.101990 -947.987976 242 ) (531.101990 -947.987976 218 ) (531.101990 -999.421021 218 ) 
4 429 436 (531.101990 -1014.989990 83 ) (531.101990 -1014.989990 213 ) (531.101990 -1005.819763 213 ) (531.101990 -953.987976 83 ) 
4 429 435 (531.101990 -1014.989990 213 ) (531.101990 -1014.989990 218 ) (531.101990 -1007.813293 218 ) (531.101990 -1005.819763 213 ) 
3 429 434 (531.101990 -1014.989990 218 ) (531.101990 -1014.989990 236 ) (531.101990 -1007.813293 218 ) 
4 430 621 (531.101990 -1024 61 ) (531.101990 -1024 0 ) (536.101990 -1024 0 ) (536.101990 -1024 61 ) 
4 430 529 (531.101990 -949.053162 0 ) (531.101990 -940.987976 0 ) (536.101990 -940.987976 0 ) (536.101990 -947.230835 0 ) 
4 430 524 (536.101990 -1024 0 ) (531.101990 -1024 0 ) (531.101990 -949.053162 0 ) (536.101990 -947.230835 0 ) 
4 430 451 (531.101990 -940.987976 61 ) (531.101990 -940.987976 0 ) (531.101990 -1024 0 ) (531.101990 -1024 61 ) 
5 431 434 (381.100037 -947.987976 218.003906 ) (381.100037 -947.987976 218 ) (531.101990 -947.987976 218 ) (507.101959 -947.987976 242 ) (405.093750 -947.987976 242 ) 
3 432 434 (381.100037 -947.987976 242 ) (381.100037 -947.987976 223 ) (400.109985 -947.987976 242 ) 
3 433 434 (531.101990 -947.987976 223 ) (531.101990 -947.987976 242 ) (512.101929 -947.987976 242 ) 
3 434 449 (400.103973 -1014.989990 242 ) (381.100037 -1014.989990 242 ) (381.100037 -1014.989990 222.998062 ) 
5 434 448 (531.101990 -1014.989990 218 ) (507.101959 -1014.989990 242 ) (405.093964 -1014.989990 242 ) (381.100037 -1014.989990 218.002075 ) (381.100037 -1014.989990 218 ) 
3 434 447 (531.101990 -1014.989990 223 ) (531.101990 -1014.989990 242 ) (512.101929 -1014.989990 242 ) 
3 434 444 (381.100037 -1007.813293 218 ) (381.100037 -1014.989990 218 ) (381.100037 -1014.989990 236 ) 
4 434 443 (381.100037 -947.987976 218 ) (381.100037 -999.422241 218 ) (381.100037 -1008.989929 242 ) (381.100037 -947.987976 242 ) 
4 434 435 (531.101990 -1014.989990 218 ) (381.100037 -1014.989990 218 ) (381.100037 -947.987976 218 ) (531.101990 -947.987976 218 ) 
4 435 448 (531.101990 -1014.989990 213 ) (531.101990 -1014.989990 218 ) (381.100037 -1014.989990 218 ) (381.100037 -1014.989990 213 ) 
4 435 444 (381.100037 -1005.819763 213 ) (381.100037 -1014.989990 213 ) (381.100037 -1014.989990 218 ) (381.100037 -1007.813293 218 ) 
4 435 443 (381.100037 -947.987976 213 ) (381.100037 -997.428955 213 ) (381.100037 -999.422241 218 ) (381.100037 -947.987976 218 ) 
4 435 437 (404.149994 -1004 213 ) (404.149994 -947.987976 213 ) (500 -947.987976 213 ) (500 -1004 213 ) 
4 435 440 (500 -1014.989990 213 ) (404.149994 -1014.989990 213 ) (404.149994 -1004 213 ) (500 -1004 213 ) 
4 435 436 (531.101990 -1014.989990 213 ) (500 -1014.989990 213 ) (500 -947.987976 213 ) (531.101990 -947.987976 213 ) 
4 435 441 (404.149994 -1014.989990 213 ) (381.100037 -1014.989990 213 ) (381.100037 -947.987976 213 ) (404.149994 -947.987976 213 ) 
4 436 448 (531.101990 -1014.989990 83 ) (531.101990 -1014.989990 213 ) (500 -1014.989990 213 ) (500 -1014.989990 83 ) 
4 436 442 (531.101990 -1014.989990 83 ) (500 -1014.989990 83 ) (500 -947.987976 83 ) (531.101990 -947.987976 83 ) 
4 436 438 (500 -1004 88 ) (500 -1004 180 ) (500 -940.987976 180 ) (500 -940.987976 88 ) 
4 436 437 (500 -1004 180 ) (500 -1004 213 ) (500 -940.987976 213 ) (500 -940.987976 180 ) 
4 436 439 (500 -940.987976 83 ) (500 -1004 83 ) (500 -1004 88 ) (500 -940.987976 88 ) 
4 436 440 (500 -1004 83 ) (500 -1014.989990 83 ) (500 -1014.989990 213 ) (500 -1004 213 ) 
4 437 441 (404.149994 -1004 180 ) (404.149994 -1004 213 ) (404.149994 -940.987976 213 ) (404.149994 -940.987976 180 ) 
4 437 440 (404.149994 -1004 213 ) (404.149994 -1004 180 ) (500 -1004 180 ) (500 -1004 213 ) 
4 437 438 (500 -1004 180 ) (404.149994 -1004 180 ) (404.149994 -940.987976 180 ) (500 -940.987976 180 ) 
4 438 439 (500 -1004 88 ) (404.149994 -1004 88 ) (404.149994 -940.987976 88 ) (500 -940.987976 88 ) 
4 438 441 (404.149994 -1004 88 ) (404.149994 -1004 180 ) (404.149994 -940.987976 180 ) (404.149994 -940.987976 88 ) 
4 438 440 (404.149994 -1004 180 ) (404.149994 -1004 88 ) (500 -1004 88 ) (500 -1004 180 ) 
4 439 442 (404.149994 -1004 83 ) (404.149994 -947.987976 83 ) (500 -947.987976 83 ) (500 -1004 83 ) 
4 439 440 (404.149994 -1004 88 ) (404.149994 -1004 83 ) (500 -1004 83 ) (500 -1004 88 ) 
4 439 441 (404.149994 -940.987976 83 ) (404.149994 -1004 83 ) (404.149994 -1004 88 ) (404.149994 -940.987976 88 ) 
4 440 448 (500 -1014.989990 213 ) (404.149994 -1014.989990 213 ) (404.149994 -1014.989990 83 ) (500 -1014.989990 83 ) 
4 440 442 (500 -1014.989990 83 ) (404.149994 -1014.989990 83 ) (404.149994 -1004 83 ) (500 -1004 83 ) 
4 440 441 (404.149994 -1004 83 ) (404.149994 -1014.989990 83 ) (404.149994 -1014.989990 213 ) (404.149994 -1004 213 ) 
4 441 448 (404.149994 -1014.989990 213 ) (381.100037 -1014.989990 213 ) (381.100037 -1014.989990 83 ) (404.149994 -1014.989990 83 ) 
4 441 444 (381.100037 -953.987976 83 ) (381.100037 -1014.989990 83 ) (381.100037 -1014.989990 213 ) (381.100037 -1005.819763 213 ) 
3 441 443 (381.100037 -997.428955 213 ) (381.100037 -947.987976 213 ) (381.100037 -947.987976 88.980507 ) 
4 441 442 (404.149994 -1014.989990 83 ) (381.100037 -1014.989990 83 ) (381.100037 -947.987976 83 ) (404.149994 -947.987976 83 ) 
4 442 450 (381.100037 -1014.989990 78 ) (531.101990 -1014.989990 78 ) (531.101990 -1014.989990 83 ) (381.100037 -1014.989990 83 ) 
3 445 477 (364.100037 -1008.989929 242 ) (364.100037 -947.987976 242 ) (364.100037 -947.987976 88.980499 ) 
3 446 477 (364.100037 -953.987976 83 ) (364.100037 -1014.989990 83 ) (364.100037 -1014.989990 236 ) 
4 448 450 (381.100037 -1014.989990 83 ) (531.101990 -1014.989990 83 ) (531.101990 -1015.989990 83 ) (381.100037 -1015.989990 83 ) 
4 451 621 (517.101990 -1024 0 ) (531.101990 -1024 0 ) (531.101990 -1024 61 ) (517.101990 -1024 61 ) 
4 451 529 (517.101990 -954.155457 0 ) (517.101990 -940.987976 0 ) (531.101990 -940.987976 0 ) (531.101990 -949.053162 0 ) 
4 451 524 (531.101990 -1024 0 ) (517.101990 -1024 0 ) (517.101990 -954.155457 0 ) (531.101990 -949.053162 0 ) 
4 451 452 (517.101990 -940.987976 61 ) (517.101990 -940.987976 0 ) (517.101990 -1024 0 ) (517.101990 -1024 61 ) 
4 452 622 (395.100037 -1024 0 ) (517.101990 -1024 0 ) (517.101990 -1024 73 ) (395.100037 -1024 73 ) 
5 452 574 (458.153809 -1024 0 ) (419 -1024 0 ) (395.100037 -958.333313 0 ) (395.100037 -940.987976 0 ) (427.908264 -940.987976 0 ) 
4 452 560 (419 -1024 0 ) (399.711304 -1024 0 ) (395.100037 -1011.347229 0 ) (395.100037 -958.333313 0 ) 
3 452 556 (399.711304 -1024 0 ) (395.100037 -1024 0 ) (395.100037 -1011.347229 0 ) 
4 452 529 (442.598999 -981.308228 0 ) (427.908264 -940.987976 0 ) (517.101990 -940.987976 0 ) (517.101990 -954.155457 0 ) 
4 452 524 (517.101990 -1024 0 ) (458.153809 -1024 0 ) (442.598999 -981.308228 0 ) (517.101990 -954.155457 0 ) 
4 452 453 (395.100037 -940.987976 61 ) (395.100037 -940.987976 0 ) (395.100037 -1024 0 ) (395.100037 -1024 61 ) 
4 453 623 (391.578247 -1024 0 ) (395.100037 -1024 0 ) (395.100037 -1024 61 ) (391.569489 -1024 61 ) 
3 453 574 (388.787170 -940.987976 0 ) (395.100037 -940.987976 0 ) (395.100037 -958.333313 0 ) 
6 453 560 (376.100037 -959.213501 0 ) (376.100037 -953.197449 0 ) (380.544373 -940.987976 0 ) (388.787170 -940.987976 0 ) (395.100037 -958.333313 0 ) (395.100037 -1011.347229 0 ) 
5 453 556 (395.100037 -1024 0 ) (391.578247 -1024 0 ) (376.100037 -1018.389587 0 ) (376.100037 -959.213501 0 ) (395.100037 -1011.347229 0 ) 
4 453 457 (376.100037 -953.197449 0 ) (376.100037 -959.213501 0 ) (376.100037 -959.213501 61 ) (376.100037 -953.196594 61 ) 
4 453 456 (376.100037 -959.213501 0 ) (376.100037 -1018.389587 0 ) (376.100037 -1018.392761 61 ) (376.100037 -959.213501 61 ) 
4 453 455 (376.100037 -953.200195 0 ) (376.100037 -953.199402 61 ) (380.134613 -942.115601 61 ) (380.134949 -942.115540 0 ) 
4 453 454 (391.565155 -1024 61 ) (380.119720 -1019.851501 61 ) (380.118958 -1019.848022 0 ) (391.573914 -1024 0 ) 
4 454 623 (381.637054 -1024 0 ) (391.578247 -1024 0 ) (391.569489 -1024 61 ) (381.636536 -1024 61 ) 
3 454 558 (391.578247 -1024 0 ) (381.637054 -1024 0 ) (380.118225 -1019.846069 0 ) 
3 455 561 (376.100037 -953.197449 0 ) (376.100037 -943.586792 0 ) (380.133789 -942.115906 0 ) 
4 455 457 (376.100037 -943.586792 0 ) (376.100037 -953.197449 0 ) (376.100037 -953.196594 61 ) (376.100037 -943.586792 61 ) 
5 456 556 (364.100037 -1014.039978 0 ) (364.100037 -940.987976 0 ) (369.457764 -940.987976 0 ) (376.100037 -959.213501 0 ) (376.100037 -1018.389587 0 ) 
4 456 477 (364.100037 -940.987976 0 ) (364.100037 -1014.039917 0 ) (364.100037 -1014.043823 73 ) (364.100037 -940.987976 73 ) 
4 456 460 (374.984192 -1017.989014 73 ) (371.063446 -1016.567871 73 ) (371.064728 -1016.564514 0 ) (374.992920 -1017.988342 0 ) 
4 456 459 (371.063446 -1016.567871 73 ) (364.100037 -1014.043884 73 ) (364.100037 -1014.040039 0 ) (371.064728 -1016.564514 0 ) 
4 456 458 (371.072479 -945.420044 0 ) (369.868164 -942.115967 0 ) (369.868408 -942.116638 73 ) (371.072479 -945.420044 73 ) 
4 456 457 (376.100037 -959.213318 73 ) (376.100037 -959.213318 0 ) (371.072479 -945.420044 0 ) (371.072479 -945.420044 73 ) 
4 457 561 (376.100037 -943.586731 0 ) (376.100037 -953.197449 0 ) (375.004425 -956.207275 0 ) (371.072968 -945.419861 0 ) 
3 457 560 (376.100037 -953.197449 0 ) (376.100037 -959.213501 0 ) (375.004425 -956.207275 0 ) 
4 457 458 (371.074219 -945.419922 0 ) (371.074219 -945.419922 73 ) (375 -943.988098 73 ) (375.001556 -943.987854 0 ) 
3 458 563 (375 -943.987549 0 ) (371.072968 -945.419861 0 ) (369.868958 -942.116272 0 ) 
4 459 626 (367.638916 -1024 0 ) (368.360138 -1024 0 ) (368.360138 -1024 73 ) (367.638550 -1024 73 ) 
4 459 625 (364.100037 -1024 73 ) (364.100037 -1024 0 ) (367.638916 -1024 0 ) (367.638550 -1024 73 ) 
4 459 557 (368.360138 -1024 0 ) (364.100037 -1024 0 ) (364.100037 -1014.039978 0 ) (371.064728 -1016.564453 0 ) 
4 459 477 (364.100037 -1014.039917 0 ) (364.100037 -1024 0 ) (364.100037 -1024 73 ) (364.100037 -1014.043823 73 ) 
4 459 460 (371.065430 -1016.564453 0 ) (371.064209 -1016.567810 73 ) (369.873505 -1019.841309 73 ) (369.872467 -1019.844177 0 ) 
3 460 559 (369.871643 -1019.844482 0 ) (371.064728 -1016.564453 0 ) (374.992950 -1017.988281 0 ) 
4 461 463 (554.474182 -511.988007 242 ) (766.967651 -511.988007 80 ) (1024 -511.988007 80 ) (1024 -511.988007 242 ) 
4 462 543 (871.907104 -511.988007 0 ) (871.907104 -415.988007 0 ) (1024 -415.988007 0 ) (1024 -511.988007 0 ) 
4 462 463 (787.954651 -511.988007 64 ) (871.902710 -511.988007 0 ) (1024 -511.988007 0 ) (1024 -511.988007 64 ) 
4 463 550 (871.907104 -686.987976 0 ) (871.907104 -576.915588 0 ) (1024 -521.517334 0 ) (1024 -686.987976 0 ) 
4 463 543 (871.907104 -576.915588 0 ) (871.907104 -511.988007 0 ) (1024 -511.988007 0 ) (1024 -521.517334 0 ) 
5 463 464 (557.101501 -686.987976 239.996994 ) (871.902710 -686.987976 0 ) (1024 -686.987976 0 ) (1024 -686.987976 242 ) (558.103516 -686.987976 242 ) 
5 464 550 (871.907104 -829.179993 0 ) (871.907104 -686.987976 0 ) (1024 -686.987976 0 ) (1024 -832.987976 0 ) (882.351257 -832.987976 0 ) 
3 464 549 (871.907104 -832.987976 0 ) (871.907104 -829.179993 0 ) (882.351257 -832.987976 0 ) 
5 464 465 (557.102173 -832.987976 239.996460 ) (871.902710 -832.987976 0 ) (1024 -832.987976 0 ) (1024 -832.987976 242 ) (558.104492 -832.987976 242 ) 
3 465 550 (882.351257 -832.987976 0 ) (1024 -832.987976 0 ) (1024 -884.633850 0 ) 
6 465 549 (871.907104 -890.907410 0 ) (871.907104 -832.987976 0 ) (882.351257 -832.987976 0 ) (1024 -884.633850 0 ) (1024 -896.987976 0 ) (888.607727 -896.987976 0 ) 
3 465 526 (882.939209 -894.924133 0 ) (888.607727 -896.987976 0 ) (877.271851 -896.987976 0 ) 
4 465 525 (871.907104 -896.987976 0 ) (871.907104 -890.907410 0 ) (882.939209 -894.924133 0 ) (877.271851 -896.987976 0 ) 
5 465 466 (557.100037 -896.987976 239.998108 ) (871.902710 -896.987976 0 ) (1024 -896.987976 0 ) (1024 -896.987976 242 ) (558.100464 -896.987976 242 ) 
4 466 611 (1024 -1024 0 ) (1024 -1024 81 ) (765.660400 -1024 81 ) (871.907104 -1024 0 ) 
4 466 607 (1024 -1024 81 ) (1024 -1024 83 ) (763.037048 -1024 83 ) (765.660400 -1024 81 ) 
5 466 606 (1024 -1024 83 ) (1024 -1024 242 ) (558.098755 -1024 242 ) (557.099976 -1024 240.001480 ) (763.037048 -1024 83 ) 
3 466 549 (888.607727 -896.987976 0 ) (1024 -896.987976 0 ) (1024 -946.283081 0 ) 
6 466 526 (1024 -1024 0 ) (871.907104 -1024 0 ) (871.907104 -898.941589 0 ) (877.271851 -896.987976 0 ) (888.607727 -896.987976 0 ) (1024 -946.283081 0 ) 
3 466 525 (871.907104 -898.941589 0 ) (871.907104 -896.987976 0 ) (877.271851 -896.987976 0 ) 
4 467 863 (0 -447.988007 242 ) (0 0 242 ) (0 0 80 ) (0 -447.988007 80 ) 
4 467 512 (40 -447.988007 242 ) (0 -447.988007 242 ) (0 -447.988007 80 ) (40 -447.988007 80 ) 
4 467 511 (88 -447.988007 242 ) (40 -447.988007 242 ) (40 -447.988007 80 ) (88 -447.988007 80 ) 
4 467 480 (304 -447.988007 242 ) (202 -447.988007 242 ) (202 -447.988007 80 ) (304 -447.988007 80 ) 
4 467 479 (352 -447.988007 242 ) (304 -447.988007 242 ) (304 -447.988007 80 ) (352 -447.988007 80 ) 
4 467 483 (202 -447.988007 242 ) (88 -447.988007 242 ) (88 -447.988007 80 ) (202 -447.988007 80 ) 
4 467 472 (364.100037 -447.988007 80 ) (364.100037 -447.988007 242 ) (359.100037 -447.988007 242 ) (359.100037 -447.988007 80 ) 
4 467 476 (359.100037 -447.988007 242 ) (352 -447.988007 242 ) (352 -447.988007 80 ) (359.100037 -447.988007 80 ) 
4 467 470 (364.100037 -447.988007 80 ) (40 -447.988007 80 ) (40 -351.988007 80 ) (364.100037 -351.988007 80 ) 
4 467 468 (0 -31.988302 80 ) (0 0 80 ) (364.100037 0 80 ) (364.100037 -31.988302 80 ) 
4 467 469 (0 -351.988007 80 ) (0 -127.987999 80 ) (364.100037 -127.987999 80 ) (364.100037 -351.988007 80 ) 
4 468 864 (0 0 80 ) (0 0 64 ) (0 -31.988302 64 ) (0 -31.988302 80 ) 
4 468 471 (0 -31.988302 64 ) (0 0 64 ) (364.100037 0 64 ) (364.100037 -31.988302 64 ) 
4 469 867 (0 -127.987999 64 ) (0 -351.988007 64 ) (0 -351.988007 80 ) (0 -127.987999 80 ) 
4 469 470 (40 -351.988007 64 ) (364.100037 -351.988007 64 ) (364.100037 -351.988007 80 ) (40 -351.988007 80 ) 
4 469 471 (0 -351.988007 64 ) (0 -127.987999 64 ) (364.100037 -127.987999 64 ) (364.100037 -351.988007 64 ) 
4 470 511 (88 -447.988007 80 ) (40 -447.988007 80 ) (40 -447.988007 64 ) (88 -447.988007 64 ) 
4 470 480 (304 -447.988007 80 ) (202 -447.988007 80 ) (202 -447.988007 64 ) (304 -447.988007 64 ) 
4 470 479 (352 -447.988007 80 ) (304 -447.988007 80 ) (304 -447.988007 64 ) (352 -447.988007 64 ) 
4 470 483 (202 -447.988007 80 ) (88 -447.988007 80 ) (88 -447.988007 64 ) (202 -447.988007 64 ) 
4 470 472 (364.100037 -447.988007 64 ) (364.100037 -447.988007 80 ) (359.100037 -447.988007 80 ) (359.100037 -447.988007 64 ) 
4 470 476 (359.100037 -447.988007 80 ) (352 -447.988007 80 ) (352 -447.988007 64 ) (359.100037 -447.988007 64 ) 
4 470 471 (364.100037 -447.988007 64 ) (40 -447.988007 64 ) (40 -351.988007 64 ) (364.100037 -351.988007 64 ) 
4 471 870 (0 0 64 ) (0 0 2 ) (0 -447.988007 2 ) (0 -447.988007 64 ) 
4 471 877 (0 0 2 ) (0 0 0 ) (0 -447.988007 0 ) (0 -447.988007 2 ) 
4 471 568 (46.312504 0 0 ) (78.422180 0 0 ) (241.402847 -447.988007 0 ) (209.358704 -447.988007 0 ) 
4 471 567 (78.422180 0 0 ) (85.058159 0 0 ) (248.283142 -447.988007 0 ) (241.402847 -447.988007 0 ) 
4 471 562 (26.517191 0 0 ) (46.312504 0 0 ) (209.358704 -447.988007 0 ) (189.785248 -447.988007 0 ) 
4 471 556 (0 -447.988007 0 ) (0 0 0 ) (26.517191 0 0 ) (189.785248 -447.988007 0 ) 
4 471 542 (85.058159 0 0 ) (364.100037 0 0 ) (364.100037 -447.988007 0 ) (248.283142 -447.988007 0 ) 
4 471 522 (0 -447.988007 0 ) (88 -447.988007 0 ) (88 -447.988007 64 ) (0 -447.988007 64 ) 
4 471 480 (202 -447.988007 0 ) (304 -447.988007 0 ) (304 -447.988007 64 ) (202 -447.988007 64 ) 
4 471 479 (304 -447.988007 0 ) (352 -447.988007 0 ) (352 -447.988007 64 ) (304 -447.988007 64 ) 
4 471 483 (88 -447.988007 0 ) (202 -447.988007 0 ) (202 -447.988007 64 ) (88 -447.988007 64 ) 
4 471 472 (359.100037 -447.988007 0 ) (364.100037 -447.988007 0 ) (364.100037 -447.988007 64 ) (359.100037 -447.988007 64 ) 
4 471 476 (352 -447.988007 0 ) (359.100037 -447.988007 0 ) (359.100037 -447.988007 64 ) (352 -447.988007 64 ) 
4 472 542 (359.100037 -447.988007 0 ) (364.100037 -447.988007 0 ) (364.100037 -578.987976 0 ) (359.100037 -578.987976 0 ) 
4 472 473 (359.100037 -578.987976 242 ) (359.100037 -578.987976 78 ) (364.100037 -578.987976 78 ) (364.100037 -578.987976 242 ) 
4 472 474 (359.100037 -578.987976 73 ) (359.100037 -578.987976 0 ) (364.100037 -578.987976 0 ) (364.100037 -578.987976 73 ) 
4 472 476 (359.100037 -447.988007 242 ) (359.100037 -447.988007 0 ) (359.100037 -578.987976 0 ) (359.100037 -578.987976 242 ) 
4 473 475 (359.100037 -598.987976 242 ) (359.100037 -598.987976 78 ) (364.100037 -598.987976 78 ) (364.100037 -598.987976 242 ) 
4 473 476 (359.100037 -598.987976 78 ) (359.100037 -598.987976 242 ) (359.100037 -578.987976 242 ) (359.100037 -578.987976 78 ) 
4 474 542 (364.100037 -578.987976 0 ) (364.100037 -598.987976 0 ) (359.100037 -598.987976 0 ) (359.100037 -578.987976 0 ) 
4 474 476 (359.100037 -578.987976 0 ) (359.100037 -598.987976 0 ) (359.100037 -598.987976 73 ) (359.100037 -578.987976 73 ) 
4 474 475 (359.100037 -598.987976 73 ) (359.100037 -598.987976 0 ) (364.100037 -598.987976 0 ) (364.100037 -598.987976 73 ) 
4 475 542 (364.100037 -598.987976 0 ) (364.100037 -686.987976 0 ) (359.100037 -686.987976 0 ) (359.100037 -598.987976 0 ) 
4 475 477 (359.100037 -686.987976 0 ) (364.100037 -686.987976 0 ) (364.100037 -686.987976 242 ) (359.100037 -686.987976 242 ) 
4 475 476 (359.100037 -598.987976 0 ) (359.100037 -686.987976 0 ) (359.100037 -686.987976 242 ) (359.100037 -598.987976 242 ) 
4 476 542 (352 -686.987976 0 ) (352 -447.988007 0 ) (359.100037 -447.988007 0 ) (359.100037 -686.987976 0 ) 
4 476 484 (352 -586 0 ) (352 -686.987976 0 ) (352 -686.987976 242 ) (352 -586 242 ) 
4 476 479 (352 -447.988007 242 ) (352 -447.988007 0 ) (352 -586 0 ) (352 -586 242 ) 
4 476 478 (352 -686.987976 242 ) (352 -686.987976 237.635941 ) (355.100983 -686.987976 240 ) (354.101471 -686.987976 242 ) 
5 476 477 (352 -686.987976 237.635941 ) (352 -686.987976 0 ) (359.100037 -686.987976 0 ) (359.100037 -686.987976 242 ) (357.724457 -686.987976 242 ) 
4 477 649 (352 -1024 64 ) (352 -1024 0 ) (364.100037 -1024 0 ) (364.100037 -1024 64 ) 
4 477 645 (352 -1024 216 ) (352 -1024 64 ) (364.100037 -1024 64 ) (364.100037 -1024 216 ) 
5 477 640 (364.100037 -1024 242 ) (357.722565 -1024 242 ) (352 -1024 237.637375 ) (352 -1024 216 ) (364.100037 -1024 216 ) 
3 477 574 (364.100037 -825.761658 0 ) (364.100037 -873.157288 0 ) (355.498505 -849.523682 0 ) 
3 477 572 (352 -762.165222 0 ) (352 -751.988464 0 ) (355.269501 -760.975464 0 ) 
6 477 571 (352 -839.911133 0 ) (352 -762.165222 0 ) (355.269501 -760.975464 0 ) (364.100037 -785.248169 0 ) (364.100037 -825.761658 0 ) (355.498505 -849.523682 0 ) 
4 477 567 (352 -751.988464 0 ) (352 -732.649780 0 ) (364.100037 -765.859619 0 ) (364.100037 -785.248169 0 ) 
4 477 562 (352 -893.085876 0 ) (352 -839.911133 0 ) (364.100037 -873.157288 0 ) (364.100037 -926.286987 0 ) 
4 477 557 (364.100037 -1024 0 ) (352 -1024 0 ) (352 -1009.654053 0 ) (364.100037 -1014.039917 0 ) 
4 477 556 (352 -1009.654053 0 ) (352 -893.085876 0 ) (364.100037 -926.286987 0 ) (364.100037 -1014.039917 0 ) 
4 477 542 (352 -701.613831 0 ) (352 -686.987976 0 ) (364.100037 -686.987976 0 ) (364.100037 -706.019348 0 ) 
4 477 529 (352 -732.649780 0 ) (352 -701.613831 0 ) (364.100037 -706.019348 0 ) (364.100037 -765.859619 0 ) 
4 477 510 (352 -991.987976 0 ) (352 -1024 0 ) (352 -1024 58 ) (352 -991.987976 58 ) 
4 477 507 (352 -1024 64 ) (352 -1024 216 ) (352 -991.987976 216 ) (352 -991.987976 64 ) 
4 477 505 (352 -1024 216 ) (352 -1024 237.637375 ) (352 -991.987976 237.637238 ) (352 -991.987976 216 ) 
4 477 497 (352 -762.165161 64 ) (352 -762.165161 96 ) (352 -751.988953 96 ) (352 -751.988770 64 ) 
4 477 498 (352 -751.988464 0 ) (352 -762.165222 0 ) (352 -762.165161 58 ) (352 -751.988770 58 ) 
4 477 495 (352 -991.987976 64 ) (352 -991.987976 96 ) (352 -762.165161 96 ) (352 -762.165161 64 ) 
4 477 496 (352 -762.165222 0 ) (352 -991.987976 0 ) (352 -991.987976 58 ) (352 -762.165161 58 ) 
4 477 487 (352 -751.988770 64 ) (352 -751.988953 96 ) (352 -735.987976 96 ) (352 -735.987976 64 ) 
4 477 488 (352 -735.987976 0 ) (352 -751.988464 0 ) (352 -751.988770 58 ) (352 -735.987976 58 ) 
4 477 486 (352 -991.987976 96 ) (352 -991.987976 237.637238 ) (352 -735.987976 237.636154 ) (352 -735.987976 96 ) 
4 477 484 (352 -686.987976 0 ) (352 -735.987976 0 ) (352 -735.987976 237.636154 ) (352 -686.987976 237.635941 ) 
4 477 478 (355.100525 -686.987976 240 ) (352 -686.987976 237.636719 ) (352 -1024 237.638153 ) (355.099335 -1024 240.001465 ) 
4 478 641 (354.100555 -1024 242 ) (352 -1024 242 ) (352 -1024 237.637375 ) (355.099823 -1024 240 ) 
4 478 505 (352 -1024 237.637375 ) (352 -1024 242 ) (352 -991.987976 242 ) (352 -991.987976 237.637238 ) 
4 478 486 (352 -735.987976 240 ) (352 -735.987976 237.636154 ) (352 -991.987976 237.637238 ) (352 -991.987976 240 ) 
4 478 485 (352 -991.987976 242 ) (352 -735.987976 242 ) (352 -735.987976 240 ) (352 -991.987976 240 ) 
4 478 484 (352 -735.987976 242 ) (352 -686.987976 242 ) (352 -686.987976 237.635941 ) (352 -735.987976 237.636154 ) 
4 479 542 (304 -447.988007 0 ) (352 -447.988007 0 ) (352 -586 0 ) (304 -586 0 ) 
4 479 484 (304 -586 0 ) (352 -586 0 ) (352 -586 242 ) (304 -586 242 ) 
4 479 481 (304 -586 132 ) (304 -586 242 ) (304 -580 242 ) (304 -580 132 ) 
4 479 482 (304 -580 0 ) (304 -586 0 ) (304 -586 20 ) (304 -580 20 ) 
4 479 480 (304 -447.988007 242 ) (304 -447.988007 0 ) (304 -580 0 ) (304 -580 242 ) 
4 480 568 (209.358719 -447.988007 0 ) (241.402847 -447.988007 0 ) (289.429565 -580 0 ) (257.404785 -580 0 ) 
4 480 567 (241.402847 -447.988007 0 ) (248.283127 -447.988007 0 ) (296.381836 -580 0 ) (289.429565 -580 0 ) 
5 480 562 (202 -447.988007 0 ) (209.358719 -447.988007 0 ) (257.404785 -580 0 ) (237.896667 -580 0 ) (202 -481.503845 0 ) 
3 480 556 (237.896667 -580 0 ) (202 -580 0 ) (202 -481.503845 0 ) 
4 480 542 (248.283127 -447.988007 0 ) (304 -447.988007 0 ) (304 -580 0 ) (296.381836 -580 0 ) 
4 480 481 (202 -580 242 ) (202 -580 132 ) (304 -580 132 ) (304 -580 242 ) 
4 480 482 (202 -580 20 ) (202 -580 0 ) (304 -580 0 ) (304 -580 20 ) 
4 480 483 (202 -447.988007 242 ) (202 -447.988007 0 ) (202 -580 0 ) (202 -580 242 ) 
4 481 484 (304 -586 132 ) (304 -586 242 ) (202 -586 242 ) (202 -586 132 ) 
4 481 483 (202 -586 132 ) (202 -586 242 ) (202 -580 242 ) (202 -580 132 ) 
4 482 568 (291.612427 -586 0 ) (259.588501 -586 0 ) (257.404755 -580 0 ) (289.429565 -580 0 ) 
4 482 567 (298.567932 -586 0 ) (291.612427 -586 0 ) (289.429565 -580 0 ) (296.381836 -580 0 ) 
4 482 562 (259.588501 -586 0 ) (240.083344 -586 0 ) (237.896667 -580 0 ) (257.404755 -580 0 ) 
4 482 556 (240.083344 -586 0 ) (202 -586 0 ) (202 -580 0 ) (237.896667 -580 0 ) 
4 482 542 (304 -580 0 ) (304 -586 0 ) (298.567932 -586 0 ) (296.381836 -580 0 ) 
4 482 484 (202 -586 0 ) (304 -586 0 ) (304 -586 20 ) (202 -586 20 ) 
4 482 483 (202 -580 0 ) (202 -586 0 ) (202 -586 20 ) (202 -580 20 ) 
3 483 562 (189.785248 -447.988007 0 ) (202 -447.988007 0 ) (202 -481.503876 0 ) 
5 483 556 (88 -586 0 ) (88 -447.988007 0 ) (189.785248 -447.988007 0 ) (202 -481.503876 0 ) (202 -586 0 ) 
4 483 522 (88 -447.988007 64 ) (88 -447.988007 0 ) (88 -586 0 ) (88 -586 64 ) 
4 483 511 (88 -447.988007 242 ) (88 -447.988007 64 ) (88 -586 64 ) (88 -586 242 ) 
4 483 484 (88 -586 242 ) (88 -586 0 ) (202 -586 0 ) (202 -586 242 ) 
3 484 570 (335.993256 -735.987976 0 ) (325.814850 -735.987976 0 ) (327.002136 -732.721130 0 ) 
4 484 569 (325.814850 -735.987976 0 ) (314.176941 -735.987976 0 ) (310.852325 -726.853210 0 ) (327.002136 -732.721130 0 ) 
5 484 568 (259.588501 -586 0 ) (291.612427 -586 0 ) (346.178925 -735.987976 0 ) (335.993256 -735.987976 0 ) (310.852325 -726.853210 0 ) 
5 484 567 (291.612427 -586 0 ) (298.567963 -586 0 ) (352 -732.649780 0 ) (352 -735.987976 0 ) (346.178925 -735.987976 0 ) 
4 484 562 (240.083359 -586 0 ) (259.588501 -586 0 ) (314.176941 -735.987976 0 ) (294.746063 -735.987976 0 ) 
4 484 556 (88 -735.987976 0 ) (88 -586 0 ) (240.083359 -586 0 ) (294.746063 -735.987976 0 ) 
4 484 542 (298.567963 -586 0 ) (352 -586 0 ) (352 -701.613892 0 ) (338.962494 -696.867004 0 ) 
3 484 529 (352 -701.613892 0 ) (352 -732.649780 0 ) (338.962494 -696.867004 0 ) 
4 484 522 (88 -586 0 ) (88 -735.987976 0 ) (88 -735.987976 64 ) (88 -586 64 ) 
4 484 511 (88 -735.987976 64 ) (88 -735.987976 242 ) (88 -586 242 ) (88 -586 64 ) 
4 484 504 (88 -735.987976 58 ) (88 -735.987976 0 ) (96 -735.987976 0 ) (96 -735.987976 58 ) 
4 484 503 (88 -735.987976 240 ) (88 -735.987976 64 ) (96 -735.987976 64 ) (96 -735.987976 240 ) 
4 484 493 (335.993286 -735.987976 64 ) (335.993286 -735.987976 96 ) (325.814850 -735.987976 96 ) (325.814850 -735.987976 64 ) 
4 484 494 (325.814819 -735.987976 0 ) (335.993286 -735.987976 0 ) (335.993286 -735.987976 58 ) (325.814850 -735.987976 58 ) 
4 484 491 (325.814850 -735.987976 64 ) (325.814850 -735.987976 96 ) (96 -735.987976 96 ) (96 -735.987976 64 ) 
4 484 492 (96 -735.987976 0 ) (325.814819 -735.987976 0 ) (325.814850 -735.987976 58 ) (96 -735.987976 58 ) 
4 484 489 (346.178802 -735.987976 64 ) (346.178741 -735.987976 96 ) (335.993286 -735.987976 96 ) (335.993286 -735.987976 64 ) 
4 484 490 (335.993286 -735.987976 0 ) (346.178925 -735.987976 0 ) (346.178802 -735.987976 58 ) (335.993286 -735.987976 58 ) 
4 484 487 (352 -735.987976 64 ) (352 -735.987976 96 ) (346.178741 -735.987976 96 ) (346.178802 -735.987976 64 ) 
4 484 488 (346.178925 -735.987976 0 ) (352 -735.987976 0 ) (352 -735.987976 58 ) (346.178802 -735.987976 58 ) 
4 484 486 (352 -735.987976 96 ) (352 -735.987976 240 ) (96 -735.987976 240 ) (96 -735.987976 96 ) 
4 484 485 (88 -735.987976 242 ) (88 -735.987976 240 ) (352 -735.987976 240 ) (352 -735.987976 242 ) 
4 485 518 (88 -991.987976 240 ) (88 -991.987976 242 ) (88 -983.987976 242 ) (88 -983.987976 240 ) 
4 485 515 (88 -983.987976 242 ) (88 -746.670044 242 ) (88 -746.670044 240 ) (88 -983.987976 240 ) 
4 485 511 (88 -746.670044 242 ) (88 -735.987976 242 ) (88 -735.987976 240 ) (88 -746.670044 240 ) 
4 485 506 (88 -991.987976 242 ) (88 -991.987976 240 ) (96 -991.987976 240 ) (96 -991.987976 242 ) 
4 485 505 (96 -991.987976 240 ) (352 -991.987976 240 ) (352 -991.987976 242 ) (96 -991.987976 242 ) 
4 485 503 (88 -983.987976 240 ) (88 -735.987976 240 ) (96 -735.987976 240 ) (96 -983.987976 240 ) 
4 485 486 (352 -991.987976 240 ) (96 -991.987976 240 ) (96 -735.987976 240 ) (352 -735.987976 240 ) 
4 486 507 (352 -991.987976 96 ) (352 -991.987976 216 ) (96 -991.987976 216 ) (96 -991.987976 96 ) 
4 486 505 (352 -991.987976 216 ) (352 -991.987976 240 ) (96 -991.987976 240 ) (96 -991.987976 216 ) 
4 486 503 (96 -983.987976 240 ) (96 -735.987976 240 ) (96 -735.987976 96 ) (96 -983.987976 96 ) 
3 486 500 (336 -767.987854 96 ) (327.013672 -771.257813 96 ) (324.270996 -763.721985 96 ) 
3 486 499 (310.860474 -777.136047 96 ) (320 -751.987427 96 ) (327.013672 -771.257813 96 ) 
3 486 497 (352 -751.988953 96 ) (352 -762.165161 96 ) (347.730530 -763.718872 96 ) 
4 486 495 (352 -991.987976 96 ) (232.777466 -991.987976 96 ) (310.860474 -777.136047 96 ) (352 -762.165161 96 ) 
4 486 493 (324.257996 -740.271606 96 ) (325.814789 -735.987976 96 ) (335.993317 -735.987976 96 ) (335.998230 -735.989746 96 ) 
4 486 491 (232.777466 -991.987976 96 ) (96 -991.987976 96 ) (96 -735.987976 96 ) (325.814789 -735.987976 96 ) 
3 486 489 (335.993317 -735.987976 96 ) (346.178772 -735.987976 96 ) (347.730225 -740.252502 96 ) 
3 486 487 (346.178772 -735.987976 96 ) (352 -735.987976 96 ) (352 -751.988953 96 ) 
4 487 489 (347.731293 -740.252869 96 ) (346.179688 -735.987976 96 ) (346.179749 -735.987976 64 ) (347.731384 -740.252991 64 ) 
3 488 567 (346.178925 -735.987976 0 ) (352 -735.987976 0 ) (352 -751.988464 0 ) 
4 488 490 (347.731384 -740.252991 58 ) (346.179749 -735.987976 58 ) (346.179840 -735.987976 0 ) (347.731476 -740.252930 0 ) 
3 490 568 (335.993286 -735.987976 0 ) (346.178925 -735.987976 0 ) (347.730408 -740.252563 0 ) 
4 491 507 (232.777466 -991.987976 64 ) (232.777466 -991.987976 96 ) (96 -991.987976 96 ) (96 -991.987976 64 ) 
4 491 503 (96 -983.987976 96 ) (96 -735.987976 96 ) (96 -735.987976 64 ) (96 -983.987976 64 ) 
4 491 499 (320 -751.988037 96 ) (310.860962 -777.135864 96 ) (310.860962 -777.135925 64 ) (320 -751.988098 64 ) 
4 491 495 (310.860962 -777.135864 96 ) (232.777847 -991.987976 96 ) (232.777847 -991.987976 64 ) (310.860962 -777.135925 64 ) 
4 491 493 (325.815247 -735.987976 64 ) (325.815247 -735.987976 96 ) (324.258545 -740.271362 96 ) (324.258606 -740.271179 64 ) 
3 492 569 (314.176941 -735.987976 0 ) (325.814819 -735.987976 0 ) (320 -751.987671 0 ) 
4 492 562 (294.746094 -735.987976 0 ) (314.176941 -735.987976 0 ) (320 -751.987671 0 ) (310.302216 -778.672180 0 ) 
4 492 557 (240.981720 -969.413269 0 ) (232.777466 -991.987976 0 ) (96 -991.987976 0 ) (96 -916.861816 0 ) 
5 492 556 (96 -735.987976 0 ) (294.746094 -735.987976 0 ) (310.302216 -778.672180 0 ) (240.981720 -969.413269 0 ) (96 -916.861816 0 ) 
4 492 510 (96 -991.987976 0 ) (232.777466 -991.987976 0 ) (232.777466 -991.987976 58 ) (96 -991.987976 58 ) 
4 492 504 (96 -983.987976 58 ) (96 -735.987976 58 ) (96 -735.987976 0 ) (96 -983.987976 0 ) 
4 492 501 (320 -751.988159 58 ) (310.860962 -777.135925 58 ) (310.860901 -777.136047 0 ) (320 -751.988281 0 ) 
4 492 496 (310.860962 -777.135925 58 ) (232.777847 -991.987976 58 ) (232.777847 -991.987976 0 ) (310.860901 -777.136047 0 ) 
4 492 494 (325.815247 -735.987976 0 ) (325.815247 -735.987976 58 ) (324.258636 -740.271118 58 ) (324.258759 -740.270752 0 ) 
4 494 570 (325.814819 -735.987976 0 ) (335.993286 -735.987976 0 ) (335.997559 -735.989502 0 ) (324.258270 -740.270996 0 ) 
4 495 507 (352 -991.987976 64 ) (352 -991.987976 96 ) (232.777466 -991.987976 96 ) (232.777466 -991.987976 64 ) 
4 495 500 (327.013397 -771.257141 96 ) (335.998505 -767.987427 96 ) (335.998535 -767.987427 64 ) (327.013367 -771.257141 64 ) 
4 495 499 (310.859406 -777.135620 64 ) (310.859436 -777.135559 96 ) (327.013397 -771.257141 96 ) (327.013367 -771.257141 64 ) 
4 495 497 (347.730835 -763.718018 96 ) (352 -762.164429 96 ) (352 -762.164490 64 ) (347.730743 -763.718079 64 ) 
3 496 571 (352 -762.165222 0 ) (352 -839.911133 0 ) (327.013550 -771.257935 0 ) 
5 496 562 (352 -839.911133 0 ) (352 -893.085876 0 ) (310.302216 -778.672241 0 ) (310.860474 -777.136169 0 ) (327.013550 -771.257935 0 ) 
3 496 557 (303.261871 -991.987976 0 ) (232.777466 -991.987976 0 ) (240.981720 -969.413269 0 ) 
5 496 556 (352 -893.085876 0 ) (352 -991.987976 0 ) (303.261871 -991.987976 0 ) (240.981720 -969.413269 0 ) (310.302216 -778.672241 0 ) 
4 496 510 (232.777466 -991.987976 0 ) (352 -991.987976 0 ) (352 -991.987976 58 ) (232.777466 -991.987976 58 ) 
4 496 502 (327.013367 -771.257141 58 ) (335.998535 -767.987427 58 ) (335.998657 -767.987549 0 ) (327.013306 -771.257324 0 ) 
4 496 501 (310.859375 -777.135742 0 ) (310.859406 -777.135620 58 ) (327.013367 -771.257141 58 ) (327.013306 -771.257324 0 ) 
4 496 498 (347.730743 -763.718079 58 ) (352 -762.164490 58 ) (352 -762.164612 0 ) (347.730743 -763.718201 0 ) 
3 498 572 (352 -751.988464 0 ) (352 -762.165222 0 ) (347.730438 -763.718933 0 ) 
4 499 500 (327.011841 -771.258423 96 ) (327.011810 -771.258484 64 ) (324.268585 -763.721191 64 ) (324.268677 -763.721191 96 ) 
3 501 562 (327.013550 -771.257935 0 ) (310.860474 -777.136169 0 ) (320 -751.987732 0 ) 
4 501 502 (324.270569 -763.721802 58 ) (327.011719 -771.253906 58 ) (327.011658 -771.254028 0 ) (324.270447 -763.721802 0 ) 
3 502 573 (336 -767.987854 0 ) (327.013550 -771.257935 0 ) (324.270782 -763.721924 0 ) 
4 503 515 (88 -983.987976 240 ) (88 -746.670044 240 ) (88 -746.670044 64 ) (88 -983.987976 64 ) 
4 503 511 (88 -746.670044 240 ) (88 -735.987976 240 ) (88 -735.987976 64 ) (88 -746.670044 64 ) 
4 504 557 (88 -983.987976 0 ) (88 -913.962036 0 ) (96 -916.861816 0 ) (96 -983.987976 0 ) 
4 504 556 (88 -913.962036 0 ) (88 -735.987976 0 ) (96 -735.987976 0 ) (96 -916.861816 0 ) 
4 504 523 (88 -735.987976 0 ) (88 -983.987976 0 ) (88 -983.987976 58 ) (88 -735.987976 58 ) 
5 505 641 (352 -1024 242 ) (350.492371 -1024 242 ) (316.592957 -1024 216 ) (323.617676 -1024 216 ) (352 -1024 237.637375 ) 
3 505 640 (323.617676 -1024 216 ) (352 -1024 216 ) (352 -1024 237.637375 ) 
4 505 639 (350.492371 -1024 242 ) (96 -1024 242 ) (96 -1024 216 ) (316.592957 -1024 216 ) 
4 505 507 (96 -991.987976 216 ) (352 -991.987976 216 ) (352 -1024 216 ) (96 -1024 216 ) 
4 505 506 (96 -991.987976 242 ) (96 -991.987976 224 ) (96 -1024 224 ) (96 -1024 242 ) 
4 506 643 (96 -1024 242 ) (88 -1024 242 ) (88 -1024 224 ) (96 -1024 224 ) 
4 506 521 (88 -1024 224 ) (88 -1024 242 ) (88 -991.987976 242 ) (88 -991.987976 224 ) 
4 507 645 (96 -1024 64 ) (352 -1024 64 ) (352 -1024 216 ) (96 -1024 216 ) 
4 507 508 (96 -1024 176 ) (96 -1024 216 ) (96 -991.987976 216 ) (96 -991.987976 176 ) 
4 507 509 (96 -991.987976 64 ) (96 -1024 64 ) (96 -1024 168 ) (96 -991.987976 168 ) 
4 508 646 (88 -1024 216 ) (88 -1024 176 ) (96 -1024 176 ) (96 -1024 216 ) 
4 508 521 (88 -1024 176 ) (88 -1024 216 ) (88 -991.987976 216 ) (88 -991.987976 176 ) 
4 509 647 (88 -1024 168 ) (88 -1024 64 ) (96 -1024 64 ) (96 -1024 168 ) 
4 509 521 (88 -1024 64 ) (88 -1024 168 ) (88 -991.987976 168 ) (88 -991.987976 64 ) 
4 510 650 (88 -1024 58 ) (88 -1024 0 ) (352 -1024 0 ) (352 -1024 58 ) 
5 510 557 (352 -1024 0 ) (88 -1024 0 ) (88 -991.987976 0 ) (303.261871 -991.987976 0 ) (352 -1009.654053 0 ) 
3 510 556 (303.261871 -991.987976 0 ) (352 -991.987976 0 ) (352 -1009.654053 0 ) 
4 510 523 (88 -991.987976 0 ) (88 -1024 0 ) (88 -1024 58 ) (88 -991.987976 58 ) 
4 511 522 (40 -447.988007 64 ) (88 -447.988007 64 ) (88 -735.987976 64 ) (40 -735.987976 64 ) 
4 511 515 (40 -746.670044 64 ) (88 -746.670044 64 ) (88 -746.670044 242 ) (40 -746.670044 242 ) 
4 511 514 (40 -746.670044 72 ) (40 -746.670044 242 ) (40 -741.330017 242 ) (40 -741.330017 72 ) 
4 511 513 (40 -741.330017 76 ) (40 -741.330017 242 ) (40 -735.987976 242 ) (40 -735.987976 76 ) 
4 511 512 (40 -447.988007 242 ) (40 -447.988007 80 ) (40 -735.987976 80 ) (40 -735.987976 242 ) 
4 512 878 (0 -735.987976 242 ) (0 -447.988007 242 ) (0 -447.988007 80 ) (0 -735.987976 80 ) 
4 512 513 (40 -735.987976 80 ) (40 -735.987976 242 ) (0 -735.987976 242 ) (0 -735.987976 80 ) 
4 513 879 (0 -735.987976 80 ) (0 -735.987976 76 ) (0 -741.330017 76 ) (0 -741.330017 80 ) 
4 513 878 (0 -741.330017 242 ) (0 -735.987976 242 ) (0 -735.987976 80 ) (0 -741.330017 80 ) 
4 513 514 (40 -741.330017 76 ) (40 -741.330017 242 ) (0 -741.330017 242 ) (0 -741.330017 76 ) 
4 514 880 (0 -746.670044 242 ) (0 -741.330017 242 ) (0 -741.330017 72 ) (0 -746.670044 72 ) 
4 514 516 (40 -746.670044 72 ) (40 -746.670044 242 ) (0 -746.670044 242 ) (0 -746.670044 72 ) 
4 515 519 (88 -983.987976 176 ) (88 -983.987976 216 ) (40 -983.987976 216 ) (40 -983.987976 176 ) 
4 515 520 (40 -983.987976 64 ) (88 -983.987976 64 ) (88 -983.987976 168 ) (40 -983.987976 168 ) 
4 515 518 (88 -983.987976 224 ) (88 -983.987976 242 ) (40 -983.987976 242 ) (40 -983.987976 224 ) 
4 515 516 (40 -746.670044 242 ) (40 -746.670044 68 ) (40 -752 68 ) (40 -752 242 ) 
4 515 517 (40 -752 64 ) (40 -983.987976 64 ) (40 -983.987976 242 ) (40 -752 242 ) 
4 516 885 (0 -746.670044 216 ) (0 -746.670044 68 ) (0 -752 68 ) (0 -752 216 ) 
4 516 882 (0 -752 242 ) (0 -746.670044 242 ) (0 -746.670044 216 ) (0 -752 216 ) 
4 516 517 (40 -752 68 ) (40 -752 242 ) (0 -752 242 ) (0 -752 68 ) 
4 517 887 (0 -752 216 ) (0 -752 64 ) (0 -983.987976 64 ) (0 -983.987976 216 ) 
4 517 882 (0 -983.987976 242 ) (0 -752 242 ) (0 -752 216 ) (0 -983.987976 216 ) 
4 517 519 (40 -983.987976 176 ) (40 -983.987976 216 ) (0 -983.987976 216 ) (0 -983.987976 176 ) 
4 517 520 (0 -983.987976 64 ) (40 -983.987976 64 ) (40 -983.987976 168 ) (0 -983.987976 168 ) 
4 517 518 (40 -983.987976 224 ) (40 -983.987976 242 ) (0 -983.987976 242 ) (0 -983.987976 224 ) 
4 518 883 (0 -991.987976 242 ) (0 -983.987976 242 ) (0 -983.987976 224 ) (0 -991.987976 224 ) 
4 518 521 (88 -991.987976 224 ) (88 -991.987976 242 ) (0 -991.987976 242 ) (0 -991.987976 224 ) 
4 519 888 (0 -983.987976 216 ) (0 -983.987976 176 ) (0 -991.987976 176 ) (0 -991.987976 216 ) 
4 519 521 (88 -991.987976 176 ) (88 -991.987976 216 ) (0 -991.987976 216 ) (0 -991.987976 176 ) 
4 520 889 (0 -983.987976 168 ) (0 -983.987976 64 ) (0 -991.987976 64 ) (0 -991.987976 168 ) 
4 520 521 (0 -991.987976 64 ) (88 -991.987976 64 ) (88 -991.987976 168 ) (0 -991.987976 168 ) 
4 521 890 (0 -1024 64 ) (0 -1024 216 ) (0 -991.987976 216 ) (0 -991.987976 64 ) 
4 521 884 (0 -1024 216 ) (0 -1024 242 ) (0 -991.987976 242 ) (0 -991.987976 216 ) 
4 521 648 (0 -1024 216 ) (0 -1024 64 ) (88 -1024 64 ) (88 -1024 216 ) 
4 521 644 (88 -1024 242 ) (0 -1024 242 ) (0 -1024 216 ) (88 -1024 216 ) 
4 522 891 (0 -735.987976 64 ) (0 -447.988007 64 ) (0 -447.988007 0 ) (0 -735.987976 0 ) 
4 522 556 (0 -735.987976 0 ) (0 -447.988007 0 ) (88 -447.988007 0 ) (88 -735.987976 0 ) 
4 522 523 (0 -735.987976 0 ) (88 -735.987976 0 ) (88 -735.987976 58 ) (0 -735.987976 58 ) 
4 523 892 (0 -1024 0 ) (0 -1024 58 ) (0 -735.987976 58 ) (0 -735.987976 0 ) 
4 523 650 (0 -1024 58 ) (0 -1024 0 ) (88 -1024 0 ) (88 -1024 58 ) 
4 523 557 (88 -1024 0 ) (0 -1024 0 ) (0 -882.064636 0 ) (88 -913.962036 0 ) 
4 523 556 (0 -882.064636 0 ) (0 -735.987976 0 ) (88 -735.987976 0 ) (88 -913.962036 0 ) 
4 524 693 (462.634247 -1024 0 ) (458.153748 -1024 0 ) (458.153809 -1024 -120 ) (462.634247 -1024 -120 ) 
4 524 682 (538.360596 -1024 0 ) (537.638733 -1024 0 ) (537.638733 -1024 -120 ) (538.361084 -1024 -120 ) 
4 524 680 (537.638733 -1024 0 ) (523.076660 -1024 0 ) (523.076782 -1024 -120 ) (537.638733 -1024 -120 ) 
4 524 679 (523.076660 -1024 0 ) (462.634247 -1024 0 ) (462.634247 -1024 -120 ) (523.076782 -1024 -120 ) 
4 524 574 (442.599365 -981.308044 -120 ) (458.154236 -1024 -120 ) (458.154297 -1024 0 ) (442.599426 -981.308044 0 ) 
4 524 530 (545 -943.988098 -120 ) (541.064575 -945.422546 -120 ) (541.064575 -945.422607 0 ) (545.002747 -943.987305 0 ) 
4 524 529 (541.064575 -945.422546 -120 ) (442.598419 -981.308716 -120 ) (442.598419 -981.308716 0 ) (541.064575 -945.422607 0 ) 
4 524 528 (570.898499 -934.549561 -120 ) (550.130493 -942.118469 -120 ) (550.130432 -942.118530 0 ) (570.897827 -934.549805 0 ) 
4 524 525 (539.868958 -1019.858521 -120 ) (570.901062 -934.546631 -120 ) (570.900391 -934.546875 0 ) (539.868225 -1019.858826 0 ) 
4 525 549 (882.936829 -894.924988 -120 ) (781.229126 -857.893860 -120 ) (781.230530 -857.893311 0 ) (882.938599 -894.924316 0 ) 
4 525 538 (592.687988 -926.608337 -120 ) (580.369995 -931.097656 -120 ) (580.370361 -931.097534 0 ) (592.688538 -926.608154 0 ) 
4 525 537 (731.481689 -876.024780 -120 ) (592.687988 -926.608337 -120 ) (592.688538 -926.608154 0 ) (731.481689 -876.024780 0 ) 
4 525 535 (781.236328 -857.891602 0 ) (781.236328 -857.891602 -120 ) (731.481689 -876.024780 -120 ) (731.481689 -876.024780 0 ) 
4 525 528 (580.369995 -931.097656 -120 ) (570.898499 -934.549561 -120 ) (570.897827 -934.549805 0 ) (580.370361 -931.097534 0 ) 
4 525 526 (545.003601 -1017.989868 -120 ) (882.941040 -894.925171 -120 ) (882.941040 -894.925171 0 ) (545.002502 -1017.990234 0 ) 
4 526 681 (1024 -1024 -120 ) (1024 -1024 0 ) (561.486084 -1024 0 ) (561.488281 -1024 -120 ) 
4 526 549 (1024 -946.285156 -120 ) (882.936829 -894.924988 -120 ) (882.938599 -894.924316 0 ) (1024 -946.283508 0 ) 
4 526 527 (550.126526 -1019.856079 -120 ) (561.492493 -1024 -120 ) (561.489990 -1024 0 ) (550.126892 -1019.857056 0 ) 
4 527 684 (552.362061 -1024 0 ) (551.638733 -1024 0 ) (551.638733 -1024 -120 ) (552.362061 -1024 -120 ) 
4 527 681 (561.486084 -1024 0 ) (552.362061 -1024 0 ) (552.362061 -1024 -120 ) (561.488281 -1024 -120 ) 
4 528 538 (580.370117 -931.095703 0 ) (580.369812 -931.095825 -120 ) (567.249146 -895.140747 -120 ) (567.249329 -895.140198 0 ) 
4 528 533 (556.011719 -925.978943 -120 ) (552 -936.988159 -120 ) (552 -936.989685 0 ) (556.011475 -925.979553 0 ) 
4 528 531 (567.250977 -895.134766 0 ) (567.250793 -895.135254 -120 ) (556.011719 -925.978943 -120 ) (556.011475 -925.979553 0 ) 
4 529 578 (382 -814.987305 -120 ) (383.431610 -818.915833 -120 ) (383.431519 -818.915527 0 ) (382 -814.987244 0 ) 
4 529 575 (374.977448 -795.712524 -120 ) (380.131836 -809.859253 -120 ) (380.131897 -809.859375 0 ) (374.977448 -795.712463 0 ) 
4 529 574 (383.431610 -818.915833 -120 ) (442.599365 -981.308044 -120 ) (442.599426 -981.308044 0 ) (383.431519 -818.915527 0 ) 
4 529 567 (338.963013 -696.867188 -120 ) (374.977448 -795.712524 -120 ) (374.977448 -795.712463 0 ) (338.963043 -696.867188 0 ) 
4 529 549 (467.799683 -743.776306 -120 ) (440.794281 -733.943787 -120 ) (440.794617 -733.943665 0 ) (467.799561 -743.775940 0 ) 
4 529 546 (369.874054 -708.122192 -120 ) (366.575500 -706.921204 -120 ) (366.575531 -706.921143 0 ) (369.873749 -708.122009 0 ) 
4 529 545 (386.002777 -713.994568 -120 ) (375 -709.988281 -120 ) (375 -709.988220 0 ) (386.002747 -713.994446 0 ) 
4 529 543 (440.794281 -733.943787 -120 ) (386.002777 -713.994568 -120 ) (386.002747 -713.994446 0 ) (440.794617 -733.943665 0 ) 
4 529 542 (366.575500 -706.921204 -120 ) (338.958984 -696.866211 -120 ) (338.958984 -696.866211 0 ) (366.575531 -706.921143 0 ) 
4 529 532 (538 -936.988220 -120 ) (536.571472 -933.056641 -120 ) (536.571594 -933.057007 0 ) (538 -936.988403 0 ) 
4 529 531 (536.571472 -933.056641 -120 ) (467.799347 -743.776245 -120 ) (467.799347 -743.776245 0 ) (536.571594 -933.057007 0 ) 
4 529 530 (541.064270 -945.422119 0 ) (541.064270 -945.422119 -120 ) (539.864929 -942.121155 -120 ) (539.864258 -942.119324 0 ) 
4 531 549 (518.788391 -762.340942 -120 ) (467.799683 -743.776306 -120 ) (467.799561 -743.775940 0 ) (518.788574 -762.340576 0 ) 
4 531 540 (541.073547 -823.410706 -120 ) (539.872559 -820.119629 -120 ) (539.873047 -820.119751 0 ) (541.073914 -823.410583 0 ) 
4 531 539 (545.011169 -834.201050 -120 ) (541.073547 -823.410706 -120 ) (541.073914 -823.410583 0 ) (545.011353 -834.200439 0 ) 
4 531 538 (567.249146 -895.140747 -120 ) (545.011169 -834.201050 -120 ) (545.011353 -834.200439 0 ) (567.249329 -895.140198 0 ) 
4 531 536 (538 -814.988098 -120 ) (533.978088 -803.966675 -120 ) (533.978516 -803.966797 0 ) (538 -814.987488 0 ) 
4 531 535 (533.978088 -803.966675 -120 ) (518.788452 -762.341919 -120 ) (518.788879 -762.342102 0 ) (533.978516 -803.966797 0 ) 
4 531 534 (544.996887 -929.986877 -120 ) (548.932617 -928.553833 -120 ) (548.931763 -928.554749 0 ) (544.997742 -929.987183 0 ) 
4 531 533 (548.932617 -928.553833 -120 ) (556.012451 -925.976013 -120 ) (556.012207 -925.976685 0 ) (548.931763 -928.554749 0 ) 
4 531 532 (536.570618 -933.055542 0 ) (536.570435 -933.055054 -120 ) (539.864502 -931.855652 -120 ) (539.864502 -931.856201 0 ) 
4 533 534 (548.933105 -928.557312 0 ) (548.933899 -928.556458 -120 ) (550.131958 -931.850586 -120 ) (550.130676 -931.850159 0 ) 
4 535 549 (781.229126 -857.893860 -120 ) (518.788391 -762.340942 -120 ) (518.788574 -762.340576 0 ) (781.230530 -857.893311 0 ) 
4 535 541 (541.058594 -806.549255 -120 ) (545 -807.987610 -120 ) (545 -807.987610 0 ) (541.058655 -806.549255 0 ) 
4 535 537 (550.130432 -809.859070 -120 ) (731.482849 -876.024963 -120 ) (731.482849 -876.024963 0 ) (550.131104 -809.859314 0 ) 
4 535 536 (533.980469 -803.966797 0 ) (533.980042 -803.966675 -120 ) (541.058594 -806.549255 -120 ) (541.058655 -806.549255 0 ) 
4 536 541 (539.860413 -809.856873 -120 ) (541.059570 -806.548828 -120 ) (541.059570 -806.548828 0 ) (539.860413 -809.856873 0 ) 
4 537 538 (552 -814.990356 -120 ) (592.685852 -926.607544 -120 ) (592.686340 -926.607361 0 ) (552 -814.989502 0 ) 
4 538 539 (550.129150 -820.129456 -120 ) (545.010803 -834.200256 -120 ) (545.010986 -834.199768 0 ) (550.129150 -820.129456 0 ) 
4 539 540 (544.998535 -821.987488 -120 ) (541.073242 -823.409851 -120 ) (541.073547 -823.409729 0 ) (544.998535 -821.987427 0 ) 
4 542 567 (85.058594 0 -120 ) (338.963013 -696.867188 -120 ) (338.963043 -696.867188 0 ) (85.058594 0 0 ) 
4 542 548 (369.859314 -697.857239 -120 ) (371.057007 -694.550232 -120 ) (371.057007 -694.550232 0 ) (369.858093 -697.860596 0 ) 
4 542 546 (366.577240 -706.919495 0 ) (366.577240 -706.919495 -120 ) (368 -702.989502 -120 ) (368 -702.989807 0 ) 
4 542 544 (371.057007 -694.550232 -120 ) (374.986053 -683.701538 -120 ) (374.986053 -683.701538 0 ) (371.057007 -694.550232 0 ) 
4 542 543 (374.986053 -683.701538 -120 ) (622.601135 0 -120 ) (622.601196 0 0 ) (374.986053 -683.701538 0 ) 
4 543 553 (544.998047 -695.987244 -120 ) (548.926697 -694.556274 -120 ) (548.927612 -694.555908 0 ) (544.997559 -695.987366 0 ) 
4 543 551 (525.789612 -702.983704 -120 ) (539.865417 -697.856750 -120 ) (539.867432 -697.855957 0 ) (525.789551 -702.983704 0 ) 
4 543 550 (548.926697 -694.556274 -120 ) (1024 -521.515869 -120 ) (1024 -521.515747 0 ) (548.927612 -694.555908 0 ) 
4 543 549 (440.796875 -733.941406 0 ) (440.796875 -733.941406 -120 ) (525.789612 -702.983704 -120 ) (525.789551 -702.983704 0 ) 
4 543 547 (382 -702.987366 -120 ) (383.429840 -706.918457 -120 ) (383.429840 -706.918457 0 ) (382 -702.987366 0 ) 
4 543 545 (383.429840 -706.918457 -120 ) (386.003021 -713.994080 -120 ) (386.003021 -713.994080 0 ) (383.429840 -706.918457 0 ) 
4 543 544 (374.984375 -683.695313 0 ) (374.984375 -683.695313 -120 ) (380.135834 -697.860657 -120 ) (380.135834 -697.860657 0 ) 
4 544 548 (371.053406 -694.549255 0 ) (371.053406 -694.549255 -120 ) (375 -695.988037 -120 ) (375.003845 -695.989502 0 ) 
4 545 547 (383.429230 -706.917419 0 ) (383.429230 -706.917419 -120 ) (380.132935 -708.117798 -120 ) (380.132935 -708.117798 0 ) 
4 549 555 (548.930542 -711.420410 -120 ) (545.006287 -709.989624 -120 ) (545.002991 -709.988464 0 ) (548.930481 -711.420471 0 ) 
4 549 554 (539.865662 -708.115295 -120 ) (536.572510 -706.914612 -120 ) (536.574036 -706.915222 0 ) (539.865662 -708.115356 0 ) 
4 549 552 (556.010620 -714.001831 -120 ) (548.930542 -711.420410 -120 ) (548.930481 -711.420471 0 ) (556.011719 -714.002319 0 ) 
4 549 551 (536.572510 -706.914612 -120 ) (525.792969 -702.984375 -120 ) (525.792969 -702.984375 0 ) (536.574036 -706.915222 0 ) 
4 549 550 (1024 -884.632813 -120 ) (556.010620 -714.001831 -120 ) (556.011719 -714.002319 0 ) (1024 -884.633301 0 ) 
4 550 553 (548.928162 -694.554993 0 ) (548.927307 -694.555298 -120 ) (550.130615 -697.858459 -120 ) (550.131836 -697.859253 0 ) 
4 550 552 (552 -702.989136 -120 ) (556.012512 -714.005432 -120 ) (556.013672 -714.005859 0 ) (552 -702.987793 0 ) 
4 551 554 (536.573853 -706.915588 0 ) (536.572266 -706.915039 -120 ) (538 -702.987793 -120 ) (538 -702.990234 0 ) 
4 552 555 (550.132935 -708.115723 -120 ) (548.929932 -711.420288 -120 ) (548.929932 -711.420288 0 ) (550.133911 -708.113037 0 ) 
4 556 942 (0 -610.902222 0 ) (0 -578.928711 0 ) (0 -578.928772 -120 ) (0 -610.902222 -120 ) 
4 556 941 (0 -882.064636 0 ) (0 -610.902222 0 ) (0 -610.902222 -120 ) (0 -882.058350 -120 ) 
4 556 939 (0 -578.928711 0 ) (0 0 0 ) (0 0 -120 ) (0 -578.928772 -120 ) 
4 556 693 (399.711304 -1024 0 ) (391.578217 -1024 0 ) (391.595612 -1024 -120 ) (399.711304 -1024 -120 ) 
4 556 566 (368 -936.987183 -120 ) (366.564636 -933.050537 -120 ) (366.565308 -933.050293 0 ) (368 -936.986877 0 ) 
4 556 563 (371.072662 -945.420044 -120 ) (369.868134 -942.114990 -120 ) (369.869446 -942.116455 0 ) (371.073273 -945.419678 0 ) 
4 556 562 (366.564636 -933.050537 -120 ) (26.516602 0 -120 ) (26.517578 0 0 ) (366.565308 -933.050293 0 ) 
4 556 561 (375.004517 -956.208557 -120 ) (371.072662 -945.420044 -120 ) (371.073273 -945.419678 0 ) (375.004608 -956.206848 0 ) 
4 556 560 (399.710938 -1024 -120 ) (375.004517 -956.208557 -120 ) (375.004608 -956.206848 0 ) (399.711639 -1024 0 ) 
4 556 559 (371.066559 -1016.559509 -120 ) (375.006439 -1017.987610 -120 ) (374.993317 -1017.988220 0 ) (371.064789 -1016.564270 0 ) 
4 556 558 (380.117004 -1019.840027 -120 ) (391.593750 -1024 -120 ) (391.578827 -1024 0 ) (380.118134 -1019.845825 0 ) 
4 556 557 (0 -882.058594 -120 ) (371.066559 -1016.559509 -120 ) (371.064789 -1016.564270 0 ) (0 -882.064453 0 ) 
4 557 941 (0 -1024 -120 ) (0 -1024 0 ) (0 -882.064636 0 ) (0 -882.058350 -120 ) 
4 557 692 (368.360077 -1024 0 ) (367.638916 -1024 0 ) (367.639526 -1024 -120 ) (368.360046 -1024 -120 ) 
4 557 688 (367.638916 -1024 0 ) (209.254196 -1024 0 ) (209.253067 -1024 -120 ) (367.639526 -1024 -120 ) 
4 557 687 (209.254196 -1024 0 ) (0 -1024 0 ) (0 -1024 -120 ) (209.253067 -1024 -120 ) 
4 557 559 (369.870758 -1019.848877 -120 ) (371.067444 -1016.558899 -120 ) (371.065430 -1016.564453 0 ) (369.872467 -1019.844177 0 ) 
4 558 693 (391.578217 -1024 0 ) (381.637024 -1024 0 ) (381.638031 -1024 -120 ) (391.595612 -1024 -120 ) 
4 560 693 (419 -1024 0 ) (399.711304 -1024 0 ) (399.711304 -1024 -120 ) (419 -1024 -120 ) 
4 560 574 (418.998047 -1024 -120 ) (384.665649 -929.667786 -120 ) (384.665314 -929.667114 0 ) (418.998047 -1024 0 ) 
4 560 565 (383.430847 -933.061584 -120 ) (382 -936.990112 -120 ) (382 -936.989319 0 ) (383.430084 -933.062012 0 ) 
4 560 564 (384.666870 -929.664429 0 ) (384.667053 -929.665527 -120 ) (383.430847 -933.061584 -120 ) (383.430084 -933.062012 0 ) 
4 560 561 (380.135071 -942.115417 -120 ) (375.005188 -956.207825 -120 ) (375.004883 -956.207031 0 ) (380.134369 -942.115723 0 ) 
4 561 563 (375.002960 -943.987366 -120 ) (371.073639 -945.420105 -120 ) (371.073639 -945.420105 0 ) (375.001648 -943.987854 0 ) 
4 562 574 (383.640472 -926.851013 -120 ) (355.497772 -849.525757 -120 ) (355.497681 -849.525940 0 ) (383.640381 -926.851013 0 ) 
4 562 573 (327.012299 -771.258667 -120 ) (324.269043 -763.721313 -120 ) (324.268799 -763.721252 0 ) (327.012024 -771.258545 0 ) 
4 562 571 (355.497772 -849.525757 -120 ) (327.012299 -771.258667 -120 ) (327.012024 -771.258545 0 ) (355.497681 -849.525940 0 ) 
4 562 569 (320 -751.989746 -120 ) (310.850586 -726.852539 -120 ) (310.850281 -726.852417 0 ) (320 -751.990173 0 ) 
4 562 568 (310.850586 -726.852539 -120 ) (46.311005 0 -120 ) (46.310177 0 0 ) (310.850281 -726.852417 0 ) 
4 562 566 (366.563629 -933.050354 0 ) (366.563629 -933.050354 -120 ) (369.862823 -931.852600 -120 ) (369.863495 -931.852356 0 ) 
4 562 564 (375.001190 -929.987122 -120 ) (383.641510 -926.850342 -120 ) (383.641693 -926.850281 0 ) (375 -929.987488 0 ) 
4 564 574 (384.665649 -929.667786 -120 ) (383.640472 -926.851013 -120 ) (383.640381 -926.851013 0 ) (384.665314 -929.667114 0 ) 
4 564 565 (380.135345 -931.858459 -120 ) (383.430695 -933.060364 -120 ) (383.429932 -933.060791 0 ) (380.135651 -931.859253 0 ) 
4 567 575 (371.450928 -805.453003 -120 ) (374.976593 -795.713196 -120 ) (374.976593 -795.713196 0 ) (371.450806 -805.453308 0 ) 
4 567 572 (352 -751.988403 -120 ) (355.269470 -760.975647 -120 ) (355.269257 -760.975525 0 ) (352 -751.988647 0 ) 
4 567 571 (355.269470 -760.975647 -120 ) (371.451263 -805.454773 -120 ) (371.451172 -805.455078 0 ) (355.269257 -760.975525 0 ) 
4 567 568 (78.421875 0 -120 ) (347.730286 -740.252502 -120 ) (347.730072 -740.252441 0 ) (78.421875 0 0 ) 
4 568 570 (327.001770 -732.722046 -120 ) (335.995361 -735.989685 -120 ) (335.996216 -735.989990 0 ) (327.001801 -732.722107 0 ) 
4 568 569 (310.851685 -726.854309 0 ) (310.851440 -726.854248 -120 ) (327.001770 -732.722046 -120 ) (327.001801 -732.722107 0 ) 
4 569 570 (324.259338 -740.269897 -120 ) (327.001953 -732.722656 -120 ) (327.001953 -732.722656 0 ) (324.259064 -740.270630 0 ) 
4 571 579 (366.577637 -818.915649 -120 ) (368 -814.987122 -120 ) (368 -814.987427 0 ) (366.577637 -818.915649 0 ) 
4 571 577 (369.856445 -809.857788 -120 ) (371.054138 -806.549133 -120 ) (371.054138 -806.549133 0 ) (369.856445 -809.857788 0 ) 
4 571 576 (364.016968 -825.989624 -120 ) (366.577637 -818.915649 -120 ) (366.577637 -818.915649 0 ) (364.017029 -825.989380 0 ) 
4 571 575 (371.054138 -806.549133 -120 ) (371.450928 -805.453003 -120 ) (371.450806 -805.453308 0 ) (371.054138 -806.549133 0 ) 
4 571 574 (355.498047 -849.523438 0 ) (355.497925 -849.523743 -120 ) (364.016968 -825.989624 -120 ) (364.017029 -825.989380 0 ) 
4 571 573 (335.998901 -767.987610 -120 ) (327.013184 -771.257507 -120 ) (327.013306 -771.257263 0 ) (335.998596 -767.987488 0 ) 
4 571 572 (355.269257 -760.974854 0 ) (355.269501 -760.974976 -120 ) (347.730713 -763.718384 -120 ) (347.730774 -763.718140 0 ) 
4 574 693 (458.153748 -1024 0 ) (419 -1024 0 ) (419 -1024 -120 ) (458.153809 -1024 -120 ) 
4 574 578 (383.432465 -818.914917 0 ) (383.432556 -818.915161 -120 ) (380.137085 -820.115845 -120 ) (380.137177 -820.115540 0 ) 
4 574 576 (375 -821.987732 -120 ) (364.015503 -825.989563 -120 ) (364.015625 -825.989258 0 ) (374.998871 -821.987610 0 ) 
4 575 577 (371.056732 -806.548828 0 ) (371.056732 -806.548828 -120 ) (375.001648 -807.987427 -120 ) (375.001648 -807.987427 0 ) 
4 576 579 (369.871216 -820.116150 -120 ) (366.576416 -818.914368 -120 ) (366.576416 -818.914368 0 ) (369.870941 -820.116028 0 ) 
4 580 959 (0 -1024 -288.299988 ) (0 -1024 -166 ) (0 0 -166 ) (0 0 -288.299988 ) 
4 580 697 (1024 -1024 -288.299988 ) (1024 -1024 -166 ) (0 -1024 -166 ) (0 -1024 -288.299988 ) 
4 581 698 (3072 -2048 0 ) (3072 -2048 620.299988 ) (2048 -2048 620.299988 ) (2048 -2048 0 ) 
4 581 584 (2048 -2048 0 ) (2048 -2048 620.299988 ) (2048 -1024 620.299988 ) (2048 -1024 0 ) 
4 581 582 (3072 -2048 0 ) (2048 -2048 0 ) (2048 -1024 0 ) (3072 -1024 0 ) 
4 582 699 (3072 -2048 -120 ) (3072 -2048 0 ) (2048 -2048 0 ) (2048 -2048 -120 ) 
4 582 585 (2048 -2048 -120 ) (2048 -2048 0 ) (2048 -1024 0 ) (2048 -1024 -120 ) 
4 583 700 (3072 -2048 -288.299988 ) (3072 -2048 -166 ) (2048 -2048 -166 ) (2048 -2048 -288.299988 ) 
4 583 586 (2048 -2048 -288.299988 ) (2048 -2048 -166 ) (2048 -1024 -166 ) (2048 -1024 -288.299988 ) 
4 584 702 (2048 -2048 0 ) (2048 -2048 620.299988 ) (1024 -2048 620.299988 ) (1024 -2048 0 ) 
4 584 611 (1024 -1024 81 ) (1024 -1024 0 ) (1024 -2048 0 ) (1024 -2048 81 ) 
4 584 609 (1024 -1028.989990 81 ) (1024 -1042.989990 81 ) (1024 -1042.989990 242 ) (1024 -1028.989990 242 ) 
4 584 610 (1024 -1042.989990 81 ) (1024 -2048 81 ) (1024 -2048 242 ) (1024 -1042.989990 242 ) 
4 584 607 (1024 -1024 83 ) (1024 -1024 81 ) (1024 -1028.989990 81 ) (1024 -1028.989990 83 ) 
4 584 606 (1024 -1024 242 ) (1024 -1024 83 ) (1024 -1028.989990 83 ) (1024 -1028.989990 242 ) 
4 584 587 (1024 -1024 620.299988 ) (1024 -1024 242 ) (1024 -1044.989990 242 ) (1024 -1044.989990 620.299988 ) 
4 584 604 (1024 -1044.989990 242 ) (1024 -2048 242 ) (1024 -2048 620.299988 ) (1024 -1044.989990 620.299988 ) 
4 584 585 (2048 -2048 0 ) (1024 -2048 0 ) (1024 -1024 0 ) (2048 -1024 0 ) 
4 585 703 (2048 -2048 -120 ) (2048 -2048 0 ) (1024 -2048 0 ) (1024 -2048 -120 ) 
4 585 681 (1024 -1024 0 ) (1024 -1024 -120 ) (1024 -1206.562378 -120 ) (1024 -1206.562378 0 ) 
4 585 679 (1024 -1206.562378 -120 ) (1024 -2048 -120 ) (1024 -2048 0 ) (1024 -1206.562378 0 ) 
4 586 704 (2048 -2048 -288.299988 ) (2048 -2048 -166 ) (1024 -2048 -166 ) (1024 -2048 -288.299988 ) 
4 586 697 (1024 -1024 -166 ) (1024 -1024 -288.299988 ) (1024 -2048 -288.299988 ) (1024 -2048 -166 ) 
4 587 639 (364.100037 -1044.989990 620.299988 ) (364.100037 -1024 620.299988 ) (364.100037 -1024 393.564636 ) (364.100037 -1044.989990 393.564636 ) 
4 587 609 (1024 -1028.989990 242 ) (1024 -1042.989990 242 ) (561.709595 -1042.989990 242 ) (561.709595 -1028.989990 242 ) 
4 587 610 (1024 -1042.989990 242 ) (1024 -1044.989990 242 ) (561.709595 -1044.989990 242 ) (561.709595 -1042.989990 242 ) 
4 587 606 (561.709595 -1024 242 ) (1024 -1024 242 ) (1024 -1028.989990 242 ) (561.709595 -1028.989990 242 ) 
4 587 597 (456.101990 -1044.989990 323.001038 ) (364.100037 -1044.989990 393.565643 ) (364.100037 -1024 393.565643 ) (456.101990 -1024 323.001038 ) 
4 587 596 (548.101990 -1044.989990 252.437943 ) (456.101990 -1044.989990 323.001038 ) (456.101990 -1042.989990 323.001038 ) (548.101990 -1042.989990 252.437943 ) 
4 587 590 (559.099426 -1044.989990 244.003021 ) (548.101990 -1044.989990 252.437943 ) (548.101990 -1042.989990 252.437943 ) (559.099426 -1042.989990 244.003006 ) 
4 587 588 (561.710938 -1044.989990 242 ) (559.099426 -1044.989990 244.003021 ) (559.099609 -1024 244.002853 ) (561.710938 -1024 242 ) 
5 587 604 (561.709595 -1044.989990 242 ) (1024 -1044.989990 242 ) (1024 -1044.989990 620.299988 ) (364.100037 -1044.989990 620.299988 ) (364.100037 -1044.989990 393.564636 ) 
4 588 609 (561.709595 -1028.989990 242 ) (561.709595 -1042.989990 242 ) (558.098511 -1042.989990 242 ) (558.098694 -1028.989990 242 ) 
4 588 610 (561.709595 -1042.989990 242 ) (561.709595 -1044.989990 242 ) (558.098450 -1044.989990 242 ) (558.098511 -1042.989990 242 ) 
4 588 606 (558.098755 -1024 242 ) (561.709595 -1024 242 ) (561.709595 -1028.989990 242 ) (558.098694 -1028.989990 242 ) 
4 588 590 (558.099609 -1042.989990 242 ) (558.099609 -1044.989990 242 ) (559.098938 -1044.989990 244.002151 ) (559.098938 -1042.989990 244.002136 ) 
3 588 604 (558.098450 -1044.989990 242 ) (561.709595 -1044.989990 242 ) (559.099060 -1044.989990 244.002258 ) 
4 589 608 (554.478577 -1028.989990 242 ) (554.478577 -1042.989990 242 ) (548.101990 -1042.989990 242 ) (548.101990 -1028.989990 242 ) 
4 589 605 (548.101990 -1024 242 ) (554.478577 -1024 242 ) (554.478577 -1028.989990 242 ) (548.101990 -1028.989990 242 ) 
4 589 595 (548.101990 -1035.989990 242 ) (548.101990 -1042.989990 242 ) (548.101990 -1042.989990 246.861328 ) (548.101990 -1035.989990 246.861328 ) 
4 589 594 (548.101990 -1028.989990 242 ) (548.101990 -1035.989990 242 ) (548.101990 -1035.989990 246.861328 ) (548.101990 -1028.989990 246.861328 ) 
3 589 590 (548.101990 -1042.989990 246.861328 ) (548.101990 -1042.989990 242 ) (554.478577 -1042.989990 242 ) 
4 590 610 (558.098450 -1042.989990 242 ) (558.098450 -1044.989990 242 ) (548.101990 -1044.989990 242 ) (548.101990 -1042.989990 242 ) 
4 590 596 (548.101990 -1042.989990 242 ) (548.101990 -1044.989990 242 ) (548.101990 -1044.989990 252.435272 ) (548.101990 -1042.989990 252.435272 ) 
4 590 604 (548.101990 -1044.989990 242 ) (558.098450 -1044.989990 242 ) (559.099060 -1044.989990 244.002258 ) (548.101990 -1044.989990 252.436905 ) 
4 591 598 (456.101990 -1028.989990 290 ) (456.101990 -1028.989990 305 ) (456.101990 -1024 305 ) (456.101990 -1024 290 ) 
4 591 594 (456.101990 -1028.989990 305 ) (456.101990 -1028.989990 290 ) (484.007477 -1028.989990 290 ) (464.087311 -1028.989990 305 ) 
4 592 599 (456.101990 -1028.989990 247 ) (456.101990 -1028.989990 285 ) (456.101990 -1024 285 ) (456.101990 -1024 247 ) 
4 592 594 (456.101990 -1028.989990 285 ) (456.101990 -1028.989990 247 ) (541.111938 -1028.989990 247 ) (490.647461 -1028.989990 285 ) 
4 593 600 (456.101990 -1035.989990 311 ) (456.101990 -1035.989990 317 ) (456.101990 -1028.989990 317 ) (456.101990 -1028.989990 311 ) 
4 593 595 (456.101990 -1035.989990 317 ) (456.101990 -1035.989990 311 ) (464.101959 -1035.989990 305 ) (471.842194 -1035.989990 305 ) 
4 593 594 (471.842224 -1035.989990 305 ) (464.101959 -1035.989990 305 ) (464.101959 -1028.989990 305 ) (471.842224 -1028.989990 305 ) 
4 594 608 (548.101990 -1028.989990 242 ) (548.101990 -1035.989990 242 ) (456.101990 -1035.989990 242 ) (456.101990 -1028.989990 242 ) 
4 594 602 (456.101990 -1028.989990 242 ) (456.101990 -1035.989990 242 ) (456.101990 -1035.989990 305 ) (456.101990 -1028.989990 305 ) 
5 594 595 (456.101990 -1035.989990 305 ) (456.101990 -1035.989990 242 ) (548.101990 -1035.989990 242 ) (548.101990 -1035.989990 246.861343 ) (471.842194 -1035.989990 305 ) 
4 595 608 (548.101990 -1035.989990 242 ) (548.101990 -1042.989990 242 ) (456.101990 -1042.989990 242 ) (456.101990 -1035.989990 242 ) 
4 595 603 (456.101990 -1035.989990 242 ) (456.101990 -1042.989990 242 ) (456.101990 -1042.989990 317 ) (456.101990 -1035.989990 317 ) 
4 595 596 (456.101990 -1042.989990 317 ) (456.101990 -1042.989990 242 ) (548.101990 -1042.989990 242 ) (548.101990 -1042.989990 246.861343 ) 
4 596 610 (548.101990 -1042.989990 242 ) (548.101990 -1044.989990 242 ) (456.101990 -1044.989990 242 ) (456.101990 -1042.989990 242 ) 
4 596 603 (456.101990 -1042.989990 242 ) (456.101990 -1044.989990 242 ) (456.101990 -1044.989990 317 ) (456.101990 -1042.989990 317 ) 
4 596 604 (456.101990 -1044.989990 242 ) (548.101990 -1044.989990 242 ) (548.101990 -1044.989990 252.436905 ) (456.101990 -1044.989990 323 ) 
4 597 639 (364.100037 -1024 393.564636 ) (364.100037 -1024 252.436768 ) (364.100037 -1044.989990 252.436768 ) (364.100037 -1044.989990 393.564636 ) 
3 597 604 (456.101990 -1044.989990 323 ) (364.100037 -1044.989990 393.564636 ) (364.100037 -1044.989990 252.436768 ) 
4 598 602 (456.101990 -1028.989990 290 ) (456.101990 -1028.989990 305 ) (448.133881 -1028.989990 305 ) (428.213654 -1028.989990 290 ) 
4 599 602 (456.101990 -1028.989990 247 ) (456.101990 -1028.989990 285 ) (421.573608 -1028.989990 285 ) (371.108978 -1028.989990 247 ) 
3 600 603 (456.101990 -1035.989990 311 ) (456.101990 -1035.989990 317 ) (452.133942 -1035.989990 313.974945 ) 
4 600 601 (452.135223 -1035.989990 313.974945 ) (452.135284 -1028.989990 313.974945 ) (456.101990 -1028.989990 311 ) (456.101990 -1035.989990 311 ) 
4 601 603 (456.100006 -1035.989990 311 ) (452.133942 -1035.989990 313.974945 ) (440.361267 -1035.989990 305 ) (448.105988 -1035.989990 305 ) 
4 601 602 (448.106018 -1035.989990 305 ) (440.359467 -1035.989990 305 ) (440.359497 -1028.989990 305 ) (448.106049 -1028.989990 305 ) 
4 602 640 (364.100037 -1028.989990 242 ) (364.100037 -1035.989990 242 ) (364.100037 -1035.989990 246.861938 ) (364.100037 -1028.989990 246.861893 ) 
4 602 608 (364.100037 -1035.989990 242 ) (364.100037 -1028.989990 242 ) (456.101990 -1028.989990 242 ) (456.101990 -1035.989990 242 ) 
5 602 603 (456.101990 -1035.989990 242 ) (456.101990 -1035.989990 305 ) (440.361267 -1035.989990 305 ) (364.100037 -1035.989990 246.861938 ) (364.100037 -1035.989990 242 ) 
4 603 640 (364.100037 -1035.989990 242 ) (364.100037 -1044.989990 242 ) (364.100037 -1044.989990 246.861969 ) (364.100037 -1035.989990 246.861938 ) 
4 603 608 (364.100037 -1042.989990 242 ) (364.100037 -1035.989990 242 ) (456.101990 -1035.989990 242 ) (456.101990 -1042.989990 242 ) 
4 603 610 (364.100037 -1044.989990 242 ) (364.100037 -1042.989990 242 ) (456.101990 -1042.989990 242 ) (456.101990 -1044.989990 242 ) 
4 603 604 (364.100037 -1044.989990 242 ) (456.101990 -1044.989990 242 ) (456.101990 -1044.989990 317 ) (364.100037 -1044.989990 246.861969 ) 
4 604 706 (1024 -2048 242 ) (1024 -2048 620.299988 ) (364.100037 -2048 620.299988 ) (364.100037 -2048 242 ) 
4 604 651 (364.100037 -2048 242 ) (364.100037 -2048 620.299988 ) (364.100037 -1183.989990 620.299988 ) (364.100037 -1183.989990 242 ) 
4 604 642 (364.100037 -1183.989990 620.299988 ) (364.100037 -1044.989990 620.299988 ) (364.100037 -1044.989990 242 ) (364.100037 -1183.989990 242 ) 
4 604 610 (1024 -2048 242 ) (364.100037 -2048 242 ) (364.100037 -1044.989990 242 ) (1024 -1044.989990 242 ) 
4 605 608 (554.478516 -1028.989990 242 ) (548.101990 -1028.989990 242 ) (548.101990 -1028.989990 83 ) (763.036987 -1028.989990 83 ) 
4 605 607 (763.036987 -1028.989990 83 ) (548.101990 -1028.989990 83 ) (548.101990 -1024 83 ) (763.036987 -1024 83 ) 
4 605 606 (557.100647 -1028.989990 240.002914 ) (763.039307 -1028.989990 83 ) (763.039307 -1024 83 ) (557.100708 -1024 240.002869 ) 
5 606 609 (1024 -1028.989990 83 ) (1024 -1028.989990 242 ) (558.098633 -1028.989990 242 ) (557.099915 -1028.989990 240.001511 ) (763.036987 -1028.989990 83 ) 
4 606 607 (1024 -1028.989990 83 ) (763.036987 -1028.989990 83 ) (763.036987 -1024 83 ) (1024 -1024 83 ) 
3 607 613 (551.638733 -1024 81 ) (552.361938 -1024 81 ) (552 -1024.989990 81 ) 
4 607 611 (552.361938 -1024 81 ) (1024 -1024 81 ) (1024 -1028.989990 81 ) (550.537231 -1028.989990 81 ) 
4 607 609 (765.660339 -1028.989990 81 ) (1024 -1028.989990 81 ) (1024 -1028.989990 83 ) (763.036987 -1028.989990 83 ) 
4 607 608 (548.101990 -1028.989990 81 ) (765.660339 -1028.989990 81 ) (763.036987 -1028.989990 83 ) (548.101990 -1028.989990 83 ) 
4 608 645 (364.100037 -1028.989990 216 ) (364.100037 -1028.989990 81 ) (364.100037 -1042.989990 81 ) (364.100037 -1042.989990 216 ) 
4 608 640 (364.100037 -1042.989990 242 ) (364.100037 -1028.989990 242 ) (364.100037 -1028.989990 216 ) (364.100037 -1042.989990 216 ) 
4 608 636 (364.100037 -1033.989990 81 ) (364.100037 -1032.989990 81 ) (548.101990 -1032.989990 81 ) (548.101990 -1033.989990 81 ) 
4 608 630 (375.001068 -1031.990356 81 ) (372.259216 -1032.989990 81 ) (370.912109 -1032.989990 81 ) (369.866730 -1030.119141 81 ) 
3 608 629 (380.130951 -1030.120117 81 ) (379.084229 -1032.989990 81 ) (372.259216 -1032.989990 81 ) 
4 608 628 (380.543121 -1028.989990 81 ) (395.100037 -1028.989990 81 ) (395.100037 -1032.989990 81 ) (379.084229 -1032.989990 81 ) 
4 608 627 (364.100037 -1032.989990 81 ) (364.100037 -1028.989990 81 ) (369.455566 -1028.989990 81 ) (370.912109 -1032.989990 81 ) 
3 608 617 (536.768555 -1028.989990 81 ) (539.459595 -1028.989990 81 ) (539.872437 -1030.121216 81 ) 
5 608 616 (395.100037 -1028.989990 81 ) (536.768555 -1028.989990 81 ) (545 -1031.989990 81 ) (542.258728 -1032.989990 81 ) (395.100037 -1032.989990 81 ) 
3 608 614 (548.101990 -1030.858276 81 ) (548.101990 -1032.989990 81 ) (542.258728 -1032.989990 81 ) 
4 608 638 (364.100037 -1042.989990 81 ) (364.100037 -1033.989990 81 ) (548.101990 -1033.989990 81 ) (548.101990 -1042.989990 81 ) 
3 608 612 (550.123718 -1030.120728 81 ) (548.101990 -1035.649292 81 ) (548.101990 -1030.858276 81 ) 
5 608 611 (550.537231 -1028.989990 81 ) (765.660400 -1028.989990 81 ) (765.660400 -1042.989990 81 ) (548.101990 -1042.989990 81 ) (548.101990 -1035.649292 81 ) 
4 608 609 (765.660156 -1028.989990 81 ) (557.099915 -1028.989990 240.001419 ) (557.099243 -1042.989990 240 ) (765.660156 -1042.989990 81 ) 
4 608 610 (364.100037 -1042.989990 81 ) (765.660400 -1042.989990 81 ) (554.478577 -1042.989990 242 ) (364.100037 -1042.989990 242 ) 
4 609 611 (765.660400 -1028.989990 81 ) (1024 -1028.989990 81 ) (1024 -1042.989990 81 ) (765.660400 -1042.989990 81 ) 
5 609 610 (765.660400 -1042.989990 81 ) (1024 -1042.989990 81 ) (1024 -1042.989990 242 ) (558.098511 -1042.989990 242 ) (557.099792 -1042.989990 240.001633 ) 
4 610 706 (1024 -2048 81 ) (1024 -2048 242 ) (364.100037 -2048 242 ) (364.100037 -2048 81 ) 
4 610 652 (364.100037 -2048 81 ) (364.100037 -2048 240 ) (364.100037 -1183.989990 240 ) (364.100037 -1183.989990 81 ) 
4 610 651 (364.100037 -2048 240 ) (364.100037 -2048 242 ) (364.100037 -1183.989990 242 ) (364.100037 -1183.989990 240 ) 
4 610 645 (364.100037 -1042.989990 216 ) (364.100037 -1042.989990 81 ) (364.100037 -1183.989990 81 ) (364.100037 -1183.989990 216 ) 
4 610 640 (364.100037 -1044.989990 242 ) (364.100037 -1042.989990 242 ) (364.100037 -1042.989990 216 ) (364.100037 -1044.989990 216 ) 
4 610 642 (364.100037 -1183.989990 242 ) (364.100037 -1044.989990 242 ) (364.100037 -1044.989990 216 ) (364.100037 -1183.989990 216 ) 
4 610 638 (364.100037 -2048 81 ) (364.100037 -1042.989990 81 ) (548.101990 -1042.989990 81 ) (548.101990 -2048 81 ) 
4 610 611 (548.101990 -1042.989990 81 ) (1024 -1042.989990 81 ) (1024 -2048 81 ) (548.101990 -2048 81 ) 
4 611 706 (548.101990 -2048 0 ) (1024 -2048 0 ) (1024 -2048 81 ) (548.101990 -2048 81 ) 
4 611 681 (548.917969 -1033.417847 0 ) (552.361938 -1024 0 ) (1024 -1024 0 ) (1024 -1206.562378 0 ) 
5 611 679 (1024 -2048 0 ) (548.101990 -2048 0 ) (548.101990 -1035.649170 0 ) (548.917969 -1033.417847 0 ) (1024 -1206.562378 0 ) 
4 611 638 (548.101990 -1035.649292 0 ) (548.101990 -2048 0 ) (548.101990 -2048 81 ) (548.101990 -1035.649170 81 ) 
4 611 613 (552.361694 -1024 0 ) (552 -1024.989502 0 ) (552 -1024.989502 81 ) (552.361694 -1024 81 ) 
4 611 612 (550.123352 -1030.120972 0 ) (548.101990 -1035.648438 0 ) (548.101990 -1035.648438 81 ) (550.123352 -1030.120972 81 ) 
4 612 683 (548.101990 -1033.120483 0 ) (548.101990 -1030.858276 0 ) (550.123657 -1030.120850 0 ) (548.917969 -1033.417847 0 ) 
3 612 679 (548.101990 -1035.649170 0 ) (548.101990 -1033.120483 0 ) (548.917969 -1033.417847 0 ) 
4 612 636 (548.101990 -1033.989990 78 ) (548.101990 -1033.989990 81 ) (548.101990 -1032.989990 81 ) (548.101990 -1032.989990 78 ) 
4 612 637 (548.101990 -1032.989990 0 ) (548.101990 -1033.989990 0 ) (548.101990 -1033.989990 73 ) (548.101990 -1032.989990 73 ) 
4 612 614 (548.101990 -1032.989990 78 ) (548.101990 -1032.989990 81 ) (548.101990 -1030.858276 81 ) (548.101990 -1030.858276 78 ) 
4 612 615 (548.101990 -1030.858276 0 ) (548.101990 -1032.989990 0 ) (548.101990 -1032.989990 73 ) (548.101990 -1030.858276 73 ) 
4 612 638 (548.101990 -1033.989990 0 ) (548.101990 -1035.649292 0 ) (548.101990 -1035.649170 81 ) (548.101990 -1033.989990 81 ) 
3 613 684 (551.638733 -1024 0 ) (552.361938 -1024 0 ) (552 -1024.989868 0 ) 
4 614 636 (548.101990 -1032.989990 78 ) (548.101990 -1032.989990 81 ) (542.258728 -1032.989990 81 ) (542.258728 -1032.989990 78 ) 
4 614 616 (545 -1031.989990 78 ) (542.257813 -1032.989990 78 ) (542.257813 -1032.989990 81 ) (545 -1031.989990 81 ) 
4 615 683 (548.101990 -1030.858276 0 ) (548.101990 -1032.989990 0 ) (547.743896 -1032.989990 0 ) (545 -1031.989990 0 ) 
3 615 679 (547.743896 -1032.989990 0 ) (542.258728 -1032.989990 0 ) (545 -1031.989990 0 ) 
4 615 637 (548.101990 -1032.989990 0 ) (548.101990 -1032.989990 73 ) (542.258728 -1032.989990 73 ) (542.258728 -1032.989990 0 ) 
4 615 618 (545 -1031.989990 0 ) (542.257813 -1032.989990 0 ) (542.257813 -1032.989990 73 ) (545 -1031.989990 73 ) 
4 616 636 (542.258728 -1032.989990 81 ) (395.100037 -1032.989990 81 ) (395.100037 -1032.989990 78 ) (542.258728 -1032.989990 78 ) 
4 616 628 (395.100037 -1032.989990 78 ) (395.100037 -1032.989990 81 ) (395.100037 -1028.989990 81 ) (395.100037 -1028.989990 78 ) 
4 616 617 (539.872314 -1030.120972 78 ) (536.767578 -1028.989990 78 ) (536.767578 -1028.989990 81 ) (539.872314 -1030.120972 81 ) 
4 618 679 (545 -1031.989990 0 ) (542.258728 -1032.989990 0 ) (536.101990 -1032.989990 0 ) (536.101990 -1028.747070 0 ) 
4 618 637 (536.101990 -1032.989990 0 ) (542.258728 -1032.989990 0 ) (542.258728 -1032.989990 73 ) (536.101990 -1032.989990 73 ) 
4 618 621 (536.101990 -1028.747070 0 ) (536.101990 -1032.989990 0 ) (536.101990 -1032.989990 61 ) (536.101990 -1028.747070 61 ) 
4 618 619 (536.101990 -1028.746094 0 ) (536.101990 -1028.746094 73 ) (539.872009 -1030.120117 73 ) (539.872009 -1030.120117 0 ) 
4 619 680 (536.101990 -1024 0 ) (537.638733 -1024 0 ) (539.872437 -1030.121216 0 ) (536.101990 -1028.747070 0 ) 
4 619 621 (536.101990 -1024 0 ) (536.101990 -1028.747070 0 ) (536.101990 -1028.747070 61 ) (536.101990 -1024 61 ) 
4 619 620 (538 -1024.990112 0 ) (537.639099 -1024 0 ) (537.639099 -1024 73 ) (538 -1024.989624 73 ) 
3 620 682 (537.638733 -1024 0 ) (538.360535 -1024 0 ) (538 -1024.990601 0 ) 
3 621 680 (523.076660 -1024 0 ) (536.101990 -1024 0 ) (536.101990 -1028.747070 0 ) 
5 621 679 (517.101990 -1024 0 ) (523.076660 -1024 0 ) (536.101990 -1028.747070 0 ) (536.101990 -1032.989990 0 ) (517.101990 -1032.989990 0 ) 
4 621 637 (517.101990 -1032.989990 0 ) (536.101990 -1032.989990 0 ) (536.101990 -1032.989990 61 ) (517.101990 -1032.989990 61 ) 
4 621 622 (517.101990 -1024 0 ) (517.101990 -1032.989990 0 ) (517.101990 -1032.989990 61 ) (517.101990 -1024 61 ) 
4 622 693 (395.100037 -1024 0 ) (462.634216 -1024 0 ) (459.362427 -1032.989990 0 ) (395.100037 -1032.989990 0 ) 
4 622 679 (462.634216 -1024 0 ) (517.101990 -1024 0 ) (517.101990 -1032.989990 0 ) (459.362427 -1032.989990 0 ) 
4 622 637 (395.100037 -1032.989990 73 ) (395.100037 -1032.989990 0 ) (517.101990 -1032.989990 0 ) (517.101990 -1032.989990 73 ) 
4 622 631 (395.100037 -1028.989990 0 ) (395.100037 -1032.989990 0 ) (395.100037 -1032.989990 61 ) (395.100037 -1028.989990 61 ) 
4 622 623 (395.100037 -1024 0 ) (395.100037 -1028.989990 0 ) (395.100037 -1028.989990 61 ) (395.100037 -1024 61 ) 
4 623 693 (381.637054 -1024 0 ) (395.100037 -1024 0 ) (395.100037 -1028.989990 0 ) (383.461548 -1028.989990 0 ) 
4 623 631 (395.100037 -1028.989990 0 ) (395.100037 -1028.989990 61 ) (383.461060 -1028.989990 61 ) (383.461548 -1028.989990 0 ) 
4 623 624 (383.461548 -1028.989990 0 ) (383.461029 -1028.989990 61 ) (382 -1024.993774 61 ) (382 -1024.992310 0 ) 
3 624 694 (382 -1024.993042 0 ) (383.461548 -1028.989990 0 ) (380.542358 -1028.989990 0 ) 
4 624 631 (380.542358 -1028.989990 0 ) (383.461548 -1028.989990 0 ) (383.461060 -1028.989990 61 ) (380.542908 -1028.989990 61 ) 
4 625 688 (364.100037 -1028.989990 0 ) (364.100037 -1024 0 ) (367.638947 -1024 0 ) (369.455963 -1028.989990 0 ) 
4 625 649 (364.100037 -1024 0 ) (364.100037 -1028.989990 0 ) (364.100037 -1028.989990 64 ) (364.100037 -1024 64 ) 
4 625 645 (364.100037 -1028.989990 64 ) (364.100037 -1028.989990 73 ) (364.100037 -1024 73 ) (364.100037 -1024 64 ) 
4 625 633 (364.100037 -1028.989990 73 ) (364.100037 -1028.989990 0 ) (369.455963 -1028.989990 0 ) (369.455597 -1028.989990 73 ) 
4 625 626 (368 -1024.991089 0 ) (367.638763 -1024 0 ) (367.638397 -1024 73 ) (368 -1024.991577 73 ) 
3 626 692 (367.638947 -1024 0 ) (368.360107 -1024 0 ) (368 -1024.990845 0 ) 
4 627 645 (364.100037 -1032.989990 78 ) (364.100037 -1032.989990 81 ) (364.100037 -1028.989990 81 ) (364.100037 -1028.989990 78 ) 
4 627 636 (370.912109 -1032.989990 81 ) (364.100037 -1032.989990 81 ) (364.100037 -1032.989990 78 ) (370.912109 -1032.989990 78 ) 
4 627 630 (370.911652 -1032.989990 81 ) (370.911652 -1032.989990 78 ) (369.866150 -1030.118896 78 ) (369.866150 -1030.118896 81 ) 
4 628 636 (395.100037 -1032.989990 81 ) (379.084229 -1032.989990 81 ) (379.084198 -1032.989990 78 ) (395.100037 -1032.989990 78 ) 
4 628 629 (380.130737 -1030.120117 78 ) (379.083771 -1032.989990 78 ) (379.083801 -1032.989990 81 ) (380.130768 -1030.120117 81 ) 
4 629 636 (379.084229 -1032.989990 81 ) (372.259216 -1032.989990 81 ) (372.259216 -1032.989990 78 ) (379.084198 -1032.989990 78 ) 
4 629 630 (375 -1031.990234 78 ) (372.259094 -1032.989990 78 ) (372.259125 -1032.989990 81 ) (375 -1031.990234 81 ) 
4 630 636 (372.259216 -1032.989990 81 ) (370.912109 -1032.989990 81 ) (370.912109 -1032.989990 78 ) (372.259216 -1032.989990 78 ) 
4 631 694 (380.542358 -1028.989990 0 ) (383.461548 -1028.989990 0 ) (384.924072 -1032.989990 0 ) (379.083435 -1032.989990 0 ) 
4 631 693 (383.461548 -1028.989990 0 ) (395.100037 -1028.989990 0 ) (395.100037 -1032.989990 0 ) (384.924072 -1032.989990 0 ) 
4 631 637 (379.083435 -1032.989990 0 ) (395.100037 -1032.989990 0 ) (395.100037 -1032.989990 61 ) (379.084015 -1032.989990 61 ) 
4 631 632 (379.082672 -1032.989990 0 ) (379.083282 -1032.989990 61 ) (380.129852 -1030.120361 61 ) (380.129272 -1030.120361 0 ) 
4 632 695 (380.130188 -1030.120117 0 ) (379.083435 -1032.989990 0 ) (376.100037 -1032.989990 0 ) (376.100037 -1031.589478 0 ) 
4 632 637 (376.100037 -1032.989990 0 ) (379.083435 -1032.989990 0 ) (379.084015 -1032.989990 61 ) (376.100037 -1032.989990 61 ) 
4 632 634 (376.100037 -1032.989990 0 ) (376.100037 -1032.989990 61 ) (376.100037 -1031.589722 61 ) (376.100037 -1031.589478 0 ) 
4 633 688 (364.100037 -1032.989990 0 ) (364.100037 -1028.989990 0 ) (369.455963 -1028.989990 0 ) (370.912506 -1032.989990 0 ) 
4 633 649 (364.100037 -1028.989990 0 ) (364.100037 -1032.989990 0 ) (364.100037 -1032.989990 64 ) (364.100037 -1028.989990 64 ) 
4 633 645 (364.100037 -1032.989990 64 ) (364.100037 -1032.989990 73 ) (364.100037 -1028.989990 73 ) (364.100037 -1028.989990 64 ) 
4 633 637 (364.100037 -1032.989990 73 ) (364.100037 -1032.989990 0 ) (370.912506 -1032.989990 0 ) (370.912140 -1032.989990 73 ) 
4 633 635 (369.868408 -1030.119751 73 ) (370.913544 -1032.989990 73 ) (370.913910 -1032.989990 0 ) (369.868835 -1030.119873 0 ) 
3 634 695 (376.100037 -1031.589478 0 ) (376.100037 -1032.989990 0 ) (372.258575 -1032.989990 0 ) 
4 634 637 (372.258575 -1032.989990 0 ) (376.100037 -1032.989990 0 ) (376.100037 -1032.989990 73 ) (372.259277 -1032.989990 73 ) 
4 634 635 (375 -1031.990356 0 ) (372.259033 -1032.989990 0 ) (372.259766 -1032.989990 73 ) (375.001282 -1031.990479 73 ) 
4 635 696 (375 -1031.990234 0 ) (372.258575 -1032.989990 0 ) (370.912506 -1032.989990 0 ) (369.867188 -1030.119263 0 ) 
4 635 637 (370.912506 -1032.989990 0 ) (372.258575 -1032.989990 0 ) (372.259277 -1032.989990 73 ) (370.912140 -1032.989990 73 ) 
4 636 645 (364.100037 -1033.989990 78 ) (364.100037 -1033.989990 81 ) (364.100037 -1032.989990 81 ) (364.100037 -1032.989990 78 ) 
4 636 638 (548.101990 -1033.989990 78 ) (548.101990 -1033.989990 81 ) (364.100037 -1033.989990 81 ) (364.100037 -1033.989990 78 ) 
3 637 696 (370.912506 -1032.989990 0 ) (372.258545 -1032.989990 0 ) (371.070251 -1033.423218 0 ) 
5 637 695 (372.258545 -1032.989990 0 ) (379.083466 -1032.989990 0 ) (378.718781 -1033.989990 0 ) (371.276642 -1033.989990 0 ) (371.070251 -1033.423218 0 ) 
4 637 694 (379.083466 -1032.989990 0 ) (384.924072 -1032.989990 0 ) (385.289673 -1033.989990 0 ) (378.718781 -1033.989990 0 ) 
4 637 693 (384.924072 -1032.989990 0 ) (459.362427 -1032.989990 0 ) (458.998474 -1033.989990 0 ) (385.289673 -1033.989990 0 ) 
4 637 688 (364.100037 -1033.989990 0 ) (364.100037 -1032.989990 0 ) (370.912506 -1032.989990 0 ) (371.276642 -1033.989990 0 ) 
4 637 679 (459.362427 -1032.989990 0 ) (548.101990 -1032.989990 0 ) (548.101990 -1033.989990 0 ) (458.998474 -1033.989990 0 ) 
4 637 649 (364.100037 -1032.989990 0 ) (364.100037 -1033.989990 0 ) (364.100037 -1033.989990 64 ) (364.100037 -1032.989990 64 ) 
4 637 645 (364.100037 -1033.989990 64 ) (364.100037 -1033.989990 73 ) (364.100037 -1032.989990 73 ) (364.100037 -1032.989990 64 ) 
4 637 638 (548.101990 -1033.989990 0 ) (548.101990 -1033.989990 73 ) (364.100037 -1033.989990 73 ) (364.100037 -1033.989990 0 ) 
4 638 706 (364.100037 -2048 0 ) (548.101990 -2048 0 ) (548.101990 -2048 81 ) (364.100037 -2048 81 ) 
3 638 695 (371.276642 -1033.989990 0 ) (378.718781 -1033.989990 0 ) (374.994720 -1044.200684 0 ) 
5 638 694 (378.718781 -1033.989990 0 ) (385.289673 -1033.989990 0 ) (422.229584 -1135.019897 0 ) (415.149231 -1154.474609 0 ) (374.994720 -1044.200684 0 ) 
3 638 693 (385.289673 -1033.989990 0 ) (458.998474 -1033.989990 0 ) (422.229584 -1135.019897 0 ) 
4 638 688 (364.100037 -1294.742676 0 ) (364.100037 -1033.989990 0 ) (371.276642 -1033.989990 0 ) (415.149231 -1154.474609 0 ) 
5 638 679 (548.101990 -2048 0 ) (364.100037 -2048 0 ) (364.100037 -1294.742676 0 ) (458.998474 -1033.989990 0 ) (548.101990 -1033.989990 0 ) 
4 638 652 (364.100037 -1183.989990 0 ) (364.100037 -2048 0 ) (364.100037 -2048 81 ) (364.100037 -1183.989990 81 ) 
4 638 649 (364.100037 -1033.989990 0 ) (364.100037 -1183.989990 0 ) (364.100037 -1183.989990 64 ) (364.100037 -1033.989990 64 ) 
4 638 645 (364.100037 -1183.989990 64 ) (364.100037 -1183.989990 81 ) (364.100037 -1033.989990 81 ) (364.100037 -1033.989990 64 ) 
4 639 645 (96 -1044.989990 216 ) (96 -1024 216 ) (316.592957 -1024 216 ) (316.592957 -1044.989990 216 ) 
4 639 643 (96 -1044.989990 224 ) (96 -1044.989990 620.299988 ) (96 -1024 620.299988 ) (96 -1024 224 ) 
4 639 641 (353.101776 -1044.989990 243.998474 ) (316.596558 -1044.989990 216 ) (316.596558 -1024 216 ) (353.101807 -1024 243.998505 ) 
5 639 642 (96 -1044.989990 620.299988 ) (96 -1044.989990 216 ) (316.592957 -1044.989990 216 ) (364.100037 -1044.989990 252.436768 ) (364.100037 -1044.989990 620.299988 ) 
4 640 645 (323.617676 -1024 216 ) (364.100037 -1024 216 ) (364.100037 -1044.989990 216 ) (323.617554 -1044.989990 216 ) 
4 640 641 (323.618958 -1024 216 ) (323.618835 -1044.989990 216 ) (355.100098 -1044.989990 240 ) (355.100159 -1024 240 ) 
3 640 642 (323.617554 -1044.989990 216 ) (364.100037 -1044.989990 216 ) (364.100037 -1044.989990 246.861969 ) 
4 641 645 (316.592957 -1024 216 ) (323.617676 -1024 216 ) (323.617554 -1044.989990 216 ) (316.592957 -1044.989990 216 ) 
4 641 642 (316.592957 -1044.989990 216 ) (323.617554 -1044.989990 216 ) (355.099731 -1044.989990 240 ) (353.100708 -1044.989990 244 ) 
4 642 653 (96 -1183.989990 216 ) (352 -1183.989990 216 ) (352 -1183.989990 240 ) (96 -1183.989990 240 ) 
4 642 652 (352 -1183.989990 216 ) (364.100037 -1183.989990 216 ) (364.100037 -1183.989990 240 ) (352 -1183.989990 240 ) 
4 642 651 (364.100037 -1183.989990 240 ) (364.100037 -1183.989990 620.299988 ) (96 -1183.989990 620.299988 ) (96 -1183.989990 240 ) 
4 642 645 (364.100037 -1183.989990 216 ) (96 -1183.989990 216 ) (96 -1044.989990 216 ) (364.100037 -1044.989990 216 ) 
4 642 643 (96 -1183.989990 224 ) (96 -1183.989990 620.299988 ) (96 -1044.989990 620.299988 ) (96 -1044.989990 224 ) 
4 643 651 (96 -1183.989990 240 ) (96 -1183.989990 620.299988 ) (88 -1183.989990 620.299988 ) (88 -1183.989990 240 ) 
4 643 644 (88 -1183.989990 224 ) (88 -1183.989990 620.299988 ) (88 -1024 620.299988 ) (88 -1024 224 ) 
4 644 973 (0 -1024 224 ) (0 -1024 216 ) (0 -1183.989990 216 ) (0 -1183.989990 224 ) 
4 644 972 (0 -1024 620.299988 ) (0 -1024 224 ) (0 -1183.989990 224 ) (0 -1183.989990 620.299988 ) 
4 644 655 (0 -1183.989990 240 ) (0 -1183.989990 224 ) (88 -1183.989990 224 ) (88 -1183.989990 240 ) 
4 644 651 (0 -1183.989990 620.299988 ) (0 -1183.989990 240 ) (88 -1183.989990 240 ) (88 -1183.989990 620.299988 ) 
4 644 648 (88 -1183.989990 216 ) (0 -1183.989990 216 ) (0 -1024 216 ) (88 -1024 216 ) 
4 645 653 (96 -1183.989990 64 ) (352 -1183.989990 64 ) (352 -1183.989990 216 ) (96 -1183.989990 216 ) 
4 645 652 (352 -1183.989990 64 ) (364.100037 -1183.989990 64 ) (364.100037 -1183.989990 216 ) (352 -1183.989990 216 ) 
4 645 649 (364.100037 -1183.989990 64 ) (352 -1183.989990 64 ) (352 -1024 64 ) (364.100037 -1024 64 ) 
4 645 646 (96 -1183.989990 176 ) (96 -1183.989990 216 ) (96 -1024 216 ) (96 -1024 176 ) 
4 645 647 (96 -1024 64 ) (96 -1183.989990 64 ) (96 -1183.989990 168 ) (96 -1024 168 ) 
4 646 648 (88 -1183.989990 176 ) (88 -1183.989990 216 ) (88 -1024 216 ) (88 -1024 176 ) 
4 647 648 (88 -1024 64 ) (88 -1183.989990 64 ) (88 -1183.989990 168 ) (88 -1024 168 ) 
4 648 978 (0 -1024 168 ) (0 -1024 64 ) (0 -1183.989990 64 ) (0 -1183.989990 168 ) 
4 648 975 (0 -1024 216 ) (0 -1024 168 ) (0 -1183.989990 168 ) (0 -1183.989990 216 ) 
4 648 656 (0 -1183.989990 216 ) (0 -1183.989990 176 ) (88 -1183.989990 176 ) (88 -1183.989990 216 ) 
4 648 657 (0 -1183.989990 168 ) (0 -1183.989990 64 ) (88 -1183.989990 64 ) (88 -1183.989990 168 ) 
4 649 688 (352 -1024 0 ) (364.100037 -1024 0 ) (364.100037 -1183.989990 0 ) (352 -1183.989990 0 ) 
4 649 652 (352 -1183.989990 0 ) (364.100037 -1183.989990 0 ) (364.100037 -1183.989990 64 ) (352 -1183.989990 64 ) 
4 649 650 (352 -1024 0 ) (352 -1183.989990 0 ) (352 -1183.989990 58 ) (352 -1024 58 ) 
4 650 979 (0 -1024 58 ) (0 -1024 0 ) (0 -1183.989990 0 ) (0 -1183.989990 58 ) 
4 650 688 (209.254211 -1024 0 ) (352 -1024 0 ) (352 -1183.989990 0 ) (267.540344 -1183.989990 0 ) 
4 650 687 (0 -1183.989990 0 ) (0 -1024 0 ) (209.254211 -1024 0 ) (267.540344 -1183.989990 0 ) 
4 650 658 (0 -1183.989990 58 ) (0 -1183.989990 0 ) (88 -1183.989990 0 ) (88 -1183.989990 58 ) 
4 650 654 (96 -1183.989990 0 ) (352 -1183.989990 0 ) (352 -1183.989990 58 ) (96 -1183.989990 58 ) 
4 651 972 (0 -2048 240 ) (0 -2048 620.299988 ) (0 -1183.989990 620.299988 ) (0 -1183.989990 240 ) 
4 651 706 (0 -2048 620.299988 ) (0 -2048 240 ) (364.100037 -2048 240 ) (364.100037 -2048 620.299988 ) 
4 651 659 (0 -2048 240 ) (0 -1191.989990 240 ) (352 -1191.989990 240 ) (352 -2048 240 ) 
4 651 655 (0 -1191.989990 240 ) (0 -1183.989990 240 ) (88 -1183.989990 240 ) (88 -1191.989990 240 ) 
4 651 653 (96 -1183.989990 240 ) (352 -1183.989990 240 ) (352 -1191.989990 240 ) (96 -1191.989990 240 ) 
4 651 652 (352 -1183.989990 240 ) (364.100037 -1183.989990 240 ) (364.100037 -2048 240 ) (352 -2048 240 ) 
4 652 706 (352 -2048 0 ) (364.100037 -2048 0 ) (364.100037 -2048 240 ) (352 -2048 240 ) 
3 652 689 (352 -1327.989990 0 ) (352 -1317.801147 0 ) (355.275208 -1318.990723 0 ) 
5 652 688 (352 -1317.801147 0 ) (352 -1183.989990 0 ) (364.100037 -1183.989990 0 ) (364.100037 -1294.742798 0 ) (355.275208 -1318.990723 0 ) 
4 652 679 (364.100037 -2048 0 ) (352 -2048 0 ) (352 -1327.989990 0 ) (364.100037 -1294.742798 0 ) 
4 652 664 (352 -1343.989990 64 ) (352 -1343.989990 96 ) (352 -1327.989990 96 ) (352 -1327.989990 64 ) 
4 652 665 (352 -1327.989990 0 ) (352 -1343.989990 0 ) (352 -1343.989990 58 ) (352 -1327.989990 58 ) 
4 652 666 (352 -1343.989990 0 ) (352 -2048 0 ) (352 -2048 96 ) (352 -1343.989990 96 ) 
4 652 662 (352 -1327.989990 64 ) (352 -1327.989990 96 ) (352 -1317.801147 96 ) (352 -1317.801147 64 ) 
4 652 663 (352 -1317.801147 0 ) (352 -1327.989990 0 ) (352 -1327.989990 58 ) (352 -1317.801147 58 ) 
4 652 660 (352 -1191.989990 96 ) (352 -1191.989990 64 ) (352 -1317.801147 64 ) (352 -1317.801147 96 ) 
4 652 661 (352 -1191.989990 58 ) (352 -1191.989990 0 ) (352 -1317.801147 0 ) (352 -1317.801147 58 ) 
4 652 659 (352 -2048 240 ) (352 -1191.989990 240 ) (352 -1191.989990 96 ) (352 -2048 96 ) 
4 652 654 (352 -1183.989990 58 ) (352 -1183.989990 0 ) (352 -1191.989990 0 ) (352 -1191.989990 58 ) 
4 652 653 (352 -1191.989990 240 ) (352 -1183.989990 240 ) (352 -1183.989990 64 ) (352 -1191.989990 64 ) 
4 653 660 (352 -1191.989990 64 ) (352 -1191.989990 96 ) (96 -1191.989990 96 ) (96 -1191.989990 64 ) 
4 653 659 (352 -1191.989990 96 ) (352 -1191.989990 240 ) (96 -1191.989990 240 ) (96 -1191.989990 96 ) 
4 654 688 (267.540344 -1183.989990 0 ) (352 -1183.989990 0 ) (352 -1191.989990 0 ) (270.454803 -1191.989990 0 ) 
4 654 687 (96 -1183.989990 0 ) (267.540344 -1183.989990 0 ) (270.454803 -1191.989990 0 ) (96 -1191.989990 0 ) 
4 654 661 (96 -1191.989990 0 ) (352 -1191.989990 0 ) (352 -1191.989990 58 ) (96 -1191.989990 58 ) 
4 655 972 (0 -1191.989990 240 ) (0 -1183.989990 240 ) (0 -1183.989990 224 ) (0 -1191.989990 224 ) 
4 655 659 (88 -1191.989990 224 ) (88 -1191.989990 240 ) (0 -1191.989990 240 ) (0 -1191.989990 224 ) 
4 656 976 (0 -1183.989990 216 ) (0 -1183.989990 176 ) (0 -1191.989990 176 ) (0 -1191.989990 216 ) 
4 656 659 (88 -1191.989990 176 ) (88 -1191.989990 216 ) (0 -1191.989990 216 ) (0 -1191.989990 176 ) 
4 657 978 (0 -1183.989990 168 ) (0 -1183.989990 64 ) (0 -1191.989990 64 ) (0 -1191.989990 168 ) 
4 657 673 (5.606422 -1191.989990 96 ) (0 -1191.989990 96 ) (0 -1191.989990 64 ) (5.606423 -1191.989990 64 ) 
4 657 660 (88 -1191.989990 64 ) (88 -1191.989990 96 ) (5.606422 -1191.989990 96 ) (5.606423 -1191.989990 64 ) 
4 657 659 (88 -1191.989990 96 ) (88 -1191.989990 168 ) (0 -1191.989990 168 ) (0 -1191.989990 96 ) 
4 658 979 (0 -1183.989990 58 ) (0 -1183.989990 0 ) (0 -1191.989990 0 ) (0 -1191.989990 58 ) 
4 658 687 (0 -1191.989990 0 ) (0 -1183.989990 0 ) (88 -1183.989990 0 ) (88 -1191.989990 0 ) 
4 658 674 (0 -1191.989990 0 ) (5.606423 -1191.989990 0 ) (5.606422 -1191.989990 58 ) (0 -1191.989990 58 ) 
4 658 661 (5.606423 -1191.989990 0 ) (88 -1191.989990 0 ) (88 -1191.989990 58 ) (5.606422 -1191.989990 58 ) 
4 659 978 (0 -1343.989990 168 ) (0 -1191.989990 168 ) (0 -1191.989990 96 ) (0 -1343.989990 96 ) 
4 659 980 (0 -2048 96 ) (0 -2048 168 ) (0 -1343.989990 168 ) (0 -1343.989990 96 ) 
4 659 977 (0 -2048 168 ) (0 -2048 216 ) (0 -1191.989990 216 ) (0 -1191.989990 168 ) 
4 659 974 (0 -2048 216 ) (0 -2048 224 ) (0 -1191.989990 224 ) (0 -1191.989990 216 ) 
4 659 972 (0 -2048 224 ) (0 -2048 240 ) (0 -1191.989990 240 ) (0 -1191.989990 224 ) 
4 659 706 (0 -2048 240 ) (0 -2048 96 ) (352 -2048 96 ) (352 -2048 240 ) 
3 659 676 (327.001099 -1308.721558 96 ) (336 -1311.989624 96 ) (324.262482 -1316.258789 96 ) 
3 659 675 (310.844421 -1302.853394 96 ) (327.001099 -1308.721558 96 ) (320.001007 -1327.987305 96 ) 
5 659 673 (0 -1191.989990 96 ) (5.606426 -1191.989990 96 ) (310.844421 -1302.853394 96 ) (324.281006 -1339.735474 96 ) (0 -1221.431274 96 ) 
3 659 670 (0 -1343.989990 96 ) (0 -1221.431274 96 ) (335.942810 -1343.989990 96 ) 
4 659 672 (335.950500 -1343.992798 96 ) (0 -1465.840576 96 ) (0 -1343.989990 96 ) (335.942810 -1343.989990 96 ) 
3 659 667 (347.730927 -1339.720093 96 ) (346.176941 -1343.989990 96 ) (335.958252 -1343.989990 96 ) 
5 659 669 (346.176941 -1343.989990 96 ) (89.959381 -2048 96 ) (0 -2048 96 ) (0 -1465.840576 96 ) (335.958252 -1343.989990 96 ) 
3 659 664 (352 -1327.989990 96 ) (352 -1343.989990 96 ) (346.176941 -1343.989990 96 ) 
4 659 666 (352 -1343.989990 96 ) (352 -2048 96 ) (89.959381 -2048 96 ) (346.176941 -1343.989990 96 ) 
3 659 662 (347.719727 -1316.246582 96 ) (352 -1317.801147 96 ) (352 -1327.989990 96 ) 
3 659 660 (5.606426 -1191.989990 96 ) (352 -1191.989990 96 ) (352 -1317.801147 96 ) 
4 660 676 (336 -1311.989380 96 ) (327.001221 -1308.721069 96 ) (327.001221 -1308.721069 64 ) (336 -1311.989380 64 ) 
4 660 675 (327.001221 -1308.721069 96 ) (310.844208 -1302.852783 96 ) (310.843872 -1302.852661 64 ) (327.001221 -1308.721069 64 ) 
4 660 673 (310.844208 -1302.852783 96 ) (5.609375 -1191.989990 96 ) (5.609375 -1191.989990 64 ) (310.843872 -1302.852661 64 ) 
4 660 662 (352 -1317.800781 64 ) (352 -1317.800781 96 ) (347.719574 -1316.246094 96 ) (347.719604 -1316.246094 64 ) 
4 661 688 (270.454803 -1191.989990 0 ) (352 -1191.989990 0 ) (352 -1317.801147 0 ) (310.843414 -1302.852905 0 ) 
3 661 687 (5.606426 -1191.989990 0 ) (270.454803 -1191.989990 0 ) (310.843414 -1302.852905 0 ) 
4 661 678 (336 -1311.989502 58 ) (327.001221 -1308.721069 58 ) (327.001251 -1308.721069 0 ) (336 -1311.989502 0 ) 
4 661 677 (327.001221 -1308.721069 58 ) (310.843811 -1302.852661 58 ) (310.843201 -1302.852417 0 ) (327.001251 -1308.721069 0 ) 
4 661 674 (310.843811 -1302.852661 58 ) (5.609375 -1191.989990 58 ) (5.609375 -1191.989990 0 ) (310.843201 -1302.852417 0 ) 
4 661 663 (352 -1317.800781 0 ) (352 -1317.800781 58 ) (347.719574 -1316.246094 58 ) (347.719604 -1316.246094 0 ) 
3 663 689 (347.719727 -1316.246582 0 ) (352 -1317.801147 0 ) (352 -1327.989990 0 ) 
4 664 667 (346.177765 -1343.989990 96 ) (347.731873 -1339.719727 96 ) (347.732361 -1339.718384 64 ) (346.177765 -1343.989990 64 ) 
4 664 666 (346.177734 -1343.989990 96 ) (346.177734 -1343.989990 64 ) (352 -1343.989990 64 ) (352 -1343.989990 96 ) 
3 665 679 (346.176941 -1343.989990 0 ) (352 -1327.989990 0 ) (352 -1343.989990 0 ) 
4 665 668 (347.733337 -1339.715698 0 ) (346.177765 -1343.989990 0 ) (346.177765 -1343.989990 58 ) (347.732483 -1339.718140 58 ) 
4 665 666 (346.177734 -1343.989990 58 ) (346.177734 -1343.989990 0 ) (352 -1343.989990 0 ) (352 -1343.989990 58 ) 
4 666 706 (89.959381 -2048 0 ) (352 -2048 0 ) (352 -2048 96 ) (89.959381 -2048 96 ) 
4 666 679 (352 -2048 0 ) (89.959381 -2048 0 ) (346.176941 -1343.989990 0 ) (352 -1343.989990 0 ) 
4 666 669 (89.960091 -2048 96 ) (346.177765 -1343.989990 96 ) (346.177765 -1343.989990 0 ) (89.960144 -2048 0 ) 
4 667 669 (335.952942 -1343.989990 96 ) (335.949768 -1343.989990 64 ) (346.176392 -1343.989990 64 ) (346.176392 -1343.989990 96 ) 
3 668 685 (335.948608 -1343.989990 0 ) (347.732391 -1339.716064 0 ) (346.176941 -1343.989990 0 ) 
4 668 669 (335.949158 -1343.989990 58 ) (335.943359 -1343.989990 0 ) (346.176392 -1343.989990 0 ) (346.176392 -1343.989990 58 ) 
4 669 980 (0 -2048 0 ) (0 -2048 96 ) (0 -1465.840576 96 ) (0 -1465.837036 0 ) 
4 669 706 (0 -2048 96 ) (0 -2048 0 ) (89.959381 -2048 0 ) (89.959381 -2048 96 ) 
5 669 685 (89.959381 -2048 0 ) (0 -2048 0 ) (0 -1465.837036 0 ) (335.948608 -1343.989990 0 ) (346.176941 -1343.989990 0 ) 
4 669 672 (335.945282 -1343.989990 0 ) (0 -1465.835938 0 ) (0 -1465.839355 96 ) (335.954926 -1343.989990 96 ) 
4 670 978 (0 -1343.989990 96 ) (0 -1221.431274 96 ) (0 -1221.430664 64 ) (0 -1343.989990 64 ) 
4 670 673 (324.280273 -1339.734253 64 ) (0 -1221.430176 64 ) (0 -1221.430664 96 ) (324.280853 -1339.734985 96 ) 
4 670 672 (335.938324 -1343.989990 64 ) (335.936768 -1343.989990 96 ) (0 -1343.989990 96 ) (0 -1343.989990 64 ) 
4 671 979 (0 -1221.430542 58 ) (0 -1221.429565 0 ) (0 -1343.989990 0 ) (0 -1343.989990 58 ) 
3 671 686 (0 -1343.989990 0 ) (0 -1221.429565 0 ) (335.947845 -1343.990234 0 ) 
4 671 674 (324.279114 -1339.732788 0 ) (0 -1221.429077 0 ) (0 -1221.430054 58 ) (324.280182 -1339.734131 58 ) 
4 671 672 (0 -1343.989990 0 ) (335.941406 -1343.989990 0 ) (335.938599 -1343.989990 58 ) (0 -1343.989990 58 ) 
4 672 980 (0 -1465.840576 96 ) (0 -1343.989990 96 ) (0 -1343.989990 0 ) (0 -1465.837036 0 ) 
3 672 686 (0 -1465.837036 0 ) (0 -1343.989990 0 ) (335.947845 -1343.990234 0 ) 
4 673 978 (0 -1221.431274 96 ) (0 -1191.989990 96 ) (0 -1191.989990 64 ) (0 -1221.430664 64 ) 
4 673 675 (320 -1327.988525 64 ) (310.843567 -1302.853394 64 ) (310.843903 -1302.853516 96 ) (320 -1327.988159 96 ) 
4 674 979 (0 -1191.989990 58 ) (0 -1191.989990 0 ) (0 -1221.429565 0 ) (0 -1221.430542 58 ) 
5 674 687 (0 -1221.429565 0 ) (0 -1191.989990 0 ) (5.606426 -1191.989990 0 ) (310.843414 -1302.853027 0 ) (324.279327 -1339.733276 0 ) 
4 674 677 (320 -1327.989380 0 ) (310.842896 -1302.853149 0 ) (310.843506 -1302.853394 58 ) (320 -1327.988647 58 ) 
4 675 676 (324.263367 -1316.258423 64 ) (327.001740 -1308.721802 64 ) (327.001740 -1308.721802 96 ) (324.263367 -1316.258423 96 ) 
3 677 690 (310.843414 -1302.853027 0 ) (327.001129 -1308.721558 0 ) (320 -1327.988525 0 ) 
4 677 678 (327.001312 -1308.721680 0 ) (327.001312 -1308.721680 58 ) (324.262970 -1316.258667 58 ) (324.262909 -1316.258911 0 ) 
3 678 691 (327.001129 -1308.721558 0 ) (336 -1311.989746 0 ) (324.262421 -1316.259033 0 ) 
4 679 707 (89.959381 -2048 -120 ) (1024 -2048 -120 ) (1024 -2048 0 ) (89.959351 -2048 0 ) 
4 679 694 (422.230408 -1135.019531 -120 ) (415.149872 -1154.474731 -120 ) (415.149597 -1154.475586 0 ) (422.229950 -1135.020874 0 ) 
4 679 693 (462.634888 -1024 -120 ) (422.230408 -1135.019531 -120 ) (422.229950 -1135.020874 0 ) (462.634918 -1024 0 ) 
4 679 689 (355.275787 -1318.990967 -120 ) (352 -1327.990967 -120 ) (352 -1327.990967 0 ) (355.275818 -1318.990967 0 ) 
4 679 688 (415.149872 -1154.474731 -120 ) (355.275787 -1318.990967 -120 ) (355.275818 -1318.990967 0 ) (415.149597 -1154.475586 0 ) 
4 679 685 (347.735016 -1339.710815 -120 ) (89.960052 -2048 -120 ) (89.960068 -2048 0 ) (347.733215 -1339.715820 0 ) 
4 679 683 (548.918213 -1033.417358 -120 ) (545 -1031.989624 -120 ) (545 -1031.989624 0 ) (548.918213 -1033.417358 0 ) 
4 679 681 (1024 -1206.561523 -120 ) (548.918213 -1033.417358 -120 ) (548.918213 -1033.417358 0 ) (1024 -1206.561768 0 ) 
4 679 680 (539.872192 -1030.120483 -120 ) (523.078613 -1024 -120 ) (523.078552 -1024 0 ) (539.872131 -1030.120483 0 ) 
4 680 682 (538 -1024.991211 -120 ) (537.638916 -1024 -120 ) (537.638916 -1024 0 ) (538 -1024.990356 0 ) 
4 681 684 (552.361328 -1024 -120 ) (552 -1024.989136 -120 ) (552 -1024.989746 0 ) (552.361816 -1024 0 ) 
4 681 683 (550.123291 -1030.120972 -120 ) (548.917847 -1033.417847 -120 ) (548.917847 -1033.417847 0 ) (550.123474 -1030.120850 0 ) 
4 685 1011 (0 -2048 -120 ) (0 -2048 0 ) (0 -1465.837158 0 ) (0 -1465.832764 -120 ) 
4 685 707 (0 -2048 0 ) (0 -2048 -120 ) (89.959381 -2048 -120 ) (89.959351 -2048 0 ) 
4 685 686 (335.943481 -1343.986572 -120 ) (0 -1465.831787 -120 ) (0 -1465.833984 0 ) (335.946350 -1343.989746 0 ) 
4 686 1011 (0 -1465.837158 0 ) (0 -1221.429565 0 ) (0 -1221.427490 -120 ) (0 -1465.832764 -120 ) 
4 686 687 (324.276947 -1339.729736 -120 ) (0 -1221.426880 -120 ) (0 -1221.429077 0 ) (324.279114 -1339.732788 0 ) 
4 687 1011 (0 -1221.429565 0 ) (0 -1024 0 ) (0 -1024 -120 ) (0 -1221.427490 -120 ) 
4 687 690 (320 -1327.990967 -120 ) (310.841400 -1302.852295 -120 ) (310.842651 -1302.852783 0 ) (320 -1327.989380 0 ) 
4 687 688 (310.841400 -1302.852295 -120 ) (209.252426 -1024 -120 ) (209.253677 -1024 0 ) (310.842651 -1302.852783 0 ) 
4 688 696 (371.070618 -1033.422729 -120 ) (369.867828 -1030.119629 -120 ) (369.866852 -1030.119141 0 ) (371.070007 -1033.423340 0 ) 
4 688 695 (374.994354 -1044.198242 -120 ) (371.070618 -1033.422729 -120 ) (371.070007 -1033.423340 0 ) (374.994568 -1044.201050 0 ) 
4 688 694 (415.148438 -1154.472656 0 ) (415.148743 -1154.471802 -120 ) (374.994354 -1044.198242 -120 ) (374.994568 -1044.201050 0 ) 
4 688 692 (368 -1024.990112 -120 ) (367.639465 -1024 -120 ) (367.638672 -1024 0 ) (368 -1024.991211 0 ) 
4 688 691 (327.001373 -1308.720703 -120 ) (336.001343 -1311.989502 -120 ) (336 -1311.989258 0 ) (327.001343 -1308.720703 0 ) 
4 688 690 (310.841797 -1302.851563 0 ) (310.840515 -1302.851074 -120 ) (327.001373 -1308.720703 -120 ) (327.001343 -1308.720703 0 ) 
4 688 689 (347.719299 -1316.245361 -120 ) (355.275543 -1318.989746 -120 ) (355.275543 -1318.989746 0 ) (347.719299 -1316.245361 0 ) 
4 690 691 (324.261963 -1316.259644 -120 ) (327 -1308.721924 -120 ) (327 -1308.721924 0 ) (324.262146 -1316.259277 0 ) 
4 693 694 (382 -1024.989014 -120 ) (422.229797 -1135.016479 -120 ) (422.229309 -1135.017822 0 ) (382 -1024.991943 0 ) 
4 694 695 (380.127075 -1030.120728 -120 ) (374.993500 -1044.196289 -120 ) (374.993805 -1044.198730 0 ) (380.128296 -1030.120728 0 ) 
4 695 696 (375 -1031.989746 -120 ) (371.070404 -1033.422119 -120 ) (371.070007 -1033.422729 0 ) (375 -1031.989990 0 ) 
4 697 1019 (0 -2048 -288.299988 ) (0 -2048 -166 ) (0 -1024 -166 ) (0 -1024 -288.299988 ) 
4 697 708 (0 -2048 -166 ) (0 -2048 -288.299988 ) (1024 -2048 -288.299988 ) (1024 -2048 -166 ) 
4 698 702 (2048 -2048 620.299988 ) (2048 -2048 0 ) (2048 -2432.250000 0 ) (2048 -2432.250000 620.299988 ) 
4 698 701 (2048 -2432.250000 0 ) (2048 -2432 0 ) (3072 -2432 0 ) (3072 -2432.250000 0 ) 
4 698 699 (2048 -2432 0 ) (2048 -2048 0 ) (3072 -2048 0 ) (3072 -2432 0 ) 
4 699 703 (2048 -2048 0 ) (2048 -2048 -120 ) (2048 -2432 -120 ) (2048 -2432 0 ) 
4 699 701 (3072 -2432 -120 ) (3072 -2432 0 ) (2048 -2432 0 ) (2048 -2432 -120 ) 
4 700 704 (2048 -2048 -166 ) (2048 -2048 -288.299988 ) (2048 -2432 -288.299988 ) (2048 -2432 -166 ) 
4 700 701 (2048 -2432 -288.299988 ) (3072 -2432 -288.299988 ) (3072 -2432 -166 ) (2048 -2432 -166 ) 
4 701 705 (2048 -2432 -288.299988 ) (2048 -2432.250000 -288.299988 ) (2048 -2432.250000 0 ) (2048 -2432 0 ) 
4 702 706 (1024 -2048 620.299988 ) (1024 -2048 0 ) (1024 -2432.250000 0 ) (1024 -2432.250000 620.299988 ) 
4 702 705 (1024 -2432.250000 0 ) (1024 -2432 0 ) (2048 -2432 0 ) (2048 -2432.250000 0 ) 
4 702 703 (1024 -2432 0 ) (1024 -2048 0 ) (2048 -2048 0 ) (2048 -2432 0 ) 
4 703 707 (1024 -2048 0 ) (1024 -2048 -120 ) (1024 -2432 -120 ) (1024 -2432 0 ) 
4 703 705 (2048 -2432 -120 ) (2048 -2432 0 ) (1024 -2432 0 ) (1024 -2432 -120 ) 
4 704 708 (1024 -2048 -166 ) (1024 -2048 -288.299988 ) (1024 -2432 -288.299988 ) (1024 -2432 -166 ) 
4 704 705 (1024 -2432 -288.299988 ) (2048 -2432 -288.299988 ) (2048 -2432 -166 ) (1024 -2432 -166 ) 
4 705 709 (1024 -2432 -288.299988 ) (1024 -2432.250000 -288.299988 ) (1024 -2432.250000 0 ) (1024 -2432 0 ) 
4 706 1026 (0 -2432.250000 620.299988 ) (0 -2048 620.299988 ) (0 -2048 0 ) (0 -2432.250000 0 ) 
4 706 709 (1024 -2432 0 ) (1024 -2432.250000 0 ) (0 -2432.250000 0 ) (0 -2432 0 ) 
4 706 707 (1024 -2048 0 ) (1024 -2432 0 ) (0 -2432 0 ) (0 -2048 0 ) 
4 707 1027 (0 -2432 0 ) (0 -2048 0 ) (0 -2048 -120 ) (0 -2432 -120 ) 
4 707 709 (1024 -2432 -120 ) (1024 -2432 0 ) (0 -2432 0 ) (0 -2432 -120 ) 
4 708 1028 (0 -2048 -166 ) (0 -2048 -288.299988 ) (0 -2432 -288.299988 ) (0 -2432 -166 ) 
4 708 709 (0 -2432 -288.299988 ) (1024 -2432 -288.299988 ) (1024 -2432 -166 ) (0 -2432 -166 ) 
4 709 1029 (0 -2432.250000 0 ) (0 -2432 0 ) (0 -2432 -288.299988 ) (0 -2432.250000 -288.299988 ) 
4 710 722 (0 4096 0 ) (0 4096 620.299988 ) (-1024 4096 620.299988 ) (-1024 4096 0 ) 
4 710 714 (-1024 4096 0 ) (-1024 4096 620.299988 ) (-1024 4736.250000 620.299988 ) (-1024 4736.250000 0 ) 
4 710 712 (-1024 4096 0 ) (-1024 4736 0 ) (0 4736 0 ) (0 4096 0 ) 
4 710 711 (-1024 4736 0 ) (-1024 4736.250000 0 ) (0 4736.250000 0 ) (0 4736 0 ) 
4 711 715 (-1024 4736 0 ) (-1024 4736.250000 0 ) (-1024 4736.250000 -288.299988 ) (-1024 4736 -288.299988 ) 
4 711 713 (-1024 4736 -288.299988 ) (0 4736 -288.299988 ) (0 4736 -166 ) (-1024 4736 -166 ) 
4 711 712 (0 4736 -120 ) (0 4736 0 ) (-1024 4736 0 ) (-1024 4736 -120 ) 
4 712 723 (0 4096 -120 ) (0 4096 0 ) (-1024 4096 0 ) (-1024 4096 -120 ) 
4 712 716 (-1024 4096 -120 ) (-1024 4096 0 ) (-1024 4736 0 ) (-1024 4736 -120 ) 
4 713 724 (0 4096 -288.299988 ) (0 4096 -166 ) (-1024 4096 -166 ) (-1024 4096 -288.299988 ) 
4 713 717 (-1024 4096 -288.299988 ) (-1024 4096 -166 ) (-1024 4736 -166 ) (-1024 4736 -288.299988 ) 
4 714 725 (-1024 4096 0 ) (-1024 4096 620.299988 ) (-2048 4096 620.299988 ) (-2048 4096 0 ) 
4 714 718 (-2048 4096 0 ) (-2048 4096 620.299988 ) (-2048 4736.250000 620.299988 ) (-2048 4736.250000 0 ) 
4 714 716 (-1024 4736 0 ) (-1024 4096 0 ) (-2048 4096 0 ) (-2048 4736 0 ) 
4 714 715 (-1024 4736.250000 0 ) (-1024 4736 0 ) (-2048 4736 0 ) (-2048 4736.250000 0 ) 
4 715 719 (-2048 4736 0 ) (-2048 4736.250000 0 ) (-2048 4736.250000 -288.299988 ) (-2048 4736 -288.299988 ) 
4 715 717 (-2048 4736 -288.299988 ) (-1024 4736 -288.299988 ) (-1024 4736 -166 ) (-2048 4736 -166 ) 
4 715 716 (-1024 4736 -120 ) (-1024 4736 0 ) (-2048 4736 0 ) (-2048 4736 -120 ) 
4 716 726 (-1024 4096 -120 ) (-1024 4096 0 ) (-2048 4096 0 ) (-2048 4096 -120 ) 
4 716 720 (-2048 4096 -120 ) (-2048 4096 0 ) (-2048 4736 0 ) (-2048 4736 -120 ) 
4 717 727 (-1024 4096 -288.299988 ) (-1024 4096 -166 ) (-2048 4096 -166 ) (-2048 4096 -288.299988 ) 
4 717 721 (-2048 4096 -288.299988 ) (-2048 4096 -166 ) (-2048 4736 -166 ) (-2048 4736 -288.299988 ) 
4 718 823 (-3072 4096 0 ) (-3072 4096 620.299988 ) (-3072 4736.250000 620.299988 ) (-3072 4736.250000 0 ) 
4 718 728 (-2048 4096 0 ) (-2048 4096 620.299988 ) (-3072 4096 620.299988 ) (-3072 4096 0 ) 
4 718 720 (-2048 4736 0 ) (-2048 4096 0 ) (-3072 4096 0 ) (-3072 4736 0 ) 
4 718 719 (-2048 4736.250000 0 ) (-2048 4736 0 ) (-3072 4736 0 ) (-3072 4736.250000 0 ) 
4 719 824 (-3072 4736 0 ) (-3072 4736.250000 0 ) (-3072 4736.250000 -288.299988 ) (-3072 4736 -288.299988 ) 
4 719 721 (-3072 4736 -288.299988 ) (-2048 4736 -288.299988 ) (-2048 4736 -166 ) (-3072 4736 -166 ) 
4 719 720 (-2048 4736 -120 ) (-2048 4736 0 ) (-3072 4736 0 ) (-3072 4736 -120 ) 
4 720 825 (-3072 4096 -120 ) (-3072 4096 0 ) (-3072 4736 0 ) (-3072 4736 -120 ) 
4 720 729 (-2048 4096 -120 ) (-2048 4096 0 ) (-3072 4096 0 ) (-3072 4096 -120 ) 
4 721 826 (-3072 4096 -288.299988 ) (-3072 4096 -166 ) (-3072 4736 -166 ) (-3072 4736 -288.299988 ) 
4 721 730 (-2048 4096 -288.299988 ) (-2048 4096 -166 ) (-3072 4096 -166 ) (-3072 4096 -288.299988 ) 
4 722 731 (0 3072 0 ) (0 3072 620.299988 ) (-1024 3072 620.299988 ) (-1024 3072 0 ) 
4 722 725 (-1024 3072 0 ) (-1024 3072 620.299988 ) (-1024 4096 620.299988 ) (-1024 4096 0 ) 
4 722 723 (0 3072 0 ) (-1024 3072 0 ) (-1024 4096 0 ) (0 4096 0 ) 
4 723 732 (0 3072 -120 ) (0 3072 0 ) (-1024 3072 0 ) (-1024 3072 -120 ) 
4 723 726 (-1024 3072 -120 ) (-1024 3072 0 ) (-1024 4096 0 ) (-1024 4096 -120 ) 
4 724 733 (0 3072 -288.299988 ) (0 3072 -166 ) (-1024 3072 -166 ) (-1024 3072 -288.299988 ) 
4 724 727 (-1024 3072 -288.299988 ) (-1024 3072 -166 ) (-1024 4096 -166 ) (-1024 4096 -288.299988 ) 
4 725 810 (-1024 3072 0 ) (-1024 3072 620.299988 ) (-2048 3072 620.299988 ) (-2048 3072 0 ) 
4 725 728 (-2048 4096 620.299988 ) (-2048 4096 0 ) (-2048 3072 0 ) (-2048 3072 620.299988 ) 
4 725 726 (-1024 3072 0 ) (-2048 3072 0 ) (-2048 4096 0 ) (-1024 4096 0 ) 
4 726 811 (-1024 3072 -120 ) (-1024 3072 0 ) (-2048 3072 0 ) (-2048 3072 -120 ) 
4 726 729 (-2048 4096 0 ) (-2048 4096 -120 ) (-2048 3072 -120 ) (-2048 3072 0 ) 
4 727 812 (-1024 3072 -288.299988 ) (-1024 3072 -166 ) (-2048 3072 -166 ) (-2048 3072 -288.299988 ) 
4 727 730 (-2048 4096 -166 ) (-2048 4096 -288.299988 ) (-2048 3072 -288.299988 ) (-2048 3072 -166 ) 
4 728 833 (-3072 3072 0 ) (-3072 3072 620.299988 ) (-3072 4096 620.299988 ) (-3072 4096 0 ) 
4 728 814 (-3072 3072 620.299988 ) (-3072 3072 0 ) (-2048 3072 0 ) (-2048 3072 620.299988 ) 
4 728 729 (-3072 3072 0 ) (-3072 4096 0 ) (-2048 4096 0 ) (-2048 3072 0 ) 
4 729 834 (-3072 3072 -120 ) (-3072 3072 0 ) (-3072 4096 0 ) (-3072 4096 -120 ) 
4 729 815 (-3072 3072 0 ) (-3072 3072 -120 ) (-2048 3072 -120 ) (-2048 3072 0 ) 
4 730 835 (-3072 3072 -288.299988 ) (-3072 3072 -166 ) (-3072 4096 -166 ) (-3072 4096 -288.299988 ) 
4 730 816 (-3072 3072 -166 ) (-3072 3072 -288.299988 ) (-2048 3072 -288.299988 ) (-2048 3072 -166 ) 
4 731 810 (-1024 3072 620.299988 ) (-1024 3072 0 ) (-1024 2048 0 ) (-1024 2048 620.299988 ) 
4 731 758 (-1024 2048 71.750000 ) (-1024 2048 0 ) (-671 2048 0 ) (-671 2048 71.750000 ) 
4 731 748 (-671 2048 0 ) (-665 2048 0 ) (-665 2048 71.750000 ) (-671 2048 71.750000 ) 
4 731 746 (-883 2048 71.750000 ) (-665 2048 71.750000 ) (-665 2048 76.750000 ) (-883 2048 76.750000 ) 
4 731 747 (-1024 2048 76.750000 ) (-1024 2048 71.750000 ) (-883 2048 71.750000 ) (-883 2048 76.750000 ) 
4 731 745 (-665 2048 620.299988 ) (-1024 2048 620.299988 ) (-1024 2048 76.750000 ) (-665 2048 76.750000 ) 
4 731 738 (0 2048 0 ) (0 2048 620.299988 ) (-665 2048 620.299988 ) (-665 2048 0 ) 
4 731 732 (-1024 2048 0 ) (-1024 3072 0 ) (0 3072 0 ) (0 2048 0 ) 
4 732 811 (-1024 3072 0 ) (-1024 3072 -120 ) (-1024 2048 -120 ) (-1024 2048 0 ) 
4 732 801 (-1007.334045 2048 0 ) (-1024 2048 0 ) (-1024 2048 -110.250000 ) (-1007.332886 2048 -110.250000 ) 
4 732 808 (-1024 2048 -110.250000 ) (-1024 2048 -120 ) (-1007.332764 2048 -120 ) (-1007.332886 2048 -110.250000 ) 
4 732 785 (0 2048 -113.250000 ) (0 2048 0 ) (-1007.334045 2048 0 ) (-1007.332825 2048 -113.250000 ) 
4 732 793 (0 2048 -120 ) (0 2048 -113.250000 ) (-1007.332825 2048 -113.250000 ) (-1007.332764 2048 -120 ) 
4 733 812 (-1024 3072 -166 ) (-1024 3072 -288.299988 ) (-1024 2048 -288.299988 ) (-1024 2048 -166 ) 
4 733 809 (0 2048 -288.299988 ) (0 2048 -166 ) (-1024 2048 -166 ) (-1024 2048 -288.299988 ) 
4 734 736 (-616 2747 -502 ) (-616 2197 -502 ) (-616 2197 -423 ) (-616 2747 -423 ) 
4 734 735 (-616 2197 -423 ) (-616 2197 -359 ) (-616 2747 -359 ) (-616 2747 -423 ) 
4 735 737 (-661 2197 -359 ) (-661 2747 -359 ) (-661 2747 -423 ) (-661 2197 -423 ) 
4 735 736 (-661 2197 -423 ) (-661 2747 -423 ) (-616 2747 -423 ) (-616 2197 -423 ) 
4 736 737 (-661 2747 -502 ) (-661 2197 -502 ) (-661 2197 -423 ) (-661 2747 -423 ) 
4 737 813 (-1024 2747 -502 ) (-1024 2197 -502 ) (-1024 2197 -359 ) (-1024 2747 -359 ) 
3 738 795 (0 1816.455200 0 ) (0 1626.010132 0 ) (-523.571533 1626.010132 0 ) 
5 738 785 (-665 2048 0 ) (0 2048 0 ) (0 1816.455200 0 ) (-523.571533 1626.010132 0 ) (-665 1626.010132 0 ) 
4 738 748 (-665 2048 71.750000 ) (-665 2048 0 ) (-665 1626.010132 0 ) (-665 1626.010132 71.750000 ) 
4 738 746 (-665 2048 76.750000 ) (-665 2048 71.750000 ) (-665 1642.010132 71.750000 ) (-665 1642.010132 76.750000 ) 
4 738 745 (-665 2048 620.299988 ) (-665 2048 76.750000 ) (-665 1626.010132 76.750000 ) (-665 1626.010132 620.299988 ) 
5 738 743 (-603 1626.010132 7 ) (0 1626.010132 7 ) (0 1626.010132 41.748001 ) (-625 1626.010132 41.748001 ) (-625 1626.010132 32 ) 
4 738 744 (-665 1626.010132 7 ) (-665 1626.010132 0 ) (0 1626.010132 0 ) (0 1626.010132 7 ) 
4 738 742 (-635 1626.010132 41.748001 ) (0 1626.010132 41.748001 ) (0 1626.010132 51.750000 ) (-635 1626.010132 51.750000 ) 
4 738 741 (-645 1626.010132 51.750000 ) (0 1626.010132 51.750000 ) (0 1626.010132 61.750000 ) (-645 1626.010132 61.750000 ) 
4 738 740 (-655 1626.010132 61.750000 ) (0 1626.010132 61.750000 ) (0 1626.010132 71.750000 ) (-655 1626.010132 71.750000 ) 
4 738 739 (-665 1626.010132 620.299988 ) (-665 1626.010132 71.750000 ) (0 1626.010132 71.750000 ) (0 1626.010132 620.299988 ) 
4 739 766 (0 1575.010132 71.750000 ) (0 1575.010132 80 ) (-665 1575.010132 80 ) (-665 1575.010132 71.750000 ) 
4 739 765 (0 1575.010132 80 ) (0 1575.010132 620.299988 ) (-665 1575.010132 620.299988 ) (-665 1575.010132 80 ) 
4 739 745 (-665 1575.010132 76.750000 ) (-665 1575.010132 620.299988 ) (-665 1626.010132 620.299988 ) (-665 1626.010132 76.750000 ) 
4 739 740 (0 1575.010132 71.750000 ) (-655 1575.010132 71.750000 ) (-655 1626.010132 71.750000 ) (0 1626.010132 71.750000 ) 
4 740 770 (0 1575.010132 61.750000 ) (0 1575.010132 64 ) (-655 1575.010132 64 ) (-655 1575.010132 61.750000 ) 
4 740 766 (0 1575.010132 64 ) (0 1575.010132 71.750000 ) (-655 1575.010132 71.750000 ) (-655 1575.010132 64 ) 
4 740 741 (0 1575.010132 61.750000 ) (-645 1575.010132 61.750000 ) (-645 1626.010132 61.750000 ) (0 1626.010132 61.750000 ) 
4 741 770 (0 1575.010132 51.750000 ) (0 1575.010132 61.750000 ) (-645 1575.010132 61.750000 ) (-645 1575.010132 51.750000 ) 
4 741 742 (0 1575.010132 51.750000 ) (-635 1575.010132 51.750000 ) (-635 1626.010132 51.750000 ) (0 1626.010132 51.750000 ) 
4 742 770 (0 1575.010132 41.748001 ) (0 1575.010132 51.750000 ) (-635 1575.010132 51.750000 ) (-635 1575.010132 41.748001 ) 
4 742 743 (0 1575.010132 41.748001 ) (-625 1575.010132 41.748001 ) (-625 1626.010132 41.748001 ) (0 1626.010132 41.748001 ) 
5 743 770 (0 1575.010132 7 ) (0 1575.010132 41.748001 ) (-625 1575.010132 41.748001 ) (-625 1575.010132 32 ) (-603 1575.010132 7 ) 
4 743 744 (0 1575.010132 7 ) (-603 1575.010132 7 ) (-603 1626.010132 7 ) (0 1626.010132 7 ) 
4 744 795 (0 1626.010132 0 ) (0 1575.010132 0 ) (-663.780823 1575.010132 0 ) (-523.571533 1626.010132 0 ) 
4 744 786 (-663.780823 1575.010132 0 ) (-665 1575.010132 0 ) (-665 1617.142822 0 ) (-606.222595 1595.946533 0 ) 
4 744 785 (-665 1617.142822 0 ) (-665 1626.010132 0 ) (-523.571533 1626.010132 0 ) (-606.222595 1595.946533 0 ) 
4 744 770 (-663.780823 1575.010132 0 ) (0 1575.010132 0 ) (0 1575.010132 7 ) (-663.780823 1575.010132 7 ) 
4 744 769 (-665 1575.010132 0 ) (-663.780823 1575.010132 0 ) (-663.780823 1575.010132 7 ) (-665 1575.010132 7 ) 
4 744 749 (-665 1626.010132 0 ) (-665 1575.010132 0 ) (-665 1575.010132 6.750000 ) (-665 1626.010132 6.750000 ) 
4 745 817 (-1024 2048 620.299988 ) (-1024 2048 76.750000 ) (-1024 1575.010132 76.750000 ) (-1024 1575.010132 620.299988 ) 
4 745 777 (-817 1575.010132 80 ) (-883 1575.010132 80 ) (-883 1575.010132 76.750000 ) (-817 1575.010132 76.750000 ) 
4 745 776 (-792 1575.010132 80 ) (-817 1575.010132 80 ) (-817 1575.010132 76.750000 ) (-792 1575.010132 76.750000 ) 
4 745 779 (-883 1575.010132 80 ) (-1024 1575.010132 80 ) (-1024 1575.010132 76.750000 ) (-883 1575.010132 76.750000 ) 
4 745 766 (-665 1575.010132 76.750000 ) (-665 1575.010132 80 ) (-792 1575.010132 80 ) (-792 1575.010132 76.750000 ) 
4 745 765 (-665 1575.010132 80 ) (-665 1575.010132 620.299988 ) (-1024 1575.010132 620.299988 ) (-1024 1575.010132 80 ) 
4 745 746 (-883 2048 76.750000 ) (-665 2048 76.750000 ) (-665 1642.010132 76.750000 ) (-883 1642.010132 76.750000 ) 
4 745 747 (-1024 2048 76.750000 ) (-883 2048 76.750000 ) (-883 1575.010132 76.750000 ) (-1024 1575.010132 76.750000 ) 
4 746 762 (-733.957397 1642.010132 71.750000 ) (-772.084717 1642.010132 71.750000 ) (-883 1682.448730 71.750000 ) (-883 1695.757690 71.750000 ) 
5 746 758 (-671 1642.010132 71.750000 ) (-733.957397 1642.010132 71.750000 ) (-883 1695.757690 71.750000 ) (-883 2048 71.750000 ) (-671 2048 71.750000 ) 
3 746 752 (-859.554016 1642.010132 71.750000 ) (-860.513672 1642.010132 71.750000 ) (-860.036255 1643.334961 71.750000 ) 
5 746 751 (-860.513672 1642.010132 71.750000 ) (-883 1642.010132 71.750000 ) (-883 1682.448730 71.750000 ) (-872.938538 1678.780396 71.750000 ) (-860.036255 1643.334961 71.750000 ) 
3 746 750 (-772.084717 1642.010132 71.750000 ) (-859.554016 1642.010132 71.750000 ) (-872.938538 1678.780396 71.750000 ) 
4 746 748 (-665 2048 71.750000 ) (-665 1642.010132 71.750000 ) (-671 1642.010132 71.750000 ) (-671 2048 71.750000 ) 
4 746 747 (-883 2048 71.750000 ) (-883 1642.010132 71.750000 ) (-883 1642.010132 76.750000 ) (-883 2048 76.750000 ) 
4 747 817 (-1024 2048 76.750000 ) (-1024 2048 71.750000 ) (-1024 1575.010132 71.750000 ) (-1024 1575.010132 76.750000 ) 
4 747 779 (-883 1575.010132 76.750000 ) (-1024 1575.010132 76.750000 ) (-1024 1575.010132 71.750000 ) (-883 1575.010132 71.750000 ) 
4 747 762 (-1024 1733.856079 71.750000 ) (-1024 1746.604858 71.750000 ) (-883 1695.757690 71.750000 ) (-883 1682.448730 71.750000 ) 
4 747 758 (-1024 1746.604858 71.750000 ) (-1024 2048 71.750000 ) (-883 2048 71.750000 ) (-883 1695.757690 71.750000 ) 
3 747 753 (-883 1575.010132 71.750000 ) (-884.656982 1575.010132 71.750000 ) (-883 1579.608398 71.750000 ) 
5 747 751 (-884.656982 1575.010132 71.750000 ) (-1024 1575.010132 71.750000 ) (-1024 1733.856079 71.750000 ) (-883 1682.448730 71.750000 ) (-883 1579.608398 71.750000 ) 
4 748 785 (-671 2048 0 ) (-665 2048 0 ) (-665 1626.010132 0 ) (-671 1626.010132 0 ) 
4 748 758 (-671 2048 0 ) (-671 1626.010132 0 ) (-671 1626.010132 71.750000 ) (-671 2048 71.750000 ) 
4 748 749 (-671 1626.010132 6.750000 ) (-671 1626.010132 0 ) (-665 1626.010132 0 ) (-665 1626.010132 6.750000 ) 
4 749 786 (-665 1617.142822 0 ) (-665 1575.010132 0 ) (-671 1575.010132 0 ) (-671 1619.306641 0 ) 
4 749 785 (-665 1626.010132 0 ) (-665 1617.142822 0 ) (-671 1619.306641 0 ) (-671 1626.010132 0 ) 
4 749 769 (-671 1575.010132 0 ) (-665 1575.010132 0 ) (-665 1575.010132 6.750000 ) (-671 1575.010132 6.750000 ) 
4 749 759 (-671 1619.306519 0 ) (-671 1605.155640 0 ) (-671 1605.155640 6.750000 ) (-671 1619.306519 6.750000 ) 
4 749 758 (-671 1626.010132 0 ) (-671 1619.306519 0 ) (-671 1619.306519 6.750000 ) (-671 1626.010132 6.750000 ) 
4 749 750 (-671 1605.155640 0 ) (-671 1575.010132 0 ) (-671 1575.010132 6.750000 ) (-671 1605.155640 6.750000 ) 
4 750 789 (-872.937561 1678.780151 0 ) (-709 1619.010010 0 ) (-829.729004 1575.010132 0 ) (-835.165161 1575.010132 0 ) 
4 750 787 (-709 1619.010010 0 ) (-697.998535 1615 0 ) (-683.457764 1575.010132 0 ) (-829.729004 1575.010132 0 ) 
4 750 786 (-697.998535 1615 0 ) (-671 1605.155640 0 ) (-671 1575.010132 0 ) (-683.457764 1575.010132 0 ) 
4 750 778 (-835.165161 1575.010132 0 ) (-817 1575.010132 0 ) (-817 1575.010132 71.750000 ) (-835.165955 1575.010132 71.750000 ) 
4 750 776 (-817 1575.010132 0 ) (-792 1575.010132 0 ) (-792 1575.010132 71.750000 ) (-817 1575.010132 71.750000 ) 
4 750 769 (-792 1575.010132 0 ) (-671 1575.010132 0 ) (-671 1575.010132 64 ) (-792 1575.010132 64 ) 
4 750 766 (-671 1575.010132 64 ) (-671 1575.010132 71.750000 ) (-792 1575.010132 71.750000 ) (-792 1575.010132 64 ) 
4 750 762 (-714.131226 1620.880493 0 ) (-872.937439 1678.779785 0 ) (-872.938721 1678.781250 71.750000 ) (-714.131348 1620.880859 71.750000 ) 
4 750 760 (-697.998413 1614.998657 0 ) (-709 1619.009888 0 ) (-709 1619.010010 71.750000 ) (-698 1615 71.750000 ) 
4 750 759 (-671 1605.155273 71.750000 ) (-671 1605.155273 0 ) (-697.998413 1614.998657 0 ) (-698 1615 71.750000 ) 
4 750 755 (-856.073242 1632.450684 0 ) (-854.871643 1629.149658 0 ) (-854.872559 1629.149902 71.750000 ) (-856.074097 1632.450684 71.750000 ) 
4 750 754 (-853 1624.007324 0 ) (-848.992065 1612.996948 0 ) (-848.993164 1612.997681 71.750000 ) (-853 1624.005005 71.750000 ) 
4 750 753 (-848.992065 1612.996948 0 ) (-835.164795 1575.010132 0 ) (-835.165588 1575.010132 71.750000 ) (-848.993164 1612.997681 71.750000 ) 
4 750 752 (-860.035706 1643.336548 0 ) (-856.073242 1632.450684 0 ) (-856.074097 1632.450684 71.750000 ) (-860.036133 1643.335449 71.750000 ) 
4 750 751 (-872.936462 1678.775757 71.750000 ) (-872.935547 1678.775391 0 ) (-860.035706 1643.336548 0 ) (-860.036133 1643.335449 71.750000 ) 
4 751 817 (-1024 1733.856079 0 ) (-1024 1575.010132 0 ) (-1024 1575.010132 71.750000 ) (-1024 1733.856079 71.750000 ) 
5 751 801 (-1024 1575.010132 0 ) (-1024 1733.856079 0 ) (-872.937561 1678.780151 0 ) (-860.035889 1643.336182 0 ) (-884.656921 1575.010132 0 ) 
4 751 779 (-1024 1575.010132 0 ) (-884.656921 1575.010132 0 ) (-884.656921 1575.010132 71.750000 ) (-1024 1575.010132 71.750000 ) 
4 751 762 (-872.937439 1678.779785 0 ) (-1024 1733.855713 0 ) (-1024 1733.857422 71.750000 ) (-872.938721 1678.781250 71.750000 ) 
4 751 757 (-867 1624.008911 71.750000 ) (-868.415710 1620.078979 71.750000 ) (-868.415833 1620.078735 0 ) (-867 1624.008911 0 ) 
4 751 753 (-868.415710 1620.078979 71.750000 ) (-884.656067 1575.010132 71.750000 ) (-884.656067 1575.010132 0 ) (-868.415833 1620.078735 0 ) 
4 751 752 (-860.035156 1643.335938 0 ) (-860.035522 1643.334839 71.750000 ) (-865.154114 1629.130249 71.750000 ) (-865.154236 1629.130005 0 ) 
3 752 802 (-860.035889 1643.336182 0 ) (-856.073547 1632.450684 0 ) (-865.155151 1629.129639 0 ) 
4 752 755 (-860.004272 1631.011353 0 ) (-856.071472 1632.449341 0 ) (-856.072266 1632.449341 71.750000 ) (-860.004944 1631.011353 71.750000 ) 
4 753 803 (-848.992432 1612.997070 0 ) (-835.165161 1575.010132 0 ) (-884.656921 1575.010132 0 ) (-868.416565 1620.078857 0 ) 
4 753 778 (-883 1575.010132 0 ) (-835.165161 1575.010132 0 ) (-835.165955 1575.010132 71.750000 ) (-883 1575.010132 71.750000 ) 
4 753 779 (-884.656921 1575.010132 0 ) (-883 1575.010132 0 ) (-883 1575.010132 71.750000 ) (-884.656921 1575.010132 71.750000 ) 
4 753 757 (-865.127014 1618.879883 0 ) (-868.417114 1620.079468 0 ) (-868.417053 1620.079712 71.750000 ) (-865.127075 1618.880127 71.750000 ) 
4 753 756 (-856.076721 1615.579956 0 ) (-860 1617.010254 0 ) (-860 1617.010376 71.750000 ) (-856.075928 1615.579834 71.750000 ) 
4 753 754 (-848.993774 1612.997559 71.750000 ) (-848.992737 1612.996948 0 ) (-856.076721 1615.579956 0 ) (-856.075928 1615.579834 71.750000 ) 
3 754 804 (-853 1624.006836 0 ) (-848.992432 1612.997070 0 ) (-856.076721 1615.579956 0 ) 
4 754 756 (-854.873291 1618.879517 0 ) (-856.077148 1615.582031 0 ) (-856.076355 1615.582031 71.750000 ) (-854.872375 1618.879883 71.750000 ) 
3 755 805 (-856.073547 1632.450684 0 ) (-854.872009 1629.149780 0 ) (-860.006958 1631.012329 0 ) 
3 756 806 (-854.871826 1618.880127 0 ) (-856.076721 1615.579956 0 ) (-860 1617.010132 0 ) 
3 757 807 (-865.126770 1618.879395 0 ) (-868.416565 1620.078857 0 ) (-867 1624.010010 0 ) 
4 758 817 (-1024 2048 71.750000 ) (-1024 2048 0 ) (-1024 1746.604858 0 ) (-1024 1746.604858 71.750000 ) 
4 758 801 (-1024 1746.604858 0 ) (-1024 2048 0 ) (-1007.334106 2048 0 ) (-878.530762 1694.145996 0 ) 
4 758 785 (-1007.334106 2048 0 ) (-671 2048 0 ) (-671 1619.306519 0 ) (-878.530762 1694.145996 0 ) 
4 758 764 (-712.950256 1634.434937 0 ) (-709.002441 1633.011353 0 ) (-709.002258 1633.011230 71.750000 ) (-712.950378 1634.434937 71.750000 ) 
4 758 763 (-719.995117 1636.975464 0 ) (-712.950256 1634.434937 0 ) (-712.950378 1634.434937 71.750000 ) (-719.995056 1636.975464 71.750000 ) 
4 758 762 (-1024 1746.605225 0 ) (-719.995117 1636.975464 0 ) (-719.995056 1636.975464 71.750000 ) (-1024 1746.605225 71.750000 ) 
4 758 759 (-703.875977 1631.162598 0 ) (-671 1619.306885 0 ) (-671 1619.306885 71.750000 ) (-703.877747 1631.163208 71.750000 ) 
4 759 786 (-703.875854 1631.162109 0 ) (-671 1619.306519 0 ) (-671 1605.155640 0 ) (-697.998596 1615 0 ) 
4 759 761 (-702.001282 1626.006592 0 ) (-700.573853 1622.081055 0 ) (-700.575195 1622.080566 71.750000 ) (-702.002014 1626.004395 71.750000 ) 
4 759 760 (-700.573853 1622.081055 0 ) (-698 1615 0 ) (-698 1615.001343 71.750000 ) (-700.575195 1622.080566 71.750000 ) 
3 760 787 (-700.573730 1622.081055 0 ) (-697.998596 1615 0 ) (-709 1619.010010 0 ) 
4 760 761 (-700.577515 1622.077637 71.750000 ) (-700.576172 1622.078125 0 ) (-703.869751 1620.877930 0 ) (-703.869812 1620.877808 71.750000 ) 
3 761 788 (-702.001160 1626.006592 0 ) (-700.573730 1622.081055 0 ) (-703.868896 1620.880127 0 ) 
4 762 817 (-1024 1746.604858 0 ) (-1024 1733.856079 0 ) (-1024 1733.856079 71.750000 ) (-1024 1746.604858 71.750000 ) 
4 762 801 (-1024 1733.856079 0 ) (-1024 1746.604858 0 ) (-878.530762 1694.145996 0 ) (-872.937561 1678.780151 0 ) 
4 762 790 (-878.530762 1694.145996 0 ) (-719.994873 1636.974976 0 ) (-714.131348 1620.880859 0 ) (-872.937561 1678.780151 0 ) 
4 762 763 (-716 1626.010864 0 ) (-719.993774 1636.973877 0 ) (-719.993774 1636.973877 71.750000 ) (-716 1626.010864 71.750000 ) 
3 763 791 (-719.994873 1636.974976 0 ) (-712.950439 1634.434570 0 ) (-716 1626.010010 0 ) 
4 763 764 (-714.143372 1631.141235 0 ) (-712.951172 1634.434814 0 ) (-712.951172 1634.434814 71.750000 ) (-714.143433 1631.141113 71.750000 ) 
3 764 792 (-712.950439 1634.434570 0 ) (-709.003052 1633.011108 0 ) (-714.142395 1631.141724 0 ) 
4 765 854 (0 1024 80 ) (0 1024 620.299988 ) (-1024 1024 620.299988 ) (-1024 1024 80 ) 
4 765 817 (-1024 1024 80 ) (-1024 1024 620.299988 ) (-1024 1575.010132 620.299988 ) (-1024 1575.010132 80 ) 
4 765 781 (-883 1364.010010 80 ) (-883 1371.010132 80 ) (-817 1371.010132 80 ) (-817 1364.010010 80 ) 
4 765 783 (-817 1024 80 ) (-883 1024 80 ) (-883 1364.010010 80 ) (-817 1364.010010 80 ) 
4 765 780 (-792 1024 80 ) (-817 1024 80 ) (-817 1371.010132 80 ) (-792 1371.010132 80 ) 
4 765 784 (-883 1024 80 ) (-1024 1024 80 ) (-1024 1371.010132 80 ) (-883 1371.010132 80 ) 
4 765 777 (-883 1575.010132 80 ) (-817 1575.010132 80 ) (-817 1371.010132 80 ) (-883 1371.010132 80 ) 
4 765 776 (-817 1575.010132 80 ) (-792 1575.010132 80 ) (-792 1371.010132 80 ) (-817 1371.010132 80 ) 
4 765 779 (-1024 1371.010132 80 ) (-1024 1575.010132 80 ) (-883 1575.010132 80 ) (-883 1371.010132 80 ) 
4 765 767 (0 1024 80 ) (-696 1024 80 ) (-696 1448.010132 80 ) (0 1448.010132 80 ) 
4 765 766 (-792 1544.010132 80 ) (-792 1575.010132 80 ) (0 1575.010132 80 ) (0 1544.010132 80 ) 
4 766 776 (-792 1544.010132 80 ) (-792 1575.010132 80 ) (-792 1575.010132 64 ) (-792 1544.010132 64 ) 
4 766 770 (-663.780945 1575.010132 64 ) (0 1575.010132 64 ) (0 1544.010132 64 ) (-749.006042 1544.010132 64 ) 
4 766 769 (-792 1544.010132 64 ) (-792 1575.010132 64 ) (-663.780945 1575.010132 64 ) (-749.006042 1544.010132 64 ) 
4 767 857 (-168 1024 80 ) (-264 1024 80 ) (-264 1024 64 ) (-168 1024 64 ) 
4 767 858 (-264 1024 80 ) (-696 1024 80 ) (-696 1024 64 ) (-264 1024 64 ) 
4 767 855 (0 1024 64 ) (0 1024 80 ) (-168 1024 80 ) (-168 1024 64 ) 
3 767 770 (-568.839539 1448.010132 64 ) (0 1448.010132 64 ) (0 1239.788940 64 ) 
5 767 768 (0 1024 64 ) (-696 1024 64 ) (-696 1448.010132 64 ) (-568.839539 1448.010132 64 ) (0 1239.788940 64 ) 
4 768 860 (0 1024 0 ) (0 1024 64 ) (-792 1024 64 ) (-792 1024 0 ) 
3 768 803 (-634.596802 1024 0 ) (-792 1024 0 ) (-792 1456.424805 0 ) 
6 768 794 (0 1024 0 ) (-634.596802 1024 0 ) (-792 1456.424805 0 ) (-792 1528.371460 0 ) (-790.183594 1529.032104 0 ) (0 1239.788940 0 ) 
3 768 787 (-792 1528.371460 0 ) (-792 1529.697021 0 ) (-790.183594 1529.032104 0 ) 
4 768 780 (-792 1371.010132 0 ) (-792 1024 0 ) (-792 1024 64 ) (-792 1371.010132 64 ) 
4 768 776 (-792 1529.697021 0 ) (-792 1371.010132 0 ) (-792 1371.010132 64 ) (-792 1529.697021 64 ) 
4 768 772 (-767.075989 1520.572021 0 ) (-771.002380 1522.009277 0 ) (-771.002441 1522.009277 64 ) (-767.075073 1520.571655 64 ) 
4 768 771 (-776.135254 1523.888062 0 ) (-790.185913 1529.031250 0 ) (-790.185913 1529.031250 64 ) (-776.135254 1523.888062 64 ) 
4 768 770 (0 1239.787109 0 ) (-767.075989 1520.572021 0 ) (-767.075073 1520.571655 64 ) (0 1239.787231 64 ) 
4 768 769 (-790.185913 1529.031250 0 ) (-792 1529.695313 0 ) (-792 1529.695313 64 ) (-790.185913 1529.031250 64 ) 
5 769 787 (-792 1529.697021 0 ) (-792 1575.010132 0 ) (-683.457764 1575.010132 0 ) (-681.159241 1568.688843 0 ) (-790.183594 1529.032104 0 ) 
3 769 786 (-683.457764 1575.010132 0 ) (-663.780945 1575.010132 0 ) (-681.159241 1568.688843 0 ) 
4 769 776 (-792 1575.010132 64 ) (-792 1575.010132 0 ) (-792 1529.697021 0 ) (-792 1529.697021 64 ) 
4 769 774 (-770.998779 1536.009521 0 ) (-759.982971 1540.016357 0 ) (-759.981750 1540.016846 64 ) (-770.998901 1536.009521 64 ) 
4 769 773 (-779.431519 1532.942139 0 ) (-776.141418 1534.138916 0 ) (-776.141418 1534.139038 64 ) (-779.431519 1532.942261 64 ) 
4 769 771 (-790.183594 1529.031250 64 ) (-790.183594 1529.031250 0 ) (-779.431519 1532.942139 0 ) (-779.431519 1532.942261 64 ) 
4 769 770 (-759.982971 1540.016357 0 ) (-663.777344 1575.010132 0 ) (-663.777344 1575.010132 64 ) (-759.981750 1540.016846 64 ) 
5 770 795 (-663.780945 1575.010132 0 ) (0 1575.010132 0 ) (0 1239.788940 0 ) (-767.075500 1520.573486 0 ) (-759.982666 1540.017456 0 ) 
4 770 775 (-762.554993 1532.962158 0 ) (-763.998352 1529.005493 0 ) (-763.997864 1529.004150 64 ) (-762.554138 1532.961792 64 ) 
4 770 774 (-759.979309 1540.020020 64 ) (-759.980469 1540.019531 0 ) (-762.554993 1532.962158 0 ) (-762.554138 1532.961792 64 ) 
4 770 772 (-765.871094 1523.871826 0 ) (-767.074219 1520.573853 0 ) (-767.073303 1520.573486 64 ) (-765.869934 1523.872314 64 ) 
3 771 796 (-776.135986 1523.890015 0 ) (-790.183594 1529.032104 0 ) (-779.431824 1532.942993 0 ) 
4 771 773 (-778 1529.010010 0 ) (-779.431702 1532.942139 0 ) (-779.431702 1532.942139 64 ) (-778 1529.010010 64 ) 
3 772 797 (-767.075500 1520.573486 0 ) (-771 1522.010010 0 ) (-765.872498 1523.871338 0 ) 
3 773 798 (-778 1529.010132 0 ) (-779.431824 1532.942993 0 ) (-776.141113 1534.140015 0 ) 
3 774 799 (-771 1536.010010 0 ) (-759.982666 1540.017456 0 ) (-762.556152 1532.962524 0 ) 
4 774 775 (-765.875061 1534.160278 0 ) (-762.556274 1532.962402 0 ) (-762.555359 1532.962036 64 ) (-765.875061 1534.160278 64 ) 
3 775 800 (-765.875122 1534.160400 0 ) (-762.556152 1532.962524 0 ) (-763.998962 1529.007202 0 ) 
4 776 803 (-792 1456.424805 0 ) (-792 1371.010132 0 ) (-817 1371.010132 0 ) (-817 1525.106079 0 ) 
3 776 794 (-792 1528.371460 0 ) (-792 1456.424805 0 ) (-815.126587 1519.959229 0 ) 
5 776 787 (-817 1575.010132 0 ) (-792 1575.010132 0 ) (-792 1528.371460 0 ) (-815.126587 1519.959229 0 ) (-817 1525.106079 0 ) 
4 776 780 (-817 1371.010132 0 ) (-792 1371.010132 0 ) (-792 1371.010132 80 ) (-817 1371.010132 80 ) 
4 776 777 (-817 1371.010132 76.750000 ) (-817 1371.010132 80 ) (-817 1575.010132 80 ) (-817 1575.010132 76.750000 ) 
4 776 778 (-817 1371.010132 0 ) (-817 1371.010132 71.750000 ) (-817 1575.010132 71.750000 ) (-817 1575.010132 0 ) 
4 777 781 (-817 1371.010132 77 ) (-817 1371.010132 80 ) (-883 1371.010132 80 ) (-883 1371.010132 77 ) 
4 777 779 (-883 1371.010132 76.750000 ) (-883 1371.010132 80 ) (-883 1575.010132 80 ) (-883 1575.010132 76.750000 ) 
5 778 803 (-883 1575.010132 0 ) (-835.165161 1575.010132 0 ) (-817 1525.106079 0 ) (-817 1371.010132 0 ) (-883 1371.010132 0 ) 
3 778 789 (-835.165161 1575.010132 0 ) (-829.729004 1575.010132 0 ) (-834.528442 1573.260986 0 ) 
4 778 787 (-829.729004 1575.010132 0 ) (-817 1575.010132 0 ) (-817 1525.106079 0 ) (-834.528442 1573.260986 0 ) 
4 778 782 (-883 1371.010132 0 ) (-817 1371.010132 0 ) (-817 1371.010132 48 ) (-883 1371.010132 48 ) 
4 778 779 (-883 1371.010132 0 ) (-883 1371.010132 71.750000 ) (-883 1575.010132 71.750000 ) (-883 1575.010132 0 ) 
4 779 817 (-1024 1371.010132 80 ) (-1024 1575.010132 80 ) (-1024 1575.010132 0 ) (-1024 1371.010132 0 ) 
4 779 803 (-884.656982 1575.010132 0 ) (-883 1575.010132 0 ) (-883 1371.010132 0 ) (-958.167603 1371.010132 0 ) 
4 779 801 (-1024 1371.010132 0 ) (-1024 1575.010132 0 ) (-884.656982 1575.010132 0 ) (-958.167603 1371.010132 0 ) 
4 779 784 (-1024 1371.010132 0 ) (-883 1371.010132 0 ) (-883 1371.010132 80 ) (-1024 1371.010132 80 ) 
4 780 859 (-792 1024 80 ) (-817 1024 80 ) (-817 1024 64 ) (-792 1024 64 ) 
4 780 860 (-817 1024 64 ) (-817 1024 0 ) (-792 1024 0 ) (-792 1024 64 ) 
4 780 803 (-792 1024 0 ) (-817 1024 0 ) (-817 1371.010132 0 ) (-792 1371.010132 0 ) 
4 780 781 (-817 1371.010132 80 ) (-817 1371.010132 77 ) (-817 1364.010010 77 ) (-817 1364.010010 80 ) 
4 780 782 (-817 1371.010132 48 ) (-817 1371.010132 0 ) (-817 1364.010010 0 ) (-817 1364.010010 48 ) 
4 780 783 (-817 1364.010010 0 ) (-817 1024 0 ) (-817 1024 80 ) (-817 1364.010010 80 ) 
4 781 784 (-883 1371.010132 80 ) (-883 1371.010132 77 ) (-883 1364.010010 77 ) (-883 1364.010010 80 ) 
4 781 783 (-883 1364.010010 80 ) (-883 1364.010010 77 ) (-817 1364.010010 77 ) (-817 1364.010010 80 ) 
4 782 803 (-883 1364.010010 0 ) (-883 1371.010132 0 ) (-817 1371.010132 0 ) (-817 1364.010010 0 ) 
4 782 783 (-883 1364.010010 48 ) (-883 1364.010010 0 ) (-817 1364.010010 0 ) (-817 1364.010010 48 ) 
4 782 784 (-883 1371.010132 48 ) (-883 1371.010132 0 ) (-883 1364.010010 0 ) (-883 1364.010010 48 ) 
4 783 859 (-817 1024 80 ) (-883 1024 80 ) (-883 1024 64 ) (-817 1024 64 ) 
4 783 860 (-883 1024 64 ) (-883 1024 0 ) (-817 1024 0 ) (-817 1024 64 ) 
4 783 803 (-817 1024 0 ) (-883 1024 0 ) (-883 1364.010010 0 ) (-817 1364.010010 0 ) 
4 783 784 (-883 1364.010010 0 ) (-883 1024 0 ) (-883 1024 80 ) (-883 1364.010010 80 ) 
4 784 859 (-883 1024 80 ) (-1024 1024 80 ) (-1024 1024 64 ) (-883 1024 64 ) 
4 784 860 (-1024 1024 64 ) (-1024 1024 0 ) (-883 1024 0 ) (-883 1024 64 ) 
4 784 817 (-1024 1024 0 ) (-1024 1024 80 ) (-1024 1371.010132 80 ) (-1024 1371.010132 0 ) 
5 784 803 (-883 1024 0 ) (-1024 1024 0 ) (-1024 1188.317993 0 ) (-958.167603 1371.010132 0 ) (-883 1371.010132 0 ) 
3 784 801 (-1024 1188.317993 0 ) (-1024 1371.010132 0 ) (-958.167603 1371.010132 0 ) 
4 785 801 (-878.528809 1694.145264 0 ) (-1007.332031 2048 0 ) (-1007.330261 2048 -110.250000 ) (-878.526367 1694.144531 -110.250000 ) 
4 785 808 (-1007.330261 2048 -110.250000 ) (-1007.330200 2048 -113.250000 ) (-878.526306 1694.144531 -113.250000 ) (-878.526367 1694.144531 -110.250000 ) 
4 785 795 (-606.221802 1595.946289 -113.250000 ) (0 1816.454590 -113.250000 ) (0 1816.455078 0 ) (-606.221863 1595.946411 0 ) 
4 785 792 (-712.950012 1634.435791 -113.250000 ) (-709.001648 1633.011963 -113.250000 ) (-709.001038 1633.011841 0 ) (-712.949951 1634.435913 0 ) 
4 785 791 (-719.995544 1636.976563 -113.250000 ) (-712.950012 1634.435791 -113.250000 ) (-712.949951 1634.435913 0 ) (-719.995544 1636.976685 0 ) 
4 785 790 (-878.528748 1694.146973 0 ) (-878.527344 1694.146484 -113.250000 ) (-719.995544 1636.976563 -113.250000 ) (-719.995544 1636.976685 0 ) 
4 785 786 (-703.873657 1631.162720 -113.250000 ) (-606.226563 1595.949219 -113.250000 ) (-606.226563 1595.949219 0 ) (-703.876404 1631.163818 0 ) 
5 785 793 (0 1816.451050 -113.250000 ) (-606.216614 1595.944458 -113.250000 ) (-878.525391 1694.144043 -113.250000 ) (-1007.329407 2048 -113.250000 ) (0 2048 -113.250000 ) 
4 786 795 (-681.156921 1568.689209 -113.250000 ) (-606.221802 1595.946289 -113.250000 ) (-606.221863 1595.946411 0 ) (-681.159058 1568.688599 0 ) 
4 786 788 (-702 1626.009888 -113.250000 ) (-700.571716 1622.081787 -113.250000 ) (-700.573853 1622.081055 0 ) (-702.001282 1626.006592 0 ) 
4 786 787 (-700.571716 1622.081787 -113.250000 ) (-681.157166 1568.689575 -113.250000 ) (-681.159302 1568.688843 0 ) (-700.573853 1622.081055 0 ) 
3 786 793 (-606.216614 1595.944458 -113.250000 ) (-681.155762 1568.685913 -113.250000 ) (-703.873108 1631.161133 -113.250000 ) 
4 787 803 (-815.123230 1519.960571 -110.250000 ) (-815.125244 1519.959717 0 ) (-834.527100 1573.261475 0 ) (-834.525085 1573.262207 -110.250000 ) 
4 787 808 (-815.123169 1519.960571 -113.250000 ) (-815.123230 1519.960571 -110.250000 ) (-834.525085 1573.262207 -110.250000 ) (-834.525024 1573.262207 -113.250000 ) 
4 787 799 (-771 1536.009766 -113.250000 ) (-759.984985 1540.016113 -113.250000 ) (-759.982910 1540.016968 0 ) (-771 1536.009766 0 ) 
4 787 798 (-779.431702 1532.942505 -113.250000 ) (-776.141296 1534.139404 -113.250000 ) (-776.141296 1534.139526 0 ) (-779.431702 1532.942627 0 ) 
4 787 796 (-790.182983 1529.031860 -113.250000 ) (-779.431702 1532.942505 -113.250000 ) (-779.431702 1532.942627 0 ) (-790.183044 1529.031860 0 ) 
4 787 795 (-759.984985 1540.016113 -113.250000 ) (-681.156921 1568.689209 -113.250000 ) (-681.159058 1568.688599 0 ) (-759.982910 1540.016968 0 ) 
4 787 794 (-815.128906 1519.958008 0 ) (-815.127808 1519.958374 -113.250000 ) (-790.182983 1529.031860 -113.250000 ) (-790.183044 1529.031860 0 ) 
4 787 789 (-708.997131 1619.009033 -113.250000 ) (-834.526733 1573.259521 -113.250000 ) (-834.527832 1573.259155 0 ) (-708.997314 1619.009033 0 ) 
4 787 788 (-700.576172 1622.078125 0 ) (-700.574036 1622.078857 -113.250000 ) (-703.869751 1620.877686 -113.250000 ) (-703.869751 1620.877808 0 ) 
4 787 793 (-681.155762 1568.685913 -113.250000 ) (-815.121094 1519.957031 -113.250000 ) (-834.524353 1573.262573 -113.250000 ) (-700.571655 1622.081787 -113.250000 ) 
3 788 793 (-702 1626.009888 -113.250000 ) (-700.571655 1622.081787 -113.250000 ) (-703.868835 1620.880127 -113.250000 ) 
4 789 805 (-854.870239 1629.149170 0 ) (-856.072205 1632.451172 0 ) (-856.070068 1632.451538 -110.250000 ) (-854.867737 1629.148438 -110.250000 ) 
4 789 804 (-848.990662 1612.996460 0 ) (-853 1624.009033 0 ) (-852.998657 1624.013672 -110.250000 ) (-848.987854 1612.994995 -110.250000 ) 
4 789 803 (-834.527100 1573.261475 0 ) (-848.990662 1612.996460 0 ) (-848.987854 1612.994995 -110.250000 ) (-834.525085 1573.262207 -110.250000 ) 
4 789 802 (-856.072205 1632.451172 0 ) (-860.035095 1643.338257 0 ) (-860.033997 1643.341431 -110.250000 ) (-856.070068 1632.451538 -110.250000 ) 
4 789 801 (-860.035095 1643.338257 0 ) (-872.935669 1678.779419 0 ) (-872.933167 1678.778564 -110.250000 ) (-860.033997 1643.341431 -110.250000 ) 
4 789 808 (-872.933167 1678.778564 -110.250000 ) (-872.933105 1678.778564 -113.250000 ) (-834.525024 1573.262207 -113.250000 ) (-834.525085 1573.262207 -110.250000 ) 
4 789 790 (-714.131958 1620.882690 -113.250000 ) (-872.936829 1678.781372 -113.250000 ) (-872.938232 1678.781860 0 ) (-714.131958 1620.882690 0 ) 
3 789 793 (-834.524353 1573.262573 -113.250000 ) (-872.932190 1678.778076 -113.250000 ) (-709 1619.010010 -113.250000 ) 
4 790 801 (-872.935669 1678.779419 0 ) (-878.528809 1694.145264 0 ) (-878.526367 1694.144531 -110.250000 ) (-872.933167 1678.778564 -110.250000 ) 
4 790 808 (-878.526367 1694.144531 -110.250000 ) (-878.526306 1694.144531 -113.250000 ) (-872.933105 1678.778564 -113.250000 ) (-872.933167 1678.778564 -110.250000 ) 
4 790 791 (-716 1626.008911 -113.250000 ) (-719.995300 1636.974121 -113.250000 ) (-719.995300 1636.974121 0 ) (-716 1626.008911 0 ) 
4 790 793 (-872.932190 1678.778076 -113.250000 ) (-878.525391 1694.144043 -113.250000 ) (-719.994873 1636.974976 -113.250000 ) (-714.131348 1620.880859 -113.250000 ) 
4 791 792 (-714.143372 1631.141602 -113.250000 ) (-712.951233 1634.434937 -113.250000 ) (-712.951233 1634.434937 0 ) (-714.143494 1631.141235 0 ) 
3 791 793 (-719.994873 1636.974976 -113.250000 ) (-712.950378 1634.434570 -113.250000 ) (-716 1626.010010 -113.250000 ) 
3 792 793 (-712.950378 1634.434570 -113.250000 ) (-709.003418 1633.011230 -113.250000 ) (-714.142212 1631.142090 -113.250000 ) 
4 793 808 (-1007.330078 2048 -120 ) (-815.123047 1519.960571 -120 ) (-815.123169 1519.960571 -113.250000 ) (-1007.330200 2048 -113.250000 ) 
4 793 799 (-771 1536.009766 -120 ) (-759.985168 1540.016113 -120 ) (-759.985107 1540.016113 -113.250000 ) (-771 1536.009766 -113.250000 ) 
4 793 798 (-779.431702 1532.942505 -120 ) (-776.141235 1534.139404 -120 ) (-776.141296 1534.139526 -113.250000 ) (-779.431702 1532.942627 -113.250000 ) 
4 793 796 (-790.182983 1529.031860 -120 ) (-779.431702 1532.942505 -120 ) (-779.431702 1532.942627 -113.250000 ) (-790.183044 1529.031860 -113.250000 ) 
4 793 795 (-759.985168 1540.016113 -120 ) (0 1816.454590 -120 ) (0 1816.454590 -113.250000 ) (-759.985107 1540.016113 -113.250000 ) 
4 793 794 (-815.127808 1519.958374 -113.250000 ) (-815.127747 1519.958374 -120 ) (-790.182983 1529.031860 -120 ) (-790.183044 1529.031860 -113.250000 ) 
4 794 861 (0 1024 -120 ) (0 1024 0 ) (-634.596802 1024 0 ) (-634.595459 1024 -120 ) 
4 794 803 (-634.593079 1024 -110.250000 ) (-634.595703 1024 0 ) (-815.125244 1519.959717 0 ) (-815.123230 1519.960449 -110.250000 ) 
4 794 808 (-815.123047 1519.960571 -120 ) (-634.592834 1024 -120 ) (-634.593079 1024 -110.250000 ) (-815.123230 1519.960449 -110.250000 ) 
4 794 797 (-767.077393 1520.573853 -120 ) (-771 1522.009888 -120 ) (-771 1522.009888 0 ) (-767.075623 1520.573242 0 ) 
4 794 796 (-776.135803 1523.889648 -120 ) (-790.187500 1529.033203 -120 ) (-790.187500 1529.033203 0 ) (-776.135864 1523.889648 0 ) 
4 794 795 (0 1239.788330 -120 ) (-767.077393 1520.573853 -120 ) (-767.075623 1520.573242 0 ) (0 1239.788574 0 ) 
4 795 800 (-762.556885 1532.962769 -120 ) (-764 1529.008423 -120 ) (-763.998474 1529.005859 0 ) (-762.555237 1532.962280 0 ) 
4 795 799 (-759.981018 1540.018921 0 ) (-759.983215 1540.018066 -120 ) (-762.556885 1532.962769 -120 ) (-762.555237 1532.962280 0 ) 
4 795 797 (-765.873535 1523.870850 -120 ) (-767.075928 1520.574829 -120 ) (-767.074219 1520.574219 0 ) (-765.871338 1523.871704 0 ) 
4 796 798 (-778 1529.009644 -120 ) (-779.432678 1532.944092 -120 ) (-779.432678 1532.944092 0 ) (-778 1529.009644 0 ) 
4 799 800 (-765.875061 1534.160156 -120 ) (-762.557983 1532.963013 -120 ) (-762.556274 1532.962402 0 ) (-765.875061 1534.160156 0 ) 
4 801 818 (-1024 1188.317993 0 ) (-1024 2048 0 ) (-1024 2048 -110.250000 ) (-1024 1188.317871 -110.250000 ) 
4 801 807 (-868.416382 1620.078613 -110.250000 ) (-867 1624.009644 -110.250000 ) (-867 1624.009644 0 ) (-868.416321 1620.078857 0 ) 
4 801 803 (-1024 1188.316406 -110.250000 ) (-868.416382 1620.078613 -110.250000 ) (-868.416321 1620.078857 0 ) (-1024 1188.317261 0 ) 
4 801 802 (-865.154968 1629.129395 -110.250000 ) (-860.037109 1643.332031 -110.250000 ) (-860.037720 1643.330444 0 ) (-865.154907 1629.129761 0 ) 
4 801 808 (-1007.334167 2048 -110.250000 ) (-860.036133 1643.335571 -110.250000 ) (-1024 1188.317993 -110.250000 ) (-1024 2048 -110.250000 ) 
4 802 805 (-860.003540 1631.011353 -110.250000 ) (-856.071838 1632.449097 -110.250000 ) (-856.072998 1632.449097 0 ) (-860.004517 1631.011353 0 ) 
3 802 808 (-860.036133 1643.335571 -110.250000 ) (-856.073853 1632.450195 -110.250000 ) (-865.155396 1629.129150 -110.250000 ) 
4 803 861 (-634.596802 1024 0 ) (-1024 1024 0 ) (-1024 1024 -110.250000 ) (-634.595581 1024 -110.250000 ) 
4 803 818 (-1024 1024 -110.250000 ) (-1024 1024 0 ) (-1024 1188.317993 0 ) (-1024 1188.317871 -110.250000 ) 
4 803 807 (-865.126892 1618.879639 -110.250000 ) (-868.417236 1620.079102 -110.250000 ) (-868.417114 1620.079468 0 ) (-865.127075 1618.880127 0 ) 
4 803 806 (-856.077515 1615.580811 -110.250000 ) (-860 1617.010376 -110.250000 ) (-859.998596 1617.010620 0 ) (-856.076355 1615.580811 0 ) 
4 803 804 (-848.993774 1613 0 ) (-848.992188 1612.998047 -110.250000 ) (-856.077515 1615.580811 -110.250000 ) (-856.076355 1615.580811 0 ) 
5 803 808 (-848.992798 1612.996826 -110.250000 ) (-634.597656 1024 -110.250000 ) (-1024 1024 -110.250000 ) (-1024 1188.317993 -110.250000 ) (-868.416687 1620.078613 -110.250000 ) 
4 804 806 (-854.874695 1618.879028 -110.250000 ) (-856.078369 1615.582031 -110.250000 ) (-856.077148 1615.582031 0 ) (-854.873291 1618.879517 0 ) 
3 804 808 (-853 1624.007813 -110.250000 ) (-848.992798 1612.996826 -110.250000 ) (-856.077881 1615.579956 -110.250000 ) 
3 805 808 (-856.073853 1632.450195 -110.250000 ) (-854.872681 1629.150269 -110.250000 ) (-860.006104 1631.012207 -110.250000 ) 
3 806 808 (-854.873169 1618.879517 -110.250000 ) (-856.077881 1615.579956 -110.250000 ) (-860 1617.009888 -110.250000 ) 
3 807 808 (-865.126709 1618.879028 -110.250000 ) (-868.416687 1620.078613 -110.250000 ) (-867 1624.010010 -110.250000 ) 
4 808 861 (-1024 1024 -110.250000 ) (-1024 1024 -120 ) (-634.595459 1024 -120 ) (-634.595581 1024 -110.250000 ) 
4 808 818 (-1024 1024 -120 ) (-1024 1024 -110.250000 ) (-1024 2048 -110.250000 ) (-1024 2048 -120 ) 
4 809 862 (0 1024 -288.299988 ) (0 1024 -166 ) (-1024 1024 -166 ) (-1024 1024 -288.299988 ) 
4 809 819 (-1024 1024 -288.299988 ) (-1024 1024 -166 ) (-1024 2048 -166 ) (-1024 2048 -288.299988 ) 
4 810 817 (-1024 2048 0 ) (-1024 2048 620.299988 ) (-2048 2048 620.299988 ) (-2048 2048 0 ) 
4 810 814 (-2048 3072 620.299988 ) (-2048 3072 0 ) (-2048 2048 0 ) (-2048 2048 620.299988 ) 
4 810 811 (-1024 2048 0 ) (-2048 2048 0 ) (-2048 3072 0 ) (-1024 3072 0 ) 
4 811 818 (-1024 2048 -120 ) (-1024 2048 0 ) (-2048 2048 0 ) (-2048 2048 -120 ) 
4 811 815 (-2048 3072 0 ) (-2048 3072 -120 ) (-2048 2048 -120 ) (-2048 2048 0 ) 
4 812 819 (-1024 2048 -288.299988 ) (-1024 2048 -166 ) (-2048 2048 -166 ) (-2048 2048 -288.299988 ) 
4 812 816 (-2048 3072 -166 ) (-2048 3072 -288.299988 ) (-2048 2048 -288.299988 ) (-2048 2048 -166 ) 
4 814 840 (-3072 2048 0 ) (-3072 2048 620.299988 ) (-3072 3072 620.299988 ) (-3072 3072 0 ) 
4 814 820 (-3072 2048 620.299988 ) (-3072 2048 0 ) (-2048 2048 0 ) (-2048 2048 620.299988 ) 
4 814 815 (-2048 3072 0 ) (-2048 2048 0 ) (-3072 2048 0 ) (-3072 3072 0 ) 
4 815 841 (-3072 2048 -120 ) (-3072 2048 0 ) (-3072 3072 0 ) (-3072 3072 -120 ) 
4 815 821 (-3072 2048 0 ) (-3072 2048 -120 ) (-2048 2048 -120 ) (-2048 2048 0 ) 
4 816 842 (-3072 2048 -288.299988 ) (-3072 2048 -166 ) (-3072 3072 -166 ) (-3072 3072 -288.299988 ) 
4 816 822 (-3072 2048 -166 ) (-3072 2048 -288.299988 ) (-2048 2048 -288.299988 ) (-2048 2048 -166 ) 
4 817 960 (-1024 1024 0 ) (-1024 1024 620.299988 ) (-2048 1024 620.299988 ) (-2048 1024 0 ) 
4 817 820 (-2048 2048 620.299988 ) (-2048 2048 0 ) (-2048 1024 0 ) (-2048 1024 620.299988 ) 
4 817 818 (-2048 2048 0 ) (-1024 2048 0 ) (-1024 1024 0 ) (-2048 1024 0 ) 
4 818 961 (-1024 1024 -120 ) (-1024 1024 0 ) (-2048 1024 0 ) (-2048 1024 -120 ) 
4 818 821 (-2048 2048 0 ) (-2048 2048 -120 ) (-2048 1024 -120 ) (-2048 1024 0 ) 
4 819 962 (-1024 1024 -288.299988 ) (-1024 1024 -166 ) (-2048 1024 -166 ) (-2048 1024 -288.299988 ) 
4 819 822 (-2048 2048 -166 ) (-2048 2048 -288.299988 ) (-2048 1024 -288.299988 ) (-2048 1024 -166 ) 
4 820 963 (-2048 1024 0 ) (-2048 1024 620.299988 ) (-3072 1024 620.299988 ) (-3072 1024 0 ) 
4 820 843 (-3072 1024 0 ) (-3072 1024 620.299988 ) (-3072 2048 620.299988 ) (-3072 2048 0 ) 
4 820 821 (-3072 1024 0 ) (-3072 2048 0 ) (-2048 2048 0 ) (-2048 1024 0 ) 
4 821 964 (-2048 1024 -120 ) (-2048 1024 0 ) (-3072 1024 0 ) (-3072 1024 -120 ) 
4 821 844 (-3072 1024 -120 ) (-3072 1024 0 ) (-3072 2048 0 ) (-3072 2048 -120 ) 
4 822 965 (-2048 1024 -288.299988 ) (-2048 1024 -166 ) (-3072 1024 -166 ) (-3072 1024 -288.299988 ) 
4 822 845 (-3072 1024 -288.299988 ) (-3072 1024 -166 ) (-3072 2048 -166 ) (-3072 2048 -288.299988 ) 
4 823 833 (-3072 4096 0 ) (-3072 4096 620.299988 ) (-4096 4096 620.299988 ) (-4096 4096 0 ) 
4 823 827 (-4096 4096 0 ) (-4096 4096 620.299988 ) (-4096 4736.250000 620.299988 ) (-4096 4736.250000 0 ) 
4 823 825 (-4096 4096 0 ) (-4096 4736 0 ) (-3072 4736 0 ) (-3072 4096 0 ) 
4 823 824 (-4096 4736 0 ) (-4096 4736.250000 0 ) (-3072 4736.250000 0 ) (-3072 4736 0 ) 
4 824 828 (-4096 4736 0 ) (-4096 4736.250000 0 ) (-4096 4736.250000 -288.299988 ) (-4096 4736 -288.299988 ) 
4 824 826 (-4096 4736 -288.299988 ) (-3072 4736 -288.299988 ) (-3072 4736 -166 ) (-4096 4736 -166 ) 
4 824 825 (-3072 4736 -120 ) (-3072 4736 0 ) (-4096 4736 0 ) (-4096 4736 -120 ) 
4 825 834 (-3072 4096 -120 ) (-3072 4096 0 ) (-4096 4096 0 ) (-4096 4096 -120 ) 
4 825 829 (-4096 4096 -120 ) (-4096 4096 0 ) (-4096 4736 0 ) (-4096 4736 -120 ) 
4 826 835 (-3072 4096 -288.299988 ) (-3072 4096 -166 ) (-4096 4096 -166 ) (-4096 4096 -288.299988 ) 
4 826 831 (-4096 4096 -288.299988 ) (-4096 4096 -166 ) (-4096 4736 -166 ) (-4096 4736 -288.299988 ) 
4 827 836 (-4096 4096 0 ) (-4096 4096 620.299988 ) (-4352.220215 4096 620.299988 ) (-4352.220215 4096 0 ) 
4 827 830 (-4352 4096 0 ) (-4352.220215 4096 0 ) (-4352.220215 4736 0 ) (-4352 4736 0 ) 
4 827 829 (-4096 4736 0 ) (-4096 4096 0 ) (-4352 4096 0 ) (-4352 4736 0 ) 
4 827 828 (-4096 4736.250000 0 ) (-4096 4736 0 ) (-4352.220215 4736 0 ) (-4352.220215 4736.250000 0 ) 
4 828 831 (-4352 4736 -288.299988 ) (-4096 4736 -288.299988 ) (-4096 4736 -166 ) (-4352 4736 -166 ) 
4 828 832 (-4352.220215 4736 -120 ) (-4352.220215 4736 -288.299988 ) (-4352 4736 -288.299988 ) (-4352 4736 -120 ) 
4 828 830 (-4352.220215 4736 0 ) (-4352.220215 4736 -120 ) (-4352 4736 -120 ) (-4352 4736 0 ) 
4 828 829 (-4352 4736 -120 ) (-4096 4736 -120 ) (-4096 4736 0 ) (-4352 4736 0 ) 
4 829 837 (-4096 4096 -120 ) (-4096 4096 0 ) (-4352 4096 0 ) (-4352 4096 -120 ) 
4 829 830 (-4352 4736 0 ) (-4352 4736 -120 ) (-4352 4096 -120 ) (-4352 4096 0 ) 
4 830 839 (-4352 4096 0 ) (-4352.220215 4096 0 ) (-4352.220215 4096 -120 ) (-4352 4096 -120 ) 
4 830 832 (-4352.220215 4096 -120 ) (-4352.220215 4736 -120 ) (-4352 4736 -120 ) (-4352 4096 -120 ) 
4 831 838 (-4096 4096 -288.299988 ) (-4096 4096 -166 ) (-4352 4096 -166 ) (-4352 4096 -288.299988 ) 
4 831 832 (-4352 4736 -166 ) (-4352 4736 -288.299988 ) (-4352 4096 -288.299988 ) (-4352 4096 -166 ) 
4 832 839 (-4352 4096 -120 ) (-4352.220215 4096 -120 ) (-4352.220215 4096 -288.299988 ) (-4352 4096 -288.299988 ) 
4 833 840 (-3072 3072 0 ) (-3072 3072 620.299988 ) (-4096 3072 620.299988 ) (-4096 3072 0 ) 
4 833 836 (-4096 3072 0 ) (-4096 3072 620.299988 ) (-4096 4096 620.299988 ) (-4096 4096 0 ) 
4 833 834 (-3072 3072 0 ) (-4096 3072 0 ) (-4096 4096 0 ) (-3072 4096 0 ) 
4 834 841 (-3072 3072 -120 ) (-3072 3072 0 ) (-4096 3072 0 ) (-4096 3072 -120 ) 
4 834 837 (-4096 3072 -120 ) (-4096 3072 0 ) (-4096 4096 0 ) (-4096 4096 -120 ) 
4 835 842 (-3072 3072 -288.299988 ) (-3072 3072 -166 ) (-4096 3072 -166 ) (-4096 3072 -288.299988 ) 
4 835 838 (-4096 3072 -288.299988 ) (-4096 3072 -166 ) (-4096 4096 -166 ) (-4096 4096 -288.299988 ) 
4 836 846 (-4096 3072 0 ) (-4096 3072 620.299988 ) (-4352.220215 3072 620.299988 ) (-4352.220215 3072 0 ) 
4 836 839 (-4352 3072 0 ) (-4352.220215 3072 0 ) (-4352.220215 4096 0 ) (-4352 4096 0 ) 
4 836 837 (-4096 3072 0 ) (-4352 3072 0 ) (-4352 4096 0 ) (-4096 4096 0 ) 
4 837 847 (-4096 3072 -120 ) (-4096 3072 0 ) (-4352 3072 0 ) (-4352 3072 -120 ) 
4 837 839 (-4352 3072 -120 ) (-4352 3072 0 ) (-4352 4096 0 ) (-4352 4096 -120 ) 
4 838 848 (-4096 3072 -288.299988 ) (-4096 3072 -166 ) (-4352 3072 -166 ) (-4352 3072 -288.299988 ) 
4 838 839 (-4352 4096 -288.299988 ) (-4352 3072 -288.299988 ) (-4352 3072 -166 ) (-4352 4096 -166 ) 
4 839 849 (-4352 3072 0 ) (-4352.220215 3072 0 ) (-4352.220215 3072 -288.299988 ) (-4352 3072 -288.299988 ) 
4 840 846 (-4096 3072 620.299988 ) (-4096 3072 0 ) (-4096 2048 0 ) (-4096 2048 620.299988 ) 
4 840 843 (-3072 2048 0 ) (-3072 2048 620.299988 ) (-4096 2048 620.299988 ) (-4096 2048 0 ) 
4 840 841 (-4096 2048 0 ) (-4096 3072 0 ) (-3072 3072 0 ) (-3072 2048 0 ) 
4 841 847 (-4096 3072 0 ) (-4096 3072 -120 ) (-4096 2048 -120 ) (-4096 2048 0 ) 
4 841 844 (-3072 2048 -120 ) (-3072 2048 0 ) (-4096 2048 0 ) (-4096 2048 -120 ) 
4 842 848 (-4096 3072 -166 ) (-4096 3072 -288.299988 ) (-4096 2048 -288.299988 ) (-4096 2048 -166 ) 
4 842 845 (-3072 2048 -288.299988 ) (-3072 2048 -166 ) (-4096 2048 -166 ) (-4096 2048 -288.299988 ) 
4 843 1038 (-3072 1024 0 ) (-3072 1024 620.299988 ) (-4096 1024 620.299988 ) (-4096 1024 0 ) 
4 843 850 (-4096 1024 0 ) (-4096 1024 620.299988 ) (-4096 2048 620.299988 ) (-4096 2048 0 ) 
4 843 844 (-4096 1024 0 ) (-4096 2048 0 ) (-3072 2048 0 ) (-3072 1024 0 ) 
4 844 1039 (-3072 1024 -120 ) (-3072 1024 0 ) (-4096 1024 0 ) (-4096 1024 -120 ) 
4 844 851 (-4096 1024 -120 ) (-4096 1024 0 ) (-4096 2048 0 ) (-4096 2048 -120 ) 
4 845 1040 (-3072 1024 -288.299988 ) (-3072 1024 -166 ) (-4096 1024 -166 ) (-4096 1024 -288.299988 ) 
4 845 852 (-4096 1024 -288.299988 ) (-4096 1024 -166 ) (-4096 2048 -166 ) (-4096 2048 -288.299988 ) 
4 846 850 (-4096 2048 0 ) (-4096 2048 620.299988 ) (-4352.220215 2048 620.299988 ) (-4352.220215 2048 0 ) 
4 846 849 (-4352 2048 0 ) (-4352.220215 2048 0 ) (-4352.220215 3072 0 ) (-4352 3072 0 ) 
4 846 847 (-4096 2048 0 ) (-4352 2048 0 ) (-4352 3072 0 ) (-4096 3072 0 ) 
4 847 851 (-4096 2048 -120 ) (-4096 2048 0 ) (-4352 2048 0 ) (-4352 2048 -120 ) 
4 847 849 (-4352 2048 -120 ) (-4352 2048 0 ) (-4352 3072 0 ) (-4352 3072 -120 ) 
4 848 852 (-4096 2048 -288.299988 ) (-4096 2048 -166 ) (-4352 2048 -166 ) (-4352 2048 -288.299988 ) 
4 848 849 (-4352 3072 -288.299988 ) (-4352 2048 -288.299988 ) (-4352 2048 -166 ) (-4352 3072 -166 ) 
4 849 853 (-4352 2048 0 ) (-4352.220215 2048 0 ) (-4352.220215 2048 -288.299988 ) (-4352 2048 -288.299988 ) 
4 850 1044 (-4096 1024 0 ) (-4096 1024 620.299988 ) (-4352.220215 1024 620.299988 ) (-4352.220215 1024 0 ) 
4 850 853 (-4352.220215 2048 0 ) (-4352 2048 0 ) (-4352 1024 0 ) (-4352.220215 1024 0 ) 
4 850 851 (-4352 2048 0 ) (-4096 2048 0 ) (-4096 1024 0 ) (-4352 1024 0 ) 
4 851 1045 (-4096 1024 -120 ) (-4096 1024 0 ) (-4352 1024 0 ) (-4352 1024 -120 ) 
4 851 853 (-4352 1024 -120 ) (-4352 1024 0 ) (-4352 2048 0 ) (-4352 2048 -120 ) 
4 852 1046 (-4096 1024 -288.299988 ) (-4096 1024 -166 ) (-4352 1024 -166 ) (-4352 1024 -288.299988 ) 
4 852 853 (-4352 2048 -288.299988 ) (-4352 1024 -288.299988 ) (-4352 1024 -166 ) (-4352 2048 -166 ) 
4 853 1047 (-4352 1024 0 ) (-4352.220215 1024 0 ) (-4352.220215 1024 -288.299988 ) (-4352 1024 -288.299988 ) 
4 854 960 (-1024 1024 620.299988 ) (-1024 1024 80 ) (-1024 0 80 ) (-1024 0 620.299988 ) 
4 854 863 (0 0 80 ) (0 0 620.299988 ) (-1024 0 620.299988 ) (-1024 0 80 ) 
4 854 859 (-792 0 80 ) (-1024 0 80 ) (-1024 1024 80 ) (-792 1024 80 ) 
4 854 857 (-264 816.012085 80 ) (-264 1024 80 ) (-168 1024 80 ) (-168 816.012085 80 ) 
4 854 858 (-264 0 80 ) (-696 0 80 ) (-696 1024 80 ) (-264 1024 80 ) 
4 854 855 (-168 816.012085 80 ) (-168 1024 80 ) (0 1024 80 ) (0 816.012085 80 ) 
4 854 856 (0 0 80 ) (-168 0 80 ) (-168 720.012085 80 ) (0 720.012085 80 ) 
4 855 857 (-168 1024 64 ) (-168 816.012085 64 ) (-168 816.012085 80 ) (-168 1024 80 ) 
4 855 860 (-168 1024 64 ) (0 1024 64 ) (0 816.012085 64 ) (-168 816.012085 64 ) 
4 856 864 (0 0 64 ) (0 0 80 ) (-168 0 80 ) (-168 0 64 ) 
4 856 860 (0 720.012085 64 ) (0 0 64 ) (-168 0 64 ) (-168 720.012085 64 ) 
4 857 858 (-264 1024 64 ) (-264 816.012085 64 ) (-264 816.012085 80 ) (-264 1024 80 ) 
4 857 860 (-264 1024 64 ) (-168 1024 64 ) (-168 816.012085 64 ) (-264 816.012085 64 ) 
4 858 865 (-264 0 80 ) (-696 0 80 ) (-696 0 64 ) (-264 0 64 ) 
4 858 860 (-696 1024 64 ) (-264 1024 64 ) (-264 0 64 ) (-696 0 64 ) 
4 859 960 (-1024 1024 80 ) (-1024 1024 64 ) (-1024 0 64 ) (-1024 0 80 ) 
4 859 868 (-792 0 80 ) (-1024 0 80 ) (-1024 0 64 ) (-792 0 64 ) 
4 859 860 (-1024 0 64 ) (-1024 1024 64 ) (-792 1024 64 ) (-792 0 64 ) 
4 860 960 (-1024 1024 64 ) (-1024 1024 0 ) (-1024 0 0 ) (-1024 0 64 ) 
4 860 870 (0 0 2 ) (0 0 64 ) (-620.262878 0 64 ) (-620.262878 0 2 ) 
4 860 869 (-620.262878 0 64 ) (-1024 0 64 ) (-1024 0 2 ) (-620.262878 0 2 ) 
4 860 877 (0 0 0 ) (0 0 2 ) (-1024 0 2 ) (-1024 0 0 ) 
4 860 861 (-1024 0 0 ) (-1024 1024 0 ) (0 1024 0 ) (0 0 0 ) 
4 861 961 (-1024 1024 0 ) (-1024 1024 -120 ) (-1024 0 -120 ) (-1024 0 0 ) 
4 861 953 (-768 0 0 ) (-776 0 0 ) (-776 0 -52 ) (-768 0 -52 ) 
4 861 957 (-776 0 -52 ) (-776 0 -120 ) (-768 0 -120 ) (-768 0 -52 ) 
4 861 958 (-776 0 0 ) (-1024 0 0 ) (-1024 0 -120 ) (-776 0 -120 ) 
4 861 947 (-712 0 0 ) (-720 0 0 ) (-720 0 -120 ) (-712 0 -120 ) 
4 861 952 (-720 0 0 ) (-768 0 0 ) (-768 0 -120 ) (-720 0 -120 ) 
4 861 939 (0 0 -120 ) (0 0 0 ) (-712 0 0 ) (-712 0 -120 ) 
4 862 962 (-1024 1024 -166 ) (-1024 1024 -288.299988 ) (-1024 0 -288.299988 ) (-1024 0 -166 ) 
4 862 959 (0 0 -288.299988 ) (0 0 -166 ) (-1024 0 -166 ) (-1024 0 -288.299988 ) 
4 863 966 (-1024 0 620.299988 ) (-1024 0 80 ) (-1024 -447.988007 80 ) (-1024 -447.988007 620.299988 ) 
4 863 926 (-1024 -447.988007 620.299988 ) (-1024 -447.988007 80 ) (-684 -447.988007 80 ) (-684 -447.988007 620.299988 ) 
4 863 899 (-684 -447.988007 80 ) (-112 -447.988007 80 ) (-112 -447.988007 96 ) (-684 -447.988007 96 ) 
4 863 896 (-112 -447.988007 80 ) (-104 -447.988007 80 ) (-104 -447.988007 96 ) (-112 -447.988007 96 ) 
4 863 894 (-104 -447.988007 96 ) (-104 -447.988007 240 ) (-112 -447.988007 240 ) (-112 -447.988007 96 ) 
4 863 895 (-112 -447.988007 240 ) (-684 -447.988007 240 ) (-684 -447.988007 96 ) (-112 -447.988007 96 ) 
4 863 893 (-104 -447.988007 240 ) (-104 -447.988007 620.299988 ) (-684 -447.988007 620.299988 ) (-684 -447.988007 240 ) 
4 863 881 (-104 -447.988007 80 ) (-56 -447.988007 80 ) (-56 -447.988007 620.299988 ) (-104 -447.988007 620.299988 ) 
4 863 878 (-56 -447.988007 80 ) (0 -447.988007 80 ) (0 -447.988007 620.299988 ) (-56 -447.988007 620.299988 ) 
4 863 868 (-792 -447.988007 80 ) (-1024 -447.988007 80 ) (-1024 0 80 ) (-792 0 80 ) 
4 863 867 (-696 -351.988007 80 ) (-696 -127.987999 80 ) (0 -127.987999 80 ) (0 -351.988007 80 ) 
4 863 866 (-696 -127.987999 80 ) (-696 -31.988302 80 ) (-264 -31.988302 80 ) (-264 -127.987999 80 ) 
4 863 864 (-168 0 80 ) (0 0 80 ) (0 -31.988302 80 ) (-168 -31.988302 80 ) 
4 863 865 (-696 -31.988302 80 ) (-696 0 80 ) (-264 0 80 ) (-264 -31.988302 80 ) 
4 864 870 (-168 0 64 ) (0 0 64 ) (0 -31.988302 64 ) (-168 -31.988302 64 ) 
4 865 870 (-620.262817 0 64 ) (-264 0 64 ) (-264 -31.988302 64 ) (-631.875671 -31.988302 64 ) 
4 865 869 (-696 -31.988302 64 ) (-696 0 64 ) (-620.262817 0 64 ) (-631.875671 -31.988302 64 ) 
4 865 866 (-696 -31.988302 80 ) (-696 -31.988302 64 ) (-264 -31.988302 64 ) (-264 -31.988302 80 ) 
4 866 870 (-631.875671 -31.988302 64 ) (-264 -31.988302 64 ) (-264 -127.987999 64 ) (-666.726807 -127.987999 64 ) 
4 866 869 (-696 -127.987999 64 ) (-696 -31.988302 64 ) (-631.875671 -31.988302 64 ) (-666.726807 -127.987999 64 ) 
4 866 867 (-696 -127.987999 80 ) (-696 -127.987999 64 ) (-264 -127.987999 64 ) (-264 -127.987999 80 ) 
5 867 870 (-696 -351.988007 64 ) (-696 -208.622864 64 ) (-666.726807 -127.987999 64 ) (0 -127.987999 64 ) (0 -351.988007 64 ) 
3 867 869 (-696 -208.622864 64 ) (-696 -127.987999 64 ) (-666.726807 -127.987999 64 ) 
4 868 966 (-1024 0 80 ) (-1024 0 64 ) (-1024 -447.988007 64 ) (-1024 -447.988007 80 ) 
4 868 926 (-1024 -447.988007 80 ) (-1024 -447.988007 64 ) (-792 -447.988007 64 ) (-792 -447.988007 80 ) 
4 868 869 (-792 -447.988007 64 ) (-1024 -447.988007 64 ) (-1024 0 64 ) (-792 0 64 ) 
4 869 966 (-1024 0 64 ) (-1024 0 2 ) (-1024 -447.988007 2 ) (-1024 -447.988007 64 ) 
4 869 938 (-1024 -447.988007 56 ) (-1024 -447.988007 2 ) (-782.897644 -447.988007 2 ) (-782.897644 -447.988007 56 ) 
4 869 927 (-796 -447.988007 56 ) (-782.897644 -447.988007 56 ) (-782.897644 -447.988007 64 ) (-796 -447.988007 64 ) 
4 869 929 (-1024 -447.988007 64 ) (-1024 -447.988007 56 ) (-796 -447.988007 56 ) (-796 -447.988007 64 ) 
4 869 875 (-780.004272 -440.015930 2 ) (-776 -428.986816 2 ) (-776 -428.988220 64 ) (-780.004822 -440.017303 64 ) 
4 869 873 (-782.898438 -447.988007 2 ) (-780.004272 -440.015930 2 ) (-780.004822 -440.017303 64 ) (-782.898438 -447.988007 64 ) 
4 869 872 (-774.138245 -423.857483 2 ) (-772.941040 -420.559723 2 ) (-772.941040 -420.559723 64 ) (-774.138977 -423.859558 64 ) 
4 869 871 (-772.941040 -420.559723 2 ) (-769.004761 -409.716980 2 ) (-769.004761 -409.716980 64 ) (-772.941040 -420.559723 64 ) 
4 869 870 (-769.004761 -409.716980 2 ) (-620.263672 0 2 ) (-620.263794 0 64 ) (-769.004761 -409.716980 64 ) 
4 869 877 (-782.897644 -447.988007 2 ) (-1024 -447.988007 2 ) (-1024 0 2 ) (-620.262878 0 2 ) 
4 870 931 (-720 -447.988007 2 ) (-712 -447.988007 2 ) (-712 -447.988007 56 ) (-720 -447.988007 56 ) 
4 870 930 (-712 -447.988007 2 ) (-684 -447.988007 2 ) (-684 -447.988007 56 ) (-712 -447.988007 56 ) 
4 870 934 (-755.093567 -447.988007 2 ) (-720 -447.988007 2 ) (-720 -447.988007 56 ) (-755.093567 -447.988007 56 ) 
4 870 927 (-684 -447.988007 56 ) (-684 -447.988007 64 ) (-755.093567 -447.988007 64 ) (-755.093567 -447.988007 56 ) 
4 870 899 (-684 -447.988007 2 ) (-112 -447.988007 2 ) (-112 -447.988007 64 ) (-684 -447.988007 64 ) 
4 870 896 (-112 -447.988007 2 ) (-104 -447.988007 2 ) (-104 -447.988007 64 ) (-112 -447.988007 64 ) 
4 870 891 (-104 -447.988007 2 ) (0 -447.988007 2 ) (0 -447.988007 64 ) (-104 -447.988007 64 ) 
4 870 874 (-762 -428.985352 2 ) (-760.570679 -432.914825 2 ) (-760.570313 -432.915894 64 ) (-762 -428.985352 64 ) 
4 870 873 (-760.570679 -432.914825 2 ) (-755.091736 -447.988007 2 ) (-755.091797 -447.988007 64 ) (-760.570313 -432.915894 64 ) 
4 870 871 (-769.002930 -409.716797 64 ) (-769.002930 -409.716797 2 ) (-763.866150 -423.848663 2 ) (-763.866150 -423.848663 64 ) 
5 870 877 (0 -447.988007 2 ) (-755.093567 -447.988007 2 ) (-769.004395 -409.718079 2 ) (-620.262878 0 2 ) (0 0 2 ) 
4 871 872 (-772.940735 -420.558990 64 ) (-772.940735 -420.558990 2 ) (-769 -421.987671 2 ) (-768.996521 -421.988556 64 ) 
3 871 877 (-772.940369 -420.559937 2 ) (-769.004395 -409.718079 2 ) (-763.868347 -423.847870 2 ) 
3 872 877 (-774.137329 -423.857117 2 ) (-772.940369 -420.559937 2 ) (-769 -421.988037 2 ) 
4 873 935 (-776 -447.988007 2 ) (-768 -447.988007 2 ) (-768 -447.988007 56 ) (-776 -447.988007 56 ) 
4 873 938 (-782.897644 -447.988007 2 ) (-776 -447.988007 2 ) (-776 -447.988007 56 ) (-782.897644 -447.988007 56 ) 
4 873 934 (-768 -447.988007 2 ) (-755.093567 -447.988007 2 ) (-755.093567 -447.988007 56 ) (-768 -447.988007 56 ) 
4 873 927 (-755.093567 -447.988007 56 ) (-755.093567 -447.988007 64 ) (-782.897644 -447.988007 64 ) (-782.897644 -447.988007 56 ) 
4 873 876 (-768.982178 -435.986816 2 ) (-772.928406 -437.428833 2 ) (-772.928833 -437.430206 64 ) (-768.980957 -435.987579 64 ) 
4 873 875 (-772.928406 -437.428833 2 ) (-780.002930 -440.014008 2 ) (-780.003418 -440.015381 64 ) (-772.928833 -437.430206 64 ) 
4 873 874 (-760.572449 -432.914948 64 ) (-760.572815 -432.913879 2 ) (-763.870483 -434.118927 2 ) (-763.871033 -434.120300 64 ) 
4 873 877 (-755.093567 -447.988007 2 ) (-782.897644 -447.988007 2 ) (-780.003418 -440.015625 2 ) (-760.572327 -432.915436 2 ) 
3 874 877 (-762 -428.987976 2 ) (-760.572327 -432.915436 2 ) (-763.871216 -434.120850 2 ) 
4 875 876 (-772.927063 -437.433472 64 ) (-772.926636 -437.432129 2 ) (-774.133667 -434.115082 2 ) (-774.134583 -434.115082 64 ) 
3 875 877 (-780.003418 -440.015625 2 ) (-776 -428.987854 2 ) (-772.927856 -437.430206 2 ) 
3 876 877 (-768.979980 -435.987640 2 ) (-772.927856 -437.430206 2 ) (-774.134277 -434.114868 2 ) 
4 877 966 (-1024 0 2 ) (-1024 0 0 ) (-1024 -447.988007 0 ) (-1024 -447.988007 2 ) 
4 877 953 (-776 0 0 ) (-768 0 0 ) (-768 -447.988007 0 ) (-776 -447.988007 0 ) 
4 877 958 (-1024 -447.988007 0 ) (-1024 0 0 ) (-776 0 0 ) (-776 -447.988007 0 ) 
4 877 947 (-720 0 0 ) (-712 0 0 ) (-712 -447.988007 0 ) (-720 -447.988007 0 ) 
4 877 952 (-768 0 0 ) (-720 0 0 ) (-720 -447.988007 0 ) (-768 -447.988007 0 ) 
4 877 939 (-712 0 0 ) (0 0 0 ) (0 -447.988007 0 ) (-712 -447.988007 0 ) 
4 877 935 (-776 -447.988007 0 ) (-768 -447.988007 0 ) (-768 -447.988007 2 ) (-776 -447.988007 2 ) 
4 877 938 (-1024 -447.988007 2 ) (-1024 -447.988007 0 ) (-776 -447.988007 0 ) (-776 -447.988007 2 ) 
4 877 931 (-720 -447.988007 0 ) (-712 -447.988007 0 ) (-712 -447.988007 2 ) (-720 -447.988007 2 ) 
4 877 930 (-712 -447.988007 0 ) (-684 -447.988007 0 ) (-684 -447.988007 2 ) (-712 -447.988007 2 ) 
4 877 934 (-768 -447.988007 0 ) (-720 -447.988007 0 ) (-720 -447.988007 2 ) (-768 -447.988007 2 ) 
4 877 899 (-684 -447.988007 0 ) (-112 -447.988007 0 ) (-112 -447.988007 2 ) (-684 -447.988007 2 ) 
4 877 896 (-112 -447.988007 0 ) (-104 -447.988007 0 ) (-104 -447.988007 2 ) (-112 -447.988007 2 ) 
4 877 891 (-104 -447.988007 0 ) (0 -447.988007 0 ) (0 -447.988007 2 ) (-104 -447.988007 2 ) 
4 878 881 (-56 -447.988007 620.299988 ) (-56 -447.988007 80 ) (-56 -741.330017 80 ) (-56 -741.330017 620.299988 ) 
4 878 880 (-56 -741.330017 620.299988 ) (-56 -741.330017 80 ) (0 -741.330017 80 ) (0 -741.330017 620.299988 ) 
4 878 879 (0 -741.330017 80 ) (-56 -741.330017 80 ) (-56 -735.987976 80 ) (0 -735.987976 80 ) 
4 879 881 (-56 -741.330017 76 ) (-56 -741.330017 80 ) (-56 -735.987976 80 ) (-56 -735.987976 76 ) 
4 879 880 (-56 -741.330017 80 ) (-56 -741.330017 76 ) (0 -741.330017 76 ) (0 -741.330017 80 ) 
4 880 885 (0 -746.670044 72 ) (0 -746.670044 216 ) (-56 -746.670044 216 ) (-56 -746.670044 72 ) 
4 880 882 (0 -746.670044 216 ) (0 -746.670044 620.299988 ) (-56 -746.670044 620.299988 ) (-56 -746.670044 216 ) 
4 880 881 (-56 -746.670044 72 ) (-56 -746.670044 620.299988 ) (-56 -741.330017 620.299988 ) (-56 -741.330017 72 ) 
4 881 897 (-104 -735.987976 64 ) (-104 -746.670044 64 ) (-104 -746.670044 96 ) (-104 -735.987976 96 ) 
4 881 896 (-104 -447.988007 96 ) (-104 -447.988007 64 ) (-104 -735.987976 64 ) (-104 -735.987976 96 ) 
4 881 894 (-104 -447.988007 240 ) (-104 -447.988007 96 ) (-104 -746.670044 96 ) (-104 -746.670044 240 ) 
4 881 893 (-104 -447.988007 620.299988 ) (-104 -447.988007 240 ) (-104 -746.670044 240 ) (-104 -746.670044 620.299988 ) 
4 881 891 (-104 -735.987976 64 ) (-104 -447.988007 64 ) (-56 -447.988007 64 ) (-56 -735.987976 64 ) 
4 881 886 (-104 -746.670044 216 ) (-104 -746.670044 64 ) (-56 -746.670044 64 ) (-56 -746.670044 216 ) 
4 881 882 (-104 -746.670044 620.299988 ) (-104 -746.670044 216 ) (-56 -746.670044 216 ) (-56 -746.670044 620.299988 ) 
4 882 894 (-104 -746.670044 240 ) (-104 -746.670044 216 ) (-104 -983.987976 216 ) (-104 -983.987976 240 ) 
4 882 893 (-104 -983.987976 620.299988 ) (-104 -746.670044 620.299988 ) (-104 -746.670044 240 ) (-104 -983.987976 240 ) 
4 882 887 (-104 -983.987976 216 ) (-104 -752 216 ) (0 -752 216 ) (0 -983.987976 216 ) 
4 882 885 (-56 -746.670044 216 ) (0 -746.670044 216 ) (0 -752 216 ) (-56 -752 216 ) 
4 882 886 (-104 -752 216 ) (-104 -746.670044 216 ) (-56 -746.670044 216 ) (-56 -752 216 ) 
4 882 883 (0 -983.987976 224 ) (0 -983.987976 620.299988 ) (-104 -983.987976 620.299988 ) (-104 -983.987976 224 ) 
4 883 893 (-104 -991.987976 620.299988 ) (-104 -983.987976 620.299988 ) (-104 -983.987976 240 ) (-104 -991.987976 240 ) 
4 883 884 (0 -991.987976 224 ) (0 -991.987976 620.299988 ) (-104 -991.987976 620.299988 ) (-104 -991.987976 224 ) 
4 884 973 (0 -1024 216 ) (0 -1024 224 ) (-104 -1024 224 ) (-104 -1024 216 ) 
4 884 972 (0 -1024 224 ) (0 -1024 620.299988 ) (-104 -1024 620.299988 ) (-104 -1024 224 ) 
4 884 920 (-104 -1024 224 ) (-104 -1024 620.299988 ) (-104 -991.987976 620.299988 ) (-104 -991.987976 224 ) 
4 884 890 (-104 -1024 216 ) (-104 -991.987976 216 ) (0 -991.987976 216 ) (0 -1024 216 ) 
4 885 887 (0 -752 68 ) (0 -752 216 ) (-56 -752 216 ) (-56 -752 68 ) 
4 885 886 (-56 -752 68 ) (-56 -752 216 ) (-56 -746.670044 216 ) (-56 -746.670044 68 ) 
4 886 897 (-104 -746.670044 64 ) (-104 -752 64 ) (-104 -752 96 ) (-104 -746.670044 96 ) 
4 886 894 (-104 -752 96 ) (-104 -752 216 ) (-104 -746.670044 216 ) (-104 -746.670044 96 ) 
4 886 887 (-104 -752 64 ) (-56 -752 64 ) (-56 -752 216 ) (-104 -752 216 ) 
4 887 897 (-104 -752 64 ) (-104 -983.987976 64 ) (-104 -983.987976 96 ) (-104 -752 96 ) 
4 887 894 (-104 -983.987976 96 ) (-104 -983.987976 216 ) (-104 -752 216 ) (-104 -752 96 ) 
4 887 888 (0 -983.987976 176 ) (0 -983.987976 216 ) (-104 -983.987976 216 ) (-104 -983.987976 176 ) 
4 887 889 (-104 -983.987976 64 ) (0 -983.987976 64 ) (0 -983.987976 168 ) (-104 -983.987976 168 ) 
4 888 890 (0 -991.987976 176 ) (0 -991.987976 216 ) (-104 -991.987976 216 ) (-104 -991.987976 176 ) 
4 889 890 (-104 -991.987976 64 ) (0 -991.987976 64 ) (0 -991.987976 168 ) (-104 -991.987976 168 ) 
4 890 978 (0 -1024 64 ) (0 -1024 168 ) (-104 -1024 168 ) (-104 -1024 64 ) 
4 890 975 (0 -1024 168 ) (0 -1024 216 ) (-104 -1024 216 ) (-104 -1024 168 ) 
4 890 921 (-104 -1024 176 ) (-104 -1024 216 ) (-104 -991.987976 216 ) (-104 -991.987976 176 ) 
4 890 922 (-104 -991.987976 64 ) (-104 -1024 64 ) (-104 -1024 168 ) (-104 -991.987976 168 ) 
4 891 942 (-104 -648.719177 0 ) (-104 -616.739258 0 ) (0 -578.928711 0 ) (0 -610.902222 0 ) 
4 891 941 (-104 -735.987976 0 ) (-104 -648.719177 0 ) (0 -610.902222 0 ) (0 -735.987976 0 ) 
4 891 939 (-104 -616.739258 0 ) (-104 -447.988007 0 ) (0 -447.988007 0 ) (0 -578.928711 0 ) 
4 891 896 (-104 -447.988007 64 ) (-104 -447.988007 0 ) (-104 -735.987976 0 ) (-104 -735.987976 64 ) 
4 891 892 (-104 -735.987976 58 ) (-104 -735.987976 0 ) (0 -735.987976 0 ) (0 -735.987976 58 ) 
4 892 979 (0 -1024 0 ) (0 -1024 58 ) (-104 -1024 58 ) (-104 -1024 0 ) 
4 892 941 (0 -1024 0 ) (-104 -1024 0 ) (-104 -735.987976 0 ) (0 -735.987976 0 ) 
4 892 924 (-104 -991.987976 0 ) (-104 -1024 0 ) (-104 -1024 58 ) (-104 -991.987976 58 ) 
4 892 898 (-104 -735.987976 0 ) (-104 -983.987976 0 ) (-104 -983.987976 58 ) (-104 -735.987976 58 ) 
4 893 926 (-684 -447.988007 620.299988 ) (-684 -447.988007 240 ) (-684 -991.987976 240 ) (-684 -991.987976 620.299988 ) 
4 893 920 (-104 -991.987976 240 ) (-104 -991.987976 620.299988 ) (-112 -991.987976 620.299988 ) (-112 -991.987976 240 ) 
4 893 923 (-112 -991.987976 620.299988 ) (-684 -991.987976 620.299988 ) (-684 -991.987976 240 ) (-112 -991.987976 240 ) 
4 893 894 (-112 -983.987976 240 ) (-112 -447.988007 240 ) (-104 -447.988007 240 ) (-104 -983.987976 240 ) 
4 893 895 (-112 -991.987976 240 ) (-684 -991.987976 240 ) (-684 -447.988007 240 ) (-112 -447.988007 240 ) 
4 894 897 (-112 -983.987976 96 ) (-112 -735.987976 96 ) (-104 -735.987976 96 ) (-104 -983.987976 96 ) 
4 894 896 (-112 -735.987976 96 ) (-112 -447.988007 96 ) (-104 -447.988007 96 ) (-104 -735.987976 96 ) 
4 894 895 (-112 -447.988007 96 ) (-112 -983.987976 96 ) (-112 -983.987976 240 ) (-112 -447.988007 240 ) 
4 895 926 (-684 -447.988007 240 ) (-684 -447.988007 96 ) (-684 -991.987976 96 ) (-684 -991.987976 240 ) 
4 895 923 (-112 -991.987976 240 ) (-684 -991.987976 240 ) (-684 -991.987976 96 ) (-112 -991.987976 96 ) 
3 895 915 (-432.004120 -767.989441 96 ) (-440.986725 -771.255737 96 ) (-443.729340 -763.721252 96 ) 
3 895 914 (-448 -773.805908 96 ) (-448 -751.988953 96 ) (-440.986725 -771.255737 96 ) 
3 895 913 (-416 -751.985596 96 ) (-412.727325 -760.979980 96 ) (-420.273743 -763.723999 96 ) 
4 895 911 (-328.695496 -991.987976 96 ) (-448 -991.987976 96 ) (-448 -773.805908 96 ) (-412.727325 -760.979980 96 ) 
3 895 919 (-448 -991.987976 96 ) (-535.253967 -991.987976 96 ) (-448 -751.988953 96 ) 
3 895 908 (-448 -741.804932 96 ) (-443.733582 -740.253845 96 ) (-448 -751.988953 96 ) 
5 895 910 (-535.253967 -991.987976 96 ) (-684 -991.987976 96 ) (-684 -827.605896 96 ) (-448 -741.804932 96 ) (-448 -751.988953 96 ) 
3 895 905 (-432 -735.987976 96 ) (-448 -741.804932 96 ) (-448 -735.987976 96 ) 
4 895 904 (-448 -730.156921 96 ) (-431.996948 -735.986816 96 ) (-432 -735.987976 96 ) (-448 -735.987976 96 ) 
4 895 907 (-684 -827.605896 96 ) (-684 -644.182739 96 ) (-448 -730.156921 96 ) (-448 -741.804932 96 ) 
4 895 902 (-112 -991.987976 96 ) (-328.695496 -991.987976 96 ) (-420.264069 -740.261108 96 ) (-112 -852.560913 96 ) 
3 895 900 (-112 -735.987976 96 ) (-112 -852.560913 96 ) (-431.993805 -735.987976 96 ) 
5 895 899 (-684 -644.182739 96 ) (-684 -447.988007 96 ) (-112 -447.988007 96 ) (-112 -735.987976 96 ) (-431.993805 -735.987976 96 ) 
4 896 942 (-104 -616.739258 0 ) (-104 -648.719177 0 ) (-112 -651.628113 0 ) (-112 -619.647766 0 ) 
4 896 941 (-104 -648.719177 0 ) (-104 -735.987976 0 ) (-112 -735.987976 0 ) (-112 -651.628113 0 ) 
4 896 939 (-112 -447.988007 0 ) (-104 -447.988007 0 ) (-104 -616.739258 0 ) (-112 -619.647766 0 ) 
4 896 899 (-112 -735.987976 96 ) (-112 -447.988007 96 ) (-112 -447.988007 0 ) (-112 -735.987976 0 ) 
4 896 898 (-112 -735.987976 58 ) (-112 -735.987976 0 ) (-104 -735.987976 0 ) (-104 -735.987976 58 ) 
4 896 897 (-112 -735.987976 96 ) (-112 -735.987976 64 ) (-104 -735.987976 64 ) (-104 -735.987976 96 ) 
4 897 902 (-112 -983.987976 96 ) (-112 -852.560852 96 ) (-112 -852.561218 64 ) (-112 -983.987976 64 ) 
4 897 900 (-112 -852.560852 96 ) (-112 -735.987976 96 ) (-112 -735.987976 64 ) (-112 -852.561218 64 ) 
4 898 941 (-104 -735.987976 0 ) (-104 -983.987976 0 ) (-112 -983.987976 0 ) (-112 -735.987976 0 ) 
4 898 903 (-112 -983.987976 58 ) (-112 -852.561279 58 ) (-112 -852.561890 0 ) (-112 -983.987976 0 ) 
4 898 901 (-112 -852.561279 58 ) (-112 -735.987976 58 ) (-112 -735.987976 0 ) (-112 -852.561890 0 ) 
4 899 943 (-410.173523 -735.987976 0 ) (-431.996460 -735.987976 0 ) (-431.998230 -735.987305 0 ) (-406.842834 -726.841736 0 ) 
5 899 942 (-112 -619.647766 0 ) (-112 -651.628113 0 ) (-343.997070 -735.987976 0 ) (-410.173523 -735.987976 0 ) (-406.842834 -726.841736 0 ) 
3 899 941 (-112 -651.628113 0 ) (-112 -735.987976 0 ) (-343.997070 -735.987976 0 ) 
5 899 939 (-684 -644.183716 0 ) (-684 -447.988007 0 ) (-112 -447.988007 0 ) (-112 -619.647766 0 ) (-431.998230 -735.987305 0 ) 
4 899 930 (-684 -447.988007 56 ) (-684 -447.988007 0 ) (-684 -644.183777 0 ) (-684 -644.183167 56 ) 
4 899 927 (-684 -447.988007 64 ) (-684 -447.988007 56 ) (-684 -463.988007 56 ) (-684 -463.988007 64 ) 
4 899 928 (-684 -543.987976 56 ) (-684 -644.183167 56 ) (-684 -644.183105 64 ) (-684 -543.987976 64 ) 
4 899 926 (-684 -447.988007 96 ) (-684 -447.988007 64 ) (-684 -644.183105 64 ) (-684 -644.182739 96 ) 
4 899 904 (-431.995575 -735.987976 96 ) (-448 -730.157593 96 ) (-448 -730.158569 0 ) (-431.998230 -735.987976 0 ) 
4 899 907 (-448 -730.157593 96 ) (-684 -644.183411 96 ) (-684 -644.184387 0 ) (-448 -730.158569 0 ) 
4 899 900 (-431.993378 -735.987976 96 ) (-431.994263 -735.987976 64 ) (-112 -735.987976 64 ) (-112 -735.987976 96 ) 
4 899 901 (-431.994446 -735.987976 58 ) (-431.996094 -735.987976 0 ) (-112 -735.987976 0 ) (-112 -735.987976 58 ) 
4 900 902 (-112 -852.561829 64 ) (-112 -852.561523 96 ) (-420.263763 -740.261841 96 ) (-420.263062 -740.262390 64 ) 
3 901 943 (-412.729492 -743.006897 0 ) (-431.996460 -735.987976 0 ) (-410.173492 -735.987976 0 ) 
4 901 942 (-388.037445 -752.002136 0 ) (-412.729492 -743.006897 0 ) (-410.173492 -735.987976 0 ) (-343.997070 -735.987976 0 ) 
4 901 941 (-112 -735.987976 0 ) (-112 -852.561890 0 ) (-388.037445 -752.002136 0 ) (-343.997070 -735.987976 0 ) 
4 901 903 (-112 -852.562500 0 ) (-112 -852.561890 58 ) (-420.262939 -740.262512 58 ) (-420.261566 -740.263611 0 ) 
4 902 923 (-112 -991.987976 96 ) (-328.695496 -991.987976 96 ) (-328.694946 -991.987976 64 ) (-112 -991.987976 64 ) 
4 902 913 (-415.998444 -751.983826 64 ) (-412.726166 -760.979492 64 ) (-412.726624 -760.979675 96 ) (-415.998718 -751.984497 96 ) 
4 902 911 (-412.726166 -760.979492 64 ) (-328.694061 -991.987976 64 ) (-328.694611 -991.987976 96 ) (-412.726624 -760.979675 96 ) 
3 903 944 (-420.261871 -740.262878 0 ) (-412.729492 -743.006897 0 ) (-415.998383 -751.983459 0 ) 
4 903 942 (-412.729492 -743.006897 0 ) (-388.037567 -752.002136 0 ) (-412.725983 -760.979431 0 ) (-415.998383 -751.983459 0 ) 
5 903 941 (-388.037567 -752.002136 0 ) (-112 -852.561890 0 ) (-112 -991.987976 0 ) (-328.693909 -991.987976 0 ) (-412.725983 -760.979431 0 ) 
4 903 924 (-328.694855 -991.987976 58 ) (-328.693909 -991.987976 0 ) (-112 -991.987976 0 ) (-112 -991.987976 58 ) 
4 903 916 (-415.997925 -751.982361 0 ) (-412.725220 -760.979187 0 ) (-412.726044 -760.979553 58 ) (-415.998413 -751.983643 58 ) 
4 903 912 (-412.725220 -760.979187 0 ) (-328.693024 -991.987976 0 ) (-328.693970 -991.987976 58 ) (-412.726044 -760.979553 58 ) 
3 904 939 (-448 -730.157959 0 ) (-431.998230 -735.987366 0 ) (-448 -735.987976 0 ) 
4 904 905 (-448 -735.987976 96 ) (-448 -735.987976 64 ) (-432.001953 -735.987976 64 ) (-432.001953 -735.987976 96 ) 
4 904 906 (-448 -735.987976 58 ) (-448 -735.987976 0 ) (-432.001953 -735.987976 0 ) (-432.001953 -735.987976 58 ) 
4 904 907 (-448 -730.156982 96 ) (-448 -730.157959 0 ) (-448 -735.987976 0 ) (-448 -735.987976 96 ) 
4 905 908 (-443.733521 -740.253662 96 ) (-448 -741.804810 96 ) (-448 -741.804810 64 ) (-443.733582 -740.253723 64 ) 
4 905 907 (-448 -741.802734 64 ) (-448 -741.802734 96 ) (-448 -735.987976 96 ) (-448 -735.987976 64 ) 
3 906 939 (-431.998230 -735.987366 0 ) (-448 -741.804993 0 ) (-448 -735.987976 0 ) 
4 906 909 (-443.733612 -740.253723 58 ) (-448 -741.804810 58 ) (-448 -741.804810 0 ) (-443.733704 -740.253723 0 ) 
4 906 907 (-448 -735.987976 0 ) (-448 -741.802734 0 ) (-448 -741.802734 58 ) (-448 -735.987976 58 ) 
4 907 939 (-684 -827.605896 0 ) (-684 -644.183716 0 ) (-448 -730.157959 0 ) (-448 -741.804993 0 ) 
4 907 930 (-684 -644.183777 0 ) (-684 -827.605896 0 ) (-684 -827.605896 56 ) (-684 -644.183167 56 ) 
4 907 928 (-684 -827.605896 56 ) (-684 -827.605896 64 ) (-684 -644.183105 64 ) (-684 -644.183167 56 ) 
4 907 926 (-684 -827.605896 64 ) (-684 -827.605896 96 ) (-684 -644.182739 96 ) (-684 -644.183105 64 ) 
4 907 910 (-448 -741.804810 96 ) (-684 -827.605713 96 ) (-684 -827.605713 0 ) (-448 -741.804810 0 ) 
4 908 910 (-448 -741.802917 96 ) (-448 -741.802917 64 ) (-448 -751.982666 64 ) (-448 -751.982849 96 ) 
3 909 940 (-448 -741.804993 0 ) (-443.733795 -740.253967 0 ) (-448 -751.988525 0 ) 
4 909 910 (-448 -741.802917 58 ) (-448 -741.802917 0 ) (-448 -751.982422 0 ) (-448 -751.982666 58 ) 
5 910 940 (-684 -991.987976 0 ) (-684 -827.605896 0 ) (-448 -741.804993 0 ) (-448 -751.988525 0 ) (-535.254150 -991.987976 0 ) 
4 910 930 (-684 -827.605896 0 ) (-684 -991.987976 0 ) (-684 -991.987976 56 ) (-684 -827.605896 56 ) 
4 910 928 (-684 -991.987976 56 ) (-684 -991.987976 64 ) (-684 -827.605896 64 ) (-684 -827.605896 56 ) 
4 910 926 (-684 -991.987976 64 ) (-684 -991.987976 96 ) (-684 -827.605896 96 ) (-684 -827.605896 64 ) 
4 910 925 (-684 -991.987976 64 ) (-684 -991.987976 0 ) (-535.254150 -991.987976 0 ) (-535.254028 -991.987976 64 ) 
4 910 923 (-535.253967 -991.987976 96 ) (-684 -991.987976 96 ) (-684 -991.987976 64 ) (-535.254028 -991.987976 64 ) 
4 910 919 (-448 -751.989258 96 ) (-535.253906 -991.987976 96 ) (-535.254089 -991.987976 0 ) (-448 -751.988770 0 ) 
4 911 923 (-328.695496 -991.987976 96 ) (-448 -991.987976 96 ) (-448 -991.987976 64 ) (-328.694946 -991.987976 64 ) 
4 911 915 (-432.005676 -767.988525 64 ) (-440.987122 -771.254517 64 ) (-440.987122 -771.254517 96 ) (-432.006226 -767.988708 96 ) 
4 911 914 (-440.987122 -771.254517 64 ) (-448 -773.804688 64 ) (-448 -773.804688 96 ) (-440.987122 -771.254517 96 ) 
4 911 913 (-412.728485 -760.978638 96 ) (-412.728027 -760.978455 64 ) (-420.273071 -763.722107 64 ) (-420.273071 -763.722107 96 ) 
4 911 919 (-448 -991.987976 64 ) (-448 -991.987976 96 ) (-448 -773.805908 96 ) (-448 -773.805908 64 ) 
4 912 941 (-412.725983 -760.979431 0 ) (-328.693909 -991.987976 0 ) (-448 -991.987976 0 ) (-448 -773.805969 0 ) 
4 912 924 (-448 -991.987976 58 ) (-448 -991.987976 0 ) (-328.693909 -991.987976 0 ) (-328.694855 -991.987976 58 ) 
4 912 918 (-432.004333 -767.988098 0 ) (-440.987122 -771.254578 0 ) (-440.987091 -771.254517 58 ) (-432.005463 -767.988464 58 ) 
4 912 917 (-440.987122 -771.254578 0 ) (-448 -773.804688 0 ) (-448 -773.804688 58 ) (-440.987091 -771.254517 58 ) 
4 912 916 (-412.727936 -760.978455 58 ) (-412.727081 -760.978149 0 ) (-420.273041 -763.722168 0 ) (-420.273071 -763.722168 58 ) 
4 912 919 (-448 -773.805969 0 ) (-448 -991.987976 0 ) (-448 -991.987976 58 ) (-448 -773.805908 58 ) 
4 914 915 (-440.986450 -771.255676 96 ) (-440.986450 -771.255676 64 ) (-443.729034 -763.720947 64 ) (-443.728851 -763.721436 96 ) 
4 914 919 (-448 -751.982849 96 ) (-448 -751.982666 64 ) (-448 -773.805908 64 ) (-448 -773.805908 96 ) 
3 916 942 (-415.998383 -751.983459 0 ) (-412.725983 -760.979431 0 ) (-420.273743 -763.723999 0 ) 
3 917 945 (-440.986694 -771.255737 0 ) (-448 -773.805969 0 ) (-448 -751.988525 0 ) 
4 917 918 (-443.727692 -763.721313 58 ) (-440.984375 -771.257813 58 ) (-440.984375 -771.257813 0 ) (-443.728027 -763.720398 0 ) 
4 917 919 (-448 -751.982666 58 ) (-448 -751.982422 0 ) (-448 -773.805969 0 ) (-448 -773.805908 58 ) 
3 918 946 (-432.002319 -767.988770 0 ) (-440.986694 -771.255737 0 ) (-443.729797 -763.719788 0 ) 
3 919 945 (-457.140289 -777.129578 0 ) (-448 -751.988525 0 ) (-448 -773.805969 0 ) 
4 919 941 (-448 -991.987976 0 ) (-535.254150 -991.987976 0 ) (-457.140289 -777.129578 0 ) (-448 -773.805969 0 ) 
4 919 925 (-535.254028 -991.987976 64 ) (-535.254150 -991.987976 0 ) (-448 -991.987976 0 ) (-448 -991.987976 64 ) 
4 919 923 (-448 -991.987976 96 ) (-535.253967 -991.987976 96 ) (-535.254028 -991.987976 64 ) (-448 -991.987976 64 ) 
4 920 981 (-104 -1024 224 ) (-104 -1024 620.299988 ) (-112 -1024 620.299988 ) (-112 -1024 224 ) 
4 920 923 (-112 -991.987976 620.299988 ) (-112 -991.987976 224 ) (-112 -1024 224 ) (-112 -1024 620.299988 ) 
4 921 982 (-104 -1024 176 ) (-104 -1024 216 ) (-112 -1024 216 ) (-112 -1024 176 ) 
4 921 923 (-112 -991.987976 216 ) (-112 -991.987976 176 ) (-112 -1024 176 ) (-112 -1024 216 ) 
4 922 983 (-112 -1024 64 ) (-104 -1024 64 ) (-104 -1024 168 ) (-112 -1024 168 ) 
4 922 923 (-112 -991.987976 168 ) (-112 -991.987976 64 ) (-112 -1024 64 ) (-112 -1024 168 ) 
4 923 984 (-684 -1024 620.299988 ) (-684 -1024 64 ) (-112 -1024 64 ) (-112 -1024 620.299988 ) 
4 923 926 (-684 -1024 64 ) (-684 -1024 620.299988 ) (-684 -991.987976 620.299988 ) (-684 -991.987976 64 ) 
4 923 925 (-684 -1024 64 ) (-684 -991.987976 64 ) (-448 -991.987976 64 ) (-448 -1024 64 ) 
4 924 985 (-448 -1024 0 ) (-104 -1024 0 ) (-104 -1024 58 ) (-448 -1024 58 ) 
4 924 941 (-104 -1024 0 ) (-448 -1024 0 ) (-448 -991.987976 0 ) (-104 -991.987976 0 ) 
4 924 925 (-448 -991.987976 58 ) (-448 -991.987976 0 ) (-448 -1024 0 ) (-448 -1024 58 ) 
4 925 986 (-684 -1024 64 ) (-684 -1024 0 ) (-448 -1024 0 ) (-448 -1024 64 ) 
4 925 941 (-448 -1024 0 ) (-546.892395 -1024 0 ) (-535.254150 -991.987976 0 ) (-448 -991.987976 0 ) 
4 925 940 (-546.892395 -1024 0 ) (-684 -1024 0 ) (-684 -991.987976 0 ) (-535.254150 -991.987976 0 ) 
4 925 930 (-684 -991.987976 0 ) (-684 -1024 0 ) (-684 -1024 56 ) (-684 -991.987976 56 ) 
4 925 928 (-684 -1024 56 ) (-684 -1024 64 ) (-684 -991.987976 64 ) (-684 -991.987976 56 ) 
4 926 984 (-1024 -1024 620.299988 ) (-1024 -1024 64 ) (-684 -1024 64 ) (-684 -1024 620.299988 ) 
4 926 966 (-1024 -1024 64 ) (-1024 -1024 620.299988 ) (-1024 -447.988007 620.299988 ) (-1024 -447.988007 64 ) 
4 926 927 (-796 -447.988007 64 ) (-684 -447.988007 64 ) (-684 -463.988007 64 ) (-796 -463.988007 64 ) 
4 926 928 (-684 -543.987976 64 ) (-684 -1024 64 ) (-796 -1024 64 ) (-796 -543.987976 64 ) 
4 926 929 (-1024 -1024 64 ) (-1024 -447.988007 64 ) (-796 -447.988007 64 ) (-796 -1024 64 ) 
4 927 935 (-776 -447.988007 56 ) (-768 -447.988007 56 ) (-768 -463.988007 56 ) (-776 -463.988007 56 ) 
4 927 938 (-796 -447.988007 56 ) (-776 -447.988007 56 ) (-776 -463.988007 56 ) (-796 -463.988007 56 ) 
4 927 931 (-720 -447.988007 56 ) (-712 -447.988007 56 ) (-712 -463.988007 56 ) (-720 -463.988007 56 ) 
4 927 930 (-712 -447.988007 56 ) (-684 -447.988007 56 ) (-684 -463.988007 56 ) (-712 -463.988007 56 ) 
4 927 934 (-768 -447.988007 56 ) (-720 -447.988007 56 ) (-720 -463.988007 56 ) (-768 -463.988007 56 ) 
4 927 929 (-796 -447.988007 56 ) (-796 -463.988007 56 ) (-796 -463.988007 64 ) (-796 -447.988007 64 ) 
4 928 986 (-796 -1024 56 ) (-684 -1024 56 ) (-684 -1024 64 ) (-796 -1024 64 ) 
4 928 936 (-768 -1024 56 ) (-776 -1024 56 ) (-776 -543.987976 56 ) (-768 -543.987976 56 ) 
4 928 938 (-776 -1024 56 ) (-796 -1024 56 ) (-796 -543.987976 56 ) (-776 -543.987976 56 ) 
4 928 933 (-712 -1024 56 ) (-720 -1024 56 ) (-720 -543.987976 56 ) (-712 -543.987976 56 ) 
4 928 930 (-684 -543.987976 56 ) (-684 -1024 56 ) (-712 -1024 56 ) (-712 -543.987976 56 ) 
4 928 934 (-720 -1024 56 ) (-768 -1024 56 ) (-768 -543.987976 56 ) (-720 -543.987976 56 ) 
4 928 929 (-796 -543.987976 56 ) (-796 -1024 56 ) (-796 -1024 64 ) (-796 -543.987976 64 ) 
4 929 986 (-1024 -1024 64 ) (-1024 -1024 56 ) (-796 -1024 56 ) (-796 -1024 64 ) 
4 929 966 (-1024 -1024 56 ) (-1024 -1024 64 ) (-1024 -447.988007 64 ) (-1024 -447.988007 56 ) 
4 929 938 (-1024 -447.988007 56 ) (-796 -447.988007 56 ) (-796 -1024 56 ) (-1024 -1024 56 ) 
4 930 986 (-712 -1024 0 ) (-684 -1024 0 ) (-684 -1024 56 ) (-712 -1024 56 ) 
4 930 940 (-684 -1024 0 ) (-712 -1024 0 ) (-712 -837.785645 0 ) (-684 -827.605835 0 ) 
4 930 939 (-712 -837.785645 0 ) (-712 -447.988007 0 ) (-684 -447.988007 0 ) (-684 -827.605835 0 ) 
4 930 933 (-712 -1024 56 ) (-712 -531.987976 56 ) (-712 -507.099091 0 ) (-712 -1024 0 ) 
4 930 932 (-712 -523.987976 56 ) (-712 -479.988007 56 ) (-712 -479.988007 0 ) (-712 -499.099091 0 ) 
4 930 931 (-712 -471.988007 56 ) (-712 -447.988007 56 ) (-712 -447.988007 0 ) (-712 -471.988007 0 ) 
4 931 947 (-720 -471.988007 0 ) (-720 -447.988007 0 ) (-712 -447.988007 0 ) (-712 -471.988007 0 ) 
4 931 934 (-720 -471.988007 56 ) (-720 -447.988007 56 ) (-720 -447.988007 0 ) (-720 -471.988007 0 ) 
4 932 949 (-720 -499.099121 0 ) (-720 -479.988007 0 ) (-712 -479.988007 0 ) (-712 -499.099091 0 ) 
4 932 934 (-720 -523.987976 56 ) (-720 -479.988007 56 ) (-720 -479.988007 0 ) (-720 -499.099091 0 ) 
4 933 986 (-720 -1024 0 ) (-712 -1024 0 ) (-712 -1024 56 ) (-720 -1024 56 ) 
4 933 950 (-712 -1024 0 ) (-720 -1024 0 ) (-720 -507.099060 0 ) (-712 -507.099091 0 ) 
4 933 934 (-720 -1024 56 ) (-720 -531.987976 56 ) (-720 -507.099091 0 ) (-720 -1024 0 ) 
4 934 986 (-768 -1024 0 ) (-720 -1024 0 ) (-720 -1024 56 ) (-768 -1024 56 ) 
4 934 952 (-720 -1024 0 ) (-768 -1024 0 ) (-768 -447.988007 0 ) (-720 -447.988007 0 ) 
4 934 937 (-768 -523.987976 56 ) (-768 -479.988007 56 ) (-768 -479.988007 0 ) (-768 -499.099091 0 ) 
4 934 936 (-768 -1024 56 ) (-768 -531.988037 56 ) (-768 -507.099091 0 ) (-768 -1024 0 ) 
4 934 935 (-768 -471.988007 56 ) (-768 -447.988007 56 ) (-768 -447.988007 0 ) (-768 -471.988007 0 ) 
4 935 953 (-776 -471.988007 0 ) (-776 -447.988007 0 ) (-768 -447.988007 0 ) (-768 -471.988007 0 ) 
4 935 938 (-776 -471.988007 56 ) (-776 -447.988007 56 ) (-776 -447.988007 0 ) (-776 -471.988007 0 ) 
4 936 986 (-776 -1024 0 ) (-768 -1024 0 ) (-768 -1024 56 ) (-776 -1024 56 ) 
4 936 955 (-768 -1024 0 ) (-776 -1024 0 ) (-776 -507.099121 0 ) (-768 -507.099091 0 ) 
4 936 938 (-776 -1024 56 ) (-776 -531.988037 56 ) (-776 -507.099091 0 ) (-776 -1024 0 ) 
4 937 956 (-776 -499.099091 0 ) (-776 -479.988007 0 ) (-768 -479.988007 0 ) (-768 -499.099091 0 ) 
4 937 938 (-776 -523.987976 56 ) (-776 -479.988007 56 ) (-776 -479.988007 0 ) (-776 -499.099091 0 ) 
4 938 986 (-1024 -1024 56 ) (-1024 -1024 0 ) (-776 -1024 0 ) (-776 -1024 56 ) 
4 938 966 (-1024 -1024 0 ) (-1024 -1024 56 ) (-1024 -447.988007 56 ) (-1024 -447.988007 0 ) 
4 938 958 (-776 -1024 0 ) (-1024 -1024 0 ) (-1024 -447.988007 0 ) (-776 -447.988007 0 ) 
4 939 950 (-712 -837.785645 -52 ) (-712 -837.785645 0 ) (-712 -507.099091 0 ) (-712 -483.987976 -52 ) 
3 939 949 (-712 -499.099091 0 ) (-712 -479.988007 0 ) (-712 -479.988007 -43 ) 
4 939 948 (-712 -471.988007 -48 ) (-712 -471.988007 -52 ) (-712 -475.987976 -52 ) (-712 -477.765778 -48 ) 
4 939 951 (-712 -471.988007 -120 ) (-712 -837.785645 -120 ) (-712 -837.785645 -52 ) (-712 -471.988007 -52 ) 
4 939 947 (-712 0 -120 ) (-712 -471.988007 -120 ) (-712 -471.988007 0 ) (-712 0 0 ) 
4 939 943 (-432 -735.987732 -120 ) (-406.842651 -726.841248 -120 ) (-406.842682 -726.841248 0 ) (-431.998840 -735.987122 0 ) 
4 939 942 (-406.842651 -726.841248 -120 ) (0 -578.928223 -120 ) (0 -578.928406 0 ) (-406.842682 -726.841248 0 ) 
4 939 940 (-712 -837.785156 0 ) (-712 -837.785156 -120 ) (-443.733795 -740.253479 -120 ) (-443.733582 -740.253418 0 ) 
4 940 1015 (-546.892456 -1024 0 ) (-558.815308 -1024 0 ) (-558.815247 -1024 -120 ) (-546.892639 -1024 -120 ) 
4 940 1014 (-558.815308 -1024 0 ) (-712 -1024 0 ) (-712 -1024 -120 ) (-558.815247 -1024 -120 ) 
4 940 950 (-712 -1024 -52 ) (-712 -1024 0 ) (-712 -837.785645 0 ) (-712 -837.785645 -52 ) 
4 940 951 (-712 -837.785645 -120 ) (-712 -1024 -120 ) (-712 -1024 -52 ) (-712 -837.785645 -52 ) 
4 940 945 (-457.140381 -777.129639 -120 ) (-448 -751.988098 -120 ) (-448 -751.988342 0 ) (-457.140167 -777.129517 0 ) 
4 940 941 (-546.892456 -1024 -120 ) (-457.140381 -777.129639 -120 ) (-457.140167 -777.129517 0 ) (-546.892273 -1024 0 ) 
4 941 1016 (-305.287689 -1024 0 ) (-337.599670 -1024 0 ) (-337.599121 -1024 -120 ) (-305.288269 -1024 -120 ) 
4 941 1015 (-337.599670 -1024 0 ) (-546.892456 -1024 0 ) (-546.892639 -1024 -120 ) (-337.599121 -1024 -120 ) 
4 941 1011 (0 -1024 -120 ) (0 -1024 0 ) (-305.287689 -1024 0 ) (-305.288269 -1024 -120 ) 
4 941 946 (-432.001556 -767.987366 -120 ) (-440.987061 -771.254761 -120 ) (-440.987030 -771.254822 0 ) (-432.003754 -767.988281 0 ) 
4 941 945 (-440.987061 -771.254761 -120 ) (-457.138916 -777.127991 -120 ) (-457.138672 -777.127930 0 ) (-440.987030 -771.254822 0 ) 
4 941 942 (0 -610.900391 -120 ) (-420.273224 -763.722656 -120 ) (-420.273285 -763.722778 0 ) (0 -610.901123 0 ) 
4 942 944 (-412.729797 -743.008057 -120 ) (-415.997345 -751.980957 -120 ) (-415.998322 -751.983643 0 ) (-412.729401 -743.006958 0 ) 
4 942 943 (-406.843109 -726.842712 0 ) (-406.843109 -726.842712 -120 ) (-412.729797 -743.008057 -120 ) (-412.729401 -743.006958 0 ) 
4 943 944 (-420.259186 -740.264832 -120 ) (-412.728912 -743.007935 -120 ) (-412.728516 -743.006836 0 ) (-420.261963 -740.262573 0 ) 
4 945 946 (-440.985901 -771.255493 0 ) (-440.985901 -771.255493 -120 ) (-443.729462 -763.718201 -120 ) (-443.728729 -763.720154 0 ) 
4 947 948 (-720 -471.988007 -48 ) (-720 -471.988007 -52 ) (-712 -471.988007 -52 ) (-712 -471.988007 -48 ) 
4 947 951 (-720 -471.988007 -52 ) (-720 -471.988007 -120 ) (-712 -471.988007 -120 ) (-712 -471.988007 -52 ) 
4 947 952 (-720 0 -120 ) (-720 -471.988007 -120 ) (-720 -471.988007 0 ) (-720 0 0 ) 
4 948 951 (-720 -475.987976 -52 ) (-720 -471.988007 -52 ) (-712 -471.988007 -52 ) (-712 -475.987976 -52 ) 
4 948 952 (-720 -471.988007 -48 ) (-720 -471.988007 -52 ) (-720 -475.987976 -52 ) (-720 -477.765778 -48 ) 
3 949 952 (-720 -499.099121 0 ) (-720 -479.988007 0 ) (-720 -479.988007 -43 ) 
4 950 1014 (-712 -1024 0 ) (-720 -1024 0 ) (-720 -1024 -52 ) (-712 -1024 -52 ) 
4 950 951 (-720 -1024 -52 ) (-720 -483.987976 -52 ) (-712 -483.987976 -52 ) (-712 -1024 -52 ) 
4 950 952 (-720 -1024 -52 ) (-720 -1024 0 ) (-720 -507.099060 0 ) (-720 -483.987976 -52 ) 
4 951 1014 (-720 -1024 -52 ) (-720 -1024 -120 ) (-712 -1024 -120 ) (-712 -1024 -52 ) 
4 951 952 (-720 -471.988007 -120 ) (-720 -1024 -120 ) (-720 -1024 -52 ) (-720 -471.988007 -52 ) 
4 952 1014 (-720 -1024 0 ) (-768 -1024 0 ) (-768 -1024 -120 ) (-720 -1024 -120 ) 
3 952 956 (-768 -499.099091 0 ) (-768 -479.988007 0 ) (-768 -479.988007 -43 ) 
4 952 955 (-768 -1024 -52 ) (-768 -1024 0 ) (-768 -507.099121 0 ) (-768 -483.987976 -52 ) 
4 952 954 (-768 -471.988007 -48 ) (-768 -471.988007 -52 ) (-768 -475.987976 -52 ) (-768 -477.765778 -48 ) 
4 952 953 (-768 -471.988007 0 ) (-768 0 0 ) (-768 0 -52 ) (-768 -471.988007 -52 ) 
4 952 957 (-768 0 -120 ) (-768 -1024 -120 ) (-768 -1024 -52 ) (-768 0 -52 ) 
4 953 954 (-776 -471.988007 -48 ) (-776 -471.988007 -52 ) (-768 -471.988007 -52 ) (-768 -471.988007 -48 ) 
4 953 957 (-776 -471.988007 -52 ) (-776 0 -52 ) (-768 0 -52 ) (-768 -471.988007 -52 ) 
4 953 958 (-776 -471.988007 0 ) (-776 0 0 ) (-776 0 -52 ) (-776 -471.988007 -52 ) 
4 954 958 (-776 -471.988007 -48 ) (-776 -471.988007 -52 ) (-776 -475.987976 -52 ) (-776 -477.765778 -48 ) 
4 954 957 (-776 -475.987976 -52 ) (-776 -471.988007 -52 ) (-768 -471.988007 -52 ) (-768 -475.987976 -52 ) 
4 955 1014 (-768 -1024 0 ) (-776 -1024 0 ) (-776 -1024 -52 ) (-768 -1024 -52 ) 
4 955 957 (-776 -1024 -52 ) (-776 -483.987976 -52 ) (-768 -483.987976 -52 ) (-768 -1024 -52 ) 
4 955 958 (-776 -1024 -52 ) (-776 -1024 0 ) (-776 -507.099121 0 ) (-776 -483.987976 -52 ) 
3 956 958 (-776 -499.099091 0 ) (-776 -479.988007 0 ) (-776 -479.988007 -43 ) 
4 957 1014 (-776 -1024 -52 ) (-776 -1024 -120 ) (-768 -1024 -120 ) (-768 -1024 -52 ) 
4 957 958 (-776 0 -120 ) (-776 -1024 -120 ) (-776 -1024 -52 ) (-776 0 -52 ) 
4 958 1014 (-776 -1024 0 ) (-1024 -1024 0 ) (-1024 -1024 -120 ) (-776 -1024 -120 ) 
4 958 967 (-1024 -1024 -120 ) (-1024 -1024 0 ) (-1024 0 0 ) (-1024 0 -120 ) 
4 959 1019 (0 -1024 -288.299988 ) (0 -1024 -166 ) (-1024 -1024 -166 ) (-1024 -1024 -288.299988 ) 
4 959 968 (-1024 -1024 -288.299988 ) (-1024 -1024 -166 ) (-1024 0 -166 ) (-1024 0 -288.299988 ) 
4 960 966 (-1024 0 0 ) (-1024 0 620.299988 ) (-2048 0 620.299988 ) (-2048 0 0 ) 
4 960 963 (-2048 1024 620.299988 ) (-2048 1024 0 ) (-2048 0 0 ) (-2048 0 620.299988 ) 
4 960 961 (-1024 0 0 ) (-2048 0 0 ) (-2048 1024 0 ) (-1024 1024 0 ) 
4 961 967 (-1024 0 -120 ) (-1024 0 0 ) (-2048 0 0 ) (-2048 0 -120 ) 
4 961 964 (-2048 1024 0 ) (-2048 1024 -120 ) (-2048 0 -120 ) (-2048 0 0 ) 
4 962 968 (-1024 0 -288.299988 ) (-1024 0 -166 ) (-2048 0 -166 ) (-2048 0 -288.299988 ) 
4 962 965 (-2048 1024 -166 ) (-2048 1024 -288.299988 ) (-2048 0 -288.299988 ) (-2048 0 -166 ) 
4 963 1038 (-3072 1024 620.299988 ) (-3072 1024 0 ) (-3072 0 0 ) (-3072 0 620.299988 ) 
4 963 969 (-2048 0 0 ) (-2048 0 620.299988 ) (-3072 0 620.299988 ) (-3072 0 0 ) 
4 963 964 (-3072 1024 0 ) (-2048 1024 0 ) (-2048 0 0 ) (-3072 0 0 ) 
4 964 1039 (-3072 1024 0 ) (-3072 1024 -120 ) (-3072 0 -120 ) (-3072 0 0 ) 
4 964 970 (-2048 0 -120 ) (-2048 0 0 ) (-3072 0 0 ) (-3072 0 -120 ) 
4 965 1040 (-3072 1024 -166 ) (-3072 1024 -288.299988 ) (-3072 0 -288.299988 ) (-3072 0 -166 ) 
4 965 971 (-2048 0 -288.299988 ) (-2048 0 -166 ) (-3072 0 -166 ) (-3072 0 -288.299988 ) 
4 966 1020 (-1024 -1024 0 ) (-1024 -1024 620.299988 ) (-2048 -1024 620.299988 ) (-2048 -1024 0 ) 
4 966 969 (-2048 0 620.299988 ) (-2048 0 0 ) (-2048 -1024 0 ) (-2048 -1024 620.299988 ) 
4 966 967 (-2048 0 0 ) (-1024 0 0 ) (-1024 -1024 0 ) (-2048 -1024 0 ) 
4 967 1021 (-1024 -1024 -120 ) (-1024 -1024 0 ) (-2048 -1024 0 ) (-2048 -1024 -120 ) 
4 967 970 (-2048 0 0 ) (-2048 0 -120 ) (-2048 -1024 -120 ) (-2048 -1024 0 ) 
4 968 1022 (-1024 -1024 -288.299988 ) (-1024 -1024 -166 ) (-2048 -1024 -166 ) (-2048 -1024 -288.299988 ) 
4 968 971 (-2048 0 -166 ) (-2048 0 -288.299988 ) (-2048 -1024 -288.299988 ) (-2048 -1024 -166 ) 
4 969 1041 (-3072 -1024 0 ) (-3072 -1024 620.299988 ) (-3072 0 620.299988 ) (-3072 0 0 ) 
4 969 1023 (-2048 -1024 0 ) (-2048 -1024 620.299988 ) (-3072 -1024 620.299988 ) (-3072 -1024 0 ) 
4 969 970 (-2048 0 0 ) (-2048 -1024 0 ) (-3072 -1024 0 ) (-3072 0 0 ) 
4 970 1042 (-3072 -1024 -120 ) (-3072 -1024 0 ) (-3072 0 0 ) (-3072 0 -120 ) 
4 970 1024 (-2048 -1024 -120 ) (-2048 -1024 0 ) (-3072 -1024 0 ) (-3072 -1024 -120 ) 
4 971 1043 (-3072 -1024 -288.299988 ) (-3072 -1024 -166 ) (-3072 0 -166 ) (-3072 0 -288.299988 ) 
4 971 1025 (-2048 -1024 -288.299988 ) (-2048 -1024 -166 ) (-3072 -1024 -166 ) (-3072 -1024 -288.299988 ) 
4 972 1026 (0 -2048 224 ) (0 -2048 620.299988 ) (-104 -2048 620.299988 ) (-104 -2048 224 ) 
4 972 988 (-104 -1191.989990 224 ) (-104 -1343.989990 224 ) (-104 -1343.989990 240 ) (-104 -1191.989990 240 ) 
4 972 987 (-104 -1343.989990 240 ) (-104 -1343.989990 620.299988 ) (-104 -1183.989990 620.299988 ) (-104 -1183.989990 240 ) 
4 972 1010 (-104 -1343.989990 224 ) (-104 -2048 224 ) (-104 -2048 620.299988 ) (-104 -1343.989990 620.299988 ) 
4 972 981 (-104 -1024 620.299988 ) (-104 -1024 224 ) (-104 -1183.989990 224 ) (-104 -1183.989990 620.299988 ) 
4 972 973 (-104 -1183.989990 224 ) (-104 -1024 224 ) (0 -1024 224 ) (0 -1183.989990 224 ) 
4 972 974 (0 -2048 224 ) (-104 -2048 224 ) (-104 -1191.989990 224 ) (0 -1191.989990 224 ) 
4 973 975 (-104 -1183.989990 216 ) (-104 -1024 216 ) (0 -1024 216 ) (0 -1183.989990 216 ) 
4 974 1026 (0 -2048 216 ) (0 -2048 224 ) (-104 -2048 224 ) (-104 -2048 216 ) 
4 974 988 (-104 -1191.989990 216 ) (-104 -1343.989990 216 ) (-104 -1343.989990 224 ) (-104 -1191.989990 224 ) 
4 974 1010 (-104 -1343.989990 216 ) (-104 -2048 216 ) (-104 -2048 224 ) (-104 -1343.989990 224 ) 
4 974 977 (-104 -2048 216 ) (-104 -1191.989990 216 ) (0 -1191.989990 216 ) (0 -2048 216 ) 
4 975 982 (-104 -1024 216 ) (-104 -1024 176 ) (-104 -1183.989990 176 ) (-104 -1183.989990 216 ) 
4 975 978 (-104 -1183.989990 168 ) (-104 -1024 168 ) (0 -1024 168 ) (0 -1183.989990 168 ) 
4 975 976 (0 -1183.989990 176 ) (0 -1183.989990 216 ) (-104 -1183.989990 216 ) (-104 -1183.989990 176 ) 
4 976 977 (0 -1191.989990 176 ) (0 -1191.989990 216 ) (-104 -1191.989990 216 ) (-104 -1191.989990 176 ) 
4 977 1026 (0 -2048 168 ) (0 -2048 216 ) (-104 -2048 216 ) (-104 -2048 168 ) 
4 977 988 (-104 -1191.989990 168 ) (-104 -1343.989990 168 ) (-104 -1343.989990 216 ) (-104 -1191.989990 216 ) 
4 977 1010 (-104 -1343.989990 168 ) (-104 -2048 168 ) (-104 -2048 216 ) (-104 -1343.989990 216 ) 
4 977 978 (-104 -1343.989990 168 ) (-104 -1191.989990 168 ) (0 -1191.989990 168 ) (0 -1343.989990 168 ) 
4 977 980 (0 -2048 168 ) (-104 -2048 168 ) (-104 -1343.989990 168 ) (0 -1343.989990 168 ) 
4 978 988 (-104 -1191.989990 64 ) (-104 -1343.989990 64 ) (-104 -1343.989990 168 ) (-104 -1191.989990 168 ) 
4 978 983 (-104 -1024 168 ) (-104 -1024 64 ) (-104 -1183.989990 64 ) (-104 -1183.989990 168 ) 
4 978 980 (0 -1343.989990 168 ) (-104 -1343.989990 168 ) (-104 -1343.989990 64 ) (0 -1343.989990 64 ) 
4 979 1011 (-104 -1024 0 ) (0 -1024 0 ) (0 -1343.989990 0 ) (-104 -1343.989990 0 ) 
4 979 989 (-104 -1191.989990 0 ) (-104 -1343.989990 0 ) (-104 -1343.989990 58 ) (-104 -1191.989990 58 ) 
4 979 985 (-104 -1024 58 ) (-104 -1024 0 ) (-104 -1183.989990 0 ) (-104 -1183.989990 58 ) 
4 979 980 (-104 -1343.989990 58 ) (-104 -1343.989990 0 ) (0 -1343.989990 0 ) (0 -1343.989990 58 ) 
4 980 1026 (0 -2048 0 ) (0 -2048 168 ) (-104 -2048 168 ) (-104 -2048 0 ) 
4 980 1011 (0 -1343.989990 0 ) (0 -2048 0 ) (-104 -2048 0 ) (-104 -1343.989990 0 ) 
4 980 1010 (-104 -1343.989990 0 ) (-104 -2048 0 ) (-104 -2048 168 ) (-104 -1343.989990 168 ) 
4 981 987 (-104 -1183.989990 240 ) (-104 -1183.989990 620.299988 ) (-112 -1183.989990 620.299988 ) (-112 -1183.989990 240 ) 
4 981 984 (-112 -1183.989990 224 ) (-112 -1183.989990 620.299988 ) (-112 -1024 620.299988 ) (-112 -1024 224 ) 
4 982 984 (-112 -1183.989990 176 ) (-112 -1183.989990 216 ) (-112 -1024 216 ) (-112 -1024 176 ) 
4 983 984 (-112 -1024 64 ) (-112 -1183.989990 64 ) (-112 -1183.989990 168 ) (-112 -1024 168 ) 
4 984 1020 (-1024 -1183.989990 620.299988 ) (-1024 -1024 620.299988 ) (-1024 -1024 64 ) (-1024 -1183.989990 64 ) 
4 984 1004 (-395.703979 -1183.989990 64 ) (-363.554993 -1183.989990 64 ) (-363.554840 -1183.989990 96 ) (-395.704102 -1183.989990 96 ) 
4 984 1001 (-448 -1183.989990 64 ) (-395.703979 -1183.989990 64 ) (-395.704102 -1183.989990 96 ) (-448 -1183.989990 96 ) 
4 984 1003 (-500.493134 -1183.989990 64 ) (-448 -1183.989990 64 ) (-448 -1183.989990 96 ) (-500.493164 -1183.989990 96 ) 
4 984 1000 (-871.382813 -1183.989990 64 ) (-500.493134 -1183.989990 64 ) (-500.493164 -1183.989990 96 ) (-871.383545 -1183.989990 96 ) 
4 984 997 (-1024 -1183.989990 96 ) (-1024 -1183.989990 64 ) (-871.382813 -1183.989990 64 ) (-871.383545 -1183.989990 96 ) 
4 984 991 (-363.554993 -1183.989990 64 ) (-112 -1183.989990 64 ) (-112 -1183.989990 96 ) (-363.554840 -1183.989990 96 ) 
4 984 990 (-1024 -1183.989990 240 ) (-1024 -1183.989990 96 ) (-112 -1183.989990 96 ) (-112 -1183.989990 240 ) 
4 984 987 (-112 -1183.989990 620.299988 ) (-1024 -1183.989990 620.299988 ) (-1024 -1183.989990 240 ) (-112 -1183.989990 240 ) 
4 984 986 (-448 -1183.989990 64 ) (-1024 -1183.989990 64 ) (-1024 -1024 64 ) (-448 -1024 64 ) 
4 985 1016 (-337.599670 -1024 0 ) (-305.287720 -1024 0 ) (-363.555298 -1183.989990 0 ) (-395.703674 -1183.989990 0 ) 
4 985 1015 (-448 -1024 0 ) (-337.599670 -1024 0 ) (-395.703674 -1183.989990 0 ) (-448 -1183.989990 0 ) 
4 985 1011 (-305.287720 -1024 0 ) (-104 -1024 0 ) (-104 -1183.989990 0 ) (-363.555298 -1183.989990 0 ) 
4 985 1007 (-395.703674 -1183.989990 0 ) (-363.555298 -1183.989990 0 ) (-363.555054 -1183.989990 58 ) (-395.703949 -1183.989990 58 ) 
4 985 1002 (-448 -1183.989990 0 ) (-395.703674 -1183.989990 0 ) (-395.703949 -1183.989990 58 ) (-448 -1183.989990 58 ) 
4 985 992 (-363.555298 -1183.989990 0 ) (-112 -1183.989990 0 ) (-112 -1183.989990 58 ) (-363.555054 -1183.989990 58 ) 
4 985 986 (-448 -1024 0 ) (-448 -1183.989990 0 ) (-448 -1183.989990 58 ) (-448 -1024 58 ) 
4 986 1020 (-1024 -1024 64 ) (-1024 -1024 0 ) (-1024 -1183.989990 0 ) (-1024 -1183.989990 64 ) 
4 986 1015 (-558.815247 -1024 0 ) (-448 -1024 0 ) (-448 -1183.989990 0 ) (-500.493164 -1183.989990 0 ) 
5 986 1014 (-1024 -1128.414307 0 ) (-1024 -1024 0 ) (-558.815247 -1024 0 ) (-500.493164 -1183.989990 0 ) (-871.382080 -1183.989990 0 ) 
3 986 1013 (-1024 -1183.989990 0 ) (-1024 -1128.414307 0 ) (-871.382080 -1183.989990 0 ) 
4 986 1003 (-500.493164 -1183.989990 0 ) (-448 -1183.989990 0 ) (-448 -1183.989990 64 ) (-500.493164 -1183.989990 64 ) 
4 986 1000 (-871.382080 -1183.989990 0 ) (-500.493164 -1183.989990 0 ) (-500.493164 -1183.989990 64 ) (-871.382813 -1183.989990 64 ) 
4 986 997 (-1024 -1183.989990 0 ) (-871.382080 -1183.989990 0 ) (-871.382813 -1183.989990 64 ) (-1024 -1183.989990 64 ) 
4 987 1020 (-1024 -1343.989990 620.299988 ) (-1024 -1183.989990 620.299988 ) (-1024 -1183.989990 240 ) (-1024 -1343.989990 240 ) 
4 987 990 (-112 -1343.989990 240 ) (-1024 -1343.989990 240 ) (-1024 -1183.989990 240 ) (-112 -1183.989990 240 ) 
4 987 988 (-104 -1343.989990 240 ) (-112 -1343.989990 240 ) (-112 -1191.989990 240 ) (-104 -1191.989990 240 ) 
4 987 1010 (-104 -1343.989990 240 ) (-104 -1343.989990 620.299988 ) (-1024 -1343.989990 620.299988 ) (-1024 -1343.989990 240 ) 
4 988 991 (-112 -1343.989990 64 ) (-112 -1343.989990 96 ) (-112 -1191.989990 96 ) (-112 -1191.989990 64 ) 
4 988 990 (-112 -1343.989990 96 ) (-112 -1343.989990 240 ) (-112 -1191.989990 240 ) (-112 -1191.989990 96 ) 
4 988 1010 (-104 -1343.989990 64 ) (-104 -1343.989990 240 ) (-112 -1343.989990 240 ) (-112 -1343.989990 64 ) 
4 989 1011 (-104 -1191.989990 0 ) (-104 -1343.989990 0 ) (-112 -1343.989990 0 ) (-112 -1191.989990 0 ) 
4 989 992 (-112 -1343.989990 0 ) (-112 -1343.989990 58 ) (-112 -1191.989990 58 ) (-112 -1191.989990 0 ) 
4 989 1010 (-112 -1343.989990 0 ) (-104 -1343.989990 0 ) (-104 -1343.989990 58 ) (-112 -1343.989990 58 ) 
4 990 1020 (-1024 -1183.989990 240 ) (-1024 -1183.989990 96 ) (-1024 -1343.989990 96 ) (-1024 -1343.989990 240 ) 
3 990 1006 (-431.996033 -1311.988647 96 ) (-423.027466 -1308.727173 96 ) (-420.284454 -1316.245972 96 ) 
3 990 1005 (-406.839539 -1302.840332 96 ) (-416 -1327.991333 96 ) (-423.027466 -1308.727173 96 ) 
4 990 1004 (-395.704102 -1183.989990 96 ) (-363.554810 -1183.989990 96 ) (-406.839539 -1302.840332 96 ) (-443.740875 -1316.259644 96 ) 
3 990 1001 (-448 -1183.989990 96 ) (-395.704102 -1183.989990 96 ) (-448 -1327.988525 96 ) 
3 990 1003 (-500.493134 -1183.989990 96 ) (-448 -1183.989990 96 ) (-448 -1327.988525 96 ) 
3 990 998 (-448 -1327.989868 96 ) (-443.723145 -1339.722168 96 ) (-448 -1338.164795 96 ) 
4 990 1000 (-871.383484 -1183.989990 96 ) (-500.493134 -1183.989990 96 ) (-448 -1327.989868 96 ) (-448 -1338.164795 96 ) 
3 990 995 (-448 -1338.164795 96 ) (-432.003296 -1343.989990 96 ) (-448 -1343.989990 96 ) 
5 990 997 (-1024 -1183.989990 96 ) (-871.383484 -1183.989990 96 ) (-448 -1338.164795 96 ) (-448 -1343.989990 96 ) (-1024 -1343.989990 96 ) 
3 990 993 (-420.270660 -1339.719116 96 ) (-421.826111 -1343.989990 96 ) (-432 -1343.989990 96 ) 
4 990 991 (-363.554810 -1183.989990 96 ) (-112 -1183.989990 96 ) (-112 -1343.989990 96 ) (-421.826111 -1343.989990 96 ) 
4 990 1010 (-112 -1343.989990 96 ) (-112 -1343.989990 240 ) (-1024 -1343.989990 240 ) (-1024 -1343.989990 96 ) 
4 991 1005 (-415.998566 -1327.993896 96 ) (-406.837494 -1302.839600 96 ) (-406.837708 -1302.839722 64 ) (-415.998627 -1327.993652 64 ) 
4 991 1004 (-406.837494 -1302.839600 96 ) (-363.553223 -1183.989990 96 ) (-363.553375 -1183.989990 64 ) (-406.837708 -1302.839722 64 ) 
4 991 993 (-421.824371 -1343.989990 64 ) (-421.824219 -1343.989990 96 ) (-420.268524 -1339.718384 96 ) (-420.268677 -1339.718384 64 ) 
4 991 1010 (-112 -1343.989990 64 ) (-112 -1343.989990 96 ) (-421.826111 -1343.989990 96 ) (-421.826263 -1343.989990 64 ) 
4 992 1011 (-363.555237 -1183.989990 0 ) (-112 -1183.989990 0 ) (-112 -1343.989990 0 ) (-421.826538 -1343.989990 0 ) 
4 992 1008 (-415.998627 -1327.993652 58 ) (-406.837738 -1302.839722 58 ) (-406.838043 -1302.839844 0 ) (-415.998779 -1327.993286 0 ) 
4 992 1007 (-406.837738 -1302.839722 58 ) (-363.553406 -1183.989990 58 ) (-363.553680 -1183.989990 0 ) (-406.838043 -1302.839844 0 ) 
4 992 994 (-421.824677 -1343.989990 0 ) (-421.824402 -1343.989990 58 ) (-420.268707 -1339.718384 58 ) (-420.269012 -1339.718506 0 ) 
4 992 1010 (-421.826599 -1343.989990 0 ) (-112 -1343.989990 0 ) (-112 -1343.989990 58 ) (-421.826294 -1343.989990 58 ) 
4 993 1010 (-421.826263 -1343.989990 64 ) (-421.826111 -1343.989990 96 ) (-432 -1343.989990 96 ) (-432 -1343.989990 64 ) 
3 994 1012 (-420.271149 -1339.719238 0 ) (-421.826538 -1343.989990 0 ) (-432 -1343.989990 0 ) 
4 994 1010 (-432 -1343.989990 0 ) (-421.826599 -1343.989990 0 ) (-421.826294 -1343.989990 58 ) (-432 -1343.989990 58 ) 
4 995 998 (-443.723419 -1339.721436 64 ) (-448 -1338.164063 64 ) (-448 -1338.164307 96 ) (-443.723358 -1339.721680 96 ) 
4 995 1010 (-432 -1343.989990 64 ) (-432 -1343.989990 96 ) (-448 -1343.989990 96 ) (-448 -1343.989990 64 ) 
4 995 997 (-448 -1338.162598 96 ) (-448 -1338.162354 64 ) (-448 -1343.989990 64 ) (-448 -1343.989990 96 ) 
3 996 1013 (-448 -1338.163696 0 ) (-432 -1343.989990 0 ) (-448 -1343.989990 0 ) 
4 996 999 (-443.723511 -1339.721069 0 ) (-448 -1338.163818 0 ) (-448 -1338.164063 58 ) (-443.723419 -1339.721436 58 ) 
4 996 997 (-448 -1338.162354 58 ) (-448 -1338.162109 0 ) (-448 -1343.989990 0 ) (-448 -1343.989990 58 ) 
4 996 1010 (-448 -1343.989990 0 ) (-432 -1343.989990 0 ) (-432 -1343.989990 58 ) (-448 -1343.989990 58 ) 
4 997 1020 (-1024 -1183.989990 96 ) (-1024 -1183.989990 0 ) (-1024 -1343.989990 0 ) (-1024 -1343.989990 96 ) 
5 997 1013 (-1024 -1343.989990 0 ) (-1024 -1183.989990 0 ) (-871.382080 -1183.989990 0 ) (-448 -1338.163696 0 ) (-448 -1343.989990 0 ) 
4 997 1000 (-448 -1338.163818 0 ) (-871.381470 -1183.989990 0 ) (-871.382813 -1183.989990 96 ) (-448 -1338.164307 96 ) 
4 997 1010 (-1024 -1343.989990 0 ) (-448 -1343.989990 0 ) (-448 -1343.989990 96 ) (-1024 -1343.989990 96 ) 
4 998 1000 (-448 -1327.988281 96 ) (-448 -1327.988281 64 ) (-448 -1338.163208 64 ) (-448 -1338.163452 96 ) 
3 999 1014 (-448 -1327.989990 0 ) (-443.723663 -1339.720947 0 ) (-448 -1338.163696 0 ) 
4 999 1000 (-448 -1327.988281 58 ) (-448 -1327.988281 0 ) (-448 -1338.162964 0 ) (-448 -1338.163208 58 ) 
4 1000 1014 (-871.382080 -1183.989990 0 ) (-500.493134 -1183.989990 0 ) (-448 -1327.989990 0 ) (-448 -1338.163696 0 ) 
4 1000 1003 (-448 -1327.993042 0 ) (-500.494141 -1183.989990 0 ) (-500.494141 -1183.989990 96 ) (-448 -1327.993164 96 ) 
4 1001 1004 (-443.742676 -1316.260254 64 ) (-395.706055 -1183.989990 64 ) (-395.706207 -1183.989990 96 ) (-443.742920 -1316.260498 96 ) 
4 1001 1003 (-448 -1327.985474 64 ) (-448 -1327.985107 96 ) (-448 -1183.989990 96 ) (-448 -1183.989990 64 ) 
3 1002 1015 (-448 -1183.989990 0 ) (-395.703674 -1183.989990 0 ) (-448 -1327.989258 0 ) 
4 1002 1007 (-443.742371 -1316.260132 0 ) (-395.705750 -1183.989990 0 ) (-395.706024 -1183.989990 58 ) (-443.742676 -1316.260254 58 ) 
4 1002 1003 (-448 -1327.986328 0 ) (-448 -1327.985596 58 ) (-448 -1183.989990 58 ) (-448 -1183.989990 0 ) 
3 1003 1015 (-500.493134 -1183.989990 0 ) (-448 -1183.989990 0 ) (-448 -1327.989258 0 ) 
4 1004 1006 (-431.997742 -1311.988403 64 ) (-423.027771 -1308.726440 64 ) (-423.027771 -1308.726440 96 ) (-431.997131 -1311.988159 96 ) 
4 1004 1005 (-423.027771 -1308.726440 64 ) (-406.839386 -1302.839478 64 ) (-406.839203 -1302.839355 96 ) (-423.027771 -1308.726440 96 ) 
4 1005 1006 (-423.027344 -1308.730469 96 ) (-423.027344 -1308.730469 64 ) (-420.285614 -1316.245850 64 ) (-420.285767 -1316.245361 96 ) 
4 1007 1016 (-395.703674 -1183.989990 0 ) (-363.555237 -1183.989990 0 ) (-406.840057 -1302.840454 0 ) (-443.740356 -1316.259521 0 ) 
4 1007 1009 (-423.027710 -1308.726440 58 ) (-431.997864 -1311.988403 58 ) (-431.998901 -1311.988770 0 ) (-423.027710 -1308.726440 0 ) 
4 1007 1008 (-406.840149 -1302.839966 0 ) (-406.839844 -1302.839844 58 ) (-423.027710 -1308.726440 58 ) (-423.027710 -1308.726440 0 ) 
3 1008 1017 (-406.840057 -1302.840454 0 ) (-416 -1327.990723 0 ) (-423.027466 -1308.727173 0 ) 
4 1008 1009 (-423.027344 -1308.728516 58 ) (-423.027344 -1308.728516 0 ) (-420.284210 -1316.247314 0 ) (-420.284546 -1316.246338 58 ) 
3 1009 1018 (-431.997772 -1311.989258 0 ) (-423.027466 -1308.727173 0 ) (-420.283905 -1316.247437 0 ) 
4 1010 1026 (-1024 -2048 620.299988 ) (-1024 -2048 0 ) (-104 -2048 0 ) (-104 -2048 620.299988 ) 
4 1010 1020 (-1024 -2048 0 ) (-1024 -2048 620.299988 ) (-1024 -1343.989990 620.299988 ) (-1024 -1343.989990 0 ) 
3 1010 1013 (-1024 -1559.548340 0 ) (-1024 -1343.989990 0 ) (-432 -1343.989990 0 ) 
5 1010 1012 (-1024 -2048 0 ) (-1024 -1559.548340 0 ) (-432 -1343.989990 0 ) (-421.826599 -1343.989990 0 ) (-678.223633 -2048 0 ) 
4 1010 1011 (-421.826599 -1343.989990 0 ) (-104 -1343.989990 0 ) (-104 -2048 0 ) (-678.223633 -2048 0 ) 
4 1011 1027 (0 -2048 -120 ) (0 -2048 0 ) (-678.223633 -2048 0 ) (-678.224182 -2048 -120 ) 
4 1011 1017 (-406.841522 -1302.841064 -120 ) (-416 -1327.989136 -120 ) (-416 -1327.992188 0 ) (-406.838989 -1302.840210 0 ) 
4 1011 1016 (-305.289063 -1024 -120 ) (-406.841522 -1302.841064 -120 ) (-406.838989 -1302.840210 0 ) (-305.286743 -1024 0 ) 
4 1011 1012 (-420.272583 -1339.719849 -120 ) (-678.224609 -2048 -120 ) (-678.222656 -2048 0 ) (-420.270081 -1339.718994 0 ) 
4 1012 1027 (-678.223633 -2048 0 ) (-1024 -2048 0 ) (-1024 -2048 -120 ) (-678.224182 -2048 -120 ) 
4 1012 1021 (-1024 -2048 -120 ) (-1024 -2048 0 ) (-1024 -1559.548340 0 ) (-1024 -1559.548340 -120 ) 
4 1012 1013 (-432 -1343.990234 -120 ) (-1024 -1559.549072 -120 ) (-1024 -1559.548828 0 ) (-432 -1343.990601 0 ) 
4 1013 1021 (-1024 -1559.548340 0 ) (-1024 -1128.414307 0 ) (-1024 -1128.413696 -120 ) (-1024 -1559.548340 -120 ) 
4 1013 1014 (-443.723755 -1339.720459 -120 ) (-1024 -1128.413330 -120 ) (-1024 -1128.414063 0 ) (-443.723511 -1339.721191 0 ) 
4 1014 1021 (-1024 -1128.414307 0 ) (-1024 -1024 0 ) (-1024 -1024 -120 ) (-1024 -1128.413696 -120 ) 
4 1014 1015 (-448 -1327.991577 -120 ) (-558.816406 -1024 -120 ) (-558.816772 -1024 0 ) (-448 -1327.990723 0 ) 
4 1015 1016 (-443.741699 -1316.259888 -120 ) (-337.600891 -1024 -120 ) (-337.603516 -1024 0 ) (-443.742432 -1316.260254 0 ) 
4 1016 1018 (-432.002594 -1311.989136 -120 ) (-423.028076 -1308.725464 -120 ) (-423.028107 -1308.725464 0 ) (-432 -1311.988281 0 ) 
4 1016 1017 (-423.028076 -1308.725464 -120 ) (-406.840546 -1302.838867 -120 ) (-406.839905 -1302.838623 0 ) (-423.028107 -1308.725464 0 ) 
4 1017 1018 (-423.027344 -1308.728516 0 ) (-423.027344 -1308.728516 -120 ) (-420.283752 -1316.249023 -120 ) (-420.284424 -1316.247192 0 ) 
4 1019 1028 (0 -2048 -288.299988 ) (0 -2048 -166 ) (-1024 -2048 -166 ) (-1024 -2048 -288.299988 ) 
4 1019 1022 (-1024 -2048 -288.299988 ) (-1024 -2048 -166 ) (-1024 -1024 -166 ) (-1024 -1024 -288.299988 ) 
4 1020 1030 (-1024 -2048 0 ) (-1024 -2048 620.299988 ) (-2048 -2048 620.299988 ) (-2048 -2048 0 ) 
4 1020 1023 (-2048 -1024 620.299988 ) (-2048 -1024 0 ) (-2048 -2048 0 ) (-2048 -2048 620.299988 ) 
4 1020 1021 (-1024 -2048 0 ) (-2048 -2048 0 ) (-2048 -1024 0 ) (-1024 -1024 0 ) 
4 1021 1031 (-1024 -2048 -120 ) (-1024 -2048 0 ) (-2048 -2048 0 ) (-2048 -2048 -120 ) 
4 1021 1024 (-2048 -1024 0 ) (-2048 -1024 -120 ) (-2048 -2048 -120 ) (-2048 -2048 0 ) 
4 1022 1032 (-1024 -2048 -288.299988 ) (-1024 -2048 -166 ) (-2048 -2048 -166 ) (-2048 -2048 -288.299988 ) 
4 1022 1025 (-2048 -1024 -166 ) (-2048 -1024 -288.299988 ) (-2048 -2048 -288.299988 ) (-2048 -2048 -166 ) 
4 1023 1052 (-3072 -2048 0 ) (-3072 -2048 620.299988 ) (-3072 -1024 620.299988 ) (-3072 -1024 0 ) 
4 1023 1034 (-3072 -2048 620.299988 ) (-3072 -2048 0 ) (-2048 -2048 0 ) (-2048 -2048 620.299988 ) 
4 1023 1024 (-3072 -2048 0 ) (-3072 -1024 0 ) (-2048 -1024 0 ) (-2048 -2048 0 ) 
4 1024 1053 (-3072 -2048 -120 ) (-3072 -2048 0 ) (-3072 -1024 0 ) (-3072 -1024 -120 ) 
4 1024 1035 (-3072 -2048 0 ) (-3072 -2048 -120 ) (-2048 -2048 -120 ) (-2048 -2048 0 ) 
4 1025 1054 (-3072 -2048 -288.299988 ) (-3072 -2048 -166 ) (-3072 -1024 -166 ) (-3072 -1024 -288.299988 ) 
4 1025 1036 (-3072 -2048 -166 ) (-3072 -2048 -288.299988 ) (-2048 -2048 -288.299988 ) (-2048 -2048 -166 ) 
4 1026 1030 (-1024 -2048 620.299988 ) (-1024 -2048 0 ) (-1024 -2432.250000 0 ) (-1024 -2432.250000 620.299988 ) 
4 1026 1029 (-1024 -2432.250000 0 ) (-1024 -2432 0 ) (0 -2432 0 ) (0 -2432.250000 0 ) 
4 1026 1027 (-1024 -2432 0 ) (-1024 -2048 0 ) (0 -2048 0 ) (0 -2432 0 ) 
4 1027 1031 (-1024 -2048 0 ) (-1024 -2048 -120 ) (-1024 -2432 -120 ) (-1024 -2432 0 ) 
4 1027 1029 (0 -2432 -120 ) (0 -2432 0 ) (-1024 -2432 0 ) (-1024 -2432 -120 ) 
4 1028 1032 (-1024 -2048 -166 ) (-1024 -2048 -288.299988 ) (-1024 -2432 -288.299988 ) (-1024 -2432 -166 ) 
4 1028 1029 (-1024 -2432 -288.299988 ) (0 -2432 -288.299988 ) (0 -2432 -166 ) (-1024 -2432 -166 ) 
4 1029 1033 (-1024 -2432 -288.299988 ) (-1024 -2432.250000 -288.299988 ) (-1024 -2432.250000 0 ) (-1024 -2432 0 ) 
4 1030 1034 (-2048 -2048 620.299988 ) (-2048 -2048 0 ) (-2048 -2432.250000 0 ) (-2048 -2432.250000 620.299988 ) 
4 1030 1033 (-2048 -2432.250000 0 ) (-2048 -2432 0 ) (-1024 -2432 0 ) (-1024 -2432.250000 0 ) 
4 1030 1031 (-2048 -2432 0 ) (-2048 -2048 0 ) (-1024 -2048 0 ) (-1024 -2432 0 ) 
4 1031 1035 (-2048 -2048 0 ) (-2048 -2048 -120 ) (-2048 -2432 -120 ) (-2048 -2432 0 ) 
4 1031 1033 (-1024 -2432 -120 ) (-1024 -2432 0 ) (-2048 -2432 0 ) (-2048 -2432 -120 ) 
4 1032 1036 (-2048 -2048 -166 ) (-2048 -2048 -288.299988 ) (-2048 -2432 -288.299988 ) (-2048 -2432 -166 ) 
4 1032 1033 (-2048 -2432 -288.299988 ) (-1024 -2432 -288.299988 ) (-1024 -2432 -166 ) (-2048 -2432 -166 ) 
4 1033 1037 (-2048 -2432 -288.299988 ) (-2048 -2432.250000 -288.299988 ) (-2048 -2432.250000 0 ) (-2048 -2432 0 ) 
4 1034 1059 (-3072 -2432.250000 620.299988 ) (-3072 -2048 620.299988 ) (-3072 -2048 0 ) (-3072 -2432.250000 0 ) 
4 1034 1037 (-2048 -2432 0 ) (-2048 -2432.250000 0 ) (-3072 -2432.250000 0 ) (-3072 -2432 0 ) 
4 1034 1035 (-2048 -2048 0 ) (-2048 -2432 0 ) (-3072 -2432 0 ) (-3072 -2048 0 ) 
4 1035 1060 (-3072 -2432 0 ) (-3072 -2048 0 ) (-3072 -2048 -120 ) (-3072 -2432 -120 ) 
4 1035 1037 (-2048 -2432 -120 ) (-2048 -2432 0 ) (-3072 -2432 0 ) (-3072 -2432 -120 ) 
4 1036 1061 (-3072 -2048 -166 ) (-3072 -2048 -288.299988 ) (-3072 -2432 -288.299988 ) (-3072 -2432 -166 ) 
4 1036 1037 (-3072 -2432 -288.299988 ) (-2048 -2432 -288.299988 ) (-2048 -2432 -166 ) (-3072 -2432 -166 ) 
4 1037 1062 (-3072 -2432.250000 0 ) (-3072 -2432 0 ) (-3072 -2432 -288.299988 ) (-3072 -2432.250000 -288.299988 ) 
4 1038 1044 (-4096 1024 620.299988 ) (-4096 1024 0 ) (-4096 0 0 ) (-4096 0 620.299988 ) 
4 1038 1041 (-3072 0 0 ) (-3072 0 620.299988 ) (-4096 0 620.299988 ) (-4096 0 0 ) 
4 1038 1039 (-4096 0 0 ) (-4096 1024 0 ) (-3072 1024 0 ) (-3072 0 0 ) 
4 1039 1045 (-4096 1024 0 ) (-4096 1024 -120 ) (-4096 0 -120 ) (-4096 0 0 ) 
4 1039 1042 (-3072 0 -120 ) (-3072 0 0 ) (-4096 0 0 ) (-4096 0 -120 ) 
4 1040 1046 (-4096 1024 -166 ) (-4096 1024 -288.299988 ) (-4096 0 -288.299988 ) (-4096 0 -166 ) 
4 1040 1043 (-3072 0 -288.299988 ) (-3072 0 -166 ) (-4096 0 -166 ) (-4096 0 -288.299988 ) 
4 1041 1052 (-3072 -1024 0 ) (-3072 -1024 620.299988 ) (-4096 -1024 620.299988 ) (-4096 -1024 0 ) 
4 1041 1048 (-4096 -1024 0 ) (-4096 -1024 620.299988 ) (-4096 0 620.299988 ) (-4096 0 0 ) 
4 1041 1042 (-4096 -1024 0 ) (-4096 0 0 ) (-3072 0 0 ) (-3072 -1024 0 ) 
4 1042 1053 (-3072 -1024 -120 ) (-3072 -1024 0 ) (-4096 -1024 0 ) (-4096 -1024 -120 ) 
4 1042 1049 (-4096 -1024 -120 ) (-4096 -1024 0 ) (-4096 0 0 ) (-4096 0 -120 ) 
4 1043 1054 (-3072 -1024 -288.299988 ) (-3072 -1024 -166 ) (-4096 -1024 -166 ) (-4096 -1024 -288.299988 ) 
4 1043 1050 (-4096 -1024 -288.299988 ) (-4096 -1024 -166 ) (-4096 0 -166 ) (-4096 0 -288.299988 ) 
4 1044 1048 (-4096 0 0 ) (-4096 0 620.299988 ) (-4352.220215 0 620.299988 ) (-4352.220215 0 0 ) 
4 1044 1047 (-4352 0 0 ) (-4352.220215 0 0 ) (-4352.220215 1024 0 ) (-4352 1024 0 ) 
4 1044 1045 (-4096 0 0 ) (-4352 0 0 ) (-4352 1024 0 ) (-4096 1024 0 ) 
4 1045 1049 (-4096 0 -120 ) (-4096 0 0 ) (-4352 0 0 ) (-4352 0 -120 ) 
4 1045 1047 (-4352 0 -120 ) (-4352 0 0 ) (-4352 1024 0 ) (-4352 1024 -120 ) 
4 1046 1050 (-4096 0 -288.299988 ) (-4096 0 -166 ) (-4352 0 -166 ) (-4352 0 -288.299988 ) 
4 1046 1047 (-4352 1024 -288.299988 ) (-4352 0 -288.299988 ) (-4352 0 -166 ) (-4352 1024 -166 ) 
4 1047 1051 (-4352 0 0 ) (-4352.220215 0 0 ) (-4352.220215 0 -288.299988 ) (-4352 0 -288.299988 ) 
4 1048 1055 (-4096 -1024 0 ) (-4096 -1024 620.299988 ) (-4352.220215 -1024 620.299988 ) (-4352.220215 -1024 0 ) 
4 1048 1051 (-4352.220215 0 0 ) (-4352 0 0 ) (-4352 -1024 0 ) (-4352.220215 -1024 0 ) 
4 1048 1049 (-4352 0 0 ) (-4096 0 0 ) (-4096 -1024 0 ) (-4352 -1024 0 ) 
4 1049 1056 (-4096 -1024 -120 ) (-4096 -1024 0 ) (-4352 -1024 0 ) (-4352 -1024 -120 ) 
4 1049 1051 (-4352 -1024 -120 ) (-4352 -1024 0 ) (-4352 0 0 ) (-4352 0 -120 ) 
4 1050 1057 (-4096 -1024 -288.299988 ) (-4096 -1024 -166 ) (-4352 -1024 -166 ) (-4352 -1024 -288.299988 ) 
4 1050 1051 (-4352 0 -288.299988 ) (-4352 -1024 -288.299988 ) (-4352 -1024 -166 ) (-4352 0 -166 ) 
4 1051 1058 (-4352 -1024 0 ) (-4352.220215 -1024 0 ) (-4352.220215 -1024 -288.299988 ) (-4352 -1024 -288.299988 ) 
4 1052 1059 (-3072 -2048 0 ) (-3072 -2048 620.299988 ) (-4096 -2048 620.299988 ) (-4096 -2048 0 ) 
4 1052 1055 (-4096 -2048 0 ) (-4096 -2048 620.299988 ) (-4096 -1024 620.299988 ) (-4096 -1024 0 ) 
4 1052 1053 (-3072 -2048 0 ) (-4096 -2048 0 ) (-4096 -1024 0 ) (-3072 -1024 0 ) 
4 1053 1060 (-3072 -2048 -120 ) (-3072 -2048 0 ) (-4096 -2048 0 ) (-4096 -2048 -120 ) 
4 1053 1056 (-4096 -2048 -120 ) (-4096 -2048 0 ) (-4096 -1024 0 ) (-4096 -1024 -120 ) 
4 1054 1061 (-3072 -2048 -288.299988 ) (-3072 -2048 -166 ) (-4096 -2048 -166 ) (-4096 -2048 -288.299988 ) 
4 1054 1057 (-4096 -2048 -288.299988 ) (-4096 -2048 -166 ) (-4096 -1024 -166 ) (-4096 -1024 -288.299988 ) 
4 1055 1063 (-4096 -2048 0 ) (-4096 -2048 620.299988 ) (-4352.220215 -2048 620.299988 ) (-4352.220215 -2048 0 ) 
4 1055 1058 (-4352 -2048 0 ) (-4352.220215 -2048 0 ) (-4352.220215 -1024 0 ) (-4352 -1024 0 ) 
4 1055 1056 (-4096 -2048 0 ) (-4352 -2048 0 ) (-4352 -1024 0 ) (-4096 -1024 0 ) 
4 1056 1064 (-4096 -2048 -120 ) (-4096 -2048 0 ) (-4352 -2048 0 ) (-4352 -2048 -120 ) 
4 1056 1058 (-4352 -2048 -120 ) (-4352 -2048 0 ) (-4352 -1024 0 ) (-4352 -1024 -120 ) 
4 1057 1066 (-4096 -2048 -288.299988 ) (-4096 -2048 -166 ) (-4352 -2048 -166 ) (-4352 -2048 -288.299988 ) 
4 1057 1058 (-4352 -1024 -288.299988 ) (-4352 -2048 -288.299988 ) (-4352 -2048 -166 ) (-4352 -1024 -166 ) 
4 1058 1067 (-4352.220215 -2048 -120 ) (-4352.220215 -2048 -288.299988 ) (-4352 -2048 -288.299988 ) (-4352 -2048 -120 ) 
4 1058 1065 (-4352 -2048 0 ) (-4352.220215 -2048 0 ) (-4352.220215 -2048 -120 ) (-4352 -2048 -120 ) 
4 1059 1063 (-4096 -2048 620.299988 ) (-4096 -2048 0 ) (-4096 -2432.250000 0 ) (-4096 -2432.250000 620.299988 ) 
4 1059 1062 (-4096 -2432.250000 0 ) (-4096 -2432 0 ) (-3072 -2432 0 ) (-3072 -2432.250000 0 ) 
4 1059 1060 (-4096 -2432 0 ) (-4096 -2048 0 ) (-3072 -2048 0 ) (-3072 -2432 0 ) 
4 1060 1064 (-4096 -2048 0 ) (-4096 -2048 -120 ) (-4096 -2432 -120 ) (-4096 -2432 0 ) 
4 1060 1062 (-3072 -2432 -120 ) (-3072 -2432 0 ) (-4096 -2432 0 ) (-4096 -2432 -120 ) 
4 1061 1066 (-4096 -2048 -166 ) (-4096 -2048 -288.299988 ) (-4096 -2432 -288.299988 ) (-4096 -2432 -166 ) 
4 1061 1062 (-4096 -2432 -288.299988 ) (-3072 -2432 -288.299988 ) (-3072 -2432 -166 ) (-4096 -2432 -166 ) 
4 1062 1068 (-4096 -2432 -288.299988 ) (-4096 -2432.250000 -288.299988 ) (-4096 -2432.250000 0 ) (-4096 -2432 0 ) 
4 1063 1068 (-4352.220215 -2432.250000 0 ) (-4352.220215 -2432 0 ) (-4096 -2432 0 ) (-4096 -2432.250000 0 ) 
4 1063 1065 (-4352.220215 -2432 0 ) (-4352.220215 -2048 0 ) (-4352 -2048 0 ) (-4352 -2432 0 ) 
4 1063 1064 (-4352 -2048 0 ) (-4096 -2048 0 ) (-4096 -2432 0 ) (-4352 -2432 0 ) 
4 1064 1068 (-4352 -2432 -120 ) (-4096 -2432 -120 ) (-4096 -2432 0 ) (-4352 -2432 0 ) 
4 1064 1065 (-4352 -2048 -120 ) (-4352 -2432 -120 ) (-4352 -2432 0 ) (-4352 -2048 0 ) 
4 1065 1068 (-4352.220215 -2432 0 ) (-4352.220215 -2432 -120 ) (-4352 -2432 -120 ) (-4352 -2432 0 ) 
4 1065 1067 (-4352 -2432 -120 ) (-4352.220215 -2432 -120 ) (-4352.220215 -2048 -120 ) (-4352 -2048 -120 ) 
4 1066 1068 (-4352 -2432 -288.299988 ) (-4096 -2432 -288.299988 ) (-4096 -2432 -166 ) (-4352 -2432 -166 ) 
4 1066 1067 (-4352 -2048 -288.299988 ) (-4352 -2432 -288.299988 ) (-4352 -2432 -166 ) (-4352 -2048 -166 ) 
4 1067 1068 (-4352.220215 -2432 -120 ) (-4352.220215 -2432 -288.299988 ) (-4352 -2432 -288.299988 ) (-4352 -2432 -120 ) 
