PRT1
795
2740
4 1 12 (4224.220215 3072 462.299988 ) (4096 3072 462.299988 ) (4096 3072 -160 ) (4224.220215 3072 -160 ) 
4 1 7 (4096 3072 -160 ) (4096 3072 462.299988 ) (4096 3584.250000 462.299988 ) (4096 3584.250000 -160 ) 
4 1 4 (4096 3072 -160 ) (4096 3584 -160 ) (4224 3584 -160 ) (4224 3072 -160 ) 
4 1 3 (4224 3584 -160 ) (4224.220215 3584 -160 ) (4224.220215 3072 -160 ) (4224 3072 -160 ) 
4 1 2 (4096 3584 -160 ) (4096 3584.250000 -160 ) (4224.220215 3584.250000 -160 ) (4224.220215 3584 -160 ) 
4 2 8 (4096 3584 -160 ) (4096 3584.250000 -160 ) (4096 3584.250000 -446.299988 ) (4096 3584 -446.299988 ) 
4 2 6 (4096 3584 -446.299988 ) (4224 3584 -446.299988 ) (4224 3584 -352 ) (4096 3584 -352 ) 
4 2 5 (4224 3584 -352 ) (4224 3584 -324 ) (4096 3584 -324 ) (4096 3584 -352 ) 
4 2 4 (4224 3584 -278 ) (4224 3584 -160 ) (4096 3584 -160 ) (4096 3584 -278 ) 
4 2 3 (4224 3584 -446.299988 ) (4224.220215 3584 -446.299988 ) (4224.220215 3584 -160 ) (4224 3584 -160 ) 
4 3 13 (4224.220215 3072 -160 ) (4224 3072 -160 ) (4224 3072 -446.299988 ) (4224.220215 3072 -446.299988 ) 
4 3 6 (4224 3584 -352 ) (4224 3584 -446.299988 ) (4224 3072 -446.299988 ) (4224 3072 -352 ) 
4 3 5 (4224 3584 -324 ) (4224 3584 -352 ) (4224 3072 -352 ) (4224 3072 -324 ) 
4 3 4 (4224 3584 -160 ) (4224 3584 -278 ) (4224 3072 -278 ) (4224 3072 -160 ) 
4 4 14 (4224 3072 -160 ) (4096 3072 -160 ) (4096 3072 -278 ) (4224 3072 -278 ) 
4 4 9 (4096 3072 -278 ) (4096 3072 -160 ) (4096 3584 -160 ) (4096 3584 -278 ) 
4 5 15 (4096 3072 -324 ) (4096 3072 -352 ) (4224 3072 -352 ) (4224 3072 -324 ) 
4 5 10 (4096 3072 -352 ) (4096 3072 -324 ) (4096 3584 -324 ) (4096 3584 -352 ) 
4 5 6 (4096 3072 -352 ) (4096 3584 -352 ) (4224 3584 -352 ) (4224 3072 -352 ) 
4 6 16 (4096 3072 -352 ) (4096 3072 -446.299988 ) (4224 3072 -446.299988 ) (4224 3072 -352 ) 
4 6 11 (4096 3072 -446.299988 ) (4096 3072 -352 ) (4096 3584 -352 ) (4096 3584 -446.299988 ) 
4 7 39 (3072 3072 -160 ) (3072 3072 462.299988 ) (3072 3584.250000 462.299988 ) (3072 3584.250000 -160 ) 
4 7 17 (4096 3072 -160 ) (4096 3072 462.299988 ) (3072 3072 462.299988 ) (3072 3072 -160 ) 
4 7 9 (4096 3072 -160 ) (3072 3072 -160 ) (3072 3584 -160 ) (4096 3584 -160 ) 
4 7 8 (3072 3584 -160 ) (3072 3584.250000 -160 ) (4096 3584.250000 -160 ) (4096 3584 -160 ) 
4 8 40 (3072 3584 -160 ) (3072 3584.250000 -160 ) (3072 3584.250000 -446.299988 ) (3072 3584 -446.299988 ) 
4 8 11 (3072 3584 -446.299988 ) (4096 3584 -446.299988 ) (4096 3584 -352 ) (3072 3584 -352 ) 
4 8 10 (4096 3584 -352 ) (4096 3584 -324 ) (3072 3584 -324 ) (3072 3584 -352 ) 
4 8 9 (4096 3584 -278 ) (4096 3584 -160 ) (3072 3584 -160 ) (3072 3584 -278 ) 
4 9 41 (3072 3072 -278 ) (3072 3072 -160 ) (3072 3584 -160 ) (3072 3584 -278 ) 
4 9 18 (4096 3072 -278 ) (4096 3072 -160 ) (3072 3072 -160 ) (3072 3072 -278 ) 
4 10 42 (3072 3072 -352 ) (3072 3072 -324 ) (3072 3584 -324 ) (3072 3584 -352 ) 
4 10 19 (4096 3072 -352 ) (4096 3072 -324 ) (3072 3072 -324 ) (3072 3072 -352 ) 
4 10 11 (4096 3072 -352 ) (3072 3072 -352 ) (3072 3584 -352 ) (4096 3584 -352 ) 
4 11 43 (3072 3072 -446.299988 ) (3072 3072 -352 ) (3072 3584 -352 ) (3072 3584 -446.299988 ) 
4 11 20 (4096 3072 -446.299988 ) (4096 3072 -352 ) (3072 3072 -352 ) (3072 3072 -446.299988 ) 
4 12 21 (4224.220215 2048 462.299988 ) (4096 2048 462.299988 ) (4096 2048 -160 ) (4224.220215 2048 -160 ) 
4 12 17 (4096 3072 462.299988 ) (4096 3072 -160 ) (4096 2048 -160 ) (4096 2048 462.299988 ) 
4 12 14 (4224 2048 -160 ) (4096 2048 -160 ) (4096 3072 -160 ) (4224 3072 -160 ) 
4 12 13 (4224.220215 2048 -160 ) (4224 2048 -160 ) (4224 3072 -160 ) (4224.220215 3072 -160 ) 
4 13 22 (4224.220215 2048 -160 ) (4224 2048 -160 ) (4224 2048 -446.299988 ) (4224.220215 2048 -446.299988 ) 
4 13 16 (4224 3072 -446.299988 ) (4224 2048 -446.299988 ) (4224 2048 -352 ) (4224 3072 -352 ) 
4 13 15 (4224 2048 -352 ) (4224 2048 -324 ) (4224 3072 -324 ) (4224 3072 -352 ) 
4 13 14 (4224 2048 -278 ) (4224 2048 -160 ) (4224 3072 -160 ) (4224 3072 -278 ) 
4 14 23 (4224 2048 -160 ) (4096 2048 -160 ) (4096 2048 -278 ) (4224 2048 -278 ) 
4 14 18 (4096 3072 -160 ) (4096 3072 -278 ) (4096 2048 -278 ) (4096 2048 -160 ) 
4 15 24 (4096 2048 -324 ) (4096 2048 -352 ) (4224 2048 -352 ) (4224 2048 -324 ) 
4 15 19 (4096 3072 -324 ) (4096 3072 -352 ) (4096 2048 -352 ) (4096 2048 -324 ) 
4 15 16 (4096 2048 -352 ) (4096 3072 -352 ) (4224 3072 -352 ) (4224 2048 -352 ) 
4 16 25 (4096 2048 -352 ) (4096 2048 -446.299988 ) (4224 2048 -446.299988 ) (4224 2048 -352 ) 
4 16 20 (4096 3072 -352 ) (4096 3072 -446.299988 ) (4096 2048 -446.299988 ) (4096 2048 -352 ) 
4 17 54 (3072 2048 -160 ) (3072 2048 462.299988 ) (3072 3072 462.299988 ) (3072 3072 -160 ) 
4 17 26 (3072 2048 462.299988 ) (3072 2048 -160 ) (4096 2048 -160 ) (4096 2048 462.299988 ) 
4 17 18 (4096 2048 -160 ) (3072 2048 -160 ) (3072 3072 -160 ) (4096 3072 -160 ) 
4 18 55 (3072 2048 -278 ) (3072 2048 -160 ) (3072 3072 -160 ) (3072 3072 -278 ) 
4 18 27 (3072 2048 -160 ) (3072 2048 -278 ) (4096 2048 -278 ) (4096 2048 -160 ) 
4 19 56 (3072 2048 -352 ) (3072 2048 -324 ) (3072 3072 -324 ) (3072 3072 -352 ) 
4 19 28 (3072 2048 -324 ) (3072 2048 -352 ) (4096 2048 -352 ) (4096 2048 -324 ) 
4 19 20 (3072 2048 -352 ) (3072 3072 -352 ) (4096 3072 -352 ) (4096 2048 -352 ) 
4 20 57 (3072 2048 -446.299988 ) (3072 2048 -352 ) (3072 3072 -352 ) (3072 3072 -446.299988 ) 
4 20 29 (3072 2048 -352 ) (3072 2048 -446.299988 ) (4096 2048 -446.299988 ) (4096 2048 -352 ) 
4 21 30 (4224.220215 1024 462.299988 ) (4096 1024 462.299988 ) (4096 1024 -160 ) (4224.220215 1024 -160 ) 
4 21 26 (4096 2048 462.299988 ) (4096 2048 -160 ) (4096 1024 -160 ) (4096 1024 462.299988 ) 
4 21 23 (4096 1024 -160 ) (4096 2048 -160 ) (4224 2048 -160 ) (4224 1024 -160 ) 
4 21 22 (4224 2048 -160 ) (4224.220215 2048 -160 ) (4224.220215 1024 -160 ) (4224 1024 -160 ) 
4 22 31 (4224.220215 1024 -160 ) (4224 1024 -160 ) (4224 1024 -446.299988 ) (4224.220215 1024 -446.299988 ) 
4 22 25 (4224 2048 -446.299988 ) (4224 1024 -446.299988 ) (4224 1024 -352 ) (4224 2048 -352 ) 
4 22 24 (4224 1024 -352 ) (4224 1024 -324 ) (4224 2048 -324 ) (4224 2048 -352 ) 
4 22 23 (4224 1024 -278 ) (4224 1024 -160 ) (4224 2048 -160 ) (4224 2048 -278 ) 
4 23 32 (4224 1024 -160 ) (4096 1024 -160 ) (4096 1024 -278 ) (4224 1024 -278 ) 
4 23 27 (4096 2048 -160 ) (4096 2048 -278 ) (4096 1024 -278 ) (4096 1024 -160 ) 
4 24 33 (4096 1024 -324 ) (4096 1024 -352 ) (4224 1024 -352 ) (4224 1024 -324 ) 
4 24 28 (4096 2048 -324 ) (4096 2048 -352 ) (4096 1024 -352 ) (4096 1024 -324 ) 
4 24 25 (4096 1024 -352 ) (4096 2048 -352 ) (4224 2048 -352 ) (4224 1024 -352 ) 
4 25 34 (4096 1024 -352 ) (4096 1024 -446.299988 ) (4224 1024 -446.299988 ) (4224 1024 -352 ) 
4 25 29 (4096 2048 -352 ) (4096 2048 -446.299988 ) (4096 1024 -446.299988 ) (4096 1024 -352 ) 
4 26 66 (3072 1024 -160 ) (3072 1024 462.299988 ) (3072 2048 462.299988 ) (3072 2048 -160 ) 
4 26 35 (3072 1024 462.299988 ) (3072 1024 -160 ) (4096 1024 -160 ) (4096 1024 462.299988 ) 
4 26 27 (4096 1024 -160 ) (3072 1024 -160 ) (3072 2048 -160 ) (4096 2048 -160 ) 
4 27 67 (3072 1024 -278 ) (3072 1024 -160 ) (3072 2048 -160 ) (3072 2048 -278 ) 
4 27 36 (3072 1024 -160 ) (3072 1024 -278 ) (4096 1024 -278 ) (4096 1024 -160 ) 
4 28 68 (3072 1024 -352 ) (3072 1024 -324 ) (3072 2048 -324 ) (3072 2048 -352 ) 
4 28 37 (3072 1024 -324 ) (3072 1024 -352 ) (4096 1024 -352 ) (4096 1024 -324 ) 
4 28 29 (4096 2048 -352 ) (4096 1024 -352 ) (3072 1024 -352 ) (3072 2048 -352 ) 
4 29 69 (3072 1024 -446.299988 ) (3072 1024 -352 ) (3072 2048 -352 ) (3072 2048 -446.299988 ) 
4 29 38 (3072 1024 -352 ) (3072 1024 -446.299988 ) (4096 1024 -446.299988 ) (4096 1024 -352 ) 
4 30 490 (4224.220215 0 462.299988 ) (4096 0 462.299988 ) (4096 0 -160 ) (4224.220215 0 -160 ) 
4 30 35 (4096 1024 462.299988 ) (4096 1024 -160 ) (4096 0 -160 ) (4096 0 462.299988 ) 
4 30 32 (4096 0 -160 ) (4096 1024 -160 ) (4224 1024 -160 ) (4224 0 -160 ) 
4 30 31 (4224 1024 -160 ) (4224.220215 1024 -160 ) (4224.220215 0 -160 ) (4224 0 -160 ) 
4 31 491 (4224.220215 0 -160 ) (4224 0 -160 ) (4224 0 -446.299988 ) (4224.220215 0 -446.299988 ) 
4 31 34 (4224 1024 -446.299988 ) (4224 0 -446.299988 ) (4224 0 -352 ) (4224 1024 -352 ) 
4 31 33 (4224 0 -352 ) (4224 0 -324 ) (4224 1024 -324 ) (4224 1024 -352 ) 
4 31 32 (4224 0 -278 ) (4224 0 -160 ) (4224 1024 -160 ) (4224 1024 -278 ) 
4 32 492 (4224 0 -160 ) (4096 0 -160 ) (4096 0 -278 ) (4224 0 -278 ) 
4 32 36 (4096 1024 -160 ) (4096 1024 -278 ) (4096 0 -278 ) (4096 0 -160 ) 
4 33 493 (4096 0 -324 ) (4096 0 -352 ) (4224 0 -352 ) (4224 0 -324 ) 
4 33 37 (4096 1024 -324 ) (4096 1024 -352 ) (4096 0 -352 ) (4096 0 -324 ) 
4 33 34 (4096 0 -352 ) (4096 1024 -352 ) (4224 1024 -352 ) (4224 0 -352 ) 
4 34 494 (4096 0 -352 ) (4096 0 -446.299988 ) (4224 0 -446.299988 ) (4224 0 -352 ) 
4 34 38 (4096 1024 -352 ) (4096 1024 -446.299988 ) (4096 0 -446.299988 ) (4096 0 -352 ) 
4 35 495 (4096 0 -160 ) (4096 0 462.299988 ) (3072 0 462.299988 ) (3072 0 -160 ) 
4 35 73 (3072 397.838043 -102 ) (3072 603.623474 -102 ) (3072 603.627625 -160 ) (3072 397.849609 -160 ) 
4 35 72 (3072 0 -160 ) (3072 0 -102 ) (3072 397.838043 -102 ) (3072 397.849609 -160 ) 
4 35 71 (3072 603.623474 -102 ) (3072 1024 -102 ) (3072 1024 -160 ) (3072 603.627625 -160 ) 
4 35 70 (3072 0 -102 ) (3072 0 462.299988 ) (3072 1024 462.299988 ) (3072 1024 -102 ) 
4 35 36 (4096 0 -160 ) (3072 0 -160 ) (3072 1024 -160 ) (4096 1024 -160 ) 
4 36 496 (4096 0 -278 ) (4096 0 -160 ) (3072 0 -160 ) (3072 0 -278 ) 
4 36 379 (3072 0 -278 ) (3072 0 -160 ) (3072 1024 -160 ) (3072 1024 -278 ) 
4 37 497 (4096 0 -352 ) (4096 0 -324 ) (3072 0 -324 ) (3072 0 -352 ) 
4 37 472 (3072 0 -352 ) (3072 0 -327 ) (3072 1024 -327 ) (3072 1024 -352 ) 
4 37 415 (3072 0 -327 ) (3072 0 -324 ) (3072 1024 -324 ) (3072 1024 -327 ) 
4 37 38 (3072 0 -352 ) (3072 1024 -352 ) (4096 1024 -352 ) (4096 0 -352 ) 
4 38 498 (4096 0 -446.299988 ) (4096 0 -352 ) (3072 0 -352 ) (3072 0 -446.299988 ) 
4 38 473 (3072 0 -446.299988 ) (3072 0 -352 ) (3072 1024 -352 ) (3072 1024 -446.299988 ) 
4 39 54 (3072 3072 -160 ) (3072 3072 462.299988 ) (2048 3072 462.299988 ) (2048 3072 -160 ) 
4 39 44 (2048 3072 -160 ) (2048 3072 462.299988 ) (2048 3584.250000 462.299988 ) (2048 3584.250000 -160 ) 
4 39 41 (3072 3072 -160 ) (2048 3072 -160 ) (2048 3584 -160 ) (3072 3584 -160 ) 
4 39 40 (2048 3584 -160 ) (2048 3584.250000 -160 ) (3072 3584.250000 -160 ) (3072 3584 -160 ) 
4 40 45 (2048 3584 -160 ) (2048 3584.250000 -160 ) (2048 3584.250000 -446.299988 ) (2048 3584 -446.299988 ) 
4 40 43 (2048 3584 -446.299988 ) (3072 3584 -446.299988 ) (3072 3584 -352 ) (2048 3584 -352 ) 
4 40 42 (3072 3584 -352 ) (3072 3584 -324 ) (2048 3584 -324 ) (2048 3584 -352 ) 
4 40 41 (3072 3584 -278 ) (3072 3584 -160 ) (2048 3584 -160 ) (2048 3584 -278 ) 
4 41 55 (3072 3072 -278 ) (3072 3072 -160 ) (2048 3072 -160 ) (2048 3072 -278 ) 
4 41 46 (2048 3072 -278 ) (2048 3072 -160 ) (2048 3584 -160 ) (2048 3584 -278 ) 
4 42 56 (3072 3072 -352 ) (3072 3072 -324 ) (2048 3072 -324 ) (2048 3072 -352 ) 
4 42 47 (2048 3072 -352 ) (2048 3072 -324 ) (2048 3584 -324 ) (2048 3584 -352 ) 
4 42 43 (3072 3072 -352 ) (2048 3072 -352 ) (2048 3584 -352 ) (3072 3584 -352 ) 
4 43 57 (3072 3072 -446.299988 ) (3072 3072 -352 ) (2048 3072 -352 ) (2048 3072 -446.299988 ) 
4 43 48 (2048 3072 -446.299988 ) (2048 3072 -352 ) (2048 3584 -352 ) (2048 3584 -446.299988 ) 
4 44 58 (2048 3072 -160 ) (2048 3072 462.299988 ) (1024 3072 462.299988 ) (1024 3072 -160 ) 
4 44 49 (1024 3072 -160 ) (1024 3072 462.299988 ) (1024 3584.250000 462.299988 ) (1024 3584.250000 -160 ) 
4 44 46 (2048 3072 -160 ) (1024 3072 -160 ) (1024 3584 -160 ) (2048 3584 -160 ) 
4 44 45 (1024 3584 -160 ) (1024 3584.250000 -160 ) (2048 3584.250000 -160 ) (2048 3584 -160 ) 
4 45 50 (1024 3584 -160 ) (1024 3584.250000 -160 ) (1024 3584.250000 -446.299988 ) (1024 3584 -446.299988 ) 
4 45 48 (1024 3584 -446.299988 ) (2048 3584 -446.299988 ) (2048 3584 -352 ) (1024 3584 -352 ) 
4 45 47 (2048 3584 -352 ) (2048 3584 -324 ) (1024 3584 -324 ) (1024 3584 -352 ) 
4 45 46 (2048 3584 -278 ) (2048 3584 -160 ) (1024 3584 -160 ) (1024 3584 -278 ) 
4 46 59 (2048 3072 -278 ) (2048 3072 -160 ) (1024 3072 -160 ) (1024 3072 -278 ) 
4 46 51 (1024 3072 -278 ) (1024 3072 -160 ) (1024 3584 -160 ) (1024 3584 -278 ) 
4 47 60 (2048 3072 -352 ) (2048 3072 -324 ) (1024 3072 -324 ) (1024 3072 -352 ) 
4 47 52 (1024 3072 -352 ) (1024 3072 -324 ) (1024 3584 -324 ) (1024 3584 -352 ) 
4 47 48 (2048 3072 -352 ) (1024 3072 -352 ) (1024 3584 -352 ) (2048 3584 -352 ) 
4 48 61 (2048 3072 -446.299988 ) (2048 3072 -352 ) (1024 3072 -352 ) (1024 3072 -446.299988 ) 
4 48 53 (1024 3072 -446.299988 ) (1024 3072 -352 ) (1024 3584 -352 ) (1024 3584 -446.299988 ) 
4 49 611 (0 3072 -160 ) (0 3072 462.299988 ) (0 3584.250000 462.299988 ) (0 3584.250000 -160 ) 
4 49 62 (1024 3072 -160 ) (1024 3072 462.299988 ) (0 3072 462.299988 ) (0 3072 -160 ) 
4 49 51 (1024 3072 -160 ) (0 3072 -160 ) (0 3584 -160 ) (1024 3584 -160 ) 
4 49 50 (0 3584 -160 ) (0 3584.250000 -160 ) (1024 3584.250000 -160 ) (1024 3584 -160 ) 
4 50 612 (0 3584 -160 ) (0 3584.250000 -160 ) (0 3584.250000 -446.299988 ) (0 3584 -446.299988 ) 
4 50 53 (0 3584 -446.299988 ) (1024 3584 -446.299988 ) (1024 3584 -352 ) (0 3584 -352 ) 
4 50 52 (1024 3584 -352 ) (1024 3584 -324 ) (0 3584 -324 ) (0 3584 -352 ) 
4 50 51 (1024 3584 -278 ) (1024 3584 -160 ) (0 3584 -160 ) (0 3584 -278 ) 
4 51 613 (0 3072 -278 ) (0 3072 -160 ) (0 3584 -160 ) (0 3584 -278 ) 
4 51 63 (1024 3072 -278 ) (1024 3072 -160 ) (0 3072 -160 ) (0 3072 -278 ) 
4 52 614 (0 3072 -352 ) (0 3072 -324 ) (0 3584 -324 ) (0 3584 -352 ) 
4 52 64 (1024 3072 -352 ) (1024 3072 -324 ) (0 3072 -324 ) (0 3072 -352 ) 
4 52 53 (1024 3072 -352 ) (0 3072 -352 ) (0 3584 -352 ) (1024 3584 -352 ) 
4 53 615 (0 3072 -446.299988 ) (0 3072 -352 ) (0 3584 -352 ) (0 3584 -446.299988 ) 
4 53 65 (1024 3072 -446.299988 ) (1024 3072 -352 ) (0 3072 -352 ) (0 3072 -446.299988 ) 
4 54 66 (3072 2048 -160 ) (3072 2048 462.299988 ) (2048 2048 462.299988 ) (2048 2048 -160 ) 
4 54 58 (2048 2048 -160 ) (2048 2048 462.299988 ) (2048 3072 462.299988 ) (2048 3072 -160 ) 
4 54 55 (2048 2048 -160 ) (2048 3072 -160 ) (3072 3072 -160 ) (3072 2048 -160 ) 
4 55 67 (3072 2048 -278 ) (3072 2048 -160 ) (2048 2048 -160 ) (2048 2048 -278 ) 
4 55 59 (2048 2048 -278 ) (2048 2048 -160 ) (2048 3072 -160 ) (2048 3072 -278 ) 
4 56 68 (3072 2048 -352 ) (3072 2048 -324 ) (2048 2048 -324 ) (2048 2048 -352 ) 
4 56 60 (2048 2048 -352 ) (2048 2048 -324 ) (2048 3072 -324 ) (2048 3072 -352 ) 
4 56 57 (3072 2048 -352 ) (2048 2048 -352 ) (2048 3072 -352 ) (3072 3072 -352 ) 
4 57 69 (3072 2048 -446.299988 ) (3072 2048 -352 ) (2048 2048 -352 ) (2048 2048 -446.299988 ) 
4 57 61 (2048 2048 -446.299988 ) (2048 2048 -352 ) (2048 3072 -352 ) (2048 3072 -446.299988 ) 
4 58 474 (2048 2048 -160 ) (2048 2048 462.299988 ) (1024 2048 462.299988 ) (1024 2048 -160 ) 
4 58 62 (1024 3072 462.299988 ) (1024 3072 -160 ) (1024 2048 -160 ) (1024 2048 462.299988 ) 
4 58 59 (1024 2048 -160 ) (1024 3072 -160 ) (2048 3072 -160 ) (2048 2048 -160 ) 
4 59 475 (2048 2048 -278 ) (2048 2048 -160 ) (1024 2048 -160 ) (1024 2048 -278 ) 
4 59 63 (1024 3072 -160 ) (1024 3072 -278 ) (1024 2048 -278 ) (1024 2048 -160 ) 
4 60 476 (2048 2048 -352 ) (2048 2048 -324 ) (1024 2048 -324 ) (1024 2048 -352 ) 
4 60 64 (1024 3072 -324 ) (1024 3072 -352 ) (1024 2048 -352 ) (1024 2048 -324 ) 
4 60 61 (2048 2048 -352 ) (1024 2048 -352 ) (1024 3072 -352 ) (2048 3072 -352 ) 
4 61 477 (2048 2048 -446.299988 ) (2048 2048 -352 ) (1024 2048 -352 ) (1024 2048 -446.299988 ) 
4 61 65 (1024 3072 -352 ) (1024 3072 -446.299988 ) (1024 2048 -446.299988 ) (1024 2048 -352 ) 
4 62 626 (0 2048 -160 ) (0 2048 462.299988 ) (0 3072 462.299988 ) (0 3072 -160 ) 
4 62 478 (0 2048 462.299988 ) (0 2048 -160 ) (1024 2048 -160 ) (1024 2048 462.299988 ) 
4 62 63 (1024 2048 -160 ) (0 2048 -160 ) (0 3072 -160 ) (1024 3072 -160 ) 
4 63 627 (0 2048 -278 ) (0 2048 -160 ) (0 3072 -160 ) (0 3072 -278 ) 
4 63 479 (0 2048 -160 ) (0 2048 -278 ) (1024 2048 -278 ) (1024 2048 -160 ) 
4 64 628 (0 2048 -352 ) (0 2048 -324 ) (0 3072 -324 ) (0 3072 -352 ) 
4 64 480 (0 2048 -324 ) (0 2048 -352 ) (1024 2048 -352 ) (1024 2048 -324 ) 
4 64 65 (0 2048 -352 ) (0 3072 -352 ) (1024 3072 -352 ) (1024 2048 -352 ) 
4 65 629 (0 2048 -446.299988 ) (0 2048 -352 ) (0 3072 -352 ) (0 3072 -446.299988 ) 
4 65 481 (0 2048 -352 ) (0 2048 -446.299988 ) (1024 2048 -446.299988 ) (1024 2048 -352 ) 
4 66 474 (2048 2048 462.299988 ) (2048 2048 -160 ) (2048 1024 -160 ) (2048 1024 462.299988 ) 
4 66 71 (3072 1024 -160 ) (3072 1024 -102 ) (2048 1024 -102 ) (2048 1024 -160 ) 
4 66 70 (3072 1024 -102 ) (3072 1024 462.299988 ) (2048 1024 462.299988 ) (2048 1024 -102 ) 
4 66 67 (3072 1024 -160 ) (2048 1024 -160 ) (2048 2048 -160 ) (3072 2048 -160 ) 
4 67 475 (2048 2048 -160 ) (2048 2048 -278 ) (2048 1024 -278 ) (2048 1024 -160 ) 
4 67 440 (2269.406738 1024 -160 ) (2256.250000 1024 -160 ) (2256.250000 1024 -278 ) (2269.406738 1024 -278 ) 
4 67 439 (2375 1024 -160 ) (2269.406738 1024 -160 ) (2269.406738 1024 -278 ) (2375 1024 -278 ) 
4 67 446 (2256.250000 1024 -160 ) (2048 1024 -160 ) (2048 1024 -278 ) (2256.250000 1024 -278 ) 
4 67 427 (2388.166748 1024 -160 ) (2375 1024 -160 ) (2375 1024 -278 ) (2388.166748 1024 -278 ) 
4 67 425 (2477 1024 -160 ) (2388.166748 1024 -160 ) (2388.166748 1024 -278 ) (2477 1024 -278 ) 
4 67 423 (2477 1024 -275 ) (2477 1024 -278 ) (2522.840332 1024 -278 ) (2522.840332 1024 -275 ) 
4 67 417 (2490.163330 1024 -160 ) (2477 1024 -160 ) (2477 1024 -275 ) (2490.163330 1024 -275 ) 
4 67 416 (2522.840332 1024 -160 ) (2490.163330 1024 -160 ) (2490.163330 1024 -275 ) (2522.840332 1024 -275 ) 
4 67 408 (2535.989990 1024 -160 ) (2522.840332 1024 -160 ) (2522.840332 1024 -278 ) (2535.989990 1024 -278 ) 
4 67 407 (2579.013428 1024 -160 ) (2535.989990 1024 -160 ) (2535.989990 1024 -278 ) (2579.013428 1024 -278 ) 
4 67 401 (2592.159912 1024 -160 ) (2579.013428 1024 -160 ) (2579.013428 1024 -278 ) (2592.159912 1024 -278 ) 
4 67 400 (2628.843506 1024 -160 ) (2592.159912 1024 -160 ) (2592.159912 1024 -278 ) (2628.843506 1024 -278 ) 
4 67 394 (2642 1024 -160 ) (2628.843506 1024 -160 ) (2628.843506 1024 -278 ) (2642 1024 -278 ) 
4 67 393 (2682 1024 -160 ) (2642 1024 -160 ) (2642 1024 -278 ) (2682 1024 -278 ) 
4 67 387 (2695.156738 1024 -160 ) (2682 1024 -160 ) (2682 1024 -278 ) (2695.156738 1024 -278 ) 
4 67 386 (2727.830078 1024 -160 ) (2695.156738 1024 -160 ) (2695.156738 1024 -278 ) (2727.830078 1024 -278 ) 
4 67 380 (2741 1024 -160 ) (2727.830078 1024 -160 ) (2727.830078 1024 -278 ) (2741 1024 -278 ) 
4 67 379 (3072 1024 -278 ) (3072 1024 -160 ) (2741 1024 -160 ) (2741 1024 -278 ) 
4 68 476 (2048 2048 -324 ) (2048 2048 -352 ) (2048 1024 -352 ) (2048 1024 -324 ) 
4 68 472 (3072 1024 -352 ) (3072 1024 -327 ) (2048 1024 -327 ) (2048 1024 -352 ) 
4 68 447 (2375 1024 -324 ) (2048 1024 -324 ) (2048 1024 -327 ) (2375 1024 -327 ) 
4 68 428 (2388.166748 1024 -324 ) (2375 1024 -324 ) (2375 1024 -327 ) (2388.166748 1024 -327 ) 
4 68 426 (2477 1024 -324 ) (2388.166748 1024 -324 ) (2388.166748 1024 -327 ) (2477 1024 -327 ) 
4 68 424 (2522.840332 1024 -324 ) (2477 1024 -324 ) (2477 1024 -327 ) (2522.840332 1024 -327 ) 
4 68 415 (3072 1024 -327 ) (3072 1024 -324 ) (2522.840332 1024 -324 ) (2522.840332 1024 -327 ) 
4 68 69 (2048 1024 -352 ) (2048 2048 -352 ) (3072 2048 -352 ) (3072 1024 -352 ) 
4 69 477 (2048 2048 -352 ) (2048 2048 -446.299988 ) (2048 1024 -446.299988 ) (2048 1024 -352 ) 
4 69 473 (3072 1024 -446.299988 ) (3072 1024 -352 ) (2048 1024 -352 ) (2048 1024 -446.299988 ) 
4 70 528 (3072 0 -102 ) (3072 0 462.299988 ) (2048 0 462.299988 ) (2048 0 -102 ) 
4 70 482 (2048 0 -102 ) (2048 0 462.299988 ) (2048 1024 462.299988 ) (2048 1024 -102 ) 
3 70 374 (2375 238.868454 -102 ) (2341.106934 331.998413 -102 ) (2375 344.338043 -102 ) 
3 70 370 (2461.882080 187 -102 ) (2433.245605 178.790863 -102 ) (2426.350830 187 -102 ) 
4 70 363 (2422.836914 191.183731 -102 ) (2375 248.139297 -102 ) (2375 268.438599 -102 ) (2422.836914 211.618881 -102 ) 
3 70 362 (2436 187 -102 ) (2431.802734 187 -102 ) (2436 190.533493 -102 ) 
3 70 361 (2422.836914 196.662231 -102 ) (2422.836914 200.164337 -102 ) (2427.020508 200.164337 -102 ) 
3 70 360 (2422.836914 200.164337 -102 ) (2422.836914 211.618881 -102 ) (2432.480469 200.164337 -102 ) 
3 70 358 (2443.563721 187 -102 ) (2436 187 -102 ) (2436 195.984039 -102 ) 
5 70 344 (2440.363525 368.135254 -102 ) (2489.992188 195.058243 -102 ) (2461.882080 187 -102 ) (2443.931885 187 -102 ) (2385.298340 348.087433 -102 ) 
5 70 342 (2443.931885 187 -102 ) (2443.563721 187 -102 ) (2375 268.438599 -102 ) (2375 317.841339 -102 ) (2396.307373 317.841339 -102 ) 
3 70 341 (2388.166748 321.354797 -102 ) (2388.166748 317.841339 -102 ) (2383.986816 317.841339 -102 ) 
3 70 340 (2375 327.478973 -102 ) (2375 331 -102 ) (2379.199951 331 -102 ) 
3 70 339 (2384.635742 331 -102 ) (2388.166748 331 -102 ) (2388.166748 326.807800 -102 ) 
3 70 338 (2375 317.841339 -102 ) (2375 322.040039 -102 ) (2378.519043 317.841339 -102 ) 
5 70 337 (2375 331 -102 ) (2375 344.338043 -102 ) (2385.298340 348.087433 -102 ) (2388.166748 340.206787 -102 ) (2388.166748 331 -102 ) 
3 70 336 (2388.166748 340.206787 -102 ) (2396.307373 317.841339 -102 ) (2388.166748 317.841339 -102 ) 
4 70 332 (2489.992188 195.058243 -102 ) (2490.371094 193.737000 -102 ) (2437.007813 174.311600 -102 ) (2433.245605 178.790863 -102 ) 
4 70 327 (2437.007813 174.311600 -102 ) (2403 161.931885 -102 ) (2375 238.868454 -102 ) (2375 248.139297 -102 ) 
5 70 324 (2413.906738 361.536377 -102 ) (2440.101807 369.048248 -102 ) (2440.363525 368.135254 -102 ) (2341.106934 331.998413 -102 ) (2340.130371 334.681580 -102 ) 
4 70 321 (2490.371094 193.737000 -102 ) (2490.970703 191.646332 -102 ) (2403.740234 159.897446 -102 ) (2403 161.931885 -102 ) 
4 70 320 (2339.289307 336.992828 -102 ) (2380.074463 351.834412 -102 ) (2413.906738 361.536377 -102 ) (2340.130371 334.681580 -102 ) 
4 70 256 (2232.157715 298.007965 -102 ) (2339.289307 336.992828 -102 ) (2403.740234 159.897446 -102 ) (2296.619873 120.909348 -102 ) 
4 70 252 (2212.409180 290.821564 -102 ) (2232.157715 298.007965 -102 ) (2296.619873 120.909348 -102 ) (2276.886475 113.727097 -102 ) 
4 70 248 (2490.970703 191.646332 -102 ) (2491.843018 188.604462 -102 ) (2277.968994 110.753784 -102 ) (2276.886475 113.727097 -102 ) 
3 70 247 (2380.074463 351.834412 -102 ) (2438.899658 373.240692 -102 ) (2440.101807 369.048248 -102 ) 
3 70 245 (2682 435.036499 -102 ) (2676.114258 442.072571 -102 ) (2682 444.214813 -102 ) 
4 70 243 (2695.156738 430.842346 -102 ) (2695.156738 428.783661 -102 ) (2689.080566 426.572113 -102 ) (2685.508545 430.842346 -102 ) 
3 70 240 (2682 440.477997 -102 ) (2682 444 -102 ) (2686.189941 444 -102 ) 
3 70 239 (2695.156738 434.360596 -102 ) (2695.156738 430.842346 -102 ) (2690.978271 430.842346 -102 ) 
4 70 237 (2689.231201 446.846741 -102 ) (2691.631348 444 -102 ) (2682 444 -102 ) (2682 444.214813 -102 ) 
4 70 235 (2695.156738 439.818695 -102 ) (2697.819580 436.660400 -102 ) (2700.040283 430.561127 -102 ) (2695.156738 428.783661 -102 ) 
3 70 234 (2700.040283 430.561127 -102 ) (2711.059082 400.298431 -102 ) (2689.080566 426.572113 -102 ) 
4 70 233 (2669.568848 449.897278 -102 ) (2684.349365 452.636993 -102 ) (2689.231201 446.846741 -102 ) (2676.114258 442.072571 -102 ) 
3 70 227 (2477 240.368423 -102 ) (2441.272949 364.964417 -102 ) (2477 380.499969 -102 ) 
4 70 222 (2526.580811 208.913208 -102 ) (2489.853027 195.544235 -102 ) (2477 240.368423 -102 ) (2477 345.125916 -102 ) 
3 70 218 (2565.280273 223 -102 ) (2535.432129 212.135162 -102 ) (2526.350098 223 -102 ) 
4 70 216 (2522.840332 227.198746 -102 ) (2517.676270 233.376526 -102 ) (2517.362305 234.239349 -102 ) (2522.840332 236.233231 -102 ) 
3 70 213 (2535.989990 223 -102 ) (2531.793457 223 -102 ) (2535.989990 226.522964 -102 ) 
3 70 212 (2522.840332 232.654251 -102 ) (2522.840332 236.167343 -102 ) (2527.031494 236.167343 -102 ) 
4 70 210 (2522.840332 236.167343 -102 ) (2522.840332 236.233231 -102 ) (2530.153076 238.894897 -102 ) (2532.461914 236.167343 -102 ) 
4 70 208 (2542.030518 223 -102 ) (2535.989990 223 -102 ) (2535.989990 232 -102 ) (2543.236816 223.439133 -102 ) 
3 70 207 (2543.608643 223 -102 ) (2542.030518 223 -102 ) (2543.236816 223.439133 -102 ) 
3 70 206 (2517.362305 234.239349 -102 ) (2504.740479 268.914703 -102 ) (2530.153076 238.894897 -102 ) 
6 70 193 (2534.587158 402.106384 -102 ) (2605.501221 239.028732 -102 ) (2585.889648 230.501831 -102 ) (2565.280273 223 -102 ) (2545.888184 223 -102 ) (2487 384.784454 -102 ) 
3 70 191 (2477 365.483002 -102 ) (2477 369 -102 ) (2481.178711 369 -102 ) 
3 70 190 (2486.659912 369 -102 ) (2490.163330 369 -102 ) (2490.163330 364.804962 -102 ) 
3 70 189 (2490.163330 359.366333 -102 ) (2490.163330 355.838348 -102 ) (2485.971924 355.838348 -102 ) 
3 70 188 (2477 355.838348 -102 ) (2477 360.044983 -102 ) (2480.524658 355.838348 -102 ) 
6 70 187 (2477 369 -102 ) (2477 380.499969 -102 ) (2486.095947 384.455261 -102 ) (2487 384.784454 -102 ) (2490.163330 376.094421 -102 ) (2490.163330 369 -102 ) 
4 70 192 (2490.163330 308.962402 -102 ) (2477 345.125916 -102 ) (2477 355.838348 -102 ) (2490.163330 355.838348 -102 ) 
5 70 186 (2545.888184 223 -102 ) (2543.608643 223 -102 ) (2504.740479 268.914703 -102 ) (2490.163330 308.962402 -102 ) (2490.163330 376.094421 -102 ) 
3 70 183 (2535.432129 212.135162 -102 ) (2526.580811 208.913208 -102 ) (2517.676270 233.376526 -102 ) 
3 70 180 (2533.331055 404.994995 -102 ) (2534.587158 402.106384 -102 ) (2486.095947 384.455261 -102 ) 
4 70 175 (2438.899658 373.240692 -102 ) (2532.351563 407.247467 -102 ) (2533.331055 404.994995 -102 ) (2441.272949 364.964417 -102 ) 
3 70 174 (2605.501221 239.028732 -102 ) (2606.022461 237.830261 -102 ) (2585.889648 230.501831 -102 ) 
4 70 170 (2606.022461 237.830261 -102 ) (2608.899902 231.213425 -102 ) (2491.843018 188.604462 -102 ) (2489.853027 195.544235 -102 ) 
3 70 164 (2579.013428 299.941681 -102 ) (2534.376221 402.591553 -102 ) (2579.013428 418.839813 -102 ) 
3 70 160 (2671.049805 261 -102 ) (2637.533447 254.787369 -102 ) (2632.350098 261 -102 ) 
4 70 156 (2592.159912 309.170807 -102 ) (2579.013428 324.927795 -102 ) (2579.013428 391.836029 -102 ) (2592.159912 391.836029 -102 ) 
3 70 152 (2592.159912 395.347046 -102 ) (2592.159912 391.836029 -102 ) (2587.985352 391.836029 -102 ) 
3 70 151 (2579.013428 391.836029 -102 ) (2579.013428 396.007843 -102 ) (2582.518311 391.836029 -102 ) 
3 70 150 (2588.650635 405 -102 ) (2592.159912 405 -102 ) (2592.159912 400.809723 -102 ) 
4 70 148 (2583.193848 405 -102 ) (2590.037598 410.742950 -102 ) (2592.159912 411.515442 -102 ) (2592.159912 405 -102 ) 
3 70 147 (2590.037598 410.742950 -102 ) (2592.159912 412.523956 -102 ) (2592.159912 411.515442 -102 ) 
3 70 145 (2619.749023 276.103424 -102 ) (2592.159912 309.170807 -102 ) (2592.159912 351.909088 -102 ) 
10 70 132 (2658.903320 447.920319 -102 ) (2669.568848 449.897278 -102 ) (2711.059082 400.298431 -102 ) (2727.830078 354.237579 -102 ) (2727.830078 280.388062 -102 ) (2678.215576 262.328247 -102 ) (2671.049805 261 -102 ) (2647.776367 261 -102 ) (2592.514404 412.821411 -102 ) (2615.523926 432.129883 -102 ) 
3 70 130 (2638.480957 274.166687 -102 ) (2642 274.166687 -102 ) (2642 269.978973 -102 ) 
3 70 129 (2628.843506 270.655182 -102 ) (2628.843506 274.166687 -102 ) (2633.039307 274.166687 -102 ) 
3 70 128 (2642 261 -102 ) (2637.805908 261 -102 ) (2642 264.521820 -102 ) 
4 70 127 (2628.843506 274.166687 -102 ) (2628.843506 313.014313 -102 ) (2642 276.869446 -102 ) (2642 274.166687 -102 ) 
3 70 126 (2647.776367 261 -102 ) (2642 261 -102 ) (2642 276.869446 -102 ) 
6 70 131 (2628.843506 265.202942 -102 ) (2619.749023 276.103424 -102 ) (2592.159912 351.909088 -102 ) (2592.159912 412.523956 -102 ) (2592.514404 412.821411 -102 ) (2628.843506 313.014313 -102 ) 
3 70 121 (2579.013428 401.492065 -102 ) (2579.013428 418.839813 -102 ) (2615.523926 432.129883 -102 ) 
3 70 117 (2678.215576 262.328247 -102 ) (2642.184326 249.212860 -102 ) (2637.533447 254.787369 -102 ) 
4 70 111 (2642.184326 249.212860 -102 ) (2610.344971 237.623306 -102 ) (2579.013428 323.698761 -102 ) (2579.013428 324.927795 -102 ) 
4 70 107 (2610.344971 237.623306 -102 ) (2606.690918 236.293198 -102 ) (2579.013428 299.941681 -102 ) (2579.013428 323.698761 -102 ) 
4 70 103 (2532.351563 407.247467 -102 ) (2628.775391 442.335754 -102 ) (2658.903320 447.920319 -102 ) (2534.376221 402.591553 -102 ) 
4 70 99 (2727.830078 280.388062 -102 ) (2727.830078 274.504242 -102 ) (2608.899902 231.213425 -102 ) (2606.690918 236.293198 -102 ) 
3 70 96 (2684.349365 452.636993 -102 ) (2691.518555 453.965881 -102 ) (2697.819580 436.660400 -102 ) 
4 70 92 (2727.830078 274.504242 -102 ) (2727.830078 272.552338 -102 ) (2278.599365 109.022095 -102 ) (2277.968994 110.753784 -102 ) 
4 70 90 (2741 295.419617 -102 ) (2727.830078 290.626129 -102 ) (2727.830078 297.843994 -102 ) (2741 297.843994 -102 ) 
4 70 87 (2727.830078 307.472046 -102 ) (2727.830078 310.843323 -102 ) (2728.260498 311 -102 ) (2732.025146 311 -102 ) 
3 70 86 (2737.469971 311 -102 ) (2741 311 -102 ) (2741 306.801270 -102 ) 
3 70 84 (2741 301.364929 -102 ) (2741 297.843994 -102 ) (2736.810547 297.843994 -102 ) 
3 70 82 (2727.830078 297.843994 -102 ) (2727.830078 302.012146 -102 ) (2731.301025 297.843994 -102 ) 
3 70 80 (2728.260498 311 -102 ) (2741 315.636749 -102 ) (2741 311 -102 ) 
4 70 78 (2741.781250 315.921112 -102 ) (2748.281006 298.069702 -102 ) (2741 295.419617 -102 ) (2741 315.636749 -102 ) 
4 70 77 (2748.281006 298.069702 -102 ) (2754.091309 282.112030 -102 ) (2727.830078 272.552338 -102 ) (2727.830078 290.626129 -102 ) 
3 70 76 (2727.830078 354.237579 -102 ) (2741.781250 315.921112 -102 ) (2727.830078 310.843323 -102 ) 
3 70 75 (2628.775391 442.335754 -102 ) (2687.916992 463.857147 -102 ) (2691.518555 453.965881 -102 ) 
4 70 74 (2048 25.078621 -102 ) (2048 230.993729 -102 ) (2212.409180 290.821564 -102 ) (2278.599365 109.022095 -102 ) 
4 70 73 (2687.916992 463.857147 -102 ) (3072 603.623474 -102 ) (3072 397.838043 -102 ) (2754.091309 282.112030 -102 ) 
4 70 72 (2048 0 -102 ) (2048 25.078621 -102 ) (3072 397.838043 -102 ) (3072 0 -102 ) 
4 70 71 (2048 230.993729 -102 ) (2048 1024 -102 ) (3072 1024 -102 ) (3072 603.623474 -102 ) 
4 71 482 (2048 230.993729 -102 ) (2048 1024 -102 ) (2048 1024 -160 ) (2048 230.997864 -160 ) 
3 71 470 (2048 230.997849 -160 ) (2048 274.421021 -160 ) (2167.328369 274.421021 -160 ) 
4 71 440 (2256.250000 1024 -160 ) (2269.406738 1024 -160 ) (2269.406738 311.566956 -160 ) (2256.250000 306.779266 -160 ) 
4 71 439 (2269.406738 1024 -160 ) (2375 1024 -160 ) (2375 349.991943 -160 ) (2269.406738 311.566956 -160 ) 
5 71 446 (2048 274.421021 -160 ) (2048 1024 -160 ) (2256.250000 1024 -160 ) (2256.250000 306.779266 -160 ) (2167.328369 274.421021 -160 ) 
4 71 427 (2375 1024 -160 ) (2388.166748 1024 -160 ) (2388.166748 354.783264 -160 ) (2375 349.991943 -160 ) 
4 71 425 (2388.166748 1024 -160 ) (2477 1024 -160 ) (2477 387.109344 -160 ) (2388.166748 354.783264 -160 ) 
4 71 417 (2477 1024 -160 ) (2490.163330 1024 -160 ) (2490.163330 391.899445 -160 ) (2477 387.109344 -160 ) 
4 71 416 (2490.163330 1024 -160 ) (2522.840332 1024 -160 ) (2522.840332 403.790466 -160 ) (2490.163330 391.899445 -160 ) 
4 71 408 (2522.840332 1024 -160 ) (2535.989990 1024 -160 ) (2535.989990 408.575592 -160 ) (2522.840332 403.790466 -160 ) 
4 71 407 (2535.989990 1024 -160 ) (2579.013428 1024 -160 ) (2579.013428 424.231659 -160 ) (2535.989990 408.575592 -160 ) 
4 71 401 (2579.013428 1024 -160 ) (2592.159912 1024 -160 ) (2592.159912 429.015625 -160 ) (2579.013428 424.231659 -160 ) 
4 71 400 (2592.159912 1024 -160 ) (2628.843506 1024 -160 ) (2628.843506 442.364624 -160 ) (2592.159912 429.015625 -160 ) 
4 71 394 (2628.843506 1024 -160 ) (2642 1024 -160 ) (2642 447.152222 -160 ) (2628.843506 442.364624 -160 ) 
4 71 393 (2642 1024 -160 ) (2682 1024 -160 ) (2682 461.708069 -160 ) (2642 447.152222 -160 ) 
4 71 387 (2682 1024 -160 ) (2695.156738 1024 -160 ) (2695.156738 466.495758 -160 ) (2682 461.708069 -160 ) 
4 71 386 (2695.156738 1024 -160 ) (2727.830078 1024 -160 ) (2727.830078 478.385468 -160 ) (2695.156738 466.495758 -160 ) 
4 71 380 (2727.830078 1024 -160 ) (2741 1024 -160 ) (2741 483.177948 -160 ) (2727.830078 478.385468 -160 ) 
4 71 379 (2741 1024 -160 ) (3072 1024 -160 ) (3072 603.627625 -160 ) (2741 483.177948 -160 ) 
4 71 320 (2339.288086 336.995972 -160 ) (2380.201904 351.884338 -160 ) (2380.082031 351.836548 -102 ) (2339.289551 336.992310 -102 ) 
4 71 257 (2232.156250 298.011139 -160 ) (2339.288086 336.995972 -160 ) (2339.289551 336.992554 -106 ) (2232.157715 298.007690 -106 ) 
4 71 256 (2339.289551 336.992554 -106 ) (2339.289551 336.992310 -102 ) (2232.157715 298.007446 -102 ) (2232.157715 298.007690 -106 ) 
4 71 253 (2232.156494 298.010254 -146 ) (2232.156738 298.009491 -134 ) (2212.407471 290.822754 -134 ) (2212.406982 290.823395 -146 ) 
4 71 252 (2232.156738 298.009491 -134 ) (2232.157715 298.007446 -102 ) (2212.409180 290.821045 -102 ) (2212.407471 290.822754 -134 ) 
4 71 255 (2212.406250 290.824158 -160 ) (2232.156250 298.011139 -160 ) (2232.156494 298.010254 -146 ) (2212.406982 290.823395 -146 ) 
4 71 247 (2380.201904 351.884338 -160 ) (2438.898682 373.243896 -160 ) (2438.899902 373.240173 -102 ) (2380.082031 351.836548 -102 ) 
4 71 178 (2463.506348 382.196350 -129 ) (2442.835938 374.674438 -129 ) (2442.835693 374.674744 -134 ) (2463.506348 382.196655 -134 ) 
4 71 177 (2442.835938 374.674438 -129 ) (2438.899170 373.241913 -129 ) (2438.899170 373.242218 -134 ) (2442.835693 374.674744 -134 ) 
4 71 176 (2532.360596 407.252441 -134 ) (2532.359131 407.251587 -129 ) (2463.506348 382.196350 -129 ) (2463.506348 382.196655 -134 ) 
4 71 175 (2532.359131 407.251587 -129 ) (2532.351807 407.246948 -102 ) (2438.899902 373.240173 -102 ) (2438.899170 373.241913 -129 ) 
4 71 179 (2438.898682 373.243896 -160 ) (2532.367676 407.256897 -160 ) (2532.360596 407.252441 -134 ) (2438.899170 373.242218 -134 ) 
4 71 105 (2546.700684 412.470367 -129 ) (2532.359131 407.251587 -129 ) (2532.360596 407.252441 -134 ) (2546.700439 412.470703 -134 ) 
4 71 104 (2628.765625 442.333893 -134 ) (2628.767578 442.334259 -129 ) (2567.380371 419.995636 -129 ) (2567.380127 419.995941 -134 ) 
4 71 103 (2628.767578 442.334259 -129 ) (2628.778320 442.336243 -102 ) (2532.351807 407.246948 -102 ) (2532.359131 407.251587 -129 ) 
4 71 106 (2532.367676 407.256897 -160 ) (2628.755371 442.331970 -160 ) (2628.765625 442.333893 -134 ) (2532.360596 407.252441 -134 ) 
4 71 75 (2628.755371 442.331970 -160 ) (2687.916016 463.860352 -160 ) (2687.917236 463.856689 -102 ) (2628.778320 442.336243 -102 ) 
4 71 74 (2048 230.997345 -160 ) (2212.406250 290.824158 -160 ) (2212.409180 290.821045 -102 ) (2048 230.993164 -102 ) 
4 71 73 (2687.916016 463.860352 -160 ) (3072 603.627075 -160 ) (3072 603.623047 -102 ) (2687.917236 463.856689 -102 ) 
4 72 528 (3072 0 -160 ) (3072 0 -102 ) (2048 0 -102 ) (2048 0 -160 ) 
4 72 482 (2048 0 -160 ) (2048 0 -102 ) (2048 25.078621 -102 ) (2048 25.090179 -160 ) 
4 72 469 (2317.669922 0 -160 ) (2304.513428 0 -160 ) (2304.513428 118.466949 -160 ) (2317.669922 123.256210 -160 ) 
4 72 462 (2422.836914 0 -160 ) (2317.669922 0 -160 ) (2317.669922 123.256210 -160 ) (2422.836914 161.539398 -160 ) 
4 72 470 (2304.513428 0 -160 ) (2048 0 -160 ) (2048 25.090187 -160 ) (2304.513428 118.466949 -160 ) 
4 72 460 (2436 0 -160 ) (2422.836914 0 -160 ) (2422.836914 161.539398 -160 ) (2436 166.331070 -160 ) 
4 72 448 (2522.840332 0 -160 ) (2436 0 -160 ) (2436 166.331070 -160 ) (2522.840332 197.942932 -160 ) 
4 72 414 (2535.989990 0 -160 ) (2522.840332 0 -160 ) (2522.840332 197.942932 -160 ) (2535.989990 202.729706 -160 ) 
4 72 407 (2579.013428 0 -160 ) (2535.989990 0 -160 ) (2535.989990 202.729706 -160 ) (2579.013428 218.391220 -160 ) 
4 72 406 (2592.159912 0 -160 ) (2579.013428 0 -160 ) (2579.013428 218.391220 -160 ) (2592.159912 223.176849 -160 ) 
4 72 400 (2628.843506 0 -160 ) (2592.159912 0 -160 ) (2592.159912 223.176849 -160 ) (2628.843506 236.530518 -160 ) 
4 72 399 (2642 0 -160 ) (2628.843506 0 -160 ) (2628.843506 236.530518 -160 ) (2642 241.319778 -160 ) 
4 72 393 (2682 0 -160 ) (2642 0 -160 ) (2642 241.319778 -160 ) (2682 255.880692 -160 ) 
4 72 392 (2695.156738 0 -160 ) (2682 0 -160 ) (2682 255.880692 -160 ) (2695.156738 260.670044 -160 ) 
4 72 386 (2727.830078 0 -160 ) (2695.156738 0 -160 ) (2695.156738 260.670044 -160 ) (2727.830078 272.563904 -160 ) 
4 72 385 (2741 0 -160 ) (2727.830078 0 -160 ) (2727.830078 272.563904 -160 ) (2741 277.358063 -160 ) 
4 72 379 (3072 0 -160 ) (2741 0 -160 ) (2741 277.358063 -160 ) (3072 397.849609 -160 ) 
4 72 94 (2278.595947 109.028786 -134 ) (2278.596436 109.027939 -129 ) (2327.457764 126.814598 -129 ) (2327.457275 126.815422 -134 ) 
4 72 93 (2346.247559 133.654541 -129 ) (2727.830078 272.559326 -129 ) (2727.830078 272.560364 -134 ) (2346.248779 133.655975 -134 ) 
4 72 92 (2278.596436 109.027939 -129 ) (2278.598877 109.023354 -102 ) (2727.830078 272.553772 -102 ) (2727.830078 272.559326 -129 ) 
4 72 95 (2727.830078 272.565704 -160 ) (2278.593506 109.033203 -160 ) (2278.595947 109.028786 -134 ) (2727.830078 272.560364 -134 ) 
4 72 77 (2754.087158 282.123901 -160 ) (2727.830078 272.565704 -160 ) (2727.830078 272.553772 -102 ) (2754.090820 282.113281 -102 ) 
4 72 74 (2278.593506 109.033203 -160 ) (2048 25.091797 -160 ) (2048 25.080078 -102 ) (2278.598877 109.023354 -102 ) 
4 72 73 (3072 397.851563 -160 ) (2754.087158 282.123901 -160 ) (2754.090820 282.113281 -102 ) (3072 397.839447 -102 ) 
3 73 387 (2687.915771 463.860779 -160 ) (2695.156738 466.495728 -160 ) (2695.156738 443.973755 -160 ) 
4 73 386 (2695.156738 466.495728 -160 ) (2727.830078 478.385437 -160 ) (2727.830078 354.237640 -160 ) (2695.156738 443.973755 -160 ) 
4 73 380 (2727.830078 478.385437 -160 ) (2741 483.177917 -160 ) (2741 318.066956 -160 ) (2727.830078 354.237640 -160 ) 
5 73 379 (2741 483.177917 -160 ) (3072 603.627625 -160 ) (3072 397.849609 -160 ) (2754.087646 282.122223 -160 ) (2741 318.066956 -160 ) 
4 73 235 (2700.040283 430.561127 -134 ) (2700.040283 430.561096 -102 ) (2697.819580 436.660339 -102 ) (2697.819580 436.660370 -134 ) 
4 73 236 (2697.819580 436.660400 -160 ) (2700.040283 430.561127 -160 ) (2700.040283 430.561127 -146 ) (2697.819580 436.660400 -146 ) 
4 73 234 (2700.040283 430.561127 -160 ) (2711.059082 400.298431 -160 ) (2711.059082 400.298340 -102 ) (2700.040283 430.561096 -102 ) 
4 73 135 (2711.059082 400.298431 -160 ) (2727.830078 354.237549 -160 ) (2727.830078 354.237488 -134 ) (2711.059082 400.298401 -134 ) 
4 73 134 (2727.830078 354.237488 -134 ) (2727.830078 354.237488 -129 ) (2711.059082 400.298401 -129 ) (2711.059082 400.298401 -134 ) 
4 73 132 (2727.830078 354.237488 -129 ) (2727.830078 354.237427 -102 ) (2711.059082 400.298340 -102 ) (2711.059082 400.298401 -129 ) 
4 73 97 (2693.539795 448.414917 -134 ) (2691.518555 453.965881 -134 ) (2691.518555 453.965881 -146 ) (2693.539795 448.414886 -146 ) 
4 73 96 (2697.819580 436.660370 -134 ) (2697.819580 436.660339 -102 ) (2691.518555 453.965851 -102 ) (2691.518555 453.965881 -134 ) 
4 73 98 (2691.518555 453.965881 -160 ) (2697.819580 436.660400 -160 ) (2697.819580 436.660400 -146 ) (2691.518555 453.965881 -146 ) 
4 73 78 (2748.281006 298.069702 -134 ) (2748.281006 298.069702 -102 ) (2741.781250 315.921051 -102 ) (2741.781250 315.921082 -134 ) 
4 73 79 (2741.781250 315.921112 -160 ) (2748.281006 298.069702 -160 ) (2748.281006 298.069702 -146 ) (2741.781250 315.921112 -146 ) 
4 73 77 (2748.281006 298.069702 -160 ) (2754.088379 282.120026 -160 ) (2754.092041 282.109802 -102 ) (2748.281006 298.069702 -102 ) 
4 73 76 (2727.830078 354.237549 -160 ) (2741.781250 315.921112 -160 ) (2741.781250 315.921051 -102 ) (2727.830078 354.237427 -102 ) 
4 73 75 (2687.917480 463.856110 -102 ) (2687.916260 463.859741 -160 ) (2691.518555 453.965881 -160 ) (2691.518555 453.965851 -102 ) 
4 74 482 (2048 25.078621 -102 ) (2048 230.993729 -102 ) (2048 230.997864 -160 ) (2048 25.090179 -160 ) 
5 74 470 (2048 25.090187 -160 ) (2048 230.997849 -160 ) (2167.328369 274.421021 -160 ) (2218.378418 274.421021 -160 ) (2278.593994 109.031693 -160 ) 
3 74 446 (2167.328369 274.421021 -160 ) (2212.406006 290.824615 -160 ) (2218.378418 274.421021 -160 ) 
4 74 254 (2272.781738 125 -134 ) (2276.886230 113.727036 -134 ) (2276.885986 113.726898 -146 ) (2272.781494 125 -146 ) 
4 74 253 (2212.407959 290.824280 -146 ) (2212.408447 290.823639 -134 ) (2266.281738 142.853653 -134 ) (2266.281494 142.853516 -146 ) 
4 74 252 (2212.408447 290.823639 -134 ) (2212.410156 290.821930 -102 ) (2276.887207 113.727402 -102 ) (2276.886230 113.727036 -134 ) 
4 74 255 (2276.885498 113.726738 -160 ) (2212.407227 290.825012 -160 ) (2212.407959 290.824280 -146 ) (2276.885986 113.726898 -146 ) 
4 74 250 (2276.886230 113.727036 -134 ) (2276.886475 113.727097 -129 ) (2277.968994 110.753868 -129 ) (2277.968750 110.753815 -134 ) 
4 74 248 (2276.886475 113.727097 -129 ) (2276.887207 113.727402 -102 ) (2277.969727 110.754150 -102 ) (2277.968994 110.753868 -129 ) 
4 74 251 (2277.968018 110.753540 -160 ) (2276.885498 113.726738 -160 ) (2276.886230 113.727036 -134 ) (2277.968750 110.753815 -134 ) 
4 74 94 (2278.597656 109.027351 -129 ) (2278.597168 109.028183 -134 ) (2277.968750 110.753815 -134 ) (2277.968994 110.753868 -129 ) 
4 74 92 (2278.600098 109.022850 -102 ) (2278.597656 109.027351 -129 ) (2277.968994 110.753868 -129 ) (2277.969727 110.754150 -102 ) 
4 74 95 (2278.597168 109.028183 -134 ) (2278.594727 109.032516 -160 ) (2277.968018 110.753540 -160 ) (2277.968750 110.753815 -134 ) 
3 75 394 (2628.752441 442.331451 -160 ) (2642 447.152191 -160 ) (2642 444.787048 -160 ) 
4 75 393 (2642 447.152191 -160 ) (2682 461.708038 -160 ) (2682 452.201508 -160 ) (2642 444.787048 -160 ) 
4 75 387 (2682 461.708038 -160 ) (2687.915771 463.860779 -160 ) (2691.518555 453.965881 -160 ) (2682 452.201508 -160 ) 
4 75 233 (2669.569336 449.896606 -160 ) (2684.349854 452.636322 -160 ) (2684.349854 452.636322 -102 ) (2669.569336 449.896606 -102 ) 
4 75 143 (2669.569336 449.896606 -146 ) (2669.569336 449.896606 -134 ) (2658.899414 447.918793 -134 ) (2658.899414 447.918793 -146 ) 
4 75 144 (2658.899414 447.918793 -160 ) (2669.569336 449.896606 -160 ) (2669.569336 449.896606 -146 ) (2658.899414 447.918793 -146 ) 
4 75 134 (2669.569336 449.896606 -134 ) (2669.569336 449.896606 -129 ) (2668.100342 449.624329 -129 ) (2668.100342 449.624329 -134 ) 
4 75 132 (2669.569336 449.896606 -129 ) (2669.569336 449.896606 -102 ) (2658.899170 447.918793 -102 ) (2658.899414 447.918793 -129 ) 
4 75 104 (2628.760498 442.332214 -129 ) (2628.758545 442.331848 -134 ) (2642.540283 444.886444 -134 ) (2642.540283 444.886444 -129 ) 
4 75 103 (2628.771240 442.334198 -102 ) (2628.760498 442.332214 -129 ) (2658.899414 447.918793 -129 ) (2658.899170 447.918793 -102 ) 
4 75 106 (2628.758545 442.331848 -134 ) (2628.748047 442.329926 -160 ) (2658.899414 447.918793 -160 ) (2658.899414 447.918793 -134 ) 
4 75 97 (2691.519043 453.965210 -146 ) (2691.519043 453.965210 -134 ) (2684.349854 452.636322 -134 ) (2684.349854 452.636322 -146 ) 
4 75 96 (2691.519043 453.965210 -134 ) (2691.519043 453.965210 -102 ) (2684.349854 452.636322 -102 ) (2684.349854 452.636322 -134 ) 
4 75 98 (2684.349854 452.636322 -160 ) (2691.519043 453.965210 -160 ) (2691.519043 453.965210 -146 ) (2684.349854 452.636322 -146 ) 
4 76 380 (2727.830078 354.237640 -160 ) (2741 318.066803 -160 ) (2741 315.636749 -160 ) (2727.830078 310.843262 -160 ) 
3 76 379 (2741 318.066803 -160 ) (2741.781250 315.921112 -160 ) (2741 315.636749 -160 ) 
4 76 135 (2727.830078 354.237732 -134 ) (2727.830078 354.237732 -160 ) (2727.830078 310.843262 -160 ) (2727.830078 310.843262 -134 ) 
4 76 134 (2727.830078 354.237732 -129 ) (2727.830078 354.237732 -134 ) (2727.830078 310.843262 -134 ) (2727.830078 310.843262 -129 ) 
4 76 132 (2727.830078 354.237732 -102 ) (2727.830078 354.237732 -129 ) (2727.830078 310.843262 -129 ) (2727.830078 310.843262 -102 ) 
4 76 89 (2727.830078 310.842773 -146 ) (2727.830078 310.842773 -160 ) (2728.261963 311 -160 ) (2728.261963 311 -146 ) 
4 76 87 (2727.830078 310.842773 -102 ) (2727.830078 310.842773 -134 ) (2728.261963 311 -134 ) (2728.261963 311 -102 ) 
4 76 80 (2741 315.636230 -134 ) (2741 315.636230 -102 ) (2728.261963 311 -102 ) (2728.261963 311 -134 ) 
4 76 81 (2728.261963 311 -160 ) (2741 315.636230 -160 ) (2741 315.636230 -146 ) (2728.261963 311 -146 ) 
4 76 78 (2741.781494 315.920685 -134 ) (2741.781494 315.920685 -102 ) (2741 315.636230 -102 ) (2741 315.636230 -134 ) 
4 76 79 (2741 315.636230 -160 ) (2741.781494 315.920685 -160 ) (2741.781494 315.920685 -146 ) (2741 315.636230 -146 ) 
4 77 385 (2741 277.358032 -160 ) (2727.830078 272.563873 -160 ) (2727.830078 290.626068 -160 ) (2741 295.419586 -160 ) 
4 77 379 (2748.281006 298.069702 -160 ) (2754.087646 282.122223 -160 ) (2741 277.358032 -160 ) (2741 295.419586 -160 ) 
4 77 136 (2727.830078 280.388062 -146 ) (2727.830078 280.388062 -134 ) (2727.830078 290.626099 -134 ) (2727.830078 290.626099 -146 ) 
4 77 137 (2727.830078 290.626099 -160 ) (2727.830078 280.388062 -160 ) (2727.830078 280.388062 -146 ) (2727.830078 290.626099 -146 ) 
4 77 134 (2727.830078 280.388062 -134 ) (2727.830078 280.388062 -129 ) (2727.830078 290.626099 -129 ) (2727.830078 290.626099 -134 ) 
4 77 132 (2727.830078 280.388062 -129 ) (2727.830078 280.388092 -102 ) (2727.830078 290.626099 -102 ) (2727.830078 290.626099 -129 ) 
4 77 101 (2727.830078 274.504242 -134 ) (2727.830078 274.504242 -129 ) (2727.830078 280.388062 -129 ) (2727.830078 280.388062 -134 ) 
4 77 99 (2727.830078 274.504242 -129 ) (2727.830078 274.504272 -102 ) (2727.830078 280.388092 -102 ) (2727.830078 280.388062 -129 ) 
4 77 102 (2727.830078 280.388062 -160 ) (2727.830078 274.504242 -160 ) (2727.830078 274.504242 -134 ) (2727.830078 280.388062 -134 ) 
4 77 93 (2727.830078 272.558777 -134 ) (2727.830078 272.557770 -129 ) (2727.830078 274.504242 -129 ) (2727.830078 274.504242 -134 ) 
4 77 92 (2727.830078 272.557770 -129 ) (2727.830078 272.552368 -102 ) (2727.830078 274.504272 -102 ) (2727.830078 274.504242 -129 ) 
4 77 95 (2727.830078 274.504242 -160 ) (2727.830078 272.563965 -160 ) (2727.830078 272.558777 -134 ) (2727.830078 274.504242 -134 ) 
4 77 90 (2727.830078 290.626953 -134 ) (2727.830078 290.626953 -102 ) (2741 295.420471 -102 ) (2741 295.420471 -134 ) 
4 77 91 (2741 295.420471 -160 ) (2727.830078 290.626953 -160 ) (2727.830078 290.626953 -146 ) (2741 295.420471 -146 ) 
4 77 78 (2748.280762 298.070465 -102 ) (2748.280762 298.070465 -134 ) (2741 295.420471 -134 ) (2741 295.420471 -102 ) 
4 77 79 (2748.280762 298.070465 -146 ) (2748.280762 298.070465 -160 ) (2741 295.420471 -160 ) (2741 295.420471 -146 ) 
4 78 90 (2741 297.843994 -134 ) (2741 295.419922 -134 ) (2741 295.419922 -102 ) (2741 297.843994 -102 ) 
4 78 86 (2741 311 -134 ) (2741 306.803558 -134 ) (2741 306.801270 -102 ) (2741 311 -102 ) 
4 78 84 (2741 301.363495 -134 ) (2741 297.843994 -134 ) (2741 297.843994 -102 ) (2741 301.364929 -102 ) 
4 78 80 (2741 315.638702 -102 ) (2741 315.638702 -134 ) (2741 311 -134 ) (2741 311 -102 ) 
4 79 379 (2741.781250 315.921112 -160 ) (2748.281006 298.069702 -160 ) (2741 295.419586 -160 ) (2741 315.636749 -160 ) 
4 79 91 (2741 297.843994 -160 ) (2741 295.419922 -160 ) (2741 295.419922 -146 ) (2741 297.843994 -146 ) 
4 79 88 (2741 311 -160 ) (2741 306.805084 -160 ) (2741 306.804291 -146 ) (2741 311 -146 ) 
4 79 85 (2741 301.362366 -160 ) (2741 297.843994 -160 ) (2741 297.843994 -146 ) (2741 301.363007 -146 ) 
4 79 81 (2741 315.638702 -146 ) (2741 315.638702 -160 ) (2741 311 -160 ) (2741 311 -146 ) 
4 80 87 (2728.261230 311 -102 ) (2728.261230 311 -134 ) (2732.024170 311 -134 ) (2732.025146 311 -102 ) 
4 80 86 (2737.471924 311 -134 ) (2741 311 -134 ) (2741 311 -102 ) (2737.470215 311 -102 ) 
3 81 380 (2728.260742 311 -160 ) (2741 315.636749 -160 ) (2741 311 -160 ) 
4 81 89 (2728.261230 311 -146 ) (2728.261230 311 -160 ) (2732.023438 311 -160 ) (2732.023926 311 -146 ) 
4 81 88 (2737.473389 311 -160 ) (2741 311 -160 ) (2741 311 -146 ) (2737.472656 311 -146 ) 
4 82 134 (2727.830078 297.843994 -134 ) (2727.830078 297.843994 -129 ) (2727.830078 302.015533 -129 ) (2727.830078 302.016144 -134 ) 
4 82 132 (2727.830078 297.843994 -129 ) (2727.830078 297.843994 -102 ) (2727.830078 302.012146 -102 ) (2727.830078 302.015533 -129 ) 
4 82 90 (2727.830078 297.843994 -102 ) (2727.830078 297.843994 -134 ) (2731.304443 297.843994 -134 ) (2731.301025 297.843994 -102 ) 
3 83 381 (2727.830078 297.843994 -160 ) (2727.830078 302.019379 -160 ) (2731.307129 297.843994 -160 ) 
4 83 137 (2727.830078 302.019379 -160 ) (2727.830078 297.843994 -160 ) (2727.830078 297.843994 -146 ) (2727.830078 302.017639 -146 ) 
4 83 91 (2727.830078 297.843994 -146 ) (2727.830078 297.843994 -160 ) (2731.307129 297.843994 -160 ) (2731.305664 297.843994 -146 ) 
4 84 90 (2741 297.843994 -134 ) (2741 297.843994 -102 ) (2736.810547 297.843994 -102 ) (2736.812256 297.843994 -134 ) 
3 85 382 (2741 301.362366 -160 ) (2741 297.843994 -160 ) (2736.813477 297.843994 -160 ) 
4 85 91 (2736.813477 297.843994 -160 ) (2741 297.843994 -160 ) (2741 297.843994 -146 ) (2736.812744 297.843994 -146 ) 
4 87 134 (2727.830078 310.843262 -129 ) (2727.830078 310.843262 -134 ) (2727.830078 307.472900 -134 ) (2727.830078 307.472778 -129 ) 
4 87 132 (2727.830078 307.472107 -102 ) (2727.830078 310.843262 -102 ) (2727.830078 310.843262 -129 ) (2727.830078 307.472778 -129 ) 
3 88 383 (2737.473145 311 -160 ) (2741 311 -160 ) (2741 306.805084 -160 ) 
4 89 384 (2727.830078 307.473511 -160 ) (2727.830078 310.843262 -160 ) (2728.260742 311 -160 ) (2732.023438 311 -160 ) 
4 89 137 (2727.830078 310.843262 -160 ) (2727.830078 307.473511 -160 ) (2727.830078 307.473175 -146 ) (2727.830078 310.843262 -146 ) 
4 90 134 (2727.830078 290.626099 -134 ) (2727.830078 290.626099 -129 ) (2727.830078 297.843994 -129 ) (2727.830078 297.843994 -134 ) 
4 90 132 (2727.830078 290.626099 -129 ) (2727.830078 290.626099 -102 ) (2727.830078 297.843994 -102 ) (2727.830078 297.843994 -129 ) 
4 91 385 (2741 295.419586 -160 ) (2727.830078 290.626068 -160 ) (2727.830078 297.843994 -160 ) (2741 297.843994 -160 ) 
4 91 137 (2727.830078 297.843994 -160 ) (2727.830078 290.626099 -160 ) (2727.830078 290.626099 -146 ) (2727.830078 297.843994 -146 ) 
4 92 248 (2491.843262 188.604401 -129 ) (2277.967529 110.753418 -129 ) (2277.968262 110.753685 -102 ) (2491.843262 188.604401 -102 ) 
4 92 170 (2608.907959 231.216110 -129 ) (2491.843262 188.604401 -129 ) (2491.843262 188.604401 -102 ) (2608.899902 231.213181 -102 ) 
4 92 99 (2727.830078 274.503906 -102 ) (2727.830078 274.503906 -129 ) (2608.907959 231.216110 -129 ) (2608.899902 231.213181 -102 ) 
4 92 94 (2277.964844 110.753906 -129 ) (2326.829346 128.540756 -129 ) (2327.458008 126.813026 -129 ) (2278.594238 109.025513 -129 ) 
4 92 93 (2345.619629 135.380432 -129 ) (2727.830078 274.505859 -129 ) (2727.830078 272.557709 -129 ) (2346.248535 133.653198 -129 ) 
4 93 249 (2491.843262 188.604370 -134 ) (2345.621582 135.379501 -134 ) (2345.620117 135.379044 -129 ) (2491.843262 188.604401 -129 ) 
4 93 172 (2608.909668 231.216675 -134 ) (2575.050537 218.891907 -134 ) (2575.050537 218.891968 -129 ) (2608.907959 231.216110 -129 ) 
4 93 171 (2550.620361 210 -134 ) (2491.843262 188.604370 -134 ) (2491.843262 188.604401 -129 ) (2550.620361 210 -129 ) 
4 93 101 (2727.830078 274.503906 -129 ) (2727.830078 274.503906 -134 ) (2711.154053 268.433807 -134 ) (2711.154053 268.433807 -129 ) 
4 93 100 (2711.154053 268.433807 -134 ) (2608.909668 231.216675 -134 ) (2608.907959 231.216110 -129 ) (2711.154053 268.433807 -129 ) 
4 93 95 (2345.621094 135.380936 -134 ) (2727.830078 274.505859 -134 ) (2727.830078 272.558685 -134 ) (2346.249268 133.654648 -134 ) 
4 94 250 (2326.829834 128.539246 -134 ) (2277.967529 110.753372 -134 ) (2277.967529 110.753418 -129 ) (2326.829834 128.539352 -129 ) 
4 94 95 (2277.964844 110.753906 -134 ) (2326.829346 128.540695 -134 ) (2327.457764 126.814072 -134 ) (2278.593750 109.026489 -134 ) 
4 95 469 (2317.669922 123.256226 -160 ) (2304.513428 118.466957 -160 ) (2304.513428 120.416084 -160 ) (2317.669922 125.205078 -160 ) 
4 95 462 (2422.836914 161.539398 -160 ) (2317.669922 123.256226 -160 ) (2317.669922 125.205078 -160 ) (2422.836914 163.486069 -160 ) 
4 95 470 (2304.513428 118.466957 -160 ) (2278.593994 109.031693 -160 ) (2277.967285 110.753235 -160 ) (2304.513428 120.416084 -160 ) 
4 95 460 (2436 166.331055 -160 ) (2422.836914 161.539398 -160 ) (2422.836914 163.486069 -160 ) (2436 168.277466 -160 ) 
4 95 448 (2522.840332 197.942932 -160 ) (2436 166.331055 -160 ) (2436 168.277466 -160 ) (2522.840332 199.887512 -160 ) 
4 95 414 (2535.989990 202.729706 -160 ) (2522.840332 197.942932 -160 ) (2522.840332 199.887512 -160 ) (2535.989990 204.674011 -160 ) 
4 95 407 (2579.013428 218.391220 -160 ) (2535.989990 202.729706 -160 ) (2535.989990 204.674011 -160 ) (2579.013428 220.334625 -160 ) 
4 95 406 (2592.159912 223.176834 -160 ) (2579.013428 218.391220 -160 ) (2579.013428 220.334625 -160 ) (2592.159912 225.119980 -160 ) 
4 95 400 (2628.843506 236.530502 -160 ) (2592.159912 223.176834 -160 ) (2592.159912 225.119980 -160 ) (2628.843506 238.472885 -160 ) 
4 95 399 (2642 241.319763 -160 ) (2628.843506 236.530502 -160 ) (2628.843506 238.472885 -160 ) (2642 243.261871 -160 ) 
4 95 393 (2682 255.880676 -160 ) (2642 241.319763 -160 ) (2642 243.261871 -160 ) (2682 257.821960 -160 ) 
4 95 392 (2695.156738 260.670044 -160 ) (2682 255.880676 -160 ) (2682 257.821960 -160 ) (2695.156738 262.611053 -160 ) 
4 95 386 (2727.830078 274.504211 -160 ) (2727.830078 272.563873 -160 ) (2695.156738 260.670044 -160 ) (2695.156738 262.611053 -160 ) 
4 95 251 (2491.843262 188.604431 -160 ) (2277.966797 110.753113 -160 ) (2277.967529 110.753372 -134 ) (2491.843262 188.604385 -134 ) 
4 95 173 (2608.917480 231.219559 -160 ) (2491.843262 188.604431 -160 ) (2491.843262 188.604385 -134 ) (2608.909668 231.216690 -134 ) 
4 95 102 (2727.830078 274.503906 -134 ) (2727.830078 274.503906 -160 ) (2608.917480 231.219559 -160 ) (2608.909668 231.216690 -134 ) 
4 96 237 (2689.230469 446.846466 -134 ) (2691.630371 444 -134 ) (2691.630371 444 -102 ) (2689.230469 446.846466 -102 ) 
4 96 235 (2695.156738 439.817810 -134 ) (2697.819824 436.659332 -134 ) (2697.819824 436.659332 -102 ) (2695.156738 439.817810 -102 ) 
4 96 233 (2684.348389 452.636841 -102 ) (2684.348389 452.636841 -134 ) (2689.230469 446.846466 -134 ) (2689.230469 446.846466 -102 ) 
4 96 97 (2689.228271 446.845642 -134 ) (2684.345947 452.636353 -134 ) (2691.518311 453.966278 -134 ) (2693.539551 448.414886 -134 ) 
4 97 233 (2684.348389 452.636841 -134 ) (2684.348389 452.636841 -146 ) (2689.230469 446.846466 -146 ) (2689.230469 446.846466 -134 ) 
4 97 98 (2689.228271 446.845642 -146 ) (2684.345947 452.636353 -146 ) (2691.518311 453.966278 -146 ) (2693.539551 448.414886 -146 ) 
4 98 391 (2695.147217 444 -160 ) (2695.156738 443.973724 -160 ) (2695.156738 439.818634 -160 ) (2691.631348 444 -160 ) 
4 98 387 (2684.349365 452.636993 -160 ) (2691.518555 453.965881 -160 ) (2695.147217 444 -160 ) (2691.631348 444 -160 ) 
3 98 386 (2695.156738 443.973724 -160 ) (2697.819580 436.660309 -160 ) (2695.156738 439.818634 -160 ) 
4 98 238 (2689.230469 446.846466 -160 ) (2691.630371 444 -160 ) (2691.630371 444 -146 ) (2689.230469 446.846466 -146 ) 
4 98 236 (2695.156738 439.817810 -160 ) (2697.819824 436.659332 -160 ) (2697.819824 436.659332 -146 ) (2695.156738 439.817810 -146 ) 
4 98 233 (2684.348389 452.636841 -146 ) (2684.348389 452.636841 -160 ) (2689.230469 446.846466 -160 ) (2689.230469 446.846466 -146 ) 
4 99 170 (2608.909912 231.215408 -129 ) (2608.901855 231.212463 -102 ) (2606.692383 236.293640 -102 ) (2606.700439 236.296585 -129 ) 
4 99 132 (2727.830078 280.387573 -102 ) (2727.830078 280.387573 -129 ) (2678.218506 262.328857 -129 ) (2678.218750 262.328857 -102 ) 
4 99 117 (2678.218506 262.328857 -129 ) (2642.184570 249.212357 -129 ) (2642.184570 249.212341 -102 ) (2678.218750 262.328857 -102 ) 
4 99 111 (2642.184570 249.212357 -129 ) (2610.345215 237.622681 -129 ) (2610.345215 237.622665 -102 ) (2642.184570 249.212341 -102 ) 
4 99 107 (2610.345215 237.622681 -129 ) (2606.698730 236.295334 -129 ) (2606.690674 236.292389 -102 ) (2610.345215 237.622665 -102 ) 
5 99 101 (2701.262207 270.718964 -129 ) (2727.830078 280.389709 -129 ) (2727.830078 274.504700 -129 ) (2711.149170 268.432922 -129 ) (2702 266.737091 -129 ) 
4 99 100 (2608.900391 231.214844 -129 ) (2606.691406 236.294922 -129 ) (2678.206543 262.326599 -129 ) (2711.149170 268.432922 -129 ) 
4 100 172 (2608.911377 231.215958 -134 ) (2608.909912 231.215408 -129 ) (2606.700439 236.296585 -129 ) (2606.701904 236.297134 -134 ) 
4 100 119 (2650.910889 252.388702 -134 ) (2642.184814 249.212372 -134 ) (2642.184814 249.212402 -129 ) (2650.910889 252.388733 -129 ) 
4 100 118 (2678.218750 262.328857 -134 ) (2671.580811 259.912628 -134 ) (2671.580811 259.912659 -129 ) (2678.218750 262.328888 -129 ) 
4 100 112 (2642.184814 249.212372 -134 ) (2610.345215 237.622650 -134 ) (2610.345215 237.622681 -129 ) (2642.184814 249.212402 -129 ) 
4 100 107 (2610.345215 237.622650 -134 ) (2606.700195 236.295883 -134 ) (2606.698730 236.295334 -129 ) (2610.345215 237.622681 -129 ) 
4 100 101 (2711.152100 268.433441 -134 ) (2702 266.737061 -134 ) (2702 266.737244 -129 ) (2711.153564 268.433929 -129 ) 
4 100 102 (2608.900391 231.214844 -134 ) (2606.691406 236.294922 -134 ) (2678.206543 262.326599 -134 ) (2711.149170 268.432922 -134 ) 
4 101 134 (2727.830078 280.387573 -129 ) (2727.830078 280.387573 -134 ) (2701.262695 270.716919 -134 ) (2701.262695 270.716949 -129 ) 
5 101 102 (2701.262207 270.718964 -134 ) (2727.830078 280.389709 -134 ) (2727.830078 274.504700 -134 ) (2711.149170 268.432922 -134 ) (2702 266.737091 -134 ) 
4 102 400 (2628.843506 238.472870 -160 ) (2608.917480 231.219742 -160 ) (2606.708496 236.299561 -160 ) (2628.843506 244.356750 -160 ) 
4 102 399 (2642 243.261871 -160 ) (2628.843506 238.472870 -160 ) (2628.843506 244.356750 -160 ) (2642 249.145752 -160 ) 
4 102 393 (2682 257.821960 -160 ) (2642 243.261871 -160 ) (2642 249.145752 -160 ) (2682 263.705841 -160 ) 
4 102 392 (2695.156738 262.611053 -160 ) (2682 257.821960 -160 ) (2682 263.705841 -160 ) (2695.156738 268.494934 -160 ) 
4 102 386 (2727.830078 280.388092 -160 ) (2727.830078 274.504211 -160 ) (2695.156738 262.611053 -160 ) (2695.156738 268.494934 -160 ) 
4 102 173 (2606.709717 236.299973 -160 ) (2608.919189 231.218796 -160 ) (2608.911377 231.215958 -134 ) (2606.701904 236.297134 -134 ) 
4 102 136 (2727.830078 280.387573 -134 ) (2727.830078 280.387573 -146 ) (2678.218750 262.328857 -146 ) (2678.218750 262.328857 -134 ) 
4 102 137 (2727.830078 280.387573 -146 ) (2727.830078 280.387573 -160 ) (2678.218750 262.328857 -160 ) (2678.218750 262.328857 -146 ) 
4 102 120 (2678.218750 262.328857 -160 ) (2642.184570 249.212341 -160 ) (2642.184570 249.212341 -134 ) (2678.218750 262.328857 -134 ) 
4 102 115 (2610.345215 237.622650 -146 ) (2610.345215 237.622650 -134 ) (2642.184570 249.212341 -134 ) (2642.184570 249.212341 -146 ) 
4 102 116 (2642.184570 249.212341 -160 ) (2610.345215 237.622650 -160 ) (2610.345215 237.622650 -146 ) (2642.184570 249.212341 -146 ) 
4 102 109 (2606.703857 236.297195 -146 ) (2606.700195 236.295883 -134 ) (2610.345215 237.622650 -134 ) (2610.345215 237.622650 -146 ) 
4 102 110 (2610.345215 237.622650 -160 ) (2606.708008 236.298721 -160 ) (2606.703857 236.297195 -146 ) (2610.345215 237.622650 -146 ) 
4 103 180 (2533.340332 405 -129 ) (2534.385742 402.595001 -129 ) (2534.377686 402.592041 -102 ) (2533.332520 404.995636 -102 ) 
4 103 175 (2532.353027 407.247894 -102 ) (2532.360352 407.252502 -129 ) (2533.340332 405 -129 ) (2533.332520 404.995636 -102 ) 
4 103 164 (2534.378174 402.593170 -102 ) (2534.386230 402.596130 -129 ) (2579.013428 418.840668 -129 ) (2579.013428 418.840668 -102 ) 
4 103 132 (2615.524414 432.130859 -129 ) (2658.898926 447.919434 -129 ) (2658.898926 447.919434 -102 ) (2615.525391 432.131226 -102 ) 
4 103 121 (2579.013428 418.840668 -129 ) (2615.524414 432.130859 -129 ) (2615.525391 432.131226 -102 ) (2579.013428 418.840668 -102 ) 
4 103 105 (2548.433838 407.709015 -129 ) (2534.386719 402.595703 -129 ) (2532.361572 407.252960 -129 ) (2546.700684 412.470886 -129 ) 
5 103 104 (2643.047607 442.149414 -129 ) (2569.112305 415.236145 -129 ) (2567.379883 419.996033 -129 ) (2628.764893 442.333801 -129 ) (2642.540283 444.887207 -129 ) 
4 104 165 (2569.112305 415.236603 -134 ) (2579.013428 418.840668 -134 ) (2579.013428 418.840637 -129 ) (2569.112305 415.236572 -129 ) 
4 104 133 (2615.524414 432.130890 -134 ) (2643.047607 442.149475 -134 ) (2643.047607 442.149445 -129 ) (2615.524414 432.130859 -129 ) 
4 104 123 (2579.013428 418.840668 -134 ) (2589 422.475891 -134 ) (2589 422.475861 -129 ) (2579.013428 418.840637 -129 ) 
4 104 122 (2609.669922 430 -134 ) (2615.524414 432.130890 -134 ) (2615.524414 432.130859 -129 ) (2609.669922 430 -129 ) 
5 104 106 (2643.047607 442.149414 -134 ) (2569.112305 415.236145 -134 ) (2567.379883 419.996399 -134 ) (2628.762939 442.333435 -134 ) (2642.540283 444.887207 -134 ) 
4 105 176 (2532.360352 407.252502 -129 ) (2532.361816 407.253357 -134 ) (2533.341797 405 -134 ) (2533.340332 405 -129 ) 
4 105 166 (2534.386230 402.596130 -129 ) (2534.387695 402.596680 -134 ) (2548.433594 407.709442 -134 ) (2548.433594 407.709473 -129 ) 
4 105 106 (2548.433838 407.709015 -134 ) (2534.386719 402.595703 -134 ) (2532.361328 407.253265 -134 ) (2546.700439 412.471222 -134 ) 
4 106 408 (2532.367432 407.257355 -160 ) (2535.989990 408.575592 -160 ) (2535.989990 403.179016 -160 ) (2534.393555 402.597900 -160 ) 
4 106 407 (2535.989990 408.575592 -160 ) (2579.013428 424.231628 -160 ) (2579.013428 418.839813 -160 ) (2535.989990 403.179016 -160 ) 
4 106 401 (2579.013428 424.231628 -160 ) (2592.159912 429.015594 -160 ) (2592.159912 423.625214 -160 ) (2579.013428 418.839813 -160 ) 
5 106 400 (2592.159912 429.015594 -160 ) (2628.752441 442.331451 -160 ) (2628.843506 442.348328 -160 ) (2628.843506 436.978302 -160 ) (2592.159912 423.625214 -160 ) 
4 106 394 (2628.843506 442.348328 -160 ) (2642 444.787048 -160 ) (2642 441.767334 -160 ) (2628.843506 436.978302 -160 ) 
3 106 393 (2642 444.787048 -160 ) (2658.903320 447.920258 -160 ) (2642 441.767334 -160 ) 
4 106 182 (2533.349365 405.002960 -160 ) (2534.395020 402.598389 -160 ) (2534.387207 402.595551 -134 ) (2533.341797 405 -134 ) 
4 106 179 (2532.361816 407.253357 -134 ) (2532.368896 407.257782 -160 ) (2533.349365 405.002960 -160 ) (2533.341797 405 -134 ) 
4 106 167 (2534.387695 402.596680 -134 ) (2534.391357 402.597992 -146 ) (2579.013428 418.840698 -146 ) (2579.013428 418.840698 -134 ) 
4 106 169 (2534.391357 402.597992 -146 ) (2534.395508 402.599518 -160 ) (2579.013428 418.840668 -160 ) (2579.013428 418.840698 -146 ) 
4 106 143 (2658.898926 447.919434 -146 ) (2658.898926 447.919434 -134 ) (2615.524414 432.130890 -134 ) (2615.523926 432.130707 -146 ) 
4 106 144 (2615.523438 432.130493 -160 ) (2658.898926 447.919434 -160 ) (2658.898926 447.919434 -146 ) (2615.523926 432.130707 -146 ) 
4 106 124 (2615.523926 432.130707 -146 ) (2615.524414 432.130890 -134 ) (2579.013428 418.840698 -134 ) (2579.013428 418.840698 -146 ) 
4 106 125 (2579.013428 418.840668 -160 ) (2615.523438 432.130493 -160 ) (2615.523926 432.130707 -146 ) (2579.013428 418.840698 -146 ) 
4 107 193 (2605.502686 239.029236 -102 ) (2579.013428 299.945526 -102 ) (2579.013428 299.967041 -129 ) (2605.519043 239.012970 -129 ) 
4 107 174 (2606.023926 237.830765 -102 ) (2605.502686 239.029236 -102 ) (2605.522217 239.009949 -134 ) (2606.033447 237.834198 -134 ) 
4 107 172 (2606.701904 236.297134 -134 ) (2606.700439 236.296585 -129 ) (2606.031982 237.833664 -129 ) (2606.033447 237.834198 -134 ) 
4 107 170 (2606.700439 236.296585 -129 ) (2606.692383 236.293640 -102 ) (2606.023926 237.830765 -102 ) (2606.031982 237.833664 -129 ) 
4 107 166 (2579.013428 299.967804 -134 ) (2579.013428 299.963806 -129 ) (2579.013428 323.699127 -129 ) (2579.013428 323.699127 -134 ) 
4 107 164 (2579.013428 299.963806 -129 ) (2579.013428 299.942200 -102 ) (2579.013428 323.699127 -102 ) (2579.013428 323.699127 -129 ) 
4 107 112 (2610.344238 237.622192 -129 ) (2610.344238 237.622192 -134 ) (2608.610107 242.386108 -134 ) (2608.610596 242.385193 -129 ) 
4 107 111 (2610.344238 237.622192 -102 ) (2610.344238 237.622192 -129 ) (2579.013428 323.697266 -129 ) (2579.013428 323.697266 -102 ) 
4 107 109 (2607.053223 246.666595 -134 ) (2610.344971 237.623291 -134 ) (2606.700684 236.296356 -134 ) (2602.855469 245.138794 -134 ) 
4 107 108 (2579.013428 299.967743 -134 ) (2579.013428 323.699219 -134 ) (2600.554932 264.519043 -134 ) (2595.265381 262.593750 -134 ) 
4 108 196 (2595.266602 262.594238 -134 ) (2579.013428 299.971008 -134 ) (2579.013428 299.980560 -146 ) (2595.270264 262.595551 -146 ) 
4 108 168 (2579.013428 299.977386 -146 ) (2579.013428 299.967804 -134 ) (2579.013428 323.699127 -134 ) (2579.013428 323.699127 -146 ) 
4 108 114 (2600.553955 264.518677 -146 ) (2579.013428 323.697266 -146 ) (2579.013428 323.697266 -134 ) (2600.553955 264.518677 -134 ) 
4 108 110 (2579.013428 299.977539 -146 ) (2579.013428 323.699219 -146 ) (2600.554932 264.519043 -146 ) (2595.269043 262.595093 -146 ) 
4 109 204 (2605.522217 239.009949 -134 ) (2602.856934 245.139206 -134 ) (2602.860596 245.140579 -146 ) (2605.529541 239.002747 -146 ) 
4 109 174 (2606.033447 237.834198 -134 ) (2605.522217 239.009949 -134 ) (2605.529541 239.002747 -146 ) (2606.037109 237.835556 -146 ) 
4 109 173 (2606.705566 236.298447 -146 ) (2606.701904 236.297134 -134 ) (2606.033447 237.834198 -134 ) (2606.037109 237.835556 -146 ) 
4 109 115 (2610.344238 237.622192 -134 ) (2610.344238 237.622192 -146 ) (2607.052246 246.666199 -146 ) (2607.052246 246.666199 -134 ) 
4 109 110 (2607.053223 246.666595 -146 ) (2610.344971 237.623291 -146 ) (2606.704346 236.297699 -146 ) (2602.859375 245.140076 -146 ) 
4 110 406 (2592.159912 269.756073 -160 ) (2579.013428 299.988251 -160 ) (2579.013428 323.698883 -160 ) (2592.159912 287.582184 -160 ) 
4 110 400 (2610.344971 237.623230 -160 ) (2606.708496 236.299561 -160 ) (2592.159912 269.756073 -160 ) (2592.159912 287.582184 -160 ) 
4 110 205 (2595.274414 262.597076 -160 ) (2605.538086 238.994141 -160 ) (2605.529541 239.002762 -146 ) (2595.270264 262.595520 -146 ) 
4 110 196 (2579.013428 299.991699 -160 ) (2595.274414 262.597076 -160 ) (2595.270264 262.595520 -146 ) (2579.013428 299.980560 -146 ) 
4 110 174 (2605.538086 238.994141 -160 ) (2606.041260 237.837036 -160 ) (2606.037109 237.835571 -146 ) (2605.529541 239.002762 -146 ) 
4 110 173 (2606.041260 237.837036 -160 ) (2606.709717 236.299973 -160 ) (2606.705566 236.298447 -146 ) (2606.037109 237.835571 -146 ) 
4 110 169 (2579.013428 323.699127 -160 ) (2579.013428 299.988586 -160 ) (2579.013428 299.977386 -146 ) (2579.013428 323.699127 -146 ) 
4 110 116 (2610.344238 237.622192 -146 ) (2610.344238 237.622192 -160 ) (2579.013428 323.697266 -160 ) (2579.013428 323.697266 -146 ) 
4 111 164 (2579.013428 323.699127 -129 ) (2579.013428 323.699127 -102 ) (2579.013428 324.927765 -102 ) (2579.013428 324.927765 -129 ) 
4 111 160 (2637.533447 254.787399 -129 ) (2632.350098 261 -129 ) (2632.350098 261 -102 ) (2637.533447 254.787384 -102 ) 
4 111 156 (2592.159912 309.171295 -129 ) (2579.013428 324.928467 -129 ) (2579.013428 324.928467 -102 ) (2592.159912 309.171295 -102 ) 
4 111 145 (2619.748779 276.103760 -129 ) (2592.159912 309.171295 -129 ) (2592.159912 309.171295 -102 ) (2619.748779 276.103760 -102 ) 
4 111 131 (2628.843506 265.202942 -129 ) (2619.748779 276.103760 -129 ) (2619.748779 276.103760 -102 ) (2628.843506 265.202942 -102 ) 
4 111 117 (2642.183594 249.213776 -102 ) (2642.183594 249.213776 -129 ) (2637.533447 254.787399 -129 ) (2637.533447 254.787384 -102 ) 
3 111 113 (2619.750244 276.099426 -129 ) (2638.731201 253.349365 -129 ) (2629.281982 249.909729 -129 ) 
4 111 112 (2610.339844 237.621094 -129 ) (2608.606201 242.383591 -129 ) (2638.731201 253.349365 -129 ) (2642.182861 249.212341 -129 ) 
4 112 119 (2642.183594 249.213776 -129 ) (2642.183594 249.213776 -134 ) (2638.732178 253.350708 -134 ) (2638.732666 253.349915 -129 ) 
4 112 115 (2610.339844 237.621094 -134 ) (2608.605957 242.384506 -134 ) (2638.730469 253.350159 -134 ) (2642.182861 249.212341 -134 ) 
4 112 113 (2638.730469 253.349609 -134 ) (2629.281494 249.910141 -134 ) (2629.281494 249.909988 -129 ) (2638.730469 253.349609 -129 ) 
4 113 161 (2637.533447 254.787399 -134 ) (2632.350098 261 -134 ) (2632.350098 261 -129 ) (2637.533447 254.787369 -129 ) 
4 113 131 (2628.843506 265.203003 -134 ) (2619.748535 276.104187 -134 ) (2619.748535 276.104004 -129 ) (2628.843506 265.202942 -129 ) 
4 113 119 (2638.732178 253.350708 -134 ) (2637.533447 254.787399 -134 ) (2637.533447 254.787369 -129 ) (2638.732666 253.349915 -129 ) 
4 113 115 (2635.629150 257.067413 -134 ) (2638.730469 253.350159 -134 ) (2629.281494 249.910645 -134 ) (2627.724121 254.190231 -134 ) 
3 113 114 (2619.750488 276.099213 -134 ) (2622.690186 272.575592 -134 ) (2621.226807 272.042908 -134 ) 
4 114 168 (2579.013428 323.699127 -146 ) (2579.013428 323.699127 -134 ) (2579.013428 324.927765 -134 ) (2579.013428 324.927765 -146 ) 
4 114 158 (2592.159912 309.171295 -146 ) (2579.013428 324.928467 -146 ) (2579.013428 324.928467 -134 ) (2592.159912 309.171295 -134 ) 
4 114 146 (2619.748291 276.104462 -146 ) (2592.159912 309.171295 -146 ) (2592.159912 309.171295 -134 ) (2619.748291 276.104462 -134 ) 
4 114 135 (2622.691895 272.576172 -146 ) (2619.748291 276.104462 -146 ) (2619.748291 276.104462 -134 ) (2622.691895 272.576172 -134 ) 
4 114 116 (2600.549805 264.517120 -146 ) (2579.013428 323.683594 -146 ) (2579.013428 324.925659 -146 ) (2622.690430 272.575592 -146 ) 
4 115 162 (2637.533447 254.787384 -146 ) (2635.630615 257.068024 -146 ) (2635.630615 257.068024 -134 ) (2637.533447 254.787384 -134 ) 
4 115 120 (2642.183594 249.213776 -134 ) (2642.183594 249.213776 -146 ) (2637.533447 254.787384 -146 ) (2637.533447 254.787384 -134 ) 
4 115 116 (2610.339844 237.621094 -146 ) (2607.048096 246.664673 -146 ) (2635.629150 257.067474 -146 ) (2642.182861 249.212341 -146 ) 
4 116 406 (2592.159912 287.582184 -160 ) (2579.013428 323.698883 -160 ) (2579.013428 324.927887 -160 ) (2592.159912 309.170898 -160 ) 
5 116 400 (2628.843506 244.356720 -160 ) (2610.344971 237.623230 -160 ) (2592.159912 287.582184 -160 ) (2592.159912 309.170898 -160 ) (2628.843506 265.203064 -160 ) 
3 116 398 (2628.843506 261 -160 ) (2628.843506 265.203064 -160 ) (2632.350342 261 -160 ) 
4 116 399 (2642.184570 249.212875 -160 ) (2628.843506 244.356720 -160 ) (2628.843506 261 -160 ) (2632.350342 261 -160 ) 
4 116 169 (2579.013428 324.927765 -160 ) (2579.013428 323.699127 -160 ) (2579.013428 323.699127 -146 ) (2579.013428 324.927765 -146 ) 
4 116 163 (2637.533447 254.787399 -160 ) (2632.350098 261 -160 ) (2632.350098 261 -146 ) (2637.533447 254.787384 -146 ) 
4 116 159 (2592.159912 309.171295 -160 ) (2579.013428 324.928467 -160 ) (2579.013428 324.928467 -146 ) (2592.159912 309.171295 -146 ) 
4 116 146 (2619.748779 276.103760 -160 ) (2592.159912 309.171295 -160 ) (2592.159912 309.171295 -146 ) (2619.748779 276.103760 -146 ) 
4 116 142 (2628.843506 265.202942 -160 ) (2622.691895 272.576172 -160 ) (2622.691895 272.576172 -146 ) (2628.843506 265.202942 -146 ) 
4 116 135 (2622.691895 272.576172 -160 ) (2619.748779 276.103760 -160 ) (2619.748779 276.103760 -146 ) (2622.691895 272.576172 -146 ) 
4 116 120 (2642.183594 249.213776 -146 ) (2642.183594 249.213776 -160 ) (2637.533447 254.787399 -160 ) (2637.533447 254.787384 -146 ) 
4 117 160 (2671.052246 261 -129 ) (2637.531250 254.786621 -129 ) (2637.531250 254.786621 -102 ) (2671.052246 261 -102 ) 
4 117 132 (2678.212891 262.327301 -102 ) (2678.212891 262.327301 -129 ) (2671.052246 261 -129 ) (2671.052246 261 -102 ) 
4 117 119 (2642.175781 249.214844 -129 ) (2637.527344 254.787109 -129 ) (2649.247314 256.959534 -129 ) (2650.909424 252.392639 -129 ) 
3 117 118 (2671.176270 261.024323 -129 ) (2678.220215 262.329987 -129 ) (2671.580322 259.914032 -129 ) 
4 118 133 (2676.440186 261.998718 -134 ) (2671.176758 261.023102 -134 ) (2671.176758 261.023102 -129 ) (2676.440186 261.998718 -129 ) 
3 118 120 (2671.176270 261.024323 -134 ) (2678.220215 262.329987 -134 ) (2671.580322 259.914032 -134 ) 
4 119 161 (2649.247559 256.958344 -134 ) (2637.531250 254.786621 -134 ) (2637.531250 254.786621 -129 ) (2649.247559 256.958344 -129 ) 
4 119 120 (2642.175781 249.214844 -134 ) (2637.527344 254.787109 -134 ) (2649.247314 256.959534 -134 ) (2650.909424 252.392639 -134 ) 
3 120 399 (2642 249.434097 -160 ) (2637.533691 254.787430 -160 ) (2642 255.615311 -160 ) 
4 120 393 (2678.215820 262.328339 -160 ) (2642.184570 249.212875 -160 ) (2642 249.434097 -160 ) (2642 255.615311 -160 ) 
4 120 162 (2637.531250 254.786621 -146 ) (2637.531250 254.786621 -134 ) (2671.052246 261 -134 ) (2671.052246 261 -146 ) 
4 120 163 (2671.052246 261 -160 ) (2637.531250 254.786621 -160 ) (2637.531250 254.786621 -146 ) (2671.052246 261 -146 ) 
4 120 136 (2678.212891 262.327301 -134 ) (2678.212891 262.327301 -146 ) (2671.052246 261 -146 ) (2671.052246 261 -134 ) 
4 120 137 (2678.212891 262.327301 -146 ) (2678.212891 262.327301 -160 ) (2671.052246 261 -160 ) (2671.052246 261 -146 ) 
4 121 164 (2579.013428 418.841797 -102 ) (2579.013428 418.841797 -129 ) (2579.013428 401.492584 -129 ) (2579.013428 401.492126 -102 ) 
4 121 148 (2583.193848 405 -129 ) (2590.037109 410.742767 -129 ) (2590.037842 410.743103 -102 ) (2583.194336 405 -102 ) 
4 121 147 (2590.037109 410.742767 -129 ) (2592.159912 412.524323 -129 ) (2592.159912 412.523865 -102 ) (2590.037842 410.743103 -102 ) 
4 121 132 (2592.514404 412.821777 -129 ) (2615.524414 432.131866 -129 ) (2615.525391 432.132233 -102 ) (2592.514404 412.821320 -102 ) 
4 121 131 (2592.159912 412.524323 -129 ) (2592.514404 412.821777 -129 ) (2592.514404 412.821320 -102 ) (2592.159912 412.523865 -102 ) 
4 121 123 (2592.515381 412.818665 -129 ) (2579.013428 401.488281 -129 ) (2579.013428 418.839813 -129 ) (2589 422.475250 -129 ) 
3 121 122 (2615.531250 432.132813 -129 ) (2610.446777 427.866028 -129 ) (2609.670166 430 -129 ) 
4 122 133 (2610.445313 427.869568 -134 ) (2615.524170 432.131805 -134 ) (2615.524414 432.131866 -129 ) (2610.445313 427.869446 -129 ) 
3 122 124 (2615.531250 432.132813 -134 ) (2610.446777 427.866028 -134 ) (2609.670166 430 -134 ) 
4 123 165 (2579.013428 418.841797 -129 ) (2579.013428 418.841797 -134 ) (2579.013428 401.492676 -134 ) (2579.013428 401.492584 -129 ) 
4 123 148 (2583.193604 405 -134 ) (2590.036621 410.742645 -134 ) (2590.036865 410.742737 -129 ) (2583.193848 405 -129 ) 
4 123 147 (2590.036621 410.742645 -134 ) (2592.159912 412.524475 -134 ) (2592.159912 412.524353 -129 ) (2590.036865 410.742737 -129 ) 
4 123 131 (2592.159912 412.524475 -134 ) (2592.514160 412.821747 -134 ) (2592.514160 412.821625 -129 ) (2592.159912 412.524353 -129 ) 
5 123 124 (2592.515381 412.818665 -134 ) (2590.045166 410.745697 -134 ) (2579.013428 406.730469 -134 ) (2579.013428 418.839813 -134 ) (2589 422.475250 -134 ) 
4 124 167 (2579.013428 418.841797 -134 ) (2579.013428 418.841797 -146 ) (2579.013428 406.730469 -146 ) (2579.013428 406.730469 -134 ) 
4 124 147 (2590.036377 410.742493 -146 ) (2592.159912 412.524567 -146 ) (2592.159912 412.524475 -134 ) (2590.036621 410.742615 -134 ) 
4 124 143 (2592.159912 412.524567 -146 ) (2615.523682 432.131653 -146 ) (2615.524170 432.131805 -134 ) (2592.159912 412.524475 -134 ) 
4 124 125 (2615.531250 432.132813 -146 ) (2590.045166 410.745697 -146 ) (2579.013428 406.730469 -146 ) (2579.013428 418.839813 -146 ) 
3 125 405 (2579.013428 401.493042 -160 ) (2579.013428 405 -160 ) (2583.192627 405 -160 ) 
5 125 401 (2579.013428 405 -160 ) (2579.013428 418.839813 -160 ) (2592.159912 423.625214 -160 ) (2592.159912 412.524933 -160 ) (2583.192627 405 -160 ) 
3 125 400 (2592.159912 423.625214 -160 ) (2615.521729 432.129059 -160 ) (2592.159912 412.524933 -160 ) 
4 125 169 (2579.013428 418.841797 -146 ) (2579.013428 418.841797 -160 ) (2579.013428 401.493103 -160 ) (2579.013428 401.492859 -146 ) 
4 125 149 (2583.193359 405 -160 ) (2590.035889 410.742340 -160 ) (2590.036377 410.742493 -146 ) (2583.193604 405 -146 ) 
4 125 147 (2590.035889 410.742340 -160 ) (2592.159912 412.524872 -160 ) (2592.159912 412.524628 -146 ) (2590.036377 410.742493 -146 ) 
4 125 144 (2592.159912 412.524872 -160 ) (2615.523193 432.131470 -160 ) (2615.523682 432.131653 -146 ) (2592.159912 412.524628 -146 ) 
4 126 161 (2642 261 -134 ) (2647.776123 261 -134 ) (2647.776123 261 -129 ) (2642 261 -129 ) 
4 126 160 (2647.776123 261 -129 ) (2647.776123 261 -102 ) (2642 261 -102 ) (2642 261 -129 ) 
3 126 136 (2647.776367 261 -134 ) (2646.433594 261 -134 ) (2647.619385 261.431519 -134 ) 
4 126 132 (2647.775391 261 -102 ) (2647.775391 261 -129 ) (2642 276.866699 -129 ) (2642 276.866730 -102 ) 
4 126 130 (2642 274.166687 -134 ) (2642 269.978455 -134 ) (2642 269.978973 -102 ) (2642 274.166687 -102 ) 
4 126 128 (2642 264.521179 -134 ) (2642 261 -134 ) (2642 261 -102 ) (2642 264.521820 -102 ) 
4 126 127 (2642 276.871094 -102 ) (2642 276.871094 -134 ) (2642 274.166687 -134 ) (2642 274.166687 -102 ) 
3 127 135 (2628.843506 274.815186 -134 ) (2628.843506 313.014221 -134 ) (2641.121094 279.283844 -134 ) 
4 127 132 (2628.843506 313.011505 -129 ) (2628.843506 313.011597 -102 ) (2642 276.866730 -102 ) (2642 276.866699 -129 ) 
4 127 130 (2638.480713 274.166687 -134 ) (2642 274.166687 -134 ) (2642 274.166687 -102 ) (2638.480957 274.166687 -102 ) 
4 127 129 (2628.843506 274.166687 -102 ) (2628.843506 274.166687 -134 ) (2633.039795 274.166687 -134 ) (2633.039307 274.166687 -102 ) 
4 127 131 (2628.843506 313.013672 -102 ) (2628.843506 313.013672 -134 ) (2628.843506 274.166687 -134 ) (2628.843506 274.166687 -102 ) 
4 128 161 (2637.806641 261 -134 ) (2642 261 -134 ) (2642 261 -129 ) (2637.806641 261 -129 ) 
4 128 160 (2642 261 -129 ) (2642 261 -102 ) (2637.805908 261 -102 ) (2637.806641 261 -129 ) 
4 129 131 (2628.843506 274.166687 -134 ) (2628.843506 270.654663 -134 ) (2628.843506 270.655121 -102 ) (2628.843506 274.166687 -102 ) 
4 131 157 (2592.159912 391.836029 -134 ) (2592.159912 351.909210 -134 ) (2592.159912 351.909210 -129 ) (2592.159912 391.836029 -129 ) 
4 131 156 (2592.159912 351.909210 -129 ) (2592.159912 351.909302 -102 ) (2592.159912 391.836029 -102 ) (2592.159912 391.836029 -129 ) 
4 131 152 (2592.159912 395.347046 -134 ) (2592.159912 391.836029 -134 ) (2592.159912 391.836029 -102 ) (2592.159912 395.347046 -102 ) 
4 131 150 (2592.159912 405 -134 ) (2592.159912 400.809723 -134 ) (2592.159912 400.809723 -102 ) (2592.159912 405 -102 ) 
4 131 148 (2592.159912 411.515442 -134 ) (2592.159912 405 -134 ) (2592.159912 405 -102 ) (2592.159912 411.515442 -102 ) 
4 131 147 (2592.159912 412.517365 -102 ) (2592.159912 412.517914 -134 ) (2592.159912 411.515442 -134 ) (2592.159912 411.515442 -102 ) 
4 131 145 (2592.159912 351.908203 -102 ) (2592.159912 351.908203 -129 ) (2619.748047 276.104614 -129 ) (2619.748047 276.104614 -102 ) 
4 131 143 (2592.159912 411.515442 -134 ) (2592.159912 412.524506 -134 ) (2592.514160 412.821777 -134 ) (2592.892578 411.782104 -134 ) 
7 131 135 (2622.691650 272.576111 -134 ) (2619.739258 276.114838 -134 ) (2592.159912 351.894531 -134 ) (2592.159912 391.295837 -134 ) (2599.391357 393.927887 -134 ) (2628.843506 313.014221 -134 ) (2628.843506 274.815216 -134 ) 
4 131 132 (2592.513672 412.820251 -129 ) (2592.513916 412.819885 -102 ) (2628.843506 313.011597 -102 ) (2628.843506 313.011505 -129 ) 
4 132 245 (2682 435.038727 -129 ) (2676.115723 442.073029 -129 ) (2676.115723 442.073029 -102 ) (2682 435.038727 -102 ) 
4 132 243 (2689.082031 426.572601 -129 ) (2685.510254 430.842346 -129 ) (2685.510254 430.842346 -102 ) (2689.082031 426.572601 -102 ) 
4 132 234 (2711.057861 400.301880 -102 ) (2711.057861 400.301880 -129 ) (2689.082031 426.572601 -129 ) (2689.082031 426.572601 -102 ) 
4 132 233 (2676.115723 442.073029 -129 ) (2669.570313 449.897522 -129 ) (2669.570313 449.897522 -102 ) (2676.115723 442.073029 -102 ) 
4 132 160 (2671.052734 261 -129 ) (2671.052734 261 -102 ) (2647.776123 261 -102 ) (2647.776123 261 -129 ) 
6 132 134 (2727.830078 280.387695 -129 ) (2701.262695 270.717133 -129 ) (2668.100342 449.625061 -129 ) (2669.569092 449.897278 -129 ) (2711.058838 400.298676 -129 ) (2727.830078 354.237366 -129 ) 
5 132 133 (2676.440186 262 -129 ) (2671.176270 261.023987 -129 ) (2610.444336 427.872375 -129 ) (2615.513428 432.126068 -129 ) (2643.047852 442.148773 -129 ) 
5 133 143 (2613.562988 419.305542 -134 ) (2610.445801 427.869049 -134 ) (2615.522705 432.129425 -134 ) (2643.047852 442.148712 -134 ) (2645.150879 430.802673 -134 ) 
4 133 136 (2676.440186 262 -134 ) (2671.176270 261.023987 -134 ) (2668.289307 268.954926 -134 ) (2674.717285 271.294525 -134 ) 
4 133 135 (2661.791260 286.807190 -134 ) (2620.061768 401.451233 -134 ) (2648.661865 411.860870 -134 ) (2671.206543 290.234039 -134 ) 
4 134 245 (2682 435.038727 -134 ) (2676.115723 442.073029 -134 ) (2676.115723 442.073029 -129 ) (2682 435.038727 -129 ) 
4 134 243 (2689.082031 426.572601 -134 ) (2685.510254 430.842346 -134 ) (2685.510254 430.842346 -129 ) (2689.082031 426.572601 -129 ) 
4 134 234 (2711.057861 400.301880 -129 ) (2711.057861 400.301880 -134 ) (2689.082031 426.572601 -134 ) (2689.082031 426.572601 -129 ) 
4 134 233 (2676.115723 442.073029 -134 ) (2669.570313 449.897522 -134 ) (2669.570313 449.897522 -129 ) (2676.115723 442.073029 -129 ) 
4 134 143 (2669.918213 439.817352 -134 ) (2668.100342 449.625061 -134 ) (2669.568848 449.897278 -134 ) (2676.114258 442.072540 -134 ) 
4 134 136 (2727.830078 280.387695 -134 ) (2701.262695 270.717133 -134 ) (2699.484619 280.309204 -134 ) (2727.830078 290.626129 -134 ) 
6 134 135 (2695.974121 299.248657 -134 ) (2673.429443 420.875519 -134 ) (2689.080566 426.572113 -134 ) (2711.058838 400.298523 -134 ) (2727.830078 354.237366 -134 ) (2727.830078 310.843292 -134 ) 
6 135 400 (2628.843506 274.815094 -160 ) (2622.692139 272.576172 -160 ) (2619.748779 276.103851 -160 ) (2592.159912 351.909271 -160 ) (2592.159912 391.295837 -160 ) (2628.843506 404.647583 -160 ) 
4 135 394 (2642 279.603668 -160 ) (2628.843506 274.815094 -160 ) (2628.843506 404.647583 -160 ) (2642 409.436157 -160 ) 
4 135 393 (2682 294.162476 -160 ) (2642 279.603668 -160 ) (2642 409.436157 -160 ) (2682 423.994965 -160 ) 
5 135 392 (2689.080811 426.572174 -160 ) (2695.156738 419.308746 -160 ) (2695.156738 298.951141 -160 ) (2682 294.162476 -160 ) (2682 423.994965 -160 ) 
5 135 386 (2695.156738 419.308746 -160 ) (2711.059082 400.298401 -160 ) (2727.830078 354.237640 -160 ) (2727.830078 310.843231 -160 ) (2695.156738 298.951141 -160 ) 
4 135 234 (2711.057861 400.301880 -134 ) (2711.057861 400.301880 -160 ) (2689.082031 426.572540 -160 ) (2689.082031 426.572540 -134 ) 
4 135 158 (2592.159912 351.909180 -146 ) (2592.159912 351.909210 -134 ) (2592.159912 391.295837 -134 ) (2592.159912 391.295837 -146 ) 
4 135 159 (2592.159912 391.295837 -160 ) (2592.159912 351.909119 -160 ) (2592.159912 351.909180 -146 ) (2592.159912 391.295837 -146 ) 
4 135 146 (2592.159912 351.908203 -134 ) (2592.159912 351.908203 -160 ) (2619.748047 276.104614 -160 ) (2619.748047 276.104614 -134 ) 
4 135 144 (2592.159912 391.293915 -160 ) (2592.159912 391.293915 -146 ) (2689.082031 426.570709 -146 ) (2689.082031 426.570709 -160 ) 
4 135 142 (2622.691406 272.576172 -146 ) (2622.691406 272.576172 -160 ) (2628.843506 274.815308 -160 ) (2628.843506 274.815308 -146 ) 
4 135 138 (2628.843506 274.815308 -146 ) (2628.843506 274.815308 -160 ) (2642 279.603821 -160 ) (2642 279.603821 -146 ) 
4 135 137 (2727.830078 310.842957 -160 ) (2727.830078 310.842957 -146 ) (2642 279.603821 -146 ) (2642 279.603821 -160 ) 
4 136 162 (2671.052734 261 -146 ) (2671.052734 261 -134 ) (2646.433594 261 -134 ) (2646.433594 261 -146 ) 
5 136 137 (2727.830078 280.387634 -146 ) (2678.210938 262.326172 -146 ) (2671.054688 261 -146 ) (2646.433594 261 -146 ) (2727.830078 290.626099 -146 ) 
6 137 393 (2682 263.705780 -160 ) (2678.215820 262.328339 -160 ) (2671.049561 261 -160 ) (2642 261 -160 ) (2642 279.603668 -160 ) (2682 294.162476 -160 ) 
4 137 392 (2695.156738 268.494873 -160 ) (2682 263.705780 -160 ) (2682 294.162476 -160 ) (2695.156738 298.951141 -160 ) 
4 137 386 (2727.830078 310.843231 -160 ) (2727.830078 280.388092 -160 ) (2695.156738 268.494873 -160 ) (2695.156738 298.951141 -160 ) 
4 137 163 (2642 261 -160 ) (2671.052734 261 -160 ) (2671.052734 261 -146 ) (2642 261 -146 ) 
4 137 141 (2642 274.166687 -160 ) (2642 269.978210 -160 ) (2642 269.978485 -146 ) (2642 274.166687 -146 ) 
4 137 139 (2642 264.520691 -160 ) (2642 261 -160 ) (2642 261 -146 ) (2642 264.520844 -146 ) 
4 137 138 (2642 279.601563 -146 ) (2642 279.601563 -160 ) (2642 274.166687 -160 ) (2642 274.166687 -146 ) 
4 138 394 (2628.843506 274.166687 -160 ) (2628.843506 274.815094 -160 ) (2642 279.603668 -160 ) (2642 274.166687 -160 ) 
4 138 142 (2628.843506 274.812500 -146 ) (2628.843506 274.812500 -160 ) (2628.843506 274.166687 -160 ) (2628.843506 274.166687 -146 ) 
4 138 141 (2638.480225 274.166687 -160 ) (2642 274.166687 -160 ) (2642 274.166687 -146 ) (2638.480713 274.166687 -146 ) 
4 138 140 (2628.843506 274.166687 -146 ) (2628.843506 274.166687 -160 ) (2633.040527 274.166687 -160 ) (2633.040039 274.166687 -146 ) 
3 139 395 (2642 261 -160 ) (2637.807373 261 -160 ) (2642 264.520691 -160 ) 
4 139 163 (2637.807373 261 -160 ) (2642 261 -160 ) (2642 261 -146 ) (2637.806885 261 -146 ) 
3 140 396 (2628.843506 270.654205 -160 ) (2628.843506 274.166687 -160 ) (2633.040527 274.166687 -160 ) 
4 140 142 (2628.843506 274.166687 -160 ) (2628.843506 270.654205 -160 ) (2628.843506 270.654480 -146 ) (2628.843506 274.166687 -146 ) 
3 141 397 (2638.480225 274.166687 -160 ) (2642 274.166687 -160 ) (2642 269.978210 -160 ) 
3 142 400 (2628.843506 265.203247 -160 ) (2622.692139 272.576172 -160 ) (2628.843506 274.815094 -160 ) 
4 143 233 (2669.570313 449.897522 -146 ) (2669.570313 449.897522 -134 ) (2676.115723 442.073029 -134 ) (2676.115723 442.073029 -146 ) 
4 143 147 (2592.159912 412.517914 -134 ) (2592.159912 412.518127 -146 ) (2592.159912 411.515442 -146 ) (2592.159912 411.515442 -134 ) 
6 143 144 (2592.159912 411.515442 -146 ) (2592.159912 412.524689 -146 ) (2615.522217 432.129272 -146 ) (2658.903320 447.920288 -146 ) (2669.568848 449.897278 -146 ) (2676.114258 442.072540 -146 ) 
5 144 400 (2628.843506 404.647583 -160 ) (2592.159912 391.295837 -160 ) (2592.159912 412.524933 -160 ) (2615.521729 432.129059 -160 ) (2628.843506 436.978271 -160 ) 
4 144 394 (2642 409.436157 -160 ) (2628.843506 404.647583 -160 ) (2628.843506 436.978271 -160 ) (2642 441.767334 -160 ) 
6 144 393 (2658.903320 447.920258 -160 ) (2669.569092 449.897278 -160 ) (2682 435.036865 -160 ) (2682 423.994965 -160 ) (2642 409.436157 -160 ) (2642 441.767334 -160 ) 
3 144 388 (2682 435.036865 -160 ) (2685.508789 430.842346 -160 ) (2682 430.842346 -160 ) 
4 144 392 (2685.508789 430.842346 -160 ) (2689.080811 426.572174 -160 ) (2682 423.994965 -160 ) (2682 430.842346 -160 ) 
4 144 246 (2682 435.038696 -160 ) (2676.115723 442.073029 -160 ) (2676.115723 442.073029 -146 ) (2682 435.038696 -146 ) 
4 144 244 (2689.082031 426.572540 -160 ) (2685.510254 430.842346 -160 ) (2685.510254 430.842346 -146 ) (2689.082031 426.572540 -146 ) 
4 144 233 (2676.115723 442.073029 -160 ) (2669.570313 449.897522 -160 ) (2669.570313 449.897522 -146 ) (2676.115723 442.073029 -146 ) 
4 144 159 (2592.159912 391.836029 -160 ) (2592.159912 391.295837 -160 ) (2592.159912 391.295837 -146 ) (2592.159912 391.836029 -146 ) 
4 144 155 (2592.159912 395.347046 -160 ) (2592.159912 391.836029 -160 ) (2592.159912 391.836029 -146 ) (2592.159912 395.347046 -146 ) 
4 144 153 (2592.159912 405 -160 ) (2592.159912 400.809723 -160 ) (2592.159912 400.809723 -146 ) (2592.159912 405 -146 ) 
4 144 149 (2592.159912 411.515442 -160 ) (2592.159912 405 -160 ) (2592.159912 405 -146 ) (2592.159912 411.515442 -146 ) 
4 144 147 (2592.159912 412.518127 -146 ) (2592.159912 412.518372 -160 ) (2592.159912 411.515442 -160 ) (2592.159912 411.515442 -146 ) 
4 145 156 (2592.159912 309.170746 -129 ) (2592.159912 309.170746 -102 ) (2592.159912 351.909302 -102 ) (2592.159912 351.909210 -129 ) 
3 146 400 (2619.748779 276.103851 -160 ) (2592.159912 309.170929 -160 ) (2592.159912 351.909271 -160 ) 
4 146 158 (2592.159912 309.170746 -146 ) (2592.159912 309.170746 -134 ) (2592.159912 351.909210 -134 ) (2592.159912 351.909180 -146 ) 
4 146 159 (2592.159912 351.909119 -160 ) (2592.159912 309.170746 -160 ) (2592.159912 309.170746 -146 ) (2592.159912 351.909180 -146 ) 
3 147 401 (2590.035400 410.742188 -160 ) (2592.159912 412.524933 -160 ) (2592.159912 411.515442 -160 ) 
4 147 148 (2592.159912 411.516602 -134 ) (2592.159912 411.516602 -102 ) (2590.038086 410.744476 -102 ) (2590.036865 410.744049 -134 ) 
4 147 149 (2592.159912 411.516602 -160 ) (2592.159912 411.516602 -146 ) (2590.036377 410.743896 -146 ) (2590.035889 410.743713 -160 ) 
4 148 150 (2588.650635 405 -134 ) (2592.159912 405 -134 ) (2592.159912 405 -102 ) (2588.650635 405 -102 ) 
4 149 401 (2583.192627 405 -160 ) (2590.035400 410.742188 -160 ) (2592.159912 411.515442 -160 ) (2592.159912 405 -160 ) 
4 149 153 (2588.650391 405 -160 ) (2592.159912 405 -160 ) (2592.159912 405 -146 ) (2588.650635 405 -146 ) 
4 151 165 (2579.013428 391.836029 -134 ) (2579.013428 391.836029 -129 ) (2579.013428 396.007935 -129 ) (2579.013428 396.007935 -134 ) 
4 151 164 (2579.013428 391.836029 -129 ) (2579.013428 391.836029 -102 ) (2579.013428 396.007874 -102 ) (2579.013428 396.007935 -129 ) 
4 151 157 (2579.013428 391.836029 -129 ) (2579.013428 391.836029 -134 ) (2582.518311 391.836029 -134 ) (2582.518311 391.836029 -129 ) 
4 151 156 (2579.013428 391.836029 -102 ) (2579.013428 391.836029 -129 ) (2582.518311 391.836029 -129 ) (2582.518311 391.836029 -102 ) 
4 152 157 (2587.985352 391.836029 -134 ) (2592.159912 391.836029 -134 ) (2592.159912 391.836029 -129 ) (2587.985352 391.836029 -129 ) 
4 152 156 (2592.159912 391.836029 -129 ) (2592.159912 391.836029 -102 ) (2587.985352 391.836029 -102 ) (2587.985352 391.836029 -129 ) 
3 153 402 (2588.650391 405 -160 ) (2592.159912 405 -160 ) (2592.159912 400.809723 -160 ) 
3 154 403 (2579.013428 391.836029 -160 ) (2579.013428 396.007935 -160 ) (2582.518311 391.836029 -160 ) 
4 154 169 (2579.013428 396.007965 -160 ) (2579.013428 391.836029 -160 ) (2579.013428 391.836029 -146 ) (2579.013428 396.007843 -146 ) 
4 154 159 (2579.013428 391.836029 -146 ) (2579.013428 391.836029 -160 ) (2582.518311 391.836029 -160 ) (2582.518311 391.836029 -146 ) 
3 155 404 (2592.159912 395.347046 -160 ) (2592.159912 391.836029 -160 ) (2587.985352 391.836029 -160 ) 
4 155 159 (2587.985352 391.836029 -160 ) (2592.159912 391.836029 -160 ) (2592.159912 391.836029 -146 ) (2587.985352 391.836029 -146 ) 
4 156 164 (2579.013428 324.927765 -129 ) (2579.013428 324.927765 -102 ) (2579.013428 391.836029 -102 ) (2579.013428 391.836029 -129 ) 
4 156 157 (2579.013428 391.836029 -129 ) (2592.159912 391.836029 -129 ) (2592.159912 351.909363 -129 ) (2579.013428 388.031830 -129 ) 
4 157 165 (2579.013428 388.031799 -129 ) (2579.013428 391.836029 -129 ) (2579.013428 391.836029 -134 ) (2579.013428 388.031799 -134 ) 
3 157 158 (2592.159912 391.295898 -134 ) (2592.159912 351.909363 -134 ) (2579.502197 386.688812 -134 ) 
4 158 168 (2579.013428 324.927765 -146 ) (2579.013428 324.927765 -134 ) (2579.013428 386.510864 -134 ) (2579.013428 386.510864 -146 ) 
4 158 159 (2592.159912 391.295898 -146 ) (2592.159912 309.170746 -146 ) (2579.013428 324.927765 -146 ) (2579.013428 386.510864 -146 ) 
4 159 406 (2592.159912 309.170929 -160 ) (2579.013428 324.927887 -160 ) (2579.013428 391.836029 -160 ) (2592.159912 391.836029 -160 ) 
4 159 169 (2579.013428 391.836029 -160 ) (2579.013428 324.927765 -160 ) (2579.013428 324.927765 -146 ) (2579.013428 391.836029 -146 ) 
4 160 161 (2632.355469 261 -129 ) (2647.776367 261 -129 ) (2649.247314 256.958496 -129 ) (2637.533691 254.787231 -129 ) 
5 161 162 (2646.433594 261 -134 ) (2647.776367 261 -134 ) (2649.247314 256.958496 -134 ) (2637.533691 254.787231 -134 ) (2635.632324 257.068542 -134 ) 
4 162 163 (2646.433594 261 -146 ) (2671.050781 261 -146 ) (2637.533691 254.787231 -146 ) (2635.632324 257.068542 -146 ) 
4 163 399 (2642 255.615311 -160 ) (2637.533691 254.787430 -160 ) (2632.350342 261 -160 ) (2642 261 -160 ) 
3 163 393 (2671.049561 261 -160 ) (2642 255.615311 -160 ) (2642 261 -160 ) 
4 164 193 (2579.013428 299.967041 -129 ) (2579.013428 299.945526 -102 ) (2534.588623 402.106873 -102 ) (2534.596680 402.109833 -129 ) 
4 164 180 (2534.588623 402.106873 -102 ) (2534.377686 402.592041 -102 ) (2534.385742 402.595001 -129 ) (2534.596680 402.109833 -129 ) 
4 164 166 (2534.378906 402.597656 -129 ) (2548.432373 407.712860 -129 ) (2579.013428 323.699158 -129 ) (2579.013428 299.963470 -129 ) 
3 164 165 (2569.111328 415.239563 -129 ) (2579.013428 418.843750 -129 ) (2579.013428 388.031830 -129 ) 
4 165 167 (2569.111328 415.239563 -134 ) (2579.013428 418.843750 -134 ) (2579.013428 406.730469 -134 ) (2573.004150 404.543274 -134 ) 
4 166 168 (2558.824707 379.162781 -134 ) (2579.013428 323.699127 -134 ) (2579.013428 299.967743 -134 ) (2546.518799 374.683868 -134 ) 
4 166 167 (2534.378906 402.597656 -134 ) (2548.432373 407.712860 -134 ) (2552.325684 397.016907 -134 ) (2538.927002 392.140106 -134 ) 
4 167 195 (2538.932861 392.142273 -134 ) (2534.598145 402.110413 -134 ) (2534.601807 402.111725 -146 ) (2538.936523 392.143555 -146 ) 
4 167 182 (2534.598145 402.110413 -134 ) (2534.387207 402.595551 -134 ) (2534.390869 402.596863 -146 ) (2534.601807 402.111725 -146 ) 
4 167 169 (2534.386719 402.601563 -146 ) (2579.013428 418.843750 -146 ) (2579.013428 406.730469 -146 ) (2538.934814 392.142914 -146 ) 
4 168 196 (2579.013428 299.980560 -146 ) (2579.013428 299.971008 -134 ) (2546.523926 374.685669 -134 ) (2546.527588 374.686951 -146 ) 
3 168 169 (2579.013428 386.510864 -146 ) (2579.013428 299.977539 -146 ) (2546.525879 374.686401 -146 ) 
3 169 408 (2535.989990 398.926666 -160 ) (2534.393555 402.597900 -160 ) (2535.989990 403.179016 -160 ) 
4 169 407 (2579.013428 299.988251 -160 ) (2535.989990 398.926666 -160 ) (2535.989990 403.179016 -160 ) (2579.013428 418.839813 -160 ) 
4 169 197 (2538.940674 392.145081 -160 ) (2546.531738 374.688446 -160 ) (2546.527588 374.686951 -146 ) (2538.936523 392.143524 -146 ) 
4 169 196 (2546.531738 374.688446 -160 ) (2579.013428 299.991699 -160 ) (2579.013428 299.980560 -146 ) (2546.527588 374.686951 -146 ) 
4 169 195 (2534.605957 402.113220 -160 ) (2538.940674 392.145081 -160 ) (2538.936523 392.143524 -146 ) (2534.601807 402.111725 -146 ) 
4 169 182 (2534.395020 402.598389 -160 ) (2534.605957 402.113220 -160 ) (2534.601807 402.111725 -146 ) (2534.390869 402.596863 -146 ) 
4 170 344 (2489.993164 195.058456 -102 ) (2489.853760 195.544617 -102 ) (2489.853760 195.544617 -129 ) (2489.991699 195.063461 -129 ) 
4 170 332 (2490.372070 193.737244 -102 ) (2489.993164 195.058456 -102 ) (2489.991699 195.063461 -129 ) (2490.377197 193.719421 -129 ) 
4 170 321 (2490.971436 191.646622 -102 ) (2490.372070 193.737244 -102 ) (2490.377197 193.719421 -129 ) (2490.971436 191.646622 -129 ) 
4 170 248 (2491.843750 188.605072 -129 ) (2491.843750 188.605072 -102 ) (2490.971436 191.646622 -102 ) (2490.971436 191.646622 -129 ) 
4 170 222 (2526.580811 208.912857 -129 ) (2489.852295 195.543732 -129 ) (2489.852295 195.543732 -102 ) (2526.580811 208.912811 -102 ) 
4 170 218 (2565.281982 223 -129 ) (2535.432617 212.134857 -129 ) (2535.432617 212.134827 -102 ) (2565.282227 223 -102 ) 
4 170 193 (2586.211914 230.618469 -129 ) (2565.281982 223 -129 ) (2565.282227 223 -102 ) (2585.878906 230.497208 -102 ) 
4 170 183 (2535.432617 212.134857 -129 ) (2526.580811 208.912857 -129 ) (2526.580811 208.912811 -102 ) (2535.432617 212.134827 -102 ) 
4 170 174 (2606.022705 237.829514 -102 ) (2606.030762 237.832458 -129 ) (2586.211914 230.618469 -129 ) (2585.878906 230.497208 -102 ) 
4 170 172 (2572.586670 225.661377 -129 ) (2606.027344 237.833984 -129 ) (2608.905518 231.215424 -129 ) (2575.050537 218.892136 -129 ) 
4 170 171 (2491.845703 188.605469 -129 ) (2489.855469 195.546875 -129 ) (2548.156250 216.768631 -129 ) (2550.620361 210 -129 ) 
4 171 333 (2490.377197 193.719421 -129 ) (2489.991699 195.063461 -129 ) (2489.991455 195.064407 -134 ) (2490.377930 193.716125 -134 ) 
4 171 322 (2490.971436 191.646622 -129 ) (2490.377197 193.719421 -129 ) (2490.377930 193.716125 -134 ) (2490.971436 191.646622 -134 ) 
4 171 249 (2491.843750 188.605072 -134 ) (2491.843750 188.605072 -129 ) (2490.971436 191.646622 -129 ) (2490.971436 191.646622 -134 ) 
4 171 223 (2505.910645 201.388947 -134 ) (2489.852295 195.543732 -134 ) (2489.852295 195.543732 -129 ) (2505.910645 201.388947 -129 ) 
4 171 219 (2548.156982 216.766541 -134 ) (2535.432617 212.134842 -134 ) (2535.432617 212.134811 -129 ) (2548.156982 216.766510 -129 ) 
4 171 183 (2535.432617 212.134842 -134 ) (2526.580811 208.912827 -134 ) (2526.580811 208.912796 -129 ) (2535.432617 212.134811 -129 ) 
4 171 173 (2491.845703 188.605469 -134 ) (2489.855469 195.546875 -134 ) (2548.156250 216.768631 -134 ) (2550.620361 210 -134 ) 
4 172 194 (2586.273438 230.640884 -134 ) (2572.587402 225.659164 -134 ) (2572.587402 225.659164 -129 ) (2586.212646 230.618698 -129 ) 
4 172 174 (2606.030762 237.832458 -129 ) (2606.032227 237.833008 -134 ) (2586.273438 230.640884 -134 ) (2586.212646 230.618698 -129 ) 
4 172 173 (2572.586670 225.661377 -134 ) (2606.027344 237.833984 -134 ) (2608.905518 231.215424 -134 ) (2575.050537 218.892136 -134 ) 
4 173 448 (2522.840332 199.887497 -160 ) (2491.843262 188.604507 -160 ) (2489.853271 195.544342 -160 ) (2522.840332 207.551712 -160 ) 
4 173 414 (2535.989990 204.673996 -160 ) (2522.840332 199.887497 -160 ) (2522.840332 207.551712 -160 ) (2535.989990 212.338226 -160 ) 
4 173 407 (2579.013428 220.334610 -160 ) (2535.989990 204.673996 -160 ) (2535.989990 212.338226 -160 ) (2579.013428 227.998871 -160 ) 
4 173 406 (2592.159912 225.119949 -160 ) (2579.013428 220.334610 -160 ) (2579.013428 227.998871 -160 ) (2592.159912 232.784225 -160 ) 
4 173 400 (2606.040039 237.836624 -160 ) (2608.917480 231.219742 -160 ) (2592.159912 225.119949 -160 ) (2592.159912 232.784225 -160 ) 
4 173 347 (2489.990723 195.066635 -146 ) (2489.991455 195.064392 -134 ) (2489.853760 195.544617 -134 ) (2489.853760 195.544617 -146 ) 
4 173 348 (2489.853760 195.544617 -160 ) (2489.989990 195.069260 -160 ) (2489.990723 195.066635 -146 ) (2489.853760 195.544617 -146 ) 
4 173 335 (2489.989990 195.069260 -160 ) (2490.383057 193.698959 -160 ) (2490.377930 193.716125 -134 ) (2489.991455 195.064392 -134 ) 
4 173 323 (2490.383057 193.698959 -160 ) (2490.971436 191.646622 -160 ) (2490.971436 191.646622 -134 ) (2490.377930 193.716125 -134 ) 
4 173 251 (2490.971436 191.646622 -160 ) (2491.843750 188.605072 -160 ) (2491.843750 188.605072 -134 ) (2490.971436 191.646622 -134 ) 
4 173 225 (2489.852295 195.543732 -146 ) (2489.852295 195.543732 -134 ) (2526.580811 208.912857 -134 ) (2526.580811 208.912857 -146 ) 
4 173 226 (2526.580811 208.912842 -160 ) (2489.852295 195.543732 -160 ) (2489.852295 195.543732 -146 ) (2526.580811 208.912857 -146 ) 
4 173 220 (2535.432617 212.134872 -146 ) (2535.432617 212.134872 -134 ) (2565.281982 223 -134 ) (2565.281982 223 -146 ) 
4 173 221 (2565.281982 223 -160 ) (2535.432617 212.134857 -160 ) (2535.432617 212.134872 -146 ) (2565.281982 223 -146 ) 
4 173 204 (2565.281982 223 -146 ) (2565.281982 223 -134 ) (2586.272705 230.640594 -134 ) (2586.420654 230.694504 -146 ) 
4 173 205 (2586.593506 230.757385 -160 ) (2565.281982 223 -160 ) (2565.281982 223 -146 ) (2586.420654 230.694504 -146 ) 
4 173 184 (2526.580811 208.912857 -146 ) (2526.580811 208.912857 -134 ) (2535.432617 212.134872 -134 ) (2535.432617 212.134872 -146 ) 
4 173 185 (2535.432617 212.134857 -160 ) (2526.580811 208.912842 -160 ) (2526.580811 208.912857 -146 ) (2535.432617 212.134872 -146 ) 
4 173 174 (2606.032227 237.833008 -134 ) (2606.040039 237.835846 -160 ) (2586.593506 230.757385 -160 ) (2586.272705 230.640594 -134 ) 
3 174 406 (2592.159912 232.784225 -160 ) (2586.603760 230.761780 -160 ) (2592.159912 233.177521 -160 ) 
4 174 400 (2605.536865 238.993622 -160 ) (2606.040039 237.836624 -160 ) (2592.159912 232.784225 -160 ) (2592.159912 233.177521 -160 ) 
4 174 204 (2605.520508 239.010406 -134 ) (2605.527832 239.003143 -146 ) (2586.436035 230.702347 -146 ) (2586.288574 230.648636 -134 ) 
4 174 205 (2605.527832 239.003143 -146 ) (2605.536377 238.994675 -160 ) (2586.608154 230.765015 -160 ) (2586.436035 230.702347 -146 ) 
4 174 194 (2587.178711 231.035690 -134 ) (2586.288574 230.648636 -134 ) (2586.227051 230.626251 -129 ) (2587.177002 231.039276 -129 ) 
4 174 193 (2605.500977 239.029755 -102 ) (2605.517578 239.013428 -129 ) (2586.227051 230.626251 -129 ) (2585.895020 230.505402 -102 ) 
4 175 344 (2440.364502 368.135559 -129 ) (2441.273682 364.964752 -129 ) (2441.273438 364.964722 -102 ) (2440.364258 368.135498 -102 ) 
4 175 324 (2440.101074 369.054230 -129 ) (2440.364502 368.135559 -129 ) (2440.364258 368.135498 -102 ) (2440.102539 369.048401 -102 ) 
4 175 247 (2438.900391 373.240875 -102 ) (2438.899902 373.242615 -129 ) (2440.101074 369.054230 -129 ) (2440.102539 369.048401 -102 ) 
4 175 227 (2441.273438 364.962860 -102 ) (2441.273438 364.962860 -129 ) (2477 380.498260 -129 ) (2477 380.498199 -102 ) 
4 175 187 (2477 380.498260 -129 ) (2486.120361 384.464172 -129 ) (2486.121094 384.464417 -102 ) (2477 380.498199 -102 ) 
4 175 180 (2486.120361 384.464172 -129 ) (2533.340088 404.997192 -129 ) (2533.332275 404.993744 -102 ) (2486.121094 384.464417 -102 ) 
4 175 178 (2444 371.475128 -129 ) (2442.835693 374.674805 -129 ) (2463.506104 382.196716 -129 ) (2464.670166 379 -129 ) 
4 175 177 (2445.675049 366.874237 -129 ) (2441.274170 364.960541 -129 ) (2438.899414 373.242432 -129 ) (2442.835693 374.674805 -129 ) 
4 175 176 (2533.343750 404.996094 -129 ) (2465.884766 375.662231 -129 ) (2463.506104 382.196716 -129 ) (2532.362305 407.253235 -129 ) 
4 176 228 (2465.884033 375.664551 -134 ) (2477 380.498199 -134 ) (2477 380.498230 -129 ) (2465.884033 375.664551 -129 ) 
4 176 187 (2477 380.498199 -134 ) (2486.121094 384.464417 -134 ) (2486.120850 384.464355 -129 ) (2477 380.498230 -129 ) 
4 176 181 (2486.121094 384.464417 -134 ) (2515.001221 397.022705 -134 ) (2515 397.022491 -129 ) (2486.120850 384.464355 -129 ) 
4 176 178 (2463.506592 382.197296 -134 ) (2464.670654 379 -134 ) (2464.670898 379 -129 ) (2463.506836 382.197021 -129 ) 
4 176 179 (2533.343750 404.996094 -134 ) (2465.884766 375.662231 -134 ) (2463.506104 382.197144 -134 ) (2532.362061 407.253540 -134 ) 
4 177 247 (2438.899902 373.242615 -129 ) (2438.899902 373.242920 -134 ) (2440.100830 369.055298 -134 ) (2440.101074 369.054230 -129 ) 
4 177 229 (2441.273438 364.962860 -129 ) (2441.273438 364.962860 -134 ) (2445.674316 366.876556 -134 ) (2445.674316 366.876556 -129 ) 
4 177 178 (2444 371.474640 -134 ) (2442.834229 374.674652 -134 ) (2442.834473 374.674347 -129 ) (2444 371.474670 -129 ) 
4 177 179 (2445.675049 366.874237 -134 ) (2441.274170 364.960541 -134 ) (2438.899170 373.242767 -134 ) (2442.835693 374.675232 -134 ) 
4 178 179 (2444 371.475159 -134 ) (2442.835693 374.675232 -134 ) (2463.506104 382.197144 -134 ) (2464.670166 379 -134 ) 
4 179 425 (2438.898438 373.244354 -160 ) (2477 387.109344 -160 ) (2477 380.500031 -160 ) (2441.272705 364.964355 -160 ) 
4 179 417 (2477 387.109344 -160 ) (2490.163330 391.899445 -160 ) (2490.163330 386.223999 -160 ) (2477 380.500031 -160 ) 
4 179 416 (2490.163330 391.899445 -160 ) (2522.840332 403.790466 -160 ) (2522.840332 400.433289 -160 ) (2490.163330 386.223999 -160 ) 
4 179 408 (2522.840332 403.790466 -160 ) (2532.367432 407.257355 -160 ) (2533.347900 405.002411 -160 ) (2522.840332 400.433289 -160 ) 
4 179 349 (2441.273682 364.964752 -146 ) (2441.273682 364.964752 -134 ) (2440.364502 368.135559 -134 ) (2440.364502 368.135559 -146 ) 
4 179 350 (2440.364502 368.135559 -160 ) (2441.273682 364.964752 -160 ) (2441.273682 364.964752 -146 ) (2440.364502 368.135559 -146 ) 
4 179 326 (2440.099121 369.060852 -160 ) (2440.364502 368.135559 -160 ) (2440.364502 368.135559 -134 ) (2440.100830 369.055298 -134 ) 
4 179 247 (2438.899902 373.242920 -134 ) (2438.899414 373.244598 -160 ) (2440.099121 369.060852 -160 ) (2440.100830 369.055298 -134 ) 
4 179 230 (2441.273438 364.962860 -134 ) (2441.273438 364.962860 -146 ) (2477 380.498260 -146 ) (2477 380.498260 -134 ) 
4 179 232 (2441.273438 364.962860 -146 ) (2441.273438 364.962860 -160 ) (2477 380.498230 -160 ) (2477 380.498260 -146 ) 
4 179 195 (2477 380.498230 -160 ) (2486.120605 384.464233 -160 ) (2486.120605 384.464294 -134 ) (2477 380.498260 -134 ) 
4 179 182 (2486.120605 384.464233 -160 ) (2533.349121 405.001129 -160 ) (2533.341553 404.997833 -134 ) (2486.120605 384.464294 -134 ) 
4 180 193 (2487 384.784393 -129 ) (2534.595215 402.109253 -129 ) (2534.587158 402.106293 -102 ) (2487 384.784393 -102 ) 
4 180 187 (2486.117188 384.462891 -102 ) (2486.117188 384.462891 -129 ) (2487 384.784393 -129 ) (2487 384.784393 -102 ) 
3 180 181 (2515.768799 395.255951 -129 ) (2486.085938 384.451172 -129 ) (2515 397.024170 -129 ) 
4 181 194 (2511.430420 393.677063 -134 ) (2515.769287 395.256470 -134 ) (2515.768799 395.256287 -129 ) (2511.430420 393.677063 -129 ) 
4 181 187 (2486.117188 384.462891 -129 ) (2486.117188 384.462891 -134 ) (2487 384.784393 -134 ) (2487 384.784393 -129 ) 
3 181 182 (2515.769287 395.256104 -134 ) (2486.085938 384.451172 -134 ) (2515 397.024353 -134 ) 
3 182 417 (2490.163330 385.935791 -160 ) (2486.094971 384.454865 -160 ) (2490.163330 386.223969 -160 ) 
4 182 416 (2522.840332 397.830444 -160 ) (2490.163330 385.935791 -160 ) (2490.163330 386.223969 -160 ) (2522.840332 400.433289 -160 ) 
4 182 408 (2533.347900 405.002411 -160 ) (2534.604492 402.112671 -160 ) (2522.840332 397.830444 -160 ) (2522.840332 400.433289 -160 ) 
4 182 195 (2486.117188 384.462891 -134 ) (2486.117188 384.462891 -160 ) (2534.604492 402.112640 -160 ) (2534.596680 402.109802 -134 ) 
4 183 222 (2526.582520 208.913818 -129 ) (2526.582520 208.913818 -102 ) (2517.679443 233.372726 -102 ) (2517.679443 233.372711 -129 ) 
4 183 219 (2535.430908 212.134689 -129 ) (2535.430908 212.134689 -134 ) (2526.348633 223 -134 ) (2526.348633 223 -129 ) 
4 183 218 (2526.348633 223 -102 ) (2535.430908 212.134689 -102 ) (2535.430908 212.134689 -129 ) (2526.348633 223 -129 ) 
4 183 216 (2517.677734 233.373047 -134 ) (2517.677734 233.373047 -102 ) (2522.840332 227.197006 -102 ) (2522.840332 227.197006 -134 ) 
4 183 184 (2526.584961 208.914734 -134 ) (2523.864258 216.388000 -134 ) (2530.009766 218.624802 -134 ) (2535.434082 212.135757 -134 ) 
4 184 225 (2526.582520 208.913818 -146 ) (2526.582520 208.913818 -134 ) (2523.862305 216.387238 -134 ) (2523.862305 216.387238 -146 ) 
4 184 220 (2530.006836 218.623718 -134 ) (2535.430908 212.134689 -134 ) (2535.430908 212.134689 -146 ) (2530.006836 218.623718 -146 ) 
4 184 185 (2526.584229 208.914536 -146 ) (2523.863770 216.387817 -146 ) (2530.009521 218.624786 -146 ) (2535.433838 212.135773 -146 ) 
3 185 448 (2522.840332 219.188751 -160 ) (2517.676025 233.376663 -160 ) (2522.840332 227.198639 -160 ) 
3 185 412 (2522.840332 223 -160 ) (2522.840332 227.198639 -160 ) (2526.350098 223 -160 ) 
5 185 414 (2535.432129 212.135162 -160 ) (2526.580566 208.913208 -160 ) (2522.840332 219.188751 -160 ) (2522.840332 223 -160 ) (2526.350098 223 -160 ) 
4 185 226 (2517.679443 233.372711 -160 ) (2526.582520 208.913818 -160 ) (2526.582520 208.913818 -146 ) (2517.679443 233.372711 -146 ) 
4 185 221 (2526.348633 223 -146 ) (2535.430908 212.134689 -146 ) (2535.430908 212.134689 -160 ) (2526.348633 223 -160 ) 
4 185 217 (2517.677734 233.373047 -160 ) (2517.677734 233.373047 -146 ) (2522.840332 227.197006 -146 ) (2522.840332 227.197006 -160 ) 
4 186 222 (2504.743164 268.911804 -129 ) (2504.743164 268.911835 -102 ) (2490.163330 308.966125 -102 ) (2490.163330 308.966095 -129 ) 
4 186 219 (2543.608887 223 -129 ) (2543.608887 223 -134 ) (2545.888184 223 -134 ) (2545.888184 223 -129 ) 
4 186 218 (2545.888184 223 -102 ) (2543.608887 223 -102 ) (2543.608887 223 -129 ) (2545.888184 223 -129 ) 
4 186 210 (2530.153809 238.895111 -134 ) (2532.462891 236.167343 -134 ) (2532.462891 236.167343 -102 ) (2530.153809 238.895111 -102 ) 
4 186 208 (2535.989990 232 -134 ) (2543.237549 223.439331 -134 ) (2543.237549 223.439331 -102 ) (2535.989990 232 -102 ) 
4 186 207 (2543.237549 223.439331 -134 ) (2543.609375 223 -134 ) (2543.609375 223 -102 ) (2543.237549 223.439331 -102 ) 
4 186 206 (2504.739990 268.916168 -102 ) (2504.739990 268.916168 -134 ) (2530.153809 238.895111 -134 ) (2530.153809 238.895111 -102 ) 
4 186 204 (2545.888184 223 -134 ) (2543.609375 223 -134 ) (2543.237549 223.439331 -134 ) (2545.436768 224.239883 -134 ) 
6 186 196 (2530.153809 238.895111 -134 ) (2504.739990 268.916229 -134 ) (2490.163330 308.962494 -134 ) (2490.163330 354.172119 -134 ) (2497.209473 356.736755 -134 ) (2538.938721 242.092499 -134 ) 
3 186 195 (2490.163330 374.391479 -134 ) (2490.163330 376.095123 -134 ) (2490.710938 374.590790 -134 ) 
4 186 193 (2545.887939 223 -102 ) (2545.887939 223 -129 ) (2490.163330 376.094360 -129 ) (2490.163330 376.094360 -102 ) 
4 186 190 (2490.163330 369 -134 ) (2490.163330 364.804901 -134 ) (2490.163330 364.804962 -102 ) (2490.163330 369 -102 ) 
4 186 189 (2490.163330 359.366180 -134 ) (2490.163330 355.838348 -134 ) (2490.163330 355.838348 -102 ) (2490.163330 359.366333 -102 ) 
4 186 187 (2490.163330 376.091797 -102 ) (2490.163330 376.091797 -134 ) (2490.163330 369 -134 ) (2490.163330 369 -102 ) 
4 186 192 (2490.163330 355.838348 -134 ) (2490.163330 308.962036 -134 ) (2490.163330 308.962036 -102 ) (2490.163330 355.838348 -102 ) 
4 187 228 (2477 380.501953 -129 ) (2477 380.501953 -134 ) (2477 369 -134 ) (2477 369 -129 ) 
4 187 227 (2477 380.501953 -102 ) (2477 380.501953 -129 ) (2477 369 -129 ) (2477 369 -102 ) 
6 187 195 (2477 369.600433 -134 ) (2477 380.499969 -134 ) (2486.096436 384.455414 -134 ) (2487 384.784515 -134 ) (2490.163330 376.095123 -134 ) (2490.163330 374.391479 -134 ) 
4 187 193 (2487 384.784424 -129 ) (2487 384.784424 -102 ) (2490.163330 376.094360 -102 ) (2490.163330 376.094360 -129 ) 
4 187 191 (2477 369 -102 ) (2477 369 -134 ) (2481.178955 369 -134 ) (2481.178711 369 -102 ) 
4 187 190 (2486.659912 369 -134 ) (2490.163330 369 -134 ) (2490.163330 369 -102 ) (2486.659912 369 -102 ) 
4 188 228 (2477 360.044983 -134 ) (2477 355.838348 -134 ) (2477 355.838348 -129 ) (2477 360.044983 -129 ) 
4 188 227 (2477 355.838348 -129 ) (2477 355.838348 -102 ) (2477 360.044983 -102 ) (2477 360.044983 -129 ) 
4 188 192 (2477 355.838348 -102 ) (2477 355.838348 -134 ) (2480.524658 355.838348 -134 ) (2480.524658 355.838348 -102 ) 
4 189 192 (2485.972168 355.838348 -134 ) (2490.163330 355.838348 -134 ) (2490.163330 355.838348 -102 ) (2485.971924 355.838348 -102 ) 
4 191 228 (2477 369 -134 ) (2477 365.482849 -134 ) (2477 365.482880 -129 ) (2477 369 -129 ) 
4 191 227 (2477 365.482880 -129 ) (2477 365.483002 -102 ) (2477 369 -102 ) (2477 369 -129 ) 
4 192 228 (2477 355.838348 -134 ) (2477 345.125824 -134 ) (2477 345.125824 -129 ) (2477 355.838348 -129 ) 
4 192 227 (2477 345.125824 -129 ) (2477 345.125824 -102 ) (2477 355.838348 -102 ) (2477 355.838348 -129 ) 
4 192 222 (2477 345.128906 -102 ) (2477 345.128906 -129 ) (2490.163330 308.966095 -129 ) (2490.163330 308.966125 -102 ) 
4 192 196 (2490.163330 308.962494 -134 ) (2477 345.125946 -134 ) (2477 349.381042 -134 ) (2490.163330 354.172119 -134 ) 
4 193 218 (2565.280273 223 -129 ) (2565.280273 223 -102 ) (2545.888184 223 -102 ) (2545.888184 223 -129 ) 
5 193 194 (2511.430420 393.677124 -129 ) (2515.768799 395.256287 -129 ) (2587.177002 231.038879 -129 ) (2586.208984 230.618042 -129 ) (2572.587402 225.659760 -129 ) 
5 194 204 (2584.026367 238.285431 -134 ) (2587.179199 231.034836 -134 ) (2586.281006 230.644287 -134 ) (2572.587402 225.659775 -134 ) (2569.867676 233.132004 -134 ) 
4 194 196 (2527.694336 367.832336 -134 ) (2576.436279 255.740524 -134 ) (2563.369385 250.984543 -134 ) (2521.639648 365.628601 -134 ) 
4 194 195 (2511.430176 393.677124 -134 ) (2515.769287 395.256561 -134 ) (2520.103516 385.288940 -134 ) (2515.140869 383.482666 -134 ) 
5 195 417 (2490.163330 374.391479 -160 ) (2477 369.600403 -160 ) (2477 380.500000 -160 ) (2486.094971 384.454865 -160 ) (2490.163330 385.935791 -160 ) 
4 195 416 (2522.840332 386.285004 -160 ) (2490.163330 374.391479 -160 ) (2490.163330 385.935791 -160 ) (2522.840332 397.830444 -160 ) 
5 195 408 (2534.604492 402.112671 -160 ) (2535.989990 398.926575 -160 ) (2535.989990 391.071136 -160 ) (2522.840332 386.285004 -160 ) (2522.840332 397.830444 -160 ) 
3 195 407 (2535.989990 398.926575 -160 ) (2538.939209 392.144562 -160 ) (2535.989990 391.071136 -160 ) 
4 195 230 (2477 380.501953 -134 ) (2477 380.501953 -146 ) (2477 369.600403 -146 ) (2477 369.600403 -134 ) 
4 195 232 (2477 380.501953 -146 ) (2477 380.501953 -160 ) (2477 369.600403 -160 ) (2477 369.600403 -146 ) 
4 195 198 (2477 369.601563 -146 ) (2477 369.601563 -160 ) (2490.163330 374.392639 -160 ) (2490.163330 374.392639 -146 ) 
4 195 197 (2538.938721 392.145538 -160 ) (2538.934570 392.144012 -146 ) (2490.163330 374.392639 -146 ) (2490.163330 374.392639 -160 ) 
4 196 448 (2522.840332 247.533493 -160 ) (2504.739990 268.915466 -160 ) (2502.736084 274.421021 -160 ) (2522.840332 274.421021 -160 ) 
4 196 422 (2490.163330 308.961914 -160 ) (2477 345.125305 -160 ) (2477 349.381042 -160 ) (2490.163330 354.172089 -160 ) 
5 196 416 (2502.736084 274.421021 -160 ) (2490.163330 308.961914 -160 ) (2490.163330 354.172089 -160 ) (2522.840332 366.065552 -160 ) (2522.840332 274.421021 -160 ) 
5 196 408 (2535.989990 241.019379 -160 ) (2530.153076 238.894928 -160 ) (2522.840332 247.533493 -160 ) (2522.840332 366.065552 -160 ) (2535.989990 370.851624 -160 ) 
5 196 407 (2546.530273 374.687958 -160 ) (2579.013428 299.988251 -160 ) (2579.013428 256.678528 -160 ) (2535.989990 241.019379 -160 ) (2535.989990 370.851624 -160 ) 
4 196 406 (2579.013428 299.988251 -160 ) (2592.159912 269.756012 -160 ) (2592.159912 261.463409 -160 ) (2579.013428 256.678528 -160 ) 
3 196 400 (2592.159912 269.756012 -160 ) (2595.273193 262.596558 -160 ) (2592.159912 261.463409 -160 ) 
4 196 231 (2477 345.125824 -146 ) (2477 345.125824 -134 ) (2477 349.381042 -134 ) (2477 349.381042 -146 ) 
4 196 232 (2477 349.381042 -160 ) (2477 345.125824 -160 ) (2477 345.125824 -146 ) (2477 349.381042 -146 ) 
4 196 224 (2477 345.128906 -134 ) (2477 345.128906 -146 ) (2504.743164 268.911804 -146 ) (2504.743164 268.911804 -134 ) 
4 196 226 (2477 345.128906 -146 ) (2477 345.128906 -160 ) (2504.743164 268.911804 -160 ) (2504.743164 268.911804 -146 ) 
4 196 206 (2504.739990 268.916168 -134 ) (2504.739990 268.916168 -160 ) (2530.153809 238.895111 -160 ) (2530.153809 238.895111 -134 ) 
4 196 205 (2595.272461 262.598358 -160 ) (2595.268311 262.596832 -146 ) (2530.152344 238.896484 -146 ) (2530.152344 238.896484 -160 ) 
4 196 203 (2477 349.379303 -160 ) (2477 349.379303 -146 ) (2490.163330 354.170349 -146 ) (2490.163330 354.170349 -160 ) 
4 196 197 (2546.526611 374.684906 -146 ) (2546.530762 374.686432 -160 ) (2490.163330 354.170349 -160 ) (2490.163330 354.170349 -146 ) 
4 197 416 (2522.840332 366.065521 -160 ) (2490.163330 354.172089 -160 ) (2490.163330 374.391479 -160 ) (2522.840332 386.285004 -160 ) 
4 197 408 (2535.989990 370.851593 -160 ) (2522.840332 366.065521 -160 ) (2522.840332 386.285004 -160 ) (2535.989990 391.071136 -160 ) 
4 197 407 (2538.939209 392.144562 -160 ) (2546.530273 374.687958 -160 ) (2535.989990 370.851593 -160 ) (2535.989990 391.071136 -160 ) 
4 197 203 (2490.163330 355.838348 -160 ) (2490.163330 354.175781 -160 ) (2490.163330 354.175781 -146 ) (2490.163330 355.838348 -146 ) 
4 197 201 (2490.163330 369 -160 ) (2490.163330 364.804993 -160 ) (2490.163330 364.804901 -146 ) (2490.163330 369 -146 ) 
4 197 200 (2490.163330 359.366028 -160 ) (2490.163330 355.838348 -160 ) (2490.163330 355.838348 -146 ) (2490.163330 359.366180 -146 ) 
4 197 198 (2490.163330 374.391052 -146 ) (2490.163330 374.391052 -160 ) (2490.163330 369 -160 ) (2490.163330 369 -146 ) 
4 198 417 (2477 369 -160 ) (2477 369.600403 -160 ) (2490.163330 374.391479 -160 ) (2490.163330 369 -160 ) 
4 198 232 (2477 369.600403 -160 ) (2477 369 -160 ) (2477 369 -146 ) (2477 369.600403 -146 ) 
4 198 202 (2481.178955 369 -146 ) (2477 369 -146 ) (2477 369 -160 ) (2481.178955 369 -160 ) 
4 198 201 (2490.163330 369 -160 ) (2490.163330 369 -146 ) (2486.659912 369 -146 ) (2486.659912 369 -160 ) 
3 199 418 (2477 355.838348 -160 ) (2477 360.044983 -160 ) (2480.524658 355.838348 -160 ) 
4 199 232 (2477 360.044983 -160 ) (2477 355.838348 -160 ) (2477 355.838348 -146 ) (2477 360.044983 -146 ) 
4 199 203 (2477 355.838348 -146 ) (2477 355.838348 -160 ) (2480.524658 355.838348 -160 ) (2480.524658 355.838348 -146 ) 
3 200 419 (2490.163330 359.366028 -160 ) (2490.163330 355.838348 -160 ) (2485.972412 355.838348 -160 ) 
4 200 203 (2490.163330 355.838348 -160 ) (2490.163330 355.838348 -146 ) (2485.972168 355.838348 -146 ) (2485.972412 355.838348 -160 ) 
3 201 420 (2486.659912 369 -160 ) (2490.163330 369 -160 ) (2490.163330 364.804993 -160 ) 
3 202 421 (2477 365.482666 -160 ) (2477 369 -160 ) (2481.178955 369 -160 ) 
4 202 232 (2477 369 -160 ) (2477 365.482666 -160 ) (2477 365.482849 -146 ) (2477 369 -146 ) 
4 203 422 (2490.163330 354.172089 -160 ) (2477 349.381042 -160 ) (2477 355.838348 -160 ) (2490.163330 355.838348 -160 ) 
4 203 232 (2477 355.838348 -160 ) (2477 349.381042 -160 ) (2477 349.381042 -146 ) (2477 355.838348 -146 ) 
4 204 220 (2565.280273 223 -146 ) (2565.280273 223 -134 ) (2543.608887 223 -134 ) (2543.608887 223 -146 ) 
4 204 207 (2543.609375 223 -146 ) (2543.609375 223 -134 ) (2543.237549 223.439331 -134 ) (2543.237549 223.439331 -146 ) 
6 204 205 (2565.280518 223 -146 ) (2543.593750 223 -146 ) (2543.225586 223.434998 -146 ) (2602.859375 245.140121 -146 ) (2605.528320 239.002502 -146 ) (2586.424072 230.696304 -146 ) 
3 205 411 (2535.989990 232 -160 ) (2532.462158 236.167343 -160 ) (2535.989990 236.167343 -160 ) 
4 205 408 (2532.462158 236.167343 -160 ) (2530.153076 238.894928 -160 ) (2535.989990 241.019379 -160 ) (2535.989990 236.167343 -160 ) 
6 205 407 (2579.013428 227.998886 -160 ) (2565.280273 223 -160 ) (2543.608643 223 -160 ) (2535.989990 232 -160 ) (2535.989990 241.019379 -160 ) (2579.013428 256.678528 -160 ) 
5 205 406 (2592.159912 233.177521 -160 ) (2586.603760 230.761780 -160 ) (2579.013428 227.998886 -160 ) (2579.013428 256.678528 -160 ) (2592.159912 261.463409 -160 ) 
4 205 400 (2595.273193 262.596558 -160 ) (2605.536865 238.993622 -160 ) (2592.159912 233.177521 -160 ) (2592.159912 261.463409 -160 ) 
4 205 221 (2543.608887 223 -160 ) (2565.280273 223 -160 ) (2565.280273 223 -146 ) (2543.608887 223 -146 ) 
4 205 211 (2530.153809 238.895111 -160 ) (2532.462891 236.167343 -160 ) (2532.462891 236.167343 -146 ) (2530.153809 238.895111 -146 ) 
4 205 209 (2535.989990 232 -160 ) (2543.237549 223.439331 -160 ) (2543.237549 223.439331 -146 ) (2535.989990 232 -146 ) 
4 205 207 (2543.237549 223.439331 -160 ) (2543.609375 223 -160 ) (2543.609375 223 -146 ) (2543.237549 223.439331 -146 ) 
4 206 448 (2517.362061 234.239258 -160 ) (2504.739990 268.915466 -160 ) (2522.840332 247.533493 -160 ) (2522.840332 236.233231 -160 ) 
3 206 408 (2522.840332 247.533493 -160 ) (2530.153076 238.894928 -160 ) (2522.840332 236.233231 -160 ) 
4 206 224 (2517.363770 234.239899 -146 ) (2517.363770 234.239899 -134 ) (2504.743164 268.911804 -134 ) (2504.743164 268.911804 -146 ) 
4 206 226 (2504.743164 268.911804 -160 ) (2517.363770 234.239899 -160 ) (2517.363770 234.239899 -146 ) (2504.743164 268.911804 -146 ) 
4 206 222 (2517.363770 234.239899 -129 ) (2517.363770 234.239914 -102 ) (2504.743164 268.911835 -102 ) (2504.743164 268.911804 -129 ) 
4 206 216 (2517.361572 234.241058 -102 ) (2517.361572 234.241058 -134 ) (2522.840332 236.235153 -134 ) (2522.840332 236.235153 -102 ) 
4 206 217 (2517.361572 234.241058 -146 ) (2517.361572 234.241058 -160 ) (2522.840332 236.235153 -160 ) (2522.840332 236.235153 -146 ) 
4 206 210 (2530.152344 238.896484 -134 ) (2530.152344 238.896484 -102 ) (2522.840332 236.235153 -102 ) (2522.840332 236.235153 -134 ) 
4 206 211 (2522.840332 236.235153 -160 ) (2530.152344 238.896484 -160 ) (2530.152344 238.896484 -146 ) (2522.840332 236.235153 -146 ) 
3 207 407 (2543.608643 223 -160 ) (2542.030518 223 -160 ) (2543.236816 223.439133 -160 ) 
4 207 220 (2543.608887 223 -146 ) (2543.608887 223 -134 ) (2542.030273 223 -134 ) (2542.030273 223 -146 ) 
4 207 221 (2542.030273 223 -160 ) (2543.608887 223 -160 ) (2543.608887 223 -146 ) (2542.030273 223 -146 ) 
4 207 219 (2543.608887 223 -134 ) (2543.608887 223 -129 ) (2542.030273 223 -129 ) (2542.030273 223 -134 ) 
4 207 218 (2543.608887 223 -129 ) (2543.608887 223 -102 ) (2542.030273 223 -102 ) (2542.030273 223 -129 ) 
4 207 208 (2543.230469 223.437500 -102 ) (2543.230469 223.437500 -134 ) (2542.028076 223 -134 ) (2542.028076 223 -102 ) 
4 207 209 (2543.230469 223.437500 -146 ) (2543.230469 223.437500 -160 ) (2542.028076 223 -160 ) (2542.028076 223 -146 ) 
4 208 219 (2542.030273 223 -134 ) (2542.030273 223 -129 ) (2535.989990 223 -129 ) (2535.989990 223 -134 ) 
4 208 218 (2542.030273 223 -129 ) (2542.030273 223 -102 ) (2535.989990 223 -102 ) (2535.989990 223 -129 ) 
4 208 213 (2535.989990 226.522934 -134 ) (2535.989990 223 -134 ) (2535.989990 223 -102 ) (2535.989990 226.522934 -102 ) 
4 209 407 (2542.030518 223 -160 ) (2535.989990 223 -160 ) (2535.989990 232 -160 ) (2543.236816 223.439133 -160 ) 
4 209 221 (2535.989990 223 -160 ) (2542.030273 223 -160 ) (2542.030273 223 -146 ) (2535.989990 223 -146 ) 
4 209 215 (2535.989990 226.522934 -160 ) (2535.989990 223 -160 ) (2535.989990 223 -146 ) (2535.989990 226.522934 -146 ) 
4 210 212 (2522.840332 236.167343 -102 ) (2522.840332 236.167343 -134 ) (2527.031494 236.167343 -134 ) (2527.031494 236.167343 -102 ) 
4 211 408 (2522.840332 236.167343 -160 ) (2522.840332 236.233231 -160 ) (2530.153076 238.894928 -160 ) (2532.462158 236.167343 -160 ) 
4 211 214 (2522.840332 236.167343 -146 ) (2522.840332 236.167343 -160 ) (2527.031494 236.167343 -160 ) (2527.031494 236.167343 -146 ) 
4 212 216 (2522.840332 236.233810 -102 ) (2522.840332 236.233810 -134 ) (2522.840332 232.654236 -134 ) (2522.840332 232.654236 -102 ) 
4 213 219 (2531.793457 223 -134 ) (2535.989990 223 -134 ) (2535.989990 223 -129 ) (2531.793457 223 -129 ) 
4 213 218 (2535.989990 223 -129 ) (2535.989990 223 -102 ) (2531.793457 223 -102 ) (2531.793457 223 -129 ) 
3 214 409 (2522.840332 232.654236 -160 ) (2522.840332 236.167343 -160 ) (2527.031494 236.167343 -160 ) 
4 214 217 (2522.840332 236.233810 -146 ) (2522.840332 236.233810 -160 ) (2522.840332 232.654236 -160 ) (2522.840332 232.654236 -146 ) 
3 215 410 (2535.989990 223 -160 ) (2531.793457 223 -160 ) (2535.989990 226.522964 -160 ) 
4 215 221 (2531.793457 223 -160 ) (2535.989990 223 -160 ) (2535.989990 223 -146 ) (2531.793457 223 -146 ) 
4 216 222 (2517.679443 233.372711 -129 ) (2517.679443 233.372726 -102 ) (2517.363770 234.239914 -102 ) (2517.363770 234.239899 -129 ) 
4 217 448 (2522.840332 227.198685 -160 ) (2517.676025 233.376663 -160 ) (2517.362061 234.239258 -160 ) (2522.840332 236.233231 -160 ) 
4 217 226 (2517.363770 234.239899 -160 ) (2517.679443 233.372711 -160 ) (2517.679443 233.372711 -146 ) (2517.363770 234.239899 -146 ) 
4 218 219 (2535.434814 212.136185 -129 ) (2526.347656 223 -129 ) (2545.887939 223 -129 ) (2548.156738 216.766998 -129 ) 
5 219 220 (2535.430908 212.134750 -134 ) (2530.006348 218.623535 -134 ) (2542.030518 223 -134 ) (2545.887939 223 -134 ) (2548.156738 216.766968 -134 ) 
4 220 221 (2535.431641 212.134995 -146 ) (2530.006592 218.623642 -146 ) (2542.030518 223 -146 ) (2565.280518 223 -146 ) 
4 221 414 (2535.989990 212.338226 -160 ) (2535.432129 212.135162 -160 ) (2526.350098 223 -160 ) (2535.989990 223 -160 ) 
3 221 407 (2565.280273 223 -160 ) (2535.989990 212.338226 -160 ) (2535.989990 223 -160 ) 
4 222 344 (2489.853760 195.544617 -129 ) (2489.853760 195.544617 -102 ) (2477 240.371109 -102 ) (2477 240.371216 -129 ) 
4 222 227 (2477 240.369293 -129 ) (2477 240.369293 -102 ) (2477 345.125824 -102 ) (2477 345.125824 -129 ) 
4 222 223 (2477 240.369293 -129 ) (2477 280.815582 -129 ) (2505.910400 201.389206 -129 ) (2489.853271 195.544342 -129 ) 
4 223 229 (2477 240.369293 -134 ) (2477 240.369293 -129 ) (2477 280.815369 -129 ) (2477 280.815369 -134 ) 
4 223 225 (2503.190186 208.863220 -134 ) (2505.910645 201.389206 -134 ) (2489.853271 195.544327 -134 ) (2487.655518 203.209000 -134 ) 
4 223 224 (2477 240.369293 -134 ) (2477 280.815582 -134 ) (2496.691895 226.715973 -134 ) (2482.406006 221.516327 -134 ) 
4 224 346 (2482.406494 221.516495 -134 ) (2477 240.371231 -134 ) (2477 240.371277 -146 ) (2482.406494 221.516525 -146 ) 
4 224 231 (2477 240.369293 -146 ) (2477 240.369293 -134 ) (2477 345.125824 -134 ) (2477 345.125824 -146 ) 
4 224 226 (2477 240.369308 -146 ) (2477 345.132813 -146 ) (2517.364502 234.240173 -146 ) (2482.406006 221.516342 -146 ) 
4 225 347 (2489.853760 195.544617 -146 ) (2489.853760 195.544617 -134 ) (2487.656006 203.209213 -134 ) (2487.656006 203.209198 -146 ) 
4 225 226 (2523.862793 216.387482 -146 ) (2526.583008 208.914047 -146 ) (2489.853271 195.544357 -146 ) (2487.655518 203.209015 -146 ) 
6 226 448 (2522.840332 207.551743 -160 ) (2489.853271 195.544342 -160 ) (2477 240.368881 -160 ) (2477 274.421021 -160 ) (2502.736084 274.421021 -160 ) (2522.840332 219.188705 -160 ) 
4 226 422 (2477 274.421021 -160 ) (2477 345.125305 -160 ) (2490.163330 308.961914 -160 ) (2490.163330 274.421021 -160 ) 
3 226 416 (2490.163330 308.961914 -160 ) (2502.736084 274.421021 -160 ) (2490.163330 274.421021 -160 ) 
3 226 414 (2526.580566 208.913208 -160 ) (2522.840332 207.551743 -160 ) (2522.840332 219.188705 -160 ) 
4 226 348 (2477 240.371338 -160 ) (2489.853760 195.544617 -160 ) (2489.853760 195.544617 -146 ) (2477 240.371277 -146 ) 
4 226 232 (2477 345.125824 -160 ) (2477 240.369293 -160 ) (2477 240.369293 -146 ) (2477 345.125824 -146 ) 
4 227 344 (2477 240.371216 -129 ) (2477 240.371109 -102 ) (2441.273438 364.964722 -102 ) (2441.273682 364.964752 -129 ) 
4 227 229 (2441.272949 364.964478 -129 ) (2445.673584 366.878082 -129 ) (2477 280.815521 -129 ) (2477 240.369308 -129 ) 
3 227 228 (2465.883301 375.666077 -129 ) (2477 380.500031 -129 ) (2477 345.125458 -129 ) 
3 228 231 (2477 349.381042 -134 ) (2477 345.125427 -134 ) (2475.632080 348.883179 -134 ) 
4 228 230 (2465.883301 375.666077 -134 ) (2477 380.500031 -134 ) (2477 369.600433 -134 ) (2469.133301 366.737183 -134 ) 
4 229 231 (2454.962158 341.359924 -134 ) (2477 280.815491 -134 ) (2477 240.369263 -134 ) (2448.695313 339.079041 -134 ) 
4 229 230 (2441.272949 364.964478 -134 ) (2445.673584 366.878082 -134 ) (2448.463379 359.213837 -134 ) (2443.445557 357.387543 -134 ) 
4 230 349 (2443.446289 357.387817 -134 ) (2441.273682 364.964752 -134 ) (2441.273682 364.964752 -146 ) (2443.446289 357.387817 -146 ) 
4 230 232 (2441.272949 364.964478 -146 ) (2477 380.500031 -146 ) (2477 369.600403 -146 ) (2443.445557 357.387543 -146 ) 
4 231 346 (2477 240.371277 -146 ) (2477 240.371231 -134 ) (2448.696045 339.079315 -134 ) (2448.696045 339.079315 -146 ) 
3 231 232 (2477 349.381042 -146 ) (2477 240.369278 -146 ) (2448.695313 339.079041 -146 ) 
3 232 448 (2477 240.368881 -160 ) (2467.235596 274.421021 -160 ) (2477 274.421021 -160 ) 
4 232 425 (2467.235596 274.421021 -160 ) (2441.272705 364.964355 -160 ) (2477 380.500000 -160 ) (2477 274.421021 -160 ) 
4 232 350 (2441.273682 364.964752 -160 ) (2448.696045 339.079285 -160 ) (2448.696045 339.079285 -146 ) (2441.273682 364.964752 -146 ) 
4 232 348 (2448.696045 339.079285 -160 ) (2477 240.371338 -160 ) (2477 240.371277 -146 ) (2448.696045 339.079285 -146 ) 
4 233 393 (2669.569092 449.897278 -160 ) (2682 452.201508 -160 ) (2682 444.214752 -160 ) (2676.114502 442.072601 -160 ) 
4 233 387 (2682 452.201508 -160 ) (2684.349365 452.636993 -160 ) (2689.231201 446.846710 -160 ) (2682 444.214752 -160 ) 
4 233 245 (2676.107422 442.071289 -102 ) (2676.107422 442.071289 -134 ) (2682 444.215942 -134 ) (2682 444.215942 -102 ) 
4 233 246 (2676.107422 442.071289 -146 ) (2676.107422 442.071289 -160 ) (2682 444.215942 -160 ) (2682 444.215942 -146 ) 
4 233 237 (2689.230469 446.847565 -134 ) (2689.230469 446.847565 -102 ) (2682 444.215942 -102 ) (2682 444.215942 -134 ) 
4 233 238 (2682 444.215942 -160 ) (2689.230469 446.847565 -160 ) (2689.230469 446.847565 -146 ) (2682 444.215942 -146 ) 
3 234 392 (2695.156738 419.308746 -160 ) (2689.080811 426.572174 -160 ) (2695.156738 428.783661 -160 ) 
4 234 386 (2700.040283 430.561127 -160 ) (2711.059082 400.298401 -160 ) (2695.156738 419.308746 -160 ) (2695.156738 428.783661 -160 ) 
4 234 243 (2689.078125 426.570313 -134 ) (2689.078125 426.570313 -102 ) (2695.156738 428.782928 -102 ) (2695.156738 428.782928 -134 ) 
4 234 244 (2695.156738 428.782928 -160 ) (2689.078125 426.570313 -160 ) (2689.078125 426.570313 -146 ) (2695.156738 428.782928 -146 ) 
4 234 235 (2700.040283 430.560516 -102 ) (2700.040283 430.560516 -134 ) (2695.156738 428.782928 -134 ) (2695.156738 428.782928 -102 ) 
4 234 236 (2700.040283 430.560516 -146 ) (2700.040283 430.560516 -160 ) (2695.156738 428.782928 -160 ) (2695.156738 428.782928 -146 ) 
4 235 243 (2695.156738 430.842346 -134 ) (2695.156738 428.781250 -134 ) (2695.156738 428.781250 -102 ) (2695.156738 430.842346 -102 ) 
4 235 239 (2695.156738 434.360748 -134 ) (2695.156738 430.842346 -134 ) (2695.156738 430.842346 -102 ) (2695.156738 434.360596 -102 ) 
4 236 386 (2695.156738 439.818634 -160 ) (2697.819580 436.660309 -160 ) (2700.040283 430.561127 -160 ) (2695.156738 428.783661 -160 ) 
4 236 244 (2695.156738 430.842346 -160 ) (2695.156738 428.781250 -160 ) (2695.156738 428.781250 -146 ) (2695.156738 430.842346 -146 ) 
4 236 241 (2695.156738 434.360901 -160 ) (2695.156738 430.842346 -160 ) (2695.156738 430.842346 -146 ) (2695.156738 434.360748 -146 ) 
4 237 245 (2682 444.214813 -102 ) (2682 444.214813 -134 ) (2682 444 -134 ) (2682 444 -102 ) 
4 237 240 (2682 444 -102 ) (2682 444 -134 ) (2686.189941 444 -134 ) (2686.189941 444 -102 ) 
4 238 387 (2689.231201 446.846710 -160 ) (2691.631348 444 -160 ) (2682 444 -160 ) (2682 444.214752 -160 ) 
4 238 246 (2682 444.214813 -146 ) (2682 444.214813 -160 ) (2682 444 -160 ) (2682 444 -146 ) 
4 238 242 (2682 444 -146 ) (2682 444 -160 ) (2686.189941 444 -160 ) (2686.189941 444 -146 ) 
4 239 243 (2690.978027 430.842346 -134 ) (2695.156738 430.842346 -134 ) (2695.156738 430.842346 -102 ) (2690.978271 430.842346 -102 ) 
4 240 245 (2682 440.477997 -102 ) (2682 444 -102 ) (2682 444 -134 ) (2682 440.477997 -134 ) 
3 241 389 (2695.156738 434.360901 -160 ) (2695.156738 430.842346 -160 ) (2690.977783 430.842346 -160 ) 
4 241 244 (2690.977783 430.842346 -160 ) (2695.156738 430.842346 -160 ) (2695.156738 430.842346 -146 ) (2690.978027 430.842346 -146 ) 
3 242 390 (2682 440.477997 -160 ) (2682 444 -160 ) (2686.189941 444 -160 ) 
4 242 246 (2682 444 -160 ) (2682 440.477997 -160 ) (2682 440.477997 -146 ) (2682 444 -146 ) 
4 244 392 (2695.156738 430.842346 -160 ) (2695.156738 428.783661 -160 ) (2689.080811 426.572174 -160 ) (2685.508789 430.842346 -160 ) 
3 246 393 (2682 435.036835 -160 ) (2676.114502 442.072601 -160 ) (2682 444.214752 -160 ) 
3 247 427 (2380.194580 351.882263 -160 ) (2388.166748 354.783295 -160 ) (2388.166748 354.168396 -160 ) 
4 247 425 (2388.166748 354.783295 -160 ) (2438.898438 373.244354 -160 ) (2440.098145 369.060577 -160 ) (2388.166748 354.168396 -160 ) 
4 247 325 (2418.951172 362.987396 -129 ) (2413.964355 361.557373 -129 ) (2413.979492 361.562866 -134 ) (2418.950439 362.988403 -134 ) 
4 247 324 (2440.099365 369.052032 -129 ) (2440.101074 369.046234 -102 ) (2413.883301 361.527802 -102 ) (2413.964355 361.557373 -129 ) 
4 247 326 (2414.057861 361.591339 -160 ) (2440.097412 369.058655 -160 ) (2440.099121 369.053101 -134 ) (2413.979492 361.562866 -134 ) 
4 247 320 (2380.050781 351.825806 -102 ) (2380.171387 351.873840 -160 ) (2414.057861 361.591339 -160 ) (2413.883301 361.527802 -102 ) 
4 248 321 (2490.971680 191.646240 -102 ) (2490.971680 191.646240 -129 ) (2403.740479 159.896912 -129 ) (2403.740479 159.896912 -102 ) 
4 248 309 (2310.710205 126.036934 -129 ) (2296.619873 120.908508 -129 ) (2296.619873 120.908516 -106 ) (2310.710205 126.036942 -106 ) 
4 248 262 (2403.740479 159.896912 -129 ) (2318.856201 129.001831 -129 ) (2318.853760 129 -106 ) (2403.740479 159.896912 -106 ) 
4 248 259 (2318.856201 129.001831 -129 ) (2310.710205 126.036934 -129 ) (2310.710205 126.036942 -106 ) (2318.853760 129 -106 ) 
4 248 256 (2296.619873 120.908516 -106 ) (2296.619873 120.908516 -102 ) (2403.740479 159.896912 -102 ) (2403.740479 159.896912 -106 ) 
4 248 252 (2296.619873 120.908508 -129 ) (2276.887207 113.726463 -129 ) (2276.887939 113.726730 -102 ) (2296.619873 120.908516 -102 ) 
4 248 250 (2276.886719 113.730469 -129 ) (2325.747070 131.514206 -129 ) (2326.829590 128.539337 -129 ) (2277.968018 110.753586 -129 ) 
4 248 249 (2344.537598 138.353394 -129 ) (2490.964844 191.648438 -129 ) (2491.838135 188.602753 -129 ) (2345.620117 135.379105 -129 ) 
4 249 322 (2490.971680 191.646240 -129 ) (2490.971680 191.646240 -134 ) (2428.170410 168.788605 -134 ) (2428.170410 168.788635 -129 ) 
4 249 263 (2403.740479 159.896896 -134 ) (2344.540527 138.350052 -134 ) (2344.539063 138.349579 -129 ) (2403.740234 159.896866 -129 ) 
4 249 251 (2344.539063 138.353882 -134 ) (2490.964844 191.648438 -134 ) (2491.838135 188.602753 -134 ) (2345.621582 135.379608 -134 ) 
4 250 310 (2310.710205 126.036911 -134 ) (2296.619873 120.908493 -134 ) (2296.619873 120.908562 -129 ) (2310.710205 126.036987 -129 ) 
4 250 264 (2325.748291 131.510269 -134 ) (2318.856689 129.001968 -134 ) (2318.856201 129.001862 -129 ) (2325.748291 131.510361 -129 ) 
4 250 259 (2318.856689 129.001968 -134 ) (2310.710205 126.036911 -134 ) (2310.710205 126.036987 -129 ) (2318.856201 129.001862 -129 ) 
4 250 252 (2296.619873 120.908493 -134 ) (2276.887207 113.726418 -134 ) (2276.887207 113.726463 -129 ) (2296.619873 120.908562 -129 ) 
4 250 251 (2276.886719 113.730469 -134 ) (2325.747070 131.514130 -134 ) (2326.829834 128.539337 -134 ) (2277.967773 110.753502 -134 ) 
4 251 469 (2317.669922 125.205078 -160 ) (2304.513428 120.416084 -160 ) (2304.513428 123.782356 -160 ) (2317.669922 128.570862 -160 ) 
4 251 462 (2422.836914 163.486069 -160 ) (2317.669922 125.205078 -160 ) (2317.669922 128.570862 -160 ) (2422.836914 166.847992 -160 ) 
4 251 470 (2304.513428 120.416084 -160 ) (2277.967285 110.753235 -160 ) (2276.884766 113.726486 -160 ) (2304.513428 123.782356 -160 ) 
4 251 460 (2436 168.277451 -160 ) (2422.836914 163.486069 -160 ) (2422.836914 166.847992 -160 ) (2436 171.638901 -160 ) 
4 251 448 (2490.970947 191.646423 -160 ) (2491.843262 188.604507 -160 ) (2436 168.277451 -160 ) (2436 171.638901 -160 ) 
4 251 323 (2490.971680 191.646240 -134 ) (2490.971680 191.646240 -160 ) (2403.740479 159.896881 -160 ) (2403.740479 159.896881 -134 ) 
4 251 312 (2296.619873 120.908493 -146 ) (2296.619873 120.908463 -134 ) (2310.710205 126.036888 -134 ) (2310.710205 126.036888 -146 ) 
4 251 313 (2310.710205 126.036880 -160 ) (2296.620117 120.908531 -160 ) (2296.619873 120.908493 -146 ) (2310.710205 126.036888 -146 ) 
4 251 265 (2403.740479 159.896881 -160 ) (2318.859375 129.002930 -160 ) (2318.856689 129.001968 -134 ) (2403.740479 159.896881 -134 ) 
4 251 260 (2310.710205 126.036888 -146 ) (2310.710205 126.036888 -134 ) (2318.856689 129.001968 -134 ) (2318.857910 129.002411 -146 ) 
4 251 261 (2318.859375 129.002930 -160 ) (2310.710205 126.036880 -160 ) (2310.710205 126.036888 -146 ) (2318.857910 129.002411 -146 ) 
4 251 254 (2276.886963 113.726295 -146 ) (2276.887207 113.726418 -134 ) (2296.619873 120.908463 -134 ) (2296.619873 120.908493 -146 ) 
4 251 255 (2296.620117 120.908531 -160 ) (2276.886475 113.726158 -160 ) (2276.886963 113.726295 -146 ) (2296.619873 120.908493 -146 ) 
4 252 314 (2233.001465 295.690552 -129 ) (2233.002930 295.686707 -106 ) (2256.250000 231.818939 -106 ) (2256.250000 231.818939 -129 ) 
4 252 310 (2296.620117 120.908203 -129 ) (2296.620117 120.908203 -134 ) (2294.910400 125.605202 -134 ) (2294.910400 125.605209 -129 ) 
4 252 309 (2296.620117 120.908203 -106 ) (2296.620117 120.908203 -129 ) (2256.250000 231.818939 -129 ) (2256.250000 231.818939 -106 ) 
4 252 257 (2233.001221 295.691406 -134 ) (2232.157227 298.010132 -134 ) (2232.157959 298.008392 -106 ) (2233.002930 295.686707 -106 ) 
4 252 256 (2296.620117 120.908203 -102 ) (2296.620117 120.908203 -106 ) (2232.157959 298.008392 -106 ) (2232.157959 298.008148 -102 ) 
4 252 254 (2292.517578 132.183990 -134 ) (2296.621094 120.910156 -134 ) (2276.885254 113.726990 -134 ) (2272.780762 125 -134 ) 
4 252 253 (2232.158203 298.010498 -134 ) (2286.019043 150.037399 -134 ) (2266.281006 142.853333 -134 ) (2212.407959 290.823395 -134 ) 
4 253 318 (2244.288574 264.681091 -146 ) (2237.790283 282.534607 -146 ) (2237.790039 282.534607 -134 ) (2244.288574 264.681000 -134 ) 
4 253 317 (2256.250000 231.818939 -146 ) (2244.288574 264.681091 -146 ) (2244.288574 264.681000 -134 ) (2256.250000 231.818878 -134 ) 
4 253 316 (2237.790283 282.534607 -146 ) (2233 295.693542 -146 ) (2233.001221 295.691437 -134 ) (2237.790039 282.534607 -134 ) 
4 253 311 (2286.017578 150.036911 -146 ) (2256.250000 231.818939 -146 ) (2256.250000 231.818878 -134 ) (2286.017578 150.036911 -134 ) 
4 253 257 (2233 295.693542 -146 ) (2232.156982 298.010895 -146 ) (2232.157227 298.010132 -134 ) (2233.001221 295.691437 -134 ) 
4 253 255 (2232.156982 298.010925 -146 ) (2286.018799 150.037338 -146 ) (2266.281006 142.853394 -146 ) (2212.409912 290.824982 -146 ) 
4 254 312 (2296.620117 120.908203 -134 ) (2296.620117 120.908203 -146 ) (2292.516113 132.183426 -146 ) (2292.516113 132.183426 -134 ) 
4 254 255 (2292.517334 132.183960 -146 ) (2296.621094 120.910156 -146 ) (2276.885010 113.726898 -146 ) (2272.780762 125 -146 ) 
4 255 470 (2240.742676 274.421021 -160 ) (2296.619629 120.909248 -160 ) (2276.884766 113.726486 -160 ) (2218.378418 274.421021 -160 ) 
4 255 446 (2212.406006 290.824615 -160 ) (2232.156006 298.011597 -160 ) (2240.742676 274.421021 -160 ) (2218.378418 274.421021 -160 ) 
4 255 319 (2256.250000 231.819275 -160 ) (2233 295.695984 -160 ) (2233 295.693542 -146 ) (2256.250000 231.819016 -146 ) 
4 255 313 (2296.620117 120.908203 -146 ) (2296.620117 120.908203 -160 ) (2256.250000 231.819275 -160 ) (2256.250000 231.819016 -146 ) 
4 255 257 (2233 295.695984 -160 ) (2232.156738 298.011780 -160 ) (2232.156982 298.010895 -146 ) (2233 295.693542 -146 ) 
4 256 374 (2375 238.869919 -106 ) (2341.107666 331.998688 -106 ) (2341.107422 331.998596 -102 ) (2375 238.869522 -102 ) 
4 256 327 (2403 161.929321 -106 ) (2375 238.869919 -106 ) (2375 238.869522 -102 ) (2403 161.931900 -102 ) 
4 256 324 (2341.107666 331.998688 -106 ) (2340.131104 334.681793 -106 ) (2340.130859 334.681763 -102 ) (2341.107422 331.998596 -102 ) 
4 256 321 (2403.739258 159.900391 -102 ) (2403.739258 159.900391 -106 ) (2403 161.929321 -106 ) (2403 161.931900 -102 ) 
4 256 320 (2340.131104 334.681793 -106 ) (2339.289795 336.993286 -106 ) (2339.289795 336.993042 -102 ) (2340.130859 334.681763 -102 ) 
3 256 314 (2256.250000 231.817688 -106 ) (2233.002441 295.686523 -106 ) (2256.250000 304.146210 -106 ) 
4 256 309 (2296.619141 120.910156 -106 ) (2256.250000 231.817688 -106 ) (2256.250000 275.681030 -106 ) (2310.709717 126.038177 -106 ) 
3 256 305 (2342.064697 141.834335 -106 ) (2315.524902 132.949570 -106 ) (2308.034668 141.834335 -106 ) 
4 256 303 (2304.513428 146.011078 -106 ) (2302.626221 148.249603 -106 ) (2300.109131 155.165817 -106 ) (2304.513428 156.768829 -106 ) 
3 256 300 (2317.669922 141.834335 -106 ) (2313.479736 141.834335 -106 ) (2317.669922 145.349976 -106 ) 
3 256 299 (2304.513428 151.487473 -106 ) (2304.513428 155 -106 ) (2308.701904 155 -106 ) 
4 256 297 (2304.513428 155 -106 ) (2304.513428 156.768829 -106 ) (2310.757324 159.041382 -106 ) (2314.151611 155 -106 ) 
3 256 293 (2325.209717 141.834335 -106 ) (2317.669922 141.834335 -106 ) (2317.669922 150.811234 -106 ) 
3 256 292 (2300.109131 155.165817 -106 ) (2289.479248 184.374817 -106 ) (2310.757324 159.041382 -106 ) 
4 256 276 (2286.260986 314.138275 -106 ) (2340.772705 332.909515 -106 ) (2402.899170 162.199951 -106 ) (2345.228271 142.893387 -106 ) 
6 256 273 (2262.280273 305.880402 -106 ) (2286.260986 314.138275 -106 ) (2345.228271 142.893387 -106 ) (2342.064697 141.834335 -106 ) (2325.209717 141.834335 -106 ) (2319.528809 148.598053 -106 ) 
4 256 271 (2265.889160 287.582642 -106 ) (2268.940430 287.582642 -106 ) (2269.406738 286.301422 -106 ) (2269.406738 283.408630 -106 ) 
3 256 270 (2269.406738 277.942810 -106 ) (2269.406738 274.421021 -106 ) (2265.212646 274.421021 -106 ) 
4 256 269 (2256.250000 275.681030 -106 ) (2256.250000 278.643890 -106 ) (2259.775635 274.421021 -106 ) (2256.708496 274.421021 -106 ) 
3 256 268 (2256.250000 284.078033 -106 ) (2256.250000 287.582642 -106 ) (2260.421143 287.582642 -106 ) 
4 256 267 (2256.250000 287.582642 -106 ) (2256.250000 303.803894 -106 ) (2262.280273 305.880402 -106 ) (2268.940430 287.582642 -106 ) 
3 256 272 (2269.406738 274.421021 -106 ) (2269.406738 239.529388 -106 ) (2256.708496 274.421021 -106 ) 
4 256 266 (2269.406738 286.301422 -106 ) (2319.528809 148.598053 -106 ) (2289.479248 184.374817 -106 ) (2269.406738 239.529388 -106 ) 
4 256 262 (2402.899170 162.199951 -106 ) (2403.738281 159.894531 -106 ) (2318.853027 129.001801 -106 ) (2315.524902 132.949570 -106 ) 
3 256 259 (2318.853027 129.001801 -106 ) (2310.709717 126.038177 -106 ) (2302.626221 148.249603 -106 ) 
4 256 258 (2256.250000 303.803894 -106 ) (2256.250000 304.146210 -106 ) (2340.131836 334.670502 -106 ) (2340.772705 332.909515 -106 ) 
4 256 257 (2233.002441 295.686523 -106 ) (2232.157471 298.008209 -106 ) (2339.286865 336.992218 -106 ) (2340.131836 334.670502 -106 ) 
4 257 440 (2256.250000 306.779327 -160 ) (2269.406738 311.567017 -160 ) (2269.406738 308.944397 -160 ) (2256.250000 304.156708 -160 ) 
4 257 439 (2269.406738 311.567017 -160 ) (2339.287842 336.996490 -160 ) (2340.130615 334.680603 -160 ) (2269.406738 308.944397 -160 ) 
4 257 446 (2232.156006 298.011597 -160 ) (2256.250000 306.779327 -160 ) (2256.250000 304.156708 -160 ) (2233 295.695740 -160 ) 
4 257 320 (2340.131348 334.680878 -160 ) (2339.288574 336.996674 -160 ) (2339.289795 336.993286 -106 ) (2340.134766 334.671570 -106 ) 
4 257 316 (2233 295.690918 -134 ) (2233 295.692993 -146 ) (2256.250000 304.153534 -146 ) (2256.250000 304.151184 -134 ) 
4 257 319 (2233 295.692993 -146 ) (2233 295.695404 -160 ) (2256.250000 304.156281 -160 ) (2256.250000 304.153534 -146 ) 
4 257 315 (2247.100586 300.821747 -134 ) (2256.250000 304.151184 -134 ) (2256.250000 304.150208 -129 ) (2247.100830 300.820862 -129 ) 
4 257 314 (2256.250000 304.145721 -106 ) (2233.002686 295.686096 -106 ) (2233.001221 295.690063 -129 ) (2256.250000 304.150208 -129 ) 
4 257 258 (2340.133301 334.681183 -160 ) (2340.136719 334.671875 -106 ) (2256.250000 304.145721 -106 ) (2256.250000 304.156281 -160 ) 
4 258 440 (2269.406738 308.340393 -160 ) (2256.250000 303.809814 -160 ) (2256.250000 304.156708 -160 ) (2269.406738 308.944397 -160 ) 
4 258 439 (2340.130615 334.680603 -160 ) (2340.772949 332.915588 -160 ) (2269.406738 308.340393 -160 ) (2269.406738 308.944397 -160 ) 
4 258 324 (2340.133301 334.675537 -129 ) (2340.134766 334.671570 -106 ) (2340.775635 332.910553 -106 ) (2340.774902 332.912811 -129 ) 
4 258 326 (2340.773682 332.915833 -160 ) (2340.131348 334.680878 -160 ) (2340.133057 334.676392 -134 ) (2340.774658 332.913300 -134 ) 
4 258 316 (2256.250000 304.151154 -134 ) (2256.250000 304.153503 -146 ) (2256.250000 303.808289 -146 ) (2256.250000 303.806976 -134 ) 
4 258 319 (2256.250000 304.153503 -146 ) (2256.250000 304.156250 -160 ) (2256.250000 303.809814 -160 ) (2256.250000 303.808289 -146 ) 
4 258 315 (2256.250000 304.150177 -129 ) (2256.250000 304.151154 -134 ) (2256.250000 303.806976 -134 ) (2256.250000 303.806427 -129 ) 
4 258 314 (2256.250000 304.145691 -106 ) (2256.250000 304.150177 -129 ) (2256.250000 303.806427 -129 ) (2256.250000 303.803894 -106 ) 
4 258 281 (2256.250000 303.806732 -134 ) (2256.250000 303.809601 -160 ) (2340.771484 332.913483 -160 ) (2340.772461 332.910950 -134 ) 
4 258 279 (2313.706543 323.591064 -134 ) (2334.514893 330.756226 -134 ) (2334.514893 330.755676 -129 ) (2313.706787 323.590576 -129 ) 
4 258 278 (2307.060547 321.302643 -134 ) (2313.706543 323.591064 -134 ) (2313.706787 323.590576 -129 ) (2307.060547 321.302063 -129 ) 
4 258 277 (2334.514893 330.756226 -134 ) (2340.772461 332.910950 -134 ) (2340.772705 332.910461 -129 ) (2334.514893 330.755676 -129 ) 
4 258 276 (2340.772705 332.910461 -129 ) (2340.773438 332.908203 -106 ) (2286.261230 314.137665 -106 ) (2286.260742 314.139923 -129 ) 
4 258 274 (2262.279297 305.882843 -134 ) (2286.260498 314.140411 -134 ) (2286.260742 314.139923 -129 ) (2262.279541 305.882355 -129 ) 
4 258 273 (2286.260742 314.139923 -129 ) (2286.261230 314.137665 -106 ) (2262.280273 305.880096 -106 ) (2262.279541 305.882355 -129 ) 
4 258 267 (2256.250000 303.803650 -106 ) (2256.250000 303.806732 -134 ) (2262.279297 305.882843 -134 ) (2262.280273 305.880096 -106 ) 
4 259 310 (2310.710938 126.035156 -134 ) (2310.710938 126.035156 -129 ) (2309 130.735184 -129 ) (2309 130.735168 -134 ) 
4 259 309 (2310.710938 126.035156 -129 ) (2310.710938 126.035156 -106 ) (2302.626953 148.248856 -106 ) (2302.624512 148.255386 -129 ) 
4 259 306 (2315.527100 132.950333 -129 ) (2315.527588 132.950516 -134 ) (2308.038086 141.834335 -134 ) (2308.037354 141.834335 -129 ) 
4 259 305 (2308.034424 141.834335 -106 ) (2315.524658 132.949524 -106 ) (2315.527100 132.950333 -129 ) (2308.037354 141.834335 -129 ) 
4 259 303 (2302.626709 148.253250 -134 ) (2302.629639 148.245239 -106 ) (2304.513428 146.010773 -106 ) (2304.513428 146.015244 -134 ) 
4 259 264 (2318.855469 129.002350 -129 ) (2318.855957 129.002533 -134 ) (2315.527588 132.950516 -134 ) (2315.527100 132.950333 -129 ) 
4 259 262 (2315.524658 132.949524 -106 ) (2318.853027 129.001465 -106 ) (2318.855469 129.002350 -129 ) (2315.527100 132.950333 -129 ) 
4 259 260 (2310.708984 126.042969 -134 ) (2306.607422 137.312302 -134 ) (2310.618408 138.772232 -134 ) (2318.854980 129.002182 -134 ) 
4 260 312 (2310.710938 126.035156 -146 ) (2310.710938 126.035156 -134 ) (2306.606934 137.312164 -134 ) (2306.606934 137.312210 -146 ) 
4 260 307 (2310.619385 138.772568 -134 ) (2315.527588 132.950516 -134 ) (2315.528809 132.950912 -146 ) (2310.620605 138.773056 -146 ) 
4 260 265 (2315.527588 132.950516 -134 ) (2318.855957 129.002533 -134 ) (2318.857178 129.002991 -146 ) (2315.528809 132.950912 -146 ) 
4 260 261 (2310.708984 126.042969 -146 ) (2306.606934 137.312134 -146 ) (2310.620605 138.773010 -146 ) (2318.857178 129.002930 -146 ) 
4 261 465 (2304.961182 141.834335 -160 ) (2304.513428 143.064392 -160 ) (2304.513428 146.019852 -160 ) (2308.041992 141.834335 -160 ) 
5 261 469 (2317.669922 128.570801 -160 ) (2310.709961 126.037643 -160 ) (2304.961182 141.834335 -160 ) (2308.041992 141.834335 -160 ) (2317.669922 130.413864 -160 ) 
3 261 462 (2318.858887 129.003540 -160 ) (2317.669922 128.570801 -160 ) (2317.669922 130.413864 -160 ) 
3 261 470 (2304.513428 143.064392 -160 ) (2302.620850 148.264786 -160 ) (2304.513428 146.019852 -160 ) 
4 261 313 (2302.621338 148.264191 -160 ) (2310.710938 126.035156 -160 ) (2310.710938 126.035156 -146 ) (2302.622803 148.260208 -146 ) 
4 261 308 (2308.039795 141.834335 -146 ) (2315.528809 132.950912 -146 ) (2315.530273 132.951447 -160 ) (2308.041748 141.834335 -160 ) 
4 261 304 (2302.624023 148.260696 -160 ) (2302.625488 148.256683 -146 ) (2304.513428 146.017242 -146 ) (2304.513428 146.019531 -160 ) 
4 261 265 (2315.528809 132.950912 -146 ) (2318.857178 129.002991 -146 ) (2318.858643 129.003525 -160 ) (2315.530273 132.951447 -160 ) 
4 262 327 (2403.006348 161.914597 -129 ) (2402.902100 162.200867 -129 ) (2402.902100 162.200867 -106 ) (2403 161.929398 -106 ) 
4 262 321 (2403.739258 159.900391 -106 ) (2403.739258 159.900391 -129 ) (2403.006348 161.914597 -129 ) (2403 161.929398 -106 ) 
4 262 305 (2315.525391 132.950912 -129 ) (2315.522949 132.950089 -106 ) (2342.061279 141.834335 -106 ) (2342.061279 141.834335 -129 ) 
4 262 276 (2345.227783 142.894394 -106 ) (2402.901611 162.201859 -106 ) (2402.901611 162.201859 -129 ) (2345.227783 142.894379 -129 ) 
4 262 273 (2342.061279 141.834335 -106 ) (2345.227783 142.894394 -106 ) (2345.227783 142.894379 -129 ) (2342.061279 141.834335 -129 ) 
4 262 264 (2318.848877 129 -129 ) (2315.519531 132.949219 -129 ) (2324.170654 135.845337 -129 ) (2325.748047 131.510986 -129 ) 
4 262 263 (2343.139404 142.195557 -129 ) (2402.901367 162.202072 -129 ) (2403.740234 159.897385 -129 ) (2344.539063 138.350250 -129 ) 
4 263 280 (2345.228027 142.894470 -129 ) (2366.089355 149.878189 -129 ) (2366.089355 149.878204 -134 ) (2345.227783 142.894424 -134 ) 
4 263 278 (2366.089355 149.878189 -129 ) (2371.259033 151.608841 -129 ) (2371.259033 151.608856 -134 ) (2366.089355 149.878204 -134 ) 
4 263 277 (2392.118164 158.591843 -129 ) (2402.901611 162.201859 -129 ) (2402.901611 162.201859 -134 ) (2392.118164 158.591858 -134 ) 
4 263 275 (2343.139404 142.195297 -129 ) (2345.228027 142.894470 -129 ) (2345.227783 142.894424 -134 ) (2343.140869 142.195786 -134 ) 
4 263 265 (2343.140625 142.197189 -134 ) (2402.901123 162.203262 -134 ) (2403.740234 159.897491 -134 ) (2344.540283 138.350754 -134 ) 
4 264 306 (2315.525879 132.951096 -134 ) (2315.525391 132.950912 -129 ) (2324.170410 135.845032 -129 ) (2324.170654 135.845108 -134 ) 
4 264 265 (2318.857422 129.003113 -134 ) (2315.527344 132.953125 -134 ) (2324.170166 135.846451 -134 ) (2325.748047 131.511093 -134 ) 
3 265 469 (2317.669922 130.413834 -160 ) (2315.530518 132.951477 -160 ) (2317.669922 133.667694 -160 ) 
5 265 462 (2402.901855 162.200851 -160 ) (2403.740234 159.897446 -160 ) (2318.858887 129.003540 -160 ) (2317.669922 130.413834 -160 ) (2317.669922 133.667694 -160 ) 
4 265 330 (2402.902100 162.200867 -146 ) (2402.902100 162.200867 -134 ) (2403.007324 161.911392 -134 ) (2403.010254 161.903656 -146 ) 
4 265 331 (2403.013428 161.894638 -160 ) (2402.902100 162.200867 -160 ) (2402.902100 162.200867 -146 ) (2403.010254 161.903656 -146 ) 
4 265 323 (2403.739258 159.900391 -134 ) (2403.739258 159.900391 -160 ) (2403.013428 161.894638 -160 ) (2403.007324 161.911392 -134 ) 
4 265 307 (2315.527344 132.951523 -146 ) (2315.525879 132.951096 -134 ) (2342.061279 141.834335 -134 ) (2342.061279 141.834335 -146 ) 
4 265 308 (2315.528809 132.952026 -160 ) (2315.527344 132.951523 -146 ) (2342.061279 141.834335 -146 ) (2342.061279 141.834335 -160 ) 
4 265 290 (2342.061279 141.834335 -134 ) (2402.901611 162.201859 -134 ) (2402.901611 162.201859 -146 ) (2342.061279 141.834335 -146 ) 
4 265 291 (2402.901611 162.201859 -146 ) (2402.901611 162.201859 -160 ) (2342.061279 141.834335 -160 ) (2342.061279 141.834335 -146 ) 
4 266 309 (2289.480469 184.373062 -129 ) (2289.480469 184.373093 -106 ) (2269.406738 239.532471 -106 ) (2269.406738 239.532455 -129 ) 
4 266 297 (2310.755371 159.040680 -134 ) (2314.149170 155 -134 ) (2314.149170 155 -106 ) (2310.755371 159.040680 -106 ) 
4 266 294 (2317.669922 150.808029 -134 ) (2319.530518 148.592758 -134 ) (2319.530518 148.592758 -129 ) (2317.669922 150.808029 -129 ) 
4 266 293 (2319.530518 148.592758 -129 ) (2319.530518 148.592758 -106 ) (2317.669922 150.808029 -106 ) (2317.669922 150.808029 -129 ) 
4 266 292 (2289.480713 184.370331 -106 ) (2289.480713 184.370331 -134 ) (2310.755371 159.040680 -134 ) (2310.755371 159.040680 -106 ) 
6 266 282 (2310.755127 159.040634 -134 ) (2289.480957 184.369568 -134 ) (2269.406738 239.528870 -134 ) (2269.406738 273.823303 -134 ) (2273.417236 275.283020 -134 ) (2315.145996 160.638779 -134 ) 
4 266 273 (2319.530029 148.596558 -106 ) (2319.530029 148.596558 -129 ) (2269.406738 286.303711 -129 ) (2269.406738 286.303650 -106 ) 
4 266 271 (2269.406738 286.296875 -106 ) (2269.406738 286.296875 -134 ) (2269.406738 283.410553 -134 ) (2269.406738 283.408630 -106 ) 
4 266 270 (2269.406738 277.942291 -134 ) (2269.406738 274.421021 -134 ) (2269.406738 274.421021 -106 ) (2269.406738 277.942780 -106 ) 
4 266 272 (2269.406738 274.421021 -134 ) (2269.406738 239.529236 -134 ) (2269.406738 239.529236 -106 ) (2269.406738 274.421021 -106 ) 
4 267 315 (2256.250000 303.806427 -129 ) (2256.250000 303.806976 -134 ) (2256.250000 287.582642 -134 ) (2256.250000 287.582642 -129 ) 
4 267 314 (2256.250000 287.582642 -106 ) (2256.250000 303.803894 -106 ) (2256.250000 303.806427 -129 ) (2256.250000 287.582642 -129 ) 
4 267 281 (2256.250000 289.253510 -134 ) (2256.250000 303.807037 -134 ) (2262.279297 305.883240 -134 ) (2266.918945 293.136658 -134 ) 
4 267 274 (2265.551025 296.896362 -134 ) (2262.280029 305.883392 -134 ) (2262.280273 305.882904 -129 ) (2265.551270 296.896393 -129 ) 
4 267 273 (2262.280273 305.882904 -129 ) (2262.281006 305.880646 -106 ) (2268.941162 287.582642 -106 ) (2268.941162 287.582642 -129 ) 
4 267 271 (2265.890625 287.582642 -134 ) (2268.944824 287.582642 -134 ) (2268.944824 287.582642 -106 ) (2265.889160 287.582642 -106 ) 
4 267 268 (2256.250000 287.582642 -106 ) (2256.250000 287.582642 -134 ) (2260.422607 287.582642 -134 ) (2260.421143 287.582642 -106 ) 
4 268 315 (2256.250000 287.582642 -129 ) (2256.250000 287.582642 -134 ) (2256.250000 284.076721 -134 ) (2256.250000 284.076965 -129 ) 
4 268 314 (2256.250000 284.078003 -106 ) (2256.250000 287.582642 -106 ) (2256.250000 287.582642 -129 ) (2256.250000 284.076965 -129 ) 
4 269 315 (2256.250000 275.681152 -134 ) (2256.250000 275.681152 -129 ) (2256.250000 278.641815 -129 ) (2256.250000 278.641388 -134 ) 
4 269 314 (2256.250000 275.681152 -129 ) (2256.250000 275.681091 -106 ) (2256.250000 278.643799 -106 ) (2256.250000 278.641815 -129 ) 
4 269 309 (2256.250000 275.685059 -106 ) (2256.250000 275.685059 -129 ) (2256.709961 274.421021 -129 ) (2256.709961 274.421021 -106 ) 
4 269 272 (2256.708496 274.421021 -106 ) (2256.708496 274.421021 -134 ) (2259.773682 274.421021 -134 ) (2259.775635 274.421021 -106 ) 
4 270 272 (2265.213379 274.421021 -134 ) (2269.406738 274.421021 -134 ) (2269.406738 274.421021 -106 ) (2265.212646 274.421021 -106 ) 
4 271 273 (2268.941162 287.582642 -129 ) (2268.941162 287.582642 -106 ) (2269.406738 286.303650 -106 ) (2269.406738 286.303711 -129 ) 
4 272 309 (2269.406738 239.532455 -129 ) (2269.406738 239.532471 -106 ) (2256.709961 274.421021 -106 ) (2256.709961 274.421021 -129 ) 
3 272 282 (2269.406738 239.528870 -134 ) (2258.385742 269.812042 -134 ) (2269.406738 273.823334 -134 ) 
4 273 305 (2342.062500 141.834335 -129 ) (2342.062500 141.834335 -106 ) (2325.209717 141.834335 -106 ) (2325.209717 141.834335 -129 ) 
4 273 293 (2325.207031 141.834335 -129 ) (2325.207031 141.834335 -106 ) (2319.530518 148.592758 -106 ) (2319.530518 148.592758 -129 ) 
4 273 276 (2345.228516 142.893463 -106 ) (2345.228516 142.893463 -129 ) (2286.260742 314.140686 -129 ) (2286.261475 314.138428 -106 ) 
4 273 275 (2284.347656 303.739777 -129 ) (2289.229736 305.517212 -129 ) (2345.228516 142.890625 -129 ) (2343.140137 142.193375 -129 ) 
4 273 274 (2265.547363 296.895020 -129 ) (2262.276367 305.881531 -129 ) (2286.261719 314.136719 -129 ) (2289.229736 305.517212 -129 ) 
4 274 281 (2265.550537 296.896118 -134 ) (2262.279297 305.883240 -134 ) (2286.260010 314.141113 -134 ) (2289.229736 305.517120 -134 ) 
4 274 275 (2289.226563 305.515625 -134 ) (2289.226563 305.515625 -129 ) (2284.347656 303.739105 -129 ) (2284.349121 303.739594 -134 ) 
4 275 290 (2345.227783 142.893951 -134 ) (2343.141113 142.195404 -134 ) (2340.437012 149.625412 -134 ) (2342.634521 150.425217 -134 ) 
4 275 282 (2333.939453 167.479004 -134 ) (2292.215820 282.125061 -134 ) (2296.719971 283.764526 -134 ) (2336.447754 168.391922 -134 ) 
4 275 281 (2285.718018 299.979034 -134 ) (2284.349121 303.740173 -134 ) (2289.229736 305.517120 -134 ) (2290.533203 301.731659 -134 ) 
4 276 374 (2341.107422 331.998627 -106 ) (2375 238.869507 -106 ) (2375 238.869827 -129 ) (2341.107666 331.998657 -129 ) 
4 276 327 (2375 238.869507 -106 ) (2402.902100 162.200867 -106 ) (2402.902100 162.200867 -129 ) (2375 238.869827 -129 ) 
4 276 324 (2340.774902 332.912811 -129 ) (2340.775635 332.910553 -106 ) (2341.107422 331.998627 -106 ) (2341.107666 331.998657 -129 ) 
4 276 280 (2366.089844 149.877060 -129 ) (2345.226807 142.892883 -129 ) (2345.189941 143 -129 ) (2365.991455 150.162552 -129 ) 
4 276 279 (2313.820068 323.252014 -129 ) (2313.706299 323.591614 -129 ) (2334.514648 330.757080 -129 ) (2334.689209 330.235138 -129 ) 
4 276 278 (2371.259277 151.607590 -129 ) (2366.089844 149.877060 -129 ) (2307.060303 321.303009 -129 ) (2313.706299 323.591614 -129 ) 
4 276 277 (2402.898438 162.199219 -129 ) (2392.118652 158.590500 -129 ) (2334.514648 330.757080 -129 ) (2340.774170 332.912537 -129 ) 
4 277 290 (2402.898438 162.199219 -134 ) (2392.118652 158.590637 -134 ) (2389.182129 167.367310 -134 ) (2399.633301 171.171326 -134 ) 
4 277 282 (2383.151855 185.390762 -134 ) (2344.427734 301.128754 -134 ) (2351.415039 303.671875 -134 ) (2393.136230 189.024857 -134 ) 
4 277 281 (2338.397217 319.152802 -134 ) (2334.514404 330.757660 -134 ) (2340.773926 332.913116 -134 ) (2344.917725 321.526154 -134 ) 
4 277 279 (2334.513672 330.757813 -134 ) (2334.688721 330.234955 -134 ) (2334.688721 330.234955 -129 ) (2334.514160 330.756989 -129 ) 
4 278 290 (2371.259277 151.607986 -134 ) (2366.089600 149.877441 -134 ) (2363.309814 157.950470 -134 ) (2368.504150 159.841110 -134 ) 
4 278 282 (2357.123047 175.917145 -134 ) (2317.395264 291.289673 -134 ) (2323.742676 293.599976 -134 ) (2362.472900 177.864304 -134 ) 
4 278 281 (2311.208252 309.256836 -134 ) (2307.060059 321.303680 -134 ) (2313.706055 323.592285 -134 ) (2317.711182 311.623718 -134 ) 
4 278 280 (2365.989990 150.163010 -134 ) (2366.087891 149.878906 -134 ) (2366.090820 149.877502 -129 ) (2365.992432 150.162933 -129 ) 
4 278 279 (2313.821777 323.252625 -134 ) (2313.708008 323.592834 -134 ) (2313.708984 323.585938 -129 ) (2313.820557 323.252228 -129 ) 
4 279 281 (2313.819824 323.252014 -134 ) (2313.706055 323.592285 -134 ) (2334.514404 330.757660 -134 ) (2334.689209 330.235077 -134 ) 
4 280 290 (2366.089600 149.877441 -134 ) (2345.227783 142.893951 -134 ) (2345.190918 143.001297 -134 ) (2365.991211 150.163330 -134 ) 
4 281 440 (2269.406738 294.042175 -160 ) (2256.250000 289.253479 -160 ) (2256.250000 303.809814 -160 ) (2269.406738 308.340393 -160 ) 
4 281 439 (2340.772949 332.915588 -160 ) (2344.917969 321.526184 -160 ) (2269.406738 294.042175 -160 ) (2269.406738 308.340393 -160 ) 
4 281 376 (2341.107422 331.998657 -146 ) (2341.107422 331.998657 -134 ) (2344.918701 321.526459 -134 ) (2344.918701 321.526459 -146 ) 
4 281 378 (2344.918701 321.526428 -160 ) (2341.107422 331.998627 -160 ) (2341.107422 331.998657 -146 ) (2344.918701 321.526459 -146 ) 
4 281 326 (2341.107422 331.998627 -160 ) (2340.773682 332.915833 -160 ) (2340.774658 332.913300 -134 ) (2341.107422 331.998657 -134 ) 
4 281 316 (2256.250000 289.253510 -146 ) (2256.250000 289.253510 -134 ) (2256.250000 303.806976 -134 ) (2256.250000 303.808289 -146 ) 
4 281 319 (2256.250000 303.809814 -160 ) (2256.250000 289.253510 -160 ) (2256.250000 289.253510 -146 ) (2256.250000 303.808289 -146 ) 
4 281 284 (2256.250000 289.254120 -146 ) (2256.250000 289.254120 -160 ) (2269.406738 294.042816 -160 ) (2269.406738 294.042816 -146 ) 
4 281 283 (2344.917725 321.526855 -160 ) (2344.917725 321.526855 -146 ) (2269.406738 294.042816 -146 ) (2269.406738 294.042816 -160 ) 
5 282 463 (2317.669922 161.557419 -160 ) (2310.757080 159.041351 -160 ) (2304.513428 166.475006 -160 ) (2304.513428 274.421021 -160 ) (2317.669922 274.421021 -160 ) 
4 282 462 (2362.061279 274.421021 -160 ) (2393.139160 189.025986 -160 ) (2317.669922 161.557419 -160 ) (2317.669922 274.421021 -160 ) 
5 282 470 (2304.513428 166.475006 -160 ) (2289.479248 184.374603 -160 ) (2258.385986 269.812042 -160 ) (2271.049072 274.421021 -160 ) (2304.513428 274.421021 -160 ) 
3 282 439 (2351.415771 303.672119 -160 ) (2362.061279 274.421021 -160 ) (2271.049072 274.421021 -160 ) 
4 282 377 (2351.416260 303.672363 -146 ) (2351.416260 303.672363 -134 ) (2375 238.869675 -134 ) (2375 238.869675 -146 ) 
4 282 378 (2375 238.869675 -160 ) (2351.416260 303.672363 -160 ) (2351.416260 303.672363 -146 ) (2375 238.869675 -146 ) 
4 282 329 (2375 238.869675 -146 ) (2375 238.869675 -134 ) (2393.139648 189.026093 -134 ) (2393.139648 189.026093 -146 ) 
4 282 331 (2393.139648 189.026093 -160 ) (2375 238.869675 -160 ) (2375 238.869675 -146 ) (2393.139648 189.026093 -146 ) 
4 282 311 (2289.480469 184.373062 -146 ) (2289.480469 184.373062 -134 ) (2258.387207 269.812531 -134 ) (2258.387207 269.812531 -146 ) 
4 282 313 (2258.387207 269.812531 -160 ) (2289.480469 184.373047 -160 ) (2289.480469 184.373062 -146 ) (2258.387207 269.812531 -146 ) 
4 282 292 (2289.480713 184.370331 -134 ) (2289.480713 184.370331 -160 ) (2310.755371 159.040665 -160 ) (2310.755371 159.040665 -134 ) 
4 282 291 (2393.138672 189.025879 -160 ) (2393.138672 189.025879 -146 ) (2310.761719 159.042969 -146 ) (2310.761719 159.042969 -160 ) 
4 282 289 (2258.385742 269.811920 -160 ) (2258.385742 269.811920 -146 ) (2269.406738 273.823242 -146 ) (2269.406738 273.823242 -160 ) 
4 282 283 (2351.415771 303.672089 -146 ) (2351.415771 303.672089 -160 ) (2269.406738 273.823242 -160 ) (2269.406738 273.823242 -146 ) 
3 283 470 (2271.049072 274.421021 -160 ) (2269.406738 273.823273 -160 ) (2269.406738 274.421021 -160 ) 
5 283 439 (2344.917969 321.526184 -160 ) (2351.415771 303.672119 -160 ) (2271.049072 274.421021 -160 ) (2269.406738 274.421021 -160 ) (2269.406738 294.042175 -160 ) 
4 283 378 (2351.416260 303.672363 -160 ) (2344.918701 321.526428 -160 ) (2344.918701 321.526459 -146 ) (2351.416260 303.672363 -146 ) 
4 283 289 (2269.406738 274.421021 -160 ) (2269.406738 273.818359 -160 ) (2269.406738 273.818359 -146 ) (2269.406738 274.421021 -146 ) 
4 283 288 (2269.406738 287.582642 -160 ) (2269.406738 283.412292 -160 ) (2269.406738 283.411316 -146 ) (2269.406738 287.582642 -146 ) 
4 283 287 (2269.406738 277.941681 -160 ) (2269.406738 274.421021 -160 ) (2269.406738 274.421021 -146 ) (2269.406738 277.941986 -146 ) 
4 283 284 (2269.406738 294.042572 -146 ) (2269.406738 294.042572 -160 ) (2269.406738 287.582642 -160 ) (2269.406738 287.582642 -146 ) 
4 284 440 (2256.250000 287.582642 -160 ) (2256.250000 289.253479 -160 ) (2269.406738 294.042175 -160 ) (2269.406738 287.582642 -160 ) 
4 284 319 (2256.250000 289.253510 -160 ) (2256.250000 287.582642 -160 ) (2256.250000 287.582642 -146 ) (2256.250000 289.253510 -146 ) 
4 284 288 (2269.406738 287.582642 -160 ) (2269.406738 287.582642 -146 ) (2265.891602 287.582642 -146 ) (2265.892334 287.582642 -160 ) 
4 284 285 (2260.423340 287.582642 -146 ) (2256.250000 287.582642 -146 ) (2256.250000 287.582642 -160 ) (2260.423828 287.582642 -160 ) 
3 285 441 (2256.250000 284.075775 -160 ) (2256.250000 287.582642 -160 ) (2260.423828 287.582642 -160 ) 
4 285 319 (2256.250000 287.582642 -160 ) (2256.250000 284.075806 -160 ) (2256.250000 284.076294 -146 ) (2256.250000 287.582642 -146 ) 
4 286 442 (2256.708496 274.421021 -160 ) (2256.250000 275.681183 -160 ) (2256.250000 278.638916 -160 ) (2259.771729 274.421021 -160 ) 
4 286 319 (2256.250000 278.638947 -160 ) (2256.250000 275.681213 -160 ) (2256.250000 275.681183 -146 ) (2256.250000 278.640259 -146 ) 
4 286 313 (2256.250000 275.685059 -146 ) (2256.250000 275.685059 -160 ) (2256.709961 274.421021 -160 ) (2256.709961 274.421021 -146 ) 
4 286 289 (2256.708496 274.421021 -146 ) (2256.708496 274.421021 -160 ) (2259.771729 274.421021 -160 ) (2259.772705 274.421021 -146 ) 
3 287 443 (2269.406738 277.941681 -160 ) (2269.406738 274.421021 -160 ) (2265.214111 274.421021 -160 ) 
4 287 289 (2269.406738 274.421021 -160 ) (2269.406738 274.421021 -146 ) (2265.213623 274.421021 -146 ) (2265.214111 274.421021 -160 ) 
3 288 444 (2265.892334 287.582642 -160 ) (2269.406738 287.582642 -160 ) (2269.406738 283.412292 -160 ) 
4 289 470 (2269.406738 273.823273 -160 ) (2258.385986 269.812042 -160 ) (2256.708496 274.421021 -160 ) (2269.406738 274.421021 -160 ) 
4 289 313 (2256.709961 274.421021 -160 ) (2258.387207 269.812531 -160 ) (2258.387207 269.812531 -146 ) (2256.709961 274.421021 -146 ) 
4 290 330 (2399.636963 171.172638 -134 ) (2402.902100 162.200867 -134 ) (2402.902100 162.200867 -146 ) (2399.636963 171.172638 -146 ) 
4 290 307 (2342.062500 141.834335 -146 ) (2342.062500 141.834335 -134 ) (2325.209717 141.834335 -134 ) (2325.209717 141.834335 -146 ) 
4 290 295 (2325.207031 141.834335 -146 ) (2325.207031 141.834335 -134 ) (2323.761230 143.555817 -134 ) (2323.761230 143.555817 -146 ) 
5 290 291 (2402.902344 162.199219 -146 ) (2342.066406 141.834335 -146 ) (2325.203125 141.834335 -146 ) (2323.758301 143.554794 -146 ) (2399.636719 171.172516 -146 ) 
3 291 467 (2317.669922 150.811066 -160 ) (2314.151611 155 -160 ) (2317.669922 155 -160 ) 
4 291 463 (2314.151611 155 -160 ) (2310.757080 159.041351 -160 ) (2317.669922 161.557419 -160 ) (2317.669922 155 -160 ) 
6 291 462 (2393.139160 189.025986 -160 ) (2402.901855 162.200851 -160 ) (2342.064697 141.834335 -160 ) (2325.209717 141.834335 -160 ) (2317.669922 150.811066 -160 ) (2317.669922 161.557419 -160 ) 
4 291 331 (2402.902100 162.200867 -160 ) (2393.139648 189.026093 -160 ) (2393.139648 189.026093 -146 ) (2402.902100 162.200867 -146 ) 
4 291 308 (2325.209717 141.834335 -160 ) (2342.062500 141.834335 -160 ) (2342.062500 141.834335 -146 ) (2325.209717 141.834335 -146 ) 
4 291 298 (2310.755371 159.040665 -160 ) (2314.149170 155 -160 ) (2314.149170 155 -146 ) (2310.755371 159.040665 -146 ) 
4 291 296 (2317.669922 150.808105 -160 ) (2325.207031 141.834335 -160 ) (2325.207031 141.834335 -146 ) (2317.669922 150.808105 -146 ) 
3 292 463 (2304.513428 166.475006 -160 ) (2310.757080 159.041351 -160 ) (2304.513428 156.768814 -160 ) 
4 292 470 (2300.109375 155.165848 -160 ) (2289.479248 184.374603 -160 ) (2304.513428 166.475006 -160 ) (2304.513428 156.768814 -160 ) 
4 292 311 (2300.109619 155.165924 -146 ) (2300.109619 155.165924 -134 ) (2289.480469 184.373062 -134 ) (2289.480469 184.373062 -146 ) 
4 292 313 (2289.480469 184.373047 -160 ) (2300.109619 155.165924 -160 ) (2300.109619 155.165924 -146 ) (2289.480469 184.373062 -146 ) 
4 292 309 (2300.109619 155.165924 -129 ) (2300.109619 155.165939 -106 ) (2289.480469 184.373093 -106 ) (2289.480469 184.373062 -129 ) 
4 292 303 (2300.109375 155.165512 -106 ) (2300.109375 155.165512 -134 ) (2304.513428 156.768478 -134 ) (2304.513428 156.768478 -106 ) 
4 292 304 (2300.109375 155.165512 -146 ) (2300.109375 155.165512 -160 ) (2304.513428 156.768478 -160 ) (2304.513428 156.768478 -146 ) 
4 292 297 (2310.759766 159.041992 -134 ) (2310.759766 159.041992 -106 ) (2304.513428 156.768478 -106 ) (2304.513428 156.768478 -134 ) 
4 292 298 (2304.513428 156.768478 -160 ) (2310.759766 159.041992 -160 ) (2310.759766 159.041992 -146 ) (2304.513428 156.768478 -146 ) 
4 293 305 (2325.209717 141.834335 -129 ) (2325.209717 141.834335 -106 ) (2317.669922 141.834335 -106 ) (2317.669922 141.834335 -129 ) 
4 293 300 (2317.669922 145.349167 -129 ) (2317.669922 141.834335 -129 ) (2317.669922 141.834335 -106 ) (2317.669922 145.349960 -106 ) 
4 293 294 (2317.669922 141.834335 -129 ) (2317.669922 150.816406 -129 ) (2319.525146 148.607605 -129 ) (2321.990723 141.834335 -129 ) 
4 294 306 (2321.990723 141.834335 -129 ) (2317.669922 141.834335 -129 ) (2317.669922 141.834335 -134 ) (2321.990723 141.834335 -134 ) 
4 294 300 (2317.669922 145.349014 -134 ) (2317.669922 141.834335 -134 ) (2317.669922 141.834335 -129 ) (2317.669922 145.349167 -129 ) 
3 294 295 (2321.644531 142.785477 -134 ) (2321.990723 141.834335 -134 ) (2319.031494 141.834335 -134 ) 
4 295 307 (2325.209717 141.834335 -146 ) (2325.209717 141.834335 -134 ) (2319.031494 141.834335 -134 ) (2319.031494 141.834335 -146 ) 
3 295 296 (2323.766602 143.557800 -146 ) (2325.214111 141.834335 -146 ) (2319.031494 141.834335 -146 ) 
3 296 462 (2325.209717 141.834335 -160 ) (2317.669922 141.834335 -160 ) (2317.669922 150.811066 -160 ) 
4 296 308 (2317.669922 141.834335 -160 ) (2325.209717 141.834335 -160 ) (2325.209717 141.834335 -146 ) (2317.669922 141.834335 -146 ) 
4 296 302 (2317.669922 145.348221 -160 ) (2317.669922 141.834335 -160 ) (2317.669922 141.834335 -146 ) (2317.669922 145.348694 -146 ) 
4 297 303 (2304.513428 156.763672 -106 ) (2304.513428 156.763672 -134 ) (2304.513428 155 -134 ) (2304.513428 155 -106 ) 
4 297 299 (2304.513428 155 -106 ) (2304.513428 155 -134 ) (2308.702881 155 -134 ) (2308.701904 155 -106 ) 
4 298 463 (2304.513428 155 -160 ) (2304.513428 156.768814 -160 ) (2310.757080 159.041351 -160 ) (2314.151611 155 -160 ) 
4 298 304 (2304.513428 156.763672 -146 ) (2304.513428 156.763672 -160 ) (2304.513428 155 -160 ) (2304.513428 155 -146 ) 
4 298 301 (2304.513428 155 -146 ) (2304.513428 155 -160 ) (2308.703857 155 -160 ) (2308.703369 155 -146 ) 
4 299 303 (2304.513428 151.487457 -106 ) (2304.513428 155 -106 ) (2304.513428 155 -134 ) (2304.513428 151.486557 -134 ) 
4 300 306 (2313.480713 141.834335 -134 ) (2317.669922 141.834335 -134 ) (2317.669922 141.834335 -129 ) (2313.480469 141.834335 -129 ) 
4 300 305 (2317.669922 141.834335 -129 ) (2317.669922 141.834335 -106 ) (2313.479736 141.834335 -106 ) (2313.480469 141.834335 -129 ) 
3 301 464 (2304.513428 151.485870 -160 ) (2304.513428 155 -160 ) (2308.703857 155 -160 ) 
4 301 304 (2304.513428 155 -160 ) (2304.513428 151.485886 -160 ) (2304.513428 151.486176 -146 ) (2304.513428 155 -146 ) 
3 302 466 (2317.669922 141.834335 -160 ) (2313.481934 141.834335 -160 ) (2317.669922 145.348221 -160 ) 
4 302 308 (2313.481689 141.834335 -160 ) (2317.669922 141.834335 -160 ) (2317.669922 141.834335 -146 ) (2313.481201 141.834335 -146 ) 
4 303 309 (2302.624512 148.255386 -129 ) (2302.626953 148.248856 -106 ) (2300.109619 155.165939 -106 ) (2300.109619 155.165924 -129 ) 
4 304 470 (2304.513428 146.019852 -160 ) (2302.620850 148.264786 -160 ) (2300.109375 155.165848 -160 ) (2304.513428 156.768814 -160 ) 
4 304 313 (2300.109619 155.165924 -160 ) (2302.621338 148.264191 -160 ) (2302.622803 148.260208 -146 ) (2300.109619 155.165924 -146 ) 
4 305 306 (2308.035156 141.834335 -129 ) (2321.990479 141.834335 -129 ) (2324.170410 135.845917 -129 ) (2315.525879 132.951996 -129 ) 
5 306 307 (2319.031494 141.834335 -134 ) (2321.990479 141.834335 -134 ) (2324.170410 135.845932 -134 ) (2315.526367 132.952164 -134 ) (2310.617920 138.772034 -134 ) 
4 307 308 (2319.031494 141.834335 -146 ) (2342.058594 141.834335 -146 ) (2315.527832 132.952591 -146 ) (2310.622314 138.773651 -146 ) 
4 308 469 (2317.669922 133.667694 -160 ) (2315.530518 132.951477 -160 ) (2308.041992 141.834335 -160 ) (2317.669922 141.834335 -160 ) 
3 308 462 (2342.064697 141.834335 -160 ) (2317.669922 133.667694 -160 ) (2317.669922 141.834335 -160 ) 
4 309 314 (2256.250000 231.816406 -129 ) (2256.250000 231.816406 -106 ) (2256.250000 275.681091 -106 ) (2256.250000 275.681152 -129 ) 
4 309 310 (2296.619141 120.910156 -129 ) (2294.910156 125.605087 -129 ) (2308.997559 130.734039 -129 ) (2310.707031 126.036545 -129 ) 
4 310 312 (2296.619141 120.910156 -134 ) (2294.910156 125.605087 -134 ) (2308.997559 130.734039 -134 ) (2310.707031 126.036545 -134 ) 
4 311 317 (2256.250000 231.816406 -146 ) (2256.250000 231.816406 -134 ) (2256.250000 269.034637 -134 ) (2256.250000 269.034607 -146 ) 
5 311 313 (2286.017334 150.036758 -146 ) (2256.250000 231.816406 -146 ) (2256.250000 269.034637 -146 ) (2258.383057 269.811005 -146 ) (2300.106445 155.164795 -146 ) 
4 312 313 (2296.619141 120.910156 -146 ) (2292.515869 132.183380 -146 ) (2306.604004 137.311066 -146 ) (2310.707031 126.036545 -146 ) 
3 313 465 (2304.513428 141.834335 -160 ) (2304.513428 143.064270 -160 ) (2304.960938 141.834335 -160 ) 
4 313 469 (2310.709961 126.037643 -160 ) (2304.513428 123.782318 -160 ) (2304.513428 141.834335 -160 ) (2304.960938 141.834335 -160 ) 
6 313 470 (2304.513428 123.782318 -160 ) (2296.619629 120.909248 -160 ) (2256.250000 231.817749 -160 ) (2256.250000 274.421021 -160 ) (2256.708496 274.421021 -160 ) (2304.513428 143.064270 -160 ) 
3 313 442 (2256.250000 274.421021 -160 ) (2256.250000 275.681183 -160 ) (2256.708496 274.421021 -160 ) 
4 313 319 (2256.250000 275.681213 -160 ) (2256.250000 231.816406 -160 ) (2256.250000 231.816406 -146 ) (2256.250000 275.681183 -146 ) 
3 314 315 (2247.100342 300.822113 -129 ) (2256.250000 304.152344 -129 ) (2256.250000 275.681213 -129 ) 
4 315 316 (2247.100342 300.822113 -134 ) (2256.250000 304.152344 -134 ) (2256.250000 289.253479 -134 ) (2251.888428 287.665955 -134 ) 
4 316 318 (2237.789063 282.533203 -146 ) (2240.609863 283.560150 -146 ) (2240.608887 283.562927 -134 ) (2237.789063 282.536591 -134 ) 
4 316 319 (2233.003906 295.695313 -146 ) (2256.250000 304.156250 -146 ) (2256.250000 289.253479 -146 ) (2237.792969 282.535645 -146 ) 
4 317 318 (2247.111328 265.707031 -146 ) (2244.288818 264.679718 -146 ) (2244.289063 264.679688 -134 ) (2247.111328 265.706940 -134 ) 
3 317 319 (2256.250000 269.034668 -146 ) (2256.250000 231.818344 -146 ) (2244.290283 264.681702 -146 ) 
4 318 319 (2247.110840 265.708344 -146 ) (2244.290283 264.681702 -146 ) (2237.792969 282.535645 -146 ) (2240.609863 283.560883 -146 ) 
3 319 470 (2256.250000 231.817749 -160 ) (2240.742920 274.421021 -160 ) (2256.250000 274.421021 -160 ) 
4 319 446 (2240.742920 274.421021 -160 ) (2233 295.695740 -160 ) (2256.250000 304.156708 -160 ) (2256.250000 274.421021 -160 ) 
4 320 439 (2339.287842 336.996490 -160 ) (2375 349.991974 -160 ) (2375 347.374207 -160 ) (2340.130371 334.681519 -160 ) 
5 320 427 (2375 349.991974 -160 ) (2380.194580 351.882263 -160 ) (2388.166748 354.168427 -160 ) (2388.166748 352.166962 -160 ) (2375 347.374207 -160 ) 
3 320 425 (2388.166748 354.168427 -160 ) (2414.080322 361.599579 -160 ) (2388.166748 352.166962 -160 ) 
4 320 325 (2364.560059 343.575378 -134 ) (2413.985352 361.566315 -134 ) (2413.970459 361.560852 -129 ) (2364.560059 343.575378 -129 ) 
4 320 324 (2340.126953 334.681641 -102 ) (2340.126953 334.681641 -129 ) (2413.970459 361.560852 -129 ) (2413.889404 361.531403 -102 ) 
4 320 326 (2340.126953 334.681641 -134 ) (2340.126953 334.681641 -160 ) (2414.063232 361.594696 -160 ) (2413.985352 361.566315 -134 ) 
4 321 332 (2490.371338 193.737701 -102 ) (2490.376465 193.719879 -129 ) (2437.020264 174.297043 -129 ) (2437.007568 174.312119 -102 ) 
4 321 327 (2437.020264 174.297043 -129 ) (2403.004883 161.914734 -129 ) (2402.998535 161.932114 -102 ) (2437.007568 174.312119 -102 ) 
4 321 322 (2490.972656 191.639221 -129 ) (2428.172852 168.782181 -129 ) (2427.435303 170.808517 -129 ) (2490.376221 193.720428 -129 ) 
4 322 334 (2447.209229 178.002441 -134 ) (2437.022461 174.294250 -134 ) (2437.020020 174.297043 -129 ) (2447.207520 178.005524 -129 ) 
4 322 333 (2490.376465 193.719879 -129 ) (2490.377441 193.716583 -134 ) (2466 184.842865 -134 ) (2465.998291 184.845749 -129 ) 
4 322 328 (2437.022461 174.294250 -134 ) (2427.436768 170.804810 -134 ) (2427.435303 170.807968 -129 ) (2437.020020 174.297043 -129 ) 
4 322 323 (2490.970703 191.647644 -134 ) (2428.169678 168.790283 -134 ) (2427.436768 170.805115 -134 ) (2490.377197 193.716858 -134 ) 
4 323 462 (2422.836914 166.847977 -160 ) (2403.740234 159.897446 -160 ) (2403.013428 161.894547 -160 ) (2422.836914 169.110748 -160 ) 
4 323 460 (2436 171.638885 -160 ) (2422.836914 166.847977 -160 ) (2422.836914 169.110748 -160 ) (2436 173.902420 -160 ) 
4 323 448 (2490.382324 193.698853 -160 ) (2490.970947 191.646423 -160 ) (2436 171.638885 -160 ) (2436 173.902420 -160 ) 
4 323 335 (2490.377441 193.716583 -134 ) (2490.382324 193.699432 -160 ) (2437.034668 174.279739 -160 ) (2437.022461 174.294235 -134 ) 
4 323 330 (2403.009033 161.903793 -146 ) (2403.006104 161.911514 -134 ) (2437.022461 174.294235 -134 ) (2437.028076 174.287552 -146 ) 
4 323 331 (2437.034668 174.279739 -160 ) (2403.012207 161.894791 -160 ) (2403.009033 161.903793 -146 ) (2437.028076 174.287552 -146 ) 
4 324 374 (2341.107422 331.998535 -102 ) (2341.107422 331.998535 -129 ) (2375 344.337952 -129 ) (2375 344.337952 -102 ) 
4 324 344 (2385.300049 348.087921 -129 ) (2440.363525 368.135132 -129 ) (2440.363525 368.135132 -102 ) (2385.298340 348.087341 -102 ) 
4 324 337 (2375 344.337952 -129 ) (2385.300049 348.087921 -129 ) (2385.298340 348.087341 -102 ) (2375 344.337952 -102 ) 
5 324 325 (2419.637939 360.590576 -129 ) (2365.536133 340.893616 -129 ) (2364.560059 343.575745 -129 ) (2413.966309 361.559692 -129 ) (2418.950439 362.988953 -129 ) 
4 325 375 (2365.536621 340.892609 -134 ) (2375 344.337982 -134 ) (2375 344.337982 -129 ) (2365.536621 340.892609 -129 ) 
4 325 345 (2404.090088 354.928925 -134 ) (2419.638428 360.589630 -134 ) (2419.638428 360.589630 -129 ) (2404.089111 354.928589 -129 ) 
4 325 337 (2375 344.337982 -134 ) (2385.300537 348.088104 -134 ) (2385.300049 348.087952 -129 ) (2375 344.337982 -129 ) 
5 325 326 (2419.637939 360.590668 -134 ) (2365.536133 340.893646 -134 ) (2364.560303 343.575775 -134 ) (2413.980957 361.565063 -134 ) (2418.950195 362.990051 -134 ) 
4 326 439 (2375 344.338013 -160 ) (2341.106934 331.998413 -160 ) (2340.130371 334.681519 -160 ) (2375 347.374207 -160 ) 
4 326 427 (2388.166748 349.131683 -160 ) (2375 344.338013 -160 ) (2375 347.374207 -160 ) (2388.166748 352.166962 -160 ) 
5 326 425 (2414.080322 361.599579 -160 ) (2440.098145 369.060577 -160 ) (2440.363525 368.135193 -160 ) (2388.166748 349.131683 -160 ) (2388.166748 352.166962 -160 ) 
4 326 376 (2341.107422 331.998535 -134 ) (2341.107422 331.998535 -146 ) (2375 344.337952 -146 ) (2375 344.337952 -134 ) 
4 326 378 (2341.107422 331.998535 -146 ) (2341.107422 331.998535 -160 ) (2375 344.337952 -160 ) (2375 344.337952 -146 ) 
4 326 349 (2440.363525 368.135132 -146 ) (2440.363525 368.135132 -134 ) (2375 344.337952 -134 ) (2375 344.337952 -146 ) 
4 326 350 (2375 344.337952 -160 ) (2440.363525 368.135132 -160 ) (2440.363525 368.135132 -146 ) (2375 344.337952 -146 ) 
4 327 374 (2375 238.868088 -129 ) (2375 238.868088 -102 ) (2375 248.139313 -102 ) (2375 248.139313 -129 ) 
4 327 370 (2433.242676 178.795349 -129 ) (2426.351563 187 -129 ) (2426.351563 187 -102 ) (2433.246338 178.791046 -102 ) 
4 327 363 (2422.836914 191.184509 -129 ) (2375 248.138672 -129 ) (2375 248.138672 -102 ) (2422.836914 191.184509 -102 ) 
4 327 332 (2437.008545 174.311844 -102 ) (2437.020996 174.296783 -129 ) (2433.242676 178.795349 -129 ) (2433.246338 178.791046 -102 ) 
3 327 328 (2417.868164 197.097336 -129 ) (2437.019043 174.295929 -129 ) (2427.436035 170.806747 -129 ) 
4 328 371 (2433.241943 178.796188 -134 ) (2426.351318 187 -134 ) (2426.351318 187 -129 ) (2433.242676 178.795349 -129 ) 
4 328 364 (2422.836914 191.184250 -134 ) (2417.866211 197.102386 -134 ) (2417.866211 197.102432 -129 ) (2422.836914 191.184280 -129 ) 
4 328 334 (2437.020996 174.296783 -129 ) (2437.023438 174.293991 -134 ) (2433.241943 178.796188 -134 ) (2433.242676 178.795349 -129 ) 
4 328 330 (2430.275879 182.324326 -134 ) (2437.021240 174.293121 -134 ) (2427.436768 170.804031 -134 ) (2424.066650 180.064392 -134 ) 
4 329 377 (2375 238.868088 -146 ) (2375 238.868088 -134 ) (2375 248.139313 -134 ) (2375 248.139313 -146 ) 
4 329 365 (2417.272217 197.809647 -146 ) (2375 248.138672 -146 ) (2375 248.138672 -134 ) (2417.272217 197.809631 -134 ) 
4 329 331 (2375 238.868332 -146 ) (2375 248.136719 -146 ) (2417.270264 197.808899 -146 ) (2393.139160 189.025925 -146 ) 
4 330 372 (2433.240234 178.798096 -146 ) (2430.277832 182.325119 -146 ) (2430.278076 182.325104 -134 ) (2433.241943 178.796204 -134 ) 
4 330 335 (2437.023438 174.293991 -134 ) (2437.029053 174.287292 -146 ) (2433.240234 178.798096 -146 ) (2433.241943 178.796204 -134 ) 
4 330 331 (2430.275879 182.324310 -146 ) (2437.026855 174.286407 -146 ) (2403.010010 161.903381 -146 ) (2399.636719 171.172501 -146 ) 
5 331 462 (2422.836914 169.110764 -160 ) (2403.013428 161.894547 -160 ) (2375 238.868576 -160 ) (2375 248.139404 -160 ) (2422.836914 191.183929 -160 ) 
5 331 460 (2436 173.902435 -160 ) (2422.836914 169.110764 -160 ) (2422.836914 187 -160 ) (2426.351074 187 -160 ) (2436 175.511719 -160 ) 
3 331 452 (2422.836914 187 -160 ) (2422.836914 191.183929 -160 ) (2426.351074 187 -160 ) 
3 331 448 (2437.035156 174.279251 -160 ) (2436 173.902435 -160 ) (2436 175.511719 -160 ) 
4 331 378 (2375 248.139313 -160 ) (2375 238.868088 -160 ) (2375 238.868088 -146 ) (2375 248.139313 -146 ) 
4 331 373 (2433.238525 178.800415 -160 ) (2426.351563 187 -160 ) (2426.351318 187 -146 ) (2433.240234 178.798126 -146 ) 
4 331 369 (2422.836914 191.184464 -160 ) (2417.272217 197.809677 -160 ) (2417.272217 197.809601 -146 ) (2422.836914 191.184265 -146 ) 
4 331 365 (2417.272217 197.809677 -160 ) (2375 248.138672 -160 ) (2375 248.138672 -146 ) (2417.272217 197.809601 -146 ) 
4 331 335 (2437.029053 174.287292 -146 ) (2437.035645 174.279480 -160 ) (2433.238525 178.800415 -160 ) (2433.240234 178.798126 -146 ) 
4 332 370 (2433.238281 178.793381 -129 ) (2433.241943 178.789001 -102 ) (2461.884766 187 -102 ) (2461.865967 187 -129 ) 
4 332 344 (2461.884766 187 -102 ) (2489.992676 195.057632 -102 ) (2489.991211 195.062653 -129 ) (2461.865967 187 -129 ) 
4 332 334 (2437.015625 174.292969 -129 ) (2433.238281 178.792969 -129 ) (2445.628174 182.344727 -129 ) (2447.208252 178.003571 -129 ) 
4 332 333 (2464.898193 187.868805 -129 ) (2489.991455 195.062256 -129 ) (2490.376709 193.718887 -129 ) (2465.998779 184.844223 -129 ) 
4 333 345 (2464.897949 187.869171 -129 ) (2468.841309 189 -129 ) (2468.841064 189 -134 ) (2464.898438 187.870377 -134 ) 
4 333 335 (2464.897461 187.872864 -134 ) (2489.990234 195.066116 -134 ) (2490.377197 193.716766 -134 ) (2466 184.844025 -134 ) 
4 334 371 (2433.237549 178.794189 -134 ) (2433.238281 178.793381 -129 ) (2445.628174 182.345139 -129 ) (2445.628174 182.346176 -134 ) 
4 334 335 (2437.011719 174.292969 -134 ) (2433.230469 178.794922 -134 ) (2445.627197 182.348694 -134 ) (2447.208496 178.004333 -134 ) 
3 335 460 (2436 175.511749 -160 ) (2433.238037 178.800278 -160 ) (2436 179.592041 -160 ) 
5 335 448 (2489.989502 195.069107 -160 ) (2490.382324 193.698853 -160 ) (2437.035156 174.279251 -160 ) (2436 175.511749 -160 ) (2436 179.592041 -160 ) 
4 335 372 (2433.236084 178.796143 -146 ) (2433.237549 178.794189 -134 ) (2461.862305 187 -134 ) (2461.853760 187 -146 ) 
4 335 373 (2433.234131 178.798416 -160 ) (2433.236084 178.796143 -146 ) (2461.853760 187 -146 ) (2461.843994 187 -160 ) 
4 335 347 (2461.862305 187 -134 ) (2489.990967 195.063583 -134 ) (2489.990234 195.065811 -146 ) (2461.853760 187 -146 ) 
4 335 348 (2489.990234 195.065811 -146 ) (2489.989502 195.068420 -160 ) (2461.843994 187 -160 ) (2461.853760 187 -146 ) 
3 336 349 (2388.166748 340.213501 -134 ) (2389.113525 337.612183 -134 ) (2388.166748 337.267548 -134 ) 
3 336 346 (2395.612061 319.758301 -134 ) (2396.309814 317.841339 -134 ) (2390.345215 317.841339 -134 ) 
4 336 344 (2388.166748 340.210388 -129 ) (2388.166748 340.205261 -102 ) (2396.306885 317.841339 -102 ) (2396.308838 317.841339 -129 ) 
4 336 343 (2388.166748 317.841339 -134 ) (2396.310303 317.841339 -134 ) (2396.310059 317.841339 -129 ) (2388.166748 317.841339 -129 ) 
4 336 342 (2396.310059 317.841339 -129 ) (2396.308105 317.841339 -102 ) (2388.166748 317.841339 -102 ) (2388.166748 317.841339 -129 ) 
4 336 341 (2388.166748 321.354797 -134 ) (2388.166748 317.841339 -134 ) (2388.166748 317.841339 -102 ) (2388.166748 321.354797 -102 ) 
4 336 339 (2388.166748 331 -134 ) (2388.166748 326.807800 -134 ) (2388.166748 326.807800 -102 ) (2388.166748 331 -102 ) 
4 336 337 (2388.166748 340.207855 -102 ) (2388.166748 340.214111 -134 ) (2388.166748 331 -134 ) (2388.166748 331 -102 ) 
4 337 375 (2375 344.335938 -129 ) (2375 344.335938 -134 ) (2375 331 -134 ) (2375 331 -129 ) 
4 337 374 (2375 344.335938 -102 ) (2375 344.335938 -129 ) (2375 331 -129 ) (2375 331 -102 ) 
5 337 349 (2375 332.475220 -134 ) (2375 344.337982 -134 ) (2385.300537 348.088104 -134 ) (2388.166748 340.213501 -134 ) (2388.166748 337.267548 -134 ) 
4 337 344 (2385.299561 348.087769 -129 ) (2385.297852 348.087158 -102 ) (2388.166748 340.205261 -102 ) (2388.166748 340.210388 -129 ) 
4 337 340 (2375 331 -102 ) (2375 331 -134 ) (2379.200195 331 -134 ) (2379.199951 331 -102 ) 
4 337 339 (2384.635742 331 -134 ) (2388.166748 331 -134 ) (2388.166748 331 -102 ) (2384.635742 331 -102 ) 
4 338 375 (2375 322.040039 -134 ) (2375 317.841339 -134 ) (2375 317.841339 -129 ) (2375 322.040039 -129 ) 
4 338 374 (2375 317.841339 -129 ) (2375 317.841339 -102 ) (2375 322.040039 -102 ) (2375 322.040039 -129 ) 
4 338 343 (2375 317.841339 -129 ) (2375 317.841339 -134 ) (2378.519043 317.841339 -134 ) (2378.519043 317.841339 -129 ) 
4 338 342 (2375 317.841339 -102 ) (2375 317.841339 -129 ) (2378.519043 317.841339 -129 ) (2378.519043 317.841339 -102 ) 
4 340 375 (2375 331 -134 ) (2375 327.478638 -134 ) (2375 327.478699 -129 ) (2375 331 -129 ) 
4 340 374 (2375 327.478699 -129 ) (2375 327.478973 -102 ) (2375 331 -102 ) (2375 331 -129 ) 
4 341 343 (2383.986816 317.841339 -134 ) (2388.166748 317.841339 -134 ) (2388.166748 317.841339 -129 ) (2383.986816 317.841339 -129 ) 
4 341 342 (2388.166748 317.841339 -129 ) (2388.166748 317.841339 -102 ) (2383.986816 317.841339 -102 ) (2383.986816 317.841339 -129 ) 
4 342 374 (2375 268.438446 -129 ) (2375 268.438446 -102 ) (2375 317.841339 -102 ) (2375 317.841339 -129 ) 
4 342 370 (2443.931885 187 -102 ) (2443.563721 187 -102 ) (2443.563721 187 -129 ) (2443.933838 187 -129 ) 
4 342 363 (2375 268.438080 -102 ) (2375 268.438080 -129 ) (2422.836914 211.619324 -129 ) (2422.836914 211.619339 -102 ) 
4 342 360 (2422.836914 211.619324 -129 ) (2432.481201 200.164337 -129 ) (2432.481201 200.164337 -102 ) (2422.836914 211.619339 -102 ) 
4 342 358 (2436 195.984741 -129 ) (2443.564453 187 -129 ) (2443.564453 187 -102 ) (2436 195.984756 -102 ) 
4 342 344 (2443.931152 187 -102 ) (2443.933105 187 -129 ) (2396.308838 317.841339 -129 ) (2396.306885 317.841339 -102 ) 
6 342 343 (2375 317.841339 -129 ) (2396.308594 317.841339 -129 ) (2443.932861 187 -129 ) (2443.563721 187 -129 ) (2404.775391 233.073166 -129 ) (2375 314.889374 -129 ) 
4 343 375 (2375 317.841339 -134 ) (2375 314.889374 -134 ) (2375 314.889404 -129 ) (2375 317.841339 -129 ) 
4 343 371 (2443.563721 187 -129 ) (2443.563721 187 -134 ) (2443.934326 187 -134 ) (2443.933838 187 -129 ) 
4 343 364 (2404.776123 233.071243 -134 ) (2422.836914 211.619354 -134 ) (2422.836914 211.619354 -129 ) (2404.776123 233.071243 -129 ) 
4 343 360 (2422.836914 211.619354 -134 ) (2432.481201 200.164337 -134 ) (2432.481201 200.164337 -129 ) (2422.836914 211.619354 -129 ) 
4 343 358 (2436 195.984756 -134 ) (2443.564453 187 -134 ) (2443.564453 187 -129 ) (2436 195.984756 -129 ) 
4 343 347 (2443.934082 187 -134 ) (2443.562500 187 -134 ) (2443.459229 187.122696 -134 ) (2443.839111 187.261017 -134 ) 
6 343 346 (2430.429932 202.598618 -134 ) (2404.777100 233.068451 -134 ) (2375.846191 312.564117 -134 ) (2390.345215 317.841339 -134 ) (2396.309814 317.841339 -134 ) (2437.340820 205.114014 -134 ) 
4 344 370 (2461.860596 187 -129 ) (2461.879639 187 -102 ) (2443.931885 187 -102 ) (2443.933838 187 -129 ) 
4 344 345 (2468.841064 189 -129 ) (2464.897705 187.869873 -129 ) (2404.089111 354.928650 -129 ) (2419.638428 360.589722 -129 ) 
4 345 349 (2407.903809 344.451324 -134 ) (2404.090088 354.928894 -134 ) (2419.638428 360.589600 -134 ) (2422.719727 349.843872 -134 ) 
4 345 347 (2468.841064 189 -134 ) (2464.898682 187.870117 -134 ) (2462.630859 194.100677 -134 ) (2466.929932 195.665421 -134 ) 
4 345 346 (2456.132324 211.953506 -134 ) (2414.402588 326.597473 -134 ) (2427.969482 331.535461 -134 ) (2461.680176 213.972824 -134 ) 
4 346 377 (2375 268.438446 -146 ) (2375 268.438446 -134 ) (2375 312.256073 -134 ) (2375 312.256073 -146 ) 
4 346 365 (2375 268.438080 -134 ) (2375 268.438080 -146 ) (2430.431152 202.599121 -146 ) (2430.431152 202.599106 -134 ) 
5 346 348 (2430.423584 202.596329 -146 ) (2375 268.425476 -146 ) (2375 312.255341 -146 ) (2448.695557 339.078308 -146 ) (2482.405762 221.516281 -146 ) 
4 347 372 (2461.848633 187 -146 ) (2461.857178 187 -134 ) (2443.563721 187 -134 ) (2443.563721 187 -146 ) 
5 347 348 (2489.990234 195.065964 -146 ) (2461.855469 187 -146 ) (2443.554688 187 -146 ) (2443.453125 187.120514 -146 ) (2487.655273 203.208908 -146 ) 
4 348 462 (2422.836914 211.618851 -160 ) (2375 268.438507 -160 ) (2375 274.421021 -160 ) (2422.836914 274.421021 -160 ) 
3 348 455 (2436 195.984024 -160 ) (2432.480469 200.164337 -160 ) (2436 200.164337 -160 ) 
5 348 450 (2432.480469 200.164337 -160 ) (2422.836914 211.618851 -160 ) (2422.836914 274.421021 -160 ) (2436 274.421021 -160 ) (2436 200.164337 -160 ) 
6 348 448 (2467.235596 274.421021 -160 ) (2489.989502 195.069107 -160 ) (2461.841553 187 -160 ) (2443.563721 187 -160 ) (2436 195.984024 -160 ) (2436 274.421021 -160 ) 
4 348 437 (2388.166748 274.421021 -160 ) (2375 274.421021 -160 ) (2375 312.256073 -160 ) (2388.166748 317.048370 -160 ) 
4 348 425 (2448.695313 339.078979 -160 ) (2467.235596 274.421021 -160 ) (2388.166748 274.421021 -160 ) (2388.166748 317.048370 -160 ) 
4 348 378 (2375 312.256073 -160 ) (2375 268.438446 -160 ) (2375 268.438446 -146 ) (2375 312.256073 -146 ) 
4 348 373 (2443.563721 187 -160 ) (2461.838867 187 -160 ) (2461.848633 187 -146 ) (2443.563721 187 -146 ) 
4 348 366 (2430.431152 202.599060 -160 ) (2432.480957 200.164337 -160 ) (2432.480957 200.164337 -146 ) (2430.431152 202.599091 -146 ) 
4 348 365 (2375 268.438080 -146 ) (2375 268.438080 -160 ) (2430.431152 202.599060 -160 ) (2430.431152 202.599091 -146 ) 
4 348 359 (2436 195.984741 -160 ) (2443.564453 187 -160 ) (2443.564453 187 -146 ) (2436 195.984756 -146 ) 
4 348 356 (2375 312.254974 -160 ) (2375 312.254974 -146 ) (2390.348389 317.841339 -146 ) (2390.348389 317.841339 -160 ) 
4 348 351 (2390.348389 317.841339 -146 ) (2426.501465 331 -146 ) (2426.501465 331 -160 ) (2390.348389 317.841339 -160 ) 
4 348 350 (2426.501465 331 -146 ) (2448.695557 339.077942 -146 ) (2448.695557 339.077942 -160 ) (2426.501465 331 -160 ) 
4 349 376 (2375 344.335938 -134 ) (2375 344.335938 -146 ) (2375 332.475220 -146 ) (2375 332.475220 -134 ) 
4 349 350 (2375 332.475220 -146 ) (2375 344.338013 -146 ) (2440.363525 368.135193 -146 ) (2443.445557 357.387512 -146 ) 
4 350 427 (2388.166748 331 -160 ) (2375 331 -160 ) (2375 344.338013 -160 ) (2388.166748 349.131683 -160 ) 
5 350 425 (2440.363525 368.135193 -160 ) (2448.695313 339.078979 -160 ) (2426.498535 331 -160 ) (2388.166748 331 -160 ) (2388.166748 349.131683 -160 ) 
4 350 378 (2375 344.335938 -146 ) (2375 344.335938 -160 ) (2375 331 -160 ) (2375 331 -146 ) 
4 350 354 (2379.200195 331 -146 ) (2375 331 -146 ) (2375 331 -160 ) (2379.200439 331 -160 ) 
4 350 353 (2388.166748 331 -146 ) (2384.635742 331 -146 ) (2384.635742 331 -160 ) (2388.166748 331 -160 ) 
4 350 351 (2426.498047 331 -160 ) (2426.498047 331 -146 ) (2388.166748 331 -146 ) (2388.166748 331 -160 ) 
4 351 425 (2426.498535 331 -160 ) (2390.345459 317.841339 -160 ) (2388.166748 317.841339 -160 ) (2388.166748 331 -160 ) 
4 351 356 (2390.343750 317.841339 -160 ) (2390.343750 317.841339 -146 ) (2388.166748 317.841339 -146 ) (2388.166748 317.841339 -160 ) 
4 351 355 (2388.166748 321.354797 -160 ) (2388.166748 317.841339 -160 ) (2388.166748 317.841339 -146 ) (2388.166748 321.354797 -146 ) 
4 351 353 (2388.166748 331 -146 ) (2388.166748 331 -160 ) (2388.166748 326.807800 -160 ) (2388.166748 326.807800 -146 ) 
3 352 429 (2378.519043 317.841339 -160 ) (2375 317.841339 -160 ) (2375 322.040039 -160 ) 
4 352 378 (2375 322.040039 -160 ) (2375 317.841339 -160 ) (2375 317.841339 -146 ) (2375 322.040039 -146 ) 
4 352 356 (2375 317.841339 -146 ) (2375 317.841339 -160 ) (2378.519043 317.841339 -160 ) (2378.519043 317.841339 -146 ) 
3 353 431 (2384.635742 331 -160 ) (2388.166748 331 -160 ) (2388.166748 326.807800 -160 ) 
3 354 433 (2375 327.478485 -160 ) (2375 331 -160 ) (2379.200439 331 -160 ) 
4 354 378 (2375 331 -160 ) (2375 327.478485 -160 ) (2375 327.478638 -146 ) (2375 331 -146 ) 
3 355 434 (2388.166748 317.841339 -160 ) (2383.986816 317.841339 -160 ) (2388.166748 321.354797 -160 ) 
4 355 356 (2383.986816 317.841339 -160 ) (2388.166748 317.841339 -160 ) (2388.166748 317.841339 -146 ) (2383.986816 317.841339 -146 ) 
4 356 437 (2388.166748 317.048370 -160 ) (2375 312.256073 -160 ) (2375 317.841339 -160 ) (2388.166748 317.841339 -160 ) 
3 356 425 (2390.345459 317.841339 -160 ) (2388.166748 317.048370 -160 ) (2388.166748 317.841339 -160 ) 
4 356 378 (2375 317.841339 -160 ) (2375 312.256073 -160 ) (2375 312.256073 -146 ) (2375 317.841339 -146 ) 
4 357 372 (2443.563721 187 -146 ) (2443.563721 187 -134 ) (2443.122070 187 -134 ) (2443.122070 187 -146 ) 
4 357 373 (2443.122070 187 -160 ) (2443.563721 187 -160 ) (2443.563721 187 -146 ) (2443.122070 187 -146 ) 
4 357 371 (2443.563721 187 -134 ) (2443.563721 187 -129 ) (2443.122070 187 -129 ) (2443.122070 187 -134 ) 
4 357 370 (2443.563721 187 -129 ) (2443.563721 187 -102 ) (2443.122070 187 -102 ) (2443.122070 187 -129 ) 
4 357 358 (2443.460938 187.123047 -102 ) (2443.460938 187.123047 -134 ) (2443.122559 187 -134 ) (2443.122559 187 -102 ) 
4 357 359 (2443.460938 187.123047 -146 ) (2443.460938 187.123047 -160 ) (2443.122559 187 -160 ) (2443.122559 187 -146 ) 
4 358 371 (2443.122070 187 -134 ) (2443.122070 187 -129 ) (2436 187 -129 ) (2436 187 -134 ) 
4 358 370 (2443.122070 187 -129 ) (2443.122070 187 -102 ) (2436 187 -102 ) (2436 187 -129 ) 
4 358 362 (2436 190.533646 -134 ) (2436 187 -134 ) (2436 187 -102 ) (2436 190.533493 -102 ) 
3 359 448 (2443.563721 187 -160 ) (2436 187 -160 ) (2436 195.984024 -160 ) 
4 359 373 (2436 187 -160 ) (2443.122070 187 -160 ) (2443.122070 187 -146 ) (2436 187 -146 ) 
4 359 368 (2436 190.533966 -160 ) (2436 187 -160 ) (2436 187 -146 ) (2436 190.533813 -146 ) 
4 360 365 (2422.836914 211.619339 -134 ) (2430.431152 202.599091 -134 ) (2423.741699 200.164337 -134 ) (2422.836914 200.164337 -134 ) 
4 360 364 (2422.836914 211.613281 -129 ) (2422.836914 211.613281 -134 ) (2422.836914 200.164337 -134 ) (2422.836914 200.164337 -129 ) 
4 360 363 (2422.836914 211.613281 -102 ) (2422.836914 211.613281 -129 ) (2422.836914 200.164337 -129 ) (2422.836914 200.164337 -102 ) 
4 360 361 (2422.836914 200.164337 -102 ) (2422.836914 200.164337 -134 ) (2427.020508 200.164337 -134 ) (2427.020508 200.164337 -102 ) 
3 361 365 (2422.836914 199.835022 -134 ) (2422.836914 200.164337 -134 ) (2423.741699 200.164337 -134 ) 
4 361 364 (2422.836914 200.164337 -134 ) (2422.836914 196.662262 -134 ) (2422.836914 196.662262 -129 ) (2422.836914 200.164337 -129 ) 
4 361 363 (2422.836914 196.662262 -129 ) (2422.836914 196.662262 -102 ) (2422.836914 200.164337 -102 ) (2422.836914 200.164337 -129 ) 
4 362 371 (2431.802734 187 -134 ) (2436 187 -134 ) (2436 187 -129 ) (2431.802734 187 -129 ) 
4 362 370 (2436 187 -129 ) (2436 187 -102 ) (2431.802734 187 -102 ) (2431.802734 187 -129 ) 
4 363 374 (2375 248.139313 -129 ) (2375 248.139313 -102 ) (2375 268.438446 -102 ) (2375 268.438446 -129 ) 
4 363 364 (2404.779785 233.060974 -129 ) (2422.836914 211.613281 -129 ) (2422.836914 191.183990 -129 ) (2417.866455 197.102020 -129 ) 
4 364 365 (2404.775635 233.072418 -134 ) (2422.836914 211.619339 -134 ) (2422.836914 199.835007 -134 ) (2417.569580 197.917816 -134 ) 
5 365 462 (2417.272217 197.809570 -160 ) (2375 248.139404 -160 ) (2375 268.438507 -160 ) (2422.836914 211.618927 -160 ) (2422.836914 199.834961 -160 ) 
3 365 454 (2423.741943 200.164337 -160 ) (2422.836914 199.834961 -160 ) (2422.836914 200.164337 -160 ) 
4 365 450 (2422.836914 211.618927 -160 ) (2430.430908 202.598969 -160 ) (2423.741943 200.164337 -160 ) (2422.836914 200.164337 -160 ) 
4 365 377 (2375 248.139313 -146 ) (2375 248.139313 -134 ) (2375 268.438446 -134 ) (2375 268.438446 -146 ) 
4 365 378 (2375 268.438446 -160 ) (2375 248.139313 -160 ) (2375 248.139313 -146 ) (2375 268.438446 -146 ) 
4 365 369 (2417.271240 197.810272 -146 ) (2417.271240 197.810272 -160 ) (2422.836914 199.835999 -160 ) (2422.836914 199.835999 -146 ) 
4 365 367 (2422.836914 199.835999 -146 ) (2422.836914 199.835999 -160 ) (2423.739014 200.164337 -160 ) (2423.739014 200.164337 -146 ) 
4 365 366 (2430.430176 202.599686 -160 ) (2430.430176 202.599686 -146 ) (2423.739014 200.164337 -146 ) (2423.739014 200.164337 -160 ) 
3 366 450 (2423.741943 200.164337 -160 ) (2430.430908 202.598969 -160 ) (2432.480713 200.164337 -160 ) 
4 366 367 (2423.739990 200.164337 -146 ) (2423.739990 200.164337 -160 ) (2427.020264 200.164337 -160 ) (2427.020264 200.164337 -146 ) 
4 367 454 (2422.836914 196.662338 -160 ) (2422.836914 199.834961 -160 ) (2423.741943 200.164337 -160 ) (2427.020508 200.164337 -160 ) 
4 367 369 (2422.836914 199.833984 -146 ) (2422.836914 199.833984 -160 ) (2422.836914 196.662354 -160 ) (2422.836914 196.662354 -146 ) 
3 368 456 (2436 187 -160 ) (2431.802246 187 -160 ) (2436 190.533966 -160 ) 
4 368 373 (2431.802246 187 -160 ) (2436 187 -160 ) (2436 187 -146 ) (2431.802490 187 -146 ) 
3 369 462 (2422.836914 191.184067 -160 ) (2417.272217 197.809570 -160 ) (2422.836914 199.834961 -160 ) 
4 370 371 (2426.347656 187 -129 ) (2443.933594 187 -129 ) (2445.626953 182.347809 -129 ) (2433.240723 178.797073 -129 ) 
5 371 372 (2443.122070 187 -134 ) (2443.934082 187 -134 ) (2445.627441 182.347946 -134 ) (2433.240723 178.797073 -134 ) (2430.276611 182.324570 -134 ) 
4 372 373 (2443.122070 187 -146 ) (2461.847656 187 -146 ) (2433.239258 178.798874 -146 ) (2430.279053 182.325516 -146 ) 
4 373 460 (2436 179.592041 -160 ) (2433.238037 178.800278 -160 ) (2426.351074 187 -160 ) (2436 187 -160 ) 
3 373 448 (2461.841553 187 -160 ) (2436 179.592041 -160 ) (2436 187 -160 ) 
3 374 375 (2365.536133 340.893616 -129 ) (2375 344.339844 -129 ) (2375 314.889160 -129 ) 
4 375 376 (2365.536133 340.893616 -134 ) (2375 344.339844 -134 ) (2375 332.475220 -134 ) (2369.348389 330.418213 -134 ) 
4 376 378 (2341.113281 332 -146 ) (2375 344.339844 -146 ) (2375 332.475250 -146 ) (2344.923584 321.528198 -146 ) 
3 377 378 (2375 312.256104 -146 ) (2375 238.867981 -146 ) (2351.420166 303.673706 -146 ) 
3 378 462 (2375 238.868576 -160 ) (2362.061279 274.421021 -160 ) (2375 274.421021 -160 ) 
4 378 439 (2362.061279 274.421021 -160 ) (2341.106934 331.998413 -160 ) (2375 344.338013 -160 ) (2375 274.421021 -160 ) 
4 379 529 (3072 0 -278 ) (3072 0 -160 ) (2741 0 -160 ) (2741 0 -278 ) 
4 379 383 (2741 311 -278 ) (2741 306.813019 -278 ) (2741 306.805084 -160 ) (2741 311 -160 ) 
4 379 382 (2741 301.356964 -278 ) (2741 297.843994 -278 ) (2741 297.843994 -160 ) (2741 301.362366 -160 ) 
4 379 380 (2741 1024 -278 ) (2741 311 -278 ) (2741 311 -160 ) (2741 1024 -160 ) 
4 379 385 (2741 297.843994 -278 ) (2741 0 -278 ) (2741 0 -160 ) (2741 297.843994 -160 ) 
4 380 386 (2727.830078 1024 -278 ) (2727.830078 311 -278 ) (2727.830078 311 -160 ) (2727.830078 1024 -160 ) 
4 380 384 (2727.830078 311 -160 ) (2727.830078 311 -278 ) (2732.019775 311 -278 ) (2732.023438 311 -160 ) 
4 380 383 (2737.479980 311 -278 ) (2741 311 -278 ) (2741 311 -160 ) (2737.473389 311 -160 ) 
4 381 386 (2727.830078 302.035126 -278 ) (2727.830078 297.843994 -278 ) (2727.830078 297.843994 -160 ) (2727.830078 302.019501 -160 ) 
4 381 385 (2727.830078 297.843994 -160 ) (2727.830078 297.843994 -278 ) (2731.320068 297.843994 -278 ) (2731.307129 297.843994 -160 ) 
4 382 385 (2736.819824 297.843994 -278 ) (2741 297.843994 -278 ) (2741 297.843994 -160 ) (2736.813477 297.843994 -160 ) 
4 384 386 (2727.830078 311 -278 ) (2727.830078 307.476532 -278 ) (2727.830078 307.473511 -160 ) (2727.830078 311 -160 ) 
4 385 529 (2741 0 -160 ) (2727.830078 0 -160 ) (2727.830078 0 -278 ) (2741 0 -278 ) 
4 385 386 (2727.830078 297.843994 -278 ) (2727.830078 0 -278 ) (2727.830078 0 -160 ) (2727.830078 297.843994 -160 ) 
4 386 529 (2727.830078 0 -160 ) (2695.156738 0 -160 ) (2695.156738 0 -278 ) (2727.830078 0 -278 ) 
4 386 391 (2695.156738 444 -278 ) (2695.156738 439.818573 -278 ) (2695.156738 439.818634 -160 ) (2695.156738 444 -160 ) 
4 386 389 (2695.156738 434.361542 -278 ) (2695.156738 430.842346 -278 ) (2695.156738 430.842346 -160 ) (2695.156738 434.360901 -160 ) 
4 386 387 (2695.156738 1024 -278 ) (2695.156738 444 -278 ) (2695.156738 444 -160 ) (2695.156738 1024 -160 ) 
4 386 392 (2695.156738 430.842346 -278 ) (2695.156738 0 -278 ) (2695.156738 0 -160 ) (2695.156738 430.842346 -160 ) 
4 387 393 (2682 1024 -278 ) (2682 444 -278 ) (2682 444 -160 ) (2682 1024 -160 ) 
4 387 391 (2691.631104 444 -278 ) (2695.156738 444 -278 ) (2695.156738 444 -160 ) (2691.631104 444 -160 ) 
4 387 390 (2682 444 -160 ) (2682 444 -278 ) (2686.189941 444 -278 ) (2686.189941 444 -160 ) 
4 388 393 (2682 435.036713 -278 ) (2682 430.842346 -278 ) (2682 430.842346 -160 ) (2682 435.036713 -160 ) 
4 388 392 (2682 430.842346 -160 ) (2682 430.842346 -278 ) (2685.508545 430.842346 -278 ) (2685.508545 430.842346 -160 ) 
4 389 392 (2690.977051 430.842346 -278 ) (2695.156738 430.842346 -278 ) (2695.156738 430.842346 -160 ) (2690.977783 430.842346 -160 ) 
4 390 393 (2682 444 -278 ) (2682 440.478027 -278 ) (2682 440.478027 -160 ) (2682 444 -160 ) 
4 392 529 (2695.156738 0 -160 ) (2682 0 -160 ) (2682 0 -278 ) (2695.156738 0 -278 ) 
4 392 393 (2682 430.842346 -278 ) (2682 0 -278 ) (2682 0 -160 ) (2682 430.842346 -160 ) 
4 393 529 (2682 0 -160 ) (2642 0 -160 ) (2642 0 -278 ) (2682 0 -278 ) 
4 393 397 (2642 274.166687 -278 ) (2642 269.977020 -278 ) (2642 269.978210 -160 ) (2642 274.166687 -160 ) 
4 393 395 (2642 264.518311 -278 ) (2642 261 -278 ) (2642 261 -160 ) (2642 264.520691 -160 ) 
4 393 394 (2642 1024 -278 ) (2642 274.166687 -278 ) (2642 274.166687 -160 ) (2642 1024 -160 ) 
4 393 399 (2642 261 -278 ) (2642 0 -278 ) (2642 0 -160 ) (2642 261 -160 ) 
4 394 400 (2628.843506 1024 -278 ) (2628.843506 274.166687 -278 ) (2628.843506 274.166687 -160 ) (2628.843506 1024 -160 ) 
4 394 397 (2638.479492 274.166687 -278 ) (2642 274.166687 -278 ) (2642 274.166687 -160 ) (2638.480225 274.166687 -160 ) 
4 394 396 (2628.843506 274.166687 -160 ) (2628.843506 274.166687 -278 ) (2633.042969 274.166687 -278 ) (2633.040527 274.166687 -160 ) 
4 395 399 (2637.810059 261 -278 ) (2642 261 -278 ) (2642 261 -160 ) (2637.807373 261 -160 ) 
4 396 400 (2628.843506 274.166687 -278 ) (2628.843506 270.652130 -278 ) (2628.843506 270.654205 -160 ) (2628.843506 274.166687 -160 ) 
4 398 400 (2628.843506 265.202789 -278 ) (2628.843506 261 -278 ) (2628.843506 261 -160 ) (2628.843506 265.202698 -160 ) 
4 398 399 (2628.843506 261 -160 ) (2628.843506 261 -278 ) (2632.350098 261 -278 ) (2632.349854 261 -160 ) 
4 399 529 (2642 0 -160 ) (2628.843506 0 -160 ) (2628.843506 0 -278 ) (2642 0 -278 ) 
4 399 400 (2628.843506 261 -278 ) (2628.843506 0 -278 ) (2628.843506 0 -160 ) (2628.843506 261 -160 ) 
4 400 529 (2628.843506 0 -160 ) (2592.159912 0 -160 ) (2592.159912 0 -278 ) (2628.843506 0 -278 ) 
4 400 404 (2592.159912 395.347046 -278 ) (2592.159912 391.836029 -278 ) (2592.159912 391.836029 -160 ) (2592.159912 395.347046 -160 ) 
4 400 402 (2592.159912 405 -278 ) (2592.159912 400.808960 -278 ) (2592.159912 400.809723 -160 ) (2592.159912 405 -160 ) 
4 400 401 (2592.159912 1024 -278 ) (2592.159912 405 -278 ) (2592.159912 405 -160 ) (2592.159912 1024 -160 ) 
4 400 406 (2592.159912 391.836029 -278 ) (2592.159912 0 -278 ) (2592.159912 0 -160 ) (2592.159912 391.836029 -160 ) 
4 401 407 (2579.013428 1024 -278 ) (2579.013428 405 -278 ) (2579.013428 405 -160 ) (2579.013428 1024 -160 ) 
4 401 405 (2579.013428 405 -160 ) (2579.013428 405 -278 ) (2583.190186 405 -278 ) (2583.192627 405 -160 ) 
4 401 402 (2588.649902 405 -278 ) (2592.159912 405 -278 ) (2592.159912 405 -160 ) (2588.650635 405 -160 ) 
4 403 407 (2579.013428 396.007935 -278 ) (2579.013428 391.836029 -278 ) (2579.013428 391.836029 -160 ) (2579.013428 396.007935 -160 ) 
4 403 406 (2579.013428 391.836029 -160 ) (2579.013428 391.836029 -278 ) (2582.518311 391.836029 -278 ) (2582.518311 391.836029 -160 ) 
4 404 406 (2587.985352 391.836029 -278 ) (2592.159912 391.836029 -278 ) (2592.159912 391.836029 -160 ) (2587.985352 391.836029 -160 ) 
4 405 407 (2579.013428 405 -278 ) (2579.013428 401.495148 -278 ) (2579.013428 401.493073 -160 ) (2579.013428 405 -160 ) 
4 406 529 (2592.159912 0 -160 ) (2579.013428 0 -160 ) (2579.013428 0 -278 ) (2592.159912 0 -278 ) 
4 406 407 (2579.013428 391.836029 -278 ) (2579.013428 0 -278 ) (2579.013428 0 -160 ) (2579.013428 391.836029 -160 ) 
4 407 529 (2579.013428 0 -160 ) (2535.989990 0 -160 ) (2535.989990 0 -278 ) (2579.013428 0 -278 ) 
4 407 411 (2535.989990 232 -160 ) (2535.989990 236.167343 -160 ) (2535.989990 236.167343 -275 ) (2535.989990 232 -275 ) 
4 407 410 (2535.989990 223 -275 ) (2535.989990 223 -160 ) (2535.989990 226.522980 -160 ) (2535.989990 226.522980 -275 ) 
4 407 413 (2535.989990 236.167343 -278 ) (2535.989990 223 -278 ) (2535.989990 223 -275 ) (2535.989990 236.167343 -275 ) 
4 407 408 (2535.989990 1024 -278 ) (2535.989990 236.167343 -278 ) (2535.989990 236.167343 -160 ) (2535.989990 1024 -160 ) 
4 407 414 (2535.989990 223 -278 ) (2535.989990 0 -278 ) (2535.989990 0 -160 ) (2535.989990 223 -160 ) 
4 408 448 (2522.840332 236.167343 -160 ) (2522.840332 274.421021 -160 ) (2522.840332 274.421021 -278 ) (2522.840332 236.167343 -278 ) 
4 408 423 (2522.840332 1024 -275 ) (2522.840332 1024 -278 ) (2522.840332 274.421021 -278 ) (2522.840332 274.421021 -275 ) 
4 408 416 (2522.840332 274.421021 -160 ) (2522.840332 1024 -160 ) (2522.840332 1024 -275 ) (2522.840332 274.421021 -275 ) 
4 408 411 (2532.462158 236.167343 -275 ) (2535.989990 236.167343 -275 ) (2535.989990 236.167343 -160 ) (2532.462158 236.167343 -160 ) 
4 408 409 (2522.840332 236.167343 -160 ) (2522.840332 236.167343 -275 ) (2527.031494 236.167343 -275 ) (2527.031494 236.167343 -160 ) 
4 408 413 (2522.840332 236.167343 -275 ) (2522.840332 236.167343 -278 ) (2535.989990 236.167343 -278 ) (2535.989990 236.167343 -275 ) 
4 409 448 (2522.840332 232.654221 -160 ) (2522.840332 236.167343 -160 ) (2522.840332 236.167343 -275 ) (2522.840332 232.654221 -275 ) 
3 409 413 (2522.840332 232.654221 -275 ) (2522.840332 236.167343 -275 ) (2527.031494 236.167343 -275 ) 
4 410 414 (2531.793457 223 -275 ) (2535.989990 223 -275 ) (2535.989990 223 -160 ) (2531.793457 223 -160 ) 
3 410 413 (2535.989990 223 -275 ) (2531.793457 223 -275 ) (2535.989990 226.522980 -275 ) 
3 411 413 (2532.462158 236.167343 -275 ) (2535.989990 236.167343 -275 ) (2535.989990 232 -275 ) 
4 412 448 (2522.840332 223 -160 ) (2522.840332 227.198807 -160 ) (2522.840332 227.198807 -275 ) (2522.840332 223 -275 ) 
4 412 414 (2522.840332 223 -160 ) (2522.840332 223 -275 ) (2526.350098 223 -275 ) (2526.350098 223 -160 ) 
3 412 413 (2526.350098 223 -275 ) (2522.840332 223 -275 ) (2522.840332 227.198807 -275 ) 
4 413 448 (2522.840332 236.167343 -275 ) (2522.840332 236.167343 -278 ) (2522.840332 223 -278 ) (2522.840332 223 -275 ) 
4 413 414 (2522.840332 223 -275 ) (2522.840332 223 -278 ) (2535.989990 223 -278 ) (2535.989990 223 -275 ) 
4 414 529 (2535.989990 0 -160 ) (2522.840332 0 -160 ) (2522.840332 0 -278 ) (2535.989990 0 -278 ) 
4 414 448 (2522.840332 0 -278 ) (2522.840332 0 -160 ) (2522.840332 223 -160 ) (2522.840332 223 -278 ) 
4 415 530 (3072 0 -327 ) (3072 0 -324 ) (2522.840332 0 -324 ) (2522.840332 0 -327 ) 
4 415 472 (2522.840332 1024 -327 ) (3072 1024 -327 ) (3072 0 -327 ) (2522.840332 0 -327 ) 
4 415 449 (2522.840332 274.421021 -327 ) (2522.840332 0 -327 ) (2522.840332 0 -324 ) (2522.840332 274.421021 -324 ) 
4 415 424 (2522.840332 1024 -327 ) (2522.840332 274.421021 -327 ) (2522.840332 274.421021 -324 ) (2522.840332 1024 -324 ) 
4 416 448 (2522.840332 274.421021 -275 ) (2522.840332 274.421021 -160 ) (2490.163330 274.421021 -160 ) (2490.163330 274.421021 -275 ) 
4 416 423 (2522.840332 274.421021 -275 ) (2490.163330 274.421021 -275 ) (2490.163330 1024 -275 ) (2522.840332 1024 -275 ) 
4 416 420 (2490.163330 369 -275 ) (2490.163330 364.804871 -275 ) (2490.163330 364.804993 -160 ) (2490.163330 369 -160 ) 
4 416 419 (2490.163330 359.365387 -275 ) (2490.163330 355.838348 -275 ) (2490.163330 355.838348 -160 ) (2490.163330 359.366028 -160 ) 
4 416 417 (2490.163330 1024 -275 ) (2490.163330 369 -275 ) (2490.163330 369 -160 ) (2490.163330 1024 -160 ) 
4 416 422 (2490.163330 355.838348 -275 ) (2490.163330 274.421021 -275 ) (2490.163330 274.421021 -160 ) (2490.163330 355.838348 -160 ) 
4 417 425 (2477 369 -160 ) (2477 1024 -160 ) (2477 1024 -275 ) (2477 369 -275 ) 
4 417 423 (2477 369 -275 ) (2477 1024 -275 ) (2490.163330 1024 -275 ) (2490.163330 369 -275 ) 
4 417 421 (2477 369 -160 ) (2477 369 -275 ) (2481.179932 369 -275 ) (2481.178955 369 -160 ) 
4 417 420 (2486.659912 369 -275 ) (2490.163330 369 -275 ) (2490.163330 369 -160 ) (2486.659912 369 -160 ) 
4 418 425 (2477 355.838348 -160 ) (2477 360.044983 -160 ) (2477 360.044983 -275 ) (2477 355.838348 -275 ) 
3 418 423 (2477 355.838348 -275 ) (2477 360.044983 -275 ) (2480.524658 355.838348 -275 ) 
4 418 422 (2477 355.838348 -160 ) (2477 355.838348 -275 ) (2480.524658 355.838348 -275 ) (2480.524658 355.838348 -160 ) 
3 419 423 (2490.163330 359.365387 -275 ) (2490.163330 355.838348 -275 ) (2485.973145 355.838348 -275 ) 
4 419 422 (2485.973145 355.838348 -275 ) (2490.163330 355.838348 -275 ) (2490.163330 355.838348 -160 ) (2485.972412 355.838348 -160 ) 
3 420 423 (2486.659912 369 -275 ) (2490.163330 369 -275 ) (2490.163330 364.804871 -275 ) 
4 421 425 (2477 365.482666 -160 ) (2477 369 -160 ) (2477 369 -275 ) (2477 365.482025 -275 ) 
3 421 423 (2477 365.482025 -275 ) (2477 369 -275 ) (2481.179932 369 -275 ) 
4 422 448 (2490.163330 274.421021 -160 ) (2477 274.421021 -160 ) (2477 274.421021 -275 ) (2490.163330 274.421021 -275 ) 
4 422 425 (2477 274.421021 -275 ) (2477 274.421021 -160 ) (2477 355.838348 -160 ) (2477 355.838348 -275 ) 
4 422 423 (2490.163330 274.421021 -275 ) (2477 274.421021 -275 ) (2477 355.838348 -275 ) (2490.163330 355.838348 -275 ) 
4 423 448 (2522.840332 274.421021 -278 ) (2522.840332 274.421021 -275 ) (2477 274.421021 -275 ) (2477 274.421021 -278 ) 
4 423 425 (2477 274.421021 -278 ) (2477 274.421021 -275 ) (2477 1024 -275 ) (2477 1024 -278 ) 
4 424 472 (2477 1024 -327 ) (2522.840332 1024 -327 ) (2522.840332 274.421021 -327 ) (2477 274.421021 -327 ) 
4 424 449 (2477 274.421021 -327 ) (2522.840332 274.421021 -327 ) (2522.840332 274.421021 -324 ) (2477 274.421021 -324 ) 
4 424 426 (2477 1024 -327 ) (2477 274.421021 -327 ) (2477 274.421021 -324 ) (2477 1024 -324 ) 
4 425 462 (2422.836914 274.421021 -160 ) (2388.166748 274.421021 -160 ) (2388.166748 274.421021 -278 ) (2422.836914 274.421021 -278 ) 
4 425 450 (2436 274.421021 -160 ) (2422.836914 274.421021 -160 ) (2422.836914 274.421021 -278 ) (2436 274.421021 -278 ) 
4 425 448 (2477 274.421021 -278 ) (2477 274.421021 -160 ) (2436 274.421021 -160 ) (2436 274.421021 -278 ) 
4 425 437 (2388.166748 274.421021 -278 ) (2388.166748 274.421021 -160 ) (2388.166748 317.841339 -160 ) (2388.166748 317.841339 -278 ) 
4 425 434 (2388.166748 317.841339 -160 ) (2388.166748 321.354797 -160 ) (2388.166748 321.354797 -278 ) (2388.166748 317.841339 -278 ) 
4 425 431 (2388.166748 326.807800 -160 ) (2388.166748 331 -160 ) (2388.166748 331 -278 ) (2388.166748 326.807800 -278 ) 
4 425 427 (2388.166748 331 -160 ) (2388.166748 1024 -160 ) (2388.166748 1024 -278 ) (2388.166748 331 -278 ) 
4 426 472 (2388.166748 1024 -327 ) (2477 1024 -327 ) (2477 274.421021 -327 ) (2388.166748 274.421021 -327 ) 
4 426 471 (2388.166748 274.421021 -327 ) (2422.836914 274.421021 -327 ) (2422.836914 274.421021 -324 ) (2388.166748 274.421021 -324 ) 
4 426 451 (2422.836914 274.421021 -327 ) (2436 274.421021 -327 ) (2436 274.421021 -324 ) (2422.836914 274.421021 -324 ) 
4 426 449 (2436 274.421021 -327 ) (2477 274.421021 -327 ) (2477 274.421021 -324 ) (2436 274.421021 -324 ) 
4 426 438 (2388.166748 317.841339 -327 ) (2388.166748 274.421021 -327 ) (2388.166748 274.421021 -324 ) (2388.166748 317.841339 -324 ) 
4 426 436 (2388.166748 321.354797 -327 ) (2388.166748 317.841339 -327 ) (2388.166748 317.841339 -324 ) (2388.166748 321.354797 -324 ) 
4 426 432 (2388.166748 331 -327 ) (2388.166748 326.807800 -327 ) (2388.166748 326.807800 -324 ) (2388.166748 331 -324 ) 
4 426 428 (2388.166748 1024 -327 ) (2388.166748 331 -327 ) (2388.166748 331 -324 ) (2388.166748 1024 -324 ) 
4 427 439 (2375 331 -278 ) (2375 331 -160 ) (2375 1024 -160 ) (2375 1024 -278 ) 
4 427 433 (2375 331 -160 ) (2375 331 -278 ) (2379.201660 331 -278 ) (2379.200439 331 -160 ) 
4 427 431 (2384.635742 331 -278 ) (2388.166748 331 -278 ) (2388.166748 331 -160 ) (2384.635742 331 -160 ) 
4 428 472 (2375 1024 -327 ) (2388.166748 1024 -327 ) (2388.166748 331 -327 ) (2375 331 -327 ) 
4 428 447 (2375 1024 -327 ) (2375 331 -327 ) (2375 331 -324 ) (2375 1024 -324 ) 
4 428 435 (2375 331 -324 ) (2375 331 -327 ) (2379.202148 331 -327 ) (2379.202148 331 -324 ) 
4 428 432 (2384.635742 331 -327 ) (2388.166748 331 -327 ) (2388.166748 331 -324 ) (2384.635742 331 -324 ) 
4 429 439 (2375 317.841339 -278 ) (2375 317.841339 -160 ) (2375 322.040039 -160 ) (2375 322.040039 -278 ) 
4 429 437 (2375 317.841339 -160 ) (2375 317.841339 -278 ) (2378.519043 317.841339 -278 ) (2378.519043 317.841339 -160 ) 
3 430 472 (2378.519043 317.841339 -327 ) (2375 317.841339 -327 ) (2375 322.040039 -327 ) 
4 430 447 (2375 322.040039 -327 ) (2375 317.841339 -327 ) (2375 317.841339 -324 ) (2375 322.040039 -324 ) 
4 430 438 (2375 317.841339 -324 ) (2375 317.841339 -327 ) (2378.519043 317.841339 -327 ) (2378.519043 317.841339 -324 ) 
3 432 472 (2388.166748 331 -327 ) (2388.166748 326.807800 -327 ) (2384.635742 331 -327 ) 
4 433 439 (2375 327.478485 -160 ) (2375 331 -160 ) (2375 331 -278 ) (2375 327.477448 -278 ) 
4 434 437 (2388.166748 317.841339 -278 ) (2388.166748 317.841339 -160 ) (2383.986816 317.841339 -160 ) (2383.986816 317.841339 -278 ) 
3 435 472 (2375 327.477051 -327 ) (2375 331 -327 ) (2379.202148 331 -327 ) 
4 435 447 (2375 331 -327 ) (2375 327.477051 -327 ) (2375 327.477051 -324 ) (2375 331 -324 ) 
3 436 472 (2388.166748 321.354797 -327 ) (2388.166748 317.841339 -327 ) (2383.986816 317.841339 -327 ) 
4 436 438 (2383.986816 317.841339 -327 ) (2388.166748 317.841339 -327 ) (2388.166748 317.841339 -324 ) (2383.986816 317.841339 -324 ) 
4 437 462 (2388.166748 274.421021 -278 ) (2388.166748 274.421021 -160 ) (2375 274.421021 -160 ) (2375 274.421021 -278 ) 
4 437 439 (2375 274.421021 -278 ) (2375 274.421021 -160 ) (2375 317.841339 -160 ) (2375 317.841339 -278 ) 
4 438 472 (2388.166748 317.841339 -327 ) (2388.166748 274.421021 -327 ) (2375 274.421021 -327 ) (2375 317.841339 -327 ) 
4 438 471 (2375 274.421021 -327 ) (2388.166748 274.421021 -327 ) (2388.166748 274.421021 -324 ) (2375 274.421021 -324 ) 
4 438 447 (2375 317.841339 -327 ) (2375 274.421021 -327 ) (2375 274.421021 -324 ) (2375 317.841339 -324 ) 
4 439 463 (2317.669922 274.421021 -160 ) (2304.513428 274.421021 -160 ) (2304.513428 274.421021 -278 ) (2317.669922 274.421021 -278 ) 
4 439 462 (2375 274.421021 -278 ) (2375 274.421021 -160 ) (2317.669922 274.421021 -160 ) (2317.669922 274.421021 -278 ) 
4 439 470 (2304.513428 274.421021 -160 ) (2269.406738 274.421021 -160 ) (2269.406738 274.421021 -278 ) (2304.513428 274.421021 -278 ) 
4 439 444 (2269.406738 283.412292 -160 ) (2269.406738 287.582642 -160 ) (2269.406738 287.582642 -252 ) (2269.406738 283.418518 -252 ) 
4 439 443 (2269.406738 274.421021 -252 ) (2269.406738 274.421021 -160 ) (2269.406738 277.941681 -160 ) (2269.406738 277.939758 -252 ) 
4 439 445 (2269.406738 287.582642 -278 ) (2269.406738 274.421021 -278 ) (2269.406738 274.421021 -252 ) (2269.406738 287.582642 -252 ) 
4 439 440 (2269.406738 1024 -278 ) (2269.406738 287.582642 -278 ) (2269.406738 287.582642 -160 ) (2269.406738 1024 -160 ) 
4 440 444 (2265.897705 287.582642 -252 ) (2269.406738 287.582642 -252 ) (2269.406738 287.582642 -160 ) (2265.892334 287.582642 -160 ) 
4 440 441 (2256.250000 287.582642 -160 ) (2256.250000 287.582642 -252 ) (2260.428467 287.582642 -252 ) (2260.423828 287.582642 -160 ) 
4 440 445 (2256.250000 287.582642 -252 ) (2256.250000 287.582642 -278 ) (2269.406738 287.582642 -278 ) (2269.406738 287.582642 -252 ) 
4 440 446 (2256.250000 1024 -278 ) (2256.250000 287.582642 -278 ) (2256.250000 287.582642 -160 ) (2256.250000 1024 -160 ) 
3 441 445 (2256.250000 284.071960 -252 ) (2256.250000 287.582642 -252 ) (2260.428467 287.582642 -252 ) 
4 441 446 (2256.250000 284.075806 -160 ) (2256.250000 287.582642 -160 ) (2256.250000 287.582642 -252 ) (2256.250000 284.071960 -252 ) 
4 442 470 (2259.771484 274.421021 -160 ) (2256.250000 274.421021 -160 ) (2256.250000 274.421021 -252 ) (2259.764893 274.421021 -252 ) 
4 442 446 (2256.250000 274.421021 -252 ) (2256.250000 274.421021 -160 ) (2256.250000 278.638916 -160 ) (2256.250000 278.630890 -252 ) 
3 442 445 (2256.250000 274.421021 -252 ) (2256.250000 278.630890 -252 ) (2259.764893 274.421021 -252 ) 
4 443 470 (2269.406738 274.421021 -160 ) (2265.214111 274.421021 -160 ) (2265.216309 274.421021 -252 ) (2269.406738 274.421021 -252 ) 
3 443 445 (2269.406738 277.939758 -252 ) (2269.406738 274.421021 -252 ) (2265.216309 274.421021 -252 ) 
3 444 445 (2265.897705 287.582642 -252 ) (2269.406738 287.582642 -252 ) (2269.406738 283.418518 -252 ) 
4 445 470 (2256.250000 274.421021 -252 ) (2256.250000 274.421021 -278 ) (2269.406738 274.421021 -278 ) (2269.406738 274.421021 -252 ) 
4 445 446 (2256.250000 287.582642 -278 ) (2256.250000 274.421021 -278 ) (2256.250000 274.421021 -252 ) (2256.250000 287.582642 -252 ) 
4 446 483 (2048 274.421021 -160 ) (2048 1024 -160 ) (2048 1024 -278 ) (2048 274.421021 -278 ) 
4 446 470 (2256.250000 274.421021 -160 ) (2048 274.421021 -160 ) (2048 274.421021 -278 ) (2256.250000 274.421021 -278 ) 
4 447 484 (2048 1024 -324 ) (2048 1024 -327 ) (2048 274.421021 -327 ) (2048 274.421021 -324 ) 
4 447 472 (2048 274.421021 -327 ) (2048 1024 -327 ) (2375 1024 -327 ) (2375 274.421021 -327 ) 
4 447 471 (2048 274.421021 -327 ) (2375 274.421021 -327 ) (2375 274.421021 -324 ) (2048 274.421021 -324 ) 
4 448 529 (2522.840332 0 -160 ) (2436 0 -160 ) (2436 0 -278 ) (2522.840332 0 -278 ) 
4 448 460 (2436 187 -278 ) (2436 0 -278 ) (2436 0 -160 ) (2436 187 -160 ) 
4 448 456 (2436 190.534958 -278 ) (2436 187 -278 ) (2436 187 -160 ) (2436 190.533997 -160 ) 
4 448 455 (2436 200.164337 -278 ) (2436 195.983948 -278 ) (2436 195.983948 -160 ) (2436 200.164337 -160 ) 
4 448 450 (2436 274.421021 -160 ) (2436 274.421021 -278 ) (2436 200.164337 -278 ) (2436 200.164337 -160 ) 
4 449 530 (2436 0 -324 ) (2436 0 -327 ) (2522.840332 0 -327 ) (2522.840332 0 -324 ) 
4 449 472 (2436 274.421021 -327 ) (2522.840332 274.421021 -327 ) (2522.840332 0 -327 ) (2436 0 -327 ) 
4 449 461 (2436 187 -327 ) (2436 0 -327 ) (2436 0 -324 ) (2436 187 -324 ) 
4 449 459 (2436 190.535431 -327 ) (2436 187 -327 ) (2436 187 -324 ) (2436 190.535431 -324 ) 
4 449 458 (2436 200.164337 -327 ) (2436 195.983948 -327 ) (2436 195.983948 -324 ) (2436 200.164337 -324 ) 
4 449 451 (2436 274.421021 -324 ) (2436 274.421021 -327 ) (2436 200.164337 -327 ) (2436 200.164337 -324 ) 
4 450 462 (2422.836914 274.421021 -160 ) (2422.836914 274.421021 -278 ) (2422.836914 200.164337 -278 ) (2422.836914 200.164337 -160 ) 
4 450 455 (2432.480469 200.164337 -278 ) (2436 200.164337 -278 ) (2436 200.164337 -160 ) (2432.480469 200.164337 -160 ) 
4 450 454 (2422.836914 200.164337 -160 ) (2422.836914 200.164337 -278 ) (2427.020508 200.164337 -278 ) (2427.020508 200.164337 -160 ) 
4 451 472 (2422.836914 274.421021 -327 ) (2436 274.421021 -327 ) (2436 200.164337 -327 ) (2422.836914 200.164337 -327 ) 
4 451 471 (2422.836914 274.421021 -324 ) (2422.836914 274.421021 -327 ) (2422.836914 200.164337 -327 ) (2422.836914 200.164337 -324 ) 
4 451 458 (2432.480469 200.164337 -327 ) (2436 200.164337 -327 ) (2436 200.164337 -324 ) (2432.480469 200.164337 -324 ) 
4 451 457 (2422.836914 200.164337 -324 ) (2422.836914 200.164337 -327 ) (2427.020508 200.164337 -327 ) (2427.020508 200.164337 -324 ) 
4 452 462 (2422.836914 187 -278 ) (2422.836914 187 -160 ) (2422.836914 191.183945 -160 ) (2422.836914 191.183945 -278 ) 
4 452 460 (2422.836914 187 -160 ) (2422.836914 187 -278 ) (2426.351074 187 -278 ) (2426.351074 187 -160 ) 
3 453 472 (2426.351074 187 -327 ) (2422.836914 187 -327 ) (2422.836914 191.183945 -327 ) 
4 453 471 (2422.836914 191.183945 -327 ) (2422.836914 187 -327 ) (2422.836914 187 -324 ) (2422.836914 191.183945 -324 ) 
4 453 461 (2422.836914 187 -324 ) (2422.836914 187 -327 ) (2426.351074 187 -327 ) (2426.351074 187 -324 ) 
4 454 462 (2422.836914 196.662247 -160 ) (2422.836914 200.164337 -160 ) (2422.836914 200.164337 -278 ) (2422.836914 196.662247 -278 ) 
4 456 460 (2436 187 -278 ) (2436 187 -160 ) (2431.802246 187 -160 ) (2431.801025 187 -278 ) 
3 457 472 (2422.836914 196.662247 -327 ) (2422.836914 200.164337 -327 ) (2427.020508 200.164337 -327 ) 
4 457 471 (2422.836914 200.164337 -327 ) (2422.836914 196.662247 -327 ) (2422.836914 196.662247 -324 ) (2422.836914 200.164337 -324 ) 
3 458 472 (2436 200.164337 -327 ) (2436 195.983948 -327 ) (2432.480469 200.164337 -327 ) 
3 459 472 (2436 190.535431 -327 ) (2436 187 -327 ) (2431.800537 187 -327 ) 
4 459 461 (2431.800537 187 -327 ) (2436 187 -327 ) (2436 187 -324 ) (2431.800537 187 -324 ) 
4 460 529 (2436 0 -160 ) (2422.836914 0 -160 ) (2422.836914 0 -278 ) (2436 0 -278 ) 
4 460 462 (2422.836914 0 -278 ) (2422.836914 0 -160 ) (2422.836914 187 -160 ) (2422.836914 187 -278 ) 
4 461 530 (2422.836914 0 -324 ) (2422.836914 0 -327 ) (2436 0 -327 ) (2436 0 -324 ) 
4 461 472 (2436 187 -327 ) (2436 0 -327 ) (2422.836914 0 -327 ) (2422.836914 187 -327 ) 
4 461 471 (2422.836914 187 -327 ) (2422.836914 0 -327 ) (2422.836914 0 -324 ) (2422.836914 187 -324 ) 
4 462 529 (2422.836914 0 -160 ) (2317.669922 0 -160 ) (2317.669922 0 -278 ) (2422.836914 0 -278 ) 
4 462 467 (2317.669922 150.810959 -160 ) (2317.669922 155 -160 ) (2317.669922 155 -252 ) (2317.669922 150.810989 -252 ) 
4 462 466 (2317.669922 141.834335 -252 ) (2317.669922 141.834335 -160 ) (2317.669922 145.348190 -160 ) (2317.669922 145.345016 -252 ) 
4 462 468 (2317.669922 155 -278 ) (2317.669922 141.834335 -278 ) (2317.669922 141.834335 -252 ) (2317.669922 155 -252 ) 
4 462 463 (2317.669922 274.421021 -160 ) (2317.669922 274.421021 -278 ) (2317.669922 155 -278 ) (2317.669922 155 -160 ) 
4 462 469 (2317.669922 141.834335 -278 ) (2317.669922 0 -278 ) (2317.669922 0 -160 ) (2317.669922 141.834335 -160 ) 
4 463 467 (2314.151367 155 -252 ) (2317.669922 155 -252 ) (2317.669922 155 -160 ) (2314.151367 155 -160 ) 
4 463 464 (2304.513428 155 -160 ) (2304.513428 155 -252 ) (2308.707275 155 -252 ) (2308.703857 155 -160 ) 
4 463 468 (2304.513428 155 -252 ) (2304.513428 155 -278 ) (2317.669922 155 -278 ) (2317.669922 155 -252 ) 
4 463 470 (2304.513428 274.421021 -160 ) (2304.513428 274.421021 -278 ) (2304.513428 155 -278 ) (2304.513428 155 -160 ) 
3 464 468 (2304.513428 151.483002 -252 ) (2304.513428 155 -252 ) (2308.707275 155 -252 ) 
4 464 470 (2304.513428 151.485870 -160 ) (2304.513428 155 -160 ) (2304.513428 155 -252 ) (2304.513428 151.483002 -252 ) 
4 465 470 (2304.513428 141.834335 -252 ) (2304.513428 141.834335 -160 ) (2304.513428 146.019974 -160 ) (2304.513428 146.034927 -252 ) 
4 465 469 (2304.513428 141.834335 -160 ) (2304.513428 141.834335 -252 ) (2308.054688 141.834335 -252 ) (2308.041992 141.834335 -160 ) 
3 465 468 (2308.054688 141.834335 -252 ) (2304.513428 141.834335 -252 ) (2304.513428 146.034927 -252 ) 
3 466 468 (2317.669922 141.834335 -252 ) (2313.485596 141.834335 -252 ) (2317.669922 145.345016 -252 ) 
4 466 469 (2313.485596 141.834335 -252 ) (2317.669922 141.834335 -252 ) (2317.669922 141.834335 -160 ) (2313.481934 141.834335 -160 ) 
3 467 468 (2314.151367 155 -252 ) (2317.669922 155 -252 ) (2317.669922 150.810989 -252 ) 
4 468 470 (2304.513428 155 -278 ) (2304.513428 141.834335 -278 ) (2304.513428 141.834335 -252 ) (2304.513428 155 -252 ) 
4 468 469 (2304.513428 141.834335 -252 ) (2304.513428 141.834335 -278 ) (2317.669922 141.834335 -278 ) (2317.669922 141.834335 -252 ) 
4 469 529 (2317.669922 0 -160 ) (2304.513428 0 -160 ) (2304.513428 0 -278 ) (2317.669922 0 -278 ) 
4 469 470 (2304.513428 141.834335 -278 ) (2304.513428 0 -278 ) (2304.513428 0 -160 ) (2304.513428 141.834335 -160 ) 
4 470 529 (2304.513428 0 -160 ) (2048 0 -160 ) (2048 0 -278 ) (2304.513428 0 -278 ) 
4 470 483 (2048 0 -278 ) (2048 0 -160 ) (2048 274.421021 -160 ) (2048 274.421021 -278 ) 
4 471 530 (2048 0 -324 ) (2048 0 -327 ) (2422.836914 0 -327 ) (2422.836914 0 -324 ) 
4 471 484 (2048 0 -327 ) (2048 0 -324 ) (2048 274.421021 -324 ) (2048 274.421021 -327 ) 
4 471 472 (2048 0 -327 ) (2048 274.421021 -327 ) (2422.836914 274.421021 -327 ) (2422.836914 0 -327 ) 
4 472 530 (3072 0 -352 ) (3072 0 -327 ) (2048 0 -327 ) (2048 0 -352 ) 
4 472 484 (2048 0 -352 ) (2048 0 -327 ) (2048 1024 -327 ) (2048 1024 -352 ) 
4 472 473 (2048 0 -352 ) (2048 1024 -352 ) (3072 1024 -352 ) (3072 0 -352 ) 
4 473 531 (3072 0 -446.299988 ) (3072 0 -352 ) (2048 0 -352 ) (2048 0 -446.299988 ) 
4 473 485 (2048 0 -446.299988 ) (2048 0 -352 ) (2048 1024 -352 ) (2048 1024 -446.299988 ) 
4 474 482 (2048 1024 -160 ) (2048 1024 462.299988 ) (1024 1024 462.299988 ) (1024 1024 -160 ) 
4 474 478 (1024 2048 462.299988 ) (1024 2048 -160 ) (1024 1024 -160 ) (1024 1024 462.299988 ) 
4 474 475 (1024 1024 -160 ) (1024 2048 -160 ) (2048 2048 -160 ) (2048 1024 -160 ) 
4 475 483 (2048 1024 -278 ) (2048 1024 -160 ) (1024 1024 -160 ) (1024 1024 -278 ) 
4 475 479 (1024 2048 -160 ) (1024 2048 -278 ) (1024 1024 -278 ) (1024 1024 -160 ) 
4 476 484 (2048 1024 -352 ) (2048 1024 -324 ) (1024 1024 -324 ) (1024 1024 -352 ) 
4 476 480 (1024 2048 -324 ) (1024 2048 -352 ) (1024 1024 -352 ) (1024 1024 -324 ) 
4 476 477 (2048 1024 -352 ) (1024 1024 -352 ) (1024 2048 -352 ) (2048 2048 -352 ) 
4 477 485 (2048 1024 -446.299988 ) (2048 1024 -352 ) (1024 1024 -352 ) (1024 1024 -446.299988 ) 
4 477 481 (1024 2048 -352 ) (1024 2048 -446.299988 ) (1024 1024 -446.299988 ) (1024 1024 -352 ) 
4 478 638 (0 1024 -160 ) (0 1024 462.299988 ) (0 2048 462.299988 ) (0 2048 -160 ) 
4 478 486 (0 1024 462.299988 ) (0 1024 -160 ) (1024 1024 -160 ) (1024 1024 462.299988 ) 
4 478 479 (1024 1024 -160 ) (0 1024 -160 ) (0 2048 -160 ) (1024 2048 -160 ) 
4 479 639 (0 1024 -278 ) (0 1024 -160 ) (0 2048 -160 ) (0 2048 -278 ) 
4 479 487 (0 1024 -160 ) (0 1024 -278 ) (1024 1024 -278 ) (1024 1024 -160 ) 
4 480 640 (0 1024 -352 ) (0 1024 -324 ) (0 2048 -324 ) (0 2048 -352 ) 
4 480 488 (0 1024 -324 ) (0 1024 -352 ) (1024 1024 -352 ) (1024 1024 -324 ) 
4 480 481 (1024 2048 -352 ) (1024 1024 -352 ) (0 1024 -352 ) (0 2048 -352 ) 
4 481 641 (0 1024 -446.299988 ) (0 1024 -352 ) (0 2048 -352 ) (0 2048 -446.299988 ) 
4 481 489 (0 1024 -352 ) (0 1024 -446.299988 ) (1024 1024 -446.299988 ) (1024 1024 -352 ) 
4 482 536 (2048 0 -160 ) (2048 0 462.299988 ) (1024 0 462.299988 ) (1024 0 -160 ) 
4 482 486 (1024 1024 462.299988 ) (1024 1024 -160 ) (1024 0 -160 ) (1024 0 462.299988 ) 
4 482 483 (2048 0 -160 ) (1024 0 -160 ) (1024 1024 -160 ) (2048 1024 -160 ) 
4 483 537 (2048 0 -278 ) (2048 0 -160 ) (1024 0 -160 ) (1024 0 -278 ) 
4 483 487 (1024 1024 -160 ) (1024 1024 -278 ) (1024 0 -278 ) (1024 0 -160 ) 
4 484 538 (2048 0 -352 ) (2048 0 -324 ) (1024 0 -324 ) (1024 0 -352 ) 
4 484 488 (1024 1024 -324 ) (1024 1024 -352 ) (1024 0 -352 ) (1024 0 -324 ) 
4 484 485 (1024 1024 -352 ) (2048 1024 -352 ) (2048 0 -352 ) (1024 0 -352 ) 
4 485 539 (2048 0 -446.299988 ) (2048 0 -352 ) (1024 0 -352 ) (1024 0 -446.299988 ) 
4 485 489 (1024 1024 -352 ) (1024 1024 -446.299988 ) (1024 0 -446.299988 ) (1024 0 -352 ) 
4 486 642 (0 0 -160 ) (0 0 462.299988 ) (0 1024 462.299988 ) (0 1024 -160 ) 
4 486 541 (712 0 462.299988 ) (620 0 462.299988 ) (620 0 -160 ) (712 0 -160 ) 
4 486 540 (1024 0 -160 ) (1024 0 462.299988 ) (712 0 462.299988 ) (712 0 -160 ) 
4 486 545 (620 0 462.299988 ) (0 0 462.299988 ) (0 0 -160 ) (620 0 -160 ) 
4 486 487 (1024 0 -160 ) (0 0 -160 ) (0 1024 -160 ) (1024 1024 -160 ) 
4 487 643 (0 0 -278 ) (0 0 -160 ) (0 1024 -160 ) (0 1024 -278 ) 
4 487 546 (1024 0 -278 ) (1024 0 -160 ) (0 0 -160 ) (0 0 -278 ) 
4 488 644 (0 0 -352 ) (0 0 -324 ) (0 1024 -324 ) (0 1024 -352 ) 
4 488 547 (1024 0 -352 ) (1024 0 -324 ) (0 0 -324 ) (0 0 -352 ) 
4 488 489 (0 0 -352 ) (0 1024 -352 ) (1024 1024 -352 ) (1024 0 -352 ) 
4 489 645 (0 0 -446.299988 ) (0 0 -352 ) (0 1024 -352 ) (0 1024 -446.299988 ) 
4 489 548 (1024 0 -446.299988 ) (1024 0 -352 ) (0 0 -352 ) (0 0 -446.299988 ) 
4 490 499 (4224.220215 -1024 462.299988 ) (4096 -1024 462.299988 ) (4096 -1024 -160 ) (4224.220215 -1024 -160 ) 
4 490 495 (4096 0 462.299988 ) (4096 0 -160 ) (4096 -1024 -160 ) (4096 -1024 462.299988 ) 
4 490 492 (4096 -1024 -160 ) (4096 0 -160 ) (4224 0 -160 ) (4224 -1024 -160 ) 
4 490 491 (4224 0 -160 ) (4224.220215 0 -160 ) (4224.220215 -1024 -160 ) (4224 -1024 -160 ) 
4 491 500 (4224.220215 -1024 -160 ) (4224 -1024 -160 ) (4224 -1024 -446.299988 ) (4224.220215 -1024 -446.299988 ) 
4 491 494 (4224 0 -446.299988 ) (4224 -1024 -446.299988 ) (4224 -1024 -352 ) (4224 0 -352 ) 
4 491 493 (4224 -1024 -352 ) (4224 -1024 -324 ) (4224 0 -324 ) (4224 0 -352 ) 
4 491 492 (4224 -1024 -278 ) (4224 -1024 -160 ) (4224 0 -160 ) (4224 0 -278 ) 
4 492 501 (4224 -1024 -160 ) (4096 -1024 -160 ) (4096 -1024 -278 ) (4224 -1024 -278 ) 
4 492 496 (4096 0 -160 ) (4096 0 -278 ) (4096 -1024 -278 ) (4096 -1024 -160 ) 
4 493 502 (4096 -1024 -324 ) (4096 -1024 -352 ) (4224 -1024 -352 ) (4224 -1024 -324 ) 
4 493 497 (4096 0 -324 ) (4096 0 -352 ) (4096 -1024 -352 ) (4096 -1024 -324 ) 
4 493 494 (4096 -1024 -352 ) (4096 0 -352 ) (4224 0 -352 ) (4224 -1024 -352 ) 
4 494 503 (4096 -1024 -352 ) (4096 -1024 -446.299988 ) (4224 -1024 -446.299988 ) (4224 -1024 -352 ) 
4 494 498 (4096 0 -352 ) (4096 0 -446.299988 ) (4096 -1024 -446.299988 ) (4096 -1024 -352 ) 
4 495 528 (3072 0 462.299988 ) (3072 0 -160 ) (3072 -1024 -160 ) (3072 -1024 462.299988 ) 
4 495 504 (4096 -1024 -160 ) (4096 -1024 462.299988 ) (3072 -1024 462.299988 ) (3072 -1024 -160 ) 
4 495 496 (4096 -1024 -160 ) (3072 -1024 -160 ) (3072 0 -160 ) (4096 0 -160 ) 
4 496 529 (3072 0 -160 ) (3072 0 -278 ) (3072 -1024 -278 ) (3072 -1024 -160 ) 
4 496 505 (4096 -1024 -278 ) (4096 -1024 -160 ) (3072 -1024 -160 ) (3072 -1024 -278 ) 
4 497 530 (3072 0 -324 ) (3072 0 -352 ) (3072 -1024 -352 ) (3072 -1024 -324 ) 
4 497 506 (4096 -1024 -352 ) (4096 -1024 -324 ) (3072 -1024 -324 ) (3072 -1024 -352 ) 
4 497 498 (3072 0 -352 ) (4096 0 -352 ) (4096 -1024 -352 ) (3072 -1024 -352 ) 
4 498 531 (3072 0 -352 ) (3072 0 -446.299988 ) (3072 -1024 -446.299988 ) (3072 -1024 -352 ) 
4 498 507 (4096 -1024 -446.299988 ) (4096 -1024 -352 ) (3072 -1024 -352 ) (3072 -1024 -446.299988 ) 
4 499 508 (4224.220215 -2048 462.299988 ) (4096 -2048 462.299988 ) (4096 -2048 -160 ) (4224.220215 -2048 -160 ) 
4 499 504 (4096 -1024 462.299988 ) (4096 -1024 -160 ) (4096 -2048 -160 ) (4096 -2048 462.299988 ) 
4 499 501 (4096 -2048 -160 ) (4096 -1024 -160 ) (4224 -1024 -160 ) (4224 -2048 -160 ) 
4 499 500 (4224 -1024 -160 ) (4224.220215 -1024 -160 ) (4224.220215 -2048 -160 ) (4224 -2048 -160 ) 
4 500 509 (4224.220215 -2048 -160 ) (4224 -2048 -160 ) (4224 -2048 -446.299988 ) (4224.220215 -2048 -446.299988 ) 
4 500 503 (4224 -1024 -446.299988 ) (4224 -2048 -446.299988 ) (4224 -2048 -352 ) (4224 -1024 -352 ) 
4 500 502 (4224 -2048 -352 ) (4224 -2048 -324 ) (4224 -1024 -324 ) (4224 -1024 -352 ) 
4 500 501 (4224 -2048 -278 ) (4224 -2048 -160 ) (4224 -1024 -160 ) (4224 -1024 -278 ) 
4 501 510 (4224 -2048 -160 ) (4096 -2048 -160 ) (4096 -2048 -278 ) (4224 -2048 -278 ) 
4 501 505 (4096 -1024 -160 ) (4096 -1024 -278 ) (4096 -2048 -278 ) (4096 -2048 -160 ) 
4 502 511 (4096 -2048 -324 ) (4096 -2048 -352 ) (4224 -2048 -352 ) (4224 -2048 -324 ) 
4 502 506 (4096 -1024 -324 ) (4096 -1024 -352 ) (4096 -2048 -352 ) (4096 -2048 -324 ) 
4 502 503 (4096 -2048 -352 ) (4096 -1024 -352 ) (4224 -1024 -352 ) (4224 -2048 -352 ) 
4 503 512 (4096 -2048 -352 ) (4096 -2048 -446.299988 ) (4224 -2048 -446.299988 ) (4224 -2048 -352 ) 
4 503 507 (4096 -1024 -352 ) (4096 -1024 -446.299988 ) (4096 -2048 -446.299988 ) (4096 -2048 -352 ) 
4 504 532 (3072 -2048 -160 ) (3072 -2048 462.299988 ) (3072 -1024 462.299988 ) (3072 -1024 -160 ) 
4 504 513 (4096 -2048 -160 ) (4096 -2048 462.299988 ) (3072 -2048 462.299988 ) (3072 -2048 -160 ) 
4 504 505 (4096 -2048 -160 ) (3072 -2048 -160 ) (3072 -1024 -160 ) (4096 -1024 -160 ) 
4 505 533 (3072 -2048 -278 ) (3072 -2048 -160 ) (3072 -1024 -160 ) (3072 -1024 -278 ) 
4 505 514 (4096 -2048 -278 ) (4096 -2048 -160 ) (3072 -2048 -160 ) (3072 -2048 -278 ) 
4 506 534 (3072 -2048 -352 ) (3072 -2048 -324 ) (3072 -1024 -324 ) (3072 -1024 -352 ) 
4 506 515 (4096 -2048 -352 ) (4096 -2048 -324 ) (3072 -2048 -324 ) (3072 -2048 -352 ) 
4 506 507 (4096 -1024 -352 ) (4096 -2048 -352 ) (3072 -2048 -352 ) (3072 -1024 -352 ) 
4 507 535 (3072 -2048 -446.299988 ) (3072 -2048 -352 ) (3072 -1024 -352 ) (3072 -1024 -446.299988 ) 
4 507 516 (4096 -2048 -446.299988 ) (4096 -2048 -352 ) (3072 -2048 -352 ) (3072 -2048 -446.299988 ) 
4 508 517 (4224.220215 -3072 462.299988 ) (4096 -3072 462.299988 ) (4096 -3072 -160 ) (4224.220215 -3072 -160 ) 
4 508 513 (4096 -2048 462.299988 ) (4096 -2048 -160 ) (4096 -3072 -160 ) (4096 -3072 462.299988 ) 
4 508 510 (4224 -3072 -160 ) (4096 -3072 -160 ) (4096 -2048 -160 ) (4224 -2048 -160 ) 
4 508 509 (4224.220215 -3072 -160 ) (4224 -3072 -160 ) (4224 -2048 -160 ) (4224.220215 -2048 -160 ) 
4 509 518 (4224.220215 -3072 -160 ) (4224 -3072 -160 ) (4224 -3072 -446.299988 ) (4224.220215 -3072 -446.299988 ) 
4 509 512 (4224 -2048 -446.299988 ) (4224 -3072 -446.299988 ) (4224 -3072 -352 ) (4224 -2048 -352 ) 
4 509 511 (4224 -3072 -352 ) (4224 -3072 -324 ) (4224 -2048 -324 ) (4224 -2048 -352 ) 
4 509 510 (4224 -3072 -278 ) (4224 -3072 -160 ) (4224 -2048 -160 ) (4224 -2048 -278 ) 
4 510 519 (4224 -3072 -160 ) (4096 -3072 -160 ) (4096 -3072 -278 ) (4224 -3072 -278 ) 
4 510 514 (4096 -2048 -160 ) (4096 -2048 -278 ) (4096 -3072 -278 ) (4096 -3072 -160 ) 
4 511 520 (4096 -3072 -324 ) (4096 -3072 -352 ) (4224 -3072 -352 ) (4224 -3072 -324 ) 
4 511 515 (4096 -2048 -324 ) (4096 -2048 -352 ) (4096 -3072 -352 ) (4096 -3072 -324 ) 
4 511 512 (4096 -3072 -352 ) (4096 -2048 -352 ) (4224 -2048 -352 ) (4224 -3072 -352 ) 
4 512 521 (4096 -3072 -352 ) (4096 -3072 -446.299988 ) (4224 -3072 -446.299988 ) (4224 -3072 -352 ) 
4 512 516 (4096 -2048 -352 ) (4096 -2048 -446.299988 ) (4096 -3072 -446.299988 ) (4096 -3072 -352 ) 
4 513 576 (3072 -3072 -160 ) (3072 -3072 462.299988 ) (3072 -2048 462.299988 ) (3072 -2048 -160 ) 
4 513 523 (3072 -3072 462.299988 ) (3072 -3072 -160 ) (4096 -3072 -160 ) (4096 -3072 462.299988 ) 
4 513 514 (4096 -3072 -160 ) (3072 -3072 -160 ) (3072 -2048 -160 ) (4096 -2048 -160 ) 
4 514 577 (3072 -3072 -278 ) (3072 -3072 -160 ) (3072 -2048 -160 ) (3072 -2048 -278 ) 
4 514 524 (3072 -3072 -160 ) (3072 -3072 -278 ) (4096 -3072 -278 ) (4096 -3072 -160 ) 
4 515 578 (3072 -3072 -352 ) (3072 -3072 -324 ) (3072 -2048 -324 ) (3072 -2048 -352 ) 
4 515 525 (3072 -3072 -324 ) (3072 -3072 -352 ) (4096 -3072 -352 ) (4096 -3072 -324 ) 
4 515 516 (3072 -3072 -352 ) (3072 -2048 -352 ) (4096 -2048 -352 ) (4096 -3072 -352 ) 
4 516 579 (3072 -3072 -446.299988 ) (3072 -3072 -352 ) (3072 -2048 -352 ) (3072 -2048 -446.299988 ) 
4 516 526 (3072 -3072 -352 ) (3072 -3072 -446.299988 ) (4096 -3072 -446.299988 ) (4096 -3072 -352 ) 
4 517 523 (4096 -3072 462.299988 ) (4096 -3072 -160 ) (4096 -3584.250000 -160 ) (4096 -3584.250000 462.299988 ) 
4 517 522 (4096 -3584.250000 -160 ) (4096 -3584 -160 ) (4224.220215 -3584 -160 ) (4224.220215 -3584.250000 -160 ) 
4 517 519 (4096 -3584 -160 ) (4096 -3072 -160 ) (4224 -3072 -160 ) (4224 -3584 -160 ) 
4 517 518 (4224 -3072 -160 ) (4224.220215 -3072 -160 ) (4224.220215 -3584 -160 ) (4224 -3584 -160 ) 
4 518 522 (4224 -3584 -446.299988 ) (4224.220215 -3584 -446.299988 ) (4224.220215 -3584 -160 ) (4224 -3584 -160 ) 
4 518 521 (4224 -3072 -446.299988 ) (4224 -3584 -446.299988 ) (4224 -3584 -352 ) (4224 -3072 -352 ) 
4 518 520 (4224 -3584 -352 ) (4224 -3584 -324 ) (4224 -3072 -324 ) (4224 -3072 -352 ) 
4 518 519 (4224 -3584 -278 ) (4224 -3584 -160 ) (4224 -3072 -160 ) (4224 -3072 -278 ) 
4 519 524 (4096 -3072 -160 ) (4096 -3072 -278 ) (4096 -3584 -278 ) (4096 -3584 -160 ) 
4 519 522 (4224 -3584 -278 ) (4224 -3584 -160 ) (4096 -3584 -160 ) (4096 -3584 -278 ) 
4 520 525 (4096 -3072 -324 ) (4096 -3072 -352 ) (4096 -3584 -352 ) (4096 -3584 -324 ) 
4 520 522 (4224 -3584 -352 ) (4224 -3584 -324 ) (4096 -3584 -324 ) (4096 -3584 -352 ) 
4 520 521 (4224 -3072 -352 ) (4224 -3584 -352 ) (4096 -3584 -352 ) (4096 -3072 -352 ) 
4 521 526 (4096 -3072 -352 ) (4096 -3072 -446.299988 ) (4096 -3584 -446.299988 ) (4096 -3584 -352 ) 
4 521 522 (4096 -3584 -446.299988 ) (4224 -3584 -446.299988 ) (4224 -3584 -352 ) (4096 -3584 -352 ) 
4 522 527 (4096 -3584 -446.299988 ) (4096 -3584.250000 -446.299988 ) (4096 -3584.250000 -160 ) (4096 -3584 -160 ) 
4 523 596 (3072 -3584.250000 462.299988 ) (3072 -3072 462.299988 ) (3072 -3072 -160 ) (3072 -3584.250000 -160 ) 
4 523 527 (3072 -3584.250000 -160 ) (3072 -3584 -160 ) (4096 -3584 -160 ) (4096 -3584.250000 -160 ) 
4 523 524 (3072 -3584 -160 ) (3072 -3072 -160 ) (4096 -3072 -160 ) (4096 -3584 -160 ) 
4 524 597 (3072 -3584 -160 ) (3072 -3072 -160 ) (3072 -3072 -278 ) (3072 -3584 -278 ) 
4 524 527 (4096 -3584 -278 ) (4096 -3584 -160 ) (3072 -3584 -160 ) (3072 -3584 -278 ) 
4 525 598 (3072 -3072 -324 ) (3072 -3072 -352 ) (3072 -3584 -352 ) (3072 -3584 -324 ) 
4 525 527 (4096 -3584 -352 ) (4096 -3584 -324 ) (3072 -3584 -324 ) (3072 -3584 -352 ) 
4 525 526 (4096 -3584 -352 ) (3072 -3584 -352 ) (3072 -3072 -352 ) (4096 -3072 -352 ) 
4 526 599 (3072 -3072 -352 ) (3072 -3072 -446.299988 ) (3072 -3584 -446.299988 ) (3072 -3584 -352 ) 
4 526 527 (3072 -3584 -446.299988 ) (4096 -3584 -446.299988 ) (4096 -3584 -352 ) (3072 -3584 -352 ) 
4 527 600 (3072 -3584.250000 -160 ) (3072 -3584 -160 ) (3072 -3584 -446.299988 ) (3072 -3584.250000 -446.299988 ) 
4 528 536 (2048 0 462.299988 ) (2048 0 -160 ) (2048 -1024 -160 ) (2048 -1024 462.299988 ) 
4 528 532 (3072 -1024 -160 ) (3072 -1024 462.299988 ) (2048 -1024 462.299988 ) (2048 -1024 -160 ) 
4 528 529 (3072 -1024 -160 ) (2048 -1024 -160 ) (2048 0 -160 ) (3072 0 -160 ) 
4 529 537 (2048 0 -160 ) (2048 0 -278 ) (2048 -1024 -278 ) (2048 -1024 -160 ) 
4 529 533 (3072 -1024 -278 ) (3072 -1024 -160 ) (2048 -1024 -160 ) (2048 -1024 -278 ) 
4 530 538 (2048 0 -324 ) (2048 0 -352 ) (2048 -1024 -352 ) (2048 -1024 -324 ) 
4 530 534 (3072 -1024 -352 ) (3072 -1024 -324 ) (2048 -1024 -324 ) (2048 -1024 -352 ) 
4 530 531 (2048 -1024 -352 ) (2048 0 -352 ) (3072 0 -352 ) (3072 -1024 -352 ) 
4 531 539 (2048 0 -352 ) (2048 0 -446.299988 ) (2048 -1024 -446.299988 ) (2048 -1024 -352 ) 
4 531 535 (3072 -1024 -446.299988 ) (3072 -1024 -352 ) (2048 -1024 -352 ) (2048 -1024 -446.299988 ) 
4 532 576 (3072 -2048 -160 ) (3072 -2048 462.299988 ) (2048 -2048 462.299988 ) (2048 -2048 -160 ) 
4 532 549 (2048 -2048 -160 ) (2048 -2048 462.299988 ) (2048 -1024 462.299988 ) (2048 -1024 -160 ) 
4 532 533 (3072 -2048 -160 ) (2048 -2048 -160 ) (2048 -1024 -160 ) (3072 -1024 -160 ) 
4 533 577 (3072 -2048 -278 ) (3072 -2048 -160 ) (2048 -2048 -160 ) (2048 -2048 -278 ) 
4 533 550 (2048 -2048 -278 ) (2048 -2048 -160 ) (2048 -1024 -160 ) (2048 -1024 -278 ) 
4 534 578 (3072 -2048 -352 ) (3072 -2048 -324 ) (2048 -2048 -324 ) (2048 -2048 -352 ) 
4 534 551 (2048 -2048 -352 ) (2048 -2048 -324 ) (2048 -1024 -324 ) (2048 -1024 -352 ) 
4 534 535 (2048 -2048 -352 ) (2048 -1024 -352 ) (3072 -1024 -352 ) (3072 -2048 -352 ) 
4 535 579 (3072 -2048 -446.299988 ) (3072 -2048 -352 ) (2048 -2048 -352 ) (2048 -2048 -446.299988 ) 
4 535 552 (2048 -2048 -446.299988 ) (2048 -2048 -352 ) (2048 -1024 -352 ) (2048 -1024 -446.299988 ) 
4 536 549 (2048 -1024 -160 ) (2048 -1024 462.299988 ) (1024 -1024 462.299988 ) (1024 -1024 -160 ) 
4 536 540 (1024 0 462.299988 ) (1024 0 -160 ) (1024 -1024 -160 ) (1024 -1024 462.299988 ) 
4 536 537 (1024 -1024 -160 ) (1024 0 -160 ) (2048 0 -160 ) (2048 -1024 -160 ) 
4 537 550 (2048 -1024 -278 ) (2048 -1024 -160 ) (1024 -1024 -160 ) (1024 -1024 -278 ) 
4 537 546 (1024 0 -160 ) (1024 0 -278 ) (1024 -1024 -278 ) (1024 -1024 -160 ) 
4 538 551 (2048 -1024 -352 ) (2048 -1024 -324 ) (1024 -1024 -324 ) (1024 -1024 -352 ) 
4 538 547 (1024 0 -324 ) (1024 0 -352 ) (1024 -1024 -352 ) (1024 -1024 -324 ) 
4 538 539 (2048 -1024 -352 ) (1024 -1024 -352 ) (1024 0 -352 ) (2048 0 -352 ) 
4 539 552 (2048 -1024 -446.299988 ) (2048 -1024 -352 ) (1024 -1024 -352 ) (1024 -1024 -446.299988 ) 
4 539 548 (1024 0 -352 ) (1024 0 -446.299988 ) (1024 -1024 -446.299988 ) (1024 -1024 -352 ) 
4 540 553 (1024 -1024 -160 ) (1024 -1024 462.299988 ) (712 -1024 462.299988 ) (712 -1024 -160 ) 
4 540 546 (1024 -1024 -160 ) (712 -1024 -160 ) (712 0 -160 ) (1024 0 -160 ) 
4 540 542 (712 -672 -50 ) (712 -672 462.299988 ) (712 -580 462.299988 ) (712 -580 -50 ) 
4 540 543 (712 -580 -160 ) (712 -672 -160 ) (712 -672 -98 ) (712 -580 -98 ) 
4 540 541 (712 0 -160 ) (712 -580 -160 ) (712 -580 462.299988 ) (712 0 462.299988 ) 
4 540 544 (712 -672 -160 ) (712 -1024 -160 ) (712 -1024 462.299988 ) (712 -672 462.299988 ) 
4 541 546 (620 -580 -160 ) (620 0 -160 ) (712 0 -160 ) (712 -580 -160 ) 
4 541 542 (620 -580 462.299988 ) (620 -580 -50 ) (712 -580 -50 ) (712 -580 462.299988 ) 
4 541 543 (620 -580 -98 ) (620 -580 -160 ) (712 -580 -160 ) (712 -580 -98 ) 
4 541 545 (620 0 -160 ) (620 -580 -160 ) (620 -580 462.299988 ) (620 0 462.299988 ) 
4 542 544 (620 -672 462.299988 ) (620 -672 -50 ) (712 -672 -50 ) (712 -672 462.299988 ) 
4 542 545 (620 -672 -50 ) (620 -672 462.299988 ) (620 -580 462.299988 ) (620 -580 -50 ) 
4 543 546 (620 -672 -160 ) (620 -580 -160 ) (712 -580 -160 ) (712 -672 -160 ) 
4 543 545 (620 -580 -160 ) (620 -672 -160 ) (620 -672 -98 ) (620 -580 -98 ) 
4 543 544 (620 -672 -98 ) (620 -672 -160 ) (712 -672 -160 ) (712 -672 -98 ) 
4 544 559 (659 -1024 462.299988 ) (620 -1024 462.299988 ) (620 -1024 -160 ) (659 -1024 -160 ) 
4 544 558 (665 -1024 462.299988 ) (659 -1024 462.299988 ) (659 -1024 -160 ) (665 -1024 -160 ) 
4 544 554 (670 -1024 462.299988 ) (665 -1024 462.299988 ) (665 -1024 -160 ) (670 -1024 -160 ) 
4 544 553 (712 -1024 462.299988 ) (670 -1024 462.299988 ) (670 -1024 -160 ) (712 -1024 -160 ) 
4 544 546 (712 -1024 -160 ) (620 -1024 -160 ) (620 -672 -160 ) (712 -672 -160 ) 
4 544 545 (620 -672 -160 ) (620 -1024 -160 ) (620 -1024 462.299988 ) (620 -672 462.299988 ) 
4 545 700 (0 -1024 -160 ) (0 -1024 462.299988 ) (0 0 462.299988 ) (0 0 -160 ) 
4 545 566 (432 -1024 462.299988 ) (330 -1024 462.299988 ) (330 -1024 -160 ) (432 -1024 -160 ) 
4 545 565 (480 -1024 462.299988 ) (432 -1024 462.299988 ) (432 -1024 -160 ) (480 -1024 -160 ) 
4 545 570 (330 -1024 462.299988 ) (0 -1024 462.299988 ) (0 -1024 -160 ) (330 -1024 -160 ) 
4 545 559 (620 -1024 462.299988 ) (509 -1024 462.299988 ) (509 -1024 -160 ) (620 -1024 -160 ) 
4 545 564 (509 -1024 462.299988 ) (480 -1024 462.299988 ) (480 -1024 -160 ) (509 -1024 -160 ) 
4 545 546 (620 -1024 -160 ) (0 -1024 -160 ) (0 0 -160 ) (620 0 -160 ) 
4 546 701 (0 -1024 -278 ) (0 -1024 -160 ) (0 0 -160 ) (0 0 -278 ) 
4 546 573 (1024 -1024 -278 ) (1024 -1024 -160 ) (0 -1024 -160 ) (0 -1024 -278 ) 
4 547 702 (0 -1024 -352 ) (0 -1024 -324 ) (0 0 -324 ) (0 0 -352 ) 
4 547 574 (1024 -1024 -352 ) (1024 -1024 -324 ) (0 -1024 -324 ) (0 -1024 -352 ) 
4 547 548 (1024 0 -352 ) (1024 -1024 -352 ) (0 -1024 -352 ) (0 0 -352 ) 
4 548 703 (0 -1024 -446.299988 ) (0 -1024 -352 ) (0 0 -352 ) (0 0 -446.299988 ) 
4 548 575 (1024 -1024 -446.299988 ) (1024 -1024 -352 ) (0 -1024 -352 ) (0 -1024 -446.299988 ) 
4 549 580 (2048 -2048 -160 ) (2048 -2048 462.299988 ) (1024 -2048 462.299988 ) (1024 -2048 -160 ) 
4 549 553 (1024 -1024 462.299988 ) (1024 -1024 -160 ) (1024 -2048 -160 ) (1024 -2048 462.299988 ) 
4 549 550 (2048 -2048 -160 ) (1024 -2048 -160 ) (1024 -1024 -160 ) (2048 -1024 -160 ) 
4 550 581 (2048 -2048 -278 ) (2048 -2048 -160 ) (1024 -2048 -160 ) (1024 -2048 -278 ) 
4 550 573 (1024 -1024 -160 ) (1024 -1024 -278 ) (1024 -2048 -278 ) (1024 -2048 -160 ) 
4 551 582 (2048 -2048 -352 ) (2048 -2048 -324 ) (1024 -2048 -324 ) (1024 -2048 -352 ) 
4 551 574 (1024 -1024 -324 ) (1024 -1024 -352 ) (1024 -2048 -352 ) (1024 -2048 -324 ) 
4 551 552 (1024 -1024 -352 ) (2048 -1024 -352 ) (2048 -2048 -352 ) (1024 -2048 -352 ) 
4 552 583 (2048 -2048 -446.299988 ) (2048 -2048 -352 ) (1024 -2048 -352 ) (1024 -2048 -446.299988 ) 
4 552 575 (1024 -1024 -352 ) (1024 -1024 -446.299988 ) (1024 -2048 -446.299988 ) (1024 -2048 -352 ) 
4 553 584 (1024 -2048 -160 ) (1024 -2048 462.299988 ) (670 -2048 462.299988 ) (670 -2048 -160 ) 
4 553 573 (1024 -2048 -160 ) (670 -2048 -160 ) (670 -1024 -160 ) (1024 -1024 -160 ) 
4 553 556 (670 -2048 -76 ) (670 -2048 55 ) (670 -1973 55 ) (670 -1973 -76 ) 
4 553 555 (670 -2048 55 ) (670 -2048 462.299988 ) (670 -1973 462.299988 ) (670 -1973 55 ) 
4 553 557 (670 -1973 -160 ) (670 -2048 -160 ) (670 -2048 -76 ) (670 -1973 -76 ) 
4 553 554 (670 -1024 -160 ) (670 -1973 -160 ) (670 -1973 462.299988 ) (670 -1024 462.299988 ) 
4 554 573 (665 -1973 -160 ) (665 -1024 -160 ) (670 -1024 -160 ) (670 -1973 -160 ) 
4 554 558 (665 -1024 -160 ) (665 -1973 -160 ) (665 -1973 462.299988 ) (665 -1024 462.299988 ) 
4 554 556 (665 -1973 55 ) (665 -1973 -76 ) (670 -1973 -76 ) (670 -1973 55 ) 
4 554 555 (665 -1973 462.299988 ) (665 -1973 55 ) (670 -1973 55 ) (670 -1973 462.299988 ) 
4 554 557 (665 -1973 -76 ) (665 -1973 -160 ) (670 -1973 -160 ) (670 -1973 -76 ) 
4 555 585 (670 -2048 462.299988 ) (665 -2048 462.299988 ) (665 -2048 55 ) (670 -2048 55 ) 
4 555 558 (665 -2048 55 ) (665 -2048 462.299988 ) (665 -1973 462.299988 ) (665 -1973 55 ) 
4 555 556 (665 -2048 55 ) (665 -1973 55 ) (670 -1973 55 ) (670 -2048 55 ) 
4 556 586 (665 -2048 55 ) (665 -2048 -76 ) (670 -2048 -76 ) (670 -2048 55 ) 
4 556 558 (665 -2048 -76 ) (665 -2048 55 ) (665 -1973 55 ) (665 -1973 -76 ) 
4 556 557 (665 -2048 -76 ) (665 -1973 -76 ) (670 -1973 -76 ) (670 -2048 -76 ) 
4 557 587 (665 -2048 -76 ) (665 -2048 -160 ) (670 -2048 -160 ) (670 -2048 -76 ) 
4 557 573 (670 -2048 -160 ) (665 -2048 -160 ) (665 -1973 -160 ) (670 -1973 -160 ) 
4 557 558 (665 -1973 -160 ) (665 -2048 -160 ) (665 -2048 -76 ) (665 -1973 -76 ) 
4 558 589 (665 -2048 462.299988 ) (659 -2048 462.299988 ) (659 -2048 -160 ) (665 -2048 -160 ) 
4 558 573 (665 -2048 -160 ) (659 -2048 -160 ) (659 -1024 -160 ) (665 -1024 -160 ) 
4 558 561 (659 -1850 -80 ) (659 -1850 85 ) (659 -1849 85 ) (659 -1849 -80 ) 
4 558 560 (659 -1850 85 ) (659 -1850 462.299988 ) (659 -1849 462.299988 ) (659 -1849 85 ) 
4 558 562 (659 -1849 -160 ) (659 -1850 -160 ) (659 -1850 -80 ) (659 -1849 -80 ) 
4 558 559 (659 -1024 -160 ) (659 -1849 -160 ) (659 -1849 462.299988 ) (659 -1024 462.299988 ) 
4 558 563 (659 -1850 -160 ) (659 -2048 -160 ) (659 -2048 462.299988 ) (659 -1850 462.299988 ) 
4 559 573 (509 -1849 -160 ) (509 -1024 -160 ) (659 -1024 -160 ) (659 -1849 -160 ) 
4 559 561 (509 -1849 85 ) (509 -1849 -80 ) (659 -1849 -80 ) (659 -1849 85 ) 
4 559 560 (509 -1849 462.299988 ) (509 -1849 85 ) (659 -1849 85 ) (659 -1849 462.299988 ) 
4 559 562 (509 -1849 -80 ) (509 -1849 -160 ) (659 -1849 -160 ) (659 -1849 -80 ) 
4 559 564 (509 -1024 -160 ) (509 -1849 -160 ) (509 -1849 462.299988 ) (509 -1024 462.299988 ) 
4 560 563 (509 -1850 462.299988 ) (509 -1850 85 ) (659 -1850 85 ) (659 -1850 462.299988 ) 
4 560 564 (509 -1850 85 ) (509 -1850 462.299988 ) (509 -1849 462.299988 ) (509 -1849 85 ) 
4 560 561 (659 -1850 85 ) (509 -1850 85 ) (509 -1849 85 ) (659 -1849 85 ) 
4 561 562 (659 -1850 -80 ) (509 -1850 -80 ) (509 -1849 -80 ) (659 -1849 -80 ) 
4 561 563 (509 -1850 85 ) (509 -1850 -80 ) (659 -1850 -80 ) (659 -1850 85 ) 
4 561 564 (509 -1850 -80 ) (509 -1850 85 ) (509 -1849 85 ) (509 -1849 -80 ) 
4 562 573 (509 -1850 -160 ) (509 -1849 -160 ) (659 -1849 -160 ) (659 -1850 -160 ) 
4 562 564 (509 -1849 -160 ) (509 -1850 -160 ) (509 -1850 -80 ) (509 -1849 -80 ) 
4 562 563 (509 -1850 -80 ) (509 -1850 -160 ) (659 -1850 -160 ) (659 -1850 -80 ) 
4 563 589 (659 -2048 462.299988 ) (509 -2048 462.299988 ) (509 -2048 -160 ) (659 -2048 -160 ) 
4 563 573 (659 -2048 -160 ) (509 -2048 -160 ) (509 -1850 -160 ) (659 -1850 -160 ) 
4 563 564 (509 -1850 -160 ) (509 -2048 -160 ) (509 -2048 462.299988 ) (509 -1850 462.299988 ) 
4 564 589 (509 -2048 462.299988 ) (480 -2048 462.299988 ) (480 -2048 -160 ) (509 -2048 -160 ) 
4 564 573 (509 -2048 -160 ) (480 -2048 -160 ) (480 -1024 -160 ) (509 -1024 -160 ) 
4 564 571 (480 -2048 -94 ) (480 -2048 462.299988 ) (480 -1887.989990 462.299988 ) (480 -1887.989990 -94 ) 
4 564 572 (480 -1887.989990 -160 ) (480 -2048 -160 ) (480 -2048 -100 ) (480 -1887.989990 -100 ) 
4 564 565 (480 -1024 -160 ) (480 -1887.989990 -160 ) (480 -1887.989990 462.299988 ) (480 -1024 462.299988 ) 
4 565 573 (432 -1024 -160 ) (480 -1024 -160 ) (480 -1887.989990 -160 ) (432 -1887.989990 -160 ) 
4 565 571 (480 -1887.989990 -94 ) (480 -1887.989990 462.299988 ) (432 -1887.989990 462.299988 ) (432 -1887.989990 -94 ) 
4 565 572 (432 -1887.989990 -160 ) (480 -1887.989990 -160 ) (480 -1887.989990 -100 ) (432 -1887.989990 -100 ) 
4 565 567 (432 -1738 -26 ) (432 -1738 462.299988 ) (432 -1732 462.299988 ) (432 -1732 -26 ) 
4 565 568 (432 -1732 -160 ) (432 -1738 -160 ) (432 -1738 -138 ) (432 -1732 -138 ) 
4 565 566 (432 -1024 -160 ) (432 -1732 -160 ) (432 -1732 462.299988 ) (432 -1024 462.299988 ) 
4 565 569 (432 -1738 -160 ) (432 -1887.989990 -160 ) (432 -1887.989990 462.299988 ) (432 -1738 462.299988 ) 
4 566 573 (330 -1024 -160 ) (432 -1024 -160 ) (432 -1732 -160 ) (330 -1732 -160 ) 
4 566 567 (330 -1732 462.299988 ) (330 -1732 -26 ) (432 -1732 -26 ) (432 -1732 462.299988 ) 
4 566 568 (330 -1732 -138 ) (330 -1732 -160 ) (432 -1732 -160 ) (432 -1732 -138 ) 
4 566 570 (330 -1024 -160 ) (330 -1732 -160 ) (330 -1732 462.299988 ) (330 -1024 462.299988 ) 
4 567 569 (330 -1738 462.299988 ) (330 -1738 -26 ) (432 -1738 -26 ) (432 -1738 462.299988 ) 
4 567 570 (330 -1738 -26 ) (330 -1738 462.299988 ) (330 -1732 462.299988 ) (330 -1732 -26 ) 
4 568 573 (432 -1732 -160 ) (432 -1738 -160 ) (330 -1738 -160 ) (330 -1732 -160 ) 
4 568 570 (330 -1732 -160 ) (330 -1738 -160 ) (330 -1738 -138 ) (330 -1732 -138 ) 
4 568 569 (330 -1738 -138 ) (330 -1738 -160 ) (432 -1738 -160 ) (432 -1738 -138 ) 
4 569 573 (432 -1738 -160 ) (432 -1887.989990 -160 ) (330 -1887.989990 -160 ) (330 -1738 -160 ) 
4 569 571 (432 -1887.989990 -94 ) (432 -1887.989990 462.299988 ) (330 -1887.989990 462.299988 ) (330 -1887.989990 -94 ) 
4 569 572 (330 -1887.989990 -160 ) (432 -1887.989990 -160 ) (432 -1887.989990 -100 ) (330 -1887.989990 -100 ) 
4 569 570 (330 -1738 -160 ) (330 -1887.989990 -160 ) (330 -1887.989990 462.299988 ) (330 -1738 462.299988 ) 
4 570 704 (0 -1887.989990 462.299988 ) (0 -1024 462.299988 ) (0 -1024 -160 ) (0 -1887.989990 -160 ) 
4 570 573 (0 -1887.989990 -160 ) (0 -1024 -160 ) (330 -1024 -160 ) (330 -1887.989990 -160 ) 
4 570 571 (330 -1887.989990 -94 ) (330 -1887.989990 462.299988 ) (0 -1887.989990 462.299988 ) (0 -1887.989990 -94 ) 
4 570 572 (0 -1887.989990 -160 ) (330 -1887.989990 -160 ) (330 -1887.989990 -100 ) (0 -1887.989990 -100 ) 
4 571 705 (0 -2048 -94 ) (0 -2048 462.299988 ) (0 -1887.989990 462.299988 ) (0 -1887.989990 -94 ) 
4 571 590 (480 -2048 462.299988 ) (0 -2048 462.299988 ) (0 -2048 -94 ) (480 -2048 -94 ) 
4 572 706 (0 -2048 -160 ) (0 -2048 -100 ) (0 -1887.989990 -100 ) (0 -1887.989990 -160 ) 
4 572 591 (0 -2048 -100 ) (0 -2048 -160 ) (480 -2048 -160 ) (480 -2048 -100 ) 
4 572 573 (480 -2048 -160 ) (0 -2048 -160 ) (0 -1887.989990 -160 ) (480 -1887.989990 -160 ) 
4 573 708 (0 -2048 -278 ) (0 -2048 -160 ) (0 -1024 -160 ) (0 -1024 -278 ) 
4 573 593 (1024 -2048 -278 ) (1024 -2048 -160 ) (0 -2048 -160 ) (0 -2048 -278 ) 
4 574 709 (0 -2048 -352 ) (0 -2048 -324 ) (0 -1024 -324 ) (0 -1024 -352 ) 
4 574 594 (1024 -2048 -352 ) (1024 -2048 -324 ) (0 -2048 -324 ) (0 -2048 -352 ) 
4 574 575 (1024 -1024 -352 ) (1024 -2048 -352 ) (0 -2048 -352 ) (0 -1024 -352 ) 
4 575 710 (0 -2048 -446.299988 ) (0 -2048 -352 ) (0 -1024 -352 ) (0 -1024 -446.299988 ) 
4 575 595 (1024 -2048 -446.299988 ) (1024 -2048 -352 ) (0 -2048 -352 ) (0 -2048 -446.299988 ) 
4 576 596 (3072 -3072 -160 ) (3072 -3072 462.299988 ) (2048 -3072 462.299988 ) (2048 -3072 -160 ) 
4 576 580 (2048 -3072 -160 ) (2048 -3072 462.299988 ) (2048 -2048 462.299988 ) (2048 -2048 -160 ) 
4 576 577 (2048 -3072 -160 ) (2048 -2048 -160 ) (3072 -2048 -160 ) (3072 -3072 -160 ) 
4 577 597 (3072 -3072 -278 ) (3072 -3072 -160 ) (2048 -3072 -160 ) (2048 -3072 -278 ) 
4 577 581 (2048 -3072 -278 ) (2048 -3072 -160 ) (2048 -2048 -160 ) (2048 -2048 -278 ) 
4 578 598 (3072 -3072 -352 ) (3072 -3072 -324 ) (2048 -3072 -324 ) (2048 -3072 -352 ) 
4 578 582 (2048 -3072 -352 ) (2048 -3072 -324 ) (2048 -2048 -324 ) (2048 -2048 -352 ) 
4 578 579 (3072 -3072 -352 ) (2048 -3072 -352 ) (2048 -2048 -352 ) (3072 -2048 -352 ) 
4 579 599 (3072 -3072 -446.299988 ) (3072 -3072 -352 ) (2048 -3072 -352 ) (2048 -3072 -446.299988 ) 
4 579 583 (2048 -3072 -446.299988 ) (2048 -3072 -352 ) (2048 -2048 -352 ) (2048 -2048 -446.299988 ) 
4 580 601 (2048 -3072 -160 ) (2048 -3072 462.299988 ) (1024 -3072 462.299988 ) (1024 -3072 -160 ) 
4 580 584 (1024 -2048 462.299988 ) (1024 -2048 -160 ) (1024 -3072 -160 ) (1024 -3072 462.299988 ) 
4 580 581 (1024 -3072 -160 ) (1024 -2048 -160 ) (2048 -2048 -160 ) (2048 -3072 -160 ) 
4 581 602 (2048 -3072 -278 ) (2048 -3072 -160 ) (1024 -3072 -160 ) (1024 -3072 -278 ) 
4 581 593 (1024 -2048 -160 ) (1024 -2048 -278 ) (1024 -3072 -278 ) (1024 -3072 -160 ) 
4 582 603 (2048 -3072 -352 ) (2048 -3072 -324 ) (1024 -3072 -324 ) (1024 -3072 -352 ) 
4 582 594 (1024 -2048 -324 ) (1024 -2048 -352 ) (1024 -3072 -352 ) (1024 -3072 -324 ) 
4 582 583 (2048 -3072 -352 ) (1024 -3072 -352 ) (1024 -2048 -352 ) (2048 -2048 -352 ) 
4 583 604 (2048 -3072 -446.299988 ) (2048 -3072 -352 ) (1024 -3072 -352 ) (1024 -3072 -446.299988 ) 
4 583 595 (1024 -2048 -352 ) (1024 -2048 -446.299988 ) (1024 -3072 -446.299988 ) (1024 -3072 -352 ) 
4 584 606 (670 -3072 -160 ) (1024 -3072 -160 ) (1024 -3072 462.299988 ) (670 -3072 462.299988 ) 
4 584 593 (1024 -3072 -160 ) (670 -3072 -160 ) (670 -2048 -160 ) (1024 -2048 -160 ) 
4 584 586 (670 -2085 -76 ) (670 -2085 55 ) (670 -2048 55 ) (670 -2048 -76 ) 
4 584 585 (670 -2085 55 ) (670 -2085 462.299988 ) (670 -2048 462.299988 ) (670 -2048 55 ) 
4 584 587 (670 -2048 -160 ) (670 -2085 -160 ) (670 -2085 -76 ) (670 -2048 -76 ) 
4 584 588 (670 -2085 -160 ) (670 -3072 -160 ) (670 -3072 462.299988 ) (670 -2085 462.299988 ) 
4 585 589 (665 -2085 55 ) (665 -2085 462.299988 ) (665 -2048 462.299988 ) (665 -2048 55 ) 
4 585 588 (665 -2085 462.299988 ) (665 -2085 55 ) (670 -2085 55 ) (670 -2085 462.299988 ) 
4 585 586 (670 -2085 55 ) (665 -2085 55 ) (665 -2048 55 ) (670 -2048 55 ) 
4 586 587 (670 -2085 -76 ) (665 -2085 -76 ) (665 -2048 -76 ) (670 -2048 -76 ) 
4 586 589 (665 -2085 -76 ) (665 -2085 55 ) (665 -2048 55 ) (665 -2048 -76 ) 
4 586 588 (665 -2085 55 ) (665 -2085 -76 ) (670 -2085 -76 ) (670 -2085 55 ) 
4 587 593 (665 -2085 -160 ) (665 -2048 -160 ) (670 -2048 -160 ) (670 -2085 -160 ) 
4 587 588 (665 -2085 -76 ) (665 -2085 -160 ) (670 -2085 -160 ) (670 -2085 -76 ) 
4 587 589 (665 -2048 -160 ) (665 -2085 -160 ) (665 -2085 -76 ) (665 -2048 -76 ) 
4 588 606 (665 -3072 -160 ) (670 -3072 -160 ) (670 -3072 462.299988 ) (665 -3072 462.299988 ) 
4 588 593 (670 -3072 -160 ) (665 -3072 -160 ) (665 -2085 -160 ) (670 -2085 -160 ) 
4 588 589 (665 -2085 -160 ) (665 -3072 -160 ) (665 -3072 462.299988 ) (665 -2085 462.299988 ) 
4 589 606 (480 -3072 -160 ) (665 -3072 -160 ) (665 -3072 462.299988 ) (480 -3072 462.299988 ) 
4 589 593 (665 -3072 -160 ) (480 -3072 -160 ) (480 -2048 -160 ) (665 -2048 -160 ) 
4 589 590 (480 -2495.989990 -94 ) (480 -2495.989990 462.299988 ) (480 -2048 462.299988 ) (480 -2048 -94 ) 
4 589 591 (480 -2048 -160 ) (480 -2495.989990 -160 ) (480 -2495.989990 -100 ) (480 -2048 -100 ) 
4 589 592 (480 -2495.989990 -160 ) (480 -3072 -160 ) (480 -3072 462.299988 ) (480 -2495.989990 462.299988 ) 
4 590 727 (0 -2495.989990 462.299988 ) (0 -2048 462.299988 ) (0 -2048 -94 ) (0 -2495.989990 -94 ) 
4 590 592 (480 -2495.989990 -94 ) (480 -2495.989990 462.299988 ) (0 -2495.989990 462.299988 ) (0 -2495.989990 -94 ) 
4 591 728 (0 -2048 -100 ) (0 -2048 -160 ) (0 -2495.989990 -160 ) (0 -2495.989990 -100 ) 
4 591 593 (0 -2495.989990 -160 ) (0 -2048 -160 ) (480 -2048 -160 ) (480 -2495.989990 -160 ) 
4 591 592 (0 -2495.989990 -160 ) (480 -2495.989990 -160 ) (480 -2495.989990 -100 ) (0 -2495.989990 -100 ) 
4 592 729 (0 -3072 -160 ) (0 -3072 462.299988 ) (0 -2495.989990 462.299988 ) (0 -2495.989990 -160 ) 
4 592 606 (0 -3072 462.299988 ) (0 -3072 -160 ) (480 -3072 -160 ) (480 -3072 462.299988 ) 
4 592 593 (480 -3072 -160 ) (0 -3072 -160 ) (0 -2495.989990 -160 ) (480 -2495.989990 -160 ) 
4 593 731 (0 -3072 -278 ) (0 -3072 -160 ) (0 -2048 -160 ) (0 -2048 -278 ) 
4 593 607 (0 -3072 -160 ) (0 -3072 -278 ) (1024 -3072 -278 ) (1024 -3072 -160 ) 
4 594 732 (0 -3072 -352 ) (0 -3072 -324 ) (0 -2048 -324 ) (0 -2048 -352 ) 
4 594 608 (0 -3072 -324 ) (0 -3072 -352 ) (1024 -3072 -352 ) (1024 -3072 -324 ) 
4 594 595 (0 -3072 -352 ) (0 -2048 -352 ) (1024 -2048 -352 ) (1024 -3072 -352 ) 
4 595 733 (0 -3072 -446.299988 ) (0 -3072 -352 ) (0 -2048 -352 ) (0 -2048 -446.299988 ) 
4 595 609 (0 -3072 -352 ) (0 -3072 -446.299988 ) (1024 -3072 -446.299988 ) (1024 -3072 -352 ) 
4 596 601 (2048 -3072 462.299988 ) (2048 -3072 -160 ) (2048 -3584.250000 -160 ) (2048 -3584.250000 462.299988 ) 
4 596 600 (2048 -3584.250000 -160 ) (2048 -3584 -160 ) (3072 -3584 -160 ) (3072 -3584.250000 -160 ) 
4 596 597 (2048 -3584 -160 ) (2048 -3072 -160 ) (3072 -3072 -160 ) (3072 -3584 -160 ) 
4 597 602 (2048 -3072 -160 ) (2048 -3072 -278 ) (2048 -3584 -278 ) (2048 -3584 -160 ) 
4 597 600 (3072 -3584 -278 ) (3072 -3584 -160 ) (2048 -3584 -160 ) (2048 -3584 -278 ) 
4 598 603 (2048 -3072 -324 ) (2048 -3072 -352 ) (2048 -3584 -352 ) (2048 -3584 -324 ) 
4 598 600 (3072 -3584 -352 ) (3072 -3584 -324 ) (2048 -3584 -324 ) (2048 -3584 -352 ) 
4 598 599 (3072 -3584 -352 ) (2048 -3584 -352 ) (2048 -3072 -352 ) (3072 -3072 -352 ) 
4 599 604 (2048 -3072 -352 ) (2048 -3072 -446.299988 ) (2048 -3584 -446.299988 ) (2048 -3584 -352 ) 
4 599 600 (2048 -3584 -446.299988 ) (3072 -3584 -446.299988 ) (3072 -3584 -352 ) (2048 -3584 -352 ) 
4 600 605 (2048 -3584 -446.299988 ) (2048 -3584.250000 -446.299988 ) (2048 -3584.250000 -160 ) (2048 -3584 -160 ) 
4 601 606 (1024 -3072 462.299988 ) (1024 -3072 -160 ) (1024 -3584.250000 -160 ) (1024 -3584.250000 462.299988 ) 
4 601 605 (1024 -3584.250000 -160 ) (1024 -3584 -160 ) (2048 -3584 -160 ) (2048 -3584.250000 -160 ) 
4 601 602 (1024 -3584 -160 ) (1024 -3072 -160 ) (2048 -3072 -160 ) (2048 -3584 -160 ) 
4 602 607 (1024 -3072 -160 ) (1024 -3072 -278 ) (1024 -3584 -278 ) (1024 -3584 -160 ) 
4 602 605 (2048 -3584 -278 ) (2048 -3584 -160 ) (1024 -3584 -160 ) (1024 -3584 -278 ) 
4 603 608 (1024 -3072 -324 ) (1024 -3072 -352 ) (1024 -3584 -352 ) (1024 -3584 -324 ) 
4 603 605 (2048 -3584 -352 ) (2048 -3584 -324 ) (1024 -3584 -324 ) (1024 -3584 -352 ) 
4 603 604 (2048 -3584 -352 ) (1024 -3584 -352 ) (1024 -3072 -352 ) (2048 -3072 -352 ) 
4 604 609 (1024 -3072 -352 ) (1024 -3072 -446.299988 ) (1024 -3584 -446.299988 ) (1024 -3584 -352 ) 
4 604 605 (1024 -3584 -446.299988 ) (2048 -3584 -446.299988 ) (2048 -3584 -352 ) (1024 -3584 -352 ) 
4 605 610 (1024 -3584 -446.299988 ) (1024 -3584.250000 -446.299988 ) (1024 -3584.250000 -160 ) (1024 -3584 -160 ) 
4 606 742 (0 -3584.250000 462.299988 ) (0 -3072 462.299988 ) (0 -3072 -160 ) (0 -3584.250000 -160 ) 
4 606 610 (0 -3584.250000 -160 ) (0 -3584 -160 ) (1024 -3584 -160 ) (1024 -3584.250000 -160 ) 
4 606 607 (0 -3584 -160 ) (0 -3072 -160 ) (1024 -3072 -160 ) (1024 -3584 -160 ) 
4 607 743 (0 -3584 -160 ) (0 -3072 -160 ) (0 -3072 -278 ) (0 -3584 -278 ) 
4 607 610 (1024 -3584 -278 ) (1024 -3584 -160 ) (0 -3584 -160 ) (0 -3584 -278 ) 
4 608 744 (0 -3072 -324 ) (0 -3072 -352 ) (0 -3584 -352 ) (0 -3584 -324 ) 
4 608 610 (1024 -3584 -352 ) (1024 -3584 -324 ) (0 -3584 -324 ) (0 -3584 -352 ) 
4 608 609 (1024 -3584 -352 ) (0 -3584 -352 ) (0 -3072 -352 ) (1024 -3072 -352 ) 
4 609 745 (0 -3072 -352 ) (0 -3072 -446.299988 ) (0 -3584 -446.299988 ) (0 -3584 -352 ) 
4 609 610 (0 -3584 -446.299988 ) (1024 -3584 -446.299988 ) (1024 -3584 -352 ) (0 -3584 -352 ) 
4 610 746 (0 -3584.250000 -160 ) (0 -3584 -160 ) (0 -3584 -446.299988 ) (0 -3584.250000 -446.299988 ) 
4 611 626 (0 3072 -160 ) (0 3072 462.299988 ) (-1024 3072 462.299988 ) (-1024 3072 -160 ) 
4 611 616 (-1024 3072 -160 ) (-1024 3072 462.299988 ) (-1024 3584.250000 462.299988 ) (-1024 3584.250000 -160 ) 
4 611 613 (0 3072 -160 ) (-1024 3072 -160 ) (-1024 3584 -160 ) (0 3584 -160 ) 
4 611 612 (-1024 3584 -160 ) (-1024 3584.250000 -160 ) (0 3584.250000 -160 ) (0 3584 -160 ) 
4 612 617 (-1024 3584 -160 ) (-1024 3584.250000 -160 ) (-1024 3584.250000 -446.299988 ) (-1024 3584 -446.299988 ) 
4 612 615 (-1024 3584 -446.299988 ) (0 3584 -446.299988 ) (0 3584 -352 ) (-1024 3584 -352 ) 
4 612 614 (0 3584 -352 ) (0 3584 -324 ) (-1024 3584 -324 ) (-1024 3584 -352 ) 
4 612 613 (0 3584 -278 ) (0 3584 -160 ) (-1024 3584 -160 ) (-1024 3584 -278 ) 
4 613 627 (0 3072 -278 ) (0 3072 -160 ) (-1024 3072 -160 ) (-1024 3072 -278 ) 
4 613 618 (-1024 3072 -278 ) (-1024 3072 -160 ) (-1024 3584 -160 ) (-1024 3584 -278 ) 
4 614 628 (0 3072 -352 ) (0 3072 -324 ) (-1024 3072 -324 ) (-1024 3072 -352 ) 
4 614 619 (-1024 3072 -352 ) (-1024 3072 -324 ) (-1024 3584 -324 ) (-1024 3584 -352 ) 
4 614 615 (0 3072 -352 ) (-1024 3072 -352 ) (-1024 3584 -352 ) (0 3584 -352 ) 
4 615 629 (0 3072 -446.299988 ) (0 3072 -352 ) (-1024 3072 -352 ) (-1024 3072 -446.299988 ) 
4 615 620 (-1024 3072 -446.299988 ) (-1024 3072 -352 ) (-1024 3584 -352 ) (-1024 3584 -446.299988 ) 
4 616 630 (-1024 3072 -160 ) (-1024 3072 462.299988 ) (-2048 3072 462.299988 ) (-2048 3072 -160 ) 
4 616 621 (-2048 3072 -160 ) (-2048 3072 462.299988 ) (-2048 3584.250000 462.299988 ) (-2048 3584.250000 -160 ) 
4 616 618 (-1024 3072 -160 ) (-2048 3072 -160 ) (-2048 3584 -160 ) (-1024 3584 -160 ) 
4 616 617 (-2048 3584 -160 ) (-2048 3584.250000 -160 ) (-1024 3584.250000 -160 ) (-1024 3584 -160 ) 
4 617 622 (-2048 3584 -160 ) (-2048 3584.250000 -160 ) (-2048 3584.250000 -446.299988 ) (-2048 3584 -446.299988 ) 
4 617 620 (-2048 3584 -446.299988 ) (-1024 3584 -446.299988 ) (-1024 3584 -352 ) (-2048 3584 -352 ) 
4 617 619 (-1024 3584 -352 ) (-1024 3584 -324 ) (-2048 3584 -324 ) (-2048 3584 -352 ) 
4 617 618 (-1024 3584 -278 ) (-1024 3584 -160 ) (-2048 3584 -160 ) (-2048 3584 -278 ) 
4 618 631 (-1024 3072 -278 ) (-1024 3072 -160 ) (-2048 3072 -160 ) (-2048 3072 -278 ) 
4 618 623 (-2048 3072 -278 ) (-2048 3072 -160 ) (-2048 3584 -160 ) (-2048 3584 -278 ) 
4 619 632 (-1024 3072 -352 ) (-1024 3072 -324 ) (-2048 3072 -324 ) (-2048 3072 -352 ) 
4 619 624 (-2048 3072 -352 ) (-2048 3072 -324 ) (-2048 3584 -324 ) (-2048 3584 -352 ) 
4 619 620 (-1024 3072 -352 ) (-2048 3072 -352 ) (-2048 3584 -352 ) (-1024 3584 -352 ) 
4 620 633 (-1024 3072 -446.299988 ) (-1024 3072 -352 ) (-2048 3072 -352 ) (-2048 3072 -446.299988 ) 
4 620 625 (-2048 3072 -446.299988 ) (-2048 3072 -352 ) (-2048 3584 -352 ) (-2048 3584 -446.299988 ) 
4 621 662 (-3072 3072 -160 ) (-3072 3072 462.299988 ) (-3072 3584.250000 462.299988 ) (-3072 3584.250000 -160 ) 
4 621 634 (-2048 3072 -160 ) (-2048 3072 462.299988 ) (-3072 3072 462.299988 ) (-3072 3072 -160 ) 
4 621 623 (-2048 3072 -160 ) (-3072 3072 -160 ) (-3072 3584 -160 ) (-2048 3584 -160 ) 
4 621 622 (-3072 3584 -160 ) (-3072 3584.250000 -160 ) (-2048 3584.250000 -160 ) (-2048 3584 -160 ) 
4 622 663 (-3072 3584 -160 ) (-3072 3584.250000 -160 ) (-3072 3584.250000 -446.299988 ) (-3072 3584 -446.299988 ) 
4 622 625 (-3072 3584 -446.299988 ) (-2048 3584 -446.299988 ) (-2048 3584 -352 ) (-3072 3584 -352 ) 
4 622 624 (-2048 3584 -352 ) (-2048 3584 -324 ) (-3072 3584 -324 ) (-3072 3584 -352 ) 
4 622 623 (-2048 3584 -278 ) (-2048 3584 -160 ) (-3072 3584 -160 ) (-3072 3584 -278 ) 
4 623 664 (-3072 3072 -278 ) (-3072 3072 -160 ) (-3072 3584 -160 ) (-3072 3584 -278 ) 
4 623 635 (-2048 3072 -278 ) (-2048 3072 -160 ) (-3072 3072 -160 ) (-3072 3072 -278 ) 
4 624 665 (-3072 3072 -352 ) (-3072 3072 -324 ) (-3072 3584 -324 ) (-3072 3584 -352 ) 
4 624 636 (-2048 3072 -352 ) (-2048 3072 -324 ) (-3072 3072 -324 ) (-3072 3072 -352 ) 
4 624 625 (-2048 3072 -352 ) (-3072 3072 -352 ) (-3072 3584 -352 ) (-2048 3584 -352 ) 
4 625 666 (-3072 3072 -446.299988 ) (-3072 3072 -352 ) (-3072 3584 -352 ) (-3072 3584 -446.299988 ) 
4 625 637 (-2048 3072 -446.299988 ) (-2048 3072 -352 ) (-3072 3072 -352 ) (-3072 3072 -446.299988 ) 
4 626 638 (0 2048 -160 ) (0 2048 462.299988 ) (-1024 2048 462.299988 ) (-1024 2048 -160 ) 
4 626 630 (-1024 2048 -160 ) (-1024 2048 462.299988 ) (-1024 3072 462.299988 ) (-1024 3072 -160 ) 
4 626 627 (-1024 2048 -160 ) (-1024 3072 -160 ) (0 3072 -160 ) (0 2048 -160 ) 
4 627 639 (0 2048 -278 ) (0 2048 -160 ) (-1024 2048 -160 ) (-1024 2048 -278 ) 
4 627 631 (-1024 2048 -278 ) (-1024 2048 -160 ) (-1024 3072 -160 ) (-1024 3072 -278 ) 
4 628 640 (0 2048 -352 ) (0 2048 -324 ) (-1024 2048 -324 ) (-1024 2048 -352 ) 
4 628 632 (-1024 2048 -352 ) (-1024 2048 -324 ) (-1024 3072 -324 ) (-1024 3072 -352 ) 
4 628 629 (0 2048 -352 ) (-1024 2048 -352 ) (-1024 3072 -352 ) (0 3072 -352 ) 
4 629 641 (0 2048 -446.299988 ) (0 2048 -352 ) (-1024 2048 -352 ) (-1024 2048 -446.299988 ) 
4 629 633 (-1024 2048 -446.299988 ) (-1024 2048 -352 ) (-1024 3072 -352 ) (-1024 3072 -446.299988 ) 
4 630 646 (-1024 2048 -160 ) (-1024 2048 462.299988 ) (-2048 2048 462.299988 ) (-2048 2048 -160 ) 
4 630 634 (-2048 3072 462.299988 ) (-2048 3072 -160 ) (-2048 2048 -160 ) (-2048 2048 462.299988 ) 
4 630 631 (-2048 2048 -160 ) (-2048 3072 -160 ) (-1024 3072 -160 ) (-1024 2048 -160 ) 
4 631 647 (-1024 2048 -278 ) (-1024 2048 -160 ) (-2048 2048 -160 ) (-2048 2048 -278 ) 
4 631 635 (-2048 3072 -160 ) (-2048 3072 -278 ) (-2048 2048 -278 ) (-2048 2048 -160 ) 
4 632 648 (-1024 2048 -352 ) (-1024 2048 -324 ) (-2048 2048 -324 ) (-2048 2048 -352 ) 
4 632 636 (-2048 3072 -324 ) (-2048 3072 -352 ) (-2048 2048 -352 ) (-2048 2048 -324 ) 
4 632 633 (-1024 2048 -352 ) (-2048 2048 -352 ) (-2048 3072 -352 ) (-1024 3072 -352 ) 
4 633 649 (-1024 2048 -446.299988 ) (-1024 2048 -352 ) (-2048 2048 -352 ) (-2048 2048 -446.299988 ) 
4 633 637 (-2048 3072 -352 ) (-2048 3072 -446.299988 ) (-2048 2048 -446.299988 ) (-2048 2048 -352 ) 
4 634 673 (-3072 2048 -160 ) (-3072 2048 462.299988 ) (-3072 3072 462.299988 ) (-3072 3072 -160 ) 
4 634 650 (-3072 2048 462.299988 ) (-3072 2048 -160 ) (-2048 2048 -160 ) (-2048 2048 462.299988 ) 
4 634 635 (-2048 2048 -160 ) (-3072 2048 -160 ) (-3072 3072 -160 ) (-2048 3072 -160 ) 
4 635 674 (-3072 2048 -278 ) (-3072 2048 -160 ) (-3072 3072 -160 ) (-3072 3072 -278 ) 
4 635 651 (-3072 2048 -160 ) (-3072 2048 -278 ) (-2048 2048 -278 ) (-2048 2048 -160 ) 
4 636 675 (-3072 2048 -352 ) (-3072 2048 -324 ) (-3072 3072 -324 ) (-3072 3072 -352 ) 
4 636 652 (-3072 2048 -324 ) (-3072 2048 -352 ) (-2048 2048 -352 ) (-2048 2048 -324 ) 
4 636 637 (-3072 2048 -352 ) (-3072 3072 -352 ) (-2048 3072 -352 ) (-2048 2048 -352 ) 
4 637 676 (-3072 2048 -446.299988 ) (-3072 2048 -352 ) (-3072 3072 -352 ) (-3072 3072 -446.299988 ) 
4 637 653 (-3072 2048 -352 ) (-3072 2048 -446.299988 ) (-2048 2048 -446.299988 ) (-2048 2048 -352 ) 
4 638 646 (-1024 2048 462.299988 ) (-1024 2048 -160 ) (-1024 1024 -160 ) (-1024 1024 462.299988 ) 
4 638 642 (0 1024 -160 ) (0 1024 462.299988 ) (-1024 1024 462.299988 ) (-1024 1024 -160 ) 
4 638 639 (0 1024 -160 ) (-1024 1024 -160 ) (-1024 2048 -160 ) (0 2048 -160 ) 
4 639 647 (-1024 2048 -160 ) (-1024 2048 -278 ) (-1024 1024 -278 ) (-1024 1024 -160 ) 
4 639 643 (0 1024 -278 ) (0 1024 -160 ) (-1024 1024 -160 ) (-1024 1024 -278 ) 
4 640 648 (-1024 2048 -324 ) (-1024 2048 -352 ) (-1024 1024 -352 ) (-1024 1024 -324 ) 
4 640 644 (0 1024 -352 ) (0 1024 -324 ) (-1024 1024 -324 ) (-1024 1024 -352 ) 
4 640 641 (-1024 1024 -352 ) (-1024 2048 -352 ) (0 2048 -352 ) (0 1024 -352 ) 
4 641 649 (-1024 2048 -352 ) (-1024 2048 -446.299988 ) (-1024 1024 -446.299988 ) (-1024 1024 -352 ) 
4 641 645 (0 1024 -446.299988 ) (0 1024 -352 ) (-1024 1024 -352 ) (-1024 1024 -446.299988 ) 
4 642 700 (0 0 -160 ) (0 0 462.299988 ) (-1024 0 462.299988 ) (-1024 0 -160 ) 
4 642 654 (-1024 0 -160 ) (-1024 0 462.299988 ) (-1024 1024 462.299988 ) (-1024 1024 -160 ) 
4 642 643 (0 1024 -160 ) (0 0 -160 ) (-1024 0 -160 ) (-1024 1024 -160 ) 
4 643 701 (0 0 -278 ) (0 0 -160 ) (-1024 0 -160 ) (-1024 0 -278 ) 
4 643 655 (-1024 0 -278 ) (-1024 0 -160 ) (-1024 1024 -160 ) (-1024 1024 -278 ) 
4 644 702 (0 0 -352 ) (0 0 -324 ) (-1024 0 -324 ) (-1024 0 -352 ) 
4 644 656 (-1024 0 -352 ) (-1024 0 -324 ) (-1024 1024 -324 ) (-1024 1024 -352 ) 
4 644 645 (0 0 -352 ) (-1024 0 -352 ) (-1024 1024 -352 ) (0 1024 -352 ) 
4 645 703 (0 0 -446.299988 ) (0 0 -352 ) (-1024 0 -352 ) (-1024 0 -446.299988 ) 
4 645 657 (-1024 0 -446.299988 ) (-1024 0 -352 ) (-1024 1024 -352 ) (-1024 1024 -446.299988 ) 
4 646 654 (-1024 1024 -160 ) (-1024 1024 462.299988 ) (-2048 1024 462.299988 ) (-2048 1024 -160 ) 
4 646 650 (-2048 2048 462.299988 ) (-2048 2048 -160 ) (-2048 1024 -160 ) (-2048 1024 462.299988 ) 
4 646 647 (-2048 1024 -160 ) (-2048 2048 -160 ) (-1024 2048 -160 ) (-1024 1024 -160 ) 
4 647 655 (-1024 1024 -278 ) (-1024 1024 -160 ) (-2048 1024 -160 ) (-2048 1024 -278 ) 
4 647 651 (-2048 2048 -160 ) (-2048 2048 -278 ) (-2048 1024 -278 ) (-2048 1024 -160 ) 
4 648 656 (-1024 1024 -352 ) (-1024 1024 -324 ) (-2048 1024 -324 ) (-2048 1024 -352 ) 
4 648 652 (-2048 2048 -324 ) (-2048 2048 -352 ) (-2048 1024 -352 ) (-2048 1024 -324 ) 
4 648 649 (-1024 1024 -352 ) (-2048 1024 -352 ) (-2048 2048 -352 ) (-1024 2048 -352 ) 
4 649 657 (-1024 1024 -446.299988 ) (-1024 1024 -352 ) (-2048 1024 -352 ) (-2048 1024 -446.299988 ) 
4 649 653 (-2048 2048 -352 ) (-2048 2048 -446.299988 ) (-2048 1024 -446.299988 ) (-2048 1024 -352 ) 
4 650 682 (-3072 1024 -160 ) (-3072 1024 462.299988 ) (-3072 2048 462.299988 ) (-3072 2048 -160 ) 
4 650 658 (-3072 1024 462.299988 ) (-3072 1024 -160 ) (-2048 1024 -160 ) (-2048 1024 462.299988 ) 
4 650 651 (-2048 1024 -160 ) (-3072 1024 -160 ) (-3072 2048 -160 ) (-2048 2048 -160 ) 
4 651 683 (-3072 1024 -278 ) (-3072 1024 -160 ) (-3072 2048 -160 ) (-3072 2048 -278 ) 
4 651 659 (-3072 1024 -160 ) (-3072 1024 -278 ) (-2048 1024 -278 ) (-2048 1024 -160 ) 
4 652 684 (-3072 1024 -352 ) (-3072 1024 -324 ) (-3072 2048 -324 ) (-3072 2048 -352 ) 
4 652 660 (-3072 1024 -324 ) (-3072 1024 -352 ) (-2048 1024 -352 ) (-2048 1024 -324 ) 
4 652 653 (-2048 2048 -352 ) (-2048 1024 -352 ) (-3072 1024 -352 ) (-3072 2048 -352 ) 
4 653 685 (-3072 1024 -446.299988 ) (-3072 1024 -352 ) (-3072 2048 -352 ) (-3072 2048 -446.299988 ) 
4 653 661 (-3072 1024 -352 ) (-3072 1024 -446.299988 ) (-2048 1024 -446.299988 ) (-2048 1024 -352 ) 
4 654 711 (-1024 0 -160 ) (-1024 0 462.299988 ) (-2048 0 462.299988 ) (-2048 0 -160 ) 
4 654 658 (-2048 1024 462.299988 ) (-2048 1024 -160 ) (-2048 0 -160 ) (-2048 0 462.299988 ) 
4 654 655 (-1024 0 -160 ) (-2048 0 -160 ) (-2048 1024 -160 ) (-1024 1024 -160 ) 
4 655 712 (-1024 0 -278 ) (-1024 0 -160 ) (-2048 0 -160 ) (-2048 0 -278 ) 
4 655 659 (-2048 1024 -160 ) (-2048 1024 -278 ) (-2048 0 -278 ) (-2048 0 -160 ) 
4 656 713 (-1024 0 -352 ) (-1024 0 -324 ) (-2048 0 -324 ) (-2048 0 -352 ) 
4 656 660 (-2048 1024 -324 ) (-2048 1024 -352 ) (-2048 0 -352 ) (-2048 0 -324 ) 
4 656 657 (-2048 1024 -352 ) (-1024 1024 -352 ) (-1024 0 -352 ) (-2048 0 -352 ) 
4 657 714 (-1024 0 -446.299988 ) (-1024 0 -352 ) (-2048 0 -352 ) (-2048 0 -446.299988 ) 
4 657 661 (-2048 1024 -352 ) (-2048 1024 -446.299988 ) (-2048 0 -446.299988 ) (-2048 0 -352 ) 
4 658 715 (-2048 0 -160 ) (-2048 0 462.299988 ) (-3072 0 462.299988 ) (-3072 0 -160 ) 
4 658 686 (-3072 0 -160 ) (-3072 0 462.299988 ) (-3072 1024 462.299988 ) (-3072 1024 -160 ) 
4 658 659 (-2048 0 -160 ) (-3072 0 -160 ) (-3072 1024 -160 ) (-2048 1024 -160 ) 
4 659 716 (-2048 0 -278 ) (-2048 0 -160 ) (-3072 0 -160 ) (-3072 0 -278 ) 
4 659 687 (-3072 0 -278 ) (-3072 0 -160 ) (-3072 1024 -160 ) (-3072 1024 -278 ) 
4 660 717 (-2048 0 -352 ) (-2048 0 -324 ) (-3072 0 -324 ) (-3072 0 -352 ) 
4 660 688 (-3072 0 -352 ) (-3072 0 -324 ) (-3072 1024 -324 ) (-3072 1024 -352 ) 
4 660 661 (-3072 0 -352 ) (-3072 1024 -352 ) (-2048 1024 -352 ) (-2048 0 -352 ) 
4 661 718 (-2048 0 -446.299988 ) (-2048 0 -352 ) (-3072 0 -352 ) (-3072 0 -446.299988 ) 
4 661 689 (-3072 0 -446.299988 ) (-3072 0 -352 ) (-3072 1024 -352 ) (-3072 1024 -446.299988 ) 
4 662 673 (-3072 3072 -160 ) (-3072 3072 462.299988 ) (-4096 3072 462.299988 ) (-4096 3072 -160 ) 
4 662 667 (-4096 3072 -160 ) (-4096 3072 462.299988 ) (-4096 3584.250000 462.299988 ) (-4096 3584.250000 -160 ) 
4 662 664 (-3072 3072 -160 ) (-4096 3072 -160 ) (-4096 3584 -160 ) (-3072 3584 -160 ) 
4 662 663 (-4096 3584 -160 ) (-4096 3584.250000 -160 ) (-3072 3584.250000 -160 ) (-3072 3584 -160 ) 
4 663 668 (-4096 3584 -160 ) (-4096 3584.250000 -160 ) (-4096 3584.250000 -446.299988 ) (-4096 3584 -446.299988 ) 
4 663 666 (-4096 3584 -446.299988 ) (-3072 3584 -446.299988 ) (-3072 3584 -352 ) (-4096 3584 -352 ) 
4 663 665 (-3072 3584 -352 ) (-3072 3584 -324 ) (-4096 3584 -324 ) (-4096 3584 -352 ) 
4 663 664 (-3072 3584 -278 ) (-3072 3584 -160 ) (-4096 3584 -160 ) (-4096 3584 -278 ) 
4 664 674 (-3072 3072 -278 ) (-3072 3072 -160 ) (-4096 3072 -160 ) (-4096 3072 -278 ) 
4 664 669 (-4096 3072 -278 ) (-4096 3072 -160 ) (-4096 3584 -160 ) (-4096 3584 -278 ) 
4 665 675 (-3072 3072 -352 ) (-3072 3072 -324 ) (-4096 3072 -324 ) (-4096 3072 -352 ) 
4 665 670 (-4096 3072 -352 ) (-4096 3072 -324 ) (-4096 3584 -324 ) (-4096 3584 -352 ) 
4 665 666 (-3072 3072 -352 ) (-4096 3072 -352 ) (-4096 3584 -352 ) (-3072 3584 -352 ) 
4 666 676 (-3072 3072 -446.299988 ) (-3072 3072 -352 ) (-4096 3072 -352 ) (-4096 3072 -446.299988 ) 
4 666 671 (-4096 3072 -446.299988 ) (-4096 3072 -352 ) (-4096 3584 -352 ) (-4096 3584 -446.299988 ) 
4 667 677 (-4096 3072 -160 ) (-4096 3072 462.299988 ) (-4224.220215 3072 462.299988 ) (-4224.220215 3072 -160 ) 
4 667 669 (-4096 3072 -160 ) (-4224 3072 -160 ) (-4224 3584 -160 ) (-4096 3584 -160 ) 
4 667 672 (-4224 3072 -160 ) (-4224.220215 3072 -160 ) (-4224.220215 3584 -160 ) (-4224 3584 -160 ) 
4 667 668 (-4224.220215 3584 -160 ) (-4224.220215 3584.250000 -160 ) (-4096 3584.250000 -160 ) (-4096 3584 -160 ) 
4 668 671 (-4224 3584 -446.299988 ) (-4096 3584 -446.299988 ) (-4096 3584 -352 ) (-4224 3584 -352 ) 
4 668 670 (-4096 3584 -352 ) (-4096 3584 -324 ) (-4224 3584 -324 ) (-4224 3584 -352 ) 
4 668 669 (-4096 3584 -278 ) (-4096 3584 -160 ) (-4224 3584 -160 ) (-4224 3584 -278 ) 
4 668 672 (-4224.220215 3584 -160 ) (-4224.220215 3584 -446.299988 ) (-4224 3584 -446.299988 ) (-4224 3584 -160 ) 
4 669 678 (-4096 3072 -278 ) (-4096 3072 -160 ) (-4224 3072 -160 ) (-4224 3072 -278 ) 
4 669 672 (-4224 3584 -160 ) (-4224 3584 -278 ) (-4224 3072 -278 ) (-4224 3072 -160 ) 
4 670 679 (-4096 3072 -352 ) (-4096 3072 -324 ) (-4224 3072 -324 ) (-4224 3072 -352 ) 
4 670 672 (-4224 3584 -324 ) (-4224 3584 -352 ) (-4224 3072 -352 ) (-4224 3072 -324 ) 
4 670 671 (-4096 3072 -352 ) (-4224 3072 -352 ) (-4224 3584 -352 ) (-4096 3584 -352 ) 
4 671 680 (-4096 3072 -446.299988 ) (-4096 3072 -352 ) (-4224 3072 -352 ) (-4224 3072 -446.299988 ) 
4 671 672 (-4224 3584 -352 ) (-4224 3584 -446.299988 ) (-4224 3072 -446.299988 ) (-4224 3072 -352 ) 
4 672 681 (-4224 3072 -160 ) (-4224.220215 3072 -160 ) (-4224.220215 3072 -446.299988 ) (-4224 3072 -446.299988 ) 
4 673 682 (-3072 2048 -160 ) (-3072 2048 462.299988 ) (-4096 2048 462.299988 ) (-4096 2048 -160 ) 
4 673 677 (-4096 2048 -160 ) (-4096 2048 462.299988 ) (-4096 3072 462.299988 ) (-4096 3072 -160 ) 
4 673 674 (-4096 2048 -160 ) (-4096 3072 -160 ) (-3072 3072 -160 ) (-3072 2048 -160 ) 
4 674 683 (-3072 2048 -278 ) (-3072 2048 -160 ) (-4096 2048 -160 ) (-4096 2048 -278 ) 
4 674 678 (-4096 2048 -278 ) (-4096 2048 -160 ) (-4096 3072 -160 ) (-4096 3072 -278 ) 
4 675 684 (-3072 2048 -352 ) (-3072 2048 -324 ) (-4096 2048 -324 ) (-4096 2048 -352 ) 
4 675 679 (-4096 2048 -352 ) (-4096 2048 -324 ) (-4096 3072 -324 ) (-4096 3072 -352 ) 
4 675 676 (-3072 2048 -352 ) (-4096 2048 -352 ) (-4096 3072 -352 ) (-3072 3072 -352 ) 
4 676 685 (-3072 2048 -446.299988 ) (-3072 2048 -352 ) (-4096 2048 -352 ) (-4096 2048 -446.299988 ) 
4 676 680 (-4096 2048 -446.299988 ) (-4096 2048 -352 ) (-4096 3072 -352 ) (-4096 3072 -446.299988 ) 
4 677 690 (-4096 2048 -160 ) (-4096 2048 462.299988 ) (-4224.220215 2048 462.299988 ) (-4224.220215 2048 -160 ) 
4 677 681 (-4224.220215 3072 -160 ) (-4224 3072 -160 ) (-4224 2048 -160 ) (-4224.220215 2048 -160 ) 
4 677 678 (-4224 3072 -160 ) (-4096 3072 -160 ) (-4096 2048 -160 ) (-4224 2048 -160 ) 
4 678 691 (-4096 2048 -278 ) (-4096 2048 -160 ) (-4224 2048 -160 ) (-4224 2048 -278 ) 
4 678 681 (-4224 2048 -278 ) (-4224 2048 -160 ) (-4224 3072 -160 ) (-4224 3072 -278 ) 
4 679 692 (-4096 2048 -352 ) (-4096 2048 -324 ) (-4224 2048 -324 ) (-4224 2048 -352 ) 
4 679 681 (-4224 2048 -352 ) (-4224 2048 -324 ) (-4224 3072 -324 ) (-4224 3072 -352 ) 
4 679 680 (-4224 2048 -352 ) (-4224 3072 -352 ) (-4096 3072 -352 ) (-4096 2048 -352 ) 
4 680 693 (-4096 2048 -446.299988 ) (-4096 2048 -352 ) (-4224 2048 -352 ) (-4224 2048 -446.299988 ) 
4 680 681 (-4224 3072 -446.299988 ) (-4224 2048 -446.299988 ) (-4224 2048 -352 ) (-4224 3072 -352 ) 
4 681 694 (-4224 2048 -160 ) (-4224.220215 2048 -160 ) (-4224.220215 2048 -446.299988 ) (-4224 2048 -446.299988 ) 
4 682 690 (-4096 2048 462.299988 ) (-4096 2048 -160 ) (-4096 1024 -160 ) (-4096 1024 462.299988 ) 
4 682 686 (-3072 1024 -160 ) (-3072 1024 462.299988 ) (-4096 1024 462.299988 ) (-4096 1024 -160 ) 
4 682 683 (-3072 1024 -160 ) (-4096 1024 -160 ) (-4096 2048 -160 ) (-3072 2048 -160 ) 
4 683 691 (-4096 2048 -160 ) (-4096 2048 -278 ) (-4096 1024 -278 ) (-4096 1024 -160 ) 
4 683 687 (-3072 1024 -278 ) (-3072 1024 -160 ) (-4096 1024 -160 ) (-4096 1024 -278 ) 
4 684 692 (-4096 2048 -324 ) (-4096 2048 -352 ) (-4096 1024 -352 ) (-4096 1024 -324 ) 
4 684 688 (-3072 1024 -352 ) (-3072 1024 -324 ) (-4096 1024 -324 ) (-4096 1024 -352 ) 
4 684 685 (-4096 1024 -352 ) (-4096 2048 -352 ) (-3072 2048 -352 ) (-3072 1024 -352 ) 
4 685 693 (-4096 2048 -352 ) (-4096 2048 -446.299988 ) (-4096 1024 -446.299988 ) (-4096 1024 -352 ) 
4 685 689 (-3072 1024 -446.299988 ) (-3072 1024 -352 ) (-4096 1024 -352 ) (-4096 1024 -446.299988 ) 
4 686 757 (-3072 0 -160 ) (-3072 0 462.299988 ) (-4096 0 462.299988 ) (-4096 0 -160 ) 
4 686 695 (-4096 0 -160 ) (-4096 0 462.299988 ) (-4096 1024 462.299988 ) (-4096 1024 -160 ) 
4 686 687 (-3072 0 -160 ) (-4096 0 -160 ) (-4096 1024 -160 ) (-3072 1024 -160 ) 
4 687 758 (-3072 0 -278 ) (-3072 0 -160 ) (-4096 0 -160 ) (-4096 0 -278 ) 
4 687 696 (-4096 0 -278 ) (-4096 0 -160 ) (-4096 1024 -160 ) (-4096 1024 -278 ) 
4 688 759 (-3072 0 -352 ) (-3072 0 -324 ) (-4096 0 -324 ) (-4096 0 -352 ) 
4 688 697 (-4096 0 -352 ) (-4096 0 -324 ) (-4096 1024 -324 ) (-4096 1024 -352 ) 
4 688 689 (-4096 0 -352 ) (-4096 1024 -352 ) (-3072 1024 -352 ) (-3072 0 -352 ) 
4 689 760 (-3072 0 -446.299988 ) (-3072 0 -352 ) (-4096 0 -352 ) (-4096 0 -446.299988 ) 
4 689 698 (-4096 0 -446.299988 ) (-4096 0 -352 ) (-4096 1024 -352 ) (-4096 1024 -446.299988 ) 
4 690 695 (-4096 1024 -160 ) (-4096 1024 462.299988 ) (-4224.220215 1024 462.299988 ) (-4224.220215 1024 -160 ) 
4 690 694 (-4224.220215 2048 -160 ) (-4224 2048 -160 ) (-4224 1024 -160 ) (-4224.220215 1024 -160 ) 
4 690 691 (-4224 2048 -160 ) (-4096 2048 -160 ) (-4096 1024 -160 ) (-4224 1024 -160 ) 
4 691 696 (-4096 1024 -278 ) (-4096 1024 -160 ) (-4224 1024 -160 ) (-4224 1024 -278 ) 
4 691 694 (-4224 1024 -278 ) (-4224 1024 -160 ) (-4224 2048 -160 ) (-4224 2048 -278 ) 
4 692 697 (-4096 1024 -352 ) (-4096 1024 -324 ) (-4224 1024 -324 ) (-4224 1024 -352 ) 
4 692 694 (-4224 1024 -352 ) (-4224 1024 -324 ) (-4224 2048 -324 ) (-4224 2048 -352 ) 
4 692 693 (-4224 1024 -352 ) (-4224 2048 -352 ) (-4096 2048 -352 ) (-4096 1024 -352 ) 
4 693 698 (-4096 1024 -446.299988 ) (-4096 1024 -352 ) (-4224 1024 -352 ) (-4224 1024 -446.299988 ) 
4 693 694 (-4224 2048 -446.299988 ) (-4224 1024 -446.299988 ) (-4224 1024 -352 ) (-4224 2048 -352 ) 
4 694 699 (-4224 1024 -160 ) (-4224.220215 1024 -160 ) (-4224.220215 1024 -446.299988 ) (-4224 1024 -446.299988 ) 
4 695 765 (-4096 0 -160 ) (-4096 0 462.299988 ) (-4224.220215 0 462.299988 ) (-4224.220215 0 -160 ) 
4 695 699 (-4224 0 -160 ) (-4224.220215 0 -160 ) (-4224.220215 1024 -160 ) (-4224 1024 -160 ) 
4 695 696 (-4096 0 -160 ) (-4224 0 -160 ) (-4224 1024 -160 ) (-4096 1024 -160 ) 
4 696 766 (-4096 0 -278 ) (-4096 0 -160 ) (-4224 0 -160 ) (-4224 0 -278 ) 
4 696 699 (-4224 0 -278 ) (-4224 0 -160 ) (-4224 1024 -160 ) (-4224 1024 -278 ) 
4 697 767 (-4096 0 -352 ) (-4096 0 -324 ) (-4224 0 -324 ) (-4224 0 -352 ) 
4 697 699 (-4224 0 -352 ) (-4224 0 -324 ) (-4224 1024 -324 ) (-4224 1024 -352 ) 
4 697 698 (-4096 0 -352 ) (-4224 0 -352 ) (-4224 1024 -352 ) (-4096 1024 -352 ) 
4 698 768 (-4096 0 -446.299988 ) (-4096 0 -352 ) (-4224 0 -352 ) (-4224 0 -446.299988 ) 
4 698 699 (-4224 1024 -446.299988 ) (-4224 0 -446.299988 ) (-4224 0 -352 ) (-4224 1024 -352 ) 
4 699 769 (-4224 0 -160 ) (-4224.220215 0 -160 ) (-4224.220215 0 -446.299988 ) (-4224 0 -446.299988 ) 
4 700 711 (-1024 0 462.299988 ) (-1024 0 -160 ) (-1024 -1024 -160 ) (-1024 -1024 462.299988 ) 
4 700 704 (0 -1024 -160 ) (0 -1024 462.299988 ) (-320 -1024 462.299988 ) (-320 -1024 -160 ) 
4 700 707 (-320 -1024 462.299988 ) (-1024 -1024 462.299988 ) (-1024 -1024 -160 ) (-320 -1024 -160 ) 
4 700 701 (0 -1024 -160 ) (-1024 -1024 -160 ) (-1024 0 -160 ) (0 0 -160 ) 
4 701 712 (-1024 0 -160 ) (-1024 0 -278 ) (-1024 -1024 -278 ) (-1024 -1024 -160 ) 
4 701 708 (0 -1024 -278 ) (0 -1024 -160 ) (-1024 -1024 -160 ) (-1024 -1024 -278 ) 
4 702 713 (-1024 0 -324 ) (-1024 0 -352 ) (-1024 -1024 -352 ) (-1024 -1024 -324 ) 
4 702 709 (0 -1024 -352 ) (0 -1024 -324 ) (-1024 -1024 -324 ) (-1024 -1024 -352 ) 
4 702 703 (-1024 -1024 -352 ) (-1024 0 -352 ) (0 0 -352 ) (0 -1024 -352 ) 
4 703 714 (-1024 0 -352 ) (-1024 0 -446.299988 ) (-1024 -1024 -446.299988 ) (-1024 -1024 -352 ) 
4 703 710 (0 -1024 -446.299988 ) (0 -1024 -352 ) (-1024 -1024 -352 ) (-1024 -1024 -446.299988 ) 
4 704 708 (-320 -1887.989990 -160 ) (-320 -1024 -160 ) (0 -1024 -160 ) (0 -1887.989990 -160 ) 
4 704 705 (-320 -1887.989990 462.299988 ) (-320 -1887.989990 -94 ) (0 -1887.989990 -94 ) (0 -1887.989990 462.299988 ) 
4 704 706 (-320 -1887.989990 -100 ) (-320 -1887.989990 -160 ) (0 -1887.989990 -160 ) (0 -1887.989990 -100 ) 
4 704 707 (-320 -1024 -160 ) (-320 -1887.989990 -160 ) (-320 -1887.989990 462.299988 ) (-320 -1024 462.299988 ) 
4 705 727 (0 -2048 -94 ) (0 -2048 462.299988 ) (-320 -2048 462.299988 ) (-320 -2048 -94 ) 
4 705 707 (-320 -2048 -94 ) (-320 -2048 462.299988 ) (-320 -1887.989990 462.299988 ) (-320 -1887.989990 -94 ) 
4 706 728 (0 -2048 -160 ) (0 -2048 -100 ) (-320 -2048 -100 ) (-320 -2048 -160 ) 
4 706 708 (0 -2048 -160 ) (-320 -2048 -160 ) (-320 -1887.989990 -160 ) (0 -1887.989990 -160 ) 
4 706 707 (-320 -1887.989990 -160 ) (-320 -2048 -160 ) (-320 -2048 -100 ) (-320 -1887.989990 -100 ) 
4 707 730 (-320 -2048 462.299988 ) (-1024 -2048 462.299988 ) (-1024 -2048 -160 ) (-320 -2048 -160 ) 
4 707 719 (-1024 -2048 -160 ) (-1024 -2048 462.299988 ) (-1024 -1024 462.299988 ) (-1024 -1024 -160 ) 
4 707 708 (-320 -2048 -160 ) (-1024 -2048 -160 ) (-1024 -1024 -160 ) (-320 -1024 -160 ) 
4 708 731 (0 -2048 -278 ) (0 -2048 -160 ) (-1024 -2048 -160 ) (-1024 -2048 -278 ) 
4 708 720 (-1024 -2048 -278 ) (-1024 -2048 -160 ) (-1024 -1024 -160 ) (-1024 -1024 -278 ) 
4 709 732 (0 -2048 -352 ) (0 -2048 -324 ) (-1024 -2048 -324 ) (-1024 -2048 -352 ) 
4 709 721 (-1024 -2048 -352 ) (-1024 -2048 -324 ) (-1024 -1024 -324 ) (-1024 -1024 -352 ) 
4 709 710 (-1024 -2048 -352 ) (-1024 -1024 -352 ) (0 -1024 -352 ) (0 -2048 -352 ) 
4 710 733 (0 -2048 -446.299988 ) (0 -2048 -352 ) (-1024 -2048 -352 ) (-1024 -2048 -446.299988 ) 
4 710 722 (-1024 -2048 -446.299988 ) (-1024 -2048 -352 ) (-1024 -1024 -352 ) (-1024 -1024 -446.299988 ) 
4 711 719 (-1024 -1024 -160 ) (-1024 -1024 462.299988 ) (-2048 -1024 462.299988 ) (-2048 -1024 -160 ) 
4 711 715 (-2048 0 462.299988 ) (-2048 0 -160 ) (-2048 -1024 -160 ) (-2048 -1024 462.299988 ) 
4 711 712 (-2048 -1024 -160 ) (-2048 0 -160 ) (-1024 0 -160 ) (-1024 -1024 -160 ) 
4 712 720 (-1024 -1024 -278 ) (-1024 -1024 -160 ) (-2048 -1024 -160 ) (-2048 -1024 -278 ) 
4 712 716 (-2048 0 -160 ) (-2048 0 -278 ) (-2048 -1024 -278 ) (-2048 -1024 -160 ) 
4 713 721 (-1024 -1024 -352 ) (-1024 -1024 -324 ) (-2048 -1024 -324 ) (-2048 -1024 -352 ) 
4 713 717 (-2048 0 -324 ) (-2048 0 -352 ) (-2048 -1024 -352 ) (-2048 -1024 -324 ) 
4 713 714 (-1024 -1024 -352 ) (-2048 -1024 -352 ) (-2048 0 -352 ) (-1024 0 -352 ) 
4 714 722 (-1024 -1024 -446.299988 ) (-1024 -1024 -352 ) (-2048 -1024 -352 ) (-2048 -1024 -446.299988 ) 
4 714 718 (-2048 0 -352 ) (-2048 0 -446.299988 ) (-2048 -1024 -446.299988 ) (-2048 -1024 -352 ) 
4 715 757 (-3072 0 462.299988 ) (-3072 0 -160 ) (-3072 -1024 -160 ) (-3072 -1024 462.299988 ) 
4 715 723 (-2048 -1024 -160 ) (-2048 -1024 462.299988 ) (-3072 -1024 462.299988 ) (-3072 -1024 -160 ) 
4 715 716 (-2048 -1024 -160 ) (-3072 -1024 -160 ) (-3072 0 -160 ) (-2048 0 -160 ) 
4 716 758 (-3072 0 -160 ) (-3072 0 -278 ) (-3072 -1024 -278 ) (-3072 -1024 -160 ) 
4 716 724 (-2048 -1024 -278 ) (-2048 -1024 -160 ) (-3072 -1024 -160 ) (-3072 -1024 -278 ) 
4 717 759 (-3072 0 -324 ) (-3072 0 -352 ) (-3072 -1024 -352 ) (-3072 -1024 -324 ) 
4 717 725 (-2048 -1024 -352 ) (-2048 -1024 -324 ) (-3072 -1024 -324 ) (-3072 -1024 -352 ) 
4 717 718 (-3072 0 -352 ) (-2048 0 -352 ) (-2048 -1024 -352 ) (-3072 -1024 -352 ) 
4 718 760 (-3072 0 -352 ) (-3072 0 -446.299988 ) (-3072 -1024 -446.299988 ) (-3072 -1024 -352 ) 
4 718 726 (-2048 -1024 -446.299988 ) (-2048 -1024 -352 ) (-3072 -1024 -352 ) (-3072 -1024 -446.299988 ) 
4 719 734 (-1024 -2048 -160 ) (-1024 -2048 462.299988 ) (-2048 -2048 462.299988 ) (-2048 -2048 -160 ) 
4 719 723 (-2048 -1024 462.299988 ) (-2048 -1024 -160 ) (-2048 -2048 -160 ) (-2048 -2048 462.299988 ) 
4 719 720 (-1024 -2048 -160 ) (-2048 -2048 -160 ) (-2048 -1024 -160 ) (-1024 -1024 -160 ) 
4 720 735 (-1024 -2048 -278 ) (-1024 -2048 -160 ) (-2048 -2048 -160 ) (-2048 -2048 -278 ) 
4 720 724 (-2048 -1024 -160 ) (-2048 -1024 -278 ) (-2048 -2048 -278 ) (-2048 -2048 -160 ) 
4 721 736 (-1024 -2048 -352 ) (-1024 -2048 -324 ) (-2048 -2048 -324 ) (-2048 -2048 -352 ) 
4 721 725 (-2048 -1024 -324 ) (-2048 -1024 -352 ) (-2048 -2048 -352 ) (-2048 -2048 -324 ) 
4 721 722 (-2048 -1024 -352 ) (-1024 -1024 -352 ) (-1024 -2048 -352 ) (-2048 -2048 -352 ) 
4 722 737 (-1024 -2048 -446.299988 ) (-1024 -2048 -352 ) (-2048 -2048 -352 ) (-2048 -2048 -446.299988 ) 
4 722 726 (-2048 -1024 -352 ) (-2048 -1024 -446.299988 ) (-2048 -2048 -446.299988 ) (-2048 -2048 -352 ) 
4 723 761 (-3072 -2048 -160 ) (-3072 -2048 462.299988 ) (-3072 -1024 462.299988 ) (-3072 -1024 -160 ) 
4 723 738 (-2048 -2048 -160 ) (-2048 -2048 462.299988 ) (-3072 -2048 462.299988 ) (-3072 -2048 -160 ) 
4 723 724 (-2048 -2048 -160 ) (-3072 -2048 -160 ) (-3072 -1024 -160 ) (-2048 -1024 -160 ) 
4 724 762 (-3072 -2048 -278 ) (-3072 -2048 -160 ) (-3072 -1024 -160 ) (-3072 -1024 -278 ) 
4 724 739 (-2048 -2048 -278 ) (-2048 -2048 -160 ) (-3072 -2048 -160 ) (-3072 -2048 -278 ) 
4 725 763 (-3072 -2048 -352 ) (-3072 -2048 -324 ) (-3072 -1024 -324 ) (-3072 -1024 -352 ) 
4 725 740 (-2048 -2048 -352 ) (-2048 -2048 -324 ) (-3072 -2048 -324 ) (-3072 -2048 -352 ) 
4 725 726 (-2048 -1024 -352 ) (-2048 -2048 -352 ) (-3072 -2048 -352 ) (-3072 -1024 -352 ) 
4 726 764 (-3072 -2048 -446.299988 ) (-3072 -2048 -352 ) (-3072 -1024 -352 ) (-3072 -1024 -446.299988 ) 
4 726 741 (-2048 -2048 -446.299988 ) (-2048 -2048 -352 ) (-3072 -2048 -352 ) (-3072 -2048 -446.299988 ) 
4 727 730 (-320 -2495.989990 -94 ) (-320 -2495.989990 462.299988 ) (-320 -2048 462.299988 ) (-320 -2048 -94 ) 
4 727 729 (-320 -2495.989990 462.299988 ) (-320 -2495.989990 -94 ) (0 -2495.989990 -94 ) (0 -2495.989990 462.299988 ) 
4 728 731 (-320 -2048 -160 ) (0 -2048 -160 ) (0 -2495.989990 -160 ) (-320 -2495.989990 -160 ) 
4 728 729 (-320 -2495.989990 -100 ) (-320 -2495.989990 -160 ) (0 -2495.989990 -160 ) (0 -2495.989990 -100 ) 
4 728 730 (-320 -2048 -160 ) (-320 -2495.989990 -160 ) (-320 -2495.989990 -100 ) (-320 -2048 -100 ) 
4 729 742 (0 -3072 -160 ) (0 -3072 462.299988 ) (-320 -3072 462.299988 ) (-320 -3072 -160 ) 
4 729 731 (0 -2495.989990 -160 ) (0 -3072 -160 ) (-320 -3072 -160 ) (-320 -2495.989990 -160 ) 
4 729 730 (-320 -2495.989990 -160 ) (-320 -3072 -160 ) (-320 -3072 462.299988 ) (-320 -2495.989990 462.299988 ) 
4 730 742 (-320 -3072 462.299988 ) (-1024 -3072 462.299988 ) (-1024 -3072 -160 ) (-320 -3072 -160 ) 
4 730 734 (-1024 -3072 -160 ) (-1024 -3072 462.299988 ) (-1024 -2048 462.299988 ) (-1024 -2048 -160 ) 
4 730 731 (-1024 -3072 -160 ) (-1024 -2048 -160 ) (-320 -2048 -160 ) (-320 -3072 -160 ) 
4 731 743 (0 -3072 -278 ) (0 -3072 -160 ) (-1024 -3072 -160 ) (-1024 -3072 -278 ) 
4 731 735 (-1024 -3072 -278 ) (-1024 -3072 -160 ) (-1024 -2048 -160 ) (-1024 -2048 -278 ) 
4 732 744 (0 -3072 -352 ) (0 -3072 -324 ) (-1024 -3072 -324 ) (-1024 -3072 -352 ) 
4 732 736 (-1024 -3072 -352 ) (-1024 -3072 -324 ) (-1024 -2048 -324 ) (-1024 -2048 -352 ) 
4 732 733 (0 -3072 -352 ) (-1024 -3072 -352 ) (-1024 -2048 -352 ) (0 -2048 -352 ) 
4 733 745 (0 -3072 -446.299988 ) (0 -3072 -352 ) (-1024 -3072 -352 ) (-1024 -3072 -446.299988 ) 
4 733 737 (-1024 -3072 -446.299988 ) (-1024 -3072 -352 ) (-1024 -2048 -352 ) (-1024 -2048 -446.299988 ) 
4 734 747 (-1024 -3072 -160 ) (-1024 -3072 462.299988 ) (-2048 -3072 462.299988 ) (-2048 -3072 -160 ) 
4 734 738 (-2048 -2048 462.299988 ) (-2048 -2048 -160 ) (-2048 -3072 -160 ) (-2048 -3072 462.299988 ) 
4 734 735 (-2048 -3072 -160 ) (-2048 -2048 -160 ) (-1024 -2048 -160 ) (-1024 -3072 -160 ) 
4 735 748 (-1024 -3072 -278 ) (-1024 -3072 -160 ) (-2048 -3072 -160 ) (-2048 -3072 -278 ) 
4 735 739 (-2048 -2048 -160 ) (-2048 -2048 -278 ) (-2048 -3072 -278 ) (-2048 -3072 -160 ) 
4 736 749 (-1024 -3072 -352 ) (-1024 -3072 -324 ) (-2048 -3072 -324 ) (-2048 -3072 -352 ) 
4 736 740 (-2048 -2048 -324 ) (-2048 -2048 -352 ) (-2048 -3072 -352 ) (-2048 -3072 -324 ) 
4 736 737 (-1024 -3072 -352 ) (-2048 -3072 -352 ) (-2048 -2048 -352 ) (-1024 -2048 -352 ) 
4 737 750 (-1024 -3072 -446.299988 ) (-1024 -3072 -352 ) (-2048 -3072 -352 ) (-2048 -3072 -446.299988 ) 
4 737 741 (-2048 -2048 -352 ) (-2048 -2048 -446.299988 ) (-2048 -3072 -446.299988 ) (-2048 -3072 -352 ) 
4 738 775 (-3072 -3072 -160 ) (-3072 -3072 462.299988 ) (-3072 -2048 462.299988 ) (-3072 -2048 -160 ) 
4 738 752 (-3072 -3072 462.299988 ) (-3072 -3072 -160 ) (-2048 -3072 -160 ) (-2048 -3072 462.299988 ) 
4 738 739 (-2048 -3072 -160 ) (-3072 -3072 -160 ) (-3072 -2048 -160 ) (-2048 -2048 -160 ) 
4 739 776 (-3072 -3072 -278 ) (-3072 -3072 -160 ) (-3072 -2048 -160 ) (-3072 -2048 -278 ) 
4 739 753 (-3072 -3072 -160 ) (-3072 -3072 -278 ) (-2048 -3072 -278 ) (-2048 -3072 -160 ) 
4 740 777 (-3072 -3072 -352 ) (-3072 -3072 -324 ) (-3072 -2048 -324 ) (-3072 -2048 -352 ) 
4 740 754 (-3072 -3072 -324 ) (-3072 -3072 -352 ) (-2048 -3072 -352 ) (-2048 -3072 -324 ) 
4 740 741 (-3072 -3072 -352 ) (-3072 -2048 -352 ) (-2048 -2048 -352 ) (-2048 -3072 -352 ) 
4 741 778 (-3072 -3072 -446.299988 ) (-3072 -3072 -352 ) (-3072 -2048 -352 ) (-3072 -2048 -446.299988 ) 
4 741 755 (-3072 -3072 -352 ) (-3072 -3072 -446.299988 ) (-2048 -3072 -446.299988 ) (-2048 -3072 -352 ) 
4 742 747 (-1024 -3072 462.299988 ) (-1024 -3072 -160 ) (-1024 -3584.250000 -160 ) (-1024 -3584.250000 462.299988 ) 
4 742 746 (-1024 -3584.250000 -160 ) (-1024 -3584 -160 ) (0 -3584 -160 ) (0 -3584.250000 -160 ) 
4 742 743 (-1024 -3584 -160 ) (-1024 -3072 -160 ) (0 -3072 -160 ) (0 -3584 -160 ) 
4 743 748 (-1024 -3072 -160 ) (-1024 -3072 -278 ) (-1024 -3584 -278 ) (-1024 -3584 -160 ) 
4 743 746 (0 -3584 -278 ) (0 -3584 -160 ) (-1024 -3584 -160 ) (-1024 -3584 -278 ) 
4 744 749 (-1024 -3072 -324 ) (-1024 -3072 -352 ) (-1024 -3584 -352 ) (-1024 -3584 -324 ) 
4 744 746 (0 -3584 -352 ) (0 -3584 -324 ) (-1024 -3584 -324 ) (-1024 -3584 -352 ) 
4 744 745 (0 -3584 -352 ) (-1024 -3584 -352 ) (-1024 -3072 -352 ) (0 -3072 -352 ) 
4 745 750 (-1024 -3072 -352 ) (-1024 -3072 -446.299988 ) (-1024 -3584 -446.299988 ) (-1024 -3584 -352 ) 
4 745 746 (-1024 -3584 -446.299988 ) (0 -3584 -446.299988 ) (0 -3584 -352 ) (-1024 -3584 -352 ) 
4 746 751 (-1024 -3584 -446.299988 ) (-1024 -3584.250000 -446.299988 ) (-1024 -3584.250000 -160 ) (-1024 -3584 -160 ) 
4 747 752 (-2048 -3072 462.299988 ) (-2048 -3072 -160 ) (-2048 -3584.250000 -160 ) (-2048 -3584.250000 462.299988 ) 
4 747 751 (-2048 -3584.250000 -160 ) (-2048 -3584 -160 ) (-1024 -3584 -160 ) (-1024 -3584.250000 -160 ) 
4 747 748 (-2048 -3584 -160 ) (-2048 -3072 -160 ) (-1024 -3072 -160 ) (-1024 -3584 -160 ) 
4 748 753 (-2048 -3072 -160 ) (-2048 -3072 -278 ) (-2048 -3584 -278 ) (-2048 -3584 -160 ) 
4 748 751 (-1024 -3584 -278 ) (-1024 -3584 -160 ) (-2048 -3584 -160 ) (-2048 -3584 -278 ) 
4 749 754 (-2048 -3072 -324 ) (-2048 -3072 -352 ) (-2048 -3584 -352 ) (-2048 -3584 -324 ) 
4 749 751 (-1024 -3584 -352 ) (-1024 -3584 -324 ) (-2048 -3584 -324 ) (-2048 -3584 -352 ) 
4 749 750 (-1024 -3584 -352 ) (-2048 -3584 -352 ) (-2048 -3072 -352 ) (-1024 -3072 -352 ) 
4 750 755 (-2048 -3072 -352 ) (-2048 -3072 -446.299988 ) (-2048 -3584 -446.299988 ) (-2048 -3584 -352 ) 
4 750 751 (-2048 -3584 -446.299988 ) (-1024 -3584 -446.299988 ) (-1024 -3584 -352 ) (-2048 -3584 -352 ) 
4 751 756 (-2048 -3584 -446.299988 ) (-2048 -3584.250000 -446.299988 ) (-2048 -3584.250000 -160 ) (-2048 -3584 -160 ) 
4 752 784 (-3072 -3584.250000 462.299988 ) (-3072 -3072 462.299988 ) (-3072 -3072 -160 ) (-3072 -3584.250000 -160 ) 
4 752 756 (-3072 -3584.250000 -160 ) (-3072 -3584 -160 ) (-2048 -3584 -160 ) (-2048 -3584.250000 -160 ) 
4 752 753 (-3072 -3584 -160 ) (-3072 -3072 -160 ) (-2048 -3072 -160 ) (-2048 -3584 -160 ) 
4 753 785 (-3072 -3584 -160 ) (-3072 -3072 -160 ) (-3072 -3072 -278 ) (-3072 -3584 -278 ) 
4 753 756 (-2048 -3584 -278 ) (-2048 -3584 -160 ) (-3072 -3584 -160 ) (-3072 -3584 -278 ) 
4 754 786 (-3072 -3072 -324 ) (-3072 -3072 -352 ) (-3072 -3584 -352 ) (-3072 -3584 -324 ) 
4 754 756 (-2048 -3584 -352 ) (-2048 -3584 -324 ) (-3072 -3584 -324 ) (-3072 -3584 -352 ) 
4 754 755 (-2048 -3584 -352 ) (-3072 -3584 -352 ) (-3072 -3072 -352 ) (-2048 -3072 -352 ) 
4 755 787 (-3072 -3072 -352 ) (-3072 -3072 -446.299988 ) (-3072 -3584 -446.299988 ) (-3072 -3584 -352 ) 
4 755 756 (-3072 -3584 -446.299988 ) (-2048 -3584 -446.299988 ) (-2048 -3584 -352 ) (-3072 -3584 -352 ) 
4 756 788 (-3072 -3584.250000 -160 ) (-3072 -3584 -160 ) (-3072 -3584 -446.299988 ) (-3072 -3584.250000 -446.299988 ) 
4 757 765 (-4096 0 462.299988 ) (-4096 0 -160 ) (-4096 -1024 -160 ) (-4096 -1024 462.299988 ) 
4 757 761 (-3072 -1024 -160 ) (-3072 -1024 462.299988 ) (-4096 -1024 462.299988 ) (-4096 -1024 -160 ) 
4 757 758 (-3072 -1024 -160 ) (-4096 -1024 -160 ) (-4096 0 -160 ) (-3072 0 -160 ) 
4 758 766 (-4096 0 -160 ) (-4096 0 -278 ) (-4096 -1024 -278 ) (-4096 -1024 -160 ) 
4 758 762 (-3072 -1024 -278 ) (-3072 -1024 -160 ) (-4096 -1024 -160 ) (-4096 -1024 -278 ) 
4 759 767 (-4096 0 -324 ) (-4096 0 -352 ) (-4096 -1024 -352 ) (-4096 -1024 -324 ) 
4 759 763 (-3072 -1024 -352 ) (-3072 -1024 -324 ) (-4096 -1024 -324 ) (-4096 -1024 -352 ) 
4 759 760 (-4096 -1024 -352 ) (-4096 0 -352 ) (-3072 0 -352 ) (-3072 -1024 -352 ) 
4 760 768 (-4096 0 -352 ) (-4096 0 -446.299988 ) (-4096 -1024 -446.299988 ) (-4096 -1024 -352 ) 
4 760 764 (-3072 -1024 -446.299988 ) (-3072 -1024 -352 ) (-4096 -1024 -352 ) (-4096 -1024 -446.299988 ) 
4 761 775 (-3072 -2048 -160 ) (-3072 -2048 462.299988 ) (-4096 -2048 462.299988 ) (-4096 -2048 -160 ) 
4 761 770 (-4096 -2048 -160 ) (-4096 -2048 462.299988 ) (-4096 -1024 462.299988 ) (-4096 -1024 -160 ) 
4 761 762 (-3072 -2048 -160 ) (-4096 -2048 -160 ) (-4096 -1024 -160 ) (-3072 -1024 -160 ) 
4 762 776 (-3072 -2048 -278 ) (-3072 -2048 -160 ) (-4096 -2048 -160 ) (-4096 -2048 -278 ) 
4 762 771 (-4096 -2048 -278 ) (-4096 -2048 -160 ) (-4096 -1024 -160 ) (-4096 -1024 -278 ) 
4 763 777 (-3072 -2048 -352 ) (-3072 -2048 -324 ) (-4096 -2048 -324 ) (-4096 -2048 -352 ) 
4 763 772 (-4096 -2048 -352 ) (-4096 -2048 -324 ) (-4096 -1024 -324 ) (-4096 -1024 -352 ) 
4 763 764 (-4096 -2048 -352 ) (-4096 -1024 -352 ) (-3072 -1024 -352 ) (-3072 -2048 -352 ) 
4 764 778 (-3072 -2048 -446.299988 ) (-3072 -2048 -352 ) (-4096 -2048 -352 ) (-4096 -2048 -446.299988 ) 
4 764 773 (-4096 -2048 -446.299988 ) (-4096 -2048 -352 ) (-4096 -1024 -352 ) (-4096 -1024 -446.299988 ) 
4 765 770 (-4096 -1024 -160 ) (-4096 -1024 462.299988 ) (-4224.220215 -1024 462.299988 ) (-4224.220215 -1024 -160 ) 
4 765 769 (-4224.220215 0 -160 ) (-4224 0 -160 ) (-4224 -1024 -160 ) (-4224.220215 -1024 -160 ) 
4 765 766 (-4224 0 -160 ) (-4096 0 -160 ) (-4096 -1024 -160 ) (-4224 -1024 -160 ) 
4 766 771 (-4096 -1024 -278 ) (-4096 -1024 -160 ) (-4224 -1024 -160 ) (-4224 -1024 -278 ) 
4 766 769 (-4224 -1024 -278 ) (-4224 -1024 -160 ) (-4224 0 -160 ) (-4224 0 -278 ) 
4 767 772 (-4096 -1024 -352 ) (-4096 -1024 -324 ) (-4224 -1024 -324 ) (-4224 -1024 -352 ) 
4 767 769 (-4224 -1024 -352 ) (-4224 -1024 -324 ) (-4224 0 -324 ) (-4224 0 -352 ) 
4 767 768 (-4224 -1024 -352 ) (-4224 0 -352 ) (-4096 0 -352 ) (-4096 -1024 -352 ) 
4 768 773 (-4096 -1024 -446.299988 ) (-4096 -1024 -352 ) (-4224 -1024 -352 ) (-4224 -1024 -446.299988 ) 
4 768 769 (-4224 0 -446.299988 ) (-4224 -1024 -446.299988 ) (-4224 -1024 -352 ) (-4224 0 -352 ) 
4 769 774 (-4224 -1024 -160 ) (-4224.220215 -1024 -160 ) (-4224.220215 -1024 -446.299988 ) (-4224 -1024 -446.299988 ) 
4 770 779 (-4096 -2048 -160 ) (-4096 -2048 462.299988 ) (-4224.220215 -2048 462.299988 ) (-4224.220215 -2048 -160 ) 
4 770 774 (-4224 -2048 -160 ) (-4224.220215 -2048 -160 ) (-4224.220215 -1024 -160 ) (-4224 -1024 -160 ) 
4 770 771 (-4096 -2048 -160 ) (-4224 -2048 -160 ) (-4224 -1024 -160 ) (-4096 -1024 -160 ) 
4 771 780 (-4096 -2048 -278 ) (-4096 -2048 -160 ) (-4224 -2048 -160 ) (-4224 -2048 -278 ) 
4 771 774 (-4224 -2048 -278 ) (-4224 -2048 -160 ) (-4224 -1024 -160 ) (-4224 -1024 -278 ) 
4 772 781 (-4096 -2048 -352 ) (-4096 -2048 -324 ) (-4224 -2048 -324 ) (-4224 -2048 -352 ) 
4 772 774 (-4224 -2048 -352 ) (-4224 -2048 -324 ) (-4224 -1024 -324 ) (-4224 -1024 -352 ) 
4 772 773 (-4096 -2048 -352 ) (-4224 -2048 -352 ) (-4224 -1024 -352 ) (-4096 -1024 -352 ) 
4 773 782 (-4096 -2048 -446.299988 ) (-4096 -2048 -352 ) (-4224 -2048 -352 ) (-4224 -2048 -446.299988 ) 
4 773 774 (-4224 -1024 -446.299988 ) (-4224 -2048 -446.299988 ) (-4224 -2048 -352 ) (-4224 -1024 -352 ) 
4 774 783 (-4224 -2048 -160 ) (-4224.220215 -2048 -160 ) (-4224.220215 -2048 -446.299988 ) (-4224 -2048 -446.299988 ) 
4 775 784 (-3072 -3072 -160 ) (-3072 -3072 462.299988 ) (-4096 -3072 462.299988 ) (-4096 -3072 -160 ) 
4 775 779 (-4096 -3072 -160 ) (-4096 -3072 462.299988 ) (-4096 -2048 462.299988 ) (-4096 -2048 -160 ) 
4 775 776 (-4096 -3072 -160 ) (-4096 -2048 -160 ) (-3072 -2048 -160 ) (-3072 -3072 -160 ) 
4 776 785 (-3072 -3072 -278 ) (-3072 -3072 -160 ) (-4096 -3072 -160 ) (-4096 -3072 -278 ) 
4 776 780 (-4096 -3072 -278 ) (-4096 -3072 -160 ) (-4096 -2048 -160 ) (-4096 -2048 -278 ) 
4 777 786 (-3072 -3072 -352 ) (-3072 -3072 -324 ) (-4096 -3072 -324 ) (-4096 -3072 -352 ) 
4 777 781 (-4096 -3072 -352 ) (-4096 -3072 -324 ) (-4096 -2048 -324 ) (-4096 -2048 -352 ) 
4 777 778 (-3072 -3072 -352 ) (-4096 -3072 -352 ) (-4096 -2048 -352 ) (-3072 -2048 -352 ) 
4 778 787 (-3072 -3072 -446.299988 ) (-3072 -3072 -352 ) (-4096 -3072 -352 ) (-4096 -3072 -446.299988 ) 
4 778 782 (-4096 -3072 -446.299988 ) (-4096 -3072 -352 ) (-4096 -2048 -352 ) (-4096 -2048 -446.299988 ) 
4 779 789 (-4096 -3072 -160 ) (-4096 -3072 462.299988 ) (-4224.220215 -3072 462.299988 ) (-4224.220215 -3072 -160 ) 
4 779 783 (-4224.220215 -2048 -160 ) (-4224 -2048 -160 ) (-4224 -3072 -160 ) (-4224.220215 -3072 -160 ) 
4 779 780 (-4224 -2048 -160 ) (-4096 -2048 -160 ) (-4096 -3072 -160 ) (-4224 -3072 -160 ) 
4 780 790 (-4096 -3072 -278 ) (-4096 -3072 -160 ) (-4224 -3072 -160 ) (-4224 -3072 -278 ) 
4 780 783 (-4224 -3072 -278 ) (-4224 -3072 -160 ) (-4224 -2048 -160 ) (-4224 -2048 -278 ) 
4 781 791 (-4096 -3072 -352 ) (-4096 -3072 -324 ) (-4224 -3072 -324 ) (-4224 -3072 -352 ) 
4 781 783 (-4224 -3072 -352 ) (-4224 -3072 -324 ) (-4224 -2048 -324 ) (-4224 -2048 -352 ) 
4 781 782 (-4224 -3072 -352 ) (-4224 -2048 -352 ) (-4096 -2048 -352 ) (-4096 -3072 -352 ) 
4 782 792 (-4096 -3072 -446.299988 ) (-4096 -3072 -352 ) (-4224 -3072 -352 ) (-4224 -3072 -446.299988 ) 
4 782 783 (-4224 -2048 -446.299988 ) (-4224 -3072 -446.299988 ) (-4224 -3072 -352 ) (-4224 -2048 -352 ) 
4 783 793 (-4224 -3072 -160 ) (-4224.220215 -3072 -160 ) (-4224.220215 -3072 -446.299988 ) (-4224 -3072 -446.299988 ) 
4 784 789 (-4096 -3072 462.299988 ) (-4096 -3072 -160 ) (-4096 -3584.250000 -160 ) (-4096 -3584.250000 462.299988 ) 
4 784 788 (-4096 -3584.250000 -160 ) (-4096 -3584 -160 ) (-3072 -3584 -160 ) (-3072 -3584.250000 -160 ) 
4 784 785 (-4096 -3584 -160 ) (-4096 -3072 -160 ) (-3072 -3072 -160 ) (-3072 -3584 -160 ) 
4 785 790 (-4096 -3072 -160 ) (-4096 -3072 -278 ) (-4096 -3584 -278 ) (-4096 -3584 -160 ) 
4 785 788 (-3072 -3584 -278 ) (-3072 -3584 -160 ) (-4096 -3584 -160 ) (-4096 -3584 -278 ) 
4 786 791 (-4096 -3072 -324 ) (-4096 -3072 -352 ) (-4096 -3584 -352 ) (-4096 -3584 -324 ) 
4 786 788 (-3072 -3584 -352 ) (-3072 -3584 -324 ) (-4096 -3584 -324 ) (-4096 -3584 -352 ) 
4 786 787 (-3072 -3584 -352 ) (-4096 -3584 -352 ) (-4096 -3072 -352 ) (-3072 -3072 -352 ) 
4 787 792 (-4096 -3072 -352 ) (-4096 -3072 -446.299988 ) (-4096 -3584 -446.299988 ) (-4096 -3584 -352 ) 
4 787 788 (-4096 -3584 -446.299988 ) (-3072 -3584 -446.299988 ) (-3072 -3584 -352 ) (-4096 -3584 -352 ) 
4 788 794 (-4096 -3584 -446.299988 ) (-4096 -3584.250000 -446.299988 ) (-4096 -3584.250000 -160 ) (-4096 -3584 -160 ) 
4 789 794 (-4096 -3584 -160 ) (-4096 -3584.250000 -160 ) (-4224.220215 -3584.250000 -160 ) (-4224.220215 -3584 -160 ) 
4 789 790 (-4224 -3072 -160 ) (-4096 -3072 -160 ) (-4096 -3584 -160 ) (-4224 -3584 -160 ) 
4 789 793 (-4224.220215 -3072 -160 ) (-4224 -3072 -160 ) (-4224 -3584 -160 ) (-4224.220215 -3584 -160 ) 
4 790 794 (-4096 -3584 -278 ) (-4096 -3584 -160 ) (-4224 -3584 -160 ) (-4224 -3584 -278 ) 
4 790 793 (-4224 -3584 -278 ) (-4224 -3584 -160 ) (-4224 -3072 -160 ) (-4224 -3072 -278 ) 
4 791 794 (-4096 -3584 -352 ) (-4096 -3584 -324 ) (-4224 -3584 -324 ) (-4224 -3584 -352 ) 
4 791 793 (-4224 -3584 -352 ) (-4224 -3584 -324 ) (-4224 -3072 -324 ) (-4224 -3072 -352 ) 
4 791 792 (-4096 -3584 -352 ) (-4224 -3584 -352 ) (-4224 -3072 -352 ) (-4096 -3072 -352 ) 
4 792 794 (-4224 -3584 -446.299988 ) (-4096 -3584 -446.299988 ) (-4096 -3584 -352 ) (-4224 -3584 -352 ) 
4 792 793 (-4224 -3072 -446.299988 ) (-4224 -3584 -446.299988 ) (-4224 -3584 -352 ) (-4224 -3072 -352 ) 
4 793 794 (-4224.220215 -3584 -160 ) (-4224.220215 -3584 -446.299988 ) (-4224 -3584 -446.299988 ) (-4224 -3584 -160 ) 
